truth,lag,seed,algorithm,episode,pseudo_regret,expected_waste,prefix_exposure,completion_exposure,intersection_exposure,unresolved_mass_exposure
0,0,111,prefix,32,1.5,26.5,63.87090661032306,63.87090661032306,63.87090661032306,0.0
0,0,111,prefix,64,3.0,53.0,120.12895530552021,120.12895530552021,120.12895530552021,0.0
0,0,111,prefix,96,4.5,79.5,166.0764013145646,166.0764013145646,166.0764013145646,0.0
0,0,111,prefix,128,6.0,106.0,204.36699608239272,204.36699608239272,204.36699608239272,0.0
0,0,111,prefix,160,7.5,132.5,238.38433343095068,238.38433343095068,238.38433343095068,0.0
0,0,111,prefix,192,8.73046875,156.484375,267.63267929409,267.63267929409,267.63267929409,0.0
0,0,111,prefix,224,8.794921875,169.5859375,284.2005698034292,284.2005698034292,284.2005698034292,0.0
0,0,111,prefix,256,8.80078125,182.140625,302.9362316664725,302.9362316664725,302.9362316664725,0.0
0,0,111,prefix,288,8.80078125,194.640625,319.6889607717284,319.6889607717284,319.6889607717284,0.0
0,0,111,prefix,320,8.80078125,207.140625,335.1665114797833,335.1665114797833,335.1665114797833,0.0
0,0,111,prefix,352,8.80078125,219.640625,350.71132294064046,350.71132294064046,350.71132294064046,0.0
0,0,111,prefix,384,8.80078125,232.140625,366.6879300714691,366.6879300714691,366.6879300714691,0.0
0,0,111,prefix,416,8.80078125,244.640625,380.9082304019233,380.9082304019233,380.9082304019233,0.0
0,0,111,prefix,448,8.80078125,257.140625,394.9438014300334,394.9438014300334,394.9438014300334,0.0
0,0,111,prefix,480,8.80078125,269.640625,408.4830553427589,408.4830553427589,408.4830553427589,0.0
0,0,111,prefix,512,8.80078125,282.140625,421.89549183644806,421.89549183644806,421.89549183644806,0.0
0,0,111,intersection,32,1.5,26.5,63.87090661032306,63.87090661032306,63.87090661032306,0.0
0,0,111,intersection,64,3.0,53.0,120.12895530552021,120.12895530552021,120.12895530552021,0.0
0,0,111,intersection,96,4.5,79.5,166.0764013145646,166.0764013145646,166.0764013145646,0.0
0,0,111,intersection,128,6.0,106.0,204.36699608239272,204.36699608239272,204.36699608239272,0.0
0,0,111,intersection,160,7.5,132.5,238.38433343095068,238.38433343095068,238.38433343095068,0.0
0,0,111,intersection,192,8.73046875,156.484375,267.63267929409,267.63267929409,267.63267929409,0.0
0,0,111,intersection,224,8.794921875,169.5859375,284.2005698034292,284.2005698034292,284.2005698034292,0.0
0,0,111,intersection,256,8.80078125,182.140625,302.9362316664725,302.9362316664725,302.9362316664725,0.0
0,0,111,intersection,288,8.80078125,194.640625,319.6889607717284,319.6889607717284,319.6889607717284,0.0
0,0,111,intersection,320,8.80078125,207.140625,335.1665114797833,335.1665114797833,335.1665114797833,0.0
0,0,111,intersection,352,8.80078125,219.640625,350.71132294064046,350.71132294064046,350.71132294064046,0.0
0,0,111,intersection,384,8.80078125,232.140625,366.6879300714691,366.6879300714691,366.6879300714691,0.0
0,0,111,intersection,416,8.80078125,244.640625,380.9082304019233,380.9082304019233,380.9082304019233,0.0
0,0,111,intersection,448,8.80078125,257.140625,394.9438014300334,394.9438014300334,394.9438014300334,0.0
0,0,111,intersection,480,8.80078125,269.640625,408.4830553427589,408.4830553427589,408.4830553427589,0.0
0,0,111,intersection,512,8.80078125,282.140625,421.89549183644806,421.89549183644806,421.89549183644806,0.0
0,0,111,completed,32,1.5,26.5,63.87090661032306,63.87090661032306,63.87090661032306,0.0
0,0,111,completed,64,3.0,53.0,120.12895530552021,120.12895530552021,120.12895530552021,0.0
0,0,111,completed,96,4.5,79.5,166.0764013145646,166.0764013145646,166.0764013145646,0.0
0,0,111,completed,128,6.0,106.0,204.36699608239272,204.36699608239272,204.36699608239272,0.0
0,0,111,completed,160,7.5,132.5,238.38433343095068,238.38433343095068,238.38433343095068,0.0
0,0,111,completed,192,8.73046875,156.484375,267.63267929409,267.63267929409,267.63267929409,0.0
0,0,111,completed,224,8.794921875,169.5859375,284.2005698034292,284.2005698034292,284.2005698034292,0.0
0,0,111,completed,256,8.80078125,182.140625,302.9362316664725,302.9362316664725,302.9362316664725,0.0
0,0,111,completed,288,8.80078125,194.640625,319.6889607717284,319.6889607717284,319.6889607717284,0.0
0,0,111,completed,320,8.80078125,207.140625,335.1665114797833,335.1665114797833,335.1665114797833,0.0
0,0,111,completed,352,8.80078125,219.640625,350.71132294064046,350.71132294064046,350.71132294064046,0.0
0,0,111,completed,384,8.80078125,232.140625,366.6879300714691,366.6879300714691,366.6879300714691,0.0
0,0,111,completed,416,8.80078125,244.640625,380.9082304019233,380.9082304019233,380.9082304019233,0.0
0,0,111,completed,448,8.80078125,257.140625,394.9438014300334,394.9438014300334,394.9438014300334,0.0
0,0,111,completed,480,8.80078125,269.640625,408.4830553427589,408.4830553427589,408.4830553427589,0.0
0,0,111,completed,512,8.80078125,282.140625,421.89549183644806,421.89549183644806,421.89549183644806,0.0
0,0,111,plugin,32,0.240234375,14.7421875,49.87090661032306,49.87090661032306,49.87090661032306,0.0
0,0,111,plugin,64,0.240234375,27.2421875,89.55341739601928,89.55341739601928,89.55341739601928,0.0
0,0,111,plugin,96,0.322265625,40.5078125,120.5669885555351,120.5669885555351,120.5669885555351,0.0
0,0,111,plugin,128,0.322265625,53.0078125,150.164080882309,150.164080882309,150.164080882309,0.0
0,0,111,plugin,160,0.322265625,65.5078125,172.98903551132054,172.98903551132054,172.98903551132054,0.0
0,0,111,plugin,192,0.322265625,78.0078125,196.9420009628308,196.9420009628308,196.9420009628308,0.0
0,0,111,plugin,224,0.322265625,90.5078125,213.81101173161514,213.81101173161514,213.81101173161514,0.0
0,0,111,plugin,256,0.322265625,103.0078125,232.97686877889538,232.97686877889538,232.97686877889538,0.0
0,0,111,plugin,288,0.322265625,115.5078125,250.04484773988142,250.04484773988142,250.04484773988142,0.0
0,0,111,plugin,320,0.322265625,128.0078125,265.77561488084194,265.77561488084194,265.77561488084194,0.0
0,0,111,plugin,352,0.322265625,140.5078125,281.57191654054577,281.57191654054577,281.57191654054577,0.0
0,0,111,plugin,384,0.322265625,153.0078125,297.80593435426925,297.80593435426925,297.80593435426925,0.0
0,0,111,plugin,416,0.322265625,165.5078125,312.21543341997943,312.21543341997943,312.21543341997943,0.0
0,0,111,plugin,448,0.322265625,178.0078125,326.42977035066514,326.42977035066514,326.42977035066514,0.0
0,0,111,plugin,480,0.322265625,190.5078125,340.1288329063193,340.1288329063193,340.1288329063193,0.0
0,0,111,plugin,512,0.322265625,203.0078125,353.6932831673948,353.6932831673948,353.6932831673948,0.0
0,0,111,safe,32,2.125,0.0,31.870906610323058,31.870906610323058,31.870906610323058,0.0
0,0,111,safe,64,4.25,0.0,56.62602532359681,56.62602532359681,56.62602532359681,0.0
0,0,111,safe,96,6.375,0.0,75.57678534082027,75.57678534082027,75.57678534082027,0.0
0,0,111,safe,128,8.5,0.0,91.53805555871214,91.53805555871214,91.53805555871214,0.0
0,0,111,safe,160,10.625,0.0,105.59305572623141,105.59305572623141,105.59305572623141,0.0
0,0,111,safe,192,12.75,0.0,118.29566793107824,118.29566793107824,118.29566793107824,0.0
0,0,111,safe,224,14.875,0.0,129.9743422892114,129.9743422892114,129.9743422892114,0.0
0,0,111,safe,256,17.0,0.0,140.8428298908975,140.8428298908975,140.8428298908975,0.0
0,0,111,safe,288,19.125,0.0,151.0494770532225,151.0494770532225,151.0494770532225,0.0
0,0,111,safe,320,21.25,0.0,160.70222482784158,160.70222482784158,160.70222482784158,0.0
0,0,111,safe,352,23.375,0.0,169.88251926161962,169.88251926161962,169.88251926161962,0.0
0,0,111,safe,384,25.5,0.0,178.6536103916683,178.6536103916683,178.6536103916683,0.0
0,0,111,safe,416,27.625,0.0,187.06578102420465,187.06578102420465,187.06578102420465,0.0
0,0,111,safe,448,29.75,0.0,195.15978898401238,195.15978898401238,195.15978898401238,0.0
0,0,111,safe,480,31.875,0.0,202.96921666642967,202.96921666642967,202.96921666642967,0.0
0,0,111,safe,512,34.0,0.0,210.52212411275138,210.52212411275138,210.52212411275138,0.0
0,0,111,known,32,0.0,12.5,46.87090661032306,46.87090661032306,46.87090661032306,0.0
0,0,111,known,64,0.0,25.0,86.59430651991018,86.59430651991018,86.59430651991018,0.0
0,0,111,known,96,0.0,37.5,117.77502881453405,117.77502881453405,117.77502881453405,0.0
0,0,111,known,128,0.0,50.0,147.50223149911542,147.50223149911542,147.50223149911542,0.0
0,0,111,known,160,0.0,62.5,170.39037021901657,170.39037021901657,170.39037021901657,0.0
0,0,111,known,192,0.0,75.0,194.4086125511333,194.4086125511333,194.4086125511333,0.0
0,0,111,known,224,0.0,87.5,211.30315927879744,211.30315927879744,211.30315927879744,0.0
0,0,111,known,256,0.0,100.0,230.50511150994504,230.50511150994504,230.50511150994504,0.0
0,0,111,known,288,0.0,112.5,247.59927148071276,247.59927148071276,247.59927148071276,0.0
0,0,111,known,320,0.0,125.0,263.35091344645923,263.35091344645923,263.35091344645923,0.0
0,0,111,known,352,0.0,137.5,279.1678191082433,279.1678191082433,279.1678191082433,0.0
0,0,111,known,384,0.0,150.0,295.4228005088431,295.4228005088431,295.4228005088431,0.0
0,0,111,known,416,0.0,162.5,309.8476311887805,309.8476311887805,309.8476311887805,0.0
0,0,111,known,448,0.0,175.0,324.0763973971815,324.0763973971815,324.0763973971815,0.0
0,0,111,known,480,0.0,187.5,337.78831420793415,337.78831420793415,337.78831420793415,0.0
0,0,111,known,512,0.0,200.0,351.36495400364925,351.36495400364925,351.36495400364925,0.0
0,0,111,product,32,2.125,0.0,31.870906610323058,31.870906610323058,31.870906610323058,0.0
0,0,111,product,64,4.25,0.0,56.62602532359681,56.62602532359681,56.62602532359681,0.0
0,0,111,product,96,6.375,0.0,75.57678534082027,75.57678534082027,75.57678534082027,0.0
0,0,111,product,128,8.5,0.0,91.53805555871214,91.53805555871214,91.53805555871214,0.0
0,0,111,product,160,10.625,0.0,105.59305572623141,105.59305572623141,105.59305572623141,0.0
0,0,111,product,192,12.75,0.0,118.29566793107824,118.29566793107824,118.29566793107824,0.0
0,0,111,product,224,14.875,0.0,129.9743422892114,129.9743422892114,129.9743422892114,0.0
0,0,111,product,256,17.0,0.0,140.8428298908975,140.8428298908975,140.8428298908975,0.0
0,0,111,product,288,19.125,0.0,151.0494770532225,151.0494770532225,151.0494770532225,0.0
0,0,111,product,320,21.25,0.0,160.70222482784158,160.70222482784158,160.70222482784158,0.0
0,0,111,product,352,23.375,0.0,169.88251926161962,169.88251926161962,169.88251926161962,0.0
0,0,111,product,384,25.5,0.0,178.6536103916683,178.6536103916683,178.6536103916683,0.0
0,0,111,product,416,27.625,0.0,187.06578102420465,187.06578102420465,187.06578102420465,0.0
0,0,111,product,448,29.75,0.0,195.15978898401238,195.15978898401238,195.15978898401238,0.0
0,0,111,product,480,31.875,0.0,202.96921666642967,202.96921666642967,202.96921666642967,0.0
0,0,111,product,512,34.0,0.0,210.52212411275138,210.52212411275138,210.52212411275138,0.0
0,0,222,prefix,32,1.5,26.5,63.87090661032306,63.87090661032306,63.87090661032306,0.0
0,0,222,prefix,64,3.0,53.0,119.3921341002555,119.3921341002555,119.3921341002555,0.0
0,0,222,prefix,96,4.5,79.5,164.0737172747401,164.0737172747401,164.0737172747401,0.0
0,0,222,prefix,128,6.0,106.0,202.6459093309492,202.6459093309492,202.6459093309492,0.0
0,0,222,prefix,160,6.884765625,126.7578125,231.63618127777437,231.63618127777437,231.63618127777437,0.0
0,0,222,prefix,192,6.943359375,139.8046875,253.10322944393266,253.10322944393266,253.10322944393266,0.0
0,0,222,prefix,224,7.025390625,153.0703125,274.28255011757506,274.28255011757506,274.28255011757506,0.0
0,0,222,prefix,256,7.025390625,165.5703125,294.3825601546209,294.3825601546209,294.3825601546209,0.0
0,0,222,prefix,288,7.025390625,178.0703125,309.17260999942323,309.17260999942323,309.17260999942323,0.0
0,0,222,prefix,320,7.025390625,190.5703125,325.2267033557431,325.2267033557431,325.2267033557431,0.0
0,0,222,prefix,352,7.025390625,203.0703125,338.6445274034208,338.6445274034208,338.6445274034208,0.0
0,0,222,prefix,384,7.025390625,215.5703125,354.45778114347087,354.45778114347087,354.45778114347087,0.0
0,0,222,prefix,416,7.025390625,228.0703125,367.85746216437406,367.85746216437406,367.85746216437406,0.0
0,0,222,prefix,448,7.025390625,240.5703125,381.12555100406314,381.12555100406314,381.12555100406314,0.0
0,0,222,prefix,480,7.025390625,253.0703125,393.6197951878933,393.6197951878933,393.6197951878933,0.0
0,0,222,prefix,512,7.025390625,265.5703125,405.40835060038853,405.40835060038853,405.40835060038853,0.0
0,0,222,intersection,32,1.5,26.5,63.87090661032306,63.87090661032306,63.87090661032306,0.0
0,0,222,intersection,64,3.0,53.0,119.3921341002555,119.3921341002555,119.3921341002555,0.0
0,0,222,intersection,96,4.5,79.5,164.0737172747401,164.0737172747401,164.0737172747401,0.0
0,0,222,intersection,128,6.0,106.0,202.6459093309492,202.6459093309492,202.6459093309492,0.0
0,0,222,intersection,160,6.884765625,126.7578125,231.63618127777437,231.63618127777437,231.63618127777437,0.0
0,0,222,intersection,192,6.943359375,139.8046875,253.10322944393266,253.10322944393266,253.10322944393266,0.0
0,0,222,intersection,224,7.025390625,153.0703125,274.28255011757506,274.28255011757506,274.28255011757506,0.0
0,0,222,intersection,256,7.025390625,165.5703125,294.3825601546209,294.3825601546209,294.3825601546209,0.0
0,0,222,intersection,288,7.025390625,178.0703125,309.17260999942323,309.17260999942323,309.17260999942323,0.0
0,0,222,intersection,320,7.025390625,190.5703125,325.2267033557431,325.2267033557431,325.2267033557431,0.0
0,0,222,intersection,352,7.025390625,203.0703125,338.6445274034208,338.6445274034208,338.6445274034208,0.0
0,0,222,intersection,384,7.025390625,215.5703125,354.45778114347087,354.45778114347087,354.45778114347087,0.0
0,0,222,intersection,416,7.025390625,228.0703125,367.85746216437406,367.85746216437406,367.85746216437406,0.0
0,0,222,intersection,448,7.025390625,240.5703125,381.12555100406314,381.12555100406314,381.12555100406314,0.0
0,0,222,intersection,480,7.025390625,253.0703125,393.6197951878933,393.6197951878933,393.6197951878933,0.0
0,0,222,intersection,512,7.025390625,265.5703125,405.40835060038853,405.40835060038853,405.40835060038853,0.0
0,0,222,completed,32,1.5,26.5,63.87090661032306,63.87090661032306,63.87090661032306,0.0
0,0,222,completed,64,3.0,53.0,119.3921341002555,119.3921341002555,119.3921341002555,0.0
0,0,222,completed,96,4.5,79.5,164.0737172747401,164.0737172747401,164.0737172747401,0.0
0,0,222,completed,128,6.0,106.0,202.6459093309492,202.6459093309492,202.6459093309492,0.0
0,0,222,completed,160,6.884765625,126.7578125,231.63618127777437,231.63618127777437,231.63618127777437,0.0
0,0,222,completed,192,6.943359375,139.8046875,253.10322944393266,253.10322944393266,253.10322944393266,0.0
0,0,222,completed,224,7.025390625,153.0703125,274.28255011757506,274.28255011757506,274.28255011757506,0.0
0,0,222,completed,256,7.025390625,165.5703125,294.3825601546209,294.3825601546209,294.3825601546209,0.0
0,0,222,completed,288,7.025390625,178.0703125,309.17260999942323,309.17260999942323,309.17260999942323,0.0
0,0,222,completed,320,7.025390625,190.5703125,325.2267033557431,325.2267033557431,325.2267033557431,0.0
0,0,222,completed,352,7.025390625,203.0703125,338.6445274034208,338.6445274034208,338.6445274034208,0.0
0,0,222,completed,384,7.025390625,215.5703125,354.45778114347087,354.45778114347087,354.45778114347087,0.0
0,0,222,completed,416,7.025390625,228.0703125,367.85746216437406,367.85746216437406,367.85746216437406,0.0
0,0,222,completed,448,7.025390625,240.5703125,381.12555100406314,381.12555100406314,381.12555100406314,0.0
0,0,222,completed,480,7.025390625,253.0703125,393.6197951878933,393.6197951878933,393.6197951878933,0.0
0,0,222,completed,512,7.025390625,265.5703125,405.40835060038853,405.40835060038853,405.40835060038853,0.0
0,0,222,plugin,32,0.6484375,13.65625,48.87090661032306,48.87090661032306,48.87090661032306,0.0
0,0,222,plugin,64,0.6484375,26.15625,94.12895530552017,94.12895530552017,94.12895530552017,0.0
0,0,222,plugin,96,0.6484375,38.65625,130.14928532038138,130.14928532038138,130.14928532038138,0.0
0,0,222,plugin,128,0.6484375,51.15625,157.7327790430823,157.7327790430823,157.7327790430823,0.0
0,0,222,plugin,160,0.6484375,63.65625,178.21211547853693,178.21211547853693,178.21211547853693,0.0
0,0,222,plugin,192,0.6484375,76.15625,199.56883131915095,199.56883131915095,199.56883131915095,0.0
0,0,222,plugin,224,0.6484375,88.65625,220.68734439626203,220.68734439626203,220.68734439626203,0.0
0,0,222,plugin,256,0.6484375,101.15625,241.16543184040893,241.16543184040893,241.16543184040893,0.0
0,0,222,plugin,288,0.6484375,113.65625,256.1228671062229,256.1228671062229,256.1228671062229,0.0
0,0,222,plugin,320,0.6484375,126.15625,272.3916221067676,272.3916221067676,272.3916221067676,0.0
0,0,222,plugin,352,0.6484375,138.65625,285.94065757879804,285.94065757879804,285.94065757879804,0.0
0,0,222,plugin,384,0.6484375,151.15625,301.9551360686161,301.9551360686161,301.9551360686161,0.0
0,0,222,plugin,416,0.6484375,163.65625,315.48600508436857,315.48600508436857,315.48600508436857,0.0
0,0,222,plugin,448,0.6484375,176.15625,328.8813674183862,328.8813674183862,328.8813674183862,0.0
0,0,222,plugin,480,0.6484375,188.65625,341.4838207965211,341.4838207965211,341.4838207965211,0.0
0,0,222,plugin,512,0.6484375,201.15625,353.3649540036482,353.3649540036482,353.3649540036482,0.0
0,0,222,safe,32,2.125,0.0,31.870906610323058,31.870906610323058,31.870906610323058,0.0
0,0,222,safe,64,4.25,0.0,56.62602532359681,56.62602532359681,56.62602532359681,0.0
0,0,222,safe,96,6.375,0.0,75.57678534082027,75.57678534082027,75.57678534082027,0.0
0,0,222,safe,128,8.5,0.0,91.53805555871214,91.53805555871214,91.53805555871214,0.0
0,0,222,safe,160,10.625,0.0,105.59305572623141,105.59305572623141,105.59305572623141,0.0
0,0,222,safe,192,12.75,0.0,118.29566793107824,118.29566793107824,118.29566793107824,0.0
0,0,222,safe,224,14.875,0.0,129.9743422892114,129.9743422892114,129.9743422892114,0.0
0,0,222,safe,256,17.0,0.0,140.8428298908975,140.8428298908975,140.8428298908975,0.0
0,0,222,safe,288,19.125,0.0,151.0494770532225,151.0494770532225,151.0494770532225,0.0
0,0,222,safe,320,21.25,0.0,160.70222482784158,160.70222482784158,160.70222482784158,0.0
0,0,222,safe,352,23.375,0.0,169.88251926161962,169.88251926161962,169.88251926161962,0.0
0,0,222,safe,384,25.5,0.0,178.6536103916683,178.6536103916683,178.6536103916683,0.0
0,0,222,safe,416,27.625,0.0,187.06578102420465,187.06578102420465,187.06578102420465,0.0
0,0,222,safe,448,29.75,0.0,195.15978898401238,195.15978898401238,195.15978898401238,0.0
0,0,222,safe,480,31.875,0.0,202.96921666642967,202.96921666642967,202.96921666642967,0.0
0,0,222,safe,512,34.0,0.0,210.52212411275138,210.52212411275138,210.52212411275138,0.0
0,0,222,known,32,0.0,12.5,47.87090661032306,47.87090661032306,47.87090661032306,0.0
0,0,222,known,64,0.0,25.0,93.00449974217602,93.00449974217602,93.00449974217602,0.0
0,0,222,known,96,0.0,37.5,128.8390730211061,128.8390730211061,128.8390730211061,0.0
0,0,222,known,128,0.0,50.0,156.3353700514974,156.3353700514974,156.3353700514974,0.0
0,0,222,known,160,0.0,62.5,176.7753247777447,176.7753247777447,176.7753247777447,0.0
0,0,222,known,192,0.0,75.0,198.08645105981347,198.08645105981347,198.08645105981347,0.0
0,0,222,known,224,0.0,87.5,219.16295280885814,219.16295280885814,219.16295280885814,0.0
0,0,222,known,256,0.0,100.0,239.60473206414468,239.60473206414468,239.60473206414468,0.0
0,0,222,known,288,0.0,112.5,254.54618739407204,254.54618739407204,254.54618739407204,0.0
0,0,222,known,320,0.0,125.0,270.79452926422476,270.79452926422476,270.79452926422476,0.0
0,0,222,known,352,0.0,137.5,284.33112981152544,284.33112981152544,284.33112981152544,0.0
0,0,222,known,384,0.0,150.0,300.32659811365005,300.32659811365005,300.32659811365005,0.0
0,0,222,known,416,0.0,162.5,313.8451109975984,313.8451109975984,313.8451109975984,0.0
0,0,222,known,448,0.0,175.0,327.22851304794676,327.22851304794676,327.22851304794676,0.0
0,0,222,known,480,0.0,187.5,339.8208180073152,339.8208180073152,339.8208180073152,0.0
0,0,222,known,512,0.0,200.0,351.69328316739455,351.69328316739455,351.69328316739455,0.0
0,0,222,product,32,2.125,0.0,31.870906610323058,31.870906610323058,31.870906610323058,0.0
0,0,222,product,64,4.25,0.0,56.62602532359681,56.62602532359681,56.62602532359681,0.0
0,0,222,product,96,6.375,0.0,75.57678534082027,75.57678534082027,75.57678534082027,0.0
0,0,222,product,128,8.5,0.0,91.53805555871214,91.53805555871214,91.53805555871214,0.0
0,0,222,product,160,10.625,0.0,105.59305572623141,105.59305572623141,105.59305572623141,0.0
0,0,222,product,192,12.75,0.0,118.29566793107824,118.29566793107824,118.29566793107824,0.0
0,0,222,product,224,14.875,0.0,129.9743422892114,129.9743422892114,129.9743422892114,0.0
0,0,222,product,256,17.0,0.0,140.8428298908975,140.8428298908975,140.8428298908975,0.0
0,0,222,product,288,19.125,0.0,151.0494770532225,151.0494770532225,151.0494770532225,0.0
0,0,222,product,320,21.25,0.0,160.70222482784158,160.70222482784158,160.70222482784158,0.0
0,0,222,product,352,23.375,0.0,169.88251926161962,169.88251926161962,169.88251926161962,0.0
0,0,222,product,384,25.5,0.0,178.6536103916683,178.6536103916683,178.6536103916683,0.0
0,0,222,product,416,27.625,0.0,187.06578102420465,187.06578102420465,187.06578102420465,0.0
0,0,222,product,448,29.75,0.0,195.15978898401238,195.15978898401238,195.15978898401238,0.0
0,0,222,product,480,31.875,0.0,202.96921666642967,202.96921666642967,202.96921666642967,0.0
0,0,222,product,512,34.0,0.0,210.52212411275138,210.52212411275138,210.52212411275138,0.0
0,0,333,prefix,32,1.5,26.5,63.87090661032306,63.87090661032306,63.87090661032306,0.0
0,0,333,prefix,64,3.0,53.0,119.86813145453837,119.86813145453837,119.86813145453837,0.0
0,0,333,prefix,96,4.5,79.5,165.91477769946093,165.91477769946093,165.91477769946093,0.0
0,0,333,prefix,128,6.0,106.0,204.74335770652414,204.74335770652414,204.74335770652414,0.0
0,0,333,prefix,160,7.5,132.5,238.74189863706061,238.74189863706061,238.74189863706061,0.0
0,0,333,prefix,192,9.0,159.0,269.40418338725567,269.40418338725567,269.40418338725567,0.0
0,0,333,prefix,224,10.458984375,185.1171875,297.60820303162063,297.60820303162063,297.60820303162063,0.0
0,0,333,prefix,256,10.646484375,199.3671875,318.7214413079741,318.7214413079741,318.7214413079741,0.0
0,0,333,prefix,288,10.833984375,213.6171875,337.9713497690401,337.9713497690401,337.9713497690401,0.0
0,0,333,prefix,320,10.96875,227.375,355.3049771767373,355.3049771767373,355.3049771767373,0.0
0,0,333,prefix,352,10.974609375,239.9296875,369.88612604442693,369.88612604442693,369.88612604442693,0.0
0,0,333,prefix,384,10.974609375,252.4296875,383.86499626163953,383.86499626163953,383.86499626163953,0.0
0,0,333,prefix,416,10.974609375,264.9296875,397.3112064269594,397.3112064269594,397.3112064269594,0.0
0,0,333,prefix,448,10.974609375,277.4296875,411.6482222134877,411.6482222134877,411.6482222134877,0.0
0,0,333,prefix,480,10.974609375,289.9296875,424.1520019240532,424.1520019240532,424.1520019240532,0.0
0,0,333,prefix,512,10.974609375,302.4296875,437.55321735151506,437.55321735151506,437.55321735151506,0.0
0,0,333,intersection,32,1.5,26.5,63.87090661032306,63.87090661032306,63.87090661032306,0.0
0,0,333,intersection,64,3.0,53.0,119.86813145453837,119.86813145453837,119.86813145453837,0.0
0,0,333,intersection,96,4.5,79.5,165.91477769946093,165.91477769946093,165.91477769946093,0.0
0,0,333,intersection,128,6.0,106.0,204.74335770652414,204.74335770652414,204.74335770652414,0.0
0,0,333,intersection,160,7.5,132.5,238.74189863706061,238.74189863706061,238.74189863706061,0.0
0,0,333,intersection,192,9.0,159.0,269.40418338725567,269.40418338725567,269.40418338725567,0.0
0,0,333,intersection,224,10.458984375,185.1171875,297.60820303162063,297.60820303162063,297.60820303162063,0.0
0,0,333,intersection,256,10.646484375,199.3671875,318.7214413079741,318.7214413079741,318.7214413079741,0.0
0,0,333,intersection,288,10.833984375,213.6171875,337.9713497690401,337.9713497690401,337.9713497690401,0.0
0,0,333,intersection,320,10.96875,227.375,355.3049771767373,355.3049771767373,355.3049771767373,0.0
0,0,333,intersection,352,10.974609375,239.9296875,369.88612604442693,369.88612604442693,369.88612604442693,0.0
0,0,333,intersection,384,10.974609375,252.4296875,383.86499626163953,383.86499626163953,383.86499626163953,0.0
0,0,333,intersection,416,10.974609375,264.9296875,397.3112064269594,397.3112064269594,397.3112064269594,0.0
0,0,333,intersection,448,10.974609375,277.4296875,411.6482222134877,411.6482222134877,411.6482222134877,0.0
0,0,333,intersection,480,10.974609375,289.9296875,424.1520019240532,424.1520019240532,424.1520019240532,0.0
0,0,333,intersection,512,10.974609375,302.4296875,437.55321735151506,437.55321735151506,437.55321735151506,0.0
0,0,333,completed,32,1.5,26.5,63.87090661032306,63.87090661032306,63.87090661032306,0.0
0,0,333,completed,64,3.0,53.0,119.86813145453837,119.86813145453837,119.86813145453837,0.0
0,0,333,completed,96,4.5,79.5,165.91477769946093,165.91477769946093,165.91477769946093,0.0
0,0,333,completed,128,6.0,106.0,204.74335770652414,204.74335770652414,204.74335770652414,0.0
0,0,333,completed,160,7.5,132.5,238.74189863706061,238.74189863706061,238.74189863706061,0.0
0,0,333,completed,192,9.0,159.0,269.40418338725567,269.40418338725567,269.40418338725567,0.0
0,0,333,completed,224,10.458984375,185.1171875,297.60820303162063,297.60820303162063,297.60820303162063,0.0
0,0,333,completed,256,10.646484375,199.3671875,318.7214413079741,318.7214413079741,318.7214413079741,0.0
0,0,333,completed,288,10.833984375,213.6171875,337.9713497690401,337.9713497690401,337.9713497690401,0.0
0,0,333,completed,320,10.96875,227.375,355.3049771767373,355.3049771767373,355.3049771767373,0.0
0,0,333,completed,352,10.974609375,239.9296875,369.88612604442693,369.88612604442693,369.88612604442693,0.0
0,0,333,completed,384,10.974609375,252.4296875,383.86499626163953,383.86499626163953,383.86499626163953,0.0
0,0,333,completed,416,10.974609375,264.9296875,397.3112064269594,397.3112064269594,397.3112064269594,0.0
0,0,333,completed,448,10.974609375,277.4296875,411.6482222134877,411.6482222134877,411.6482222134877,0.0
0,0,333,completed,480,10.974609375,289.9296875,424.1520019240532,424.1520019240532,424.1520019240532,0.0
0,0,333,completed,512,10.974609375,302.4296875,437.55321735151506,437.55321735151506,437.55321735151506,0.0
0,0,333,plugin,32,1.697265625,5.1015625,37.87090661032306,37.87090661032306,37.87090661032306,0.0
0,0,333,plugin,64,2.189453125,16.1328125,77.6260253235968,77.6260253235968,77.6260253235968,0.0
0,0,333,plugin,96,2.1953125,28.6875,110.37634706372755,110.37634706372755,110.37634706372755,0.0
0,0,333,plugin,128,2.1953125,41.1875,136.52825877342698,136.52825877342698,136.52825877342698,0.0
0,0,333,plugin,160,2.1953125,53.6875,158.76774626348262,158.76774626348262,158.76774626348262,0.0
0,0,333,plugin,192,2.1953125,66.1875,184.49039141544827,184.49039141544827,184.49039141544827,0.0
0,0,333,plugin,224,2.1953125,78.6875,204.273456592037,204.273456592037,204.273456592037,0.0
0,0,333,plugin,256,2.1953125,91.1875,224.67949933330115,224.67949933330115,224.67949933330115,0.0
0,0,333,plugin,288,2.1953125,103.6875,244.1213805788447,244.1213805788447,244.1213805788447,0.0
0,0,333,plugin,320,2.1953125,116.1875,261.02482677735304,261.02482677735304,261.02482677735304,0.0
0,0,333,plugin,352,2.1953125,128.6875,276.22178007401834,276.22178007401834,276.22178007401834,0.0
0,0,333,plugin,384,2.1953125,141.1875,290.74591482805175,290.74591482805175,290.74591482805175,0.0
0,0,333,plugin,416,2.1953125,153.6875,304.6793981994055,304.6793981994055,304.6793981994055,0.0
0,0,333,plugin,448,2.1953125,166.1875,319.57293211348485,319.57293211348485,319.57293211348485,0.0
0,0,333,plugin,480,2.1953125,178.6875,332.46425596916606,332.46425596916606,332.46425596916606,0.0
0,0,333,plugin,512,2.1953125,191.1875,346.31534145888406,346.31534145888406,346.31534145888406,0.0
0,0,333,safe,32,2.125,0.0,31.870906610323058,31.870906610323058,31.870906610323058,0.0
0,0,333,safe,64,4.25,0.0,56.62602532359681,56.62602532359681,56.62602532359681,0.0
0,0,333,safe,96,6.375,0.0,75.57678534082027,75.57678534082027,75.57678534082027,0.0
0,0,333,safe,128,8.5,0.0,91.53805555871214,91.53805555871214,91.53805555871214,0.0
0,0,333,safe,160,10.625,0.0,105.59305572623141,105.59305572623141,105.59305572623141,0.0
0,0,333,safe,192,12.75,0.0,118.29566793107824,118.29566793107824,118.29566793107824,0.0
0,0,333,safe,224,14.875,0.0,129.9743422892114,129.9743422892114,129.9743422892114,0.0
0,0,333,safe,256,17.0,0.0,140.8428298908975,140.8428298908975,140.8428298908975,0.0
0,0,333,safe,288,19.125,0.0,151.0494770532225,151.0494770532225,151.0494770532225,0.0
0,0,333,safe,320,21.25,0.0,160.70222482784158,160.70222482784158,160.70222482784158,0.0
0,0,333,safe,352,23.375,0.0,169.88251926161962,169.88251926161962,169.88251926161962,0.0
0,0,333,safe,384,25.5,0.0,178.6536103916683,178.6536103916683,178.6536103916683,0.0
0,0,333,safe,416,27.625,0.0,187.06578102420465,187.06578102420465,187.06578102420465,0.0
0,0,333,safe,448,29.75,0.0,195.15978898401238,195.15978898401238,195.15978898401238,0.0
0,0,333,safe,480,31.875,0.0,202.96921666642967,202.96921666642967,202.96921666642967,0.0
0,0,333,safe,512,34.0,0.0,210.52212411275138,210.52212411275138,210.52212411275138,0.0
0,0,333,known,32,0.0,12.5,45.87090661032306,45.87090661032306,45.87090661032306,0.0
0,0,333,known,64,0.0,25.0,86.59430651991018,86.59430651991018,86.59430651991018,0.0
0,0,333,known,96,0.0,37.5,117.77502881453402,117.77502881453402,117.77502881453402,0.0
0,0,333,known,128,0.0,50.0,142.71274609596333,142.71274609596333,142.71274609596333,0.0
0,0,333,known,160,0.0,62.5,164.17395932900973,164.17395932900973,164.17395932900973,0.0
0,0,333,known,192,0.0,75.0,188.91472768338375,188.91472768338375,188.91472768338375,0.0
0,0,333,known,224,0.0,87.5,208.2046352079586,208.2046352079586,208.2046352079586,0.0
0,0,333,known,256,0.0,100.0,228.11714070567413,228.11714070567413,228.11714070567413,0.0
0,0,333,known,288,0.0,112.5,247.15208372890916,247.15208372890916,247.15208372890916,0.0
0,0,333,known,320,0.0,125.0,263.775614880842,263.775614880842,263.775614880842,0.0
0,0,333,known,352,0.0,137.5,278.7625207893932,278.7625207893932,278.7625207893932,0.0
0,0,333,known,384,0.0,150.0,293.10222094157416,293.10222094157416,293.10222094157416,0.0
0,0,333,known,416,0.0,162.5,306.87206602231754,306.87206602231754,306.87206602231754,0.0
0,0,333,known,448,0.0,175.0,321.58001304417655,321.58001304417655,321.58001304417655,0.0
0,0,333,known,480,0.0,187.5,334.3428890198843,334.3428890198843,334.3428890198843,0.0
0,0,333,known,512,0.0,200.0,348.0456502806902,348.0456502806902,348.0456502806902,0.0
0,0,333,product,32,2.125,0.0,31.870906610323058,31.870906610323058,31.870906610323058,0.0
0,0,333,product,64,4.25,0.0,56.62602532359681,56.62602532359681,56.62602532359681,0.0
0,0,333,product,96,6.375,0.0,75.57678534082027,75.57678534082027,75.57678534082027,0.0
0,0,333,product,128,8.5,0.0,91.53805555871214,91.53805555871214,91.53805555871214,0.0
0,0,333,product,160,10.625,0.0,105.59305572623141,105.59305572623141,105.59305572623141,0.0
0,0,333,product,192,12.75,0.0,118.29566793107824,118.29566793107824,118.29566793107824,0.0
0,0,333,product,224,14.875,0.0,129.9743422892114,129.9743422892114,129.9743422892114,0.0
0,0,333,product,256,17.0,0.0,140.8428298908975,140.8428298908975,140.8428298908975,0.0
0,0,333,product,288,19.125,0.0,151.0494770532225,151.0494770532225,151.0494770532225,0.0
0,0,333,product,320,21.25,0.0,160.70222482784158,160.70222482784158,160.70222482784158,0.0
0,0,333,product,352,23.375,0.0,169.88251926161962,169.88251926161962,169.88251926161962,0.0
0,0,333,product,384,25.5,0.0,178.6536103916683,178.6536103916683,178.6536103916683,0.0
0,0,333,product,416,27.625,0.0,187.06578102420465,187.06578102420465,187.06578102420465,0.0
0,0,333,product,448,29.75,0.0,195.15978898401238,195.15978898401238,195.15978898401238,0.0
0,0,333,product,480,31.875,0.0,202.96921666642967,202.96921666642967,202.96921666642967,0.0
0,0,333,product,512,34.0,0.0,210.52212411275138,210.52212411275138,210.52212411275138,0.0
0,0,444,prefix,32,1.5,26.5,63.87090661032306,63.87090661032306,63.87090661032306,0.0
0,0,444,prefix,64,3.0,53.0,119.72032383120302,119.72032383120302,119.72032383120302,0.0
0,0,444,prefix,96,4.5,79.5,165.80923432820165,165.80923432820165,165.80923432820165,0.0
0,0,444,prefix,128,5.8828125,104.90625,202.40956558800934,202.40956558800934,202.40956558800934,0.0
0,0,444,prefix,160,7.1953125,129.65625,234.86833343732386,234.86833343732386,234.86833343732386,0.0
0,0,444,prefix,192,8.5078125,154.40625,265.3216944448912,265.3216944448912,265.3216944448912,0.0
0,0,444,prefix,224,8.5078125,166.90625,284.5179138385918,284.5179138385918,284.5179138385918,0.0
0,0,444,prefix,256,8.5078125,179.40625,302.8930766201502,302.8930766201502,302.8930766201502,0.0
0,0,444,prefix,288,8.5078125,191.90625,318.87303805669586,318.87303805669586,318.87303805669586,0.0
0,0,444,prefix,320,8.5078125,204.40625,336.9285795056354,336.9285795056354,336.9285795056354,0.0
0,0,444,prefix,352,8.5078125,216.90625,352.86172360923786,352.86172360923786,352.86172360923786,0.0
0,0,444,prefix,384,8.5078125,229.40625,365.8365642791388,365.8365642791388,365.8365642791388,0.0
0,0,444,prefix,416,8.5078125,241.90625,380.15647469102464,380.15647469102464,380.15647469102464,0.0
0,0,444,prefix,448,8.5078125,254.40625,394.2863244632073,394.2863244632073,394.2863244632073,0.0
0,0,444,prefix,480,8.5078125,266.90625,407.5736811330557,407.5736811330557,407.5736811330557,0.0
0,0,444,prefix,512,8.5078125,279.40625,419.11781712938915,419.11781712938915,419.11781712938915,0.0
0,0,444,intersection,32,1.5,26.5,63.87090661032306,63.87090661032306,63.87090661032306,0.0
0,0,444,intersection,64,3.0,53.0,119.72032383120302,119.72032383120302,119.72032383120302,0.0
0,0,444,intersection,96,4.5,79.5,165.80923432820165,165.80923432820165,165.80923432820165,0.0
0,0,444,intersection,128,5.8828125,104.90625,202.40956558800934,202.40956558800934,202.40956558800934,0.0
0,0,444,intersection,160,7.1953125,129.65625,234.86833343732386,234.86833343732386,234.86833343732386,0.0
0,0,444,intersection,192,8.5078125,154.40625,265.3216944448912,265.3216944448912,265.3216944448912,0.0
0,0,444,intersection,224,8.5078125,166.90625,284.5179138385918,284.5179138385918,284.5179138385918,0.0
0,0,444,intersection,256,8.5078125,179.40625,302.8930766201502,302.8930766201502,302.8930766201502,0.0
0,0,444,intersection,288,8.5078125,191.90625,318.87303805669586,318.87303805669586,318.87303805669586,0.0
0,0,444,intersection,320,8.5078125,204.40625,336.9285795056354,336.9285795056354,336.9285795056354,0.0
0,0,444,intersection,352,8.5078125,216.90625,352.86172360923786,352.86172360923786,352.86172360923786,0.0
0,0,444,intersection,384,8.5078125,229.40625,365.8365642791388,365.8365642791388,365.8365642791388,0.0
0,0,444,intersection,416,8.5078125,241.90625,380.15647469102464,380.15647469102464,380.15647469102464,0.0
0,0,444,intersection,448,8.5078125,254.40625,394.2863244632073,394.2863244632073,394.2863244632073,0.0
0,0,444,intersection,480,8.5078125,266.90625,407.5736811330557,407.5736811330557,407.5736811330557,0.0
0,0,444,intersection,512,8.5078125,279.40625,419.11781712938915,419.11781712938915,419.11781712938915,0.0
0,0,444,completed,32,1.5,26.5,63.87090661032306,63.87090661032306,63.87090661032306,0.0
0,0,444,completed,64,3.0,53.0,119.72032383120302,119.72032383120302,119.72032383120302,0.0
0,0,444,completed,96,4.5,79.5,165.80923432820165,165.80923432820165,165.80923432820165,0.0
0,0,444,completed,128,5.8828125,104.90625,202.40956558800934,202.40956558800934,202.40956558800934,0.0
0,0,444,completed,160,7.1953125,129.65625,234.86833343732386,234.86833343732386,234.86833343732386,0.0
0,0,444,completed,192,8.5078125,154.40625,265.3216944448912,265.3216944448912,265.3216944448912,0.0
0,0,444,completed,224,8.5078125,166.90625,284.5179138385918,284.5179138385918,284.5179138385918,0.0
0,0,444,completed,256,8.5078125,179.40625,302.8930766201502,302.8930766201502,302.8930766201502,0.0
0,0,444,completed,288,8.5078125,191.90625,318.87303805669586,318.87303805669586,318.87303805669586,0.0
0,0,444,completed,320,8.5078125,204.40625,336.9285795056354,336.9285795056354,336.9285795056354,0.0
0,0,444,completed,352,8.5078125,216.90625,352.86172360923786,352.86172360923786,352.86172360923786,0.0
0,0,444,completed,384,8.5078125,229.40625,365.8365642791388,365.8365642791388,365.8365642791388,0.0
0,0,444,completed,416,8.5078125,241.90625,380.15647469102464,380.15647469102464,380.15647469102464,0.0
0,0,444,completed,448,8.5078125,254.40625,394.2863244632073,394.2863244632073,394.2863244632073,0.0
0,0,444,completed,480,8.5078125,266.90625,407.5736811330557,407.5736811330557,407.5736811330557,0.0
0,0,444,completed,512,8.5078125,279.40625,419.11781712938915,419.11781712938915,419.11781712938915,0.0
0,0,444,plugin,32,0.169921875,14.0859375,50.87090661032306,50.87090661032306,50.87090661032306,0.0
0,0,444,plugin,64,0.169921875,26.5859375,93.2409911785079,93.2409911785079,93.2409911785079,0.0
0,0,444,plugin,96,0.169921875,39.0859375,122.8909189041082,122.8909189041082,122.8909189041082,0.0
0,0,444,plugin,128,0.169921875,51.5859375,150.164080882309,150.164080882309,150.164080882309,0.0
0,0,444,plugin,160,0.169921875,64.0859375,173.58385082611966,173.58385082611966,173.58385082611966,0.0
0,0,444,plugin,192,0.169921875,76.5859375,195.8724532718985,195.8724532718985,195.8724532718985,0.0
0,0,444,plugin,224,0.169921875,89.0859375,215.32055855233475,215.32055855233475,215.32055855233475,0.0
0,0,444,plugin,256,0.169921875,101.5859375,233.9147334165198,233.9147334165198,233.9147334165198,0.0
0,0,444,plugin,288,0.169921875,114.0859375,250.04484773988133,250.04484773988133,250.04484773988133,0.0
0,0,444,plugin,320,0.169921875,126.5859375,268.295280554073,268.295280554073,268.295280554073,0.0
0,0,444,plugin,352,0.169921875,139.0859375,284.3678459417994,284.3678459417994,284.3678459417994,0.0
0,0,444,plugin,384,0.169921875,151.5859375,297.42280050884295,297.42280050884295,297.42280050884295,0.0
0,0,444,plugin,416,0.169921875,164.0859375,311.84763118878027,311.84763118878027,311.84763118878027,0.0
0,0,444,plugin,448,0.169921875,176.5859375,326.07639739718115,326.07639739718115,326.07639739718115,0.0
0,0,444,plugin,480,0.169921875,189.0859375,339.4470778718748,339.4470778718748,339.4470778718748,0.0
0,0,444,plugin,512,0.169921875,201.5859375,351.0484264416887,351.0484264416887,351.0484264416887,0.0
0,0,444,safe,32,2.125,0.0,31.870906610323058,31.870906610323058,31.870906610323058,0.0
0,0,444,safe,64,4.25,0.0,56.62602532359681,56.62602532359681,56.62602532359681,0.0
0,0,444,safe,96,6.375,0.0,75.57678534082027,75.57678534082027,75.57678534082027,0.0
0,0,444,safe,128,8.5,0.0,91.53805555871214,91.53805555871214,91.53805555871214,0.0
0,0,444,safe,160,10.625,0.0,105.59305572623141,105.59305572623141,105.59305572623141,0.0
0,0,444,safe,192,12.75,0.0,118.29566793107824,118.29566793107824,118.29566793107824,0.0
0,0,444,safe,224,14.875,0.0,129.9743422892114,129.9743422892114,129.9743422892114,0.0
0,0,444,safe,256,17.0,0.0,140.8428298908975,140.8428298908975,140.8428298908975,0.0
0,0,444,safe,288,19.125,0.0,151.0494770532225,151.0494770532225,151.0494770532225,0.0
0,0,444,safe,320,21.25,0.0,160.70222482784158,160.70222482784158,160.70222482784158,0.0
0,0,444,safe,352,23.375,0.0,169.88251926161962,169.88251926161962,169.88251926161962,0.0
0,0,444,safe,384,25.5,0.0,178.6536103916683,178.6536103916683,178.6536103916683,0.0
0,0,444,safe,416,27.625,0.0,187.06578102420465,187.06578102420465,187.06578102420465,0.0
0,0,444,safe,448,29.75,0.0,195.15978898401238,195.15978898401238,195.15978898401238,0.0
0,0,444,safe,480,31.875,0.0,202.96921666642967,202.96921666642967,202.96921666642967,0.0
0,0,444,safe,512,34.0,0.0,210.52212411275138,210.52212411275138,210.52212411275138,0.0
0,0,444,known,32,0.0,12.5,48.87090661032306,48.87090661032306,48.87090661032306,0.0
0,0,444,known,64,0.0,25.0,91.2409911785079,91.2409911785079,91.2409911785079,0.0
0,0,444,known,96,0.0,37.5,120.8909189041082,120.8909189041082,120.8909189041082,0.0
0,0,444,known,128,0.0,50.0,148.164080882309,148.164080882309,148.164080882309,0.0
0,0,444,known,160,0.0,62.5,171.58385082611966,171.58385082611966,171.58385082611966,0.0
0,0,444,known,192,0.0,75.0,193.8724532718985,193.8724532718985,193.8724532718985,0.0
0,0,444,known,224,0.0,87.5,213.32055855233475,213.32055855233475,213.32055855233475,0.0
0,0,444,known,256,0.0,100.0,231.9147334165198,231.9147334165198,231.9147334165198,0.0
0,0,444,known,288,0.0,112.5,248.04484773988133,248.04484773988133,248.04484773988133,0.0
0,0,444,known,320,0.0,125.0,266.2952805540729,266.2952805540729,266.2952805540729,0.0
0,0,444,known,352,0.0,137.5,282.3678459417993,282.3678459417993,282.3678459417993,0.0
0,0,444,known,384,0.0,150.0,295.4228005088429,295.4228005088429,295.4228005088429,0.0
0,0,444,known,416,0.0,162.5,309.8476311887802,309.8476311887802,309.8476311887802,0.0
0,0,444,known,448,0.0,175.0,324.0763973971811,324.0763973971811,324.0763973971811,0.0
0,0,444,known,480,0.0,187.5,337.44707787187474,337.44707787187474,337.44707787187474,0.0
0,0,444,known,512,0.0,200.0,349.04842644168866,349.04842644168866,349.04842644168866,0.0
0,0,444,product,32,2.125,0.0,31.870906610323058,31.870906610323058,31.870906610323058,0.0
0,0,444,product,64,4.25,0.0,56.62602532359681,56.62602532359681,56.62602532359681,0.0
0,0,444,product,96,6.375,0.0,75.57678534082027,75.57678534082027,75.57678534082027,0.0
0,0,444,product,128,8.5,0.0,91.53805555871214,91.53805555871214,91.53805555871214,0.0
0,0,444,product,160,10.625,0.0,105.59305572623141,105.59305572623141,105.59305572623141,0.0
0,0,444,product,192,12.75,0.0,118.29566793107824,118.29566793107824,118.29566793107824,0.0
0,0,444,product,224,14.875,0.0,129.9743422892114,129.9743422892114,129.9743422892114,0.0
0,0,444,product,256,17.0,0.0,140.8428298908975,140.8428298908975,140.8428298908975,0.0
0,0,444,product,288,19.125,0.0,151.0494770532225,151.0494770532225,151.0494770532225,0.0
0,0,444,product,320,21.25,0.0,160.70222482784158,160.70222482784158,160.70222482784158,0.0
0,0,444,product,352,23.375,0.0,169.88251926161962,169.88251926161962,169.88251926161962,0.0
0,0,444,product,384,25.5,0.0,178.6536103916683,178.6536103916683,178.6536103916683,0.0
0,0,444,product,416,27.625,0.0,187.06578102420465,187.06578102420465,187.06578102420465,0.0
0,0,444,product,448,29.75,0.0,195.15978898401238,195.15978898401238,195.15978898401238,0.0
0,0,444,product,480,31.875,0.0,202.96921666642967,202.96921666642967,202.96921666642967,0.0
0,0,444,product,512,34.0,0.0,210.52212411275138,210.52212411275138,210.52212411275138,0.0
0,16,111,prefix,32,1.5,26.5,64.0,64.0,64.0,21.400101193230544
0,16,111,prefix,64,3.0,53.0,125.0046959749288,124.67877377010956,124.59739360651952,28.876557879633864
0,16,111,prefix,96,4.5,79.5,175.18264658959427,175.7138857687391,174.15593340432034,34.07099307819663
0,16,111,prefix,128,6.0,106.0,215.69715693294245,216.66718201056622,214.35345785940777,36.73369455219565
0,16,111,prefix,160,7.5,132.5,251.1983810850552,253.02480624713482,249.69831758675235,39.07398144020615
0,16,111,prefix,192,8.96484375,158.671875,282.4951762939849,285.13189681111743,280.9856184047451,40.93772110204115
0,16,111,prefix,224,9.169921875,173.0859375,301.3973608145765,305.3765691230901,299.8551227706549,42.89426181251367
0,16,111,prefix,256,9.205078125,185.9140625,320.6233235776497,325.53777515365306,319.06691936255163,44.38022007437831
0,16,111,prefix,288,9.205078125,198.4140625,337.7470391552985,343.1570458715464,336.168928848055,45.291503975756065
0,16,111,prefix,320,9.205078125,210.9140625,353.4741314285567,359.6786793132629,351.89372168267727,46.37180013707928
0,16,111,prefix,352,9.205078125,223.4140625,369.2979082603043,376.33995919976144,367.71749851442485,47.52446826122254
0,16,111,prefix,384,9.205078125,235.9140625,385.57255866991335,393.2868547581142,383.99214892403387,48.53203970015188
0,16,111,prefix,416,9.205078125,248.4140625,400.0041125057577,408.1867591162018,398.4237027598782,49.23919034037434
0,16,111,prefix,448,9.205078125,260.9140625,414.21800151162904,422.8654382434897,412.6345764615294,49.9084335523138
0,16,111,prefix,480,9.205078125,273.4140625,427.93277477426943,437.07937972995404,426.34934972416977,50.60657025106512
0,16,111,prefix,512,9.205078125,285.9140625,441.5147591801778,451.1006876378893,439.9307592239736,51.237819553116
0,16,111,intersection,32,1.5,26.5,64.0,64.0,64.0,21.400101193230544
0,16,111,intersection,64,3.0,53.0,125.0046959749288,124.67877377010956,124.59739360651952,28.876557879633864
0,16,111,intersection,96,4.5,79.5,175.18264658959427,175.7138857687391,174.15593340432034,34.07099307819663
0,16,111,intersection,128,6.0,106.0,215.69715693294245,216.66718201056622,214.35345785940777,36.73369455219565
0,16,111,intersection,160,7.5,132.5,251.1983810850552,253.02480624713482,249.69831758675235,39.07398144020615
0,16,111,intersection,192,8.724609375,156.4296875,281.41226732027593,283.98964399665437,279.9027094310361,40.79047332658627
0,16,111,intersection,224,8.724609375,168.9296875,298.5084950970312,302.4574507809672,296.99880083378423,42.690389601559914
0,16,111,intersection,256,8.724609375,181.4296875,317.79937645854955,322.68315572145633,316.2748970108545,44.18043267900555
0,16,111,intersection,288,8.724609375,193.9296875,334.9705021809607,340.34887291143025,333.42345323252397,45.093420763723444
0,16,111,intersection,320,8.724609375,206.4296875,350.73444174884816,356.90725317540404,349.1849276655552,46.17425031964244
0,16,111,intersection,352,8.724609375,218.9296875,366.5960745679565,373.6071433844969,365.0465604846636,47.32932906787812
0,16,111,intersection,384,8.724609375,231.4296875,382.910411941741,390.5945237067529,381.3608978584481,48.34010225930556
0,16,111,intersection,416,8.724609375,243.9296875,397.37070343718324,405.5233118285085,395.8211893538903,49.048590050606826
0,16,111,intersection,448,8.724609375,256.4296875,411.6115728298558,420.2290659174498,410.0589446906215,49.718773111438104
0,16,111,intersection,480,8.724609375,268.9296875,425.35064817145883,434.46778070987494,423.79802003222454,50.41823399113792
0,16,111,intersection,512,8.724609375,281.4296875,438.955916033986,448.5126639417691,437.40269130917744,51.050680729342965
0,16,111,completed,32,1.5,26.5,64.0,64.0,64.0,21.400101193230544
0,16,111,completed,64,3.0,53.0,125.0046959749288,124.67877377010956,124.59739360651952,28.876557879633864
0,16,111,completed,96,4.5,79.5,175.18264658959427,175.7138857687391,174.15593340432034,34.07099307819663
0,16,111,completed,128,5.91796875,105.234375,215.69715693294245,216.66718201056622,214.35345785940777,36.73369455219565
0,16,111,completed,160,7.08984375,128.671875,250.52018728064866,252.36318862763082,249.0465595528252,39.04478280423002
0,16,111,completed,192,7.16015625,141.828125,275.7368515624398,278.2870519003676,274.26094196778416,40.58651292829439
0,16,111,completed,224,7.16015625,154.328125,292.8330793391951,296.7548586846804,291.3570333705323,42.48642920326803
0,16,111,completed,256,7.16015625,166.828125,312.12396070071344,316.98056362516957,310.63312954760255,43.976472280713665
0,16,111,completed,288,7.16015625,179.328125,329.2950864231246,334.6462808151435,327.78168576927203,44.88946036543156
0,16,111,completed,320,7.16015625,191.828125,345.05902599101205,351.2046610791173,343.5431602023033,45.970289921350556
0,16,111,completed,352,7.16015625,204.328125,360.92065881012047,367.90455128821014,359.4047930214117,47.12536866958624
0,16,111,completed,384,7.16015625,216.828125,377.23499618390497,384.89193161046614,375.7191303951962,48.13614186101368
0,16,111,completed,416,7.16015625,229.328125,391.6952876793472,399.82071973222173,390.1794218906384,48.84462965231494
0,16,111,completed,448,7.16015625,241.828125,405.93615707201974,414.52647382116305,404.4171772273696,49.51481271314622
0,16,111,completed,480,7.16015625,254.328125,419.6752324136228,428.7651886135882,418.15625256897266,50.214273592846034
0,16,111,completed,512,7.16015625,266.828125,433.28050027614995,442.81007184548236,431.76092384592556,50.84672033105108
0,16,111,plugin,32,0.296875,13.25,47.0,47.0,47.0,17.878711471840827
0,16,111,plugin,64,0.296875,25.75,91.11766689912764,90.75656034612682,90.750992606275,24.97679913010071
0,16,111,plugin,96,0.296875,38.25,125.61105278536358,126.45952796128294,125.07139746174042,29.583120083098176
0,16,111,plugin,128,0.296875,50.75,157.83162698420756,158.84558443803948,156.7701076515693,31.970038983827003
0,16,111,plugin,160,0.296875,63.25,181.81920254137017,183.61605954364884,180.6944692862207,33.72178396200941
0,16,111,plugin,192,0.296875,75.75,206.89213101411335,209.39973359436476,205.76430670055043,35.353162754978015
0,16,111,plugin,224,0.296875,88.25,224.38289871353683,228.2660371321597,223.25403371758074,37.272695190570396
0,16,111,plugin,256,0.296875,100.75,244.25739215034645,249.06960742400526,243.10750935171222,38.800684075590254
0,16,111,plugin,288,0.296875,113.25,261.84848846112584,267.14557927317384,260.66759794262646,39.729221050274845
0,16,111,plugin,320,0.296875,125.75,277.9348095138609,284.02525180501954,276.74984489732435,40.814847971040884
0,16,111,plugin,352,0.296875,138.25,294.12551350288567,301.06047764545986,292.94054888634906,41.991375481320034
0,16,111,plugin,384,0.296875,150.75,310.7824799134486,318.3969481929799,309.59730991445286,43.030401432370574
0,16,111,plugin,416,0.296875,163.25,325.48901391959595,333.5729906727555,324.30384392060023,43.75059371817162
0,16,111,plugin,448,0.296875,175.75,339.9597520891344,348.5092742900571,338.77057113964014,44.42894356705217
0,16,111,plugin,480,0.296875,188.25,353.9049672057415,362.95804259696007,352.71578625624727,45.13983190478916
0,16,111,plugin,512,0.296875,200.75,367.7069782956258,377.20202634528596,366.5168758236829,45.78257257132725
0,16,111,safe,32,2.125,0.0,32.0,32.0,32.0,15.11597698410634
0,16,111,safe,64,4.25,0.0,61.1176668991276,60.75656034612679,60.75099260627499,20.37365292193936
0,16,111,safe,96,6.375,0.0,82.16234845052918,83.01965513704694,81.73347931014985,23.68598769563606
0,16,111,safe,128,8.5,0.0,99.3431725813757,100.87012102644607,98.91430344099636,25.575183367143296
0,16,111,safe,160,10.625,0.0,114.18808684038062,116.5456738074233,113.75921770000129,27.195735980601206
0,16,111,safe,192,12.75,0.0,127.44345919585442,130.30959136837888,127.01230818864283,28.257041336709914
0,16,111,safe,224,14.875,0.0,139.59053169182013,143.7666913951435,139.15938068460855,30.035467005341424
0,16,111,safe,256,17.0,0.0,150.82295985115064,155.85987406510318,150.39180884393906,31.260162073614953
0,16,111,safe,288,19.125,0.0,161.3200834780188,166.85486840207162,160.88893247080722,32.04850924825835
0,16,111,safe,320,21.25,0.0,171.22514209773664,177.54498262890536,170.79399109052505,33.08587570047315
0,16,111,safe,352,23.375,0.0,180.62536921931127,187.66518303236757,180.19421821209968,34.025781670157286
0,16,111,safe,384,25.5,0.0,189.58156119819822,197.13824059424488,189.15041019098663,34.72774810198594
0,16,111,safe,416,27.625,0.0,198.15211718999674,206.11900962467755,197.72096618278516,35.29634649988237
0,16,111,safe,448,29.75,0.0,206.38776808305238,214.77655137125342,205.9566170758408,35.85988028665048
0,16,111,safe,480,31.875,0.0,214.32769192381323,223.12207276779017,213.89654091660165,36.395974000769904
0,16,111,safe,512,34.0,0.0,221.99586530961696,231.15209759018688,221.56471430240538,36.87309137684484
0,16,111,known,32,0.0,12.5,47.0,47.0,47.0,19.376641319770673
0,16,111,known,64,0.0,25.0,91.11766689912764,90.75656034612682,90.750992606275,26.292065746944875
0,16,111,known,96,0.0,37.5,125.31868961458207,126.21803317849329,124.79362421029617,30.824120560169646
0,16,111,known,128,0.0,50.0,157.20614406709223,158.31361853144261,156.20205027376875,33.19250322853764
0,16,111,known,160,0.0,62.5,181.05530508227955,182.94977036261224,179.9921245122686,34.94051633980609
0,16,111,known,192,0.0,75.0,205.9811515501561,208.5863924523493,204.91518073005977,36.558896097426384
0,16,111,known,224,0.0,87.5,223.41738252313826,227.39767956701505,222.3505120908318,38.47563648442794
0,16,111,known,256,0.0,100.0,243.21191365767868,248.12229312872753,242.1249525198077,39.99829781499282
0,16,111,known,288,0.0,112.5,260.74613912645214,266.14283731549216,259.62940672092304,40.92468203098966
0,16,111,known,320,0.0,125.0,276.7892310865958,282.97944936359045,275.66865735514904,42.00965211334139
0,16,111,known,352,0.0,137.5,292.9360340872282,299.9699703400609,291.8154603557815,43.18326742802802
0,16,111,known,384,0.0,150.0,309.54753753771166,317.2601663036353,308.4268269455775,44.21848199100272
0,16,111,known,416,0.0,162.5,324.22159099527113,332.40362016177033,323.10088040313696,44.937105169200365
0,16,111,known,448,0.0,175.0,338.66214454455263,347.3096475882792,337.53754652365234,45.614366387308316
0,16,111,known,480,0.0,187.5,352.5803846559915,361.7309375922641,351.4557866350912,46.32373958054061
0,16,111,known,512,0.0,200.0,366.35672783848725,375.94895728570566,365.23126925255485,46.96511947826701
0,16,111,product,32,2.125,0.0,32.0,32.0,32.0,15.11597698410634
0,16,111,product,64,4.25,0.0,61.1176668991276,60.75656034612679,60.75099260627499,20.37365292193936
0,16,111,product,96,6.375,0.0,82.16234845052918,83.01965513704694,81.73347931014985,23.68598769563606
0,16,111,product,128,8.5,0.0,99.3431725813757,100.87012102644607,98.91430344099636,25.575183367143296
0,16,111,product,160,10.625,0.0,114.18808684038062,116.5456738074233,113.75921770000129,27.195735980601206
0,16,111,product,192,12.75,0.0,127.44345919585442,130.30959136837888,127.01230818864283,28.257041336709914
0,16,111,product,224,14.875,0.0,139.59053169182013,143.7666913951435,139.15938068460855,30.035467005341424
0,16,111,product,256,17.0,0.0,150.82295985115064,155.85987406510318,150.39180884393906,31.260162073614953
0,16,111,product,288,19.125,0.0,161.3200834780188,166.85486840207162,160.88893247080722,32.04850924825835
0,16,111,product,320,21.25,0.0,171.22514209773664,177.54498262890536,170.79399109052505,33.08587570047315
0,16,111,product,352,23.375,0.0,180.62536921931127,187.66518303236757,180.19421821209968,34.025781670157286
0,16,111,product,384,25.5,0.0,189.58156119819822,197.13824059424488,189.15041019098663,34.72774810198594
0,16,111,product,416,27.625,0.0,198.15211718999674,206.11900962467755,197.72096618278516,35.29634649988237
0,16,111,product,448,29.75,0.0,206.38776808305238,214.77655137125342,205.9566170758408,35.85988028665048
0,16,111,product,480,31.875,0.0,214.32769192381323,223.12207276779017,213.89654091660165,36.395974000769904
0,16,111,product,512,34.0,0.0,221.99586530961696,231.15209759018688,221.56471430240538,36.87309137684484
0,16,222,prefix,32,1.5,26.5,64.0,64.0,64.0,11.110248739086625
0,16,222,prefix,64,3.0,53.0,124.93099615796257,124.60544325899889,124.30455184611598,17.484316295247503
0,16,222,prefix,96,4.5,79.5,173.87740099015153,173.20865018750303,172.5452410356142,21.949734249151795
0,16,222,prefix,128,6.0,106.0,214.62105515356646,214.49705274300803,213.04649191535538,24.665944748447657
0,16,222,prefix,160,7.171875,129.4375,247.3121351770919,248.1780603201837,245.4456968561396,27.250520609959768
0,16,222,prefix,192,7.470703125,144.7265625,270.81055293500793,272.68664864942616,268.9028638994527,29.108087318663664
0,16,222,prefix,224,7.482421875,157.3359375,292.6640672360099,295.4976837709993,290.7039687491755,30.778471534378752
0,16,222,prefix,256,7.482421875,169.8359375,313.37951947649043,316.81201021180607,311.41784795506135,32.024983636162
0,16,222,prefix,288,7.482421875,182.3359375,328.51837093395716,332.7535174721259,326.5566994125281,33.190795087826835
0,16,222,prefix,320,7.482421875,194.8359375,344.83658319568684,349.7128440754277,342.8704681490194,34.11452235378313
0,16,222,prefix,352,7.482421875,207.3359375,358.4737019059304,363.9384735700262,356.507586859263,34.93367817128837
0,16,222,prefix,384,7.482421875,219.8359375,374.52840753593756,380.55030531711964,372.56078863249127,35.74972825190288
0,16,222,prefix,416,7.482421875,232.3359375,388.12843086760245,394.65368079893733,386.1604266687363,36.46485472672679
0,16,222,prefix,448,7.482421875,244.8359375,401.57400543313827,408.5456778855218,399.6060012342721,37.099883846081106
0,16,222,prefix,480,7.482421875,257.3359375,414.21498315149125,421.5628594641733,412.24689223588433,37.63229887944397
0,16,222,prefix,512,7.482421875,269.8359375,426.1477055472664,434.0426865843604,424.1796146316595,38.33169515468876
0,16,222,intersection,32,1.5,26.5,64.0,64.0,64.0,11.110248739086625
0,16,222,intersection,64,3.0,53.0,124.93099615796257,124.60544325899889,124.30455184611598,17.484316295247503
0,16,222,intersection,96,4.5,79.5,173.87740099015153,173.20865018750303,172.5452410356142,21.949734249151795
0,16,222,intersection,128,6.0,106.0,214.62105515356646,214.49705274300803,213.04649191535538,24.665944748447657
0,16,222,intersection,160,6.884765625,126.7578125,245.03740400423365,246.0007738710081,243.26841040696397,27.17939392962256
0,16,222,intersection,192,6.92578125,139.640625,267.3295113858247,269.3176045784426,265.5335002991391,29.029176470898744
0,16,222,intersection,224,6.92578125,152.140625,288.7400372723173,291.69773473829025,286.90256822184324,30.687224126758505
0,16,222,intersection,256,6.92578125,164.640625,309.52686922225826,313.0847730636533,307.6876010210625,31.941715679804375
0,16,222,intersection,288,6.92578125,177.140625,324.6959176153888,329.0571088107571,322.85664941419304,33.10951135284259
0,16,222,intersection,320,6.92578125,189.640625,341.05178436514797,346.05387388893666,339.2078761070116,34.03352724511941
0,16,222,intersection,352,6.92578125,202.140625,354.711957357709,360.30259152725876,352.86804909957266,34.852978492328695
0,16,222,intersection,384,6.92578125,214.640625,370.8027992454571,376.9509033285907,368.9573396898206,35.67043335835496
0,16,222,intersection,416,6.92578125,227.140625,384.4265303936023,391.07800432840946,382.58065827188085,36.38634214065987
0,16,222,intersection,448,6.92578125,239.640625,397.89501324232896,404.9932019760036,396.0491411206075,37.022257877768155
0,16,222,intersection,480,6.92578125,252.140625,410.55529174718913,418.0298548372848,408.7093145819995,37.55513102848383
0,16,222,intersection,512,6.92578125,264.640625,422.5047601426285,430.5268887791734,420.6587829774389,38.25543795772233
0,16,222,completed,32,1.5,26.5,64.0,64.0,64.0,11.110248739086625
0,16,222,completed,64,3.0,53.0,124.93099615796257,124.60544325899889,124.30455184611598,17.484316295247503
0,16,222,completed,96,4.5,79.5,173.87740099015153,173.20865018750303,172.5452410356142,21.949734249151795
0,16,222,completed,128,6.0,106.0,214.62105515356646,214.49705274300803,213.04649191535538,24.665944748447657
0,16,222,completed,160,6.99609375,127.796875,245.60129022553852,246.66994888483197,243.93160107925732,27.14021861691784
0,16,222,completed,192,7.30078125,143.140625,269.45903684445716,271.5601460779391,267.77032839222693,28.972157538227325
0,16,222,completed,224,7.30078125,155.640625,290.90998875932814,293.98076539991746,289.179079955115,30.633287354478416
0,16,222,completed,256,7.30078125,168.140625,311.7331203327571,315.40476267964266,310.0002953472497,31.891854014562764
0,16,222,completed,288,7.30078125,180.640625,326.9174901972342,331.39273812818664,325.1846652117268,33.060660798372474
0,16,222,completed,320,7.30078125,193.140625,343.29243514212436,348.4084701670709,341.55486901479196,33.98482363602235
0,16,222,completed,352,7.30078125,205.640625,356.9642772019048,362.6688735210496,355.2267110745724,34.80442503338178
0,16,222,completed,384,7.30078125,218.140625,373.07339557625954,379.3356341608373,371.33425389144037,35.62259277139341
0,16,222,completed,416,7.30078125,230.640625,386.7091071874336,393.47472313494853,384.96953898406764,36.33889823003163
0,16,222,completed,448,7.30078125,243.140625,400.18915814075467,407.4016359125018,398.44958993738874,36.975263043087956
0,16,222,completed,480,7.30078125,255.640625,412.8591766942862,420.4481146429758,411.1194940869266,37.50836805620787
0,16,222,completed,512,7.30078125,268.140625,424.81709239505244,432.9538282772227,423.07740978769283,38.209135589413094
0,16,222,plugin,32,0.8359375,12.375,47.0,47.0,47.0,10.104596221669402
0,16,222,plugin,64,0.8359375,24.875,97.05366352963529,97.12663390391528,96.82574249103234,16.25993299283975
0,16,222,plugin,96,0.8359375,37.375,137.9047948310788,137.54710730395337,136.87696051632037,20.268993900618955
0,16,222,plugin,128,0.8359375,49.875,167.69860077897079,167.95821896927075,166.50610029685356,22.916077220613623
0,16,222,plugin,160,0.8359375,62.375,189.23643717459862,190.7111425412992,187.9926508074455,25.10866061195689
0,16,222,plugin,192,0.8359375,74.875,211.52562158277087,214.0303216820623,210.2569161994217,26.9777233069738
0,16,222,plugin,224,0.8359375,87.375,233.4593904363807,236.93339758003037,232.13901359803853,28.676540789281237
0,16,222,plugin,256,0.8359375,99.875,254.71122163167743,258.79291840247816,253.387441375801,29.984098236152622
0,16,222,plugin,288,0.8359375,112.375,270.0747436951487,274.96365064729116,268.75096343927225,31.164943638520363
0,16,222,plugin,320,0.8359375,124.875,286.6714023462743,292.19971313877903,285.34162984009646,32.0908492579009
0,16,222,plugin,352,0.8359375,137.375,300.4782704124556,306.5953103812711,299.14837839942976,32.91221823507886
0,16,222,plugin,384,0.8359375,149.875,316.7981752870033,323.4747686227923,315.46641482959313,33.73872262828234
0,16,222,plugin,416,0.8359375,162.375,330.5715640887116,337.7515502862366,329.2392083838983,34.45965140711768
0,16,222,plugin,448,0.8359375,174.875,344.18414904476623,351.81265329808656,342.8517933399529,35.10122598712681
0,16,222,plugin,480,0.8359375,187.375,356.965451098999,364.9713851346706,355.6328686268887,35.637012231446725
0,16,222,plugin,512,0.8359375,199.875,369.019713124696,377.57609166126366,367.6871306525857,36.34309171250847
0,16,222,safe,32,2.125,0.0,32.0,32.0,32.0,8.94103200810519
0,16,222,safe,64,4.25,0.0,61.053663529635294,61.16039639141639,60.85950497853348,14.034635755721286
0,16,222,safe,96,6.375,0.0,82.0707463215369,82.18983935813863,81.63397371778797,16.113318705220095
0,16,222,safe,128,8.5,0.0,99.23613697270575,100.05369821271003,98.79456319070353,18.015907341899627
0,16,222,safe,160,10.625,0.0,114.08765827893279,116.12492364891045,113.64608449693057,20.032132610580742
0,16,222,safe,192,12.75,0.0,127.38057478341955,130.34425416423105,126.93900100141732,21.548850921054484
0,16,222,safe,224,14.875,0.0,139.51450586413623,143.31470789218298,139.072932082134,22.840630290873342
0,16,222,safe,256,17.0,0.0,150.72844019901135,154.86560546538436,150.28686641700912,23.523040262388502
0,16,222,safe,288,19.125,0.0,161.22870617794956,166.08159567857322,160.78713239594734,24.53238331325235
0,16,222,safe,320,21.25,0.0,171.13676274632763,176.63418905809522,170.6951889643254,25.43222891815531
0,16,222,safe,352,23.375,0.0,180.53189360516515,186.60661070282117,180.09031982316293,26.22435612910321
0,16,222,safe,384,25.5,0.0,189.49141412292482,196.05175803728423,189.0498403409226,26.89841233351763
0,16,222,safe,416,27.625,0.0,198.06188688457797,205.09554077298583,197.62031310257575,27.530024436682925
0,16,222,safe,448,29.75,0.0,206.29909179036383,213.72188321731022,205.8575180083616,28.06235892119962
0,16,222,safe,480,31.875,0.0,214.24147113162863,222.00733575503008,213.7998973496264,28.53838377650209
0,16,222,safe,512,34.0,0.0,221.90822409356238,230.14129760744777,221.46665031156016,29.119438182598042
0,16,222,known,32,0.0,12.5,48.0,48.0,48.0,11.006097498170679
0,16,222,known,64,0.0,25.0,98.05366352963529,97.99635468988987,97.69546327700694,17.042984971788968
0,16,222,known,96,0.0,37.5,138.16457533600894,137.71614056337987,137.0350174369384,20.928197566348896
0,16,222,known,128,0.0,50.0,167.6302597875644,167.8255828853981,166.36015848546893,23.541342857975796
0,16,222,known,160,0.0,62.5,189.03736785793518,190.45169011700693,187.71990744699886,25.727495363337198
0,16,222,known,192,0.0,75.0,211.17559704951364,213.62091175025392,209.83503165063414,27.585590714515433
0,16,222,known,224,0.0,87.5,232.97026637619416,236.38520837041813,231.58087382846364,29.273385585634955
0,16,222,known,256,0.0,100.0,254.09950904655213,258.1203750991228,252.70715826306485,30.56677305905293
0,16,222,known,288,0.0,112.5,269.4121410137995,274.2392158606261,268.0197902303122,31.744158490628923
0,16,222,known,320,0.0,125.0,285.9460765331037,291.41296374567105,284.5481019370239,32.66956450552101
0,16,222,known,352,0.0,137.5,299.71485529532765,305.77042903456163,298.3168150489868,33.49042924711098
0,16,222,known,384,0.0,150.0,315.97543013948854,322.59003388759953,314.5756063444096,34.31456579802443
0,16,222,known,416,0.0,162.5,329.7101596948695,336.82816531392746,328.309789604038,35.0341843404039
0,16,222,known,448,0.0,175.0,343.28560512326794,350.85167003558325,341.8852350324364,35.67428701171123
0,16,222,known,480,0.0,187.5,356.0357797563758,363.9790053198875,354.6352153407778,36.209317336647025
0,16,222,known,512,0.0,200.0,368.06312359699723,376.5560550467313,366.6625591813992,36.91390190341122
0,16,222,product,32,2.125,0.0,32.0,32.0,32.0,8.94103200810519
0,16,222,product,64,4.25,0.0,61.053663529635294,61.16039639141639,60.85950497853348,14.034635755721286
0,16,222,product,96,6.375,0.0,82.0707463215369,82.18983935813863,81.63397371778797,16.113318705220095
0,16,222,product,128,8.5,0.0,99.23613697270575,100.05369821271003,98.79456319070353,18.015907341899627
0,16,222,product,160,10.625,0.0,114.08765827893279,116.12492364891045,113.64608449693057,20.032132610580742
0,16,222,product,192,12.75,0.0,127.38057478341955,130.34425416423105,126.93900100141732,21.548850921054484
0,16,222,product,224,14.875,0.0,139.51450586413623,143.31470789218298,139.072932082134,22.840630290873342
0,16,222,product,256,17.0,0.0,150.72844019901135,154.86560546538436,150.28686641700912,23.523040262388502
0,16,222,product,288,19.125,0.0,161.22870617794956,166.08159567857322,160.78713239594734,24.53238331325235
0,16,222,product,320,21.25,0.0,171.13676274632763,176.63418905809522,170.6951889643254,25.43222891815531
0,16,222,product,352,23.375,0.0,180.53189360516515,186.60661070282117,180.09031982316293,26.22435612910321
0,16,222,product,384,25.5,0.0,189.49141412292482,196.05175803728423,189.0498403409226,26.89841233351763
0,16,222,product,416,27.625,0.0,198.06188688457797,205.09554077298583,197.62031310257575,27.530024436682925
0,16,222,product,448,29.75,0.0,206.29909179036383,213.72188321731022,205.8575180083616,28.06235892119962
0,16,222,product,480,31.875,0.0,214.24147113162863,222.00733575503008,213.7998973496264,28.53838377650209
0,16,222,product,512,34.0,0.0,221.90822409356238,230.14129760744777,221.46665031156016,29.119438182598042
0,16,333,prefix,32,1.5,26.5,64.0,64.0,64.0,22.74967750066314
0,16,333,prefix,64,3.0,53.0,125.1658155733594,125.86433133583103,125.12421094159677,32.27264311787813
0,16,333,prefix,96,4.5,79.5,175.5645907782267,177.3460450684803,175.09882309736048,37.942012688939634
0,16,333,prefix,128,6.0,106.0,217.03507325413662,219.8310563375627,216.23533588506956,41.598443950958824
0,16,333,prefix,160,7.5,132.5,252.79821501565195,257.002027786084,251.82167763252167,44.77087446894348
0,16,333,prefix,192,9.0,159.0,284.5273668256757,289.9295692212787,283.53660041518464,47.03613115394324
0,16,333,prefix,224,10.5,185.5,313.6512166462372,320.1838822064079,312.58821843295163,49.086424494707224
0,16,333,prefix,256,10.810546875,200.8984375,335.52063702846795,342.68762776854,334.44755347796564,50.476931780486254
0,16,333,prefix,288,10.998046875,215.1484375,355.32409469273716,363.0686871821782,354.2507109607715,51.6080827330583
0,16,333,prefix,320,11.150390625,229.0703125,373.5158097046024,381.80099270490206,372.43898066445814,52.61411326575267
0,16,333,prefix,352,11.150390625,241.5703125,388.3876017720093,397.32700772870254,387.3004831852904,53.57348859860449
0,16,333,prefix,384,11.150390625,254.0703125,402.59435592765254,412.1867260191079,401.5072373409336,54.46734780700812
0,16,333,prefix,416,11.150390625,266.5703125,416.2492598777105,426.39014029386294,415.16214129099154,55.23630623333984
0,16,333,prefix,448,11.150390625,279.0703125,430.8039812380775,441.40983086777095,429.71686265135855,55.932548404764816
0,16,333,prefix,480,11.150390625,291.5703125,443.472074784428,454.5556432201821,442.3848872963246,56.584116573345675
0,16,333,prefix,512,11.150390625,304.0703125,457.00244615681055,468.53369366035867,455.91525866870717,57.17210840763797
0,16,333,intersection,32,1.5,26.5,64.0,64.0,64.0,22.74967750066314
0,16,333,intersection,64,3.0,53.0,125.1658155733594,125.86433133583103,125.12421094159677,32.27264311787813
0,16,333,intersection,96,4.5,79.5,175.5645907782267,177.3460450684803,175.09882309736048,37.942012688939634
0,16,333,intersection,128,6.0,106.0,217.03507325413662,219.8310563375627,216.23533588506956,41.598443950958824
0,16,333,intersection,160,7.5,132.5,252.79821501565195,257.002027786084,251.82167763252167,44.77087446894348
0,16,333,intersection,192,9.0,159.0,284.5273668256757,289.9295692212787,283.53660041518464,47.03613115394324
0,16,333,intersection,224,10.458984375,185.1171875,313.6512166462372,320.1838822064079,312.58821843295163,49.086424494707224
0,16,333,intersection,256,10.646484375,199.3671875,335.52063702846795,342.68762776854,334.44755347796564,50.476931780486254
0,16,333,intersection,288,10.833984375,213.6171875,355.32409469273716,363.0686871821782,354.2507109607715,51.6080827330583
0,16,333,intersection,320,10.9453125,227.15625,373.1026766404187,381.39142111005924,372.0274632309959,52.5971892532421
0,16,333,intersection,352,10.9453125,239.65625,387.98969580716215,396.9326835519727,386.9040473478214,53.557302827465854
0,16,333,intersection,384,10.9453125,252.15625,402.209853570096,411.80590075330343,401.12420511075527,54.45164981158413
0,16,333,intersection,416,10.9453125,264.65625,415.87690200418626,426.0215443965103,414.7912535448455,55.22108328947107
0,16,333,intersection,448,10.9453125,277.15625,430.44577046468584,441.05548271876665,429.3601220053451,55.918005825199096
0,16,333,intersection,480,10.9453125,289.65625,443.1236758736801,454.21127034729477,442.0379496681402,56.57001374316173
0,16,333,intersection,512,10.9453125,302.15625,456.66531753411226,468.200665762193,455.57959132857235,57.158193730597894
0,16,333,completed,32,1.5,26.5,64.0,64.0,64.0,22.74967750066314
0,16,333,completed,64,3.0,53.0,125.1658155733594,125.86433133583103,125.12421094159677,32.27264311787813
0,16,333,completed,96,4.5,79.5,175.5645907782267,177.3460450684803,175.09882309736048,37.942012688939634
0,16,333,completed,128,6.0,106.0,217.03507325413662,219.8310563375627,216.23533588506956,41.598443950958824
0,16,333,completed,160,7.5,132.5,252.79821501565195,257.002027786084,251.82167763252167,44.77087446894348
0,16,333,completed,192,9.0,159.0,284.5273668256757,289.9295692212787,283.53660041518464,47.03613115394324
0,16,333,completed,224,10.130859375,182.0546875,312.6109148389712,319.14201574694505,311.54839120714087,49.067466722919264
0,16,333,completed,256,10.564453125,198.6015625,335.50324390887687,342.6686699967521,334.43063493982976,50.457974008698294
0,16,333,completed,288,10.669921875,212.0859375,355.3067015731461,363.04972941039034,354.23379242263564,51.58912496127034
0,16,333,completed,320,10.6875,224.75,371.84565117734047,380.13056963242855,370.77274202683003,52.52092632524168
0,16,333,completed,352,10.6875,237.25,386.77793619429207,395.71833754202703,385.6941412047308,53.48330372859042
0,16,333,completed,384,10.6875,249.75,401.038929704118,410.63267568955547,399.9551347145567,54.37914346364544
0,16,333,completed,416,10.6875,262.25,414.7429413530968,424.8855360110982,413.6591463635355,55.15002903939725
0,16,333,completed,448,10.6875,274.75,429.3548287559381,439.9627920693747,428.27103376637683,55.84902874042184
0,16,333,completed,480,10.6875,287.25,442.06254057179365,453.14888083910523,440.9786405387642,56.50237792891964
0,16,333,completed,512,10.6875,299.75,455.6383877408719,467.1727078456648,454.5544693478126,57.09113109022443
0,16,333,plugin,32,1.82421875,4.265625,38.0,38.0,38.0,14.998276433550002
0,16,333,plugin,64,3.28515625,8.171875,74.1658155733594,74.90593596759362,74.1658155733594,21.59085025913715
0,16,333,plugin,96,3.28515625,20.671875,109.32827001240156,111.54949557083464,109.32827001240156,27.134419641906494
0,16,333,plugin,128,3.28515625,33.171875,138.50901730710063,141.6708130481997,138.27942992993212,30.109969298947405
0,16,333,plugin,160,3.28515625,45.671875,162.46084805228043,167.1537312358479,162.22948491975427,32.602228174367575
0,16,333,plugin,192,3.28515625,58.171875,190.08026880093047,195.8288485512368,189.82573600932082,34.666174581406246
0,16,333,plugin,224,3.28515625,70.671875,211.03894540313135,217.88419038059914,210.7686515410796,36.51267119368671
0,16,333,plugin,256,3.28515625,83.171875,232.7537107970122,240.1822568905512,232.4673983893429,37.99014697093889
0,16,333,plugin,288,3.28515625,95.671875,253.0927289667955,260.97230760402425,252.7885719871981,39.004205964064276
0,16,333,plugin,320,3.28515625,108.171875,270.6927689920248,279.1316950730208,270.38708478601103,40.03395975329375
0,16,333,plugin,352,3.28515625,120.671875,286.4069745660201,295.4996717620718,286.0811670932059,41.03704286641352
0,16,333,plugin,384,3.28515625,133.171875,301.3425003315871,311.09200578637507,301.0161962832161,41.95896769005123
0,16,333,plugin,416,3.28515625,145.671875,315.648898709879,325.95023971827027,315.32247515466,42.754818241925115
0,16,333,plugin,448,3.28515625,158.171875,330.9532620600145,341.72314011136274,330.62673490863904,43.488946593659485
0,16,333,plugin,480,3.28515625,170.671875,344.13444523968263,355.3901624672341,343.8072888780983,44.16468737496527
0,16,333,plugin,512,3.28515625,183.171875,358.24718488349845,369.9542932440177,357.9195588292273,44.762854557620976
0,16,333,safe,32,2.125,0.0,32.0,32.0,32.0,14.498276433550002
0,16,333,safe,64,4.25,0.0,61.165815573359396,61.90593596759362,61.165815573359396,20.61188200516889
0,16,333,safe,96,6.375,0.0,82.32827001240156,84.54949557083464,82.32827001240156,24.30468159118648
0,16,333,safe,128,8.5,0.0,99.5090173071006,102.90040042536818,99.5090173071006,26.69431622782814
0,16,333,safe,160,10.625,0.0,114.38921145776183,119.24847321209624,114.38921145776183,28.98738884703691
0,16,333,safe,192,12.75,0.0,127.68123594197307,133.35024983438993,127.68123594197307,30.386553264483794
0,16,333,safe,224,14.875,0.0,139.79577372274292,146.44417323058755,139.79577372274292,31.80180230254832
0,16,333,safe,256,17.0,0.0,151.01407274939365,158.19303545851986,151.01407274939365,32.682176928794505
0,16,333,safe,288,19.125,0.0,161.5076915084075,169.1013141224148,161.5076915084075,33.38380843036436
0,16,333,safe,320,21.25,0.0,171.40272793487222,179.38592526427806,171.40272793487222,34.015671797608576
0,16,333,safe,352,23.375,0.0,180.801645175858,189.39013912849384,180.801645175858,34.83959122804633
0,16,333,safe,384,25.5,0.0,189.76163551638564,198.95657265222798,189.76163551638564,35.63493362173177
0,16,333,safe,416,27.625,0.0,198.33925471682318,208.03572699392436,198.33925471682318,36.301917330891946
0,16,333,safe,448,29.75,0.0,206.57751389715486,216.66985808868864,206.57751389715486,36.84204046584848
0,16,333,safe,480,31.875,0.0,214.5166045573902,225.02415143317563,214.5166045573902,37.386906127918124
0,16,333,safe,512,34.0,0.0,222.19032093845962,233.1157040951216,222.19032093845962,37.9255513435424
0,16,333,known,32,0.0,12.5,46.0,46.0,46.0,18.813702673976245
0,16,333,known,64,0.0,25.0,91.16581557335942,91.90593596759363,91.16581557335942,26.50177011036452
0,16,333,known,96,0.0,37.5,125.59270097100108,127.61413286155945,125.38605525310801,31.12864431726456
0,16,333,known,128,0.0,50.0,152.21780107758272,155.30223251727864,151.88621157604214,33.87902669155441
0,16,333,known,160,0.0,62.5,174.58337444085885,179.1967156946101,174.25178493931827,36.31229663583953
0,16,333,known,192,0.0,75.0,200.18714044426397,205.84736716102674,199.8450994519731,38.22217974788211
0,16,333,known,224,0.0,87.5,220.13288348985893,226.89561262959393,219.783550395354,39.980517691874454
0,16,333,known,256,0.0,100.0,240.79571085483298,248.18011238113746,240.44126008024423,41.35251194570256
0,16,333,known,288,0.0,112.5,260.3328684103649,268.18259385378263,259.97081683746035,42.32005039511266
0,16,333,known,320,0.0,125.0,277.3822185991879,285.78357097930063,277.01992013680945,43.29749636869782
0,16,333,known,352,0.0,137.5,292.69531770657267,301.75207596041906,292.31803288587986,44.27909544126509
0,16,333,known,384,0.0,150.0,307.2879946326558,317.0001095048568,306.91062657013634,45.187428833521764
0,16,333,known,416,0.0,162.5,321.2901691128436,331.5528932183147,320.91280105032416,45.970367466236276
0,16,333,known,448,0.0,175.0,336.24686288593347,346.9769363270074,335.869494823414,46.68646355306987
0,16,333,known,480,0.0,187.5,349.1918373453422,360.4041274424144,348.81412336505764,47.350778692769204
0,16,333,known,512,0.0,200.0,363.0382644362889,374.7002883874187,362.66032368870736,47.9441783769674
0,16,333,product,32,2.125,0.0,32.0,32.0,32.0,14.498276433550002
0,16,333,product,64,4.25,0.0,61.165815573359396,61.90593596759362,61.165815573359396,20.61188200516889
0,16,333,product,96,6.375,0.0,82.32827001240156,84.54949557083464,82.32827001240156,24.30468159118648
0,16,333,product,128,8.5,0.0,99.5090173071006,102.90040042536818,99.5090173071006,26.69431622782814
0,16,333,product,160,10.625,0.0,114.38921145776183,119.24847321209624,114.38921145776183,28.98738884703691
0,16,333,product,192,12.75,0.0,127.68123594197307,133.35024983438993,127.68123594197307,30.386553264483794
0,16,333,product,224,14.875,0.0,139.79577372274292,146.44417323058755,139.79577372274292,31.80180230254832
0,16,333,product,256,17.0,0.0,151.01407274939365,158.19303545851986,151.01407274939365,32.682176928794505
0,16,333,product,288,19.125,0.0,161.5076915084075,169.1013141224148,161.5076915084075,33.38380843036436
0,16,333,product,320,21.25,0.0,171.40272793487222,179.38592526427806,171.40272793487222,34.015671797608576
0,16,333,product,352,23.375,0.0,180.801645175858,189.39013912849384,180.801645175858,34.83959122804633
0,16,333,product,384,25.5,0.0,189.76163551638564,198.95657265222798,189.76163551638564,35.63493362173177
0,16,333,product,416,27.625,0.0,198.33925471682318,208.03572699392436,198.33925471682318,36.301917330891946
0,16,333,product,448,29.75,0.0,206.57751389715486,216.66985808868864,206.57751389715486,36.84204046584848
0,16,333,product,480,31.875,0.0,214.5166045573902,225.02415143317563,214.5166045573902,37.386906127918124
0,16,333,product,512,34.0,0.0,222.19032093845962,233.1157040951216,222.19032093845962,37.9255513435424
0,16,444,prefix,32,1.5,26.5,64.0,64.0,64.0,17.33636966060735
0,16,444,prefix,64,3.0,53.0,124.88338782348582,124.7814061029293,124.2984225264181,25.061723174178177
0,16,444,prefix,96,4.5,79.5,174.2708012328191,174.8457088109863,173.127352890937,29.07559362588489
0,16,444,prefix,128,5.912109375,105.1796875,213.85387990471625,215.3220613802691,212.44804891106196,32.32816688834588
0,16,444,prefix,160,7.224609375,129.9296875,247.73407894983166,250.08266348977102,246.18105633086674,34.68697488754294
0,16,444,prefix,192,8.537109375,154.6796875,279.0001014807516,282.33835045630076,277.3798163152269,36.53815541384761
0,16,444,prefix,224,8.537109375,167.1796875,298.78726567112426,302.9444944230389,297.1622380594189,37.98209733641154
0,16,444,prefix,256,8.537109375,179.6796875,317.71409705186437,322.63820883447,316.0802172771665,39.33043824100844
0,16,444,prefix,288,8.537109375,192.1796875,334.0065423147751,339.75905714014,332.3726625400773,40.49185609838148
0,16,444,prefix,320,8.537109375,204.6796875,352.4778223213721,358.74720116188104,350.8296130535257,41.451230823626226
0,16,444,prefix,352,8.537109375,217.1796875,368.7205950684089,375.6423215668203,367.0636380304295,42.43244114736004
0,16,444,prefix,384,8.537109375,229.6796875,381.93424158117506,389.46234182954123,380.27728454319566,43.28870245711995
0,16,444,prefix,416,8.537109375,242.1796875,396.4603437080134,404.65509050699194,394.8017864835162,44.17608517049604
0,16,444,prefix,448,8.537109375,254.6796875,410.82084798423983,419.51685635568833,409.16091373672043,44.92174495466202
0,16,444,prefix,480,8.537109375,267.1796875,424.27059667367377,433.43034593117517,422.61066242615436,45.55947800748398
0,16,444,prefix,512,8.537109375,279.6796875,435.9633610969723,445.7012468672178,434.3034003570398,46.29421971718321
0,16,444,intersection,32,1.5,26.5,64.0,64.0,64.0,17.33636966060735
0,16,444,intersection,64,3.0,53.0,124.88338782348582,124.7814061029293,124.2984225264181,25.061723174178177
0,16,444,intersection,96,4.5,79.5,174.2708012328191,174.8457088109863,173.127352890937,29.07559362588489
0,16,444,intersection,128,5.8828125,104.90625,213.17470347209178,214.6840695839624,211.81004551779483,32.31362313905334
0,16,444,intersection,160,7.1953125,129.65625,247.1189439168012,249.505722870451,245.60486526091566,34.676508576227555
0,16,444,intersection,192,8.5078125,154.40625,278.4342991134927,281.81049324213063,276.8526509658101,36.52791794033997
0,16,444,intersection,224,8.5078125,166.90625,298.25804883758883,302.45282809800057,296.67135662985123,37.974033402509605
0,16,444,intersection,256,8.5078125,179.40625,317.2173064099477,322.1783459140161,315.62140155390637,39.324388436966835
0,16,444,intersection,288,8.5078125,191.90625,333.5306591434173,339.3202772927337,331.934754287376,40.48635837913875
0,16,444,intersection,320,8.5078125,204.40625,352.0305985423066,358.33649063360787,350.4199985853868,41.447030271073366
0,16,444,intersection,352,8.5078125,216.90625,368.2936285440799,375.2523901982913,366.6741062772739,42.429785732154414
0,16,444,intersection,384,8.5078125,229.40625,381.51885740699424,389.08439068486456,379.8993351401882,43.286945548826495
0,16,444,intersection,416,8.5078125,241.90625,396.05992562767034,404.2923828869259,394.43877816909077,44.175027339002014
0,16,444,intersection,448,8.5078125,254.40625,410.4348591692139,419.1686925039658,408.8123050985562,44.92148718385928
0,16,444,intersection,480,8.5078125,266.90625,423.8964858995174,433.0941526274966,422.2739318288597,45.559590637541724
0,16,444,intersection,512,8.5078125,279.40625,435.59747807839665,445.3735016601091,433.97488926900076,46.29480367382072
0,16,444,completed,32,1.5,26.5,64.0,64.0,64.0,17.33636966060735
0,16,444,completed,64,3.0,53.0,124.88338782348582,124.7814061029293,124.2984225264181,25.061723174178177
0,16,444,completed,96,4.46484375,79.171875,173.47884149181806,174.075274216451,172.35691829640166,29.02003807032933
0,16,444,completed,128,5.8359375,104.46875,212.4713484905645,214.0047245924672,211.13057495973047,32.2621636032188
0,16,444,completed,160,7.1484375,129.21875,246.48098613115508,248.88865068841997,244.98847117035157,34.629233160649385
0,16,444,completed,192,8.4609375,153.96875,277.8464798098163,281.2433007903556,276.2860779712133,36.480876392197786
0,16,444,completed,224,8.4609375,166.46875,297.7073445427741,301.9223350379592,296.1415874173265,37.9292050132851
0,16,444,completed,256,8.4609375,178.96875,316.69944270636313,321.6800480737954,315.12410267114035,39.28160658261742
0,16,444,completed,288,8.4609375,191.46875,333.03393130122913,338.84329199474007,331.45859126600635,40.44413652005066
0,16,444,completed,320,8.4609375,203.96875,351.56282005824363,357.8878500865179,349.97236555388463,41.4061222888571
0,16,444,completed,352,8.4609375,216.46875,367.84628825857476,374.8247122292784,366.24673363377747,42.390440405886594
0,16,444,completed,384,8.4609375,228.96875,381.08319467980044,388.6687909058268,379.48364005500315,43.24850833270628
0,16,444,completed,416,8.4609375,241.46875,395.63934265092854,403.8921419549109,394.0381374455224,44.137296243832964
0,16,444,completed,448,8.4609375,253.96875,410.0288080794723,418.7830973155426,408.426166246752,44.88456354720606
0,16,444,completed,480,8.4609375,266.46875,423.5023900188083,432.7206053139121,421.899748186088,45.52304053475078
0,16,444,completed,512,8.4609375,278.96875,435.2116606558071,445.00845439134605,433.60897572221353,46.25872872155249
0,16,444,plugin,32,0.212890625,13.4765625,50.0,50.0,50.0,14.888006912244606
0,16,444,plugin,64,0.212890625,25.9765625,97.10382372977848,97.26204186998324,96.79626086228505,20.723371980286856
0,16,444,plugin,96,0.212890625,38.4765625,129.46445508247336,130.65001012548257,128.98715598697677,24.326752408343644
0,16,444,plugin,128,0.212890625,50.9765625,158.53915717053772,160.51036459151516,157.83344510016005,26.809526588516103
0,16,444,plugin,160,0.212890625,63.4765625,183.26429793004144,186.1395992454759,182.48196619725678,28.951957230271645
0,16,444,plugin,192,0.212890625,75.9765625,206.23942717582662,210.12680645631494,205.44128322364747,30.59472046351122
0,16,444,plugin,224,0.212890625,88.4765625,226.37606570200123,231.0780336312003,225.57008477527114,32.05974789432591
0,16,444,plugin,256,0.212890625,100.9765625,245.610435878276,251.0727939938236,244.7914760735027,33.42745226040045
0,16,444,plugin,288,0.212890625,113.4765625,262.09963669524757,268.3920166831505,261.2806768904743,34.594138698554104
0,16,444,plugin,320,0.212890625,125.9765625,280.8397195042825,287.6430938511619,280.00229291115335,35.56581793551937
0,16,444,plugin,352,0.212890625,138.4765625,297.2715567984905,304.7320638209399,296.4236869563687,36.561591245757555
0,16,444,plugin,384,0.212890625,150.9765625,310.59298552553537,318.66354838527803,309.7451156834136,37.42629827412606
0,16,444,plugin,416,0.212890625,163.4765625,325.2579990746778,333.9977662008578,324.40828953307437,38.320235543297215
0,16,444,plugin,448,0.212890625,175.9765625,339.7521665056656,348.99419984451526,338.9007976366582,39.07337110671501
0,16,444,plugin,480,0.212890625,188.4765625,353.31166777427865,363.01827984348057,352.4602989052712,39.71455399789293
0,16,444,plugin,512,0.212890625,200.9765625,365.0803522118379,375.3671295140954,364.2288782993623,40.45367933247188
0,16,444,safe,32,2.125,0.0,32.0,32.0,32.0,13.791206490444184
0,16,444,safe,64,4.25,0.0,61.10382372977848,61.38914057592819,60.92335956823007,19.000168992642553
0,16,444,safe,96,6.375,0.0,82.16370160248661,83.37625055930349,81.8547080751481,22.03651895879442
0,16,444,safe,128,8.5,0.0,99.34505143074657,101.53809795873599,99.03605790340805,24.23709614033502
0,16,444,safe,160,10.625,0.0,114.21344359032324,117.37784649082228,113.90445006298472,26.021844504901996
0,16,444,safe,192,12.75,0.0,127.51520303910574,131.69976311821586,127.20620951176723,27.641148927448715
0,16,444,safe,224,14.875,0.0,139.63542908632428,144.58138000161367,139.32643555898576,28.844091452713396
0,16,444,safe,256,17.0,0.0,150.8725100739636,156.54549693682532,150.5635165466251,29.939720786238926
0,16,444,safe,288,19.125,0.0,161.3773324794748,167.83592167346646,161.0683389521363,31.023498360555024
0,16,444,safe,320,21.25,0.0,171.28107019960686,178.2450870448915,170.97207667226834,31.779915957361034
0,16,444,safe,352,23.375,0.0,180.67340486459173,188.13229690269563,180.36441133725322,32.48683138138707
0,16,444,safe,384,25.5,0.0,189.6329833399987,197.59056107688278,189.3239898126602,33.17400442552561
0,16,444,safe,416,27.625,0.0,198.2104827422009,206.75059090282346,197.90148921486238,33.92186361893002
0,16,444,safe,448,29.75,0.0,206.45099379106753,215.41633326409755,206.14200026372902,34.4935980203963
0,16,444,safe,480,31.875,0.0,214.39094200236752,223.77550281081594,214.081948475029,35.0433398846973
0,16,444,safe,512,34.0,0.0,222.0595537850863,231.9464808650756,221.7505602577478,35.66141049263528
0,16,444,known,32,0.0,12.5,49.0,49.0,49.0,16.088403737641432
0,16,444,known,64,0.0,25.0,96.10382372977848,96.19238142738432,95.72660041968615,21.897562169182926
0,16,444,known,96,0.0,37.5,128.31276564516347,129.43256255316072,127.77008003306524,25.487815569359046
0,16,444,known,128,0.0,50.0,157.26887787972512,159.18324657635765,156.50692335985272,27.96533761435524
0,16,444,known,160,0.0,62.5,181.91761677698048,184.7403830071704,181.0828639748693,30.102704101357315
0,16,444,known,192,0.0,75.0,204.8362905010697,208.67147441913357,203.98613118985986,31.74519306754161
0,16,444,known,224,0.0,87.5,224.93171971645182,229.58208355628503,224.07411354538743,33.20769692425683
0,16,444,known,256,0.0,100.0,244.1300828263013,249.54166578521173,243.2600344074942,34.57310428899851
0,16,444,known,288,0.0,112.5,260.59642533664373,266.83784608946206,259.72637691783666,35.7391702698873
0,16,444,known,320,0.0,125.0,279.30538409582755,286.0585176834009,278.4174069672966,36.70940904963462
0,16,444,known,352,0.0,137.5,295.7154373110021,303.12516229943594,294.81721996546264,37.70348827794328
0,16,444,known,384,0.0,150.0,309.0244837906254,317.0438440325751,308.12626644508595,38.567215444038865
0,16,444,known,416,0.0,162.5,323.67357996551203,332.361853427801,322.7735512160573,39.46039415932734
0,16,444,known,448,0.0,175.0,338.1524617288187,347.3428929576071,337.25080687305956,40.21266748073272
0,16,444,known,480,0.0,187.5,351.69944337171665,361.3543597011197,350.7977885159575,40.85345374955164
0,16,444,known,512,0.0,200.0,363.45947934878257,373.69433033499513,362.5577286779089,41.59207581361315
0,16,444,product,32,2.125,0.0,32.0,32.0,32.0,13.791206490444184
0,16,444,product,64,4.25,0.0,61.10382372977848,61.38914057592819,60.92335956823007,19.000168992642553
0,16,444,product,96,6.375,0.0,82.16370160248661,83.37625055930349,81.8547080751481,22.03651895879442
0,16,444,product,128,8.5,0.0,99.34505143074657,101.53809795873599,99.03605790340805,24.23709614033502
0,16,444,product,160,10.625,0.0,114.21344359032324,117.37784649082228,113.90445006298472,26.021844504901996
0,16,444,product,192,12.75,0.0,127.51520303910574,131.69976311821586,127.20620951176723,27.641148927448715
0,16,444,product,224,14.875,0.0,139.63542908632428,144.58138000161367,139.32643555898576,28.844091452713396
0,16,444,product,256,17.0,0.0,150.8725100739636,156.54549693682532,150.5635165466251,29.939720786238926
0,16,444,product,288,19.125,0.0,161.3773324794748,167.83592167346646,161.0683389521363,31.023498360555024
0,16,444,product,320,21.25,0.0,171.28107019960686,178.2450870448915,170.97207667226834,31.779915957361034
0,16,444,product,352,23.375,0.0,180.67340486459173,188.13229690269563,180.36441133725322,32.48683138138707
0,16,444,product,384,25.5,0.0,189.6329833399987,197.59056107688278,189.3239898126602,33.17400442552561
0,16,444,product,416,27.625,0.0,198.2104827422009,206.75059090282346,197.90148921486238,33.92186361893002
0,16,444,product,448,29.75,0.0,206.45099379106753,215.41633326409755,206.14200026372902,34.4935980203963
0,16,444,product,480,31.875,0.0,214.39094200236752,223.77550281081594,214.081948475029,35.0433398846973
0,16,444,product,512,34.0,0.0,222.0595537850863,231.9464808650756,221.7505602577478,35.66141049263528
0,64,111,prefix,32,1.5,26.5,64.0,64.0,64.0,25.092046433540553
0,64,111,prefix,64,3.0,53.0,128.0,128.0,128.0,49.729034571305505
0,64,111,prefix,96,4.5,79.5,191.8274165613117,190.12849619681768,190.12849619681768,68.90385419957133
0,64,111,prefix,128,6.0,106.0,247.2585496472344,241.46474656520132,240.91122852802673,81.94950980012685
0,64,111,prefix,160,7.5,132.5,291.67549260063663,284.63788450770517,282.5251548203153,91.10531039407273
0,64,111,prefix,192,9.0,159.0,329.16150750725467,322.2501375961239,318.57303974202,98.47421258034403
0,64,111,prefix,224,10.5,185.5,363.26369916722683,358.5033486912374,352.03226853771196,106.01351784354286
0,64,111,prefix,256,11.4140625,206.53125,390.82099676632873,389.4900469024678,379.22695525828846,113.27505346254368
0,64,111,prefix,288,11.4609375,219.46875,410.19441423035204,411.46080335083354,398.52551480135986,118.16240322493795
0,64,111,prefix,320,11.4609375,231.96875,427.3430967921579,430.62044091185913,415.4421832838303,121.93377836741443
0,64,111,prefix,352,11.4609375,244.46875,444.2462732703453,450.0561877966821,432.2483906842422,125.9140724766113
0,64,111,prefix,384,11.4609375,256.96875,461.5658723202853,470.2054942347724,449.5679897341822,130.17890902144245
0,64,111,prefix,416,11.4609375,269.46875,477.00968930015716,487.72393168620556,465.0118067140541,133.54518718390935
0,64,111,prefix,448,11.4609375,281.96875,492.09569248965624,504.38307782778736,480.09676349968686,136.23346109317035
0,64,111,prefix,480,11.4609375,294.46875,506.5217045891095,520.4810632800809,494.5227755991401,138.85028161773135
0,64,111,prefix,512,11.4609375,306.96875,520.7792683983458,536.3551160402301,508.7803394083766,141.3673668379026
0,64,111,intersection,32,1.5,26.5,64.0,64.0,64.0,25.092046433540553
0,64,111,intersection,64,3.0,53.0,128.0,128.0,128.0,49.729034571305505
0,64,111,intersection,96,4.5,79.5,191.8274165613117,190.12849619681768,190.12849619681768,68.90385419957133
0,64,111,intersection,128,6.0,106.0,247.2585496472344,241.46474656520132,240.91122852802673,81.94950980012685
0,64,111,intersection,160,7.5,132.5,291.67549260063663,284.63788450770517,282.5251548203153,91.10531039407273
0,64,111,intersection,192,8.73046875,156.484375,327.85728982778284,321.0474272837551,317.3703294296511,98.2665073069834
0,64,111,intersection,224,8.794921875,169.5859375,347.49963967151245,343.4034179433299,336.9819696255762,104.05460745721916
0,64,111,intersection,256,8.80078125,182.140625,369.0304086878753,368.595241236588,358.51122273667926,110.51076888743388
0,64,111,intersection,288,8.80078125,194.640625,387.99580080496685,390.1342753660928,377.4022697925982,115.2970739116827
0,64,111,intersection,320,8.80078125,207.140625,405.22317427689535,409.3938022542741,394.41882760222427,119.07905009180915
0,64,111,intersection,352,8.80078125,219.640625,422.22318369366735,428.9307198293132,411.3270370424721,123.07115620599103
0,64,111,intersection,384,8.80078125,232.140625,439.65900811791386,449.198356722912,428.7628614667186,127.3621859687612
0,64,111,intersection,416,8.80078125,244.640625,455.1922086001172,466.8055318800747,444.296061948922,130.7490607954696
0,64,111,intersection,448,8.80078125,257.140625,470.359201547245,483.541163709261,459.46142650858496,133.44912159654572
0,64,111,intersection,480,8.80078125,269.640625,484.85505205274734,499.7068127873825,473.9572770140873,136.07551676194174
0,64,111,intersection,512,8.80078125,282.140625,499.1794890972279,515.6476144339997,488.28171405856784,138.6038819148701
0,64,111,completed,32,1.5,26.5,64.0,64.0,64.0,25.092046433540553
0,64,111,completed,64,3.15625,46.375,120.0,120.0,120.0,47.86317603669935
0,64,111,completed,96,4.734375,69.5625,179.8274165613117,178.21391051631744,178.21391051631744,64.68162432112766
0,64,111,completed,128,5.58984375,90.046875,229.4572380229619,224.74509487694766,224.19157683977295,76.0631533203834
0,64,111,completed,160,5.876953125,105.2265625,262.4898968690393,257.4498152171111,255.35879373925854,83.68083169565502
0,64,111,completed,192,6.1640625,120.40625,294.4798540818017,289.82996347048515,286.17457382591846,89.92053527363983
0,64,111,completed,224,6.369140625,134.8203125,316.0048992509436,314.0382317713716,307.65751151037347,95.8208555852614
0,64,111,completed,256,6.57421875,149.234375,339.5555419734091,341.1806657125511,331.19650561383753,102.3965911402403
0,64,111,completed,288,6.57421875,161.734375,358.9275206697955,363.07150656183376,350.4506247917672,107.24533741567507
0,64,111,completed,320,6.57421875,174.234375,376.46481531259917,382.5919844452315,367.7281335966098,111.0557099337691
0,64,111,completed,352,6.57421875,186.734375,393.7512817255704,402.3912752701333,384.90154091436835,115.07911222935918
0,64,111,completed,384,6.57421875,199.234375,411.48911368893357,422.96432967658683,402.63937287773155,119.4389370599966
0,64,111,completed,416,6.57421875,211.734375,427.25346222644197,440.79919266923275,418.40372141523994,122.87951585057044
0,64,111,completed,448,6.57421875,224.234375,442.6282903743657,457.7298104288267,433.7750603909601,125.61012456522802
0,64,111,completed,480,6.57421875,236.734375,457.3021894882211,474.0671643479328,448.4489595048155,128.26118652940414
0,64,111,completed,512,6.57421875,249.234375,471.79643036880424,490.17678917760765,462.94320038539865,130.81847689897438
0,64,111,plugin,32,0.296875,13.25,47.0,47.0,47.0,21.469288635782757
0,64,111,plugin,64,0.296875,25.75,94.0,94.0,94.0,43.146745472450476
0,64,111,plugin,96,0.296875,38.25,139.8274165613117,138.66322219456643,138.66322219456643,60.17988590624146
0,64,111,plugin,128,0.296875,50.75,183.21858323164335,180.75119835026456,180.1976803130898,72.39787781414987
0,64,111,plugin,160,0.296875,63.25,214.13357293593845,211.1402343006354,209.04921282278272,79.76818363709367
0,64,111,plugin,192,0.296875,75.75,244.25460776295733,241.47854171743003,237.82315207286337,85.95419579614101
0,64,111,plugin,224,0.296875,88.25,264.4436297507722,264.32213447844447,257.95730802482467,91.85101745495292
0,64,111,plugin,256,0.296875,100.75,286.779528359387,290.21901837384127,280.2719058785035,98.47231994352416
0,64,111,plugin,288,0.296875,113.25,306.3029338400195,312.2386036790068,299.65739217672933,103.34447037420581
0,64,111,plugin,320,0.296875,125.75,323.9540385458848,331.85355069109755,317.02937011026495,107.16537177521698
0,64,111,plugin,352,0.296875,138.25,341.3443448806265,351.7471298755852,334.2983264951825,111.20025262954337
0,64,111,plugin,384,0.296875,150.75,359.1909304615646,372.4294138280727,352.1449120761206,115.58509198556145
0,64,111,plugin,416,0.296875,163.25,375.0381167843411,390.3452304849863,367.9920983988971,119.04505844850044
0,64,111,plugin,448,0.296875,175.75,390.48685857756675,407.34473573867064,383.4364801495435,121.78662993376373
0,64,111,plugin,480,0.296875,188.25,405.223667974245,423.7424783046287,398.1732895462218,124.44649253055569
0,64,111,plugin,512,0.296875,200.75,419.7776679522888,439.91128494785164,412.7272895242656,127.01405609199062
0,64,111,safe,32,2.125,0.0,32.0,32.0,32.0,17.921958188452308
0,64,111,safe,64,4.25,0.0,64.0,64.0,64.0,35.00646967449094
0,64,111,safe,96,6.375,0.0,95.82741656131172,94.6632221945664,94.6632221945664,47.611090992538664
0,64,111,safe,128,8.5,0.0,120.23303508206283,119.19537982114622,118.64186178397162,56.181978401226615
0,64,111,safe,160,10.625,0.0,139.11370315058957,139.6135513303509,137.52252985249837,62.545149742911995
0,64,111,safe,192,12.75,0.0,154.99373050448693,157.05794685096225,153.40255720639573,67.28693305867652
0,64,111,safe,224,14.875,0.0,169.00005178575944,173.71932689072668,167.40887848766823,72.26963874030784
0,64,111,safe,256,17.0,0.0,181.64035056593505,189.8888826222544,180.04917726784385,77.57070687014941
0,64,111,safe,288,19.125,0.0,193.31215263901842,204.19136169376702,191.72097934092722,81.66653877933696
0,64,111,safe,320,21.25,0.0,204.15718456494844,217.27936269825236,202.56601126685723,85.10179200920321
0,64,111,safe,352,23.375,0.0,214.34081287690466,230.02502379205177,212.74963957881346,88.6671586692246
0,64,111,safe,384,25.5,0.0,223.98223959631133,242.05334194887678,222.39106629822012,91.92438569600095
0,64,111,safe,416,27.625,0.0,233.15055975119927,252.97161801754407,231.55938645310806,94.43049113213203
0,64,111,safe,448,29.75,0.0,241.9100000911668,263.2235951797871,240.3188267930756,96.58846033456715
0,64,111,safe,480,31.875,0.0,250.30920224495256,273.1833984625329,248.71802894686135,98.73883593489563
0,64,111,safe,512,34.0,0.0,258.3932782051845,282.6658796909338,256.80210490709334,100.66840971697492
0,64,111,known,32,0.0,12.5,47.0,47.0,47.0,22.908330149824273
0,64,111,known,64,0.0,25.0,94.0,94.0,94.0,44.86126468132854
0,64,111,known,96,0.0,37.5,139.8274165613117,138.66322219456643,138.66322219456643,61.80414837667814
0,64,111,known,128,0.0,50.0,183.15125683428087,180.4422377169506,179.88871967977587,73.88083690009499
0,64,111,known,160,0.0,62.5,213.75091910956243,210.67118451563138,208.5801630377788,81.22164497887458
0,64,111,known,192,0.0,75.0,243.61273735897845,240.84215930884523,237.18676966427856,87.37437743997167
0,64,111,known,224,0.0,87.5,263.7176264631569,263.6155091246982,257.2448604637953,93.25318052816058
0,64,111,known,256,0.0,100.0,285.94072713287653,289.41557956113843,279.4526192094722,99.85129873345336
0,64,111,known,288,0.0,112.5,305.3873133023828,311.3700086060671,298.77184917737605,104.71156780761437
0,64,111,known,320,0.0,125.0,322.98079205454997,330.93721461843546,316.09608611118944,108.52713185423634
0,64,111,known,352,0.0,137.5,340.31861207921327,350.78319077450413,333.31678630222945,112.55620234852093
0,64,111,known,384,0.0,150.0,358.1102763419787,371.4103638518974,351.1084505649949,116.92839402531443
0,64,111,known,416,0.0,162.5,373.91565569820773,389.28536757833945,366.9138299212239,120.37856707181895
0,64,111,known,448,0.0,175.0,389.32713218746204,406.2501718891476,382.32138906215954,123.11460517422613
0,64,111,known,480,0.0,187.5,404.03225096774446,422.61751262592895,397.02650784244196,125.77002910025486
0,64,111,known,512,0.0,200.0,418.5561633699264,438.7565376771089,411.5504202446239,128.33241435571986
0,64,111,product,32,2.125,0.0,32.0,32.0,32.0,17.921958188452308
0,64,111,product,64,4.25,0.0,64.0,64.0,64.0,35.00646967449094
0,64,111,product,96,6.375,0.0,95.82741656131172,94.6632221945664,94.6632221945664,47.611090992538664
0,64,111,product,128,8.5,0.0,120.23303508206283,119.19537982114622,118.64186178397162,56.181978401226615
0,64,111,product,160,10.625,0.0,139.11370315058957,139.6135513303509,137.52252985249837,62.545149742911995
0,64,111,product,192,12.75,0.0,154.99373050448693,157.05794685096225,153.40255720639573,67.28693305867652
0,64,111,product,224,14.875,0.0,169.00005178575944,173.71932689072668,167.40887848766823,72.26963874030784
0,64,111,product,256,17.0,0.0,181.64035056593505,189.8888826222544,180.04917726784385,77.57070687014941
0,64,111,product,288,19.125,0.0,193.31215263901842,204.19136169376702,191.72097934092722,81.66653877933696
0,64,111,product,320,21.25,0.0,204.15718456494844,217.27936269825236,202.56601126685723,85.10179200920321
0,64,111,product,352,23.375,0.0,214.34081287690466,230.02502379205177,212.74963957881346,88.6671586692246
0,64,111,product,384,25.5,0.0,223.98223959631133,242.05334194887678,222.39106629822012,91.92438569600095
0,64,111,product,416,27.625,0.0,233.15055975119927,252.97161801754407,231.55938645310806,94.43049113213203
0,64,111,product,448,29.75,0.0,241.9100000911668,263.2235951797871,240.3188267930756,96.58846033456715
0,64,111,product,480,31.875,0.0,250.30920224495256,273.1833984625329,248.71802894686135,98.73883593489563
0,64,111,product,512,34.0,0.0,258.3932782051845,282.6658796909338,256.80210490709334,100.66840971697492
0,64,222,prefix,32,1.5,26.5,64.0,64.0,64.0,12.909078769945337
0,64,222,prefix,64,3.0,53.0,128.0,128.0,128.0,30.389493179372305
0,64,222,prefix,96,4.5,79.5,191.81609176328246,187.3968137463645,187.3968137463645,46.70914863518364
0,64,222,prefix,128,6.0,106.0,246.83937233813072,237.73316489066738,237.7135294217399,58.90064052771351
0,64,222,prefix,160,7.5,132.5,293.05710916955,282.12880684498725,280.3060309713511,68.14632542233412
0,64,222,prefix,192,9.0,159.0,330.9278038486143,321.19273706182673,316.2492452904903,76.47906725786729
0,64,222,prefix,224,9.515625,176.3125,360.8149177977081,353.6566167601329,345.520167852668,83.95934414059707
0,64,222,prefix,256,9.515625,188.8125,384.15015480499375,379.25334190190097,368.85540485995364,89.55164679114252
0,64,222,prefix,288,9.52734375,201.421875,400.9253915449766,397.7488016633214,385.63064159993644,93.29971867486296
0,64,222,prefix,320,9.52734375,213.921875,418.67545235951656,417.81805052665436,403.36149122327515,97.36988006947276
0,64,222,prefix,352,9.52734375,226.421875,433.3869275285139,434.71267305309567,417.92277209651354,100.88045862228365
0,64,222,prefix,384,9.52734375,238.921875,450.3879692948754,453.6264966137893,434.85689281676713,104.03305775449434
0,64,222,prefix,416,9.52734375,251.421875,464.79565423739734,469.76374623495184,449.264445102373,106.80468844983031
0,64,222,prefix,448,9.52734375,263.921875,479.05167184508866,485.6139185084882,463.5199019682627,109.41992098692171
0,64,222,prefix,480,9.52734375,276.421875,492.32461361310226,500.5287961452434,476.79284373627627,111.86881601670804
0,64,222,prefix,512,9.52734375,288.921875,504.8218676726961,514.6332560381478,489.2900977958701,114.208954894126
0,64,222,intersection,32,1.5,26.5,64.0,64.0,64.0,12.909078769945337
0,64,222,intersection,64,3.0,53.0,128.0,128.0,128.0,30.389493179372305
0,64,222,intersection,96,4.5,79.5,191.81609176328246,187.3968137463645,187.3968137463645,46.70914863518364
0,64,222,intersection,128,6.0,106.0,246.83937233813072,237.73316489066738,237.7135294217399,58.90064052771351
0,64,222,intersection,160,6.884765625,126.7578125,285.19528197845284,275.4599569473962,273.6371810737602,67.63716063761714
0,64,222,intersection,192,6.943359375,139.8046875,311.3798749911986,304.36707533140515,299.41845023372184,75.07723085546769
0,64,222,intersection,224,7.025390625,153.0703125,336.3583421467273,332.54822831007806,324.3706893816287,82.07906316049841
0,64,222,intersection,256,7.025390625,165.5703125,359.7438288983,358.27804606747367,347.75617613320145,87.70887088084835
0,64,222,intersection,288,7.025390625,178.0703125,376.5588937496124,376.8314413411499,364.57124098451385,91.47221630972224
0,64,222,intersection,320,7.025390625,190.5703125,394.3803131540342,396.9672931293899,382.3714447764438,95.55397474164218
0,64,222,intersection,352,7.025390625,203.0703125,409.13371608399655,413.8982872407207,396.9690972345718,99.06714480529533
0,64,222,intersection,384,7.025390625,215.5703125,426.1954871590361,432.868641299666,413.9604700175153,102.22424512419059
0,64,222,intersection,416,7.025390625,228.0703125,440.6435592254405,449.04508185405234,428.4081556587216,105.00100465767365
0,64,222,intersection,448,7.025390625,240.5703125,454.9402290823399,464.933424627685,442.70384144584324,107.62125859161718
0,64,222,intersection,480,7.025390625,253.0703125,468.2455333128325,479.8803086387126,456.00912801410306,110.07389841881465
0,64,222,intersection,512,7.025390625,265.5703125,480.7706880473061,494.01276214717285,468.5342827485767,112.41779651477955
0,64,222,completed,32,1.5,26.5,64.0,64.0,64.0,12.909078769945337
0,64,222,completed,64,3.29296875,40.578125,113.0,113.0,113.0,28.296655851616617
0,64,222,completed,96,5.41796875,40.578125,144.81609176328246,142.08015970365,142.08015970365,38.65410000077433
0,64,222,completed,128,7.1328125,57.96875,189.68231823032173,184.616472392171,184.57938096046075,45.999180194003074
0,64,222,completed,160,7.326171875,72.2734375,222.01778269727416,217.2161725561458,215.37594071972677,53.348534776200964
0,64,222,completed,192,7.326171875,84.7734375,251.92864148330878,248.52637200621126,243.56676557291115,61.30241337458808
0,64,222,completed,224,7.572265625,99.5703125,283.71777020234555,282.94693257253306,274.8500188446492,69.05844648938826
0,64,222,completed,256,7.572265625,112.0703125,310.18559092192663,311.27832717759213,301.15542951738746,75.47425153246364
0,64,222,completed,288,7.736328125,126.1015625,331.86801686519635,334.5856642689355,322.79253005643005,79.62924292188279
0,64,222,completed,320,7.736328125,138.6015625,351.0388332254288,355.9358447139878,341.85363356620365,83.93707102368018
0,64,222,completed,352,8.1875,155.3125,370.0144357929718,377.0269273067819,360.55066915640896,87.62703563822565
0,64,222,completed,384,8.1875,167.8125,388.1538017304616,396.98236545697665,378.53033682719774,90.86717699267574
0,64,222,completed,416,8.92578125,187.203125,412.2654734449479,423.1450348352651,402.6247714081252,94.51380299292364
0,64,222,completed,448,8.92578125,199.703125,427.2659029241227,439.6817382700608,417.59203755691647,97.22359068970921
0,64,222,completed,480,9.74609375,219.859375,444.8635946448211,458.9303600821215,435.17204073571725,99.9311572886902
0,64,222,completed,512,10.23828125,236.953125,464.2326096554263,479.7343505123493,454.36628664120946,102.48814516016783
0,64,222,plugin,32,0.8359375,12.375,47.0,47.0,47.0,11.588451929465553
0,64,222,plugin,64,0.8359375,24.875,100.0,100.0,100.0,28.018016654318387
0,64,222,plugin,96,0.8359375,37.375,153.81609176328246,150.52664362561032,150.52664362561032,42.726772887810064
0,64,222,plugin,128,0.8359375,49.875,195.88775651815055,188.7701433468683,188.75050787794086,53.206244263745326
0,64,222,plugin,160,0.8359375,62.375,223.26524069372073,217.21483585939498,215.39205998575875,61.09059659558684
0,64,222,plugin,192,0.8359375,74.875,249.438253709312,246.17179656532804,241.21775785643578,68.59744085577364
0,64,222,plugin,224,0.8359375,87.375,274.52183700325105,274.4604315587458,266.2712548111433,75.68181743353078
0,64,222,plugin,256,0.8359375,99.875,298.5716914100298,300.8247860944095,290.32110921792207,81.49420859361815
0,64,222,plugin,288,0.8359375,112.375,315.67239324447524,319.65146604686,307.4218110523675,85.33100170362341
0,64,222,plugin,320,0.8359375,124.875,333.8307984544231,340.0987307091241,325.5474051392226,89.46810949378013
0,64,222,plugin,352,0.8359375,137.375,348.78043590823927,357.19840484372435,340.31373762062,92.99355536306622
0,64,222,plugin,384,0.8359375,149.875,366.12390261960985,376.42960465209956,357.56837073648984,96.17180132312373
0,64,222,plugin,416,0.8359375,162.375,380.7584500791025,392.78618178321216,372.2012563096279,98.97252556962731
0,64,222,plugin,448,0.8359375,174.875,395.2423239384827,408.8493165383249,386.6800775937937,101.61613189289915
0,64,222,plugin,480,0.8359375,187.375,408.69571771875763,423.9422401120964,400.13270731252317,104.0861098744065
0,64,222,plugin,512,0.8359375,199.875,421.34819956421524,438.202108719765,412.78518915798077,106.44735143654398
0,64,222,safe,32,2.125,0.0,32.0,32.0,32.0,10.424887715901338
0,64,222,safe,64,4.25,0.0,64.0,64.0,64.0,23.876084875674668
0,64,222,safe,96,6.375,0.0,95.81609176328242,93.08015970365001,93.08015970365001,34.23352902483237
0,64,222,safe,128,8.5,0.0,120.2138768409036,115.84975289497575,115.83011742604832,41.041851998266196
0,64,222,safe,160,10.625,0.0,138.99912167065597,136.43813812943688,134.6153622558007,47.57523706520804
0,64,222,safe,192,12.75,0.0,154.87531729927628,155.43370835493826,150.491557884421,53.86819508586255
0,64,222,safe,224,14.875,0.0,168.90747015876187,172.58571254622512,164.5237107439066,59.3415249190163
0,64,222,safe,256,17.0,0.0,181.5761385410195,187.260262167762,177.19237912616424,63.14758693886695
0,64,222,safe,288,19.125,0.0,193.2188025320421,200.40607238540917,188.83504311718684,66.08674999418919
0,64,222,safe,320,21.25,0.0,204.05504956251053,213.4682368111406,199.67129014765527,69.49616664530163
0,64,222,safe,352,23.375,0.0,214.25291000394571,225.99943890577848,209.86915058909045,72.84707430616147
0,64,222,safe,384,25.5,0.0,223.89570865716598,237.61800803840475,219.51194924231072,75.69455230873909
0,64,222,safe,416,27.625,0.0,233.06278341786376,248.43001037861515,228.6790240030085,78.0943840164133
0,64,222,safe,448,29.75,0.0,241.81914439380282,258.75154299798754,237.43538497894755,80.32190867597788
0,64,222,safe,480,31.875,0.0,250.2217534580431,268.7017490930241,245.83799404318785,82.46268708859705
0,64,222,safe,512,34.0,0.0,258.30628158240734,278.2684276449072,253.92252216755207,84.47645819415861
0,64,222,known,32,0.0,12.5,48.0,48.0,48.0,12.788304854318474
0,64,222,known,64,0.0,25.0,101.0,101.0,101.0,29.71621379243426
0,64,222,known,96,0.0,37.5,154.81609176328246,151.01009615585997,151.01009615585997,44.299343097225155
0,64,222,known,128,0.0,50.0,196.57883012959292,188.8212424818386,188.8016070129111,54.6141923928125
0,64,222,known,160,0.0,62.5,223.68122998291773,217.0957260099269,215.27295013629063,62.44872119465339
0,64,222,known,192,0.0,75.0,249.62866934899992,245.87537200796774,240.91615114508514,69.9172409106254
0,64,222,known,224,0.0,87.5,274.5143207601484,273.99332276239886,265.78082126688156,76.95868991601178
0,64,222,known,256,0.0,100.0,298.3865515766577,300.2021808779346,289.65305208339083,82.72576877626095
0,64,222,known,288,0.0,112.5,315.41547806366594,318.962340861375,306.68197857039905,86.54447342977399
0,64,222,known,320,0.0,125.0,333.4917908200048,339.33422319744926,324.72892682202,90.66801389569534
0,64,222,known,352,0.0,137.5,348.3938947401482,356.39327465814233,339.45463662951005,94.19046480908759
0,64,222,known,384,0.0,150.0,365.66951283329223,375.56185661836116,356.64619318885906,97.363578467182
0,64,222,known,416,0.0,162.5,380.25927689548695,391.8752967710001,371.2346175163098,100.15850573587245
0,64,222,known,448,0.0,175.0,394.698267348466,407.8966728848619,385.6700139953207,102.79647979938596
0,64,222,known,480,0.0,187.5,408.1162972011777,422.9547857175425,399.0874660864367,105.26228767269812
0,64,222,known,512,0.0,200.0,420.7384251276376,437.1843302609935,411.70959401289656,107.61936705606966
0,64,222,product,32,2.125,0.0,32.0,32.0,32.0,10.424887715901338
0,64,222,product,64,4.25,0.0,64.0,64.0,64.0,23.876084875674668
0,64,222,product,96,6.375,0.0,95.81609176328242,93.08015970365001,93.08015970365001,34.23352902483237
0,64,222,product,128,8.5,0.0,120.2138768409036,115.84975289497575,115.83011742604832,41.041851998266196
0,64,222,product,160,10.625,0.0,138.99912167065597,136.43813812943688,134.6153622558007,47.57523706520804
0,64,222,product,192,12.75,0.0,154.87531729927628,155.43370835493826,150.491557884421,53.86819508586255
0,64,222,product,224,14.875,0.0,168.90747015876187,172.58571254622512,164.5237107439066,59.3415249190163
0,64,222,product,256,17.0,0.0,181.5761385410195,187.260262167762,177.19237912616424,63.14758693886695
0,64,222,product,288,19.125,0.0,193.2188025320421,200.40607238540917,188.83504311718684,66.08674999418919
0,64,222,product,320,21.25,0.0,204.05504956251053,213.4682368111406,199.67129014765527,69.49616664530163
0,64,222,product,352,23.375,0.0,214.25291000394571,225.99943890577848,209.86915058909045,72.84707430616147
0,64,222,product,384,25.5,0.0,223.89570865716598,237.61800803840475,219.51194924231072,75.69455230873909
0,64,222,product,416,27.625,0.0,233.06278341786376,248.43001037861515,228.6790240030085,78.0943840164133
0,64,222,product,448,29.75,0.0,241.81914439380282,258.75154299798754,237.43538497894755,80.32190867597788
0,64,222,product,480,31.875,0.0,250.2217534580431,268.7017490930241,245.83799404318785,82.46268708859705
0,64,222,product,512,34.0,0.0,258.30628158240734,278.2684276449072,253.92252216755207,84.47645819415861
0,64,333,prefix,32,1.5,26.5,64.0,64.0,64.0,26.747302980485593
0,64,333,prefix,64,3.0,53.0,128.0,128.0,128.0,54.63764103802763
0,64,333,prefix,96,4.5,79.5,191.8088658380728,191.10184787236454,191.10184787236454,77.58505529799201
0,64,333,prefix,128,6.0,106.0,248.01682503423245,245.69497690255739,244.1623142231074,93.43196998556796
0,64,333,prefix,160,7.5,132.5,293.93864452815836,291.6052958562742,286.7653515313104,105.34374800874812
0,64,333,prefix,192,9.0,159.0,331.48428790681425,331.5000994100433,323.0362151559699,114.5762668123221
0,64,333,prefix,224,10.5,185.5,364.909481795872,367.64265737945544,355.85927382810286,122.51480513736925
0,64,333,prefix,256,12.0,212.0,395.292582535915,400.4940962745086,385.9496883055665,129.27677899283213
0,64,333,prefix,288,12.966796875,233.5234375,420.1651503874854,427.0746549221923,410.74810138295777,134.19947082522214
0,64,333,prefix,320,13.154296875,247.7734375,440.27868589789983,448.81610384333595,430.8616368933722,138.21464475633644
0,64,333,prefix,352,13.341796875,262.0234375,457.3297784006069,467.78152460821053,447.91272939607927,141.86006903096157
0,64,333,prefix,384,13.400390625,275.0703125,473.3552401371901,486.0802630430322,463.9380286443626,145.49452100419623
0,64,333,prefix,416,13.400390625,287.5703125,487.82294943281966,502.8001180341822,478.40573793999215,148.82612698835254
0,64,333,prefix,448,13.400390625,300.0703125,503.18713143304257,519.971974063148,493.76991994021506,151.72793242073402
0,64,333,prefix,480,13.400390625,312.5703125,516.5758356702554,534.9290668147422,507.158624177428,154.22835000768498
0,64,333,prefix,512,13.400390625,325.0703125,530.7848135433154,550.7424918788843,521.353632218814,156.69571340391622
0,64,333,intersection,32,1.5,26.5,64.0,64.0,64.0,26.747302980485593
0,64,333,intersection,64,3.0,53.0,128.0,128.0,128.0,54.63764103802763
0,64,333,intersection,96,6.6328125,80.71875,191.8088658380728,191.28484210288937,191.28484210288937,77.66508449753472
0,64,333,intersection,128,8.1328125,107.21875,248.01682503423245,245.72391783185319,244.19125515240307,93.57409871165659
0,64,333,intersection,160,9.6328125,133.71875,293.42945338388563,291.3234640314761,286.48351970651197,105.39818093549044
0,64,333,intersection,192,11.1328125,160.21875,331.330350021077,331.5176765449626,323.0760884174186,114.67323569102372
0,64,333,intersection,224,12.3046875,183.65625,364.21934445681126,367.21107183001226,355.48278116154273,122.63921759926835
0,64,333,intersection,256,12.4921875,197.90625,389.4663075859086,395.1522702661388,380.7066978667605,129.2162770791913
0,64,333,intersection,288,12.6796875,212.15625,412.04655687579,419.456852051598,403.2640494594912,134.08268926696573
0,64,333,intersection,320,12.8203125,225.96875,432.38491544260665,441.3990348044109,423.6024080263079,138.15152623309402
0,64,333,intersection,352,12.826171875,238.5234375,448.70551737197377,459.5556354755736,439.923009955675,141.65263041837
0,64,333,intersection,384,12.826171875,251.0234375,464.0142797210121,477.0577695147709,455.2217597836402,145.10933886478065
0,64,333,intersection,416,12.826171875,263.5234375,478.5797330688948,493.83851164250393,469.7872131315229,148.38383515664356
0,64,333,intersection,448,12.826171875,276.0234375,494.1050489369795,511.1449618488186,485.31252899960754,151.28407662238152
0,64,333,intersection,480,12.826171875,288.5234375,507.61240372220817,526.2178626260895,498.81988378483624,153.80463071626156
0,64,333,intersection,512,12.826171875,301.0234375,521.9540649353258,542.1575172659793,513.1440716597159,156.28630964045243
0,64,333,completed,32,1.828125,26.6875,64.0,64.0,64.0,26.68151350680138
0,64,333,completed,64,4.00390625,52.734375,127.0,127.0,127.0,53.639820845023685
0,64,333,completed,96,5.54296875,77.578125,188.8088658380728,188.21296705136666,188.21296705136666,75.43183166470683
0,64,333,completed,128,7.04296875,104.078125,245.17378616863857,242.8242484095106,241.29158573006066,91.01901848754164
0,64,333,completed,160,8.173828125,127.1328125,285.30882360254714,283.84961621985826,279.0096718948945,102.06355298911778
0,64,333,completed,192,9.22265625,149.421875,320.9432444197796,322.0660732053657,313.6129826656304,110.88784703386574
0,64,333,completed,224,9.97265625,168.921875,350.98268875058926,355.0145117547305,343.288472118009,118.22734460116172
0,64,333,completed,256,10.3828125,185.25,376.18570833873196,382.8733682252477,368.44565052375214,124.43593576899485
0,64,333,completed,288,10.95703125,203.109375,400.88987898690254,409.2700352895503,393.08740580097395,128.99484849155067
0,64,333,completed,320,11.490234375,220.5859375,423.00507345214544,432.9872495497681,415.20260026621685,132.76614454804243
0,64,333,completed,352,11.654296875,234.6171875,440.9727344122381,452.8690541723415,433.1702612263095,136.3546277546535
0,64,333,completed,384,12.1875,252.09375,458.91121270265904,473.0366391572767,451.0959703777851,139.90078005411988
0,64,333,completed,416,12.802734375,270.3359375,477.071459397155,493.5301091224404,469.25574907720267,143.43096983522582
0,64,333,completed,448,13.130859375,285.8984375,494.2094662232878,512.4668923600718,486.39375590333543,146.42695639327368
0,64,333,completed,480,13.828125,304.90625,510.6618650287461,530.486965664799,502.838007044927,149.04399866034012
0,64,333,completed,512,13.91015625,318.171875,525.1306250028955,546.5469731371722,517.2853404282282,151.53955587163756
0,64,333,plugin,32,1.61328125,5.328125,40.0,40.0,40.0,18.361922313680775
0,64,333,plugin,64,2.41015625,13.140625,83.0,83.0,83.0,39.38493341917252
0,64,333,plugin,96,2.54296875,24.859375,127.80886583807275,127.44395364853888,127.44395364853888,57.41618536075315
0,64,333,plugin,128,2.54296875,37.359375,164.41324481624437,165.54469968337497,164.0120370039248,70.0950924969845
0,64,333,plugin,160,2.54296875,49.859375,194.19609553825913,197.47960779728953,192.63966347232568,79.53166212402166
0,64,333,plugin,192,2.54296875,62.359375,226.79485933293563,231.79521517390035,223.41643996609125,87.81192648908358
0,64,333,plugin,224,2.54296875,74.859375,250.5966615812784,258.5944880055936,247.10608678974927,94.676065523296
0,64,333,plugin,256,2.54296875,87.359375,275.14456692260444,285.5409794601541,271.5927377242965,101.06722082656461
0,64,333,plugin,288,2.54296875,99.859375,298.00472353669926,309.75581453736316,294.12002514194427,105.71903542431234
0,64,333,plugin,320,2.54296875,112.359375,317.3368283002213,330.45415500187676,313.416215841068,109.43153904659542
0,64,333,plugin,352,2.54296875,124.859375,334.3915460948158,349.3126505118732,330.47093363566245,113.03172075647204
0,64,333,plugin,384,2.54296875,137.359375,350.365871666975,367.43547689729695,346.40473484196906,116.57684453707398
0,64,333,plugin,416,2.54296875,149.859375,365.50449438946805,384.7605368238655,361.5367017889436,119.92112480897384
0,64,333,plugin,448,2.54296875,162.359375,381.7084260067456,402.7110820897417,377.74063340622115,122.92474698800021
0,64,333,plugin,480,2.54296875,174.859375,395.6932652473441,418.2428445485873,391.72547264681964,125.52838338121218
0,64,333,plugin,512,2.54296875,187.359375,410.56033860269804,434.6763158801685,406.55582037644473,128.0684175519626
0,64,333,safe,32,2.125,0.0,32.0,32.0,32.0,17.078588980347444
0,64,333,safe,64,4.25,0.0,64.0,64.0,64.0,34.994196378435475
0,64,333,safe,96,6.375,0.0,95.80886583807275,95.44395364853888,95.44395364853888,49.73799250690467
0,64,333,safe,128,8.5,0.0,120.4132448162445,121.55354556581878,120.02088288636871,59.886314206292674
0,64,333,safe,160,10.625,0.0,139.26744042567498,143.71502282076298,138.8750784957992,67.99279129371759
0,64,333,safe,192,12.75,0.0,155.18558495956742,163.17199823750062,154.79322302969163,74.74715450560832
0,64,333,safe,224,14.875,0.0,169.20422173634415,180.01873730877557,168.81185980646836,79.91521921875024
0,64,333,safe,256,17.0,0.0,181.84935022479982,194.96258509208045,181.45698829492403,83.99057940036897
0,64,333,safe,288,19.125,0.0,193.50603105092065,208.30681357776257,193.11366912104486,87.12816072372608
0,64,333,safe,320,21.25,0.0,204.34821436213034,220.5159163097274,203.95585243225455,89.6845156810719
0,64,333,safe,352,23.375,0.0,214.52704199855808,232.35248513230724,214.1346800686823,92.3407900698735
0,64,333,safe,384,25.5,0.0,224.16119430744146,244.16353511536622,223.76883237756567,95.38074892288383
0,64,333,safe,416,27.625,0.0,233.333314412408,255.4912863104687,232.9409524825322,98.29632948544999
0,64,333,safe,448,29.75,0.0,242.0950633493403,265.9065930665077,241.70270141946452,100.61762828168125
0,64,333,safe,480,31.875,0.0,250.49872615145054,275.73285844882935,250.10636422157475,102.63446598158552
0,64,333,safe,512,34.0,0.0,258.58358081936524,285.3876506612112,258.1912188894895,104.73635074764572
0,64,333,known,32,0.0,12.5,46.0,46.0,46.0,22.232457334215795
0,64,333,known,64,0.0,25.0,94.0,94.0,94.0,45.40821652716336
0,64,333,known,96,0.0,37.5,139.8088658380728,139.4439536485389,139.4439536485389,63.652317427764686
0,64,333,known,128,0.0,50.0,176.38875193776747,176.62876487186415,175.09610219241407,75.89941136966057
0,64,333,known,160,0.0,62.5,204.8741950937017,207.21851862104626,202.37857429608246,85.0279518857963
0,64,333,known,192,0.0,75.0,235.09878169644708,239.96233108095203,231.58355587314313,93.0309959913281
0,64,333,known,224,0.0,87.5,257.8683693978263,265.8621716375614,254.33035950784037,99.64092902336262
0,64,333,known,256,0.0,100.0,281.27971622185106,291.86778326213175,277.7196123298131,105.73403515021747
0,64,333,known,288,0.0,112.5,303.26377252293116,315.38809319557635,299.55237460369625,110.21940206042684
0,64,333,known,320,0.0,125.0,322.0468576301373,335.61274560421896,318.33262943149936,113.82052331713655
0,64,333,known,352,0.0,137.5,338.7154768595389,354.1172928515977,335.00124866090096,117.33816465596406
0,64,333,known,384,0.0,150.0,354.38350379670874,371.96152986844737,350.64902379555116,120.84270152063254
0,64,333,known,416,0.0,162.5,369.264807627727,389.0438764706477,365.5283863205144,124.15520304208945
0,64,333,known,448,0.0,175.0,385.1654301325406,406.7087092667836,381.429008825328,127.11208881636635
0,64,333,known,480,0.0,187.5,398.9379580259585,422.03790216378144,395.2015367187459,129.67840573765656
0,64,333,known,512,0.0,200.0,413.5731204922326,438.25462546545134,409.8094901826297,132.19236777852046
0,64,333,product,32,2.125,0.0,32.0,32.0,32.0,17.078588980347444
0,64,333,product,64,4.25,0.0,64.0,64.0,64.0,34.994196378435475
0,64,333,product,96,6.375,0.0,95.80886583807275,95.44395364853888,95.44395364853888,49.73799250690467
0,64,333,product,128,8.5,0.0,120.4132448162445,121.55354556581878,120.02088288636871,59.886314206292674
0,64,333,product,160,10.625,0.0,139.26744042567498,143.71502282076298,138.8750784957992,67.99279129371759
0,64,333,product,192,12.75,0.0,155.18558495956742,163.17199823750062,154.79322302969163,74.74715450560832
0,64,333,product,224,14.875,0.0,169.20422173634415,180.01873730877557,168.81185980646836,79.91521921875024
0,64,333,product,256,17.0,0.0,181.84935022479982,194.96258509208045,181.45698829492403,83.99057940036897
0,64,333,product,288,19.125,0.0,193.50603105092065,208.30681357776257,193.11366912104486,87.12816072372608
0,64,333,product,320,21.25,0.0,204.34821436213034,220.5159163097274,203.95585243225455,89.6845156810719
0,64,333,product,352,23.375,0.0,214.52704199855808,232.35248513230724,214.1346800686823,92.3407900698735
0,64,333,product,384,25.5,0.0,224.16119430744146,244.16353511536622,223.76883237756567,95.38074892288383
0,64,333,product,416,27.625,0.0,233.333314412408,255.4912863104687,232.9409524825322,98.29632948544999
0,64,333,product,448,29.75,0.0,242.0950633493403,265.9065930665077,241.70270141946452,100.61762828168125
0,64,333,product,480,31.875,0.0,250.49872615145054,275.73285844882935,250.10636422157475,102.63446598158552
0,64,333,product,512,34.0,0.0,258.58358081936524,285.3876506612112,258.1912188894895,104.73635074764572
0,64,444,prefix,32,1.5,26.5,64.0,64.0,64.0,20.278027554469478
0,64,444,prefix,64,3.0,53.0,128.0,128.0,128.0,42.245646277622505
0,64,444,prefix,96,4.5,79.5,191.83804331884727,189.0078338610781,189.0078338610781,59.81821987066451
0,64,444,prefix,128,6.0,106.0,246.56224207484942,239.93810276945652,239.23158266607703,72.29075771210736
0,64,444,prefix,160,7.5,132.5,291.6621885116162,284.22866844187786,281.1332915493285,82.6289915872195
0,64,444,prefix,192,8.818359375,157.3046875,328.9821230697179,322.0608679120568,316.1428380468628,90.28979193443199
0,64,444,prefix,224,10.048828125,181.2890625,361.0240491676969,355.39720802720484,346.80753428827506,96.26725983667887
0,64,444,prefix,256,10.048828125,193.7890625,381.82066665210743,378.7377818071485,367.58330188403886,101.40625694732499
0,64,444,prefix,288,10.048828125,206.2890625,399.7825898736527,399.25819208128775,385.5086785712042,106.06670212718052
0,64,444,prefix,320,10.048828125,218.7890625,419.6683028783006,421.4014972440994,405.31604717591694,110.31135853410598
0,64,444,prefix,352,10.048828125,231.2890625,437.1706431016641,440.75187437491627,422.75274343130906,113.84158794887867
0,64,444,prefix,384,10.048828125,243.7890625,451.2811130663602,456.86982026203566,436.86321339600516,117.04989786611844
0,64,444,prefix,416,10.048828125,256.2890625,466.6913370154799,474.6442139197678,452.2734373451249,120.59006931055993
0,64,444,prefix,448,10.048828125,268.7890625,481.85005124838074,491.86910268276637,467.4321515780257,123.7661888524717
0,64,444,prefix,480,10.048828125,281.2890625,496.03108198966197,507.8596419134389,481.61318231930693,126.53788639065232
0,64,444,prefix,512,10.048828125,293.7890625,508.28913345189517,521.928989182181,493.8712337815401,129.1102529588262
0,64,444,intersection,32,1.6640625,26.59375,64.0,64.0,64.0,20.278027554469478
0,64,444,intersection,64,4.4765625,53.84375,128.0,128.0,128.0,42.107092181290916
0,64,444,intersection,96,5.9765625,80.34375,191.83804331884727,189.33818603605604,189.33818603605604,59.53600809895023
0,64,444,intersection,128,8.044921875,106.3984375,243.7867208940009,238.39872753317763,237.69220742979826,72.0025488998175
0,64,444,intersection,160,9.357421875,131.1484375,286.508811038643,281.1179372557141,278.0225603631648,82.33636441053731
0,64,444,intersection,192,10.30078125,152.453125,323.4119358719718,318.7605669482448,312.8425370830506,90.10365996187355
0,64,444,intersection,224,10.30078125,164.953125,346.222635046955,343.659029766971,335.07846409609243,95.5915587777851
0,64,444,intersection,256,10.30078125,177.453125,367.5171938139388,367.4384127359987,356.3060917889327,100.80923285115114
0,64,444,intersection,288,10.30078125,189.953125,385.8297079835434,388.2629193008492,374.5417491934005,105.52579506222371
0,64,444,intersection,320,10.30078125,202.453125,406.14561373430814,410.78620822711025,394.7302437427905,109.8273260459211
0,64,444,intersection,352,10.30078125,214.953125,423.96132746877845,430.41589644580785,412.45793932243237,113.4048963698789
0,64,444,intersection,384,10.30078125,227.453125,438.24262426451935,446.70706357668485,426.73923611817327,116.65283478717734
0,64,444,intersection,416,10.30078125,239.953125,453.87005337027557,464.71136950949017,442.3666652239295,120.2476416542726
0,64,444,intersection,448,10.30078125,252.453125,469.235427252687,482.1400975978186,457.7320391063409,123.4620328119155
0,64,444,intersection,480,10.30078125,264.953125,483.58727176527964,498.29389188378235,472.08388361893356,126.25728324061049
0,64,444,intersection,512,10.30078125,277.453125,495.95960351702985,512.4781863264583,484.45621537068376,128.84855320437904
0,64,444,completed,32,1.5,26.5,64.0,64.0,64.0,20.278027554469478
0,64,444,completed,64,3.15625,46.375,120.0,120.0,120.0,40.791705370469536
0,64,444,completed,96,4.83984375,64.484375,173.83804331884727,172.48158603186,172.48158603186,56.92478092722943
0,64,444,completed,128,6.216796875,89.8359375,226.38291753130892,223.38964222024865,222.6780148546359,69.52633640401608
0,64,444,completed,160,7.447265625,113.8203125,271.5701787288024,267.6983977065174,264.597913551735,80.06163528585279
0,64,444,completed,192,8.5546875,136.65625,308.55676127677555,305.0073153223678,299.0841781949407,87.73342164283939
0,64,444,completed,224,8.96484375,152.984375,333.7300511940972,332.05161522090816,323.4700231671647,93.32914779271096
0,64,444,completed,256,9.703125,172.375,359.48305722341297,360.30044343065543,349.1252173284359,98.6849602499127
0,64,444,completed,288,9.703125,184.875,377.95999265322416,381.2648442546007,367.5013101806337,103.4279985083177
0,64,444,completed,320,10.27734375,202.734375,401.3799503784333,406.8875329558951,390.7660480457148,107.8164058615391
0,64,444,completed,352,10.27734375,215.234375,419.33868574262954,426.6430853784324,408.62462761068286,111.4157371201641
0,64,444,completed,384,10.27734375,227.734375,433.69717686340846,443.0119550346197,422.9831187314618,114.68176402430977
0,64,444,completed,416,10.27734375,240.234375,449.4220561035276,461.1189131400005,438.70799797158094,118.30136704208387
0,64,444,completed,448,10.27734375,252.734375,464.8796534029257,478.63808056731136,454.16559527097905,121.53301288379873
0,64,444,completed,480,10.27734375,265.234375,479.30728594563993,494.863923532249,468.59322781369326,124.33881984401947
0,64,444,completed,512,10.27734375,277.734375,491.7300866893449,509.09879860747276,481.0160285573982,126.93852782333573
0,64,444,plugin,32,0.212890625,13.4765625,50.0,50.0,50.0,17.258929169194626
0,64,444,plugin,64,0.212890625,25.9765625,100.0,100.0,100.0,34.509013017795944
0,64,444,plugin,96,0.212890625,38.4765625,144.83804331884727,142.6916595468189,142.6916595468189,48.07268634965029
0,64,444,plugin,128,0.212890625,50.9765625,184.42075006830885,180.41835979991663,179.71183969653728,58.421806316887825
0,64,444,plugin,160,0.212890625,63.4765625,215.63785557346,212.34773668189874,209.2523597893496,66.86437918666478
0,64,444,plugin,192,0.212890625,75.9765625,243.21513246294066,241.4735011408555,235.55547127566146,73.645699668022
0,64,444,plugin,224,0.212890625,88.4765625,266.13960123765315,266.45754814894536,257.8785790405912,79.14354693204119
0,64,444,plugin,256,0.212890625,100.9765625,287.5263934360407,290.31694908344974,279.1866853181104,84.37589186999672
0,64,444,plugin,288,0.212890625,113.4765625,305.90323481621715,311.19639629461534,297.4778245575287,89.10280282998926
0,64,444,plugin,320,0.212890625,125.9765625,326.29700863755204,333.7877037559752,317.73433764201746,93.41471236030289
0,64,444,plugin,352,0.212890625,138.4765625,344.16897649228616,353.46701942380486,335.5135883826033,97.00083136859267
0,64,444,plugin,384,0.212890625,150.9765625,358.4806937916475,369.788850872808,349.82530568196466,100.2558852816264
0,64,444,plugin,416,0.212890625,163.4765625,374.14657838430475,387.8337029746504,365.49119027462183,103.8604568370601
0,64,444,plugin,448,0.212890625,175.9765625,389.54838217726603,405.29819559154504,380.8929940675831,107.08165137371485
0,64,444,plugin,480,0.212890625,188.4765625,403.9301969218036,421.48051007897226,395.2748088121207,109.88106875335494
0,64,444,plugin,512,0.212890625,200.9765625,416.32250398798004,435.68483764331495,407.6671158782971,112.47567198166173
0,64,444,safe,32,2.125,0.0,32.0,32.0,32.0,16.024033509298967
0,64,444,safe,64,4.25,0.0,64.0,64.0,64.0,31.522638844893123
0,64,444,safe,96,6.375,0.0,95.83804331884724,94.54926226314669,94.54926226314669,43.77774270329436
0,64,444,safe,128,8.5,0.0,120.23895979413486,119.41590947800233,118.70938937462289,52.68311970025812
0,64,444,safe,160,10.625,0.0,139.10820956997335,140.67401604301068,137.57863915046138,59.88622609774717
0,64,444,safe,192,12.75,0.0,155.01834859396828,159.40680803965037,153.48877817445631,65.91640588954
0,64,444,safe,224,14.875,0.0,169.0320206834862,176.0653466302474,167.50245026397423,70.89627012200395
0,64,444,safe,256,17.0,0.0,181.70299892281403,191.2860240342034,180.17342850330206,75.24845992427377
0,64,444,safe,288,19.125,0.0,193.3571162380477,205.5284493211844,191.82754581853573,79.28423804892982
0,64,444,safe,320,21.25,0.0,204.20986540854392,218.71599286855178,202.68029498903195,82.81903382167813
0,64,444,safe,352,23.375,0.0,214.3998406911477,230.75630042964227,212.87027027163572,85.67904694899057
0,64,444,safe,384,25.5,0.0,224.03248388942262,242.1310450051026,222.50291346991065,88.28270039440226
0,64,444,safe,416,27.625,0.0,233.20349240134948,253.19275910923625,231.6739219818375,90.93224386599967
0,64,444,safe,448,29.75,0.0,241.96431403608236,263.7856721745595,240.4347436165704,93.43114897151516
0,64,444,safe,480,31.875,0.0,250.37127878731576,273.91597877529745,248.8417083678038,95.75202788983563
0,64,444,safe,512,34.0,0.0,258.45624470098335,283.6577169915283,256.92667428147143,97.9408586597448
0,64,444,known,32,0.0,12.5,49.0,49.0,49.0,19.00215816242362
0,64,444,known,64,0.0,25.0,99.0,99.0,99.0,36.918173234485735
0,64,444,known,96,0.0,37.5,143.83804331884727,141.57931670654597,141.57931670654597,50.50641366920736
0,64,444,known,128,0.0,50.0,183.35211405412272,179.17517545973274,178.46865535635328,60.829110444193326
0,64,444,known,160,0.0,62.5,214.41897957275123,211.0198458739164,207.92446898136717,69.25401091456632
0,64,444,known,192,0.0,75.0,241.897629223606,240.08102738513986,234.16299751994575,76.02658998001083
0,64,444,known,224,0.0,87.5,264.7646526021924,265.021957386229,256.4421745375808,81.51941470066373
0,64,444,known,256,0.0,100.0,286.1049601280214,288.8410800151522,277.70976803562405,86.74436246540176
0,64,444,known,288,0.0,112.5,304.44940543462315,309.6928918628904,295.9730474220169,91.4660599897784
0,64,444,known,320,0.0,125.0,324.8040053158138,332.25000999521455,316.19537117747007,95.77274530791097
0,64,444,known,352,0.0,137.5,342.6476909311204,351.9043947165058,333.9487142487214,99.35456464147582
0,64,444,known,384,0.0,150.0,356.9441234388888,368.21082590478153,348.2451467564898,102.60604126270809
0,64,444,known,416,0.0,162.5,372.59069459491667,386.2353206946639,363.89171791251766,106.20570537265311
0,64,444,known,448,0.0,175.0,387.97420826282956,403.6818636454789,379.27523158043056,109.42348211506732
0,64,444,known,480,0.0,187.5,402.34098135983567,419.8498689097992,393.64200467743666,112.22080690469394
0,64,444,known,512,0.0,200.0,414.72326593742,434.0441472007338,406.024289255021,114.81373662581449
0,64,444,product,32,2.125,0.0,32.0,32.0,32.0,16.024033509298967
0,64,444,product,64,4.25,0.0,64.0,64.0,64.0,31.522638844893123
0,64,444,product,96,6.375,0.0,95.83804331884724,94.54926226314669,94.54926226314669,43.77774270329436
0,64,444,product,128,8.5,0.0,120.23895979413486,119.41590947800233,118.70938937462289,52.68311970025812
0,64,444,product,160,10.625,0.0,139.10820956997335,140.67401604301068,137.57863915046138,59.88622609774717
0,64,444,product,192,12.75,0.0,155.01834859396828,159.40680803965037,153.48877817445631,65.91640588954
0,64,444,product,224,14.875,0.0,169.0320206834862,176.0653466302474,167.50245026397423,70.89627012200395
0,64,444,product,256,17.0,0.0,181.70299892281403,191.2860240342034,180.17342850330206,75.24845992427377
0,64,444,product,288,19.125,0.0,193.3571162380477,205.5284493211844,191.82754581853573,79.28423804892982
0,64,444,product,320,21.25,0.0,204.20986540854392,218.71599286855178,202.68029498903195,82.81903382167813
0,64,444,product,352,23.375,0.0,214.3998406911477,230.75630042964227,212.87027027163572,85.67904694899057
0,64,444,product,384,25.5,0.0,224.03248388942262,242.1310450051026,222.50291346991065,88.28270039440226
0,64,444,product,416,27.625,0.0,233.20349240134948,253.19275910923625,231.6739219818375,90.93224386599967
0,64,444,product,448,29.75,0.0,241.96431403608236,263.7856721745595,240.4347436165704,93.43114897151516
0,64,444,product,480,31.875,0.0,250.37127878731576,273.91597877529745,248.8417083678038,95.75202788983563
0,64,444,product,512,34.0,0.0,258.45624470098335,283.6577169915283,256.92667428147143,97.9408586597448
8,0,111,prefix,32,0.0,15.5,63.87090661032306,63.87090661032306,63.87090661032306,0.0
8,0,111,prefix,64,0.0,31.0,119.56151971649908,119.56151971649908,119.56151971649908,0.0
8,0,111,prefix,96,0.0,46.5,165.68697027097377,165.68697027097377,165.68697027097377,0.0
8,0,111,prefix,128,0.0,62.0,204.0341515431127,204.0341515431127,204.0341515431127,0.0
8,0,111,prefix,160,0.0,77.5,237.7958663906483,237.7958663906483,237.7958663906483,0.0
8,0,111,prefix,192,0.0,93.0,267.93257905881245,267.93257905881245,267.93257905881245,0.0
8,0,111,prefix,224,0.0,108.5,296.3599372635865,296.3599372635865,296.3599372635865,0.0
8,0,111,prefix,256,0.0,124.0,322.35908379938223,322.35908379938223,322.35908379938223,0.0
8,0,111,prefix,288,0.0,139.5,347.7584010196051,347.7584010196051,347.7584010196051,0.0
8,0,111,prefix,320,0.0,155.0,371.1318919725813,371.1318919725813,371.1318919725813,0.0
8,0,111,prefix,352,0.0,170.5,393.3505946392717,393.3505946392717,393.3505946392717,0.0
8,0,111,prefix,384,0.0,186.0,414.7182402116859,414.7182402116859,414.7182402116859,0.0
8,0,111,prefix,416,0.0,201.5,435.0094372283729,435.0094372283729,435.0094372283729,0.0
8,0,111,prefix,448,0.0,217.0,454.48911755856625,454.48911755856625,454.48911755856625,0.0
8,0,111,prefix,480,0.0,232.5,473.23830228749887,473.23830228749887,473.23830228749887,0.0
8,0,111,prefix,512,0.0,248.0,491.321477498931,491.321477498931,491.321477498931,0.0
8,0,111,intersection,32,0.0,15.5,63.87090661032306,63.87090661032306,63.87090661032306,0.0
8,0,111,intersection,64,0.0,31.0,119.56151971649908,119.56151971649908,119.56151971649908,0.0
8,0,111,intersection,96,0.0,46.5,165.68697027097377,165.68697027097377,165.68697027097377,0.0
8,0,111,intersection,128,0.0,62.0,204.0341515431127,204.0341515431127,204.0341515431127,0.0
8,0,111,intersection,160,0.0,77.5,237.7958663906483,237.7958663906483,237.7958663906483,0.0
8,0,111,intersection,192,0.0,93.0,267.93257905881245,267.93257905881245,267.93257905881245,0.0
8,0,111,intersection,224,0.0,108.5,296.3599372635865,296.3599372635865,296.3599372635865,0.0
8,0,111,intersection,256,0.0,124.0,322.35908379938223,322.35908379938223,322.35908379938223,0.0
8,0,111,intersection,288,0.0,139.5,347.7584010196051,347.7584010196051,347.7584010196051,0.0
8,0,111,intersection,320,0.0,155.0,371.1318919725813,371.1318919725813,371.1318919725813,0.0
8,0,111,intersection,352,0.0,170.5,393.3505946392717,393.3505946392717,393.3505946392717,0.0
8,0,111,intersection,384,0.0,186.0,414.7182402116859,414.7182402116859,414.7182402116859,0.0
8,0,111,intersection,416,0.0,201.5,435.0094372283729,435.0094372283729,435.0094372283729,0.0
8,0,111,intersection,448,0.0,217.0,454.48911755856625,454.48911755856625,454.48911755856625,0.0
8,0,111,intersection,480,0.0,232.5,473.23830228749887,473.23830228749887,473.23830228749887,0.0
8,0,111,intersection,512,0.0,248.0,491.321477498931,491.321477498931,491.321477498931,0.0
8,0,111,completed,32,0.0,15.5,63.87090661032306,63.87090661032306,63.87090661032306,0.0
8,0,111,completed,64,0.0,31.0,119.56151971649908,119.56151971649908,119.56151971649908,0.0
8,0,111,completed,96,0.0,46.5,165.68697027097377,165.68697027097377,165.68697027097377,0.0
8,0,111,completed,128,0.0,62.0,204.0341515431127,204.0341515431127,204.0341515431127,0.0
8,0,111,completed,160,0.0,77.5,237.7958663906483,237.7958663906483,237.7958663906483,0.0
8,0,111,completed,192,0.0,93.0,267.93257905881245,267.93257905881245,267.93257905881245,0.0
8,0,111,completed,224,0.0,108.5,296.3599372635865,296.3599372635865,296.3599372635865,0.0
8,0,111,completed,256,0.0,124.0,322.35908379938223,322.35908379938223,322.35908379938223,0.0
8,0,111,completed,288,0.0,139.5,347.7584010196051,347.7584010196051,347.7584010196051,0.0
8,0,111,completed,320,0.0,155.0,371.1318919725813,371.1318919725813,371.1318919725813,0.0
8,0,111,completed,352,0.0,170.5,393.3505946392717,393.3505946392717,393.3505946392717,0.0
8,0,111,completed,384,0.0,186.0,414.7182402116859,414.7182402116859,414.7182402116859,0.0
8,0,111,completed,416,0.0,201.5,435.0094372283729,435.0094372283729,435.0094372283729,0.0
8,0,111,completed,448,0.0,217.0,454.48911755856625,454.48911755856625,454.48911755856625,0.0
8,0,111,completed,480,0.0,232.5,473.23830228749887,473.23830228749887,473.23830228749887,0.0
8,0,111,completed,512,0.0,248.0,491.321477498931,491.321477498931,491.321477498931,0.0
8,0,111,plugin,32,0.0,15.5,63.87090661032306,63.87090661032306,63.87090661032306,0.0
8,0,111,plugin,64,0.0,31.0,119.56151971649908,119.56151971649908,119.56151971649908,0.0
8,0,111,plugin,96,0.0,46.5,165.68697027097377,165.68697027097377,165.68697027097377,0.0
8,0,111,plugin,128,0.0,62.0,204.0341515431127,204.0341515431127,204.0341515431127,0.0
8,0,111,plugin,160,0.0,77.5,237.7958663906483,237.7958663906483,237.7958663906483,0.0
8,0,111,plugin,192,0.0,93.0,267.93257905881245,267.93257905881245,267.93257905881245,0.0
8,0,111,plugin,224,0.0,108.5,296.3599372635865,296.3599372635865,296.3599372635865,0.0
8,0,111,plugin,256,0.0,124.0,322.35908379938223,322.35908379938223,322.35908379938223,0.0
8,0,111,plugin,288,0.0,139.5,347.7584010196051,347.7584010196051,347.7584010196051,0.0
8,0,111,plugin,320,0.0,155.0,371.1318919725813,371.1318919725813,371.1318919725813,0.0
8,0,111,plugin,352,0.0,170.5,393.3505946392717,393.3505946392717,393.3505946392717,0.0
8,0,111,plugin,384,0.0,186.0,414.7182402116859,414.7182402116859,414.7182402116859,0.0
8,0,111,plugin,416,0.0,201.5,435.0094372283729,435.0094372283729,435.0094372283729,0.0
8,0,111,plugin,448,0.0,217.0,454.48911755856625,454.48911755856625,454.48911755856625,0.0
8,0,111,plugin,480,0.0,232.5,473.23830228749887,473.23830228749887,473.23830228749887,0.0
8,0,111,plugin,512,0.0,248.0,491.321477498931,491.321477498931,491.321477498931,0.0
8,0,111,safe,32,17.875,0.0,31.870906610323058,31.870906610323058,31.870906610323058,0.0
8,0,111,safe,64,35.75,0.0,56.62602532359681,56.62602532359681,56.62602532359681,0.0
8,0,111,safe,96,53.625,0.0,75.57678534082027,75.57678534082027,75.57678534082027,0.0
8,0,111,safe,128,71.5,0.0,91.53805555871214,91.53805555871214,91.53805555871214,0.0
8,0,111,safe,160,89.375,0.0,105.59305572623141,105.59305572623141,105.59305572623141,0.0
8,0,111,safe,192,107.25,0.0,118.29566793107824,118.29566793107824,118.29566793107824,0.0
8,0,111,safe,224,125.125,0.0,129.9743422892114,129.9743422892114,129.9743422892114,0.0
8,0,111,safe,256,143.0,0.0,140.8428298908975,140.8428298908975,140.8428298908975,0.0
8,0,111,safe,288,160.875,0.0,151.0494770532225,151.0494770532225,151.0494770532225,0.0
8,0,111,safe,320,178.75,0.0,160.70222482784158,160.70222482784158,160.70222482784158,0.0
8,0,111,safe,352,196.625,0.0,169.88251926161962,169.88251926161962,169.88251926161962,0.0
8,0,111,safe,384,214.5,0.0,178.6536103916683,178.6536103916683,178.6536103916683,0.0
8,0,111,safe,416,232.375,0.0,187.06578102420465,187.06578102420465,187.06578102420465,0.0
8,0,111,safe,448,250.25,0.0,195.15978898401238,195.15978898401238,195.15978898401238,0.0
8,0,111,safe,480,268.125,0.0,202.96921666642967,202.96921666642967,202.96921666642967,0.0
8,0,111,safe,512,286.0,0.0,210.52212411275138,210.52212411275138,210.52212411275138,0.0
8,0,111,known,32,0.0,15.5,63.87090661032306,63.87090661032306,63.87090661032306,0.0
8,0,111,known,64,0.0,31.0,119.56151971649908,119.56151971649908,119.56151971649908,0.0
8,0,111,known,96,0.0,46.5,165.68697027097377,165.68697027097377,165.68697027097377,0.0
8,0,111,known,128,0.0,62.0,204.0341515431127,204.0341515431127,204.0341515431127,0.0
8,0,111,known,160,0.0,77.5,237.7958663906483,237.7958663906483,237.7958663906483,0.0
8,0,111,known,192,0.0,93.0,267.93257905881245,267.93257905881245,267.93257905881245,0.0
8,0,111,known,224,0.0,108.5,296.3599372635865,296.3599372635865,296.3599372635865,0.0
8,0,111,known,256,0.0,124.0,322.35908379938223,322.35908379938223,322.35908379938223,0.0
8,0,111,known,288,0.0,139.5,347.7584010196051,347.7584010196051,347.7584010196051,0.0
8,0,111,known,320,0.0,155.0,371.1318919725813,371.1318919725813,371.1318919725813,0.0
8,0,111,known,352,0.0,170.5,393.3505946392717,393.3505946392717,393.3505946392717,0.0
8,0,111,known,384,0.0,186.0,414.7182402116859,414.7182402116859,414.7182402116859,0.0
8,0,111,known,416,0.0,201.5,435.0094372283729,435.0094372283729,435.0094372283729,0.0
8,0,111,known,448,0.0,217.0,454.48911755856625,454.48911755856625,454.48911755856625,0.0
8,0,111,known,480,0.0,232.5,473.23830228749887,473.23830228749887,473.23830228749887,0.0
8,0,111,known,512,0.0,248.0,491.321477498931,491.321477498931,491.321477498931,0.0
8,0,111,product,32,0.0,15.5,63.87090661032306,63.87090661032306,63.87090661032306,0.0
8,0,111,product,64,0.0,31.0,119.56151971649908,119.56151971649908,119.56151971649908,0.0
8,0,111,product,96,0.0,46.5,165.68697027097377,165.68697027097377,165.68697027097377,0.0
8,0,111,product,128,0.0,62.0,204.0341515431127,204.0341515431127,204.0341515431127,0.0
8,0,111,product,160,0.0,77.5,237.7958663906483,237.7958663906483,237.7958663906483,0.0
8,0,111,product,192,0.0,93.0,267.93257905881245,267.93257905881245,267.93257905881245,0.0
8,0,111,product,224,0.0,108.5,296.3599372635865,296.3599372635865,296.3599372635865,0.0
8,0,111,product,256,0.0,124.0,322.35908379938223,322.35908379938223,322.35908379938223,0.0
8,0,111,product,288,0.0,139.5,347.7584010196051,347.7584010196051,347.7584010196051,0.0
8,0,111,product,320,0.0,155.0,371.1318919725813,371.1318919725813,371.1318919725813,0.0
8,0,111,product,352,0.0,170.5,393.3505946392717,393.3505946392717,393.3505946392717,0.0
8,0,111,product,384,0.0,186.0,414.7182402116859,414.7182402116859,414.7182402116859,0.0
8,0,111,product,416,0.0,201.5,435.0094372283729,435.0094372283729,435.0094372283729,0.0
8,0,111,product,448,0.0,217.0,454.48911755856625,454.48911755856625,454.48911755856625,0.0
8,0,111,product,480,0.0,232.5,473.23830228749887,473.23830228749887,473.23830228749887,0.0
8,0,111,product,512,0.0,248.0,491.321477498931,491.321477498931,491.321477498931,0.0
8,0,222,prefix,32,0.0,15.5,63.87090661032306,63.87090661032306,63.87090661032306,0.0
8,0,222,prefix,64,0.0,31.0,120.35297911892661,120.35297911892661,120.35297911892661,0.0
8,0,222,prefix,96,0.0,46.5,166.13275659316722,166.13275659316722,166.13275659316722,0.0
8,0,222,prefix,128,0.0,62.0,204.5347922339881,204.5347922339881,204.5347922339881,0.0
8,0,222,prefix,160,0.0,77.5,238.38433343095068,238.38433343095068,238.38433343095068,0.0
8,0,222,prefix,192,0.0,93.0,269.0419476720053,269.0419476720053,269.0419476720053,0.0
8,0,222,prefix,224,0.0,108.5,297.39324572760535,297.39324572760535,297.39324572760535,0.0
8,0,222,prefix,256,0.0,124.0,323.6096031949185,323.6096031949185,323.6096031949185,0.0
8,0,222,prefix,288,0.0,139.5,348.4493623917646,348.4493623917646,348.4493623917646,0.0
8,0,222,prefix,320,0.0,155.0,371.8244049985126,371.8244049985126,371.8244049985126,0.0
8,0,222,prefix,352,0.0,170.5,393.92434521269723,393.92434521269723,393.92434521269723,0.0
8,0,222,prefix,384,0.0,186.0,414.99065335211293,414.99065335211293,414.99065335211293,0.0
8,0,222,prefix,416,0.0,201.5,435.27578261046386,435.27578261046386,435.27578261046386,0.0
8,0,222,prefix,448,0.0,217.0,454.72683973186344,454.72683973186344,454.72683973186344,0.0
8,0,222,prefix,480,0.0,232.5,473.59209169314363,473.59209169314363,473.59209169314363,0.0
8,0,222,prefix,512,0.0,248.0,491.73728194004536,491.73728194004536,491.73728194004536,0.0
8,0,222,intersection,32,0.0,15.5,63.87090661032306,63.87090661032306,63.87090661032306,0.0
8,0,222,intersection,64,0.0,31.0,120.35297911892661,120.35297911892661,120.35297911892661,0.0
8,0,222,intersection,96,0.0,46.5,166.13275659316722,166.13275659316722,166.13275659316722,0.0
8,0,222,intersection,128,0.0,62.0,204.5347922339881,204.5347922339881,204.5347922339881,0.0
8,0,222,intersection,160,0.0,77.5,238.38433343095068,238.38433343095068,238.38433343095068,0.0
8,0,222,intersection,192,0.0,93.0,269.0419476720053,269.0419476720053,269.0419476720053,0.0
8,0,222,intersection,224,0.0,108.5,297.39324572760535,297.39324572760535,297.39324572760535,0.0
8,0,222,intersection,256,0.0,124.0,323.6096031949185,323.6096031949185,323.6096031949185,0.0
8,0,222,intersection,288,0.0,139.5,348.4493623917646,348.4493623917646,348.4493623917646,0.0
8,0,222,intersection,320,0.0,155.0,371.8244049985126,371.8244049985126,371.8244049985126,0.0
8,0,222,intersection,352,0.0,170.5,393.92434521269723,393.92434521269723,393.92434521269723,0.0
8,0,222,intersection,384,0.0,186.0,414.99065335211293,414.99065335211293,414.99065335211293,0.0
8,0,222,intersection,416,0.0,201.5,435.27578261046386,435.27578261046386,435.27578261046386,0.0
8,0,222,intersection,448,0.0,217.0,454.72683973186344,454.72683973186344,454.72683973186344,0.0
8,0,222,intersection,480,0.0,232.5,473.59209169314363,473.59209169314363,473.59209169314363,0.0
8,0,222,intersection,512,0.0,248.0,491.73728194004536,491.73728194004536,491.73728194004536,0.0
8,0,222,completed,32,0.0,15.5,63.87090661032306,63.87090661032306,63.87090661032306,0.0
8,0,222,completed,64,0.0,31.0,120.35297911892661,120.35297911892661,120.35297911892661,0.0
8,0,222,completed,96,0.0,46.5,166.13275659316722,166.13275659316722,166.13275659316722,0.0
8,0,222,completed,128,0.0,62.0,204.5347922339881,204.5347922339881,204.5347922339881,0.0
8,0,222,completed,160,0.0,77.5,238.38433343095068,238.38433343095068,238.38433343095068,0.0
8,0,222,completed,192,0.0,93.0,269.0419476720053,269.0419476720053,269.0419476720053,0.0
8,0,222,completed,224,0.0,108.5,297.39324572760535,297.39324572760535,297.39324572760535,0.0
8,0,222,completed,256,0.0,124.0,323.6096031949185,323.6096031949185,323.6096031949185,0.0
8,0,222,completed,288,0.0,139.5,348.4493623917646,348.4493623917646,348.4493623917646,0.0
8,0,222,completed,320,0.0,155.0,371.8244049985126,371.8244049985126,371.8244049985126,0.0
8,0,222,completed,352,0.0,170.5,393.92434521269723,393.92434521269723,393.92434521269723,0.0
8,0,222,completed,384,0.0,186.0,414.99065335211293,414.99065335211293,414.99065335211293,0.0
8,0,222,completed,416,0.0,201.5,435.27578261046386,435.27578261046386,435.27578261046386,0.0
8,0,222,completed,448,0.0,217.0,454.72683973186344,454.72683973186344,454.72683973186344,0.0
8,0,222,completed,480,0.0,232.5,473.59209169314363,473.59209169314363,473.59209169314363,0.0
8,0,222,completed,512,0.0,248.0,491.73728194004536,491.73728194004536,491.73728194004536,0.0
8,0,222,plugin,32,0.4921875,15.78125,63.87090661032306,63.87090661032306,63.87090661032306,0.0
8,0,222,plugin,64,0.4921875,31.28125,120.35297911892661,120.35297911892661,120.35297911892661,0.0
8,0,222,plugin,96,0.4921875,46.78125,166.13275659316722,166.13275659316722,166.13275659316722,0.0
8,0,222,plugin,128,0.4921875,62.28125,204.5347922339881,204.5347922339881,204.5347922339881,0.0
8,0,222,plugin,160,0.4921875,77.78125,238.38433343095068,238.38433343095068,238.38433343095068,0.0
8,0,222,plugin,192,0.4921875,93.28125,269.0419476720053,269.0419476720053,269.0419476720053,0.0
8,0,222,plugin,224,0.4921875,108.78125,297.39324572760535,297.39324572760535,297.39324572760535,0.0
8,0,222,plugin,256,0.4921875,124.28125,323.6096031949185,323.6096031949185,323.6096031949185,0.0
8,0,222,plugin,288,0.4921875,139.78125,348.4493623917646,348.4493623917646,348.4493623917646,0.0
8,0,222,plugin,320,0.4921875,155.28125,371.8244049985126,371.8244049985126,371.8244049985126,0.0
8,0,222,plugin,352,0.4921875,170.78125,393.92434521269723,393.92434521269723,393.92434521269723,0.0
8,0,222,plugin,384,0.4921875,186.28125,414.99065335211293,414.99065335211293,414.99065335211293,0.0
8,0,222,plugin,416,0.4921875,201.78125,435.27578261046386,435.27578261046386,435.27578261046386,0.0
8,0,222,plugin,448,0.4921875,217.28125,454.72683973186344,454.72683973186344,454.72683973186344,0.0
8,0,222,plugin,480,0.4921875,232.78125,473.59209169314363,473.59209169314363,473.59209169314363,0.0
8,0,222,plugin,512,0.4921875,248.28125,491.73728194004536,491.73728194004536,491.73728194004536,0.0
8,0,222,safe,32,17.875,0.0,31.870906610323058,31.870906610323058,31.870906610323058,0.0
8,0,222,safe,64,35.75,0.0,56.62602532359681,56.62602532359681,56.62602532359681,0.0
8,0,222,safe,96,53.625,0.0,75.57678534082027,75.57678534082027,75.57678534082027,0.0
8,0,222,safe,128,71.5,0.0,91.53805555871214,91.53805555871214,91.53805555871214,0.0
8,0,222,safe,160,89.375,0.0,105.59305572623141,105.59305572623141,105.59305572623141,0.0
8,0,222,safe,192,107.25,0.0,118.29566793107824,118.29566793107824,118.29566793107824,0.0
8,0,222,safe,224,125.125,0.0,129.9743422892114,129.9743422892114,129.9743422892114,0.0
8,0,222,safe,256,143.0,0.0,140.8428298908975,140.8428298908975,140.8428298908975,0.0
8,0,222,safe,288,160.875,0.0,151.0494770532225,151.0494770532225,151.0494770532225,0.0
8,0,222,safe,320,178.75,0.0,160.70222482784158,160.70222482784158,160.70222482784158,0.0
8,0,222,safe,352,196.625,0.0,169.88251926161962,169.88251926161962,169.88251926161962,0.0
8,0,222,safe,384,214.5,0.0,178.6536103916683,178.6536103916683,178.6536103916683,0.0
8,0,222,safe,416,232.375,0.0,187.06578102420465,187.06578102420465,187.06578102420465,0.0
8,0,222,safe,448,250.25,0.0,195.15978898401238,195.15978898401238,195.15978898401238,0.0
8,0,222,safe,480,268.125,0.0,202.96921666642967,202.96921666642967,202.96921666642967,0.0
8,0,222,safe,512,286.0,0.0,210.52212411275138,210.52212411275138,210.52212411275138,0.0
8,0,222,known,32,0.0,15.5,63.87090661032306,63.87090661032306,63.87090661032306,0.0
8,0,222,known,64,0.0,31.0,120.35297911892661,120.35297911892661,120.35297911892661,0.0
8,0,222,known,96,0.0,46.5,166.13275659316722,166.13275659316722,166.13275659316722,0.0
8,0,222,known,128,0.0,62.0,204.5347922339881,204.5347922339881,204.5347922339881,0.0
8,0,222,known,160,0.0,77.5,238.38433343095068,238.38433343095068,238.38433343095068,0.0
8,0,222,known,192,0.0,93.0,269.0419476720053,269.0419476720053,269.0419476720053,0.0
8,0,222,known,224,0.0,108.5,297.39324572760535,297.39324572760535,297.39324572760535,0.0
8,0,222,known,256,0.0,124.0,323.6096031949185,323.6096031949185,323.6096031949185,0.0
8,0,222,known,288,0.0,139.5,348.4493623917646,348.4493623917646,348.4493623917646,0.0
8,0,222,known,320,0.0,155.0,371.8244049985126,371.8244049985126,371.8244049985126,0.0
8,0,222,known,352,0.0,170.5,393.92434521269723,393.92434521269723,393.92434521269723,0.0
8,0,222,known,384,0.0,186.0,414.99065335211293,414.99065335211293,414.99065335211293,0.0
8,0,222,known,416,0.0,201.5,435.27578261046386,435.27578261046386,435.27578261046386,0.0
8,0,222,known,448,0.0,217.0,454.72683973186344,454.72683973186344,454.72683973186344,0.0
8,0,222,known,480,0.0,232.5,473.59209169314363,473.59209169314363,473.59209169314363,0.0
8,0,222,known,512,0.0,248.0,491.73728194004536,491.73728194004536,491.73728194004536,0.0
8,0,222,product,32,0.0,15.5,63.87090661032306,63.87090661032306,63.87090661032306,0.0
8,0,222,product,64,0.0,31.0,120.35297911892661,120.35297911892661,120.35297911892661,0.0
8,0,222,product,96,0.0,46.5,166.13275659316722,166.13275659316722,166.13275659316722,0.0
8,0,222,product,128,0.0,62.0,204.5347922339881,204.5347922339881,204.5347922339881,0.0
8,0,222,product,160,0.0,77.5,238.38433343095068,238.38433343095068,238.38433343095068,0.0
8,0,222,product,192,0.0,93.0,269.0419476720053,269.0419476720053,269.0419476720053,0.0
8,0,222,product,224,0.0,108.5,297.39324572760535,297.39324572760535,297.39324572760535,0.0
8,0,222,product,256,0.0,124.0,323.6096031949185,323.6096031949185,323.6096031949185,0.0
8,0,222,product,288,0.0,139.5,348.4493623917646,348.4493623917646,348.4493623917646,0.0
8,0,222,product,320,0.0,155.0,371.8244049985126,371.8244049985126,371.8244049985126,0.0
8,0,222,product,352,0.0,170.5,393.92434521269723,393.92434521269723,393.92434521269723,0.0
8,0,222,product,384,0.0,186.0,414.99065335211293,414.99065335211293,414.99065335211293,0.0
8,0,222,product,416,0.0,201.5,435.27578261046386,435.27578261046386,435.27578261046386,0.0
8,0,222,product,448,0.0,217.0,454.72683973186344,454.72683973186344,454.72683973186344,0.0
8,0,222,product,480,0.0,232.5,473.59209169314363,473.59209169314363,473.59209169314363,0.0
8,0,222,product,512,0.0,248.0,491.73728194004536,491.73728194004536,491.73728194004536,0.0
8,0,333,prefix,32,0.0,15.5,63.87090661032306,63.87090661032306,63.87090661032306,0.0
8,0,333,prefix,64,0.0,31.0,120.00449974217601,120.00449974217601,120.00449974217601,0.0
8,0,333,prefix,96,0.0,46.5,164.81614974076479,164.81614974076479,164.81614974076479,0.0
8,0,333,prefix,128,0.0,62.0,204.0341515431126,204.0341515431126,204.0341515431126,0.0
8,0,333,prefix,160,0.0,77.5,237.79586639064823,237.79586639064823,237.79586639064823,0.0
8,0,333,prefix,192,0.0,93.0,268.0638250194003,268.0638250194003,268.0638250194003,0.0
8,0,333,prefix,224,0.0,108.5,296.0069253945495,296.0069253945495,296.0069253945495,0.0
8,0,333,prefix,256,0.0,124.0,322.5698331504944,322.5698331504944,322.5698331504944,0.0
8,0,333,prefix,288,0.0,139.5,347.3607990206107,347.3607990206107,347.3607990206107,0.0
8,0,333,prefix,320,0.0,155.0,370.780198202773,370.780198202773,370.780198202773,0.0
8,0,333,prefix,352,0.0,170.5,392.8170658650091,392.8170658650091,392.8170658650091,0.0
8,0,333,prefix,384,0.0,186.0,413.717413217293,413.717413217293,413.717413217293,0.0
8,0,333,prefix,416,0.0,201.5,433.9907545854737,433.9907545854737,433.9907545854737,0.0
8,0,333,prefix,448,0.0,217.0,453.56775289867693,453.56775289867693,453.56775289867693,0.0
8,0,333,prefix,480,0.0,232.5,472.38339298894215,472.38339298894215,472.38339298894215,0.0
8,0,333,prefix,512,0.0,248.0,490.83285459380903,490.83285459380903,490.83285459380903,0.0
8,0,333,intersection,32,0.0,15.5,63.87090661032306,63.87090661032306,63.87090661032306,0.0
8,0,333,intersection,64,0.0,31.0,120.00449974217601,120.00449974217601,120.00449974217601,0.0
8,0,333,intersection,96,0.0,46.5,164.81614974076479,164.81614974076479,164.81614974076479,0.0
8,0,333,intersection,128,0.0,62.0,204.0341515431126,204.0341515431126,204.0341515431126,0.0
8,0,333,intersection,160,0.0,77.5,237.79586639064823,237.79586639064823,237.79586639064823,0.0
8,0,333,intersection,192,0.0,93.0,268.0638250194003,268.0638250194003,268.0638250194003,0.0
8,0,333,intersection,224,0.0,108.5,296.0069253945495,296.0069253945495,296.0069253945495,0.0
8,0,333,intersection,256,0.0,124.0,322.5698331504944,322.5698331504944,322.5698331504944,0.0
8,0,333,intersection,288,0.0,139.5,347.3607990206107,347.3607990206107,347.3607990206107,0.0
8,0,333,intersection,320,0.0,155.0,370.780198202773,370.780198202773,370.780198202773,0.0
8,0,333,intersection,352,0.0,170.5,392.8170658650091,392.8170658650091,392.8170658650091,0.0
8,0,333,intersection,384,0.0,186.0,413.717413217293,413.717413217293,413.717413217293,0.0
8,0,333,intersection,416,0.0,201.5,433.9907545854737,433.9907545854737,433.9907545854737,0.0
8,0,333,intersection,448,0.0,217.0,453.56775289867693,453.56775289867693,453.56775289867693,0.0
8,0,333,intersection,480,0.0,232.5,472.38339298894215,472.38339298894215,472.38339298894215,0.0
8,0,333,intersection,512,0.0,248.0,490.83285459380903,490.83285459380903,490.83285459380903,0.0
8,0,333,completed,32,0.0,15.5,63.87090661032306,63.87090661032306,63.87090661032306,0.0
8,0,333,completed,64,0.0,31.0,120.00449974217601,120.00449974217601,120.00449974217601,0.0
8,0,333,completed,96,0.0,46.5,164.81614974076479,164.81614974076479,164.81614974076479,0.0
8,0,333,completed,128,0.0,62.0,204.0341515431126,204.0341515431126,204.0341515431126,0.0
8,0,333,completed,160,0.0,77.5,237.79586639064823,237.79586639064823,237.79586639064823,0.0
8,0,333,completed,192,0.0,93.0,268.0638250194003,268.0638250194003,268.0638250194003,0.0
8,0,333,completed,224,0.0,108.5,296.0069253945495,296.0069253945495,296.0069253945495,0.0
8,0,333,completed,256,0.0,124.0,322.5698331504944,322.5698331504944,322.5698331504944,0.0
8,0,333,completed,288,0.0,139.5,347.3607990206107,347.3607990206107,347.3607990206107,0.0
8,0,333,completed,320,0.0,155.0,370.780198202773,370.780198202773,370.780198202773,0.0
8,0,333,completed,352,0.0,170.5,392.8170658650091,392.8170658650091,392.8170658650091,0.0
8,0,333,completed,384,0.0,186.0,413.717413217293,413.717413217293,413.717413217293,0.0
8,0,333,completed,416,0.0,201.5,433.9907545854737,433.9907545854737,433.9907545854737,0.0
8,0,333,completed,448,0.0,217.0,453.56775289867693,453.56775289867693,453.56775289867693,0.0
8,0,333,completed,480,0.0,232.5,472.38339298894215,472.38339298894215,472.38339298894215,0.0
8,0,333,completed,512,0.0,248.0,490.83285459380903,490.83285459380903,490.83285459380903,0.0
8,0,333,plugin,32,1.818359375,10.3046875,53.87090661032306,53.87090661032306,53.87090661032306,0.0
8,0,333,plugin,64,4.880859375,17.0546875,97.00449974217597,97.00449974217597,97.00449974217597,0.0
8,0,333,plugin,96,7.943359375,23.8046875,134.20118388585377,134.20118388585377,134.20118388585377,0.0
8,0,333,plugin,128,11.005859375,30.5546875,159.73277904308225,159.73277904308225,159.73277904308225,0.0
8,0,333,plugin,160,14.068359375,37.3046875,185.16984106705155,185.16984106705155,185.16984106705155,0.0
8,0,333,plugin,192,17.130859375,44.0546875,209.08637635471828,209.08637635471828,209.08637635471828,0.0
8,0,333,plugin,224,20.193359375,50.8046875,230.52413671670155,230.52413671670155,230.52413671670155,0.0
8,0,333,plugin,256,23.255859375,57.5546875,248.33954023174698,248.33954023174698,248.33954023174698,0.0
8,0,333,plugin,288,26.318359375,64.3046875,265.5435088285491,265.5435088285491,265.5435088285491,0.0
8,0,333,plugin,320,29.380859375,71.0546875,281.8545487904424,281.8545487904424,281.8545487904424,0.0
8,0,333,plugin,352,32.443359375,77.8046875,298.49446391549765,298.49446391549765,298.49446391549765,0.0
8,0,333,plugin,384,35.505859375,84.5546875,315.0687245986754,315.0687245986754,315.0687245986754,0.0
8,0,333,plugin,416,38.568359375,91.3046875,329.9249955982942,329.9249955982942,329.9249955982942,0.0
8,0,333,plugin,448,41.630859375,98.0546875,343.9011699570351,343.9011699570351,343.9011699570351,0.0
8,0,333,plugin,480,44.693359375,104.8046875,357.7086031957211,357.7086031957211,357.7086031957211,0.0
8,0,333,plugin,512,47.755859375,111.5546875,369.85753388957556,369.85753388957556,369.85753388957556,0.0
8,0,333,safe,32,17.875,0.0,31.870906610323058,31.870906610323058,31.870906610323058,0.0
8,0,333,safe,64,35.75,0.0,56.62602532359681,56.62602532359681,56.62602532359681,0.0
8,0,333,safe,96,53.625,0.0,75.57678534082027,75.57678534082027,75.57678534082027,0.0
8,0,333,safe,128,71.5,0.0,91.53805555871214,91.53805555871214,91.53805555871214,0.0
8,0,333,safe,160,89.375,0.0,105.59305572623141,105.59305572623141,105.59305572623141,0.0
8,0,333,safe,192,107.25,0.0,118.29566793107824,118.29566793107824,118.29566793107824,0.0
8,0,333,safe,224,125.125,0.0,129.9743422892114,129.9743422892114,129.9743422892114,0.0
8,0,333,safe,256,143.0,0.0,140.8428298908975,140.8428298908975,140.8428298908975,0.0
8,0,333,safe,288,160.875,0.0,151.0494770532225,151.0494770532225,151.0494770532225,0.0
8,0,333,safe,320,178.75,0.0,160.70222482784158,160.70222482784158,160.70222482784158,0.0
8,0,333,safe,352,196.625,0.0,169.88251926161962,169.88251926161962,169.88251926161962,0.0
8,0,333,safe,384,214.5,0.0,178.6536103916683,178.6536103916683,178.6536103916683,0.0
8,0,333,safe,416,232.375,0.0,187.06578102420465,187.06578102420465,187.06578102420465,0.0
8,0,333,safe,448,250.25,0.0,195.15978898401238,195.15978898401238,195.15978898401238,0.0
8,0,333,safe,480,268.125,0.0,202.96921666642967,202.96921666642967,202.96921666642967,0.0
8,0,333,safe,512,286.0,0.0,210.52212411275138,210.52212411275138,210.52212411275138,0.0
8,0,333,known,32,0.0,15.5,63.87090661032306,63.87090661032306,63.87090661032306,0.0
8,0,333,known,64,0.0,31.0,120.00449974217601,120.00449974217601,120.00449974217601,0.0
8,0,333,known,96,0.0,46.5,164.81614974076479,164.81614974076479,164.81614974076479,0.0
8,0,333,known,128,0.0,62.0,204.0341515431126,204.0341515431126,204.0341515431126,0.0
8,0,333,known,160,0.0,77.5,237.79586639064823,237.79586639064823,237.79586639064823,0.0
8,0,333,known,192,0.0,93.0,268.0638250194003,268.0638250194003,268.0638250194003,0.0
8,0,333,known,224,0.0,108.5,296.0069253945495,296.0069253945495,296.0069253945495,0.0
8,0,333,known,256,0.0,124.0,322.5698331504944,322.5698331504944,322.5698331504944,0.0
8,0,333,known,288,0.0,139.5,347.3607990206107,347.3607990206107,347.3607990206107,0.0
8,0,333,known,320,0.0,155.0,370.780198202773,370.780198202773,370.780198202773,0.0
8,0,333,known,352,0.0,170.5,392.8170658650091,392.8170658650091,392.8170658650091,0.0
8,0,333,known,384,0.0,186.0,413.717413217293,413.717413217293,413.717413217293,0.0
8,0,333,known,416,0.0,201.5,433.9907545854737,433.9907545854737,433.9907545854737,0.0
8,0,333,known,448,0.0,217.0,453.56775289867693,453.56775289867693,453.56775289867693,0.0
8,0,333,known,480,0.0,232.5,472.38339298894215,472.38339298894215,472.38339298894215,0.0
8,0,333,known,512,0.0,248.0,490.83285459380903,490.83285459380903,490.83285459380903,0.0
8,0,333,product,32,0.0,15.5,63.87090661032306,63.87090661032306,63.87090661032306,0.0
8,0,333,product,64,0.0,31.0,120.00449974217601,120.00449974217601,120.00449974217601,0.0
8,0,333,product,96,0.0,46.5,164.81614974076479,164.81614974076479,164.81614974076479,0.0
8,0,333,product,128,0.0,62.0,204.0341515431126,204.0341515431126,204.0341515431126,0.0
8,0,333,product,160,0.0,77.5,237.79586639064823,237.79586639064823,237.79586639064823,0.0
8,0,333,product,192,0.0,93.0,268.0638250194003,268.0638250194003,268.0638250194003,0.0
8,0,333,product,224,0.0,108.5,296.0069253945495,296.0069253945495,296.0069253945495,0.0
8,0,333,product,256,0.0,124.0,322.5698331504944,322.5698331504944,322.5698331504944,0.0
8,0,333,product,288,0.0,139.5,347.3607990206107,347.3607990206107,347.3607990206107,0.0
8,0,333,product,320,0.0,155.0,370.780198202773,370.780198202773,370.780198202773,0.0
8,0,333,product,352,0.0,170.5,392.8170658650091,392.8170658650091,392.8170658650091,0.0
8,0,333,product,384,0.0,186.0,413.717413217293,413.717413217293,413.717413217293,0.0
8,0,333,product,416,0.0,201.5,433.9907545854737,433.9907545854737,433.9907545854737,0.0
8,0,333,product,448,0.0,217.0,453.56775289867693,453.56775289867693,453.56775289867693,0.0
8,0,333,product,480,0.0,232.5,472.38339298894215,472.38339298894215,472.38339298894215,0.0
8,0,333,product,512,0.0,248.0,490.83285459380903,490.83285459380903,490.83285459380903,0.0
8,0,444,prefix,32,0.0,15.5,63.87090661032306,63.87090661032306,63.87090661032306,0.0
8,0,444,prefix,64,0.0,31.0,120.00449974217604,120.00449974217604,120.00449974217604,0.0
8,0,444,prefix,96,0.0,46.5,166.07640131456455,166.07640131456455,166.07640131456455,0.0
8,0,444,prefix,128,0.0,62.0,204.53479223398813,204.53479223398813,204.53479223398813,0.0
8,0,444,prefix,160,0.0,77.5,238.12519943400403,238.12519943400403,238.12519943400403,0.0
8,0,444,prefix,192,0.0,93.0,268.7223359671457,268.7223359671457,268.7223359671457,0.0
8,0,444,prefix,224,0.0,108.5,297.1591904348888,297.1591904348888,297.1591904348888,0.0
8,0,444,prefix,256,0.0,124.0,323.44956632888136,323.44956632888136,323.44956632888136,0.0
8,0,444,prefix,288,0.0,139.5,348.2283047521444,348.2283047521444,348.2283047521444,0.0
8,0,444,prefix,320,0.0,155.0,371.55347381076837,371.55347381076837,371.55347381076837,0.0
8,0,444,prefix,352,0.0,170.5,393.6939645918293,393.6939645918293,393.6939645918293,0.0
8,0,444,prefix,384,0.0,186.0,414.7632317307592,414.7632317307592,414.7632317307592,0.0
8,0,444,prefix,416,0.0,201.5,434.8682666411211,434.8682666411211,434.8682666411211,0.0
8,0,444,prefix,448,0.0,217.0,454.5327676397134,454.5327676397134,454.5327676397134,0.0
8,0,444,prefix,480,0.0,232.5,473.41007796910463,473.41007796910463,473.41007796910463,0.0
8,0,444,prefix,512,0.0,248.0,491.54594345518564,491.54594345518564,491.54594345518564,0.0
8,0,444,intersection,32,0.0,15.5,63.87090661032306,63.87090661032306,63.87090661032306,0.0
8,0,444,intersection,64,0.0,31.0,120.00449974217604,120.00449974217604,120.00449974217604,0.0
8,0,444,intersection,96,0.0,46.5,166.07640131456455,166.07640131456455,166.07640131456455,0.0
8,0,444,intersection,128,0.0,62.0,204.53479223398813,204.53479223398813,204.53479223398813,0.0
8,0,444,intersection,160,0.0,77.5,238.12519943400403,238.12519943400403,238.12519943400403,0.0
8,0,444,intersection,192,0.0,93.0,268.7223359671457,268.7223359671457,268.7223359671457,0.0
8,0,444,intersection,224,0.0,108.5,297.1591904348888,297.1591904348888,297.1591904348888,0.0
8,0,444,intersection,256,0.0,124.0,323.44956632888136,323.44956632888136,323.44956632888136,0.0
8,0,444,intersection,288,0.0,139.5,348.2283047521444,348.2283047521444,348.2283047521444,0.0
8,0,444,intersection,320,0.0,155.0,371.55347381076837,371.55347381076837,371.55347381076837,0.0
8,0,444,intersection,352,0.0,170.5,393.6939645918293,393.6939645918293,393.6939645918293,0.0
8,0,444,intersection,384,0.0,186.0,414.7632317307592,414.7632317307592,414.7632317307592,0.0
8,0,444,intersection,416,0.0,201.5,434.8682666411211,434.8682666411211,434.8682666411211,0.0
8,0,444,intersection,448,0.0,217.0,454.5327676397134,454.5327676397134,454.5327676397134,0.0
8,0,444,intersection,480,0.0,232.5,473.41007796910463,473.41007796910463,473.41007796910463,0.0
8,0,444,intersection,512,0.0,248.0,491.54594345518564,491.54594345518564,491.54594345518564,0.0
8,0,444,completed,32,0.0,15.5,63.87090661032306,63.87090661032306,63.87090661032306,0.0
8,0,444,completed,64,0.0,31.0,120.00449974217604,120.00449974217604,120.00449974217604,0.0
8,0,444,completed,96,0.0,46.5,166.07640131456455,166.07640131456455,166.07640131456455,0.0
8,0,444,completed,128,0.0,62.0,204.53479223398813,204.53479223398813,204.53479223398813,0.0
8,0,444,completed,160,0.0,77.5,238.12519943400403,238.12519943400403,238.12519943400403,0.0
8,0,444,completed,192,0.0,93.0,268.7223359671457,268.7223359671457,268.7223359671457,0.0
8,0,444,completed,224,0.0,108.5,297.1591904348888,297.1591904348888,297.1591904348888,0.0
8,0,444,completed,256,0.0,124.0,323.44956632888136,323.44956632888136,323.44956632888136,0.0
8,0,444,completed,288,0.0,139.5,348.2283047521444,348.2283047521444,348.2283047521444,0.0
8,0,444,completed,320,0.0,155.0,371.55347381076837,371.55347381076837,371.55347381076837,0.0
8,0,444,completed,352,0.0,170.5,393.6939645918293,393.6939645918293,393.6939645918293,0.0
8,0,444,completed,384,0.0,186.0,414.7632317307592,414.7632317307592,414.7632317307592,0.0
8,0,444,completed,416,0.0,201.5,434.8682666411211,434.8682666411211,434.8682666411211,0.0
8,0,444,completed,448,0.0,217.0,454.5327676397134,454.5327676397134,454.5327676397134,0.0
8,0,444,completed,480,0.0,232.5,473.41007796910463,473.41007796910463,473.41007796910463,0.0
8,0,444,completed,512,0.0,248.0,491.54594345518564,491.54594345518564,491.54594345518564,0.0
8,0,444,plugin,32,0.0,15.5,63.87090661032306,63.87090661032306,63.87090661032306,0.0
8,0,444,plugin,64,0.0,31.0,120.00449974217604,120.00449974217604,120.00449974217604,0.0
8,0,444,plugin,96,0.0,46.5,166.07640131456455,166.07640131456455,166.07640131456455,0.0
8,0,444,plugin,128,0.0,62.0,204.53479223398813,204.53479223398813,204.53479223398813,0.0
8,0,444,plugin,160,0.0,77.5,238.12519943400403,238.12519943400403,238.12519943400403,0.0
8,0,444,plugin,192,0.0,93.0,268.7223359671457,268.7223359671457,268.7223359671457,0.0
8,0,444,plugin,224,0.0,108.5,297.1591904348888,297.1591904348888,297.1591904348888,0.0
8,0,444,plugin,256,0.0,124.0,323.44956632888136,323.44956632888136,323.44956632888136,0.0
8,0,444,plugin,288,0.0,139.5,348.2283047521444,348.2283047521444,348.2283047521444,0.0
8,0,444,plugin,320,0.0,155.0,371.55347381076837,371.55347381076837,371.55347381076837,0.0
8,0,444,plugin,352,0.0,170.5,393.6939645918293,393.6939645918293,393.6939645918293,0.0
8,0,444,plugin,384,0.0,186.0,414.7632317307592,414.7632317307592,414.7632317307592,0.0
8,0,444,plugin,416,0.0,201.5,434.8682666411211,434.8682666411211,434.8682666411211,0.0
8,0,444,plugin,448,0.0,217.0,454.5327676397134,454.5327676397134,454.5327676397134,0.0
8,0,444,plugin,480,0.0,232.5,473.41007796910463,473.41007796910463,473.41007796910463,0.0
8,0,444,plugin,512,0.0,248.0,491.54594345518564,491.54594345518564,491.54594345518564,0.0
8,0,444,safe,32,17.875,0.0,31.870906610323058,31.870906610323058,31.870906610323058,0.0
8,0,444,safe,64,35.75,0.0,56.62602532359681,56.62602532359681,56.62602532359681,0.0
8,0,444,safe,96,53.625,0.0,75.57678534082027,75.57678534082027,75.57678534082027,0.0
8,0,444,safe,128,71.5,0.0,91.53805555871214,91.53805555871214,91.53805555871214,0.0
8,0,444,safe,160,89.375,0.0,105.59305572623141,105.59305572623141,105.59305572623141,0.0
8,0,444,safe,192,107.25,0.0,118.29566793107824,118.29566793107824,118.29566793107824,0.0
8,0,444,safe,224,125.125,0.0,129.9743422892114,129.9743422892114,129.9743422892114,0.0
8,0,444,safe,256,143.0,0.0,140.8428298908975,140.8428298908975,140.8428298908975,0.0
8,0,444,safe,288,160.875,0.0,151.0494770532225,151.0494770532225,151.0494770532225,0.0
8,0,444,safe,320,178.75,0.0,160.70222482784158,160.70222482784158,160.70222482784158,0.0
8,0,444,safe,352,196.625,0.0,169.88251926161962,169.88251926161962,169.88251926161962,0.0
8,0,444,safe,384,214.5,0.0,178.6536103916683,178.6536103916683,178.6536103916683,0.0
8,0,444,safe,416,232.375,0.0,187.06578102420465,187.06578102420465,187.06578102420465,0.0
8,0,444,safe,448,250.25,0.0,195.15978898401238,195.15978898401238,195.15978898401238,0.0
8,0,444,safe,480,268.125,0.0,202.96921666642967,202.96921666642967,202.96921666642967,0.0
8,0,444,safe,512,286.0,0.0,210.52212411275138,210.52212411275138,210.52212411275138,0.0
8,0,444,known,32,0.0,15.5,63.87090661032306,63.87090661032306,63.87090661032306,0.0
8,0,444,known,64,0.0,31.0,120.00449974217604,120.00449974217604,120.00449974217604,0.0
8,0,444,known,96,0.0,46.5,166.07640131456455,166.07640131456455,166.07640131456455,0.0
8,0,444,known,128,0.0,62.0,204.53479223398813,204.53479223398813,204.53479223398813,0.0
8,0,444,known,160,0.0,77.5,238.12519943400403,238.12519943400403,238.12519943400403,0.0
8,0,444,known,192,0.0,93.0,268.7223359671457,268.7223359671457,268.7223359671457,0.0
8,0,444,known,224,0.0,108.5,297.1591904348888,297.1591904348888,297.1591904348888,0.0
8,0,444,known,256,0.0,124.0,323.44956632888136,323.44956632888136,323.44956632888136,0.0
8,0,444,known,288,0.0,139.5,348.2283047521444,348.2283047521444,348.2283047521444,0.0
8,0,444,known,320,0.0,155.0,371.55347381076837,371.55347381076837,371.55347381076837,0.0
8,0,444,known,352,0.0,170.5,393.6939645918293,393.6939645918293,393.6939645918293,0.0
8,0,444,known,384,0.0,186.0,414.7632317307592,414.7632317307592,414.7632317307592,0.0
8,0,444,known,416,0.0,201.5,434.8682666411211,434.8682666411211,434.8682666411211,0.0
8,0,444,known,448,0.0,217.0,454.5327676397134,454.5327676397134,454.5327676397134,0.0
8,0,444,known,480,0.0,232.5,473.41007796910463,473.41007796910463,473.41007796910463,0.0
8,0,444,known,512,0.0,248.0,491.54594345518564,491.54594345518564,491.54594345518564,0.0
8,0,444,product,32,0.0,15.5,63.87090661032306,63.87090661032306,63.87090661032306,0.0
8,0,444,product,64,0.0,31.0,120.00449974217604,120.00449974217604,120.00449974217604,0.0
8,0,444,product,96,0.0,46.5,166.07640131456455,166.07640131456455,166.07640131456455,0.0
8,0,444,product,128,0.0,62.0,204.53479223398813,204.53479223398813,204.53479223398813,0.0
8,0,444,product,160,0.0,77.5,238.12519943400403,238.12519943400403,238.12519943400403,0.0
8,0,444,product,192,0.0,93.0,268.7223359671457,268.7223359671457,268.7223359671457,0.0
8,0,444,product,224,0.0,108.5,297.1591904348888,297.1591904348888,297.1591904348888,0.0
8,0,444,product,256,0.0,124.0,323.44956632888136,323.44956632888136,323.44956632888136,0.0
8,0,444,product,288,0.0,139.5,348.2283047521444,348.2283047521444,348.2283047521444,0.0
8,0,444,product,320,0.0,155.0,371.55347381076837,371.55347381076837,371.55347381076837,0.0
8,0,444,product,352,0.0,170.5,393.6939645918293,393.6939645918293,393.6939645918293,0.0
8,0,444,product,384,0.0,186.0,414.7632317307592,414.7632317307592,414.7632317307592,0.0
8,0,444,product,416,0.0,201.5,434.8682666411211,434.8682666411211,434.8682666411211,0.0
8,0,444,product,448,0.0,217.0,454.5327676397134,454.5327676397134,454.5327676397134,0.0
8,0,444,product,480,0.0,232.5,473.41007796910463,473.41007796910463,473.41007796910463,0.0
8,0,444,product,512,0.0,248.0,491.54594345518564,491.54594345518564,491.54594345518564,0.0
8,16,111,prefix,32,0.0,15.5,64.0,64.0,64.0,22.538531189732897
8,16,111,prefix,64,0.0,31.0,125.02363057489151,124.94740300413847,124.85092831801913,36.72340452129552
8,16,111,prefix,96,0.0,46.5,175.06604647165992,177.73122056640466,174.89334421478756,45.60931523576266
8,16,111,prefix,128,0.0,62.0,216.3729754397504,221.3776870033046,216.20027318287805,50.90860040052362
8,16,111,prefix,160,0.0,77.5,252.08367450037747,259.63340063234637,251.9109722435051,55.4025991820296
8,16,111,prefix,192,0.0,93.0,283.5941775859111,293.1325189881242,283.42147532903874,58.76500486964335
8,16,111,prefix,224,0.0,108.5,313.11578129726513,324.4599613663516,312.9430790403927,61.665089043096486
8,16,111,prefix,256,0.0,124.0,339.94059714841626,352.87246540919307,339.76789489154385,64.07844655014188
8,16,111,prefix,288,0.0,139.5,366.2242765553578,381.2923810172497,366.0515742984854,67.09904493797592
8,16,111,prefix,320,0.0,155.0,390.1697915182059,406.60578384357314,389.9970892613335,69.03895681132335
8,16,111,prefix,352,0.0,170.5,412.9050332024351,430.6259688575861,412.7323309455627,70.84043915864594
8,16,111,prefix,384,0.0,186.0,434.7774564048364,454.19330655258017,434.604754147964,73.04013128122583
8,16,111,prefix,416,0.0,201.5,455.46987538115997,476.1613761549623,455.29717312428755,74.71700386692093
8,16,111,prefix,448,0.0,217.0,475.2833607592559,497.0023161746549,475.1106585023835,76.07826355642031
8,16,111,prefix,480,0.0,232.5,494.34808640946824,517.0459644678579,494.1753841525958,77.37272712069081
8,16,111,prefix,512,0.0,248.0,512.7206710308153,536.4384059749053,512.5479687739429,78.68199341630589
8,16,111,intersection,32,0.0,15.5,64.0,64.0,64.0,22.538531189732897
8,16,111,intersection,64,0.0,31.0,125.02363057489151,124.94740300413847,124.85092831801913,36.72340452129552
8,16,111,intersection,96,0.0,46.5,175.06604647165992,177.73122056640466,174.89334421478756,45.60931523576266
8,16,111,intersection,128,0.0,62.0,216.3729754397504,221.3776870033046,216.20027318287805,50.90860040052362
8,16,111,intersection,160,0.0,77.5,252.08367450037747,259.63340063234637,251.9109722435051,55.4025991820296
8,16,111,intersection,192,0.0,93.0,283.5941775859111,293.1325189881242,283.42147532903874,58.76500486964335
8,16,111,intersection,224,0.0,108.5,313.11578129726513,324.4599613663516,312.9430790403927,61.665089043096486
8,16,111,intersection,256,0.0,124.0,339.94059714841626,352.87246540919307,339.76789489154385,64.07844655014188
8,16,111,intersection,288,0.0,139.5,366.2242765553578,381.2923810172497,366.0515742984854,67.09904493797592
8,16,111,intersection,320,0.0,155.0,390.1697915182059,406.60578384357314,389.9970892613335,69.03895681132335
8,16,111,intersection,352,0.0,170.5,412.9050332024351,430.6259688575861,412.7323309455627,70.84043915864594
8,16,111,intersection,384,0.0,186.0,434.7774564048364,454.19330655258017,434.604754147964,73.04013128122583
8,16,111,intersection,416,0.0,201.5,455.46987538115997,476.1613761549623,455.29717312428755,74.71700386692093
8,16,111,intersection,448,0.0,217.0,475.2833607592559,497.0023161746549,475.1106585023835,76.07826355642031
8,16,111,intersection,480,0.0,232.5,494.34808640946824,517.0459644678579,494.1753841525958,77.37272712069081
8,16,111,intersection,512,0.0,248.0,512.7206710308153,536.4384059749053,512.5479687739429,78.68199341630589
8,16,111,completed,32,0.0,15.5,64.0,64.0,64.0,22.538531189732897
8,16,111,completed,64,0.0,31.0,125.02363057489151,124.94740300413847,124.85092831801913,36.72340452129552
8,16,111,completed,96,0.0,46.5,175.06604647165992,177.73122056640466,174.89334421478756,45.60931523576266
8,16,111,completed,128,0.0,62.0,216.3729754397504,221.3776870033046,216.20027318287805,50.90860040052362
8,16,111,completed,160,0.0,77.5,252.08367450037747,259.63340063234637,251.9109722435051,55.4025991820296
8,16,111,completed,192,0.0,93.0,283.5941775859111,293.1325189881242,283.42147532903874,58.76500486964335
8,16,111,completed,224,0.0,108.5,313.11578129726513,324.4599613663516,312.9430790403927,61.665089043096486
8,16,111,completed,256,0.0,124.0,339.94059714841626,352.87246540919307,339.76789489154385,64.07844655014188
8,16,111,completed,288,0.0,139.5,366.2242765553578,381.2923810172497,366.0515742984854,67.09904493797592
8,16,111,completed,320,0.0,155.0,390.1697915182059,406.60578384357314,389.9970892613335,69.03895681132335
8,16,111,completed,352,0.0,170.5,412.9050332024351,430.6259688575861,412.7323309455627,70.84043915864594
8,16,111,completed,384,0.0,186.0,434.7774564048364,454.19330655258017,434.604754147964,73.04013128122583
8,16,111,completed,416,0.0,201.5,455.46987538115997,476.1613761549623,455.29717312428755,74.71700386692093
8,16,111,completed,448,0.0,217.0,475.2833607592559,497.0023161746549,475.1106585023835,76.07826355642031
8,16,111,completed,480,0.0,232.5,494.34808640946824,517.0459644678579,494.1753841525958,77.37272712069081
8,16,111,completed,512,0.0,248.0,512.7206710308153,536.4384059749053,512.5479687739429,78.68199341630589
8,16,111,plugin,32,6.2578125,13.34375,55.0,55.0,55.0,15.350181574951396
8,16,111,plugin,64,6.298828125,28.7265625,116.04812345336848,115.95236096499625,115.87542119649609,30.480069176120093
8,16,111,plugin,96,6.298828125,44.2265625,167.69796510383472,170.30820706278664,167.52364388475624,39.80131439210596
8,16,111,plugin,128,6.298828125,59.7265625,210.2872326876716,215.24910382126458,210.11291146859313,45.40091269916265
8,16,111,plugin,160,6.298828125,75.2265625,246.77448432218804,254.32549969193926,246.60016310310957,50.06432371482494
8,16,111,plugin,192,6.298828125,90.7265625,278.88140090388146,288.47557954819416,278.707079684803,53.568523190457825
8,16,111,plugin,224,6.298828125,106.2265625,308.76309855289594,320.2002762303179,308.58877733381746,56.54714337112243
8,16,111,plugin,256,6.298828125,121.7265625,335.9141712368543,348.97584697156697,335.73985001777584,59.02921292787298
8,16,111,plugin,288,6.298828125,137.2265625,362.3683812275913,377.57983692830965,362.19406000851285,62.07636305592845
8,16,111,plugin,320,6.298828125,152.7265625,386.5140901767269,403.11466448103397,386.3397689576484,64.05022086462226
8,16,111,plugin,352,6.298828125,168.2265625,409.4225457882677,427.3255796852366,409.24822456918923,65.88043513914675
8,16,111,plugin,384,6.298828125,183.7265625,431.4266090990927,451.03591315492446,431.2522878800142,68.09805709613076
8,16,111,plugin,416,6.298828125,199.2265625,452.25952876753263,473.1586541148769,452.08520754845415,69.7972463523532
8,16,111,plugin,448,6.298828125,214.7265625,472.2018687812215,494.1399338366474,472.027547562143,71.17677749105269
8,16,111,plugin,480,6.298828125,230.2265625,491.38588385461605,514.3155937655113,491.2115626355376,72.49036693894898
8,16,111,plugin,512,6.298828125,245.7265625,509.86938320122306,533.8340011070991,509.6950619821446,73.82096975412848
8,16,111,safe,32,17.875,0.0,32.0,32.0,32.0,6.289683739453562
8,16,111,safe,64,35.75,0.0,61.048123453368405,60.95236096499623,60.87542119649604,11.520843265051202
8,16,111,safe,96,53.625,0.0,82.20544027838781,83.95195730946035,82.03273802151543,15.569679592291898
8,16,111,safe,128,71.5,0.0,99.37755950434092,101.90190913259221,99.20485724746854,17.558361197531834
8,16,111,safe,160,89.375,0.0,114.2509485378569,117.86746074318165,114.07824628098452,19.468912640601946
8,16,111,safe,192,107.25,0.0,127.52306248879255,131.77666099459486,127.35036023192016,20.67550068716832
8,16,111,safe,224,125.125,0.0,139.64721272711105,144.5866492416899,139.47451047023867,21.806814576130265
8,16,111,safe,256,143.0,0.0,150.87311334628833,156.36425838960704,150.70041108941595,22.715936122361214
8,16,111,safe,288,160.875,0.0,161.38395721377518,167.78369487807623,161.2112549569028,23.928725448505364
8,16,111,safe,320,178.75,0.0,171.28877257935733,178.30241893905932,171.11607032248494,24.79470173486947
8,16,111,safe,352,196.625,0.0,180.68412866936026,188.19128287809647,180.51142641248788,25.503271240128495
8,16,111,safe,384,214.5,0.0,189.64593414328579,197.90106231128172,189.4732318864134,26.441959543265167
8,16,111,safe,416,232.375,0.0,198.22497593686893,206.99889311913068,198.05227367999655,27.12761971857786
8,16,111,safe,448,250.25,0.0,206.46285223021337,215.63595760854142,206.290149973341,27.670676248180854
8,16,111,safe,480,268.125,0.0,214.3973784758819,223.89453490904597,214.22467621900952,28.119825866268016
8,16,111,safe,512,286.0,0.0,222.06496305677354,231.8767407705171,221.89226079990115,28.549124281417438
8,16,111,known,32,0.0,15.5,64.0,64.0,64.0,22.538531189732897
8,16,111,known,64,0.0,31.0,125.02363057489151,124.94740300413847,124.85092831801913,36.72340452129552
8,16,111,known,96,0.0,46.5,175.06604647165992,177.73122056640466,174.89334421478756,45.60931523576266
8,16,111,known,128,0.0,62.0,216.3729754397504,221.3776870033046,216.20027318287805,50.90860040052362
8,16,111,known,160,0.0,77.5,252.08367450037747,259.63340063234637,251.9109722435051,55.4025991820296
8,16,111,known,192,0.0,93.0,283.5941775859111,293.1325189881242,283.42147532903874,58.76500486964335
8,16,111,known,224,0.0,108.5,313.11578129726513,324.4599613663516,312.9430790403927,61.665089043096486
8,16,111,known,256,0.0,124.0,339.94059714841626,352.87246540919307,339.76789489154385,64.07844655014188
8,16,111,known,288,0.0,139.5,366.2242765553578,381.2923810172497,366.0515742984854,67.09904493797592
8,16,111,known,320,0.0,155.0,390.1697915182059,406.60578384357314,389.9970892613335,69.03895681132335
8,16,111,known,352,0.0,170.5,412.9050332024351,430.6259688575861,412.7323309455627,70.84043915864594
8,16,111,known,384,0.0,186.0,434.7774564048364,454.19330655258017,434.604754147964,73.04013128122583
8,16,111,known,416,0.0,201.5,455.46987538115997,476.1613761549623,455.29717312428755,74.71700386692093
8,16,111,known,448,0.0,217.0,475.2833607592559,497.0023161746549,475.1106585023835,76.07826355642031
8,16,111,known,480,0.0,232.5,494.34808640946824,517.0459644678579,494.1753841525958,77.37272712069081
8,16,111,known,512,0.0,248.0,512.7206710308153,536.4384059749053,512.5479687739429,78.68199341630589
8,16,111,product,32,0.0,15.5,64.0,64.0,64.0,22.538531189732897
8,16,111,product,64,0.0,31.0,125.02363057489151,124.94740300413847,124.85092831801913,36.72340452129552
8,16,111,product,96,0.0,46.5,175.06604647165992,177.73122056640466,174.89334421478756,45.60931523576266
8,16,111,product,128,0.0,62.0,216.3729754397504,221.3776870033046,216.20027318287805,50.90860040052362
8,16,111,product,160,0.0,77.5,252.08367450037747,259.63340063234637,251.9109722435051,55.4025991820296
8,16,111,product,192,0.0,93.0,283.5941775859111,293.1325189881242,283.42147532903874,58.76500486964335
8,16,111,product,224,0.0,108.5,313.11578129726513,324.4599613663516,312.9430790403927,61.665089043096486
8,16,111,product,256,0.0,124.0,339.94059714841626,352.87246540919307,339.76789489154385,64.07844655014188
8,16,111,product,288,0.0,139.5,366.2242765553578,381.2923810172497,366.0515742984854,67.09904493797592
8,16,111,product,320,0.0,155.0,390.1697915182059,406.60578384357314,389.9970892613335,69.03895681132335
8,16,111,product,352,0.0,170.5,412.9050332024351,430.6259688575861,412.7323309455627,70.84043915864594
8,16,111,product,384,0.0,186.0,434.7774564048364,454.19330655258017,434.604754147964,73.04013128122583
8,16,111,product,416,0.0,201.5,455.46987538115997,476.1613761549623,455.29717312428755,74.71700386692093
8,16,111,product,448,0.0,217.0,475.2833607592559,497.0023161746549,475.1106585023835,76.07826355642031
8,16,111,product,480,0.0,232.5,494.34808640946824,517.0459644678579,494.1753841525958,77.37272712069081
8,16,111,product,512,0.0,248.0,512.7206710308153,536.4384059749053,512.5479687739429,78.68199341630589
8,16,222,prefix,32,0.0,15.5,64.0,64.0,64.0,35.62094895439705
8,16,222,prefix,64,0.0,31.0,125.1488835861182,125.52773654210273,125.00775494133819,52.63378138905491
8,16,222,prefix,96,0.0,46.5,175.81756109278004,178.59659704886434,175.67643244800004,60.75036360431581
8,16,222,prefix,128,0.0,62.0,217.09254681690686,222.45389037141175,216.93089926278483,66.20562128604224
8,16,222,prefix,160,0.0,77.5,252.7217321312841,259.85634846472266,252.5529477677648,69.75853818239062
8,16,222,prefix,192,0.0,93.0,284.83118597980393,294.1983392949021,284.6624016162846,73.44291477151559
8,16,222,prefix,224,0.0,108.5,314.3026540528568,325.72357340328574,314.1338696893375,76.6168508242991
8,16,222,prefix,256,0.0,124.0,341.37178506384,354.5546729204235,341.2030007003207,79.23159287412392
8,16,222,prefix,288,0.0,139.5,366.92822276054403,381.77312042143905,366.7594383970247,81.61028117829326
8,16,222,prefix,320,0.0,155.0,390.945653276827,407.82192855377485,390.7768689133077,84.28404670388093
8,16,222,prefix,352,0.0,170.5,413.5785273928084,431.9975664156481,413.4097430292891,86.35974435156923
8,16,222,prefix,384,0.0,186.0,435.10477633279504,454.6921122053761,434.93599196927573,87.98798200188142
8,16,222,prefix,416,0.0,201.5,455.7793636441571,476.4614527414981,455.6105792806378,89.47219327965205
8,16,222,prefix,448,0.0,217.0,475.5821695272488,497.1940239341213,475.4133851637295,90.75370735087557
8,16,222,prefix,480,0.0,232.5,494.7611918464845,517.4392136315718,494.5924074829652,92.13364508704612
8,16,222,prefix,512,0.0,248.0,513.1886989566798,536.8927991852319,513.0199145931605,93.4420403938046
8,16,222,intersection,32,0.0,15.5,64.0,64.0,64.0,35.62094895439705
8,16,222,intersection,64,0.0,31.0,125.1488835861182,125.52773654210273,125.00775494133819,52.63378138905491
8,16,222,intersection,96,0.0,46.5,175.81756109278004,178.59659704886434,175.67643244800004,60.75036360431581
8,16,222,intersection,128,0.0,62.0,217.09254681690686,222.45389037141175,216.93089926278483,66.20562128604224
8,16,222,intersection,160,0.0,77.5,252.7217321312841,259.85634846472266,252.5529477677648,69.75853818239062
8,16,222,intersection,192,0.0,93.0,284.83118597980393,294.1983392949021,284.6624016162846,73.44291477151559
8,16,222,intersection,224,0.0,108.5,314.3026540528568,325.72357340328574,314.1338696893375,76.6168508242991
8,16,222,intersection,256,0.0,124.0,341.37178506384,354.5546729204235,341.2030007003207,79.23159287412392
8,16,222,intersection,288,0.0,139.5,366.92822276054403,381.77312042143905,366.7594383970247,81.61028117829326
8,16,222,intersection,320,0.0,155.0,390.945653276827,407.82192855377485,390.7768689133077,84.28404670388093
8,16,222,intersection,352,0.0,170.5,413.5785273928084,431.9975664156481,413.4097430292891,86.35974435156923
8,16,222,intersection,384,0.0,186.0,435.10477633279504,454.6921122053761,434.93599196927573,87.98798200188142
8,16,222,intersection,416,0.0,201.5,455.7793636441571,476.4614527414981,455.6105792806378,89.47219327965205
8,16,222,intersection,448,0.0,217.0,475.5821695272488,497.1940239341213,475.4133851637295,90.75370735087557
8,16,222,intersection,480,0.0,232.5,494.7611918464845,517.4392136315718,494.5924074829652,92.13364508704612
8,16,222,intersection,512,0.0,248.0,513.1886989566798,536.8927991852319,513.0199145931605,93.4420403938046
8,16,222,completed,32,0.0,15.5,64.0,64.0,64.0,35.62094895439705
8,16,222,completed,64,0.0,31.0,125.1488835861182,125.52773654210273,125.00775494133819,52.63378138905491
8,16,222,completed,96,0.0,46.5,175.81756109278004,178.59659704886434,175.67643244800004,60.75036360431581
8,16,222,completed,128,0.0,62.0,217.09254681690686,222.45389037141175,216.93089926278483,66.20562128604224
8,16,222,completed,160,0.0,77.5,252.7217321312841,259.85634846472266,252.5529477677648,69.75853818239062
8,16,222,completed,192,0.0,93.0,284.83118597980393,294.1983392949021,284.6624016162846,73.44291477151559
8,16,222,completed,224,0.0,108.5,314.3026540528568,325.72357340328574,314.1338696893375,76.6168508242991
8,16,222,completed,256,0.0,124.0,341.37178506384,354.5546729204235,341.2030007003207,79.23159287412392
8,16,222,completed,288,0.0,139.5,366.92822276054403,381.77312042143905,366.7594383970247,81.61028117829326
8,16,222,completed,320,0.0,155.0,390.945653276827,407.82192855377485,390.7768689133077,84.28404670388093
8,16,222,completed,352,0.0,170.5,413.5785273928084,431.9975664156481,413.4097430292891,86.35974435156923
8,16,222,completed,384,0.0,186.0,435.10477633279504,454.6921122053761,434.93599196927573,87.98798200188142
8,16,222,completed,416,0.0,201.5,455.7793636441571,476.4614527414981,455.6105792806378,89.47219327965205
8,16,222,completed,448,0.0,217.0,475.5821695272488,497.1940239341213,475.4133851637295,90.75370735087557
8,16,222,completed,480,0.0,232.5,494.7611918464845,517.4392136315718,494.5924074829652,92.13364508704612
8,16,222,completed,512,0.0,248.0,513.1886989566798,536.8927991852319,513.0199145931605,93.4420403938046
8,16,222,plugin,32,0.19140625,14.953125,63.0,63.0,63.0,35.314880921123134
8,16,222,plugin,64,0.19140625,30.453125,124.1488835861182,124.52773654210273,124.00775494133819,52.464676662176366
8,16,222,plugin,96,0.19140625,45.953125,174.98911898716173,177.7183693551557,174.84610189471206,60.63131635224888
8,16,222,plugin,128,0.19140625,61.453125,216.37080140134734,221.68473362467256,216.20549653425365,66.1056825204142
8,16,222,plugin,160,0.19140625,76.953125,252.07577864080287,259.16427319778404,251.9029896600642,69.66610259962057
8,16,222,plugin,192,0.19140625,92.453125,284.24902178712614,293.5765753520165,284.07623280638745,73.36499245233627
8,16,222,plugin,224,0.19140625,107.953125,313.7792744460469,325.1660165294141,313.6064854653082,76.55184131306152
8,16,222,plugin,256,0.19140625,123.453125,340.8849352389522,354.0370632754354,340.7121462582135,79.17321742784507
8,16,222,plugin,288,0.19140625,138.953125,366.48384660707075,381.30085321234947,366.31105762633206,81.55904778625656
8,16,222,plugin,320,0.19140625,154.453125,390.53190929289354,407.3845595249511,390.35912031215486,84.23999456403037
8,16,222,plugin,352,0.19140625,169.953125,413.18173124639486,431.57842730595235,413.0089422656562,86.31803714763402
8,16,222,plugin,384,0.19140625,185.453125,434.7216222961903,454.2870475875534,434.5488333154516,87.94724771461595
8,16,222,plugin,416,0.19140625,200.953125,455.4120547990391,476.07356227298743,455.2392658183004,89.43364243133247
8,16,222,plugin,448,0.19140625,216.453125,475.2269742950571,496.81891748680243,475.05418531431843,90.71635846212888
8,16,222,plugin,480,0.19140625,231.953125,494.4196807234072,517.0788888755682,494.24689174266854,92.09798055117366
8,16,222,plugin,512,0.19140625,247.453125,512.8571798292412,536.5435439952082,512.6843908485025,93.40791198534191
8,16,222,safe,32,17.875,0.0,32.0,32.0,32.0,14.880778912021125
8,16,222,safe,64,35.75,0.0,61.14888358611817,61.52773654210272,61.007754941338185,21.774643170781896
8,16,222,safe,96,53.625,0.0,82.28319746232424,84.3110802281109,82.14206881754427,25.607226839566586
8,16,222,safe,128,71.5,0.0,99.48647234109127,102.40752784016219,99.3453436963113,27.742404233725985
8,16,222,safe,160,89.375,0.0,114.32415335958298,118.12628265123601,114.18302471480301,29.40615887728053
8,16,222,safe,192,107.25,0.0,127.61374414386465,132.2017097635387,127.47261549908468,30.77897378473634
8,16,222,safe,224,125.125,0.0,139.7467865645225,145.2663025292837,139.60565791974253,32.164892192348304
8,16,222,safe,256,143.0,0.0,150.9806051592349,157.33357695471224,150.83947651445493,33.36367901609069
8,16,222,safe,288,160.875,0.0,161.47383616017856,168.7090362105167,161.3327075153986,34.53249110957007
8,16,222,safe,320,178.75,0.0,171.38608089779447,179.46705934439908,171.2449522530145,35.63776646883345
8,16,222,safe,352,196.625,0.0,180.7866863639485,189.6579881520815,180.64555771916852,36.6484008427378
8,16,222,safe,384,214.5,0.0,189.7369973215171,198.9713223936048,189.59586867673713,37.19064395421248
8,16,222,safe,416,232.375,0.0,198.31285757669198,208.00980206486406,198.171728931912,37.81695299293556
8,16,222,safe,448,250.25,0.0,206.54495457547685,216.54427565985733,206.40382593069688,38.25741862812106
8,16,222,safe,480,268.125,0.0,214.48484455751108,224.87810262625123,214.3437159127311,38.78181791209763
8,16,222,safe,512,286.0,0.0,222.15635262118107,232.9921053871402,222.0152239764011,39.34291322666486
8,16,222,known,32,0.0,15.5,64.0,64.0,64.0,35.62094895439705
8,16,222,known,64,0.0,31.0,125.1488835861182,125.52773654210273,125.00775494133819,52.63378138905491
8,16,222,known,96,0.0,46.5,175.81756109278004,178.59659704886434,175.67643244800004,60.75036360431581
8,16,222,known,128,0.0,62.0,217.09254681690686,222.45389037141175,216.93089926278483,66.20562128604224
8,16,222,known,160,0.0,77.5,252.7217321312841,259.85634846472266,252.5529477677648,69.75853818239062
8,16,222,known,192,0.0,93.0,284.83118597980393,294.1983392949021,284.6624016162846,73.44291477151559
8,16,222,known,224,0.0,108.5,314.3026540528568,325.72357340328574,314.1338696893375,76.6168508242991
8,16,222,known,256,0.0,124.0,341.37178506384,354.5546729204235,341.2030007003207,79.23159287412392
8,16,222,known,288,0.0,139.5,366.92822276054403,381.77312042143905,366.7594383970247,81.61028117829326
8,16,222,known,320,0.0,155.0,390.945653276827,407.82192855377485,390.7768689133077,84.28404670388093
8,16,222,known,352,0.0,170.5,413.5785273928084,431.9975664156481,413.4097430292891,86.35974435156923
8,16,222,known,384,0.0,186.0,435.10477633279504,454.6921122053761,434.93599196927573,87.98798200188142
8,16,222,known,416,0.0,201.5,455.7793636441571,476.4614527414981,455.6105792806378,89.47219327965205
8,16,222,known,448,0.0,217.0,475.5821695272488,497.1940239341213,475.4133851637295,90.75370735087557
8,16,222,known,480,0.0,232.5,494.7611918464845,517.4392136315718,494.5924074829652,92.13364508704612
8,16,222,known,512,0.0,248.0,513.1886989566798,536.8927991852319,513.0199145931605,93.4420403938046
8,16,222,product,32,0.0,15.5,64.0,64.0,64.0,35.62094895439705
8,16,222,product,64,0.0,31.0,125.1488835861182,125.52773654210273,125.00775494133819,52.63378138905491
8,16,222,product,96,0.0,46.5,175.81756109278004,178.59659704886434,175.67643244800004,60.75036360431581
8,16,222,product,128,0.0,62.0,217.09254681690686,222.45389037141175,216.93089926278483,66.20562128604224
8,16,222,product,160,0.0,77.5,252.7217321312841,259.85634846472266,252.5529477677648,69.75853818239062
8,16,222,product,192,0.0,93.0,284.83118597980393,294.1983392949021,284.6624016162846,73.44291477151559
8,16,222,product,224,0.0,108.5,314.3026540528568,325.72357340328574,314.1338696893375,76.6168508242991
8,16,222,product,256,0.0,124.0,341.37178506384,354.5546729204235,341.2030007003207,79.23159287412392
8,16,222,product,288,0.0,139.5,366.92822276054403,381.77312042143905,366.7594383970247,81.61028117829326
8,16,222,product,320,0.0,155.0,390.945653276827,407.82192855377485,390.7768689133077,84.28404670388093
8,16,222,product,352,0.0,170.5,413.5785273928084,431.9975664156481,413.4097430292891,86.35974435156923
8,16,222,product,384,0.0,186.0,435.10477633279504,454.6921122053761,434.93599196927573,87.98798200188142
8,16,222,product,416,0.0,201.5,455.7793636441571,476.4614527414981,455.6105792806378,89.47219327965205
8,16,222,product,448,0.0,217.0,475.5821695272488,497.1940239341213,475.4133851637295,90.75370735087557
8,16,222,product,480,0.0,232.5,494.7611918464845,517.4392136315718,494.5924074829652,92.13364508704612
8,16,222,product,512,0.0,248.0,513.1886989566798,536.8927991852319,513.0199145931605,93.4420403938046
8,16,333,prefix,32,0.0,15.5,64.0,64.0,64.0,25.20996330899483
8,16,333,prefix,64,0.0,31.0,124.9812021303029,124.88467072983926,124.80896302291019,38.14046319969444
8,16,333,prefix,96,0.0,46.5,174.68491960136143,177.19959515027836,174.51046433374864,46.9859691545492
8,16,333,prefix,128,0.0,62.0,216.85084462987632,222.00167666110693,216.67638936226354,52.57004886302982
8,16,333,prefix,160,0.0,77.5,252.5695409367093,260.2902228370372,252.39508566909652,57.09688019142447
8,16,333,prefix,192,0.0,93.0,284.1974189799008,293.75087363916845,284.02267237798617,60.28957236480368
8,16,333,prefix,224,0.0,108.5,313.2168757770882,324.82414554631,313.04212917517356,63.41974389679616
8,16,333,prefix,256,0.0,124.0,340.67483961479087,354.2192719430087,340.5000930128762,66.25196253755004
8,16,333,prefix,288,0.0,139.5,366.2017196270109,381.3930104357492,366.0268791336454,68.63473516017403
8,16,333,prefix,320,0.0,155.0,390.20119745110463,406.7398926511259,390.02635695773915,70.5622181933884
8,16,333,prefix,352,0.0,170.5,412.7489613248549,430.48627931629136,412.57412083148944,72.27173719631767
8,16,333,prefix,384,0.0,186.0,434.0907061832629,453.07572751098064,433.91586568989743,73.96083803872327
8,16,333,prefix,416,0.0,201.5,454.75252458072583,474.9402904664186,454.5776840873604,75.55205962598046
8,16,333,prefix,448,0.0,217.0,474.6792376354636,495.8567382735327,474.5043971420982,76.89150911989134
8,16,333,prefix,480,0.0,232.5,493.8104846060371,516.214779936158,493.6356441126717,78.43391069225147
8,16,333,prefix,512,0.0,248.0,512.5640067802624,536.085653781585,512.389166286897,79.85532293281143
8,16,333,intersection,32,0.0,15.5,64.0,64.0,64.0,25.20996330899483
8,16,333,intersection,64,0.0,31.0,124.9812021303029,124.88467072983926,124.80896302291019,38.14046319969444
8,16,333,intersection,96,0.0,46.5,174.68491960136143,177.19959515027836,174.51046433374864,46.9859691545492
8,16,333,intersection,128,0.0,62.0,216.85084462987632,222.00167666110693,216.67638936226354,52.57004886302982
8,16,333,intersection,160,0.0,77.5,252.5695409367093,260.2902228370372,252.39508566909652,57.09688019142447
8,16,333,intersection,192,0.0,93.0,284.1974189799008,293.75087363916845,284.02267237798617,60.28957236480368
8,16,333,intersection,224,0.0,108.5,313.2168757770882,324.82414554631,313.04212917517356,63.41974389679616
8,16,333,intersection,256,0.0,124.0,340.67483961479087,354.2192719430087,340.5000930128762,66.25196253755004
8,16,333,intersection,288,0.0,139.5,366.2017196270109,381.3930104357492,366.0268791336454,68.63473516017403
8,16,333,intersection,320,0.0,155.0,390.20119745110463,406.7398926511259,390.02635695773915,70.5622181933884
8,16,333,intersection,352,0.0,170.5,412.7489613248549,430.48627931629136,412.57412083148944,72.27173719631767
8,16,333,intersection,384,0.0,186.0,434.0907061832629,453.07572751098064,433.91586568989743,73.96083803872327
8,16,333,intersection,416,0.0,201.5,454.75252458072583,474.9402904664186,454.5776840873604,75.55205962598046
8,16,333,intersection,448,0.0,217.0,474.6792376354636,495.8567382735327,474.5043971420982,76.89150911989134
8,16,333,intersection,480,0.0,232.5,493.8104846060371,516.214779936158,493.6356441126717,78.43391069225147
8,16,333,intersection,512,0.0,248.0,512.5640067802624,536.085653781585,512.389166286897,79.85532293281143
8,16,333,completed,32,0.0,15.5,64.0,64.0,64.0,25.20996330899483
8,16,333,completed,64,0.0,31.0,124.9812021303029,124.88467072983926,124.80896302291019,38.14046319969444
8,16,333,completed,96,0.0,46.5,174.68491960136143,177.19959515027836,174.51046433374864,46.9859691545492
8,16,333,completed,128,0.0,62.0,216.85084462987632,222.00167666110693,216.67638936226354,52.57004886302982
8,16,333,completed,160,0.0,77.5,252.5695409367093,260.2902228370372,252.39508566909652,57.09688019142447
8,16,333,completed,192,0.0,93.0,284.1974189799008,293.75087363916845,284.02267237798617,60.28957236480368
8,16,333,completed,224,0.0,108.5,313.2168757770882,324.82414554631,313.04212917517356,63.41974389679616
8,16,333,completed,256,0.0,124.0,340.67483961479087,354.2192719430087,340.5000930128762,66.25196253755004
8,16,333,completed,288,0.0,139.5,366.2017196270109,381.3930104357492,366.0268791336454,68.63473516017403
8,16,333,completed,320,0.0,155.0,390.20119745110463,406.7398926511259,390.02635695773915,70.5622181933884
8,16,333,completed,352,0.0,170.5,412.7489613248549,430.48627931629136,412.57412083148944,72.27173719631767
8,16,333,completed,384,0.0,186.0,434.0907061832629,453.07572751098064,433.91586568989743,73.96083803872327
8,16,333,completed,416,0.0,201.5,454.75252458072583,474.9402904664186,454.5776840873604,75.55205962598046
8,16,333,completed,448,0.0,217.0,474.6792376354636,495.8567382735327,474.5043971420982,76.89150911989134
8,16,333,completed,480,0.0,232.5,493.8104846060371,516.214779936158,493.6356441126717,78.43391069225147
8,16,333,completed,512,0.0,248.0,512.5640067802624,536.085653781585,512.389166286897,79.85532293281143
8,16,333,plugin,32,1.736328125,12.2265625,58.0,58.0,58.0,20.43635391185602
8,16,333,plugin,64,2.310546875,26.0859375,115.9812021303029,115.88467072983926,115.80896302291019,33.18815540756756
8,16,333,plugin,96,2.310546875,41.5859375,165.95072439852845,168.36867265875037,165.77626913091564,42.559068250294736
8,16,333,plugin,128,2.310546875,57.0859375,209.9070556793721,214.07011144292676,209.73260041175928,48.71307918406225
8,16,333,plugin,160,2.310546875,72.5859375,246.49981276105777,253.27536579434803,246.32535749344495,53.437203251526206
8,16,333,plugin,192,2.310546875,88.0859375,278.6371543670027,287.2573585639969,278.46127669750115,56.68977097657949
8,16,333,plugin,224,2.310546875,103.5859375,308.09572050640327,318.7959605815476,307.9198428369017,59.88909240236706
8,16,333,plugin,256,2.310546875,119.0859375,336.03746652627837,348.7264214741193,335.8615888567768,62.82635670373007
8,16,333,plugin,288,2.310546875,134.5859375,361.921602163941,376.2857826730902,361.74524991298415,65.27472701958347
8,16,333,plugin,320,2.310546875,150.0859375,386.204319743057,401.92441696765246,386.0279674921002,67.23178678149256
8,16,333,plugin,352,2.310546875,165.5859375,408.94916629259376,425.88671691225863,408.77281404163693,68.97270005845209
8,16,333,plugin,384,2.310546875,181.0859375,430.43864263905033,448.6355064239797,430.2622903880935,70.68089285530483
8,16,333,plugin,416,2.310546875,196.5859375,451.2639911212541,470.6758145381829,451.08763887029727,72.29260933214731
8,16,333,plugin,448,2.310546875,212.0859375,471.3459052836638,491.7576869034542,471.169553032707,73.65137514570397
8,16,333,plugin,480,2.310546875,227.5859375,490.60599465995307,512.255950253661,490.42964240899624,75.21175732842242
8,16,333,plugin,512,2.310546875,243.0859375,509.50399681082354,532.2861981726078,509.3276445598667,76.6553282357603
8,16,333,safe,32,17.875,0.0,32.0,32.0,32.0,12.260324385826497
8,16,333,safe,64,35.75,0.0,60.981202130302854,60.88467072983926,60.8089630229102,17.114445203452256
8,16,333,safe,96,53.625,0.0,82.02041405387838,82.94978639720864,81.84595878626564,20.22880085359822
8,16,333,safe,128,71.5,0.0,99.09811605216667,101.02563388217743,98.92366078455393,22.343378120675112
8,16,333,safe,160,89.375,0.0,113.97135899109685,116.94551582890162,113.7969037234841,24.208259899879973
8,16,333,safe,192,107.25,0.0,127.22209915194559,130.64607942672055,127.04735255003095,25.206211292852043
8,16,333,safe,224,125.125,0.0,139.3379642320977,143.36350345884526,139.16321763018308,26.24496096684367
8,16,333,safe,256,143.0,0.0,150.56287223585264,155.32881390063912,150.38812563393802,27.341783806951355
8,16,333,safe,288,160.875,0.0,161.06945557323508,166.5354388955125,160.89470897132045,28.34176163949971
8,16,333,safe,320,178.75,0.0,170.97079447354844,177.10726316056005,170.79604787163382,29.260838129928295
8,16,333,safe,352,196.625,0.0,180.36662856327922,186.9599556259905,180.1918819613646,29.93323616158069
8,16,333,safe,384,214.5,0.0,189.31794976416253,196.28781534000797,189.14320316224791,30.490004745549484
8,16,333,safe,416,232.375,0.0,197.88753679544232,205.26969913882542,197.7127901935277,31.05971791183073
8,16,333,safe,448,250.25,0.0,206.12801103559798,213.9861489471897,205.95326443368336,31.682159760387243
8,16,333,safe,480,268.125,0.0,214.06980142845543,222.45261381896614,213.89505482654081,32.33919694974624
8,16,333,safe,512,286.0,0.0,221.74009651686583,230.53395555533984,221.5653499149512,32.86763123979825
8,16,333,known,32,0.0,15.5,64.0,64.0,64.0,25.20996330899483
8,16,333,known,64,0.0,31.0,124.9812021303029,124.88467072983926,124.80896302291019,38.14046319969444
8,16,333,known,96,0.0,46.5,174.68491960136143,177.19959515027836,174.51046433374864,46.9859691545492
8,16,333,known,128,0.0,62.0,216.85084462987632,222.00167666110693,216.67638936226354,52.57004886302982
8,16,333,known,160,0.0,77.5,252.5695409367093,260.2902228370372,252.39508566909652,57.09688019142447
8,16,333,known,192,0.0,93.0,284.1974189799008,293.75087363916845,284.02267237798617,60.28957236480368
8,16,333,known,224,0.0,108.5,313.2168757770882,324.82414554631,313.04212917517356,63.41974389679616
8,16,333,known,256,0.0,124.0,340.67483961479087,354.2192719430087,340.5000930128762,66.25196253755004
8,16,333,known,288,0.0,139.5,366.2017196270109,381.3930104357492,366.0268791336454,68.63473516017403
8,16,333,known,320,0.0,155.0,390.20119745110463,406.7398926511259,390.02635695773915,70.5622181933884
8,16,333,known,352,0.0,170.5,412.7489613248549,430.48627931629136,412.57412083148944,72.27173719631767
8,16,333,known,384,0.0,186.0,434.0907061832629,453.07572751098064,433.91586568989743,73.96083803872327
8,16,333,known,416,0.0,201.5,454.75252458072583,474.9402904664186,454.5776840873604,75.55205962598046
8,16,333,known,448,0.0,217.0,474.6792376354636,495.8567382735327,474.5043971420982,76.89150911989134
8,16,333,known,480,0.0,232.5,493.8104846060371,516.214779936158,493.6356441126717,78.43391069225147
8,16,333,known,512,0.0,248.0,512.5640067802624,536.085653781585,512.389166286897,79.85532293281143
8,16,333,product,32,0.0,15.5,64.0,64.0,64.0,25.20996330899483
8,16,333,product,64,0.0,31.0,124.9812021303029,124.88467072983926,124.80896302291019,38.14046319969444
8,16,333,product,96,0.0,46.5,174.68491960136143,177.19959515027836,174.51046433374864,46.9859691545492
8,16,333,product,128,0.0,62.0,216.85084462987632,222.00167666110693,216.67638936226354,52.57004886302982
8,16,333,product,160,0.0,77.5,252.5695409367093,260.2902228370372,252.39508566909652,57.09688019142447
8,16,333,product,192,0.0,93.0,284.1974189799008,293.75087363916845,284.02267237798617,60.28957236480368
8,16,333,product,224,0.0,108.5,313.2168757770882,324.82414554631,313.04212917517356,63.41974389679616
8,16,333,product,256,0.0,124.0,340.67483961479087,354.2192719430087,340.5000930128762,66.25196253755004
8,16,333,product,288,0.0,139.5,366.2017196270109,381.3930104357492,366.0268791336454,68.63473516017403
8,16,333,product,320,0.0,155.0,390.20119745110463,406.7398926511259,390.02635695773915,70.5622181933884
8,16,333,product,352,0.0,170.5,412.7489613248549,430.48627931629136,412.57412083148944,72.27173719631767
8,16,333,product,384,0.0,186.0,434.0907061832629,453.07572751098064,433.91586568989743,73.96083803872327
8,16,333,product,416,0.0,201.5,454.75252458072583,474.9402904664186,454.5776840873604,75.55205962598046
8,16,333,product,448,0.0,217.0,474.6792376354636,495.8567382735327,474.5043971420982,76.89150911989134
8,16,333,product,480,0.0,232.5,493.8104846060371,516.214779936158,493.6356441126717,78.43391069225147
8,16,333,product,512,0.0,248.0,512.5640067802624,536.085653781585,512.389166286897,79.85532293281143
8,16,444,prefix,32,0.0,15.5,64.0,64.0,64.0,33.38770004275817
8,16,444,prefix,64,0.0,31.0,124.99064699537652,125.68769037779597,124.97973093948885,47.13907260693122
8,16,444,prefix,96,0.0,46.5,175.65279093265227,178.87788790456446,175.6372135310853,55.24999257974526
8,16,444,prefix,128,0.0,62.0,216.95193817118573,222.78638501196238,216.929811428201,60.700098767719545
8,16,444,prefix,160,0.0,77.5,252.60010444770757,260.8098486008602,252.57797770472283,65.1331551566014
8,16,444,prefix,192,0.0,93.0,284.5730309626945,294.85804242141614,284.55090421970976,68.58421244401559
8,16,444,prefix,224,0.0,108.5,314.0877697328765,326.50499737895746,314.0656429898918,71.7943129338138
8,16,444,prefix,256,0.0,124.0,341.2421898852946,355.4057948114011,341.22006314230987,74.40473447226495
8,16,444,prefix,288,0.0,139.5,366.80542682299574,382.9486834397212,366.78330008001103,77.16888467732221
8,16,444,prefix,320,0.0,155.0,390.7320274181789,408.3766151960838,390.7099006751942,79.27164737506087
8,16,444,prefix,352,0.0,170.5,413.38336208448516,432.44819293939867,413.36123534150045,81.20273433731498
8,16,444,prefix,384,0.0,186.0,434.8985755895905,454.9210069305278,434.8764488466058,82.60628118951409
8,16,444,prefix,416,0.0,201.5,455.400980654535,476.64597369989633,455.37885391155027,84.22621304852069
8,16,444,prefix,448,0.0,217.0,475.4148836052664,497.89218158337934,475.3927568622817,85.80791993341141
8,16,444,prefix,480,0.0,232.5,494.62756486635635,518.2249870769607,494.60543812337164,87.26341509760181
8,16,444,prefix,512,0.0,248.0,513.0464124334497,537.600808087687,513.024285690465,88.50337062224725
8,16,444,intersection,32,0.0,15.5,64.0,64.0,64.0,33.38770004275817
8,16,444,intersection,64,0.0,31.0,124.99064699537652,125.68769037779597,124.97973093948885,47.13907260693122
8,16,444,intersection,96,0.0,46.5,175.65279093265227,178.87788790456446,175.6372135310853,55.24999257974526
8,16,444,intersection,128,0.0,62.0,216.95193817118573,222.78638501196238,216.929811428201,60.700098767719545
8,16,444,intersection,160,0.0,77.5,252.60010444770757,260.8098486008602,252.57797770472283,65.1331551566014
8,16,444,intersection,192,0.0,93.0,284.5730309626945,294.85804242141614,284.55090421970976,68.58421244401559
8,16,444,intersection,224,0.0,108.5,314.0877697328765,326.50499737895746,314.0656429898918,71.7943129338138
8,16,444,intersection,256,0.0,124.0,341.2421898852946,355.4057948114011,341.22006314230987,74.40473447226495
8,16,444,intersection,288,0.0,139.5,366.80542682299574,382.9486834397212,366.78330008001103,77.16888467732221
8,16,444,intersection,320,0.0,155.0,390.7320274181789,408.3766151960838,390.7099006751942,79.27164737506087
8,16,444,intersection,352,0.0,170.5,413.38336208448516,432.44819293939867,413.36123534150045,81.20273433731498
8,16,444,intersection,384,0.0,186.0,434.8985755895905,454.9210069305278,434.8764488466058,82.60628118951409
8,16,444,intersection,416,0.0,201.5,455.400980654535,476.64597369989633,455.37885391155027,84.22621304852069
8,16,444,intersection,448,0.0,217.0,475.4148836052664,497.89218158337934,475.3927568622817,85.80791993341141
8,16,444,intersection,480,0.0,232.5,494.62756486635635,518.2249870769607,494.60543812337164,87.26341509760181
8,16,444,intersection,512,0.0,248.0,513.0464124334497,537.600808087687,513.024285690465,88.50337062224725
8,16,444,completed,32,0.0,15.5,64.0,64.0,64.0,33.38770004275817
8,16,444,completed,64,0.0,31.0,124.99064699537652,125.68769037779597,124.97973093948885,47.13907260693122
8,16,444,completed,96,0.0,46.5,175.65279093265227,178.87788790456446,175.6372135310853,55.24999257974526
8,16,444,completed,128,0.0,62.0,216.95193817118573,222.78638501196238,216.929811428201,60.700098767719545
8,16,444,completed,160,0.0,77.5,252.60010444770757,260.8098486008602,252.57797770472283,65.1331551566014
8,16,444,completed,192,0.0,93.0,284.5730309626945,294.85804242141614,284.55090421970976,68.58421244401559
8,16,444,completed,224,0.0,108.5,314.0877697328765,326.50499737895746,314.0656429898918,71.7943129338138
8,16,444,completed,256,0.0,124.0,341.2421898852946,355.4057948114011,341.22006314230987,74.40473447226495
8,16,444,completed,288,0.0,139.5,366.80542682299574,382.9486834397212,366.78330008001103,77.16888467732221
8,16,444,completed,320,0.0,155.0,390.7320274181789,408.3766151960838,390.7099006751942,79.27164737506087
8,16,444,completed,352,0.0,170.5,413.38336208448516,432.44819293939867,413.36123534150045,81.20273433731498
8,16,444,completed,384,0.0,186.0,434.8985755895905,454.9210069305278,434.8764488466058,82.60628118951409
8,16,444,completed,416,0.0,201.5,455.400980654535,476.64597369989633,455.37885391155027,84.22621304852069
8,16,444,completed,448,0.0,217.0,475.4148836052664,497.89218158337934,475.3927568622817,85.80791993341141
8,16,444,completed,480,0.0,232.5,494.62756486635635,518.2249870769607,494.60543812337164,87.26341509760181
8,16,444,completed,512,0.0,248.0,513.0464124334497,537.600808087687,513.024285690465,88.50337062224725
8,16,444,plugin,32,0.02734375,15.421875,64.0,64.0,64.0,33.38770004275817
8,16,444,plugin,64,0.02734375,30.921875,124.99064699537652,125.68769037779597,124.97973093948885,47.13907260693122
8,16,444,plugin,96,0.02734375,46.421875,175.65279093265227,178.87788790456446,175.6372135310853,55.24999257974526
8,16,444,plugin,128,0.02734375,61.921875,216.95193817118573,222.78638501196238,216.929811428201,60.700098767719545
8,16,444,plugin,160,0.02734375,77.421875,252.60010444770757,260.8098486008602,252.57797770472283,65.1331551566014
8,16,444,plugin,192,0.02734375,92.921875,284.5730309626945,294.85804242141614,284.55090421970976,68.58421244401559
8,16,444,plugin,224,0.02734375,108.421875,314.0877697328765,326.50499737895746,314.0656429898918,71.7943129338138
8,16,444,plugin,256,0.02734375,123.921875,341.2421898852946,355.4057948114011,341.22006314230987,74.40473447226495
8,16,444,plugin,288,0.02734375,139.421875,366.80542682299574,382.9486834397212,366.78330008001103,77.16888467732221
8,16,444,plugin,320,0.02734375,154.921875,390.7320274181789,408.3766151960838,390.7099006751942,79.27164737506087
8,16,444,plugin,352,0.02734375,170.421875,413.38336208448516,432.44819293939867,413.36123534150045,81.20273433731498
8,16,444,plugin,384,0.02734375,185.921875,434.8985755895905,454.9210069305278,434.8764488466058,82.60628118951409
8,16,444,plugin,416,0.02734375,201.421875,455.400980654535,476.64597369989633,455.37885391155027,84.22621304852069
8,16,444,plugin,448,0.02734375,216.921875,475.4148836052664,497.89218158337934,475.3927568622817,85.80791993341141
8,16,444,plugin,480,0.02734375,232.421875,494.62756486635635,518.2249870769607,494.60543812337164,87.26341509760181
8,16,444,plugin,512,0.02734375,247.921875,513.0464124334497,537.600808087687,513.024285690465,88.50337062224725
8,16,444,safe,32,17.875,0.0,32.0,32.0,32.0,11.7680954729214
8,16,444,safe,64,35.75,0.0,60.99064699537651,61.68769037779595,60.979730939488825,17.227712347669975
8,16,444,safe,96,53.625,0.0,82.14416782536297,84.44126417767724,82.1332517694753,21.030526130327825
8,16,444,safe,128,71.5,0.0,99.33862058501232,102.89235032609413,99.32770452912465,23.520342060852826
8,16,444,safe,160,89.375,0.0,114.19882415261515,118.52612812982223,114.18790809672747,25.099119697061617
8,16,444,safe,192,107.25,0.0,127.47640174276779,132.618225795142,127.46548568688011,26.488605157534554
8,16,444,safe,224,125.125,0.0,139.60596944210934,145.6666625994977,139.59505338622168,27.85836760375704
8,16,444,safe,256,143.0,0.0,150.83320013018565,157.67013925336406,150.82228407429798,28.99335665593718
8,16,444,safe,288,160.875,0.0,161.34559345514836,169.0617463816145,161.3346773992607,30.178316621862596
8,16,444,safe,320,178.75,0.0,171.2491078230595,179.50140079678647,171.23819176717183,30.965223262415545
8,16,444,safe,352,196.625,0.0,180.64324889385782,189.44802688912696,180.63233283797015,31.731554920977956
8,16,444,safe,384,214.5,0.0,189.58829468140559,198.6921368987143,189.57737862551792,32.20457380051666
8,16,444,safe,416,232.375,0.0,198.16831092144517,207.79573464735708,198.1573948655575,32.89600091662325
8,16,444,safe,448,250.25,0.0,206.40764380161494,216.56046414135784,206.39672774572728,33.56672245081635
8,16,444,safe,480,268.125,0.0,214.35139736856905,225.02739061676604,214.3404813126814,34.22422124380718
8,16,444,safe,512,286.0,0.0,222.02164117046985,233.029497521494,222.0107251145822,34.67342070221346
8,16,444,known,32,0.0,15.5,64.0,64.0,64.0,33.38770004275817
8,16,444,known,64,0.0,31.0,124.99064699537652,125.68769037779597,124.97973093948885,47.13907260693122
8,16,444,known,96,0.0,46.5,175.65279093265227,178.87788790456446,175.6372135310853,55.24999257974526
8,16,444,known,128,0.0,62.0,216.95193817118573,222.78638501196238,216.929811428201,60.700098767719545
8,16,444,known,160,0.0,77.5,252.60010444770757,260.8098486008602,252.57797770472283,65.1331551566014
8,16,444,known,192,0.0,93.0,284.5730309626945,294.85804242141614,284.55090421970976,68.58421244401559
8,16,444,known,224,0.0,108.5,314.0877697328765,326.50499737895746,314.0656429898918,71.7943129338138
8,16,444,known,256,0.0,124.0,341.2421898852946,355.4057948114011,341.22006314230987,74.40473447226495
8,16,444,known,288,0.0,139.5,366.80542682299574,382.9486834397212,366.78330008001103,77.16888467732221
8,16,444,known,320,0.0,155.0,390.7320274181789,408.3766151960838,390.7099006751942,79.27164737506087
8,16,444,known,352,0.0,170.5,413.38336208448516,432.44819293939867,413.36123534150045,81.20273433731498
8,16,444,known,384,0.0,186.0,434.8985755895905,454.9210069305278,434.8764488466058,82.60628118951409
8,16,444,known,416,0.0,201.5,455.400980654535,476.64597369989633,455.37885391155027,84.22621304852069
8,16,444,known,448,0.0,217.0,475.4148836052664,497.89218158337934,475.3927568622817,85.80791993341141
8,16,444,known,480,0.0,232.5,494.62756486635635,518.2249870769607,494.60543812337164,87.26341509760181
8,16,444,known,512,0.0,248.0,513.0464124334497,537.600808087687,513.024285690465,88.50337062224725
8,16,444,product,32,0.0,15.5,64.0,64.0,64.0,33.38770004275817
8,16,444,product,64,0.0,31.0,124.99064699537652,125.68769037779597,124.97973093948885,47.13907260693122
8,16,444,product,96,0.0,46.5,175.65279093265227,178.87788790456446,175.6372135310853,55.24999257974526
8,16,444,product,128,0.0,62.0,216.95193817118573,222.78638501196238,216.929811428201,60.700098767719545
8,16,444,product,160,0.0,77.5,252.60010444770757,260.8098486008602,252.57797770472283,65.1331551566014
8,16,444,product,192,0.0,93.0,284.5730309626945,294.85804242141614,284.55090421970976,68.58421244401559
8,16,444,product,224,0.0,108.5,314.0877697328765,326.50499737895746,314.0656429898918,71.7943129338138
8,16,444,product,256,0.0,124.0,341.2421898852946,355.4057948114011,341.22006314230987,74.40473447226495
8,16,444,product,288,0.0,139.5,366.80542682299574,382.9486834397212,366.78330008001103,77.16888467732221
8,16,444,product,320,0.0,155.0,390.7320274181789,408.3766151960838,390.7099006751942,79.27164737506087
8,16,444,product,352,0.0,170.5,413.38336208448516,432.44819293939867,413.36123534150045,81.20273433731498
8,16,444,product,384,0.0,186.0,434.8985755895905,454.9210069305278,434.8764488466058,82.60628118951409
8,16,444,product,416,0.0,201.5,455.400980654535,476.64597369989633,455.37885391155027,84.22621304852069
8,16,444,product,448,0.0,217.0,475.4148836052664,497.89218158337934,475.3927568622817,85.80791993341141
8,16,444,product,480,0.0,232.5,494.62756486635635,518.2249870769607,494.60543812337164,87.26341509760181
8,16,444,product,512,0.0,248.0,513.0464124334497,537.600808087687,513.024285690465,88.50337062224725
8,64,111,prefix,32,0.0,15.5,64.0,64.0,64.0,25.740549941336965
8,64,111,prefix,64,0.0,31.0,128.0,128.0,128.0,62.33446809462444
8,64,111,prefix,96,0.0,46.5,191.71462045033695,191.26737373130427,191.26737373130427,94.9289401129147
8,64,111,prefix,128,0.0,62.0,246.86806486376042,248.29836537214044,246.342980411585,117.43288209477383
8,64,111,prefix,160,0.0,77.5,292.1279305735158,298.6148350162938,291.6028461213403,134.94703621979554
8,64,111,prefix,192,0.0,93.0,329.8640973566005,342.65037602253307,329.339012904425,148.84586455787053
8,64,111,prefix,224,0.0,108.5,363.8455315081339,382.82226895745447,363.32044705595837,160.59039928801766
8,64,111,prefix,256,0.0,124.0,394.1142646638625,419.14858485000013,393.589180211687,170.91756864476747
8,64,111,prefix,288,0.0,139.5,423.2755394526089,454.2717206614671,422.75045500043336,180.6413872360119
8,64,111,prefix,320,0.0,155.0,449.6667958730991,486.4901501056349,449.14171142092357,189.48632572720365
8,64,111,prefix,352,0.0,170.5,474.3443960077368,516.2405538649583,473.8193115555613,197.01802681983665
8,64,111,prefix,384,0.0,186.0,497.88926149946514,544.9465843876258,497.3641770472896,204.35641177009023
8,64,111,prefix,416,0.0,201.5,520.0348628075179,572.3210129665072,519.5097783553424,211.4396433322846
8,64,111,prefix,448,0.0,217.0,541.1288263200555,597.7541546168704,540.60374186788,217.3931046524546
8,64,111,prefix,480,0.0,232.5,561.2935780560875,621.7228993783706,560.768493603912,222.61266468502203
8,64,111,prefix,512,0.0,248.0,580.6630616953546,644.8252102789694,580.1379772431791,227.6318003741887
8,64,111,intersection,32,0.0,15.5,64.0,64.0,64.0,25.740549941336965
8,64,111,intersection,64,0.0,31.0,128.0,128.0,128.0,62.33446809462444
8,64,111,intersection,96,0.0,46.5,191.71462045033695,191.26737373130427,191.26737373130427,94.9289401129147
8,64,111,intersection,128,0.0,62.0,246.86806486376042,248.29836537214044,246.342980411585,117.43288209477383
8,64,111,intersection,160,0.0,77.5,292.1279305735158,298.6148350162938,291.6028461213403,134.94703621979554
8,64,111,intersection,192,0.0,93.0,329.8640973566005,342.65037602253307,329.339012904425,148.84586455787053
8,64,111,intersection,224,0.0,108.5,363.8455315081339,382.82226895745447,363.32044705595837,160.59039928801766
8,64,111,intersection,256,0.0,124.0,394.1142646638625,419.14858485000013,393.589180211687,170.91756864476747
8,64,111,intersection,288,0.0,139.5,423.2755394526089,454.2717206614671,422.75045500043336,180.6413872360119
8,64,111,intersection,320,0.0,155.0,449.6667958730991,486.4901501056349,449.14171142092357,189.48632572720365
8,64,111,intersection,352,0.0,170.5,474.3443960077368,516.2405538649583,473.8193115555613,197.01802681983665
8,64,111,intersection,384,0.0,186.0,497.88926149946514,544.9465843876258,497.3641770472896,204.35641177009023
8,64,111,intersection,416,0.0,201.5,520.0348628075179,572.3210129665072,519.5097783553424,211.4396433322846
8,64,111,intersection,448,0.0,217.0,541.1288263200555,597.7541546168704,540.60374186788,217.3931046524546
8,64,111,intersection,480,0.0,232.5,561.2935780560875,621.7228993783706,560.768493603912,222.61266468502203
8,64,111,intersection,512,0.0,248.0,580.6630616953546,644.8252102789694,580.1379772431791,227.6318003741887
8,64,111,completed,32,0.0,15.5,64.0,64.0,64.0,25.740549941336965
8,64,111,completed,64,9.49609375,22.765625,111.0,111.0,111.0,49.66315233556323
8,64,111,completed,96,22.90234375,26.640625,150.71462045033695,150.26737373130427,150.26737373130427,65.30788676990348
8,64,111,completed,128,22.90234375,42.140625,206.5680296631254,207.7895327866597,206.04294521094997,83.6591714299561
8,64,111,completed,160,22.90234375,57.640625,256.2050269272582,260.57749082748,255.67994247508273,103.2122991188415
8,64,111,completed,192,22.90234375,73.140625,299.16604556095854,307.9858219974096,298.6409611087831,119.64003954871045
8,64,111,completed,224,22.90234375,88.640625,337.0162506698208,351.97710548021934,336.49116621764534,133.30278223698681
8,64,111,completed,256,22.90234375,104.140625,369.8173633281607,391.1233089691828,369.29227887598523,144.936489922161
8,64,111,completed,288,22.90234375,119.640625,401.38398375441216,428.9287512596867,400.8588993022367,155.86317871551557
8,64,111,completed,320,22.90234375,135.140625,429.41347267920503,463.0419429926927,428.88838822702957,165.53744590672065
8,64,111,completed,352,22.90234375,150.640625,455.3735049508001,494.3117272489819,454.8484204986246,173.68710750001574
8,64,111,completed,384,22.90234375,166.140625,480.02739195250194,524.3858975443835,479.5023075003264,181.5936949584511
8,64,111,completed,416,22.90234375,181.640625,503.06379505658964,552.9070634654558,502.5387106044141,189.1568200455312
8,64,111,completed,448,22.90234375,197.140625,524.9106530443846,579.2905298604059,524.3855685922091,195.47641172633286
8,64,111,completed,480,22.90234375,212.640625,545.7247453161623,604.0850667826777,545.1996608639868,201.00533153810647
8,64,111,completed,512,22.90234375,228.140625,565.6635881001001,627.9293308341265,565.1385036479246,206.30681763792617
8,64,111,plugin,32,7.0234375,11.15625,52.0,52.0,52.0,16.339891647102828
8,64,111,plugin,64,10.5234375,16.65625,100.0,100.0,100.0,39.50347442726463
8,64,111,plugin,96,11.822265625,28.4453125,155.71462045033695,155.26737373130427,155.26737373130427,63.278746402965766
8,64,111,plugin,128,11.822265625,43.9453125,212.21695150747965,212.93811767632317,211.69186705530421,87.69196062012865
8,64,111,plugin,160,12.205078125,58.3515625,258.7819585064511,263.024778382391,258.2568740542756,107.86912955459077
8,64,111,plugin,192,12.205078125,73.8515625,300.1756456832317,309.11102523900837,299.65056123105626,123.72725095477911
8,64,111,plugin,224,12.205078125,89.3515625,338.1876210394902,352.82875277955765,337.6625365873147,137.19933994857078
8,64,111,plugin,256,12.205078125,104.8515625,370.9673794155297,391.8057134645527,370.44229496335424,148.7048303588999
8,64,111,plugin,288,12.205078125,120.3515625,403.11920126665285,430.185774885963,402.5941168144774,159.90599742382682
8,64,111,plugin,320,12.205078125,135.8515625,431.2655551248483,464.3918540266914,430.7404706726728,169.6544819695215
8,64,111,plugin,352,12.205078125,151.3515625,457.2820648224683,495.6700498786596,456.75698037029287,177.80538925621866
8,64,111,plugin,384,12.205078125,166.8515625,482.041541125394,525.8508275989078,481.51645667321856,185.76569361803317
8,64,111,plugin,416,12.205078125,182.3515625,505.0665662829155,554.3620683820047,504.54148183074005,193.34463962201067
8,64,111,plugin,448,12.205078125,197.8515625,526.8705992942836,580.6977038386383,526.3455148421082,199.6533172561497
8,64,111,plugin,480,12.205078125,213.3515625,547.6285199735313,605.4203697485282,547.1034355213559,205.1544389996068
8,64,111,plugin,512,12.205078125,228.8515625,567.5000202962262,629.1584771610277,566.9749358440508,210.39841643974222
8,64,111,safe,32,17.875,0.0,32.0,32.0,32.0,7.086067693278874
8,64,111,safe,64,35.75,0.0,64.0,64.0,64.0,19.6559657129192
8,64,111,safe,96,53.625,0.0,95.71462045033695,95.26737373130423,95.26737373130423,32.87775635045792
8,64,111,safe,128,71.5,0.0,120.27034808679532,120.93811767632317,119.74526363461982,42.58723007758497
8,64,111,safe,160,89.375,0.0,139.16554082630495,142.02167912154295,138.64045637412943,49.615791355285424
8,64,111,safe,192,107.25,0.0,155.03847138457897,160.20292410638075,154.51338693240345,55.094424135276334
8,64,111,safe,224,125.125,0.0,169.05434643989608,176.2593974850687,168.52926198772056,59.472223155831195
8,64,111,safe,256,143.0,0.0,181.7087341415091,190.963317961806,181.18364968933358,63.30765603088239
8,64,111,safe,288,160.875,0.0,193.3656673941292,204.99732845590134,192.84058294195367,67.13501936265274
8,64,111,safe,320,178.75,0.0,204.20912250621933,218.47660399558026,203.6840380540438,70.96154712771258
8,64,111,safe,352,196.625,0.0,214.4086455167247,230.85214634998198,213.88356106454918,74.15679504833619
8,64,111,safe,384,214.5,0.0,224.04765993305418,242.6469585123586,223.52257548087866,77.1805160806641
8,64,111,safe,416,232.375,0.0,233.21536181897181,254.06249062179356,232.6902773667963,80.18387755756282
8,64,111,safe,448,250.25,0.0,241.9812071093672,264.65913299767783,241.45612265719168,82.68651197363911
8,64,111,safe,480,268.125,0.0,250.3810332439752,274.47988365282737,249.85594879179968,84.69783494637127
8,64,111,safe,512,286.0,0.0,258.46432057811353,283.7863342051584,257.939236125938,86.45137805238086
8,64,111,known,32,0.0,15.5,64.0,64.0,64.0,25.740549941336965
8,64,111,known,64,0.0,31.0,128.0,128.0,128.0,62.33446809462444
8,64,111,known,96,0.0,46.5,191.71462045033695,191.26737373130427,191.26737373130427,94.9289401129147
8,64,111,known,128,0.0,62.0,246.86806486376042,248.29836537214044,246.342980411585,117.43288209477383
8,64,111,known,160,0.0,77.5,292.1279305735158,298.6148350162938,291.6028461213403,134.94703621979554
8,64,111,known,192,0.0,93.0,329.8640973566005,342.65037602253307,329.339012904425,148.84586455787053
8,64,111,known,224,0.0,108.5,363.8455315081339,382.82226895745447,363.32044705595837,160.59039928801766
8,64,111,known,256,0.0,124.0,394.1142646638625,419.14858485000013,393.589180211687,170.91756864476747
8,64,111,known,288,0.0,139.5,423.2755394526089,454.2717206614671,422.75045500043336,180.6413872360119
8,64,111,known,320,0.0,155.0,449.6667958730991,486.4901501056349,449.14171142092357,189.48632572720365
8,64,111,known,352,0.0,170.5,474.3443960077368,516.2405538649583,473.8193115555613,197.01802681983665
8,64,111,known,384,0.0,186.0,497.88926149946514,544.9465843876258,497.3641770472896,204.35641177009023
8,64,111,known,416,0.0,201.5,520.0348628075179,572.3210129665072,519.5097783553424,211.4396433322846
8,64,111,known,448,0.0,217.0,541.1288263200555,597.7541546168704,540.60374186788,217.3931046524546
8,64,111,known,480,0.0,232.5,561.2935780560875,621.7228993783706,560.768493603912,222.61266468502203
8,64,111,known,512,0.0,248.0,580.6630616953546,644.8252102789694,580.1379772431791,227.6318003741887
8,64,111,product,32,0.0,15.5,64.0,64.0,64.0,25.740549941336965
8,64,111,product,64,0.0,31.0,128.0,128.0,128.0,62.33446809462444
8,64,111,product,96,0.0,46.5,191.71462045033695,191.26737373130427,191.26737373130427,94.9289401129147
8,64,111,product,128,0.0,62.0,246.86806486376042,248.29836537214044,246.342980411585,117.43288209477383
8,64,111,product,160,0.0,77.5,292.1279305735158,298.6148350162938,291.6028461213403,134.94703621979554
8,64,111,product,192,0.0,93.0,329.8640973566005,342.65037602253307,329.339012904425,148.84586455787053
8,64,111,product,224,0.0,108.5,363.8455315081339,382.82226895745447,363.32044705595837,160.59039928801766
8,64,111,product,256,0.0,124.0,394.1142646638625,419.14858485000013,393.589180211687,170.91756864476747
8,64,111,product,288,0.0,139.5,423.2755394526089,454.2717206614671,422.75045500043336,180.6413872360119
8,64,111,product,320,0.0,155.0,449.6667958730991,486.4901501056349,449.14171142092357,189.48632572720365
8,64,111,product,352,0.0,170.5,474.3443960077368,516.2405538649583,473.8193115555613,197.01802681983665
8,64,111,product,384,0.0,186.0,497.88926149946514,544.9465843876258,497.3641770472896,204.35641177009023
8,64,111,product,416,0.0,201.5,520.0348628075179,572.3210129665072,519.5097783553424,211.4396433322846
8,64,111,product,448,0.0,217.0,541.1288263200555,597.7541546168704,540.60374186788,217.3931046524546
8,64,111,product,480,0.0,232.5,561.2935780560875,621.7228993783706,560.768493603912,222.61266468502203
8,64,111,product,512,0.0,248.0,580.6630616953546,644.8252102789694,580.1379772431791,227.6318003741887
8,64,222,prefix,32,0.0,15.5,64.0,64.0,64.0,41.97848871243626
8,64,222,prefix,64,0.0,31.0,128.0,128.0,128.0,89.23786687091422
8,64,222,prefix,96,0.0,46.5,191.85451036490912,191.66371076047952,191.66371076047952,125.83417093494204
8,64,222,prefix,128,0.0,62.0,247.90781259888,249.5243785012829,247.668619534429,149.0538316519248
8,64,222,prefix,160,0.0,77.5,293.31470179392034,299.66203699220904,293.07550872946933,165.35368310972285
8,64,222,prefix,192,0.0,93.0,331.61834774644643,343.51066152935516,331.37915468199543,178.54469340581431
8,64,222,prefix,224,0.0,108.5,365.53246897699336,384.2374359664424,365.29327591254236,190.92016978730135
8,64,222,prefix,256,0.0,124.0,396.0997322350982,421.38032041751933,395.8605391706472,201.84669677106527
8,64,222,prefix,288,0.0,139.5,424.54643193084905,455.8552883310311,424.30723886639805,211.481905487731
8,64,222,prefix,320,0.0,155.0,450.88725229526824,488.54230121321046,450.64805923081724,220.7938757631624
8,64,222,prefix,352,0.0,170.5,475.3842623556346,519.5020707804891,475.1450692911836,229.65370511625616
8,64,222,prefix,384,0.0,186.0,498.5720363459605,547.7928145783414,498.3328432815095,236.87814077469278
8,64,222,prefix,416,0.0,201.5,520.6752019853698,574.0783963240041,520.4360089209188,242.87859326200407
8,64,222,prefix,448,0.0,217.0,541.7375557696303,598.9115074745173,541.4983627051793,248.2606472911179
8,64,222,prefix,480,0.0,232.5,562.0250893497908,622.723380687552,561.7858962853398,253.2072685428724
8,64,222,prefix,512,0.0,248.0,581.4425121116047,646.049295344248,581.2033190471537,258.3879929526666
8,64,222,intersection,32,0.0,15.5,64.0,64.0,64.0,41.97848871243626
8,64,222,intersection,64,0.0,31.0,128.0,128.0,128.0,89.23786687091422
8,64,222,intersection,96,0.0,46.5,191.85451036490912,191.66371076047952,191.66371076047952,125.83417093494204
8,64,222,intersection,128,0.0,62.0,247.90781259888,249.5243785012829,247.668619534429,149.0538316519248
8,64,222,intersection,160,0.0,77.5,293.31470179392034,299.66203699220904,293.07550872946933,165.35368310972285
8,64,222,intersection,192,0.0,93.0,331.61834774644643,343.51066152935516,331.37915468199543,178.54469340581431
8,64,222,intersection,224,0.0,108.5,365.53246897699336,384.2374359664424,365.29327591254236,190.92016978730135
8,64,222,intersection,256,0.0,124.0,396.0997322350982,421.38032041751933,395.8605391706472,201.84669677106527
8,64,222,intersection,288,0.0,139.5,424.54643193084905,455.8552883310311,424.30723886639805,211.481905487731
8,64,222,intersection,320,0.0,155.0,450.88725229526824,488.54230121321046,450.64805923081724,220.7938757631624
8,64,222,intersection,352,0.0,170.5,475.3842623556346,519.5020707804891,475.1450692911836,229.65370511625616
8,64,222,intersection,384,0.0,186.0,498.5720363459605,547.7928145783414,498.3328432815095,236.87814077469278
8,64,222,intersection,416,0.0,201.5,520.6752019853698,574.0783963240041,520.4360089209188,242.87859326200407
8,64,222,intersection,448,0.0,217.0,541.7375557696303,598.9115074745173,541.4983627051793,248.2606472911179
8,64,222,intersection,480,0.0,232.5,562.0250893497908,622.723380687552,561.7858962853398,253.2072685428724
8,64,222,intersection,512,0.0,248.0,581.4425121116047,646.049295344248,581.2033190471537,258.3879929526666
8,64,222,completed,32,0.0,15.5,64.0,64.0,64.0,41.97848871243626
8,64,222,completed,64,0.0,31.0,128.0,128.0,128.0,89.23786687091422
8,64,222,completed,96,0.0,46.5,191.85451036490912,191.66371076047952,191.66371076047952,125.83417093494204
8,64,222,completed,128,0.0,62.0,247.90781259888,249.5243785012829,247.668619534429,149.0538316519248
8,64,222,completed,160,0.0,77.5,293.31470179392034,299.66203699220904,293.07550872946933,165.35368310972285
8,64,222,completed,192,0.0,93.0,331.61834774644643,343.51066152935516,331.37915468199543,178.54469340581431
8,64,222,completed,224,0.0,108.5,365.53246897699336,384.2374359664424,365.29327591254236,190.92016978730135
8,64,222,completed,256,0.0,124.0,396.0997322350982,421.38032041751933,395.8605391706472,201.84669677106527
8,64,222,completed,288,0.0,139.5,424.54643193084905,455.8552883310311,424.30723886639805,211.481905487731
8,64,222,completed,320,0.0,155.0,450.88725229526824,488.54230121321046,450.64805923081724,220.7938757631624
8,64,222,completed,352,0.0,170.5,475.3842623556346,519.5020707804891,475.1450692911836,229.65370511625616
8,64,222,completed,384,0.0,186.0,498.5720363459605,547.7928145783414,498.3328432815095,236.87814077469278
8,64,222,completed,416,0.0,201.5,520.6752019853698,574.0783963240041,520.4360089209188,242.87859326200407
8,64,222,completed,448,0.0,217.0,541.7375557696303,598.9115074745173,541.4983627051793,248.2606472911179
8,64,222,completed,480,0.0,232.5,562.0250893497908,622.723380687552,561.7858962853398,253.2072685428724
8,64,222,completed,512,0.0,248.0,581.4425121116047,646.049295344248,581.2033190471537,258.3879929526666
8,64,222,plugin,32,1.626953125,10.8515625,54.0,54.0,54.0,34.393574851787115
8,64,222,plugin,64,4.962890625,16.8203125,104.0,104.0,104.0,70.62600371262108
8,64,222,plugin,96,5.099609375,31.9296875,166.85451036490912,166.66371076047952,166.66371076047952,103.45863950836369
8,64,222,plugin,128,5.099609375,47.4296875,223.1020278372564,224.5243785012829,222.8628347728054,127.54269246212893
8,64,222,plugin,160,5.291015625,62.3828125,270.8057017234888,276.1731638062519,270.5665086590378,145.87948020811262
8,64,222,plugin,192,5.291015625,77.8828125,312.55312966036354,322.74077167619976,312.31393659591254,160.4658913297945
8,64,222,plugin,224,5.291015625,93.3828125,349.34167035573154,366.46980032855,349.10247729128054,174.33250580969684
8,64,222,plugin,256,5.291015625,108.8828125,381.6752699104203,405.51111668116914,381.4360768459693,186.18340313313445
8,64,222,plugin,288,5.291015625,124.3828125,411.8658311153469,441.8791885902841,411.6266380508959,196.65824958643165
8,64,222,plugin,320,5.291015625,139.8828125,439.4258925032507,475.9724825376648,439.1866994387997,206.61701749344897
8,64,222,plugin,352,5.291015625,155.3828125,464.5893033473391,507.7670936700028,464.3501102828881,215.8576595952089
8,64,222,plugin,384,5.291015625,170.8828125,488.256939672652,536.6304729074301,488.017746608201,223.28007741523467
8,64,222,plugin,416,5.291015625,186.3828125,510.87376273990867,563.5218895768337,510.63456967545767,229.47673468114155
8,64,222,plugin,448,5.291015625,201.8828125,532.3376389182805,588.8351391580868,532.0984458538295,235.01827344365597
8,64,222,plugin,480,5.291015625,217.3828125,553.0524997164932,613.156630795102,552.8133066520422,240.12482711180834
8,64,222,plugin,512,5.291015625,232.8828125,572.7900767976088,636.8923800122597,572.5508837331578,245.4547911125079
8,64,222,safe,32,17.875,0.0,32.0,32.0,32.0,17.166565749778005
8,64,222,safe,64,35.75,0.0,64.0,64.0,64.0,36.87927955927157
8,64,222,safe,96,53.625,0.0,95.8545103649091,95.6637107604795,95.6637107604795,52.28587288611958
8,64,222,safe,128,71.5,0.0,120.37807849779527,121.52437850128291,120.13888543334427,62.1852704090311
8,64,222,safe,160,89.375,0.0,139.24796366999507,142.51009380960355,139.00877060554407,69.11598554983235
8,64,222,safe,192,107.25,0.0,155.11699622557123,160.62172004672624,154.87780316112023,74.52499958210822
8,64,222,safe,224,125.125,0.0,169.13719738031807,177.3620607341391,168.89800431586707,79.5866659113881
8,64,222,safe,256,143.0,0.0,181.80129697082893,193.10405996515263,181.56210390637793,84.46017754071543
8,64,222,safe,288,160.875,0.0,193.4627323174255,207.71913138284995,193.2235392529745,88.86860179608786
8,64,222,safe,320,178.75,0.0,204.3024822008678,221.57050845451025,204.06328913641678,93.06723109312912
8,64,222,safe,352,196.625,0.0,214.4991394173461,234.8000089763075,214.2599463528951,97.11643718114833
8,64,222,safe,384,214.5,0.0,224.14354646112682,246.58806527375552,223.90435339667582,100.13340234854769
8,64,222,safe,416,232.375,0.0,233.3114920338316,257.336397987874,233.0722989693806,102.46956443012996
8,64,222,safe,448,250.25,0.0,242.06937311122144,267.5319582008048,241.83018004677044,104.57111668325304
8,64,222,safe,480,268.125,0.0,250.47141235047545,277.2082872471784,250.23221928602445,106.43801804720931
8,64,222,safe,512,286.0,0.0,258.55019364481467,286.8196109471495,258.3110005803636,108.49643430085874
8,64,222,known,32,0.0,15.5,64.0,64.0,64.0,41.97848871243626
8,64,222,known,64,0.0,31.0,128.0,128.0,128.0,89.23786687091422
8,64,222,known,96,0.0,46.5,191.85451036490912,191.66371076047952,191.66371076047952,125.83417093494204
8,64,222,known,128,0.0,62.0,247.90781259888,249.5243785012829,247.668619534429,149.0538316519248
8,64,222,known,160,0.0,77.5,293.31470179392034,299.66203699220904,293.07550872946933,165.35368310972285
8,64,222,known,192,0.0,93.0,331.61834774644643,343.51066152935516,331.37915468199543,178.54469340581431
8,64,222,known,224,0.0,108.5,365.53246897699336,384.2374359664424,365.29327591254236,190.92016978730135
8,64,222,known,256,0.0,124.0,396.0997322350982,421.38032041751933,395.8605391706472,201.84669677106527
8,64,222,known,288,0.0,139.5,424.54643193084905,455.8552883310311,424.30723886639805,211.481905487731
8,64,222,known,320,0.0,155.0,450.88725229526824,488.54230121321046,450.64805923081724,220.7938757631624
8,64,222,known,352,0.0,170.5,475.3842623556346,519.5020707804891,475.1450692911836,229.65370511625616
8,64,222,known,384,0.0,186.0,498.5720363459605,547.7928145783414,498.3328432815095,236.87814077469278
8,64,222,known,416,0.0,201.5,520.6752019853698,574.0783963240041,520.4360089209188,242.87859326200407
8,64,222,known,448,0.0,217.0,541.7375557696303,598.9115074745173,541.4983627051793,248.2606472911179
8,64,222,known,480,0.0,232.5,562.0250893497908,622.723380687552,561.7858962853398,253.2072685428724
8,64,222,known,512,0.0,248.0,581.4425121116047,646.049295344248,581.2033190471537,258.3879929526666
8,64,222,product,32,0.0,15.5,64.0,64.0,64.0,41.97848871243626
8,64,222,product,64,0.0,31.0,128.0,128.0,128.0,89.23786687091422
8,64,222,product,96,0.0,46.5,191.85451036490912,191.66371076047952,191.66371076047952,125.83417093494204
8,64,222,product,128,0.0,62.0,247.90781259888,249.5243785012829,247.668619534429,149.0538316519248
8,64,222,product,160,0.0,77.5,293.31470179392034,299.66203699220904,293.07550872946933,165.35368310972285
8,64,222,product,192,0.0,93.0,331.61834774644643,343.51066152935516,331.37915468199543,178.54469340581431
8,64,222,product,224,0.0,108.5,365.53246897699336,384.2374359664424,365.29327591254236,190.92016978730135
8,64,222,product,256,0.0,124.0,396.0997322350982,421.38032041751933,395.8605391706472,201.84669677106527
8,64,222,product,288,0.0,139.5,424.54643193084905,455.8552883310311,424.30723886639805,211.481905487731
8,64,222,product,320,0.0,155.0,450.88725229526824,488.54230121321046,450.64805923081724,220.7938757631624
8,64,222,product,352,0.0,170.5,475.3842623556346,519.5020707804891,475.1450692911836,229.65370511625616
8,64,222,product,384,0.0,186.0,498.5720363459605,547.7928145783414,498.3328432815095,236.87814077469278
8,64,222,product,416,0.0,201.5,520.6752019853698,574.0783963240041,520.4360089209188,242.87859326200407
8,64,222,product,448,0.0,217.0,541.7375557696303,598.9115074745173,541.4983627051793,248.2606472911179
8,64,222,product,480,0.0,232.5,562.0250893497908,622.723380687552,561.7858962853398,253.2072685428724
8,64,222,product,512,0.0,248.0,581.4425121116047,646.049295344248,581.2033190471537,258.3879929526666
8,64,333,prefix,32,0.0,15.5,64.0,64.0,64.0,29.509012435028666
8,64,333,prefix,64,0.0,31.0,128.0,128.0,128.0,65.26490104257397
8,64,333,prefix,96,0.0,46.5,191.7242094931297,190.2555258426483,190.2555258426483,98.1382029023643
8,64,333,prefix,128,0.0,62.0,247.4127289127487,246.37828126311408,245.21550974149065,121.10460533925561
8,64,333,prefix,160,0.0,77.5,292.5482614094626,296.6071777558073,290.3510422382045,138.78471782049456
8,64,333,prefix,192,0.0,93.0,330.3934661756333,340.6417841962054,328.1962470043752,152.55177395963244
8,64,333,prefix,224,0.0,108.5,363.89081680619074,380.1434762092118,361.69359763493264,164.1103655974897
8,64,333,prefix,256,0.0,124.0,394.7859063371419,417.3788652216298,392.5886871658838,174.78284685396298
8,64,333,prefix,288,0.0,139.5,423.18806684288245,452.0421688462576,420.99084767162435,184.65518460847406
8,64,333,prefix,320,0.0,155.0,449.5869150928038,483.67291189864653,447.3896959215457,192.86652847870067
8,64,333,prefix,352,0.0,170.5,474.01491744412755,512.7107041048862,471.81769827286945,199.8674530227043
8,64,333,prefix,384,0.0,186.0,496.9636630434178,540.0525520865378,494.7664438721597,206.30895365207218
8,64,333,prefix,416,0.0,201.5,519.0407120768372,566.5104513617107,516.8434929055792,212.49351155906422
8,64,333,prefix,448,0.0,217.0,540.222637389646,591.7401825989266,538.025418218388,218.14624448307663
8,64,333,prefix,480,0.0,232.5,560.4613101140982,616.1440728101971,558.2640909428402,223.73449460408182
8,64,333,prefix,512,0.0,248.0,580.2049849796001,640.168955499552,578.0077658083421,229.30991568857013
8,64,333,intersection,32,0.0,15.5,64.0,64.0,64.0,29.509012435028666
8,64,333,intersection,64,0.0,31.0,128.0,128.0,128.0,65.26490104257397
8,64,333,intersection,96,0.0,46.5,191.7242094931297,190.2555258426483,190.2555258426483,98.1382029023643
8,64,333,intersection,128,0.0,62.0,247.4127289127487,246.37828126311408,245.21550974149065,121.10460533925561
8,64,333,intersection,160,0.0,77.5,292.5482614094626,296.6071777558073,290.3510422382045,138.78471782049456
8,64,333,intersection,192,0.0,93.0,330.3934661756333,340.6417841962054,328.1962470043752,152.55177395963244
8,64,333,intersection,224,0.0,108.5,363.89081680619074,380.1434762092118,361.69359763493264,164.1103655974897
8,64,333,intersection,256,0.0,124.0,394.7859063371419,417.3788652216298,392.5886871658838,174.78284685396298
8,64,333,intersection,288,0.0,139.5,423.18806684288245,452.0421688462576,420.99084767162435,184.65518460847406
8,64,333,intersection,320,0.0,155.0,449.5869150928038,483.67291189864653,447.3896959215457,192.86652847870067
8,64,333,intersection,352,0.0,170.5,474.01491744412755,512.7107041048862,471.81769827286945,199.8674530227043
8,64,333,intersection,384,0.0,186.0,496.9636630434178,540.0525520865378,494.7664438721597,206.30895365207218
8,64,333,intersection,416,0.0,201.5,519.0407120768372,566.5104513617107,516.8434929055792,212.49351155906422
8,64,333,intersection,448,0.0,217.0,540.222637389646,591.7401825989266,538.025418218388,218.14624448307663
8,64,333,intersection,480,0.0,232.5,560.4613101140982,616.1440728101971,558.2640909428402,223.73449460408182
8,64,333,intersection,512,0.0,248.0,580.2049849796001,640.168955499552,578.0077658083421,229.30991568857013
8,64,333,completed,32,0.0,15.5,64.0,64.0,64.0,29.509012435028666
8,64,333,completed,64,6.703125,25.1875,116.0,116.0,116.0,57.013299805303234
8,64,333,completed,96,15.640625,32.9375,163.7242094931297,162.2555258426483,162.2555258426483,76.50831076811819
8,64,333,completed,128,15.640625,48.4375,219.82733120192114,218.41459187067093,217.6301120306631,95.60950473002447
8,64,333,completed,160,15.640625,63.9375,268.8799993247854,271.0629933967727,266.68278015352735,114.6447488365751
8,64,333,completed,192,15.640625,79.4375,310.2052891482368,318.22893654665717,308.00806997697873,130.10821046202423
8,64,333,completed,224,15.640625,94.9375,345.9882790127214,360.22631464473017,343.7910598414634,142.93599048849424
8,64,333,completed,256,15.640625,110.4375,378.45713914327166,399.31071728057054,376.2599199720136,154.49563086100767
8,64,333,completed,288,15.640625,125.9375,408.07427712190486,435.4234653617886,405.8770579506468,165.03110129398272
8,64,333,completed,320,15.640625,141.4375,435.430009316674,468.17658032738706,433.23279014541595,173.7065747071888
8,64,333,completed,352,15.640625,156.9375,460.64668739294655,498.1629272402553,458.4494682216885,181.0832000865928
8,64,333,completed,384,15.640625,172.4375,484.26820233777573,526.3474049645172,482.0709831665177,187.8670306635703
8,64,333,completed,416,15.640625,187.9375,506.91218045613437,553.5518138747553,504.7149612848763,194.36627642476483
8,64,333,completed,448,15.640625,203.4375,528.5819788324235,579.3963969530204,526.3847596611654,200.252619797307
8,64,333,completed,480,15.640625,218.9375,549.2487010245305,604.3420503301371,547.0514818532724,206.0397300624262
8,64,333,completed,512,15.640625,234.4375,569.3648403427713,628.8591139736794,567.1676211715132,211.805041339646
8,64,333,plugin,32,2.87109375,8.984375,52.0,52.0,52.0,22.166529591075232
8,64,333,plugin,64,6.37109375,14.484375,101.0,101.0,101.0,48.545516274099114
8,64,333,plugin,96,7.041015625,28.0703125,161.7242094931297,160.25552584264827,160.25552584264827,77.47293480405291
8,64,333,plugin,128,7.615234375,41.9296875,215.71327475614066,214.45850734639836,213.51605558488262,102.8171320540999
8,64,333,plugin,160,8.380859375,55.2421875,257.3604542895488,260.4376028956689,255.16323511829077,119.89657086729105
8,64,333,plugin,192,8.380859375,70.7421875,297.9565508597671,306.35761442371603,295.7593316885091,134.24720469110952
8,64,333,plugin,224,8.380859375,86.2421875,334.97200457272334,349.04960023278664,332.7694217176277,146.95812544373803
8,64,333,plugin,256,8.380859375,101.7421875,369.60635640786325,390.1650769639481,367.40377355276763,159.3704840986262
8,64,333,plugin,288,8.380859375,117.2421875,400.7362322777591,427.7684559603898,398.5336494226635,170.64662753168656
8,64,333,plugin,320,8.380859375,132.7421875,429.13984943573917,461.4304078710788,426.93726658064355,179.66140449689746
8,64,333,plugin,352,8.380859375,148.2421875,454.805668983976,491.81775127322567,452.60308612888036,187.1534509069436
8,64,333,plugin,384,8.380859375,163.7421875,478.6205870489021,520.2287921794772,476.4180041938065,194.01303504085791
8,64,333,plugin,416,8.380859375,179.2421875,501.5994193913321,547.7920661925949,499.3968365362365,200.5996833971266
8,64,333,plugin,448,8.380859375,194.7421875,523.633474017903,574.033654368089,521.4308911628075,206.61097798320878
8,64,333,plugin,480,8.380859375,210.2421875,544.5803162631049,599.3047664057927,542.3777334080094,212.5219993967168
8,64,333,plugin,512,8.380859375,225.7421875,565.0699772459252,624.2847449800577,562.8673943908296,218.45384594848008
8,64,333,safe,32,17.875,0.0,32.0,32.0,32.0,14.19815074769639
8,64,333,safe,64,35.75,0.0,64.0,64.0,64.0,29.08320453052265
8,64,333,safe,96,53.625,0.0,95.7242094931297,94.25552584264824,94.25552584264824,40.94432184183728
8,64,333,safe,128,71.5,0.0,120.11355506915741,118.55286220316073,117.91633589789922,49.28038798445788
8,64,333,safe,160,89.375,0.0,138.876060962839,139.8589272859432,136.67884179158082,56.53145289972106
8,64,333,safe,192,107.25,0.0,154.7776388964538,157.81817069412392,152.5804197251956,61.78808410305501
8,64,333,safe,224,125.125,0.0,168.755450649151,173.35441357508986,166.5582314778928,65.64565262588786
8,64,333,safe,256,143.0,0.0,181.4049505090869,188.08647836498076,179.2077313378287,69.50922981409265
8,64,333,safe,288,160.875,0.0,193.04449725692712,202.16706278298145,190.84727808566893,73.3831670697683
8,64,333,safe,320,178.75,0.0,203.8980692150507,215.41064267329176,201.7008500437925,76.97399918545963
8,64,333,safe,352,196.625,0.0,214.08794797877772,227.5825463874516,211.89072880751954,79.96560846584138
8,64,333,safe,384,214.5,0.0,223.72832226647924,238.7792052372324,221.53110309522106,82.39117618557351
8,64,333,safe,416,232.375,0.0,232.89513948423297,249.303997862511,230.6979203129748,84.50379817831583
8,64,333,safe,448,250.25,0.0,241.64649734716252,259.676463725011,239.44927817590434,86.78225608100793
8,64,333,safe,480,268.125,0.0,250.0473782700425,269.9327116597702,247.8501590987843,89.2290763333498
8,64,333,safe,512,286.0,0.0,258.13405467097635,279.738106052557,255.93683549971817,91.48156327981488
8,64,333,known,32,0.0,15.5,64.0,64.0,64.0,29.509012435028666
8,64,333,known,64,0.0,31.0,128.0,128.0,128.0,65.26490104257397
8,64,333,known,96,0.0,46.5,191.7242094931297,190.2555258426483,190.2555258426483,98.1382029023643
8,64,333,known,128,0.0,62.0,247.4127289127487,246.37828126311408,245.21550974149065,121.10460533925561
8,64,333,known,160,0.0,77.5,292.5482614094626,296.6071777558073,290.3510422382045,138.78471782049456
8,64,333,known,192,0.0,93.0,330.3934661756333,340.6417841962054,328.1962470043752,152.55177395963244
8,64,333,known,224,0.0,108.5,363.89081680619074,380.1434762092118,361.69359763493264,164.1103655974897
8,64,333,known,256,0.0,124.0,394.7859063371419,417.3788652216298,392.5886871658838,174.78284685396298
8,64,333,known,288,0.0,139.5,423.18806684288245,452.0421688462576,420.99084767162435,184.65518460847406
8,64,333,known,320,0.0,155.0,449.5869150928038,483.67291189864653,447.3896959215457,192.86652847870067
8,64,333,known,352,0.0,170.5,474.01491744412755,512.7107041048862,471.81769827286945,199.8674530227043
8,64,333,known,384,0.0,186.0,496.9636630434178,540.0525520865378,494.7664438721597,206.30895365207218
8,64,333,known,416,0.0,201.5,519.0407120768372,566.5104513617107,516.8434929055792,212.49351155906422
8,64,333,known,448,0.0,217.0,540.222637389646,591.7401825989266,538.025418218388,218.14624448307663
8,64,333,known,480,0.0,232.5,560.4613101140982,616.1440728101971,558.2640909428402,223.73449460408182
8,64,333,known,512,0.0,248.0,580.2049849796001,640.168955499552,578.0077658083421,229.30991568857013
8,64,333,product,32,0.0,15.5,64.0,64.0,64.0,29.509012435028666
8,64,333,product,64,0.0,31.0,128.0,128.0,128.0,65.26490104257397
8,64,333,product,96,0.0,46.5,191.7242094931297,190.2555258426483,190.2555258426483,98.1382029023643
8,64,333,product,128,0.0,62.0,247.4127289127487,246.37828126311408,245.21550974149065,121.10460533925561
8,64,333,product,160,0.0,77.5,292.5482614094626,296.6071777558073,290.3510422382045,138.78471782049456
8,64,333,product,192,0.0,93.0,330.3934661756333,340.6417841962054,328.1962470043752,152.55177395963244
8,64,333,product,224,0.0,108.5,363.89081680619074,380.1434762092118,361.69359763493264,164.1103655974897
8,64,333,product,256,0.0,124.0,394.7859063371419,417.3788652216298,392.5886871658838,174.78284685396298
8,64,333,product,288,0.0,139.5,423.18806684288245,452.0421688462576,420.99084767162435,184.65518460847406
8,64,333,product,320,0.0,155.0,449.5869150928038,483.67291189864653,447.3896959215457,192.86652847870067
8,64,333,product,352,0.0,170.5,474.01491744412755,512.7107041048862,471.81769827286945,199.8674530227043
8,64,333,product,384,0.0,186.0,496.9636630434178,540.0525520865378,494.7664438721597,206.30895365207218
8,64,333,product,416,0.0,201.5,519.0407120768372,566.5104513617107,516.8434929055792,212.49351155906422
8,64,333,product,448,0.0,217.0,540.222637389646,591.7401825989266,538.025418218388,218.14624448307663
8,64,333,product,480,0.0,232.5,560.4613101140982,616.1440728101971,558.2640909428402,223.73449460408182
8,64,333,product,512,0.0,248.0,580.2049849796001,640.168955499552,578.0077658083421,229.30991568857013
8,64,444,prefix,32,0.0,15.5,64.0,64.0,64.0,39.57885341018698
8,64,444,prefix,64,0.0,31.0,128.0,128.0,128.0,80.5857563555655
8,64,444,prefix,96,0.0,46.5,191.69817979455516,191.2748628334161,191.2748628334161,112.87452917303294
8,64,444,prefix,128,0.0,62.0,247.2661194039373,249.51932682467833,246.84280244279825,135.72752842592465
8,64,444,prefix,160,0.0,77.5,292.2537576659677,300.53267165746126,291.8304407048287,153.19728794182438
8,64,444,prefix,192,0.0,93.0,330.5588517575164,345.3371190817032,330.1355347963773,167.4045988329245
8,64,444,prefix,224,0.0,108.5,364.5878104936343,386.36784468501617,364.16449353249527,179.99846996849442
8,64,444,prefix,256,0.0,124.0,395.22018920201214,423.3271684115425,394.7968722408731,190.66741780102802
8,64,444,prefix,288,0.0,139.5,423.55621805285995,457.84927572131807,423.1329010917209,200.4107866875407
8,64,444,prefix,320,0.0,155.0,449.7930167405843,490.31007679615215,449.36969977944517,209.54641870375093
8,64,444,prefix,352,0.0,170.5,474.35702674777883,520.2276261289294,473.9337097866397,217.3234772554674
8,64,444,prefix,384,0.0,186.0,497.5187790665087,547.6920111198372,497.0954621053696,223.71859510744534
8,64,444,prefix,416,0.0,201.5,519.4471664708024,573.6008177129081,519.0238495096634,229.52236679015428
8,64,444,prefix,448,0.0,217.0,540.7018097236336,599.3002395865308,540.2784927624946,235.55728766518462
8,64,444,prefix,480,0.0,232.5,561.0033629594059,624.0314588765293,560.5800459982669,241.41119662579234
8,64,444,prefix,512,0.0,248.0,580.4228949648559,647.4978386004292,579.9995780037169,246.74171086361105
8,64,444,intersection,32,0.0,15.5,64.0,64.0,64.0,39.57885341018698
8,64,444,intersection,64,0.0,31.0,128.0,128.0,128.0,80.5857563555655
8,64,444,intersection,96,0.0,46.5,191.69817979455516,191.2748628334161,191.2748628334161,112.87452917303294
8,64,444,intersection,128,0.0,62.0,247.2661194039373,249.51932682467833,246.84280244279825,135.72752842592465
8,64,444,intersection,160,0.0,77.5,292.2537576659677,300.53267165746126,291.8304407048287,153.19728794182438
8,64,444,intersection,192,0.0,93.0,330.5588517575164,345.3371190817032,330.1355347963773,167.4045988329245
8,64,444,intersection,224,0.0,108.5,364.5878104936343,386.36784468501617,364.16449353249527,179.99846996849442
8,64,444,intersection,256,0.0,124.0,395.22018920201214,423.3271684115425,394.7968722408731,190.66741780102802
8,64,444,intersection,288,0.0,139.5,423.55621805285995,457.84927572131807,423.1329010917209,200.4107866875407
8,64,444,intersection,320,0.0,155.0,449.7930167405843,490.31007679615215,449.36969977944517,209.54641870375093
8,64,444,intersection,352,0.0,170.5,474.35702674777883,520.2276261289294,473.9337097866397,217.3234772554674
8,64,444,intersection,384,0.0,186.0,497.5187790665087,547.6920111198372,497.0954621053696,223.71859510744534
8,64,444,intersection,416,0.0,201.5,519.4471664708024,573.6008177129081,519.0238495096634,229.52236679015428
8,64,444,intersection,448,0.0,217.0,540.7018097236336,599.3002395865308,540.2784927624946,235.55728766518462
8,64,444,intersection,480,0.0,232.5,561.0033629594059,624.0314588765293,560.5800459982669,241.41119662579234
8,64,444,intersection,512,0.0,248.0,580.4228949648559,647.4978386004292,579.9995780037169,246.74171086361105
8,64,444,completed,32,0.0,15.5,64.0,64.0,64.0,39.57885341018698
8,64,444,completed,64,4.46875,27.125,120.0,120.0,120.0,74.67547597808563
8,64,444,completed,96,7.8203125,39.71875,177.69817979455516,177.2748628334161,177.2748628334161,102.42541183861053
8,64,444,completed,128,7.8203125,55.21875,233.4587476211529,235.62045173272404,233.03543066001384,124.3601781899884
8,64,444,completed,160,7.8203125,70.71875,280.71095183198423,288.037684116011,280.2876348708451,142.7802113141633
8,64,444,completed,192,7.8203125,86.21875,320.5690444885792,334.3821075679735,320.1457275274401,157.7412984596294
8,64,444,completed,224,7.8203125,101.71875,355.76376949337435,376.6728008663101,355.34045253223525,170.93768736494252
8,64,444,completed,256,7.8203125,117.21875,387.19757399977556,414.52197310880786,386.77425703863645,182.0026837704635
8,64,444,completed,288,7.8203125,132.71875,416.1800287770697,449.78751379382004,415.7567118159306,192.07084606462567
8,64,444,completed,320,7.8203125,148.21875,442.9080254589965,482.8599677669844,442.4847084978574,201.48195009432985
8,64,444,completed,352,7.8203125,163.71875,467.8612630664926,513.2755076605991,467.4379461053535,209.47456840649787
8,64,444,completed,384,7.8203125,179.21875,491.33800720574646,541.1350043543018,490.91469024460736,216.0282498417414
8,64,444,completed,416,7.8203125,194.71875,513.5256311970468,567.3640106431292,513.1023142359077,221.95240413663845
8,64,444,completed,448,7.8203125,210.21875,535.0414623007202,593.39345150415,534.6181453395811,228.11036163989004
8,64,444,completed,480,7.8203125,225.71875,555.5650486266718,618.4065017491502,555.1417316655327,234.06907744678367
8,64,444,completed,512,7.8203125,241.21875,575.1701610829174,642.111000818679,574.7468441217783,239.487455361565
8,64,444,plugin,32,0.232421875,14.8359375,64.0,64.0,64.0,39.57885341018698
8,64,444,plugin,64,2.87109375,22.796875,115.0,115.0,115.0,69.73981002330015
8,64,444,plugin,96,3.322265625,37.0078125,175.69817979455516,175.2748628334161,175.2748628334161,99.64596431799417
8,64,444,plugin,128,3.322265625,52.5078125,231.49837884601075,233.65637071854962,231.0750618848717,122.4938231001112
8,64,444,plugin,160,3.322265625,68.0078125,278.6005082866648,285.59056914057646,278.17719132552577,141.0375330901714
8,64,444,plugin,192,3.322265625,83.5078125,318.77206171758826,332.14824520777233,318.3487447564492,156.1100224787879
8,64,444,plugin,224,3.322265625,99.0078125,354.4324745358351,374.8825124166471,354.0091575746961,169.51679227333162
8,64,444,plugin,256,3.322265625,114.5078125,386.10197136054126,412.959703371214,385.6786543994022,180.68104169753147
8,64,444,plugin,288,3.322265625,130.0078125,415.31221139067054,448.4768203607585,414.8888944295315,190.87190430919014
8,64,444,plugin,320,3.322265625,145.5078125,442.1698733730576,481.7175525721822,441.74655641191856,200.37560279559165
8,64,444,plugin,352,3.322265625,161.0078125,467.19998756508096,512.2423928844397,466.7766706039419,208.42515839573431
8,64,444,plugin,384,3.322265625,176.5078125,490.71125670910897,540.1540690323305,490.2879397479699,215.00388135064995
8,64,444,plugin,416,3.322265625,192.0078125,512.9071982062309,566.3937892266598,512.4838812450919,220.9293830888322
8,64,444,plugin,448,3.322265625,207.5078125,534.500668825122,592.5161241674648,534.077351863983,227.11778846005188
8,64,444,plugin,480,3.322265625,223.0078125,555.0779172774485,617.5923632166641,554.6546003163095,233.09944690276836
8,64,444,plugin,512,3.322265625,238.5078125,574.7070245121175,641.3251580222974,574.2837075509785,238.52813972850979
8,64,444,safe,32,17.875,0.0,32.0,32.0,32.0,13.655948124897792
8,64,444,safe,64,35.75,0.0,64.0,64.0,64.0,29.692289531700276
8,64,444,safe,96,53.625,0.0,95.69817979455514,95.27486283341615,95.27486283341615,43.69149419207117
8,64,444,safe,128,71.5,0.0,120.21936992714559,121.70134880631909,119.7960529660066,54.156709947082234
8,64,444,safe,160,89.375,0.0,139.1094911439175,143.0161729667992,138.6861741827785,61.41653394004309
8,64,444,safe,192,107.25,0.0,155.0078815431369,161.0048215016948,154.5845645819979,66.70257027009178
8,64,444,safe,224,125.125,0.0,168.9900346220019,177.63577734704023,168.5667176608629,71.65485175730414
8,64,444,safe,256,143.0,0.0,181.65852708227163,193.01452030474195,181.23521012113264,76.1651071133197
8,64,444,safe,288,160.875,0.0,193.32097609069623,207.54807755812908,192.89765912955724,80.49201720438188
8,64,444,safe,320,178.75,0.0,204.1706839043523,221.05346046270293,203.7473669432133,84.34465233433674
8,64,444,safe,352,196.625,0.0,214.363203821375,233.27044112134047,213.93988686023602,87.3813385591962
8,64,444,safe,384,214.5,0.0,224.00506656745392,244.42282646633683,223.58174960631493,89.76263277414394
8,64,444,safe,416,232.375,0.0,233.16933941194225,255.07838077572487,232.74602245080325,92.00601645099573
8,64,444,safe,448,250.25,0.0,241.92214320618882,265.6874316821116,241.49882624504983,94.52105939757467
8,64,444,safe,480,268.125,0.0,250.32461435087535,276.0758496815037,249.90129738973636,97.10004971454954
8,64,444,safe,512,286.0,0.0,258.4148443241799,285.8764601038409,257.991527363041,99.34775269056509
8,64,444,known,32,0.0,15.5,64.0,64.0,64.0,39.57885341018698
8,64,444,known,64,0.0,31.0,128.0,128.0,128.0,80.5857563555655
8,64,444,known,96,0.0,46.5,191.69817979455516,191.2748628334161,191.2748628334161,112.87452917303294
8,64,444,known,128,0.0,62.0,247.2661194039373,249.51932682467833,246.84280244279825,135.72752842592465
8,64,444,known,160,0.0,77.5,292.2537576659677,300.53267165746126,291.8304407048287,153.19728794182438
8,64,444,known,192,0.0,93.0,330.5588517575164,345.3371190817032,330.1355347963773,167.4045988329245
8,64,444,known,224,0.0,108.5,364.5878104936343,386.36784468501617,364.16449353249527,179.99846996849442
8,64,444,known,256,0.0,124.0,395.22018920201214,423.3271684115425,394.7968722408731,190.66741780102802
8,64,444,known,288,0.0,139.5,423.55621805285995,457.84927572131807,423.1329010917209,200.4107866875407
8,64,444,known,320,0.0,155.0,449.7930167405843,490.31007679615215,449.36969977944517,209.54641870375093
8,64,444,known,352,0.0,170.5,474.35702674777883,520.2276261289294,473.9337097866397,217.3234772554674
8,64,444,known,384,0.0,186.0,497.5187790665087,547.6920111198372,497.0954621053696,223.71859510744534
8,64,444,known,416,0.0,201.5,519.4471664708024,573.6008177129081,519.0238495096634,229.52236679015428
8,64,444,known,448,0.0,217.0,540.7018097236336,599.3002395865308,540.2784927624946,235.55728766518462
8,64,444,known,480,0.0,232.5,561.0033629594059,624.0314588765293,560.5800459982669,241.41119662579234
8,64,444,known,512,0.0,248.0,580.4228949648559,647.4978386004292,579.9995780037169,246.74171086361105
8,64,444,product,32,0.0,15.5,64.0,64.0,64.0,39.57885341018698
8,64,444,product,64,0.0,31.0,128.0,128.0,128.0,80.5857563555655
8,64,444,product,96,0.0,46.5,191.69817979455516,191.2748628334161,191.2748628334161,112.87452917303294
8,64,444,product,128,0.0,62.0,247.2661194039373,249.51932682467833,246.84280244279825,135.72752842592465
8,64,444,product,160,0.0,77.5,292.2537576659677,300.53267165746126,291.8304407048287,153.19728794182438
8,64,444,product,192,0.0,93.0,330.5588517575164,345.3371190817032,330.1355347963773,167.4045988329245
8,64,444,product,224,0.0,108.5,364.5878104936343,386.36784468501617,364.16449353249527,179.99846996849442
8,64,444,product,256,0.0,124.0,395.22018920201214,423.3271684115425,394.7968722408731,190.66741780102802
8,64,444,product,288,0.0,139.5,423.55621805285995,457.84927572131807,423.1329010917209,200.4107866875407
8,64,444,product,320,0.0,155.0,449.7930167405843,490.31007679615215,449.36969977944517,209.54641870375093
8,64,444,product,352,0.0,170.5,474.35702674777883,520.2276261289294,473.9337097866397,217.3234772554674
8,64,444,product,384,0.0,186.0,497.5187790665087,547.6920111198372,497.0954621053696,223.71859510744534
8,64,444,product,416,0.0,201.5,519.4471664708024,573.6008177129081,519.0238495096634,229.52236679015428
8,64,444,product,448,0.0,217.0,540.7018097236336,599.3002395865308,540.2784927624946,235.55728766518462
8,64,444,product,480,0.0,232.5,561.0033629594059,624.0314588765293,560.5800459982669,241.41119662579234
8,64,444,product,512,0.0,248.0,580.4228949648559,647.4978386004292,579.9995780037169,246.74171086361105
20,0,111,prefix,32,9.515625,23.6875,63.87090661032306,63.87090661032306,63.87090661032306,0.0
20,0,111,prefix,64,10.828125,42.6875,120.12895530552021,120.12895530552021,120.12895530552021,0.0
20,0,111,prefix,96,12.140625,61.6875,165.8092343282015,165.8092343282015,165.8092343282015,0.0
20,0,111,prefix,128,13.453125,80.6875,204.66008765736342,204.66008765736342,204.66008765736342,0.0
20,0,111,prefix,160,14.765625,99.6875,238.51882168231293,238.51882168231293,238.51882168231293,0.0
20,0,111,prefix,192,16.078125,118.6875,269.31110047395276,269.31110047395276,269.31110047395276,0.0
20,0,111,prefix,224,17.390625,137.6875,297.39324572760546,297.39324572760546,297.39324572760546,0.0
20,0,111,prefix,256,18.703125,156.6875,323.50665314254064,323.50665314254064,323.50665314254064,0.0
20,0,111,prefix,288,20.015625,175.6875,348.3527693709596,348.3527693709596,348.3527693709596,0.0
20,0,111,prefix,320,20.09765625,183.203125,366.23632962524545,366.23632962524545,366.23632962524545,0.0
20,0,111,prefix,352,20.09765625,189.953125,382.39917667248164,382.39917667248164,382.39917667248164,0.0
20,0,111,prefix,384,20.09765625,196.703125,397.10742266318726,397.10742266318726,397.10742266318726,0.0
20,0,111,prefix,416,20.09765625,203.453125,410.8819909310565,410.8819909310565,410.8819909310565,0.0
20,0,111,prefix,448,20.09765625,210.203125,423.1375592769274,423.1375592769274,423.1375592769274,0.0
20,0,111,prefix,480,20.09765625,216.953125,436.9953225948112,436.9953225948112,436.9953225948112,0.0
20,0,111,prefix,512,20.09765625,223.703125,451.33921087869174,451.33921087869174,451.33921087869174,0.0
20,0,111,intersection,32,9.515625,23.6875,63.87090661032306,63.87090661032306,63.87090661032306,0.0
20,0,111,intersection,64,10.828125,42.6875,120.12895530552021,120.12895530552021,120.12895530552021,0.0
20,0,111,intersection,96,12.140625,61.6875,165.8092343282015,165.8092343282015,165.8092343282015,0.0
20,0,111,intersection,128,13.453125,80.6875,204.66008765736342,204.66008765736342,204.66008765736342,0.0
20,0,111,intersection,160,14.765625,99.6875,238.51882168231293,238.51882168231293,238.51882168231293,0.0
20,0,111,intersection,192,16.078125,118.6875,269.31110047395276,269.31110047395276,269.31110047395276,0.0
20,0,111,intersection,224,17.390625,137.6875,297.39324572760546,297.39324572760546,297.39324572760546,0.0
20,0,111,intersection,256,18.703125,156.6875,323.50665314254064,323.50665314254064,323.50665314254064,0.0
20,0,111,intersection,288,20.015625,175.6875,348.3527693709596,348.3527693709596,348.3527693709596,0.0
20,0,111,intersection,320,20.09765625,183.203125,366.23632962524545,366.23632962524545,366.23632962524545,0.0
20,0,111,intersection,352,20.09765625,189.953125,382.39917667248164,382.39917667248164,382.39917667248164,0.0
20,0,111,intersection,384,20.09765625,196.703125,397.10742266318726,397.10742266318726,397.10742266318726,0.0
20,0,111,intersection,416,20.09765625,203.453125,410.8819909310565,410.8819909310565,410.8819909310565,0.0
20,0,111,intersection,448,20.09765625,210.203125,423.1375592769274,423.1375592769274,423.1375592769274,0.0
20,0,111,intersection,480,20.09765625,216.953125,436.9953225948112,436.9953225948112,436.9953225948112,0.0
20,0,111,intersection,512,20.09765625,223.703125,451.33921087869174,451.33921087869174,451.33921087869174,0.0
20,0,111,completed,32,9.515625,23.6875,63.87090661032306,63.87090661032306,63.87090661032306,0.0
20,0,111,completed,64,10.828125,42.6875,120.12895530552021,120.12895530552021,120.12895530552021,0.0
20,0,111,completed,96,12.140625,61.6875,165.8092343282015,165.8092343282015,165.8092343282015,0.0
20,0,111,completed,128,13.453125,80.6875,204.66008765736342,204.66008765736342,204.66008765736342,0.0
20,0,111,completed,160,14.765625,99.6875,238.51882168231293,238.51882168231293,238.51882168231293,0.0
20,0,111,completed,192,16.078125,118.6875,269.31110047395276,269.31110047395276,269.31110047395276,0.0
20,0,111,completed,224,17.390625,137.6875,297.39324572760546,297.39324572760546,297.39324572760546,0.0
20,0,111,completed,256,18.703125,156.6875,323.50665314254064,323.50665314254064,323.50665314254064,0.0
20,0,111,completed,288,20.015625,175.6875,348.3527693709596,348.3527693709596,348.3527693709596,0.0
20,0,111,completed,320,20.09765625,183.203125,366.23632962524545,366.23632962524545,366.23632962524545,0.0
20,0,111,completed,352,20.09765625,189.953125,382.39917667248164,382.39917667248164,382.39917667248164,0.0
20,0,111,completed,384,20.09765625,196.703125,397.10742266318726,397.10742266318726,397.10742266318726,0.0
20,0,111,completed,416,20.09765625,203.453125,410.8819909310565,410.8819909310565,410.8819909310565,0.0
20,0,111,completed,448,20.09765625,210.203125,423.1375592769274,423.1375592769274,423.1375592769274,0.0
20,0,111,completed,480,20.09765625,216.953125,436.9953225948112,436.9953225948112,436.9953225948112,0.0
20,0,111,completed,512,20.09765625,223.703125,451.33921087869174,451.33921087869174,451.33921087869174,0.0
20,0,111,plugin,32,1.8046875,9.21875,51.87090661032306,51.87090661032306,51.87090661032306,0.0
20,0,111,plugin,64,1.8046875,15.96875,98.72032383120299,98.72032383120299,98.72032383120299,0.0
20,0,111,plugin,96,1.8046875,22.71875,132.14928532038135,132.14928532038135,132.14928532038135,0.0
20,0,111,plugin,128,1.8046875,29.46875,157.2815524632804,157.2815524632804,157.2815524632804,0.0
20,0,111,plugin,160,1.8046875,36.21875,182.4459129515614,182.4459129515614,182.4459129515614,0.0
20,0,111,plugin,192,1.8046875,42.96875,203.1142425607507,203.1142425607507,203.1142425607507,0.0
20,0,111,plugin,224,1.8046875,49.71875,224.57824762785336,224.57824762785336,224.57824762785336,0.0
20,0,111,plugin,256,1.8046875,56.46875,244.47876432972475,244.47876432972475,244.47876432972475,0.0
20,0,111,plugin,288,1.8046875,63.21875,260.2259216371399,260.2259216371399,260.2259216371399,0.0
20,0,111,plugin,320,1.8046875,69.96875,277.58241120691264,277.58241120691264,277.58241120691264,0.0
20,0,111,plugin,352,1.8046875,76.71875,293.68880425973265,293.68880425973265,293.68880425973265,0.0
20,0,111,plugin,384,1.8046875,83.46875,308.3530907213196,308.3530907213196,308.3530907213196,0.0
20,0,111,plugin,416,1.8046875,90.21875,322.0907818258889,322.0907818258889,322.0907818258889,0.0
20,0,111,plugin,448,1.8046875,96.96875,334.3194052239015,334.3194052239015,334.3194052239015,0.0
20,0,111,plugin,480,1.8046875,103.71875,348.14037572107287,348.14037572107287,348.14037572107287,0.0
20,0,111,plugin,512,1.8046875,110.46875,362.44597484965107,362.44597484965107,362.44597484965107,0.0
20,0,111,safe,32,14.8125,0.0,31.870906610323058,31.870906610323058,31.870906610323058,0.0
20,0,111,safe,64,29.625,0.0,56.62602532359681,56.62602532359681,56.62602532359681,0.0
20,0,111,safe,96,44.4375,0.0,75.57678534082027,75.57678534082027,75.57678534082027,0.0
20,0,111,safe,128,59.25,0.0,91.53805555871214,91.53805555871214,91.53805555871214,0.0
20,0,111,safe,160,74.0625,0.0,105.59305572623141,105.59305572623141,105.59305572623141,0.0
20,0,111,safe,192,88.875,0.0,118.29566793107824,118.29566793107824,118.29566793107824,0.0
20,0,111,safe,224,103.6875,0.0,129.9743422892114,129.9743422892114,129.9743422892114,0.0
20,0,111,safe,256,118.5,0.0,140.8428298908975,140.8428298908975,140.8428298908975,0.0
20,0,111,safe,288,133.3125,0.0,151.0494770532225,151.0494770532225,151.0494770532225,0.0
20,0,111,safe,320,148.125,0.0,160.70222482784158,160.70222482784158,160.70222482784158,0.0
20,0,111,safe,352,162.9375,0.0,169.88251926161962,169.88251926161962,169.88251926161962,0.0
20,0,111,safe,384,177.75,0.0,178.6536103916683,178.6536103916683,178.6536103916683,0.0
20,0,111,safe,416,192.5625,0.0,187.06578102420465,187.06578102420465,187.06578102420465,0.0
20,0,111,safe,448,207.375,0.0,195.15978898401238,195.15978898401238,195.15978898401238,0.0
20,0,111,safe,480,222.1875,0.0,202.96921666642967,202.96921666642967,202.96921666642967,0.0
20,0,111,safe,512,237.0,0.0,210.52212411275138,210.52212411275138,210.52212411275138,0.0
20,0,111,known,32,0.0,6.75,49.87090661032306,49.87090661032306,49.87090661032306,0.0
20,0,111,known,64,0.0,13.5,96.39213410025545,96.39213410025545,96.39213410025545,0.0
20,0,111,known,96,0.0,20.25,129.52299008144726,129.52299008144726,129.52299008144726,0.0
20,0,111,known,128,0.0,27.0,154.51550422339417,154.51550422339417,154.51550422339417,0.0
20,0,111,known,160,0.0,33.75,179.54429583122564,179.54429583122564,179.54429583122564,0.0
20,0,111,known,192,0.0,40.5,200.13233737348207,200.13233737348207,200.13233737348207,0.0
20,0,111,known,224,0.0,47.25,221.5123978479235,221.5123978479235,221.5123978479235,0.0
20,0,111,known,256,0.0,54.0,241.3468098967939,241.3468098967939,241.3468098967939,0.0
20,0,111,known,288,0.0,60.75,257.0578399713321,257.0578399713321,257.0578399713321,0.0
20,0,111,known,320,0.0,67.5,274.3688077694834,274.3688077694834,274.3688077694834,0.0
20,0,111,known,352,0.0,74.25,290.4383173391984,290.4383173391984,290.4383173391984,0.0
20,0,111,known,384,0.0,81.0,305.0738344518327,305.0738344518327,305.0738344518327,0.0
20,0,111,known,416,0.0,87.75,318.78735945857886,318.78735945857886,318.78735945857886,0.0
20,0,111,known,448,0.0,94.5,330.99830769554353,330.99830769554353,330.99830769554353,0.0
20,0,111,known,480,0.0,101.25,344.79511958375633,344.79511958375633,344.79511958375633,0.0
20,0,111,known,512,0.0,108.0,359.075549690012,359.075549690012,359.075549690012,0.0
20,0,111,product,32,0.0,6.75,49.87090661032306,49.87090661032306,49.87090661032306,0.0
20,0,111,product,64,0.0,13.5,96.39213410025545,96.39213410025545,96.39213410025545,0.0
20,0,111,product,96,0.0,20.25,129.52299008144726,129.52299008144726,129.52299008144726,0.0
20,0,111,product,128,0.0,27.0,154.51550422339417,154.51550422339417,154.51550422339417,0.0
20,0,111,product,160,0.0,33.75,179.54429583122564,179.54429583122564,179.54429583122564,0.0
20,0,111,product,192,0.0,40.5,200.13233737348207,200.13233737348207,200.13233737348207,0.0
20,0,111,product,224,0.0,47.25,221.5123978479235,221.5123978479235,221.5123978479235,0.0
20,0,111,product,256,0.0,54.0,241.3468098967939,241.3468098967939,241.3468098967939,0.0
20,0,111,product,288,0.0,60.75,257.0578399713321,257.0578399713321,257.0578399713321,0.0
20,0,111,product,320,0.0,67.5,274.3688077694834,274.3688077694834,274.3688077694834,0.0
20,0,111,product,352,0.0,74.25,290.4383173391984,290.4383173391984,290.4383173391984,0.0
20,0,111,product,384,0.0,81.0,305.0738344518327,305.0738344518327,305.0738344518327,0.0
20,0,111,product,416,0.0,87.75,318.78735945857886,318.78735945857886,318.78735945857886,0.0
20,0,111,product,448,0.0,94.5,330.99830769554353,330.99830769554353,330.99830769554353,0.0
20,0,111,product,480,0.0,101.25,344.79511958375633,344.79511958375633,344.79511958375633,0.0
20,0,111,product,512,0.0,108.0,359.075549690012,359.075549690012,359.075549690012,0.0
20,0,222,prefix,32,6.78125,22.125,63.87090661032306,63.87090661032306,63.87090661032306,0.0
20,0,222,prefix,64,8.09375,41.125,120.30834458212611,120.30834458212611,120.30834458212611,0.0
20,0,222,prefix,96,9.40625,60.125,166.1327565931673,166.1327565931673,166.1327565931673,0.0
20,0,222,prefix,128,10.71875,79.125,204.7433577065242,204.7433577065242,204.7433577065242,0.0
20,0,222,prefix,160,12.03125,98.125,238.62308983521456,238.62308983521456,238.62308983521456,0.0
20,0,222,prefix,192,12.646484375,110.6171875,263.7534973135724,263.7534973135724,263.7534973135724,0.0
20,0,222,prefix,224,12.646484375,117.3671875,285.9626378292812,285.9626378292812,285.9626378292812,0.0
20,0,222,prefix,256,12.646484375,124.1171875,306.035045766803,306.035045766803,306.035045766803,0.0
20,0,222,prefix,288,12.646484375,130.8671875,323.14160099136166,323.14160099136166,323.14160099136166,0.0
20,0,222,prefix,320,12.646484375,137.6171875,340.1473251333452,340.1473251333452,340.1473251333452,0.0
20,0,222,prefix,352,12.646484375,144.3671875,355.93105031843834,355.93105031843834,355.93105031843834,0.0
20,0,222,prefix,384,12.646484375,151.1171875,371.01841817128695,371.01841817128695,371.01841817128695,0.0
20,0,222,prefix,416,12.646484375,157.8671875,385.8436449516294,385.8436449516294,385.8436449516294,0.0
20,0,222,prefix,448,12.646484375,164.6171875,400.10055938437444,400.10055938437444,400.10055938437444,0.0
20,0,222,prefix,480,12.646484375,171.3671875,413.84991551614826,413.84991551614826,413.84991551614826,0.0
20,0,222,prefix,512,12.646484375,178.1171875,426.51390796978586,426.51390796978586,426.51390796978586,0.0
20,0,222,intersection,32,6.78125,22.125,63.87090661032306,63.87090661032306,63.87090661032306,0.0
20,0,222,intersection,64,8.09375,41.125,120.30834458212611,120.30834458212611,120.30834458212611,0.0
20,0,222,intersection,96,9.40625,60.125,166.1327565931673,166.1327565931673,166.1327565931673,0.0
20,0,222,intersection,128,10.71875,79.125,204.7433577065242,204.7433577065242,204.7433577065242,0.0
20,0,222,intersection,160,12.03125,98.125,238.62308983521456,238.62308983521456,238.62308983521456,0.0
20,0,222,intersection,192,12.646484375,110.6171875,263.7534973135724,263.7534973135724,263.7534973135724,0.0
20,0,222,intersection,224,12.646484375,117.3671875,285.9626378292812,285.9626378292812,285.9626378292812,0.0
20,0,222,intersection,256,12.646484375,124.1171875,306.035045766803,306.035045766803,306.035045766803,0.0
20,0,222,intersection,288,12.646484375,130.8671875,323.14160099136166,323.14160099136166,323.14160099136166,0.0
20,0,222,intersection,320,12.646484375,137.6171875,340.1473251333452,340.1473251333452,340.1473251333452,0.0
20,0,222,intersection,352,12.646484375,144.3671875,355.93105031843834,355.93105031843834,355.93105031843834,0.0
20,0,222,intersection,384,12.646484375,151.1171875,371.01841817128695,371.01841817128695,371.01841817128695,0.0
20,0,222,intersection,416,12.646484375,157.8671875,385.8436449516294,385.8436449516294,385.8436449516294,0.0
20,0,222,intersection,448,12.646484375,164.6171875,400.10055938437444,400.10055938437444,400.10055938437444,0.0
20,0,222,intersection,480,12.646484375,171.3671875,413.84991551614826,413.84991551614826,413.84991551614826,0.0
20,0,222,intersection,512,12.646484375,178.1171875,426.51390796978586,426.51390796978586,426.51390796978586,0.0
20,0,222,completed,32,6.78125,22.125,63.87090661032306,63.87090661032306,63.87090661032306,0.0
20,0,222,completed,64,8.09375,41.125,120.30834458212611,120.30834458212611,120.30834458212611,0.0
20,0,222,completed,96,9.40625,60.125,166.1327565931673,166.1327565931673,166.1327565931673,0.0
20,0,222,completed,128,10.71875,79.125,204.7433577065242,204.7433577065242,204.7433577065242,0.0
20,0,222,completed,160,12.03125,98.125,238.62308983521456,238.62308983521456,238.62308983521456,0.0
20,0,222,completed,192,12.646484375,110.6171875,263.7534973135724,263.7534973135724,263.7534973135724,0.0
20,0,222,completed,224,12.646484375,117.3671875,285.9626378292812,285.9626378292812,285.9626378292812,0.0
20,0,222,completed,256,12.646484375,124.1171875,306.035045766803,306.035045766803,306.035045766803,0.0
20,0,222,completed,288,12.646484375,130.8671875,323.14160099136166,323.14160099136166,323.14160099136166,0.0
20,0,222,completed,320,12.646484375,137.6171875,340.1473251333452,340.1473251333452,340.1473251333452,0.0
20,0,222,completed,352,12.646484375,144.3671875,355.93105031843834,355.93105031843834,355.93105031843834,0.0
20,0,222,completed,384,12.646484375,151.1171875,371.01841817128695,371.01841817128695,371.01841817128695,0.0
20,0,222,completed,416,12.646484375,157.8671875,385.8436449516294,385.8436449516294,385.8436449516294,0.0
20,0,222,completed,448,12.646484375,164.6171875,400.10055938437444,400.10055938437444,400.10055938437444,0.0
20,0,222,completed,480,12.646484375,171.3671875,413.84991551614826,413.84991551614826,413.84991551614826,0.0
20,0,222,completed,512,12.646484375,178.1171875,426.51390796978586,426.51390796978586,426.51390796978586,0.0
20,0,222,plugin,32,1.17578125,8.140625,47.87090661032306,47.87090661032306,47.87090661032306,0.0
20,0,222,plugin,64,1.17578125,14.890625,95.00449974217601,95.00449974217601,95.00449974217601,0.0
20,0,222,plugin,96,1.17578125,21.640625,127.32824651256323,127.32824651256323,127.32824651256323,0.0
20,0,222,plugin,128,1.17578125,28.390625,154.03021896060562,154.03021896060562,154.03021896060562,0.0
20,0,222,plugin,160,1.17578125,35.140625,179.33532488103333,179.33532488103333,179.33532488103333,0.0
20,0,222,plugin,192,1.17578125,41.890625,199.56883131915097,199.56883131915097,199.56883131915097,0.0
20,0,222,plugin,224,1.17578125,48.640625,221.63662390825894,221.63662390825894,221.63662390825894,0.0
20,0,222,plugin,256,1.17578125,55.390625,241.60473206414483,241.60473206414483,241.60473206414483,0.0
20,0,222,plugin,288,1.17578125,62.140625,258.64253277945403,258.64253277945403,258.64253277945403,0.0
20,0,222,plugin,320,1.17578125,68.890625,275.5824112069128,275.5824112069128,275.5824112069128,0.0
20,0,222,plugin,352,1.17578125,75.640625,291.31261002334975,291.31261002334975,291.31261002334975,0.0
20,0,222,plugin,384,1.17578125,82.390625,306.3530907213196,306.3530907213196,306.3530907213196,0.0
20,0,222,plugin,416,1.17578125,89.140625,321.1345050881389,321.1345050881389,321.1345050881389,0.0
20,0,222,plugin,448,1.17578125,95.890625,335.3525085490008,335.3525085490008,335.3525085490008,0.0
20,0,222,plugin,480,1.17578125,102.640625,349.06700450079535,349.06700450079535,349.06700450079535,0.0
20,0,222,plugin,512,1.17578125,109.390625,361.70287603084256,361.70287603084256,361.70287603084256,0.0
20,0,222,safe,32,14.8125,0.0,31.870906610323058,31.870906610323058,31.870906610323058,0.0
20,0,222,safe,64,29.625,0.0,56.62602532359681,56.62602532359681,56.62602532359681,0.0
20,0,222,safe,96,44.4375,0.0,75.57678534082027,75.57678534082027,75.57678534082027,0.0
20,0,222,safe,128,59.25,0.0,91.53805555871214,91.53805555871214,91.53805555871214,0.0
20,0,222,safe,160,74.0625,0.0,105.59305572623141,105.59305572623141,105.59305572623141,0.0
20,0,222,safe,192,88.875,0.0,118.29566793107824,118.29566793107824,118.29566793107824,0.0
20,0,222,safe,224,103.6875,0.0,129.9743422892114,129.9743422892114,129.9743422892114,0.0
20,0,222,safe,256,118.5,0.0,140.8428298908975,140.8428298908975,140.8428298908975,0.0
20,0,222,safe,288,133.3125,0.0,151.0494770532225,151.0494770532225,151.0494770532225,0.0
20,0,222,safe,320,148.125,0.0,160.70222482784158,160.70222482784158,160.70222482784158,0.0
20,0,222,safe,352,162.9375,0.0,169.88251926161962,169.88251926161962,169.88251926161962,0.0
20,0,222,safe,384,177.75,0.0,178.6536103916683,178.6536103916683,178.6536103916683,0.0
20,0,222,safe,416,192.5625,0.0,187.06578102420465,187.06578102420465,187.06578102420465,0.0
20,0,222,safe,448,207.375,0.0,195.15978898401238,195.15978898401238,195.15978898401238,0.0
20,0,222,safe,480,222.1875,0.0,202.96921666642967,202.96921666642967,202.96921666642967,0.0
20,0,222,safe,512,237.0,0.0,210.52212411275138,210.52212411275138,210.52212411275138,0.0
20,0,222,known,32,0.0,6.75,46.87090661032306,46.87090661032306,46.87090661032306,0.0
20,0,222,known,64,0.0,13.5,93.86813145453834,93.86813145453834,93.86813145453834,0.0
20,0,222,known,96,0.0,20.25,126.043125551543,126.043125551543,126.043125551543,0.0
20,0,222,known,128,0.0,27.0,152.6581044162664,152.6581044162664,152.6581044162664,0.0
20,0,222,known,160,0.0,33.75,177.89217002905713,177.89217002905713,177.89217002905713,0.0
20,0,222,known,192,0.0,40.5,198.08645105981336,198.08645105981336,198.08645105981336,0.0
20,0,222,known,224,0.0,47.25,220.10838117720908,220.10838117720908,220.10838117720908,0.0
20,0,222,known,256,0.0,54.0,240.04250428247252,240.04250428247252,240.04250428247252,0.0
20,0,222,known,288,0.0,60.75,257.05783997133204,257.05783997133204,257.05783997133204,0.0
20,0,222,known,320,0.0,67.5,273.97616018715115,273.97616018715115,273.97616018715115,0.0
20,0,222,known,352,0.0,74.25,289.6888042597326,289.6888042597326,289.6888042597326,0.0
20,0,222,known,384,0.0,81.0,304.713886554063,304.713886554063,304.713886554063,0.0
20,0,222,known,416,0.0,87.75,319.48089523121155,319.48089523121155,319.48089523121155,0.0
20,0,222,known,448,0.0,94.5,333.6860913129495,333.6860913129495,333.6860913129495,0.0
20,0,222,known,480,0.0,101.25,347.3891029433439,347.3891029433439,347.3891029433439,0.0
20,0,222,known,512,0.0,108.0,360.01570350567107,360.01570350567107,360.01570350567107,0.0
20,0,222,product,32,0.0,6.75,46.87090661032306,46.87090661032306,46.87090661032306,0.0
20,0,222,product,64,0.0,13.5,93.86813145453834,93.86813145453834,93.86813145453834,0.0
20,0,222,product,96,0.0,20.25,126.043125551543,126.043125551543,126.043125551543,0.0
20,0,222,product,128,0.0,27.0,152.6581044162664,152.6581044162664,152.6581044162664,0.0
20,0,222,product,160,0.0,33.75,177.89217002905713,177.89217002905713,177.89217002905713,0.0
20,0,222,product,192,0.0,40.5,198.08645105981336,198.08645105981336,198.08645105981336,0.0
20,0,222,product,224,0.0,47.25,220.10838117720908,220.10838117720908,220.10838117720908,0.0
20,0,222,product,256,0.0,54.0,240.04250428247252,240.04250428247252,240.04250428247252,0.0
20,0,222,product,288,0.0,60.75,257.05783997133204,257.05783997133204,257.05783997133204,0.0
20,0,222,product,320,0.0,67.5,273.97616018715115,273.97616018715115,273.97616018715115,0.0
20,0,222,product,352,0.0,74.25,289.6888042597326,289.6888042597326,289.6888042597326,0.0
20,0,222,product,384,0.0,81.0,304.713886554063,304.713886554063,304.713886554063,0.0
20,0,222,product,416,0.0,87.75,319.48089523121155,319.48089523121155,319.48089523121155,0.0
20,0,222,product,448,0.0,94.5,333.6860913129495,333.6860913129495,333.6860913129495,0.0
20,0,222,product,480,0.0,101.25,347.3891029433439,347.3891029433439,347.3891029433439,0.0
20,0,222,product,512,0.0,108.0,360.01570350567107,360.01570350567107,360.01570350567107,0.0
20,0,333,prefix,32,7.875,22.75,63.87090661032306,63.87090661032306,63.87090661032306,0.0
20,0,333,prefix,64,9.1875,41.75,120.35297911892661,120.35297911892661,120.35297911892661,0.0
20,0,333,prefix,96,10.5,60.75,166.13275659316722,166.13275659316722,166.13275659316722,0.0
20,0,333,prefix,128,11.8125,79.75,204.36699608239272,204.36699608239272,204.36699608239272,0.0
20,0,333,prefix,160,13.125,98.75,238.12519943400417,238.12519943400417,238.12519943400417,0.0
20,0,333,prefix,192,14.4375,117.75,268.81105102883794,268.81105102883794,268.81105102883794,0.0
20,0,333,prefix,224,15.75,136.75,297.1591904348888,297.1591904348888,297.1591904348888,0.0
20,0,333,prefix,256,17.0625,155.75,323.6096031949185,323.6096031949185,323.6096031949185,0.0
20,0,333,prefix,288,18.375,174.75,348.1297434969545,348.1297434969545,348.1297434969545,0.0
20,0,333,prefix,320,19.6875,193.75,371.464168814663,371.464168814663,371.464168814663,0.0
20,0,333,prefix,352,21.0,212.75,393.5607479305777,393.5607479305777,393.5607479305777,0.0
20,0,333,prefix,384,22.3125,231.75,414.80619099044674,414.80619099044674,414.80619099044674,0.0
20,0,333,prefix,416,23.625,250.75,435.1723926741788,435.1723926741788,435.1723926741788,0.0
20,0,333,prefix,448,24.85546875,268.984375,454.6912389203714,454.6912389203714,454.6912389203714,0.0
20,0,333,prefix,480,24.85546875,275.734375,468.4172866195721,468.4172866195721,468.4172866195721,0.0
20,0,333,prefix,512,24.85546875,282.484375,481.68869122765307,481.68869122765307,481.68869122765307,0.0
20,0,333,intersection,32,7.875,22.75,63.87090661032306,63.87090661032306,63.87090661032306,0.0
20,0,333,intersection,64,9.1875,41.75,120.35297911892661,120.35297911892661,120.35297911892661,0.0
20,0,333,intersection,96,10.5,60.75,166.13275659316722,166.13275659316722,166.13275659316722,0.0
20,0,333,intersection,128,11.8125,79.75,204.36699608239272,204.36699608239272,204.36699608239272,0.0
20,0,333,intersection,160,13.125,98.75,238.12519943400417,238.12519943400417,238.12519943400417,0.0
20,0,333,intersection,192,14.4375,117.75,268.81105102883794,268.81105102883794,268.81105102883794,0.0
20,0,333,intersection,224,15.75,136.75,297.1591904348888,297.1591904348888,297.1591904348888,0.0
20,0,333,intersection,256,17.0625,155.75,323.6096031949185,323.6096031949185,323.6096031949185,0.0
20,0,333,intersection,288,18.375,174.75,348.1297434969545,348.1297434969545,348.1297434969545,0.0
20,0,333,intersection,320,19.6875,193.75,371.464168814663,371.464168814663,371.464168814663,0.0
20,0,333,intersection,352,21.0,212.75,393.5607479305777,393.5607479305777,393.5607479305777,0.0
20,0,333,intersection,384,22.3125,231.75,414.80619099044674,414.80619099044674,414.80619099044674,0.0
20,0,333,intersection,416,23.625,250.75,435.1723926741788,435.1723926741788,435.1723926741788,0.0
20,0,333,intersection,448,24.85546875,268.984375,454.6912389203714,454.6912389203714,454.6912389203714,0.0
20,0,333,intersection,480,24.85546875,275.734375,468.4172866195721,468.4172866195721,468.4172866195721,0.0
20,0,333,intersection,512,24.85546875,282.484375,481.68869122765307,481.68869122765307,481.68869122765307,0.0
20,0,333,completed,32,7.875,22.75,63.87090661032306,63.87090661032306,63.87090661032306,0.0
20,0,333,completed,64,9.1875,41.75,120.35297911892661,120.35297911892661,120.35297911892661,0.0
20,0,333,completed,96,10.5,60.75,166.13275659316722,166.13275659316722,166.13275659316722,0.0
20,0,333,completed,128,11.8125,79.75,204.36699608239272,204.36699608239272,204.36699608239272,0.0
20,0,333,completed,160,13.125,98.75,238.12519943400417,238.12519943400417,238.12519943400417,0.0
20,0,333,completed,192,14.4375,117.75,268.81105102883794,268.81105102883794,268.81105102883794,0.0
20,0,333,completed,224,15.75,136.75,297.1591904348888,297.1591904348888,297.1591904348888,0.0
20,0,333,completed,256,17.0625,155.75,323.6096031949185,323.6096031949185,323.6096031949185,0.0
20,0,333,completed,288,18.375,174.75,348.1297434969545,348.1297434969545,348.1297434969545,0.0
20,0,333,completed,320,19.6875,193.75,371.464168814663,371.464168814663,371.464168814663,0.0
20,0,333,completed,352,21.0,212.75,393.5607479305777,393.5607479305777,393.5607479305777,0.0
20,0,333,completed,384,22.3125,231.75,414.80619099044674,414.80619099044674,414.80619099044674,0.0
20,0,333,completed,416,23.625,250.75,435.1723926741788,435.1723926741788,435.1723926741788,0.0
20,0,333,completed,448,24.85546875,268.984375,454.6912389203714,454.6912389203714,454.6912389203714,0.0
20,0,333,completed,480,24.85546875,275.734375,468.4172866195721,468.4172866195721,468.4172866195721,0.0
20,0,333,completed,512,24.85546875,282.484375,481.68869122765307,481.68869122765307,481.68869122765307,0.0
20,0,333,plugin,32,3.25390625,17.953125,59.87090661032306,59.87090661032306,59.87090661032306,0.0
20,0,333,plugin,64,3.25390625,24.703125,103.24099117850794,103.24099117850794,103.24099117850794,0.0
20,0,333,plugin,96,3.25390625,31.453125,136.60665484707616,136.60665484707616,136.60665484707616,0.0
20,0,333,plugin,128,3.25390625,38.203125,167.12618406365343,167.12618406365343,167.12618406365343,0.0
20,0,333,plugin,160,3.25390625,44.953125,192.63086728407313,192.63086728407313,192.63086728407313,0.0
20,0,333,plugin,192,3.25390625,51.703125,214.6368892332099,214.6368892332099,214.6368892332099,0.0
20,0,333,plugin,224,3.25390625,58.453125,233.97672540421556,233.97672540421556,233.97672540421556,0.0
20,0,333,plugin,256,3.25390625,65.203125,251.16543184040896,251.16543184040896,251.16543184040896,0.0
20,0,333,plugin,288,3.25390625,71.953125,269.88459098591693,269.88459098591693,269.88459098591693,0.0
20,0,333,plugin,320,3.25390625,78.703125,286.3688077694834,286.3688077694834,286.3688077694834,0.0
20,0,333,plugin,352,3.25390625,85.453125,302.8116507413908,302.8116507413908,302.8116507413908,0.0
20,0,333,plugin,384,3.25390625,92.203125,317.43294036506217,317.43294036506217,317.43294036506217,0.0
20,0,333,plugin,416,3.25390625,98.953125,331.4808952312116,331.4808952312116,331.4808952312116,0.0
20,0,333,plugin,448,3.25390625,105.703125,345.6860913129498,345.6860913129498,345.6860913129498,0.0
20,0,333,plugin,480,3.25390625,112.453125,359.3891029433442,359.3891029433442,359.3891029433442,0.0
20,0,333,plugin,512,3.25390625,119.203125,372.6397018161738,372.6397018161738,372.6397018161738,0.0
20,0,333,safe,32,14.8125,0.0,31.870906610323058,31.870906610323058,31.870906610323058,0.0
20,0,333,safe,64,29.625,0.0,56.62602532359681,56.62602532359681,56.62602532359681,0.0
20,0,333,safe,96,44.4375,0.0,75.57678534082027,75.57678534082027,75.57678534082027,0.0
20,0,333,safe,128,59.25,0.0,91.53805555871214,91.53805555871214,91.53805555871214,0.0
20,0,333,safe,160,74.0625,0.0,105.59305572623141,105.59305572623141,105.59305572623141,0.0
20,0,333,safe,192,88.875,0.0,118.29566793107824,118.29566793107824,118.29566793107824,0.0
20,0,333,safe,224,103.6875,0.0,129.9743422892114,129.9743422892114,129.9743422892114,0.0
20,0,333,safe,256,118.5,0.0,140.8428298908975,140.8428298908975,140.8428298908975,0.0
20,0,333,safe,288,133.3125,0.0,151.0494770532225,151.0494770532225,151.0494770532225,0.0
20,0,333,safe,320,148.125,0.0,160.70222482784158,160.70222482784158,160.70222482784158,0.0
20,0,333,safe,352,162.9375,0.0,169.88251926161962,169.88251926161962,169.88251926161962,0.0
20,0,333,safe,384,177.75,0.0,178.6536103916683,178.6536103916683,178.6536103916683,0.0
20,0,333,safe,416,192.5625,0.0,187.06578102420465,187.06578102420465,187.06578102420465,0.0
20,0,333,safe,448,207.375,0.0,195.15978898401238,195.15978898401238,195.15978898401238,0.0
20,0,333,safe,480,222.1875,0.0,202.96921666642967,202.96921666642967,202.96921666642967,0.0
20,0,333,safe,512,237.0,0.0,210.52212411275138,210.52212411275138,210.52212411275138,0.0
20,0,333,known,32,0.0,6.75,48.87090661032306,48.87090661032306,48.87090661032306,0.0
20,0,333,known,64,0.0,13.5,92.12895530552018,92.12895530552018,92.12895530552018,0.0
20,0,333,known,96,0.0,20.25,125.32824651256324,125.32824651256324,125.32824651256324,0.0
20,0,333,known,128,0.0,27.0,155.7327790430823,155.7327790430823,155.7327790430823,0.0
20,0,333,known,160,0.0,33.75,181.1698410670517,181.1698410670517,181.1698410670517,0.0
20,0,333,known,192,0.0,40.5,203.1310749868656,203.1310749868656,203.1310749868656,0.0
20,0,333,known,224,0.0,47.25,222.43924973988481,222.43924973988481,222.43924973988481,0.0
20,0,333,known,256,0.0,54.0,239.60473206414474,239.60473206414474,239.60473206414474,0.0
20,0,333,known,288,0.0,60.75,258.29605858358076,258.29605858358076,258.29605858358076,0.0
20,0,333,known,320,0.0,67.5,274.7603631450203,274.7603631450203,274.7603631450203,0.0
20,0,333,known,352,0.0,74.25,291.1840449385677,291.1840449385677,291.1840449385677,0.0
20,0,333,known,384,0.0,81.0,305.7912101749146,305.7912101749146,305.7912101749146,0.0
20,0,333,known,416,0.0,87.75,319.82653479887773,319.82653479887773,319.82653479887773,0.0
20,0,333,known,448,0.0,94.5,334.0190035581021,334.0190035581021,334.0190035581021,0.0
20,0,333,known,480,0.0,101.25,347.7105976394527,347.7105976394527,347.7105976394527,0.0
20,0,333,known,512,0.0,108.0,360.9508784748626,360.9508784748626,360.9508784748626,0.0
20,0,333,product,32,0.0,6.75,48.87090661032306,48.87090661032306,48.87090661032306,0.0
20,0,333,product,64,0.0,13.5,92.12895530552018,92.12895530552018,92.12895530552018,0.0
20,0,333,product,96,0.0,20.25,125.32824651256324,125.32824651256324,125.32824651256324,0.0
20,0,333,product,128,0.0,27.0,155.7327790430823,155.7327790430823,155.7327790430823,0.0
20,0,333,product,160,0.0,33.75,181.1698410670517,181.1698410670517,181.1698410670517,0.0
20,0,333,product,192,0.0,40.5,203.1310749868656,203.1310749868656,203.1310749868656,0.0
20,0,333,product,224,0.0,47.25,222.43924973988481,222.43924973988481,222.43924973988481,0.0
20,0,333,product,256,0.0,54.0,239.60473206414474,239.60473206414474,239.60473206414474,0.0
20,0,333,product,288,0.0,60.75,258.29605858358076,258.29605858358076,258.29605858358076,0.0
20,0,333,product,320,0.0,67.5,274.7603631450203,274.7603631450203,274.7603631450203,0.0
20,0,333,product,352,0.0,74.25,291.1840449385677,291.1840449385677,291.1840449385677,0.0
20,0,333,product,384,0.0,81.0,305.7912101749146,305.7912101749146,305.7912101749146,0.0
20,0,333,product,416,0.0,87.75,319.82653479887773,319.82653479887773,319.82653479887773,0.0
20,0,333,product,448,0.0,94.5,334.0190035581021,334.0190035581021,334.0190035581021,0.0
20,0,333,product,480,0.0,101.25,347.7105976394527,347.7105976394527,347.7105976394527,0.0
20,0,333,product,512,0.0,108.0,360.9508784748626,360.9508784748626,360.9508784748626,0.0
20,0,444,prefix,32,11.703125,24.9375,63.87090661032306,63.87090661032306,63.87090661032306,0.0
20,0,444,prefix,64,13.015625,43.9375,120.23376525329826,120.23376525329826,120.23376525329826,0.0
20,0,444,prefix,96,14.328125,62.9375,166.1970285008292,166.1970285008292,166.1970285008292,0.0
20,0,444,prefix,128,15.640625,81.9375,204.76933715323645,204.76933715323645,204.76933715323645,0.0
20,0,444,prefix,160,16.255859375,94.4296875,235.3562283805231,235.3562283805231,235.3562283805231,0.0
20,0,444,prefix,192,16.255859375,101.1796875,257.1824798357679,257.1824798357679,257.1824798357679,0.0
20,0,444,prefix,224,16.255859375,107.9296875,274.860289644813,274.860289644813,274.860289644813,0.0
20,0,444,prefix,256,16.255859375,114.6796875,296.419104180335,296.419104180335,296.419104180335,0.0
20,0,444,prefix,288,16.255859375,121.4296875,314.8068252399185,314.8068252399185,314.8068252399185,0.0
20,0,444,prefix,320,16.255859375,128.1796875,331.37247524029937,331.37247524029937,331.37247524029937,0.0
20,0,444,prefix,352,16.255859375,134.9296875,347.13821265761936,347.13821265761936,347.13821265761936,0.0
20,0,444,prefix,384,16.255859375,141.6796875,360.3841663902217,360.3841663902217,360.3841663902217,0.0
20,0,444,prefix,416,16.255859375,148.4296875,376.3222433310919,376.3222433310919,376.3222433310919,0.0
20,0,444,prefix,448,16.255859375,155.1796875,390.92859986141247,390.92859986141247,390.92859986141247,0.0
20,0,444,prefix,480,16.255859375,161.9296875,405.32520250036896,405.32520250036896,405.32520250036896,0.0
20,0,444,prefix,512,16.255859375,168.6796875,418.2837796336215,418.2837796336215,418.2837796336215,0.0
20,0,444,intersection,32,11.703125,24.9375,63.87090661032306,63.87090661032306,63.87090661032306,0.0
20,0,444,intersection,64,13.015625,43.9375,120.23376525329826,120.23376525329826,120.23376525329826,0.0
20,0,444,intersection,96,14.328125,62.9375,166.1970285008292,166.1970285008292,166.1970285008292,0.0
20,0,444,intersection,128,15.640625,81.9375,204.76933715323645,204.76933715323645,204.76933715323645,0.0
20,0,444,intersection,160,16.255859375,94.4296875,235.3562283805231,235.3562283805231,235.3562283805231,0.0
20,0,444,intersection,192,16.255859375,101.1796875,257.1824798357679,257.1824798357679,257.1824798357679,0.0
20,0,444,intersection,224,16.255859375,107.9296875,274.860289644813,274.860289644813,274.860289644813,0.0
20,0,444,intersection,256,16.255859375,114.6796875,296.419104180335,296.419104180335,296.419104180335,0.0
20,0,444,intersection,288,16.255859375,121.4296875,314.8068252399185,314.8068252399185,314.8068252399185,0.0
20,0,444,intersection,320,16.255859375,128.1796875,331.37247524029937,331.37247524029937,331.37247524029937,0.0
20,0,444,intersection,352,16.255859375,134.9296875,347.13821265761936,347.13821265761936,347.13821265761936,0.0
20,0,444,intersection,384,16.255859375,141.6796875,360.3841663902217,360.3841663902217,360.3841663902217,0.0
20,0,444,intersection,416,16.255859375,148.4296875,376.3222433310919,376.3222433310919,376.3222433310919,0.0
20,0,444,intersection,448,16.255859375,155.1796875,390.92859986141247,390.92859986141247,390.92859986141247,0.0
20,0,444,intersection,480,16.255859375,161.9296875,405.32520250036896,405.32520250036896,405.32520250036896,0.0
20,0,444,intersection,512,16.255859375,168.6796875,418.2837796336215,418.2837796336215,418.2837796336215,0.0
20,0,444,completed,32,11.703125,24.9375,63.87090661032306,63.87090661032306,63.87090661032306,0.0
20,0,444,completed,64,13.015625,43.9375,120.23376525329826,120.23376525329826,120.23376525329826,0.0
20,0,444,completed,96,14.328125,62.9375,166.1970285008292,166.1970285008292,166.1970285008292,0.0
20,0,444,completed,128,15.640625,81.9375,204.76933715323645,204.76933715323645,204.76933715323645,0.0
20,0,444,completed,160,16.255859375,94.4296875,235.3562283805231,235.3562283805231,235.3562283805231,0.0
20,0,444,completed,192,16.255859375,101.1796875,257.1824798357679,257.1824798357679,257.1824798357679,0.0
20,0,444,completed,224,16.255859375,107.9296875,274.860289644813,274.860289644813,274.860289644813,0.0
20,0,444,completed,256,16.255859375,114.6796875,296.419104180335,296.419104180335,296.419104180335,0.0
20,0,444,completed,288,16.255859375,121.4296875,314.8068252399185,314.8068252399185,314.8068252399185,0.0
20,0,444,completed,320,16.255859375,128.1796875,331.37247524029937,331.37247524029937,331.37247524029937,0.0
20,0,444,completed,352,16.255859375,134.9296875,347.13821265761936,347.13821265761936,347.13821265761936,0.0
20,0,444,completed,384,16.255859375,141.6796875,360.3841663902217,360.3841663902217,360.3841663902217,0.0
20,0,444,completed,416,16.255859375,148.4296875,376.3222433310919,376.3222433310919,376.3222433310919,0.0
20,0,444,completed,448,16.255859375,155.1796875,390.92859986141247,390.92859986141247,390.92859986141247,0.0
20,0,444,completed,480,16.255859375,161.9296875,405.32520250036896,405.32520250036896,405.32520250036896,0.0
20,0,444,completed,512,16.255859375,168.6796875,418.2837796336215,418.2837796336215,418.2837796336215,0.0
20,0,444,plugin,32,7.13671875,15.859375,55.87090661032306,55.87090661032306,55.87090661032306,0.0
20,0,444,plugin,64,7.13671875,22.609375,100.34006338581271,100.34006338581271,100.34006338581271,0.0
20,0,444,plugin,96,7.13671875,29.359375,133.8781578408508,133.8781578408508,133.8781578408508,0.0
20,0,444,plugin,128,7.13671875,36.109375,162.65810441626635,162.65810441626635,162.65810441626635,0.0
20,0,444,plugin,160,7.13671875,42.859375,189.5442958312256,189.5442958312256,189.5442958312256,0.0
20,0,444,plugin,192,7.13671875,49.609375,211.14100487485754,211.14100487485754,211.14100487485754,0.0
20,0,444,plugin,224,7.13671875,56.359375,228.68734439626203,228.68734439626203,228.68734439626203,0.0
20,0,444,plugin,256,7.13671875,63.109375,250.04250428247263,250.04250428247263,250.04250428247263,0.0
20,0,444,plugin,288,7.13671875,69.859375,268.2960585835807,268.2960585835807,268.2960585835807,0.0
20,0,444,plugin,320,7.13671875,76.609375,284.7603631450202,284.7603631450202,284.7603631450202,0.0
20,0,444,plugin,352,7.13671875,83.359375,300.4383173391982,300.4383173391982,300.4383173391982,0.0
20,0,444,plugin,384,7.13671875,90.109375,313.62893109590186,313.62893109590186,313.62893109590186,0.0
20,0,444,plugin,416,7.13671875,96.859375,329.48089523121155,329.48089523121155,329.48089523121155,0.0
20,0,444,plugin,448,7.13671875,103.609375,344.01900355810193,344.01900355810193,344.01900355810193,0.0
20,0,444,plugin,480,7.13671875,110.359375,358.3517892902378,358.3517892902378,358.3517892902378,0.0
20,0,444,plugin,512,7.13671875,117.109375,371.26151064204277,371.26151064204277,371.26151064204277,0.0
20,0,444,safe,32,14.8125,0.0,31.870906610323058,31.870906610323058,31.870906610323058,0.0
20,0,444,safe,64,29.625,0.0,56.62602532359681,56.62602532359681,56.62602532359681,0.0
20,0,444,safe,96,44.4375,0.0,75.57678534082027,75.57678534082027,75.57678534082027,0.0
20,0,444,safe,128,59.25,0.0,91.53805555871214,91.53805555871214,91.53805555871214,0.0
20,0,444,safe,160,74.0625,0.0,105.59305572623141,105.59305572623141,105.59305572623141,0.0
20,0,444,safe,192,88.875,0.0,118.29566793107824,118.29566793107824,118.29566793107824,0.0
20,0,444,safe,224,103.6875,0.0,129.9743422892114,129.9743422892114,129.9743422892114,0.0
20,0,444,safe,256,118.5,0.0,140.8428298908975,140.8428298908975,140.8428298908975,0.0
20,0,444,safe,288,133.3125,0.0,151.0494770532225,151.0494770532225,151.0494770532225,0.0
20,0,444,safe,320,148.125,0.0,160.70222482784158,160.70222482784158,160.70222482784158,0.0
20,0,444,safe,352,162.9375,0.0,169.88251926161962,169.88251926161962,169.88251926161962,0.0
20,0,444,safe,384,177.75,0.0,178.6536103916683,178.6536103916683,178.6536103916683,0.0
20,0,444,safe,416,192.5625,0.0,187.06578102420465,187.06578102420465,187.06578102420465,0.0
20,0,444,safe,448,207.375,0.0,195.15978898401238,195.15978898401238,195.15978898401238,0.0
20,0,444,safe,480,222.1875,0.0,202.96921666642967,202.96921666642967,202.96921666642967,0.0
20,0,444,safe,512,237.0,0.0,210.52212411275138,210.52212411275138,210.52212411275138,0.0
20,0,444,known,32,0.0,6.75,52.87090661032306,52.87090661032306,52.87090661032306,0.0
20,0,444,known,64,0.0,13.5,96.39213410025546,96.39213410025546,96.39213410025546,0.0
20,0,444,known,96,0.0,20.25,128.83907302110603,128.83907302110603,128.83907302110603,0.0
20,0,444,known,128,0.0,27.0,156.93403534380124,156.93403534380124,156.93403534380124,0.0
20,0,444,known,160,0.0,33.75,183.29802198298523,183.29802198298523,183.29802198298523,0.0
20,0,444,known,192,0.0,40.5,204.60071168390147,204.60071168390147,204.60071168390147,0.0
20,0,444,known,224,0.0,47.25,221.97672540421556,221.97672540421556,221.97672540421556,0.0
20,0,444,known,256,0.0,54.0,243.06542232118278,243.06542232118278,243.06542232118278,0.0
20,0,444,known,288,0.0,60.75,261.1417814896058,261.1417814896058,261.1417814896058,0.0
20,0,444,known,320,0.0,67.5,277.4714149450161,277.4714149450161,277.4714149450161,0.0
20,0,444,known,352,0.0,74.25,293.03217165739443,293.03217165739443,293.03217165739443,0.0
20,0,444,known,384,0.0,81.0,306.1486496944046,306.1486496944046,306.1486496944046,0.0
20,0,444,known,416,0.0,87.75,321.88487856570856,321.88487856570856,321.88487856570856,0.0
20,0,444,known,448,0.0,94.5,336.3309480386556,336.3309480386556,336.3309480386556,0.0
20,0,444,known,480,0.0,101.25,350.57742920289377,350.57742920289377,350.57742920289377,0.0
20,0,444,known,512,0.0,108.0,363.42092622324407,363.42092622324407,363.42092622324407,0.0
20,0,444,product,32,0.0,6.75,52.87090661032306,52.87090661032306,52.87090661032306,0.0
20,0,444,product,64,0.0,13.5,96.39213410025546,96.39213410025546,96.39213410025546,0.0
20,0,444,product,96,0.0,20.25,128.83907302110603,128.83907302110603,128.83907302110603,0.0
20,0,444,product,128,0.0,27.0,156.93403534380124,156.93403534380124,156.93403534380124,0.0
20,0,444,product,160,0.0,33.75,183.29802198298523,183.29802198298523,183.29802198298523,0.0
20,0,444,product,192,0.0,40.5,204.60071168390147,204.60071168390147,204.60071168390147,0.0
20,0,444,product,224,0.0,47.25,221.97672540421556,221.97672540421556,221.97672540421556,0.0
20,0,444,product,256,0.0,54.0,243.06542232118278,243.06542232118278,243.06542232118278,0.0
20,0,444,product,288,0.0,60.75,261.1417814896058,261.1417814896058,261.1417814896058,0.0
20,0,444,product,320,0.0,67.5,277.4714149450161,277.4714149450161,277.4714149450161,0.0
20,0,444,product,352,0.0,74.25,293.03217165739443,293.03217165739443,293.03217165739443,0.0
20,0,444,product,384,0.0,81.0,306.1486496944046,306.1486496944046,306.1486496944046,0.0
20,0,444,product,416,0.0,87.75,321.88487856570856,321.88487856570856,321.88487856570856,0.0
20,0,444,product,448,0.0,94.5,336.3309480386556,336.3309480386556,336.3309480386556,0.0
20,0,444,product,480,0.0,101.25,350.57742920289377,350.57742920289377,350.57742920289377,0.0
20,0,444,product,512,0.0,108.0,363.42092622324407,363.42092622324407,363.42092622324407,0.0
20,16,111,prefix,32,17.71875,28.375,64.0,64.0,64.0,19.851218512800084
20,16,111,prefix,64,19.03125,47.375,124.91105712376044,125.8693283799058,124.89662851019807,39.1914505342342
20,16,111,prefix,96,20.34375,66.375,175.33726850927778,177.51344878045649,175.21292040972327,46.48778118211744
20,16,111,prefix,128,21.65625,85.375,216.4280738673819,219.9877592323465,216.15330447673736,50.43476056981113
20,16,111,prefix,160,22.96875,104.375,252.20684150461952,257.87015594564593,251.93207211397498,54.2353463034134
20,16,111,prefix,192,23.70703125,118.015625,279.66736403795215,286.73762963751284,279.37273319506386,56.74495337093843
20,16,111,prefix,224,24.814453125,135.1015625,307.1246510088312,315.9217524061011,306.8300201659429,59.536284713499754
20,16,111,prefix,256,24.814453125,141.8515625,328.22100417511075,338.5359296623895,327.92637333222245,61.781328052592805
20,16,111,prefix,288,24.814453125,148.6015625,344.649943238316,355.70122940769835,344.3553123954277,62.945913814390096
20,16,111,prefix,320,24.814453125,155.3515625,362.79930089484935,375.0214112045945,362.50467005196106,64.59248954001647
20,16,111,prefix,352,24.814453125,162.1015625,379.5408971740703,392.61882103374484,379.246266331182,65.82838909173411
20,16,111,prefix,384,24.814453125,168.8515625,394.7038663523309,408.6861232838347,394.4092355094426,67.03347731113664
20,16,111,prefix,416,24.814453125,175.6015625,408.8809210113125,423.5596444804403,408.5862901684242,68.0037352948129
20,16,111,prefix,448,24.814453125,182.3515625,421.4110516766194,436.43449256920564,421.1162667656423,68.52924077982593
20,16,111,prefix,480,24.814453125,189.1015625,435.6178422647545,451.30171052328757,435.32305735377736,69.4109884147138
20,16,111,prefix,512,24.814453125,195.8515625,450.36543205733506,467.2322139941562,450.07064714635794,70.86510354898577
20,16,111,intersection,32,14.4375,26.5,64.0,64.0,64.0,21.804001510800475
20,16,111,intersection,64,15.75,45.5,125.23100611099967,126.11874594095293,125.22938714879356,40.60747328940118
20,16,111,intersection,96,17.0625,64.5,175.64049269387968,178.11284594114306,175.487027838475,47.45640814418112
20,16,111,intersection,128,18.375,83.5,216.8178362379212,220.61164253671524,216.47265353400624,51.33804178802092
20,16,111,intersection,160,19.6875,102.5,252.35785929153613,258.2056184629017,252.01267658762117,54.998764325638994
20,16,111,intersection,192,19.810546875,110.3984375,275.55779466706696,282.7322828291566,275.2022033926139,57.31599222364882
20,16,111,intersection,224,19.810546875,117.1484375,298.31002126378195,307.12610002004124,297.9544299893289,59.88675966451291
20,16,111,intersection,256,19.810546875,123.8984375,319.19497420399017,329.50262388604597,318.8393829295371,62.08289767678501
20,16,111,intersection,288,19.810546875,130.6484375,335.5149997922501,346.5529844013535,335.15940851779703,63.23413004978379
20,16,111,intersection,320,19.810546875,137.3984375,353.52697550179334,365.7230869617796,353.1713842273403,64.85717521233468
20,16,111,intersection,352,19.810546875,144.1484375,370.16000808203415,383.20212272790263,369.8044168075811,66.07612370643143
20,16,111,intersection,384,19.810546875,150.8984375,385.23970588291303,399.1766358008808,384.88411460846,67.26688560195966
20,16,111,intersection,416,19.810546875,157.6484375,399.34730020776266,413.9740618608872,398.9917089333096,68.22654080548001
20,16,111,intersection,448,19.810546875,164.3984375,411.8279680976804,426.79627120551385,411.47222275513855,68.74707837181721
20,16,111,intersection,480,19.810546875,171.1484375,425.96684171571104,441.59022278476516,425.6110963731692,69.6204141467209
20,16,111,intersection,512,19.810546875,177.8984375,440.6427835182505,457.43831750198837,440.28703817570863,71.05933112275167
20,16,111,completed,32,11.15625,24.625,64.0,64.0,64.0,27.40979345277663
20,16,111,completed,64,12.46875,43.625,125.245457961419,126.12759082836871,125.245457961419,45.42817584835637
20,16,111,completed,96,13.78125,62.625,175.40437216107904,178.14585438703966,175.33728239264147,52.015003742197656
20,16,111,completed,128,15.09375,81.625,216.79132927035192,220.78929115822461,216.48414202827865,55.86626564671294
20,16,111,completed,160,16.40625,100.625,252.20545695548202,258.2195337270818,251.89826971340875,59.42874499020604
20,16,111,completed,192,17.677734375,119.2421875,283.6799096791233,291.1685499491964,283.34462194922355,62.16152743349559
20,16,111,completed,224,18.990234375,138.2421875,312.81290062135633,321.99671422979947,312.4776128914566,64.86300396940904
20,16,111,completed,256,19.8515625,153.03125,337.18222482471026,347.8957624034477,336.8469370948105,67.11843251701498
20,16,111,completed,288,20.42578125,165.140625,358.44601120417695,369.9372839823349,358.10794429821266,68.38431521924161
20,16,111,completed,320,21.041015625,177.6328125,380.18988306688783,392.87161677961916,379.85181616092353,70.05542560268847
20,16,111,completed,352,21.287109375,186.6796875,398.1397514970116,411.66593876464583,397.8016845910473,71.26929551156265
20,16,111,completed,384,21.328125,193.8125,413.61771530288655,428.03140011256437,413.27964839692225,72.44911317407589
20,16,111,completed,416,21.328125,200.5625,427.6715657503674,442.7699625687008,427.3334988444031,73.40064361162672
20,16,111,completed,448,21.328125,207.3125,440.1138675221748,455.5513500921855,439.77564654812164,73.91736336598598
20,16,111,completed,480,21.328125,214.0625,454.19996821586204,470.28838325171057,453.86174724180887,74.78421792118894
20,16,111,completed,512,21.328125,220.8125,468.82013408254846,486.0723559546414,468.4819131084953,76.21139374026168
20,16,111,plugin,32,2.392578125,9.9140625,52.0,52.0,52.0,23.508738749825643
20,16,111,plugin,64,2.392578125,16.6640625,104.1889724993196,105.11012899989925,104.18773934681708,39.0992605435872
20,16,111,plugin,96,2.392578125,23.4140625,141.43613987609018,144.35848662236253,141.43213924014913,44.918656676872054
20,16,111,plugin,128,2.392578125,30.1640625,168.26885917441325,172.64278750264086,168.25940219476644,48.07069041425128
20,16,111,plugin,160,2.392578125,36.9140625,194.89836905872775,201.23684489927393,194.88891207908094,51.50038732260339
20,16,111,plugin,192,2.392578125,43.6640625,216.47230845236788,224.10177662900452,216.46285147272107,53.696989443144716
20,16,111,plugin,224,2.392578125,50.4140625,238.81431168002308,248.05191737728433,238.80485470037627,56.183125124321876
20,16,111,plugin,256,2.392578125,57.1640625,259.38758482533314,270.07784601606767,259.3781278456863,58.30853706123398
20,16,111,plugin,288,2.392578125,63.9140625,275.5451926004611,286.95670706390695,275.5357356208143,59.44024080165806
20,16,111,plugin,320,2.392578125,70.6640625,293.35096733697986,305.9014962964778,293.34151035733305,61.02854046445594
20,16,111,plugin,352,2.392578125,77.4140625,309.8198915597294,323.2016094161405,309.8104345800826,62.22226053129877
20,16,111,plugin,384,2.392578125,84.1640625,324.77305264237685,339.0351993558841,324.76359566273004,63.3915640094552
20,16,111,plugin,416,2.392578125,90.9140625,338.77469703057784,353.71659488078666,338.765240050931,64.33526842978863
20,16,111,plugin,448,2.392578125,97.6640625,351.17965163894365,366.4582515726572,351.170040591208,64.84830172364646
20,16,111,plugin,480,2.392578125,104.4140625,365.21430376453077,381.13980451209187,365.20469271679514,65.7088841659097
20,16,111,plugin,512,2.392578125,111.1640625,379.7800064544474,396.86119117030205,379.77039540671177,67.12467169554164
20,16,111,safe,32,14.8125,0.0,32.0,32.0,32.0,9.866550382637268
20,16,111,safe,64,29.625,0.0,61.24545796141895,62.12759082836869,61.24545796141895,17.460434164349415
20,16,111,safe,96,44.4375,0.0,82.38068285679829,84.0835757534976,82.37791537335974,20.4656590722548
20,16,111,safe,128,59.25,0.0,99.52846632310003,102.14649961281447,99.52024249595573,22.567312713679808
20,16,111,safe,160,74.0625,0.0,114.40330956432702,117.88773949481626,114.39508573718271,24.2535524281623
20,16,111,safe,192,88.875,0.0,127.67430799224763,131.73496912529325,127.66608416510333,25.39816985379249
20,16,111,safe,224,103.6875,0.0,139.8007818581655,144.75234951913455,139.7925580310212,26.736875889500737
20,16,111,safe,256,118.5,0.0,151.0202708477714,156.6191298466823,151.0120470206271,27.7351686153624
20,16,111,safe,288,133.3125,0.0,161.51754807414727,167.60756936096666,161.50932424700298,28.516960967321715
20,16,111,safe,320,148.125,0.0,171.41879812732145,178.1503136644795,171.41057430017716,29.406957496215515
20,16,111,safe,352,162.9375,0.0,180.81225949886655,187.9616608918882,180.80403567172226,30.03801028984617
20,16,111,safe,384,177.75,0.0,189.76052806388674,197.3771054915477,189.75230423674245,30.682363759457054
20,16,111,safe,416,192.5625,0.0,198.3368774286011,206.31499390001093,198.3286536014568,31.208081535384068
20,16,111,safe,448,207.375,0.0,206.55864237504528,214.71138309139576,206.55026447981214,31.51046276696109
20,16,111,safe,480,222.1875,0.0,214.49239627631337,222.9986578004903,214.48401838108023,31.98830979363831
20,16,111,safe,512,237.0,0.0,222.16606703761954,231.22050442320958,222.1576891423864,32.657248970035894
20,16,111,known,32,0.0,6.75,50.0,50.0,50.0,20.227089353470355
20,16,111,known,64,0.0,13.5,102.13544142225064,102.99477291789677,102.07150200649923,35.16069833789177
20,16,111,known,96,0.0,20.25,138.97341450334355,141.83098858523215,138.9067076041536,40.866058024035326
20,16,111,known,128,0.0,27.0,165.64188811604683,169.94392315959362,165.56972487315113,43.986478456449845
20,16,111,known,160,0.0,33.75,192.1112316193314,198.36043546448096,192.0390683764357,47.37419915350581
20,16,111,known,192,0.0,40.5,213.594301885361,221.12377917937508,213.5221386424653,49.54950132614356
20,16,111,known,224,0.0,47.25,235.8409739551089,244.97060791361085,235.76881071221322,52.01626958593795
20,16,111,known,256,0.0,54.0,256.34093092581554,266.91403860281986,256.2687676829199,54.12528822627645
20,16,111,known,288,0.0,60.75,272.46001675491743,283.7522088809093,272.3878535120218,55.25242842982761
20,16,111,known,320,0.0,67.5,290.2166540885217,302.6432991579811,290.1444908456261,56.83255090874812
20,16,111,known,352,0.0,74.25,306.64626730233545,319.9005567353924,306.57410405943983,58.02029891644433
20,16,111,known,384,0.0,81.0,321.56900024152526,335.70027365371755,321.49683699862965,59.184498722135125
20,16,111,known,416,0.0,87.75,335.5450955917032,350.35369699906045,335.4729323488076,60.12439706073204
20,16,111,known,448,0.0,94.5,347.93174476467163,363.07588245578427,347.85942745368715,60.635634280491125
20,16,111,known,480,0.0,101.25,361.9411520860582,377.73021600614453,361.8688347750737,61.493155942638595
20,16,111,known,512,0.0,108.0,376.48009951095867,393.42086688623925,376.4077821999742,62.903376716477574
20,16,111,product,32,0.0,6.75,50.0,50.0,50.0,20.227089353470355
20,16,111,product,64,0.0,13.5,102.13544142225064,102.99477291789677,102.07150200649923,35.16069833789177
20,16,111,product,96,0.0,20.25,138.97341450334355,141.83098858523215,138.9067076041536,40.866058024035326
20,16,111,product,128,0.0,27.0,165.64188811604683,169.94392315959362,165.56972487315113,43.986478456449845
20,16,111,product,160,0.0,33.75,192.1112316193314,198.36043546448096,192.0390683764357,47.37419915350581
20,16,111,product,192,0.0,40.5,213.594301885361,221.12377917937508,213.5221386424653,49.54950132614356
20,16,111,product,224,0.0,47.25,235.8409739551089,244.97060791361085,235.76881071221322,52.01626958593795
20,16,111,product,256,0.0,54.0,256.34093092581554,266.91403860281986,256.2687676829199,54.12528822627645
20,16,111,product,288,0.0,60.75,272.46001675491743,283.7522088809093,272.3878535120218,55.25242842982761
20,16,111,product,320,0.0,67.5,290.2166540885217,302.6432991579811,290.1444908456261,56.83255090874812
20,16,111,product,352,0.0,74.25,306.64626730233545,319.9005567353924,306.57410405943983,58.02029891644433
20,16,111,product,384,0.0,81.0,321.56900024152526,335.70027365371755,321.49683699862965,59.184498722135125
20,16,111,product,416,0.0,87.75,335.5450955917032,350.35369699906045,335.4729323488076,60.12439706073204
20,16,111,product,448,0.0,94.5,347.93174476467163,363.07588245578427,347.85942745368715,60.635634280491125
20,16,111,product,480,0.0,101.25,361.9411520860582,377.73021600614453,361.8688347750737,61.493155942638595
20,16,111,product,512,0.0,108.0,376.48009951095867,393.42086688623925,376.4077821999742,62.903376716477574
20,16,222,prefix,32,15.53125,27.125,64.0,64.0,64.0,18.121138066569504
20,16,222,prefix,64,16.84375,46.125,124.78312986745759,125.66827593609743,124.66671007981361,37.682995010946776
20,16,222,prefix,96,18.15625,65.125,175.1556105498337,178.0234323895192,175.00661449769737,46.28294913568331
20,16,222,prefix,128,19.46875,84.125,216.47430707436905,220.8639040664125,216.18957409174496,50.49286956101061
20,16,222,prefix,160,20.78125,103.125,252.455907343414,259.69350603271494,252.1711743607899,55.276406432687786
20,16,222,prefix,192,21.4375,116.0,279.28588223732305,287.54760025677405,278.95554820626813,57.33749597860452
20,16,222,prefix,224,21.4375,122.75,302.84827894749304,312.78195902227884,302.5179449164381,60.00901343518337
20,16,222,prefix,256,21.4375,129.5,323.94124025817365,335.67445156726933,323.61090622711873,62.57104183076278
20,16,222,prefix,288,21.4375,136.25,341.75933995023144,354.72898066672315,341.4290059191765,64.35014713912149
20,16,222,prefix,320,21.4375,143.0,359.3517053078466,373.2473036963545,359.0213712767917,65.7018810986425
20,16,222,prefix,352,21.4375,149.75,375.6316008326639,390.4039151426605,375.30126680160896,66.94458246374292
20,16,222,prefix,384,21.4375,156.5,391.12506847392035,406.59845055764373,390.79473444286543,67.938119343966
20,16,222,prefix,416,21.4375,163.25,406.3664067692283,422.7094235328036,406.0360727381734,69.1180130165976
20,16,222,prefix,448,21.4375,170.0,420.98737976171026,438.3154072518307,420.65704573065534,70.37332448421746
20,16,222,prefix,480,21.4375,176.75,435.0516481452587,453.18189638195287,434.7213141142038,71.40665358252889
20,16,222,prefix,512,21.4375,183.5,447.97620842556097,466.8457408178559,447.64587439450605,72.33903099270441
20,16,222,intersection,32,15.53125,27.125,64.0,64.0,64.0,18.121138066569504
20,16,222,intersection,64,16.84375,46.125,124.78312986745759,125.66827593609743,124.66671007981361,37.682995010946776
20,16,222,intersection,96,18.15625,65.125,175.1556105498337,178.0234323895192,175.00661449769737,46.28294913568331
20,16,222,intersection,128,19.46875,84.125,216.47430707436905,220.8639040664125,216.18957409174496,50.49286956101061
20,16,222,intersection,160,20.78125,103.125,252.455907343414,259.69350603271494,252.1711743607899,55.276406432687786
20,16,222,intersection,192,21.4375,116.0,279.28588223732305,287.54760025677405,278.95554820626813,57.33749597860452
20,16,222,intersection,224,21.4375,122.75,302.84827894749304,312.78195902227884,302.5179449164381,60.00901343518337
20,16,222,intersection,256,21.4375,129.5,323.94124025817365,335.67445156726933,323.61090622711873,62.57104183076278
20,16,222,intersection,288,21.4375,136.25,341.75933995023144,354.72898066672315,341.4290059191765,64.35014713912149
20,16,222,intersection,320,21.4375,143.0,359.3517053078466,373.2473036963545,359.0213712767917,65.7018810986425
20,16,222,intersection,352,21.4375,149.75,375.6316008326639,390.4039151426605,375.30126680160896,66.94458246374292
20,16,222,intersection,384,21.4375,156.5,391.12506847392035,406.59845055764373,390.79473444286543,67.938119343966
20,16,222,intersection,416,21.4375,163.25,406.3664067692283,422.7094235328036,406.0360727381734,69.1180130165976
20,16,222,intersection,448,21.4375,170.0,420.98737976171026,438.3154072518307,420.65704573065534,70.37332448421746
20,16,222,intersection,480,21.4375,176.75,435.0516481452587,453.18189638195287,434.7213141142038,71.40665358252889
20,16,222,intersection,512,21.4375,183.5,447.97620842556097,466.8457408178559,447.64587439450605,72.33903099270441
20,16,222,completed,32,9.515625,23.6875,64.0,64.0,64.0,21.56676459428716
20,16,222,completed,64,10.828125,42.6875,125.0366152563774,125.95184109618016,124.96827742452324,37.14234744540513
20,16,222,completed,96,12.140625,61.6875,175.89200111070843,178.9460979243421,175.75628576143296,45.28410000825664
20,16,222,completed,128,13.453125,80.6875,217.15369714271537,221.6236077241233,216.82990733496123,49.36521590897489
20,16,222,completed,160,14.765625,99.6875,252.87128776294168,260.1249479599622,252.54749795518754,53.97192038902958
20,16,222,completed,192,15.2578125,111.03125,278.45141332758686,286.700130569907,278.0739283320021,55.98555175509025
20,16,222,completed,224,15.2578125,117.78125,301.6618896017825,311.54980082527464,301.2844046061977,58.57766377213649
20,16,222,completed,256,15.2578125,124.53125,322.5043576062499,334.16015197332734,322.12687261066515,61.08003360811895
20,16,222,completed,288,15.2578125,131.28125,340.1619912178602,353.0381340592016,339.7845062222754,62.8280763485764
20,16,222,completed,320,15.2578125,138.03125,357.605882457856,371.3971687742913,357.22839746227123,64.15903809373158
20,16,222,completed,352,15.2578125,144.78125,373.7659357104455,388.42290120389356,373.3884507148607,65.38290925564492
20,16,222,completed,384,15.2578125,151.53125,389.15654603812646,404.5100735013609,388.7790610425417,66.36684917127477
20,16,222,completed,416,15.2578125,158.28125,404.3007572810746,420.5165100578784,403.9232722854898,67.53325254191287
20,16,222,completed,448,15.2578125,165.03125,418.8363451172147,436.02665128273406,418.4588601216299,68.773343170184
20,16,222,completed,480,15.2578125,171.78125,432.82494193166053,450.80895043145034,432.4474569360757,69.7945281490322
20,16,222,completed,512,15.2578125,178.53125,445.6889253200192,464.40633694698846,445.3114403244344,70.71844430968498
20,16,222,plugin,32,1.17578125,8.140625,48.0,48.0,48.0,21.78900305843739
20,16,222,plugin,64,1.17578125,14.890625,100.04384118158707,100.95939688673774,99.97583321508081,35.26097023225029
20,16,222,plugin,96,1.17578125,21.640625,136.35715135254998,139.62059413524494,136.2885911092863,41.9865310798766
20,16,222,plugin,128,1.17578125,28.390625,164.9162128511975,169.75473414143215,164.84765260793384,45.41869863802141
20,16,222,plugin,160,1.17578125,35.140625,191.846789012089,199.30046059800026,191.77822876882533,49.65931917416187
20,16,222,plugin,192,1.17578125,41.890625,212.9380819871859,221.42315188712985,212.86952174392223,51.54850402517384
20,16,222,plugin,224,1.17578125,48.640625,235.9312573640309,246.03480266074143,235.86269712076722,54.09236220967744
20,16,222,plugin,256,1.17578125,55.390625,256.61699492446354,268.4685041644952,256.54843468119986,56.55795555754542
20,16,222,plugin,288,1.17578125,62.140625,274.17335042335884,287.2350143292999,274.10479018009516,58.28666500704089
20,16,222,plugin,320,1.17578125,68.890625,291.5229087250794,305.4928259607584,291.4543484818157,59.604598211040724
20,16,222,plugin,352,1.17578125,75.640625,307.6064594196596,322.43501974289063,307.5378991763959,60.81659317673583
20,16,222,plugin,384,1.17578125,82.390625,322.9311353936025,338.453358951112,322.86257515033884,61.79445168698718
20,16,222,plugin,416,1.17578125,89.140625,338.0129082888873,354.39259223821256,337.9443480456236,62.95227060726842
20,16,222,plugin,448,1.17578125,95.890625,352.493442015879,369.8409632141714,352.4248817726153,64.18263812236535
20,16,222,plugin,480,1.17578125,102.640625,366.4331229493776,384.56886387779866,366.36456270611393,65.19604283419811
20,16,222,plugin,512,1.17578125,109.390625,379.2578668114887,398.1232172303347,379.18930656822505,66.11452465668694
20,16,222,safe,32,14.8125,0.0,32.0,32.0,32.0,11.269758414192747
20,16,222,safe,64,29.625,0.0,61.05106710679665,61.95939688673774,60.98305914029041,17.518725289546996
20,16,222,safe,96,44.4375,0.0,82.23371442104806,84.57788991066688,82.16515417778437,21.186458296252695
20,16,222,safe,128,59.25,0.0,99.3881640419674,102.4593358029839,99.31960379870371,23.10663397067787
20,16,222,safe,160,74.0625,0.0,114.27813844639559,118.65506120974386,114.2095782031319,25.24735920991853
20,16,222,safe,192,88.875,0.0,127.55397904799318,132.5114517973761,127.48541880472949,26.401137592703986
20,16,222,safe,224,103.6875,0.0,139.68343458887495,145.41457079091015,139.61487434561127,27.625582228104896
20,16,222,safe,256,118.5,0.0,150.92497730261354,157.56266113041136,150.85641705934987,28.90518496591996
20,16,222,safe,288,133.3125,0.0,161.43513210118093,168.78879599576229,161.36657185791725,29.92467266894584
20,16,222,safe,320,148.125,0.0,171.33402092780346,179.22173466502954,171.2654606845398,30.704863563594085
20,16,222,safe,352,162.9375,0.0,180.72517172943648,189.07521387897913,180.6566114861728,31.37804834376562
20,16,222,safe,384,177.75,0.0,189.67721919324663,198.52275980180937,189.60865894998295,32.05450313654714
20,16,222,safe,416,192.5625,0.0,198.25595865369982,207.62927102882276,198.18739841043615,32.7488437310244
20,16,222,safe,448,207.375,0.0,206.49759729173962,216.38153356620887,206.42903704847595,33.40709830860283
20,16,222,safe,480,222.1875,0.0,214.43767630418006,224.7132937941703,214.36911606091638,33.92943085414686
20,16,222,safe,512,237.0,0.0,222.10710684997733,232.81886302390623,222.03854660671365,34.48209263756116
20,16,222,known,32,0.0,6.75,47.0,47.0,47.0,19.808075652509988
20,16,222,known,64,0.0,13.5,99.02657422831977,99.95939688673774,98.95856626181352,32.96108243607519
20,16,222,known,96,0.0,20.25,135.122777127462,138.48648058192524,135.0542168841983,39.61767742778309
20,16,222,known,128,0.0,27.0,163.57782021872663,168.5095484547617,163.50925997546292,43.02576643589619
20,16,222,known,160,0.0,33.75,190.42125607611462,197.95755898709362,190.35269583285088,47.23971135543724
20,16,222,known,192,0.0,40.5,211.4687134122268,220.03336565580872,211.40015316896307,49.121236993396046
20,16,222,known,224,0.0,47.25,234.409534963578,244.58761927310283,234.34097472031428,51.65356049329434
20,16,222,known,256,0.0,54.0,255.05727756757133,266.97848524248747,254.9887173243076,54.1103033574155
20,16,222,known,288,0.0,60.75,272.5889799811746,285.7178564612759,272.52041973791086,55.834338887344366
20,16,222,known,320,0.0,67.5,289.9155031807638,303.9509485604627,289.84694293750005,57.149110770712035
20,16,222,known,352,0.0,74.25,305.9803304309441,320.8726982084424,305.91177018768036,58.35821634611011
20,16,222,known,384,0.0,81.0,321.28883707643746,336.87415608845123,321.2202768331737,59.33459193178852
20,16,222,known,416,0.0,87.75,336.35527696668754,352.79688616056904,336.2867167234238,60.49031332675804
20,16,222,known,448,0.0,94.5,350.8222715099888,368.23006956502024,350.7537112667251,61.71830064947133
20,16,222,known,480,0.0,101.25,364.7499078841057,382.94457862904454,364.681347640842,62.72979808310131
20,16,222,known,512,0.0,108.0,377.564980063764,396.48832720523455,377.49641982050025,63.64694609696422
20,16,222,product,32,0.0,6.75,47.0,47.0,47.0,19.808075652509988
20,16,222,product,64,0.0,13.5,99.02657422831977,99.95939688673774,98.95856626181352,32.96108243607519
20,16,222,product,96,0.0,20.25,135.122777127462,138.48648058192524,135.0542168841983,39.61767742778309
20,16,222,product,128,0.0,27.0,163.57782021872663,168.5095484547617,163.50925997546292,43.02576643589619
20,16,222,product,160,0.0,33.75,190.42125607611462,197.95755898709362,190.35269583285088,47.23971135543724
20,16,222,product,192,0.0,40.5,211.4687134122268,220.03336565580872,211.40015316896307,49.121236993396046
20,16,222,product,224,0.0,47.25,234.409534963578,244.58761927310283,234.34097472031428,51.65356049329434
20,16,222,product,256,0.0,54.0,255.05727756757133,266.97848524248747,254.9887173243076,54.1103033574155
20,16,222,product,288,0.0,60.75,272.5889799811746,285.7178564612759,272.52041973791086,55.834338887344366
20,16,222,product,320,0.0,67.5,289.9155031807638,303.9509485604627,289.84694293750005,57.149110770712035
20,16,222,product,352,0.0,74.25,305.9803304309441,320.8726982084424,305.91177018768036,58.35821634611011
20,16,222,product,384,0.0,81.0,321.28883707643746,336.87415608845123,321.2202768331737,59.33459193178852
20,16,222,product,416,0.0,87.75,336.35527696668754,352.79688616056904,336.2867167234238,60.49031332675804
20,16,222,product,448,0.0,94.5,350.8222715099888,368.23006956502024,350.7537112667251,61.71830064947133
20,16,222,product,480,0.0,101.25,364.7499078841057,382.94457862904454,364.681347640842,62.72979808310131
20,16,222,product,512,0.0,108.0,377.564980063764,396.48832720523455,377.49641982050025,63.64694609696422
20,16,333,prefix,32,16.625,27.75,64.0,64.0,64.0,23.22727965946892
20,16,333,prefix,64,17.9375,46.75,124.28245502177263,124.09802646471975,123.86395582817934,37.465818417962105
20,16,333,prefix,96,19.25,65.75,174.55030058944624,175.88604380263072,174.09937880702896,44.98690048545345
20,16,333,prefix,128,20.5625,84.75,216.81555388068864,221.23453162151316,216.31937117405775,51.3867426466657
20,16,333,prefix,160,21.875,103.75,252.78118099892234,259.9753079036302,252.27243326828273,56.18907448451267
20,16,333,prefix,192,23.1875,122.75,284.7948283085179,293.7524346749744,284.27360000154243,59.3107427751753
20,16,333,prefix,224,24.5,141.75,314.07541994841546,324.8285541310605,313.55419164144,62.15747727479629
20,16,333,prefix,256,25.8125,160.75,341.2678888077123,353.3904639295053,340.7466605007369,64.4250719136358
20,16,333,prefix,288,27.125,179.75,366.56335053679874,380.0256990254779,366.03275492432687,66.46447067273189
20,16,333,prefix,320,28.4375,198.75,390.44443272700397,405.1087308508242,389.90169254529917,68.2410382402802
20,16,333,prefix,352,29.75,217.75,413.0022001379417,428.7032526935079,412.4539541539245,69.71603365616697
20,16,333,prefix,384,31.0625,236.75,434.59921655973056,451.3436009284447,434.04606192647,71.15583526548149
20,16,333,prefix,416,31.71875,249.625,451.8186202208307,469.44758971559156,451.26447475324505,72.3422943610431
20,16,333,prefix,448,32.416015625,262.8828125,469.50249829344995,487.9207592060508,468.9483528258643,73.41395019383658
20,16,333,prefix,480,32.416015625,269.6328125,483.59108553105,502.8899801687537,483.03694006346433,74.5377471051647
20,16,333,prefix,512,32.416015625,276.3828125,497.1848365677504,517.203232567826,496.6306911001647,75.4720340862273
20,16,333,intersection,32,16.625,27.75,64.0,64.0,64.0,23.22727965946892
20,16,333,intersection,64,17.9375,46.75,124.28245502177263,124.09802646471975,123.86395582817934,37.465818417962105
20,16,333,intersection,96,19.25,65.75,174.55030058944624,175.88604380263072,174.09937880702896,44.98690048545345
20,16,333,intersection,128,20.5625,84.75,216.81555388068864,221.23453162151316,216.31937117405775,51.3867426466657
20,16,333,intersection,160,21.875,103.75,252.78118099892234,259.9753079036302,252.27243326828273,56.18907448451267
20,16,333,intersection,192,23.1875,122.75,284.7948283085179,293.7524346749744,284.27360000154243,59.3107427751753
20,16,333,intersection,224,24.5,141.75,314.07541994841546,324.8285541310605,313.55419164144,62.15747727479629
20,16,333,intersection,256,25.8125,160.75,341.2678888077123,353.3904639295053,340.7466605007369,64.4250719136358
20,16,333,intersection,288,27.125,179.75,366.56335053679874,380.0256990254779,366.03275492432687,66.46447067273189
20,16,333,intersection,320,28.4375,198.75,390.44443272700397,405.1087308508242,389.90169254529917,68.2410382402802
20,16,333,intersection,352,29.75,217.75,413.0022001379417,428.7032526935079,412.4539541539245,69.71603365616697
20,16,333,intersection,384,31.0625,236.75,434.59921655973056,451.3436009284447,434.04606192647,71.15583526548149
20,16,333,intersection,416,31.595703125,248.4765625,451.0429079437193,468.6728682728052,450.4897533104587,72.33691801695709
20,16,333,intersection,448,31.595703125,255.2265625,465.6614934689334,484.0515906896168,465.1083388356728,73.35122165704145
20,16,333,intersection,480,31.595703125,261.9765625,479.7500807065334,499.0208116523197,479.19692607327283,74.47501856836956
20,16,333,intersection,512,31.595703125,268.7265625,493.3438317432338,513.3340640513921,492.7906771099732,75.40930554943216
20,16,333,completed,32,8.421875,23.0625,64.0,64.0,64.0,27.947484521138318
20,16,333,completed,64,9.734375,42.0625,125.0167687114813,124.79372479017476,124.70169244798804,39.80860259663499
20,16,333,completed,96,11.046875,61.0625,175.48179330270364,177.05386304911423,175.1055190534316,46.75150991965681
20,16,333,completed,128,12.359375,80.0625,216.66029007784212,221.2250462488228,216.21659712210644,52.63939337300718
20,16,333,completed,160,13.671875,99.0625,252.34301141147392,259.5814082104077,251.87992976297215,57.232701142677335
20,16,333,completed,192,14.984375,118.0625,284.3660431897038,293.3169517016681,283.88255417754226,60.293673825786236
20,16,333,completed,224,16.296875,137.0625,313.752285822531,324.46718142304564,313.2678278952814,63.11319088815543
20,16,333,completed,256,17.609375,156.0625,341.10428010267066,353.178667226018,340.61982217542106,65.39376658111566
20,16,333,completed,288,18.921875,175.0625,366.31906309362915,379.70382269336534,365.82324718215403,67.3938244799151
20,16,333,completed,320,20.234375,194.0625,390.2165044215416,404.7822539058587,389.70586403871687,69.14269057304175
20,16,333,completed,352,21.546875,213.0625,412.7471352227181,428.32936929583127,412.2298366512793,70.59249229106382
20,16,333,completed,384,22.859375,232.0625,434.38025065803384,450.991343904179,433.8574524288562,72.01481153224837
20,16,333,completed,416,23.802734375,247.6171875,453.51507810645086,471.01656713380044,452.9909963044743,73.22136265897957
20,16,333,completed,448,24.41796875,260.109375,470.71067059470676,488.99680264511915,470.1865887927302,74.26852271890728
20,16,333,completed,480,24.623046875,268.7734375,485.4448137420815,504.59916107898005,484.920731940105,75.3739787232643
20,16,333,completed,512,24.623046875,275.5234375,498.9365247803807,518.7996014756333,498.41244297840416,76.29252577628516
20,16,333,plugin,32,3.021484375,15.6171875,59.0,59.0,59.0,27.092833779722874
20,16,333,plugin,64,4.12890625,32.703125,117.0167687114813,116.79372479017476,116.70169244798804,38.70792980135362
20,16,333,plugin,96,5.44140625,51.703125,167.90476193399329,169.4940204138565,167.58212987994244,45.9064969334739
20,16,333,plugin,128,6.302734375,66.4921875,206.25598728717824,210.8551533984436,205.9222011082524,51.596957779736144
20,16,333,plugin,160,7.287109375,82.4296875,241.37682026785808,248.58054503535698,241.01010909606507,56.01800693525628
20,16,333,plugin,192,7.328125,89.5625,265.101904529495,273.9350685968235,264.735193357702,58.63090408518757
20,16,333,plugin,224,7.328125,96.3125,285.1728887436963,295.5299195782127,284.80617757190333,60.88591889557105
20,16,333,plugin,256,7.328125,103.0625,302.9034536150698,314.2505390736,302.5367424432768,62.41783195476506
20,16,333,plugin,288,7.328125,109.8125,322.1516091814908,334.761311586644,321.7848980096978,64.20944532230092
20,16,333,plugin,320,7.328125,116.5625,339.0814777237125,352.81943533456365,338.7147665519195,65.78335228665416
20,16,333,plugin,352,7.328125,123.3125,355.87556722694234,370.5808020191818,355.50885605514935,67.101875999365
20,16,333,plugin,384,7.328125,130.0625,370.80804107214504,386.48067943432085,370.44132990035206,68.38046379083264
20,16,333,plugin,416,7.328125,136.8125,385.117730469768,401.63223549903717,384.751019297975,69.48406498939946
20,16,333,plugin,448,7.328125,143.5625,399.5689562499015,416.8316931695759,399.2022450781085,70.47832657820021
20,16,333,plugin,480,7.328125,150.3125,413.5073512030631,431.6343325946104,413.1406400312701,71.57795437284028
20,16,333,plugin,512,7.328125,157.0625,426.9662032907828,445.7984610448345,426.5994921189898,72.49148395023482
20,16,333,safe,32,14.8125,0.0,32.0,32.0,32.0,11.761709348598437
20,16,333,safe,64,29.625,0.0,61.01676871148126,60.79372479017475,60.701692447988,16.675597309530858
20,16,333,safe,96,44.4375,0.0,82.12432247835159,83.10034542359195,81.80924621485832,20.03145792572457
20,16,333,safe,128,59.25,0.0,99.31986543611855,101.6729760802297,99.00478917262528,22.6428183644704
20,16,333,safe,160,74.0625,0.0,114.20446954692504,117.9280461657553,113.88939328343177,24.842888282476725
20,16,333,safe,192,88.875,0.0,127.49605702637338,132.19638599778847,127.18098076288011,26.408615909663023
20,16,333,safe,224,103.6875,0.0,139.6263254110501,145.2475674497367,139.31124914755685,27.78112300347817
20,16,333,safe,256,118.5,0.0,150.86019924216976,157.0540097453728,150.54512297867652,28.719077697428105
20,16,333,safe,288,133.3125,0.0,161.34377749985046,168.23877845738411,161.02870123635722,29.697199247114423
20,16,333,safe,320,148.125,0.0,171.250160031478,178.80918624546783,170.93508376798476,30.614859260579184
20,16,333,safe,352,162.9375,0.0,180.63748323817157,188.685142648412,180.32240697467833,31.310521229745298
20,16,333,safe,384,177.75,0.0,189.59476545208142,198.2135059381904,189.27968918858818,32.06779338947497
20,16,333,safe,416,192.5625,0.0,198.1681477270423,207.23684650742555,197.85307146354907,32.6789633261739
20,16,333,safe,448,207.375,0.0,206.40858394139187,215.94526310903174,206.09350767789863,33.293371967972355
20,16,333,safe,480,222.1875,0.0,214.35072309387752,224.3606027109919,214.03564683038428,33.89928388751511
20,16,333,safe,512,237.0,0.0,222.01919614966332,232.372393682566,221.70411988617008,34.35816741276745
20,16,333,known,32,0.0,6.75,49.0,49.0,49.0,24.879900879289963
20,16,333,known,64,0.0,13.5,97.0167687114813,96.79372479017476,96.70169244798804,34.99315970017778
20,16,333,known,96,0.0,20.25,134.01844503820962,135.61268773543762,133.70336877471635,40.71795055677831
20,16,333,known,128,0.0,27.0,166.93752778978865,171.47794631174898,166.62245152629538,46.178676602570675
20,16,333,known,160,0.0,33.75,193.9321505222533,201.04916051901307,193.61707425876003,50.31282878586537
20,16,333,known,192,0.0,40.5,216.87088580011275,225.6132989973498,216.55580953661948,52.91573334438827
20,16,333,known,224,0.0,47.25,236.9066028029968,247.1691215500902,236.59152653950352,55.16338114410937
20,16,333,known,256,0.0,54.0,254.61192821167262,265.8621360888893,254.29685194817935,56.69091335864846
20,16,333,known,288,0.0,60.75,273.82972541067556,286.33980930575893,273.5146491471823,58.477260056082166
20,16,333,known,320,0.0,67.5,290.73795455641454,304.3741952306983,290.42287829292127,60.04734141958204
20,16,333,known,352,0.0,74.25,307.511724908927,322.1131277460381,307.1966486454337,61.36259214137441
20,16,333,known,384,0.0,81.0,322.4291434917937,337.99635191284403,322.11406722830037,62.63865107183335
20,16,333,known,416,0.0,87.75,336.725513709618,353.13306219250995,336.41043744612466,63.74003672753615
20,16,333,known,448,0.0,94.5,351.1633805101342,368.3182127213105,350.84830424664085,64.73271849711244
20,16,333,known,480,0.0,101.25,365.0897509812276,383.1075219763298,364.7746747177343,65.83043367078109
20,16,333,known,512,0.0,108.0,378.53777313720394,397.25968415932545,378.2226968737106,66.74231501836688
20,16,333,product,32,0.0,6.75,49.0,49.0,49.0,24.879900879289963
20,16,333,product,64,0.0,13.5,97.0167687114813,96.79372479017476,96.70169244798804,34.99315970017778
20,16,333,product,96,0.0,20.25,134.01844503820962,135.61268773543762,133.70336877471635,40.71795055677831
20,16,333,product,128,0.0,27.0,166.93752778978865,171.47794631174898,166.62245152629538,46.178676602570675
20,16,333,product,160,0.0,33.75,193.9321505222533,201.04916051901307,193.61707425876003,50.31282878586537
20,16,333,product,192,0.0,40.5,216.87088580011275,225.6132989973498,216.55580953661948,52.91573334438827
20,16,333,product,224,0.0,47.25,236.9066028029968,247.1691215500902,236.59152653950352,55.16338114410937
20,16,333,product,256,0.0,54.0,254.61192821167262,265.8621360888893,254.29685194817935,56.69091335864846
20,16,333,product,288,0.0,60.75,273.82972541067556,286.33980930575893,273.5146491471823,58.477260056082166
20,16,333,product,320,0.0,67.5,290.73795455641454,304.3741952306983,290.42287829292127,60.04734141958204
20,16,333,product,352,0.0,74.25,307.511724908927,322.1131277460381,307.1966486454337,61.36259214137441
20,16,333,product,384,0.0,81.0,322.4291434917937,337.99635191284403,322.11406722830037,62.63865107183335
20,16,333,product,416,0.0,87.75,336.725513709618,353.13306219250995,336.41043744612466,63.74003672753615
20,16,333,product,448,0.0,94.5,351.1633805101342,368.3182127213105,350.84830424664085,64.73271849711244
20,16,333,product,480,0.0,101.25,365.0897509812276,383.1075219763298,364.7746747177343,65.83043367078109
20,16,333,product,512,0.0,108.0,378.53777313720394,397.25968415932545,378.2226968737106,66.74231501836688
20,16,444,prefix,32,18.8125,29.0,64.0,64.0,64.0,30.430606440647612
20,16,444,prefix,64,21.765625,48.9375,124.51227925852471,125.10195014502541,124.35647088285461,45.14920362428336
20,16,444,prefix,96,23.078125,67.9375,174.62144705672915,176.28920820187636,174.39689518873814,52.77294852230627
20,16,444,prefix,128,24.390625,86.9375,216.2411887738664,220.28499602100055,215.99508317791464,57.8710181035015
20,16,444,prefix,160,24.63671875,95.984375,247.32733278312267,254.3103236198893,247.0812271871709,62.765216014655856
20,16,444,prefix,192,24.63671875,102.734375,270.490378052092,278.86821680708124,270.2442724561402,65.19636702665476
20,16,444,prefix,224,24.63671875,109.484375,288.91592843232485,297.8985124472955,288.6650861976492,66.378765141699
20,16,444,prefix,256,24.63671875,116.234375,311.63105415609573,322.50450067574127,311.3802119214201,69.16509842806977
20,16,444,prefix,288,24.63671875,122.984375,330.80686634757836,343.2225071771795,330.5560241129027,71.32515275207767
20,16,444,prefix,320,24.63671875,129.734375,347.93430414799235,361.50053541339867,347.6834619133167,72.90972455336923
20,16,444,prefix,352,24.63671875,136.484375,364.1809229590789,378.85849439956826,363.93008072440324,74.39175316908693
20,16,444,prefix,384,24.63671875,143.234375,377.7524400586548,393.0166534329134,377.5015978239792,75.23472280821201
20,16,444,prefix,416,24.63671875,149.984375,394.1212512051859,410.4396368834743,393.87040897051025,76.61223385610303
20,16,444,prefix,448,24.63671875,156.734375,409.0910567979527,426.36552664272136,408.8402145632771,77.84693266555743
20,16,444,prefix,480,24.63671875,163.484375,423.83615073317935,442.07666189737495,423.5853084985037,79.0823535603564
20,16,444,prefix,512,24.63671875,170.234375,437.05392306017643,455.9792275159076,436.8030808255008,79.96591160519404
20,16,444,intersection,32,18.8125,29.0,64.0,64.0,64.0,30.430606440647612
20,16,444,intersection,64,20.125,48.0,124.59329495269833,125.19953549441985,124.454056232249,45.852208595534215
20,16,444,intersection,96,21.4375,67.0,174.75570313936237,176.46454724218552,174.54352364726995,53.35549210019925
20,16,444,intersection,128,22.75,86.0,216.25916666697938,220.3364236655585,216.02435134425735,58.39878851650911
20,16,444,intersection,160,23.2421875,97.34375,247.863118760871,254.86805948978517,247.62830343814898,63.25557354367739
20,16,444,intersection,192,23.2421875,104.09375,270.9660445635986,279.36328785296945,270.7312292408766,65.67621282071875
20,16,444,intersection,224,23.2421875,110.84375,289.36005070360125,298.36007818493465,289.12049874215546,66.85446078656815
20,16,444,intersection,256,23.2421875,117.59375,312.0236389236336,322.9098564041288,311.7840869621878,69.6293889488882
20,16,444,intersection,288,23.2421875,124.34375,331.1669228063845,343.5912678379643,330.9273708449387,71.78195988732291
20,16,444,intersection,320,23.2421875,131.09375,348.2708248042,361.8431684702864,348.0312728427542,73.36219836164315
20,16,444,intersection,352,23.2421875,137.84375,364.4973583109575,379.1785521195579,364.2578063495117,74.84040189634516
20,16,444,intersection,384,23.2421875,144.59375,378.05650346859096,393.3230280191053,377.8169515071452,75.6814511060703
20,16,444,intersection,416,23.2421875,151.34375,394.40592619052046,410.72420891004487,394.1663742290747,77.05537862825283
20,16,444,intersection,448,23.2421875,158.09375,409.36048521518217,426.6331603095877,409.1209332537364,78.28750867182877
20,16,444,intersection,480,23.2421875,164.84375,424.09134532934337,442.32840102721514,423.8517933678976,79.52041849400304
20,16,444,intersection,512,23.2421875,171.59375,437.2984460308397,456.21927035295903,437.05889406939394,80.40249285932501
20,16,444,completed,32,16.078125,27.4375,64.0,64.0,64.0,30.5694953295365
20,16,444,completed,64,17.390625,46.4375,124.69538308586594,125.29216466437795,124.5466854022071,46.30028721736117
20,16,444,completed,96,18.703125,65.4375,174.91951013243457,176.6177493550954,174.69338278871487,53.69203600770712
20,16,444,completed,128,20.015625,84.4375,216.31558842480624,220.3740473457041,216.06567784455655,58.68277951675312
20,16,444,completed,160,20.58984375,96.546875,248.4452611780026,255.41996621652524,248.1953505977529,63.503206114162616
20,16,444,completed,192,20.58984375,103.296875,271.4891572485077,279.8536210908494,271.23924666825803,65.91356616341609
20,16,444,completed,224,20.58984375,110.046875,289.85208695416793,298.8173986657547,289.5974397351944,67.08774099680386
20,16,444,completed,256,20.58984375,116.796875,312.46482824346793,323.3117008689806,312.21018102449443,69.85145097761331
20,16,444,completed,288,20.58984375,123.546875,331.5759480423228,343.95692346107114,331.3213008233493,71.99664198939142
20,16,444,completed,320,20.58984375,130.296875,348.65654300422574,362.1829510606724,348.40189578525224,73.57260037989644
20,16,444,completed,352,20.58984375,137.046875,364.8631668923576,379.4959586605719,364.6085196733841,75.04702135874328
20,16,444,completed,384,20.58984375,143.796875,378.4100390018879,393.6268621607006,378.1553917829144,75.8861699694426
20,16,444,completed,416,20.58984375,150.546875,394.74021735759754,411.0064043625663,394.48557013862404,77.25654789410103
20,16,444,completed,448,20.58984375,157.296875,409.679633037262,426.89853322883266,409.4249858182885,78.48613145568117
20,16,444,completed,480,20.58984375,164.046875,424.3963483314322,442.57797978215604,424.1417011124587,79.71655025028947
20,16,444,completed,512,20.58984375,170.796875,437.5928387892013,456.45722090850455,437.3381915702278,80.59715198124509
20,16,444,plugin,32,10.220703125,16.5078125,56.0,56.0,56.0,31.162095116641602
20,16,444,plugin,64,10.91796875,29.765625,110.15034141761224,110.89020876573674,110.1447295035659,43.90172418502078
20,16,444,plugin,96,11.08203125,38.046875,150.3106692496465,152.3538677895538,150.30505733560017,50.21485197267002
20,16,444,plugin,128,11.08203125,44.796875,181.76027201708575,186.1384610616799,181.7546601030394,54.887860047686864
20,16,444,plugin,160,11.08203125,51.546875,210.6644595943995,217.89198554056915,210.65884768035315,59.50996232302252
20,16,444,plugin,192,11.08203125,58.296875,233.37532235297343,241.97746144109428,233.36971043892706,61.86312333194047
20,16,444,plugin,224,11.08203125,65.046875,251.56100224127812,260.75286919440146,251.55065368850777,63.014362901924144
20,16,444,plugin,256,11.08203125,71.796875,273.8823373666447,284.9288843643298,273.87198881387434,65.71444367719266
20,16,444,plugin,288,11.08203125,78.546875,292.8077547904223,305.3651054208575,292.7974062376519,67.8174122610361
20,16,444,plugin,320,11.08203125,85.296875,309.7531109036306,323.44101960944903,309.74276235086023,69.36875521404706
20,16,444,plugin,352,11.08203125,92.046875,325.8438273457319,340.6237986410506,325.8334787929615,70.82133542921153
20,16,444,plugin,384,11.08203125,98.796875,339.31906617190185,354.67551265543705,339.30871761913147,71.64948019489415
20,16,444,plugin,416,11.08203125,105.546875,355.53670618984927,371.92855333615927,355.5263576370789,72.9992467700107
20,16,444,plugin,448,11.08203125,112.296875,370.3873657705778,387.72210795315533,370.3770172178074,74.21400356627632
20,16,444,plugin,480,11.08203125,119.046875,385.0210303355806,403.30884013993335,385.0106817828102,75.4298840080997
20,16,444,plugin,512,11.08203125,125.796875,398.1551160486875,417.11970610401346,398.1447674959171,76.30187512285731
20,16,444,safe,32,14.8125,0.0,32.0,32.0,32.0,18.658487613034097
20,16,444,safe,64,29.625,0.0,61.150341417612246,61.89020876573673,61.144729503565884,24.57762225785679
20,16,444,safe,96,44.4375,0.0,82.29410175500318,83.91485246131384,82.28848984095681,27.65150593621043
20,16,444,safe,128,59.25,0.0,99.44803022394778,102.16030993588726,99.44241830990141,29.93569319289197
20,16,444,safe,160,74.0625,0.0,114.33550450545724,118.47079547236824,114.32989259141087,32.19117856185363
20,16,444,safe,192,88.875,0.0,127.61912509112415,132.66130753206286,127.61351317707778,33.67907841670138
20,16,444,safe,224,103.6875,0.0,139.7239702139799,145.0788498175715,139.71362166120954,34.417946344076896
20,16,444,safe,256,118.5,0.0,150.96419206973005,157.34976217491905,150.9538435169597,35.82037109973837
20,16,444,safe,288,133.3125,0.0,161.47378494425666,168.63992680829162,161.4634363914863,36.903888570785895
20,16,444,safe,320,148.125,0.0,171.37725457351732,179.17561910168217,171.36690602074697,37.78683308955745
20,16,444,safe,352,162.9375,0.0,180.77202915353766,189.15315092279437,180.7616806007673,38.58407047689154
20,16,444,safe,384,177.75,0.0,189.72238567819704,198.39705375921827,189.7120371254267,39.056882183266715
20,16,444,safe,416,192.5625,0.0,198.29708769864902,207.43276429118671,198.28673914587867,39.68042208269892
20,16,444,safe,448,207.375,0.0,206.53779840053866,216.17147328003446,206.5274498477683,40.32512311173895
20,16,444,safe,480,222.1875,0.0,214.47812575056196,224.5893567435096,214.4677771977916,40.9335788927967
20,16,444,safe,512,237.0,0.0,222.14903691971753,232.62857307504012,222.13868836694718,41.41988777800551
20,16,444,known,32,0.0,6.75,53.0,53.0,53.0,32.65691428096541
20,16,444,known,64,0.0,13.5,102.01322219552019,102.89020876573674,102.00761028147384,43.17237528830115
20,16,444,known,96,0.0,20.25,138.1952066695093,140.93360226433524,138.18959475546296,48.76882986604905
20,16,444,known,128,0.0,27.0,168.36371495863057,173.346761480849,168.35810304458423,53.08702675986756
20,16,444,known,160,0.0,33.75,196.33384296121616,204.06300573978962,196.32823104716982,57.43928437962428
20,16,444,known,192,0.0,40.5,218.55841700331828,227.63784729973494,218.55280508927194,59.71143623865334
20,16,444,known,224,0.0,47.25,236.47945953041946,246.13181568560432,236.46911097764914,60.829390904208616
20,16,444,known,256,0.0,54.0,258.36135958840384,269.82683332172985,258.3510110356335,63.43571162336697
20,16,444,known,288,0.0,60.75,277.00236220731153,289.94279700325575,276.9920136545412,65.47531613646981
20,16,444,known,320,0.0,67.5,293.7383835509123,307.78641899122647,293.728034998142,66.98930466903022
20,16,444,known,352,0.0,74.25,309.6484147691633,324.7663274793529,309.638066216393,68.40845644477824
20,16,444,known,384,0.0,81.0,323.01136720912314,338.69400989876425,323.0010186563528,69.21966082717944
20,16,444,known,416,0.0,87.75,339.05186625348097,355.7480716346132,339.04151770071064,70.53749369172435
20,16,444,known,448,0.0,94.5,353.76213276459254,371.3857901966924,353.7517842118222,71.72914278085645
20,16,444,known,480,0.0,101.25,368.263919876202,386.8253756538592,368.2535713234317,72.92224707378513
20,16,444,known,512,0.0,108.0,381.2985386642641,400.5273193814299,381.28819011149375,73.78069378100567
20,16,444,product,32,0.0,6.75,53.0,53.0,53.0,32.65691428096541
20,16,444,product,64,0.0,13.5,102.01322219552019,102.89020876573674,102.00761028147384,43.17237528830115
20,16,444,product,96,0.0,20.25,138.1952066695093,140.93360226433524,138.18959475546296,48.76882986604905
20,16,444,product,128,0.0,27.0,168.36371495863057,173.346761480849,168.35810304458423,53.08702675986756
20,16,444,product,160,0.0,33.75,196.33384296121616,204.06300573978962,196.32823104716982,57.43928437962428
20,16,444,product,192,0.0,40.5,218.55841700331828,227.63784729973494,218.55280508927194,59.71143623865334
20,16,444,product,224,0.0,47.25,236.47945953041946,246.13181568560432,236.46911097764914,60.829390904208616
20,16,444,product,256,0.0,54.0,258.36135958840384,269.82683332172985,258.3510110356335,63.43571162336697
20,16,444,product,288,0.0,60.75,277.00236220731153,289.94279700325575,276.9920136545412,65.47531613646981
20,16,444,product,320,0.0,67.5,293.7383835509123,307.78641899122647,293.728034998142,66.98930466903022
20,16,444,product,352,0.0,74.25,309.6484147691633,324.7663274793529,309.638066216393,68.40845644477824
20,16,444,product,384,0.0,81.0,323.01136720912314,338.69400989876425,323.0010186563528,69.21966082717944
20,16,444,product,416,0.0,87.75,339.05186625348097,355.7480716346132,339.04151770071064,70.53749369172435
20,16,444,product,448,0.0,94.5,353.76213276459254,371.3857901966924,353.7517842118222,71.72914278085645
20,16,444,product,480,0.0,101.25,368.263919876202,386.8253756538592,368.2535713234317,72.92224707378513
20,16,444,product,512,0.0,108.0,381.2985386642641,400.5273193814299,381.28819011149375,73.78069378100567
20,64,111,prefix,32,18.8125,29.0,64.0,64.0,64.0,23.411829744368404
20,64,111,prefix,64,37.625,58.0,128.0,127.9097881336141,127.9097881336141,50.0432253331937
20,64,111,prefix,96,46.59375,81.375,191.63960499480848,188.30365889295305,188.30365889295305,76.87865291688156
20,64,111,prefix,128,47.90625,100.375,244.6289901721382,239.55775267723342,239.18744484579057,97.52421719433215
20,64,111,prefix,160,49.21875,119.375,290.3274989575594,286.5137366352727,284.34603682169245,117.18969015970895
20,64,111,prefix,192,49.669921875,130.3359375,324.57290076943406,322.5502346139058,318.32165013608113,130.4975379662942
20,64,111,prefix,224,49.669921875,137.0859375,355.83457110234116,358.26411981929675,349.58332046898823,142.6721934129251
20,64,111,prefix,256,49.669921875,143.8359375,382.5661473660171,390.33378290518914,376.3148967326642,152.93319488451613
20,64,111,prefix,288,49.669921875,150.5859375,402.1911979716034,413.78360163706105,395.9399473382505,159.63223965007418
20,64,111,prefix,320,49.669921875,157.3359375,423.44667228228957,438.85902443743913,417.19542164893664,166.1210081479704
20,64,111,prefix,352,49.669921875,164.0859375,442.6416277955013,461.7577531915404,436.39037716214835,171.94195056960032
20,64,111,prefix,384,49.669921875,170.8359375,459.75999642652425,482.27546194690694,453.50874579317133,177.05195696691237
20,64,111,prefix,416,49.669921875,177.5859375,475.51008798864854,501.21049237427064,469.2588373552956,181.63377538648575
20,64,111,prefix,448,49.669921875,184.3359375,489.256553936566,517.039923461814,483.00530330321305,184.789254737986
20,64,111,prefix,480,49.669921875,191.0859375,504.73561775063627,534.640737797247,498.48436711728334,187.96670232895025
20,64,111,prefix,512,49.669921875,197.8359375,520.8077224359515,554.1469198480985,514.5564718025989,192.5469836475119
20,64,111,intersection,32,16.078125,27.4375,64.0,64.0,64.0,27.3376560253671
20,64,111,intersection,64,20.125,48.0,128.0,128.0,128.0,63.84022395134084
20,64,111,intersection,96,21.4375,67.0,191.85363965705577,190.82102067742036,190.82102067742036,93.84740634837601
20,64,111,intersection,128,22.75,86.0,247.03856724894214,244.1614509533856,243.7911431219428,111.53933044676192
20,64,111,intersection,160,24.0625,105.0,292.80668613818057,292.26323231863796,288.2902198112796,126.11540958798808
20,64,111,intersection,192,25.375,124.0,330.41986550427526,334.15379405445066,325.37264379211393,137.3239688287023
20,64,111,intersection,224,26.482421875,141.0859375,361.96652693713673,370.91765889036816,356.9193052249754,147.8673542158496
20,64,111,intersection,256,26.482421875,147.8359375,385.96860562288947,400.0451151436774,380.92138391072814,156.62567655196338
20,64,111,intersection,288,26.482421875,154.5859375,404.33428014869884,422.05796206502663,399.2870584365375,162.63780948980124
20,64,111,intersection,320,26.482421875,161.3359375,424.21623498424503,445.57989001871516,419.1690132720837,168.4861313722201
20,64,111,intersection,352,26.482421875,168.0859375,442.3868290725214,467.25748736538293,437.33960736036005,173.80221844145484
20,64,111,intersection,384,26.482421875,174.8359375,458.74898835943566,486.820616241762,453.7017666472743,178.50313328714682
20,64,111,intersection,416,26.482421875,181.5859375,473.9003140439621,504.96820066375636,468.8530923318008,182.7474544962119
20,64,111,intersection,448,26.482421875,188.3359375,487.2348489567767,520.2793585618475,482.1876272446154,185.70926979055082
20,64,111,intersection,480,26.482421875,195.0859375,502.18367637421153,537.2197991399347,497.1364546620502,188.66424004944358
20,64,111,intersection,512,26.482421875,201.8359375,517.690453071236,555.9742893054952,512.6432313590743,192.94234187840735
20,64,111,completed,32,10.609375,24.3125,64.0,64.0,64.0,30.978352744107287
20,64,111,completed,64,13.1875,41.53125,125.0,125.0,125.0,66.98923762378857
20,64,111,completed,96,15.34375,59.34375,186.85363965705577,186.45515395639865,186.45515395639865,95.32903904434451
20,64,111,completed,128,16.65625,78.34375,242.821401792834,241.459271014686,240.8444372264294,112.2805558702209
20,64,111,completed,160,17.96875,97.34375,288.7529923913591,289.7440522898874,284.8503462288515,126.42499995350789
20,64,111,completed,192,18.70703125,110.984375,321.4785316405325,326.53007277934415,316.9611762084325,136.77924052677804
20,64,111,completed,224,18.87109375,119.265625,348.9800493739243,359.13756206461477,344.46269394182434,146.43970838081617
20,64,111,completed,256,19.9375,135.96875,377.3174233978815,392.5918424272897,372.7963120908028,155.20376635200532
20,64,111,completed,288,19.9375,142.71875,395.49612368547537,414.38030399527855,390.9750123783967,161.1127827548743
20,64,111,completed,320,20.7578125,157.125,419.657576515697,442.2451742970823,415.1364652086183,167.10797454703413
20,64,111,completed,352,20.83984375,164.640625,438.2159801349753,464.2821535335735,433.69486882789664,172.37397975919544
20,64,111,completed,384,21.619140625,178.6640625,458.21452130712504,487.5116433850369,453.69251038783625,177.19346851385035
20,64,111,completed,416,21.66015625,185.796875,473.792537426905,506.0634411308647,469.27052650761624,181.41007241309867
20,64,111,completed,448,21.90625,194.84375,490.15317722047257,524.3891255672647,485.6296737665326,184.43102405237664
20,64,111,completed,480,21.90625,201.59375,505.00956951087284,541.2141512432177,500.4860660569329,187.3481612464955
20,64,111,completed,512,22.0703125,209.875,521.4032101782218,560.8223546226369,516.8797067242818,191.5741962527808
20,64,111,plugin,32,2.447265625,9.2578125,52.0,52.0,52.0,27.512756356490783
20,64,111,plugin,64,2.884765625,14.7578125,105.0,105.0,105.0,60.76172722652678
20,64,111,plugin,96,3.294921875,20.8359375,154.85363965705577,154.45515395639865,154.45515395639865,86.51878674622363
20,64,111,plugin,128,3.294921875,27.5859375,193.0020464069233,193.04007652890448,192.2032034771328,100.4979635151786
20,64,111,plugin,160,3.294921875,34.3359375,226.57937323237346,231.00702392277654,225.78053030258295,113.0873861083837
20,64,111,plugin,192,3.294921875,41.0859375,252.51552593854473,261.5809660985698,251.71668300875422,122.86782174277067
20,64,111,plugin,224,3.294921875,47.8359375,278.4643269171184,292.5765630167817,277.66548398732795,132.26929717127524
20,64,111,plugin,256,3.294921875,54.5859375,301.85774584056,320.9884211557567,301.0589029107696,140.67867627869927
20,64,111,plugin,288,3.294921875,61.3359375,319.9201664812632,342.636034616557,319.12132355147276,146.52358165693556
20,64,111,plugin,320,3.294921875,68.0859375,339.4525897911379,365.74918230146415,338.65374686134743,152.21040725721122
20,64,111,plugin,352,3.294921875,74.8359375,357.3522073473597,387.09656100309223,356.55336441756924,157.39493891160294
20,64,111,plugin,384,3.294921875,81.5859375,373.509113968286,406.39661168853104,372.71027103849553,161.98674360633615
20,64,111,plugin,416,3.294921875,88.3359375,388.4944230238324,424.32386735196945,387.69558009404193,166.1394310019054
20,64,111,plugin,448,3.294921875,95.0859375,401.7127773781048,439.48796106545103,400.91393444831436,169.04795636951604
20,64,111,plugin,480,3.294921875,101.8359375,416.5096771839063,456.23867131235966,415.71083425411587,171.94090329854103
20,64,111,plugin,512,3.294921875,108.5859375,431.8530653327173,474.7751982400835,431.0542224029268,176.13354194238437
20,64,111,safe,32,14.8125,0.0,32.0,32.0,32.0,11.681357200091622
20,64,111,safe,64,29.625,0.0,64.0,64.0,64.0,28.591014546208598
20,64,111,safe,96,44.4375,0.0,95.85363965705575,95.4551539563987,95.4551539563987,43.089897323962575
20,64,111,safe,128,59.25,0.0,120.49354605310498,120.06501095475716,119.69470312331438,51.73848410442918
20,64,111,safe,160,74.0625,0.0,139.31095520084136,140.6798120846313,138.5121122710508,58.29828506678404
20,64,111,safe,192,88.875,0.0,155.19800523435717,158.59602797870457,154.3991623045666,63.5118887560105
20,64,111,safe,224,103.6875,0.0,169.19248683865086,174.69736156515594,168.3936439088603,67.93454798432874
20,64,111,safe,256,118.5,0.0,181.85531476196394,189.71060651580584,181.05647183217337,72.07930533329247
20,64,111,safe,288,133.3125,0.0,193.5080091239683,203.4466556023122,192.70916619417773,75.60870725747387
20,64,111,safe,320,148.125,0.0,204.35430010129483,216.290949957616,203.55545717150426,78.80025383815861
20,64,111,safe,352,162.9375,0.0,214.53446592041587,228.37383423287793,213.7356229906253,81.70284367964247
20,64,111,safe,384,177.75,0.0,224.1758134665664,239.66068372321513,223.37697053677584,84.218602039931
20,64,111,safe,416,192.5625,0.0,233.336817497029,250.3400091603576,232.53797456723842,86.48575684453728
20,64,111,safe,448,207.375,0.0,242.0936827626313,260.1739644539914,241.29483983284072,88.22570417836322
20,64,111,safe,480,222.1875,0.0,250.49001338281346,269.42145208086276,249.6911704530229,89.66376412281734
20,64,111,safe,512,237.0,0.0,258.5609673977589,278.99507256300177,257.7621244679683,91.68447715863472
20,64,111,known,32,0.0,6.75,50.0,50.0,50.0,24.741667886137602
20,64,111,known,64,0.0,13.5,105.0,105.0,105.0,59.05362005310507
20,64,111,known,96,0.0,20.25,155.85363965705577,155.45515395639865,155.45515395639865,84.88876279641326
20,64,111,known,128,0.0,27.0,193.4732426834912,193.9639285413073,192.6743997537007,98.7090608613374
20,64,111,known,160,0.0,33.75,226.40965952135517,231.39070004330847,225.61081659156466,111.10704075550714
20,64,111,known,192,0.0,40.5,251.95923475537205,261.5299901907097,251.16039182558154,120.658289360652
20,64,111,known,224,0.0,47.25,277.53808511764106,292.09874087073626,276.73924218785055,129.84697956623708
20,64,111,known,256,0.0,54.0,300.66182285490055,320.18716662883844,299.86297992511004,138.10099327546877
20,64,111,known,288,0.0,60.75,318.58729809006223,341.6676657038011,317.7884551602717,143.87046227589346
20,64,111,known,320,0.0,67.5,337.9595408172741,364.59186410011483,337.1606978874836,149.48369287405598
20,64,111,known,352,0.0,74.25,355.73362010703596,385.7853670845254,354.93477717724545,154.60768628875135
20,64,111,known,384,0.0,81.0,371.7947174633946,404.96212237075,370.9958745336041,159.14892446234185
20,64,111,known,416,0.0,87.75,386.70203531103925,422.785632004604,385.90319238124874,163.25890908944947
20,64,111,known,448,0.0,94.5,399.8655233029118,437.88016691704826,399.0666803731213,166.14249576492895
20,64,111,known,480,0.0,101.25,414.5903196611714,454.54077882326055,413.7914767313809,169.0062957829286
20,64,111,known,512,0.0,108.0,429.85595220945237,472.97349880137216,429.05710927966186,173.15858565478456
20,64,111,product,32,0.0,6.75,50.0,50.0,50.0,24.741667886137602
20,64,111,product,64,0.0,13.5,105.0,105.0,105.0,59.05362005310507
20,64,111,product,96,0.0,20.25,155.85363965705577,155.45515395639865,155.45515395639865,84.88876279641326
20,64,111,product,128,0.0,27.0,193.4732426834912,193.9639285413073,192.6743997537007,98.7090608613374
20,64,111,product,160,0.0,33.75,226.40965952135517,231.39070004330847,225.61081659156466,111.10704075550714
20,64,111,product,192,0.0,40.5,251.95923475537205,261.5299901907097,251.16039182558154,120.658289360652
20,64,111,product,224,0.0,47.25,277.53808511764106,292.09874087073626,276.73924218785055,129.84697956623708
20,64,111,product,256,0.0,54.0,300.66182285490055,320.18716662883844,299.86297992511004,138.10099327546877
20,64,111,product,288,0.0,60.75,318.58729809006223,341.6676657038011,317.7884551602717,143.87046227589346
20,64,111,product,320,0.0,67.5,337.9595408172741,364.59186410011483,337.1606978874836,149.48369287405598
20,64,111,product,352,0.0,74.25,355.73362010703596,385.7853670845254,354.93477717724545,154.60768628875135
20,64,111,product,384,0.0,81.0,371.7947174633946,404.96212237075,370.9958745336041,159.14892446234185
20,64,111,product,416,0.0,87.75,386.70203531103925,422.785632004604,385.90319238124874,163.25890908944947
20,64,111,product,448,0.0,94.5,399.8655233029118,437.88016691704826,399.0666803731213,166.14249576492895
20,64,111,product,480,0.0,101.25,414.5903196611714,454.54077882326055,413.7914767313809,169.0062957829286
20,64,111,product,512,0.0,108.0,429.85595220945237,472.97349880137216,429.05710927966186,173.15858565478456
20,64,222,prefix,32,18.8125,29.0,64.0,64.0,64.0,18.722908121616364
20,64,222,prefix,64,37.625,58.0,128.0,127.05077678689747,127.05077678689747,41.840635194730616
20,64,222,prefix,96,44.40625,80.125,191.21925941381295,187.14789666402228,187.14789666402228,71.54157726237695
20,64,222,prefix,128,45.71875,99.125,244.38719905152854,239.92456785947624,239.06806737264733,95.6159149132258
20,64,222,prefix,160,47.03125,118.125,290.10683386578893,287.47409268346314,284.29395831877804,117.03338316794225
20,64,222,prefix,192,47.1953125,126.40625,321.7009210675775,321.69568514297663,315.75452209587223,130.16601616607244
20,64,222,prefix,224,47.1953125,133.15625,353.24955291061667,357.6176513587106,347.3031539389114,141.55403622636334
20,64,222,prefix,256,47.1953125,139.90625,380.0545924987566,389.93626031126416,374.10819352705136,152.12298474701896
20,64,222,prefix,288,47.1953125,146.65625,401.70784282618126,416.8600572448727,395.761443854476,160.8750406707627
20,64,222,prefix,320,47.1953125,153.40625,422.3278651079533,441.7550362723485,416.38146613624804,167.77054222420767
20,64,222,prefix,352,47.1953125,160.15625,440.89441355286726,463.79042155328153,434.948014581162,173.2315294061997
20,64,222,prefix,384,47.1953125,166.90625,458.3470902500917,484.3382896554732,452.40069127838643,178.01098494386585
20,64,222,prefix,416,47.1953125,173.65625,475.3233913440739,504.3479108991168,469.37699237236865,182.56802444814895
20,64,222,prefix,448,47.1953125,180.40625,491.49926639854795,523.8793289669435,485.5528674268427,187.2921812875531
20,64,222,prefix,480,47.1953125,187.15625,506.9250418135736,542.7956635593472,500.97864284186835,191.9712256441965
20,64,222,prefix,512,47.1953125,193.90625,520.9550108334034,559.9115159831657,515.0086118616981,196.03281796392298
20,64,222,intersection,32,16.625,27.75,64.0,64.0,64.0,18.722908121616364
20,64,222,intersection,64,17.9375,46.75,128.0,128.0,128.0,54.63536489398836
20,64,222,intersection,96,19.25,65.75,191.51017483088242,190.79229907876626,190.79229907876626,85.39691755190898
20,64,222,intersection,128,20.5625,84.75,246.37060326217437,245.32752799535598,244.4710275085271,106.41963185733916
20,64,222,intersection,160,21.875,103.75,292.41529322502856,294.22777128699806,289.37353565077456,122.47929605990629
20,64,222,intersection,192,22.3671875,115.09375,323.3590307532585,329.8573589398246,320.01200310511473,133.3846038479729
20,64,222,intersection,224,22.3671875,121.84375,350.7751542778015,361.95830338301573,347.42812662965775,142.81489689362428
20,64,222,intersection,256,22.3671875,128.59375,374.94996416500504,391.5278113835282,371.6029365168613,151.97612210920062
20,64,222,intersection,288,22.3671875,135.34375,395.0641543541384,416.71219274976255,391.71712670599464,159.8345057552001
20,64,222,intersection,320,22.3671875,142.09375,414.4867188584916,440.20269981781524,411.13969121034785,166.1104860673504
20,64,222,intersection,352,22.3671875,148.84375,432.17867894419834,461.18782400539044,428.8316512960546,171.14306622919452
20,64,222,intersection,384,22.3671875,155.59375,448.90812670101604,480.8760655389521,445.5610990528723,175.59669953489214
20,64,222,intersection,416,22.3671875,162.34375,465.229771664322,500.1312567212278,461.88274401617826,179.8895914837492
20,64,222,intersection,448,22.3671875,169.09375,480.8387736103912,518.9676497347251,477.4917459622474,184.34772813999456
20,64,222,intersection,480,22.3671875,175.84375,495.7779067666487,537.2321875751094,492.43087911850495,188.75450266249493
20,64,222,intersection,512,22.3671875,182.59375,509.4307686104923,553.8340614750886,506.08374096234854,192.60513480308495
20,64,222,completed,32,8.96875,23.375,64.0,64.0,64.0,23.91007685138987
20,64,222,completed,64,12.8125,38.8125,122.0,122.0,122.0,55.96309229708225
20,64,222,completed,96,15.8125,55.4375,181.71462045033695,181.3853008456105,181.3853008456105,82.90661388702296
20,64,222,completed,128,16.6328125,69.84375,234.15842537911996,233.78119230897485,232.8885621960978,101.36003224934781
20,64,222,completed,160,17.6171875,85.78125,279.4163502251403,282.1399212269971,277.0800995784273,117.16131673510195
20,64,222,completed,192,17.86328125,94.828125,309.51437671810305,316.8750538281893,306.8241119811333,127.9757010971127
20,64,222,completed,224,18.2734375,105.40625,340.04999998262,352.0701959765563,337.3201156754565,137.44637425972317
20,64,222,completed,256,18.2734375,112.15625,364.22480986982356,381.6397039770688,361.49492556266006,146.6075994752995
20,64,222,completed,288,18.4375,120.4375,386.127295980859,408.621262849697,383.3974116736955,154.4786413491471
20,64,222,completed,320,18.4375,127.1875,405.5498604852122,432.1117699177497,402.8199761780487,160.7546216612974
20,64,222,completed,352,18.560546875,135.0859375,423.24182057091895,453.0968941053249,420.51193626375544,165.78720182314152
20,64,222,completed,384,18.84765625,144.515625,442.89338655545754,475.7580963386112,440.16350224829404,170.31284092204683
20,64,222,completed,416,18.84765625,151.265625,459.2150315187635,495.01328752088693,456.4851472116,174.6057328709039
20,64,222,completed,448,19.421875,163.375,478.2211856628117,517.2776454186956,475.4913013556482,179.12176586397857
20,64,222,completed,480,19.421875,170.125,493.16031881906923,535.5421832590798,490.43043451190573,183.52854038647894
20,64,222,completed,512,19.5859375,178.40625,507.911563542577,553.2424400387232,505.1816792354135,187.37917252706896
20,64,222,plugin,32,1.298828125,7.7890625,46.0,46.0,46.0,22.556107519208464
20,64,222,plugin,64,1.736328125,13.2890625,100.0,100.0,100.0,55.59077258287299
20,64,222,plugin,96,1.96875,19.375,148.71462045033695,148.3981386848665,148.3981386848665,81.8671902516697
20,64,222,plugin,128,1.96875,26.125,189.07488977025048,189.7748370059026,188.68076341032594,98.872179678216
20,64,222,plugin,160,1.96875,32.875,223.325970666712,229.30681605011043,222.93184430678747,113.06990846744789
20,64,222,plugin,192,1.96875,39.625,248.86773800514976,259.8269103968939,248.47361164522522,123.23500979693155
20,64,222,plugin,224,1.96875,46.375,275.4715549579311,291.05099333615124,275.0774285980065,132.24995222047997
20,64,222,plugin,256,1.96875,53.125,299.0692809008243,319.9609397650035,298.6751545408997,141.08749071181066
20,64,222,plugin,288,1.96875,59.875,318.8222206426505,344.7105139803323,318.4280942827259,148.73050970258072
20,64,222,plugin,320,1.96875,66.625,337.9445515102627,367.8378017882145,337.5504251503381,154.85207336847927
20,64,222,plugin,352,1.96875,73.375,355.40874798953826,388.54429924829236,355.01462162961366,159.77484564346415
20,64,222,plugin,384,1.96875,80.125,371.9452302265805,408.0000188672632,371.5511038666559,164.14319740958643
20,64,222,plugin,416,1.96875,86.875,388.08904004130414,427.0477081649003,387.69491368137955,168.3656599268811
20,64,222,plugin,448,1.96875,93.625,403.5417205243654,445.6906707734113,403.1475941644408,172.7517081026471
20,64,222,plugin,480,1.96875,100.375,418.3447104340935,463.7720649619062,417.9505840741689,177.08374615936833
20,64,222,plugin,512,1.96875,107.125,431.89080967621413,480.2281699788827,431.49668331628953,180.87585872270708
20,64,222,safe,32,14.8125,0.0,32.0,32.0,32.0,12.933560621661565
20,64,222,safe,64,29.625,0.0,64.0,64.0,64.0,28.72454099109469
20,64,222,safe,96,44.4375,0.0,95.71462045033695,95.39813868486645,95.39813868486645,43.434220526443376
20,64,222,safe,128,59.25,0.0,120.31246287899845,120.7748370059026,119.91833651907379,52.8496486295876
20,64,222,safe,160,74.0625,0.0,139.17141050510466,141.95741850986497,138.77728414518,59.97722996603075
20,64,222,safe,192,88.875,0.0,155.06735374138293,160.582671624876,154.67322738145828,65.89987087619487
20,64,222,safe,224,103.6875,0.0,169.0840418827749,176.64558394209203,168.68991552285024,70.28410883527788
20,64,222,safe,256,118.5,0.0,181.74332212689524,191.9875597077161,181.34919576697058,74.75759699921572
20,64,222,safe,288,133.3125,0.0,193.40358682714503,206.510242729503,193.00946046722038,79.07363285867763
20,64,222,safe,320,148.125,0.0,204.2603145663303,219.60828979855256,203.86618820640564,82.51893215310821
20,64,222,safe,352,162.9375,0.0,214.4486081189135,231.59062881580834,214.05448175898886,85.32097673658599
20,64,222,safe,384,177.75,0.0,224.08913741521232,242.92584628409307,223.69501105528767,87.88510307482201
20,64,222,safe,416,192.5625,0.0,233.2527234499075,253.93141641581911,232.85859708998285,90.4785025740119
20,64,222,safe,448,207.375,0.0,242.0114484109056,264.5939169553167,241.61732205098093,93.04699515370166
20,64,222,safe,480,222.1875,0.0,250.41579789753206,274.7048795802316,250.0216715376074,95.34853009619906
20,64,222,safe,512,237.0,0.0,258.5019560179291,284.3516094218621,258.1078296580045,97.44235249150788
20,64,222,known,32,0.0,6.75,47.0,47.0,47.0,22.19117522927617
20,64,222,known,64,0.0,13.5,102.0,102.0,102.0,55.67086414182429
20,64,222,known,96,0.0,20.25,150.71462045033695,150.3981386848665,150.3981386848665,81.92694423693186
20,64,222,known,128,0.0,27.0,190.59375906099618,191.7748370059026,190.1996327010716,98.59319167699513
20,64,222,known,160,0.0,33.75,224.15511798123447,230.8241601710649,223.7609916213099,112.43425577084213
20,64,222,known,192,0.0,40.5,249.380186019706,261.00677243459046,248.98605965978143,122.42258700361133
20,64,222,known,224,0.0,47.25,275.66766515054366,291.8802779822808,275.27353879061906,131.27416243390584
20,64,222,known,256,0.0,54.0,299.03538413401435,320.52202550026834,298.64125777408975,139.98178684663006
20,64,222,known,288,0.0,60.75,318.6420201702432,345.09285446501684,318.2478938103186,147.53728012251906
20,64,222,known,320,0.0,67.5,337.64069715764583,368.06939342334556,337.24657079772123,153.5954988650286
20,64,222,known,352,0.0,74.25,355.01011859191976,388.65940467552,354.61599223199516,158.47286604462164
20,64,222,known,384,0.0,81.0,371.4657569747589,408.01735968550577,371.0716306148343,162.8057387602769
20,64,222,known,416,0.0,87.75,387.53467572401166,426.9773697639205,387.14054936408706,166.99874016154314
20,64,222,known,448,0.0,94.5,402.9212343287487,445.53831156515537,402.5271079688241,171.35448588103995
20,64,222,known,480,0.0,101.25,417.6663894247608,463.5418225464848,417.2722630648362,175.65498523197513
20,64,222,known,512,0.0,108.0,431.1669713753976,479.9357604733419,430.772845015473,179.422322596505
20,64,222,product,32,0.0,6.75,47.0,47.0,47.0,22.19117522927617
20,64,222,product,64,0.0,13.5,102.0,102.0,102.0,55.67086414182429
20,64,222,product,96,0.0,20.25,150.71462045033695,150.3981386848665,150.3981386848665,81.92694423693186
20,64,222,product,128,0.0,27.0,190.59375906099618,191.7748370059026,190.1996327010716,98.59319167699513
20,64,222,product,160,0.0,33.75,224.15511798123447,230.8241601710649,223.7609916213099,112.43425577084213
20,64,222,product,192,0.0,40.5,249.380186019706,261.00677243459046,248.98605965978143,122.42258700361133
20,64,222,product,224,0.0,47.25,275.66766515054366,291.8802779822808,275.27353879061906,131.27416243390584
20,64,222,product,256,0.0,54.0,299.03538413401435,320.52202550026834,298.64125777408975,139.98178684663006
20,64,222,product,288,0.0,60.75,318.6420201702432,345.09285446501684,318.2478938103186,147.53728012251906
20,64,222,product,320,0.0,67.5,337.64069715764583,368.06939342334556,337.24657079772123,153.5954988650286
20,64,222,product,352,0.0,74.25,355.01011859191976,388.65940467552,354.61599223199516,158.47286604462164
20,64,222,product,384,0.0,81.0,371.4657569747589,408.01735968550577,371.0716306148343,162.8057387602769
20,64,222,product,416,0.0,87.75,387.53467572401166,426.9773697639205,387.14054936408706,166.99874016154314
20,64,222,product,448,0.0,94.5,402.9212343287487,445.53831156515537,402.5271079688241,171.35448588103995
20,64,222,product,480,0.0,101.25,417.6663894247608,463.5418225464848,417.2722630648362,175.65498523197513
20,64,222,product,512,0.0,108.0,431.1669713753976,479.9357604733419,430.772845015473,179.422322596505
20,64,333,prefix,32,18.8125,29.0,64.0,64.0,64.0,26.402291079960833
20,64,333,prefix,64,37.625,58.0,128.0,127.92635715427264,127.92635715427264,52.05427200504785
20,64,333,prefix,96,45.5,80.75,191.73620309271607,187.70220034569613,187.70220034569613,76.0481106098223
20,64,333,prefix,128,46.8125,99.75,245.93648583015855,241.89869565445966,240.6743014355414,101.95003284277628
20,64,333,prefix,160,48.125,118.75,292.14017588608664,291.5553868892892,286.75320775467776,124.53838383055589
20,64,333,prefix,192,49.4375,137.75,332.95488631213306,337.3414837583516,327.5664791991671,140.3879340567173
20,64,333,prefix,224,50.75,156.75,367.6124067682351,377.63040796099966,362.2239996552691,152.24602943054845
20,64,333,prefix,256,52.0625,175.75,398.2897651489774,413.7170197160764,392.9013580360114,162.07643024960026
20,64,333,prefix,288,53.375,194.75,427.0235555770828,447.0983341935491,421.6351484641168,170.43544397267954
20,64,333,prefix,320,54.6875,213.75,453.42696825339283,477.69736219394247,448.02174051014106,177.61074165925933
20,64,333,prefix,352,56.0,232.75,478.2598109827511,506.90759403847846,472.85458323949933,184.50449015764823
20,64,333,prefix,384,56.65625,245.625,498.7799298050349,531.238704483385,493.3747020617831,190.22221393091306
20,64,333,prefix,416,56.65625,252.375,514.783127953969,550.926124470215,509.3779002107173,195.341307882786
20,64,333,prefix,448,56.65625,259.125,530.7602103780364,570.0733808204037,525.3549826347846,199.7643708725019
20,64,333,prefix,480,56.65625,265.875,546.068812827165,588.4787103431245,540.6635850839132,204.00543466819317
20,64,333,prefix,512,56.65625,272.625,560.7904752153581,606.3372899887388,555.3852474721064,208.1999187455555
20,64,333,intersection,32,18.8125,29.0,64.0,64.0,64.0,26.402291079960833
20,64,333,intersection,64,23.953125,50.1875,128.0,128.0,128.0,60.754605668716955
20,64,333,intersection,96,25.265625,69.1875,191.73620309271607,189.71889971633985,189.71889971633985,88.94604143613907
20,64,333,intersection,128,26.578125,88.1875,246.33264423689178,244.7657343266332,243.54134010771497,113.32685913975396
20,64,333,intersection,160,27.890625,107.1875,293.07672763848956,295.3354406114274,290.0609454225327,132.6092818422453
20,64,333,intersection,192,29.203125,126.1875,331.9131478979473,340.4212206459596,328.8496981580819,146.99131879522045
20,64,333,intersection,224,30.515625,145.1875,365.72911524159827,379.79078052544213,362.63011131396325,158.14552292921164
20,64,333,intersection,256,31.828125,164.1875,396.2171751471042,415.56920119123106,393.11817121946916,167.68320525824097
20,64,333,intersection,288,33.140625,183.1875,424.3808442573656,448.2208739075379,421.2818403297306,175.66564277146455
20,64,333,intersection,320,34.453125,202.1875,450.5450745899335,478.4199600573902,447.4128344800072,182.55336202928603
20,64,333,intersection,352,35.765625,221.1875,475.07994211831283,507.1618985827235,471.9460889387313,189.14545882577758
20,64,333,intersection,384,36.873046875,238.2734375,497.064637434696,532.8284370498961,493.92976496643064,194.783489366477
20,64,333,intersection,416,36.873046875,245.0234375,512.6939983566771,552.0239773005565,509.55912588841164,199.68810115031425
20,64,333,intersection,448,36.873046875,251.7734375,528.3198141492944,570.7245526208974,525.184941681029,203.93983046623546
20,64,333,intersection,480,36.873046875,258.5234375,543.3185937993726,588.7400083723438,540.1837213311072,208.03467041333445
20,64,333,intersection,512,36.873046875,265.2734375,557.7645269097977,606.2347101374237,554.6296544415324,212.0828807841156
20,64,333,completed,32,7.328125,22.4375,64.0,64.0,64.0,32.693792030775626
20,64,333,completed,64,13.28125,34.90625,117.0,117.0,117.0,61.48901217924556
20,64,333,completed,96,20.078125,46.1875,167.73620309271607,166.5409164228485,166.5409164228485,81.934998926285
20,64,333,completed,128,21.390625,65.1875,223.94886460424874,223.0023011215663,221.77790690264803,102.17961935620475
20,64,333,completed,160,22.703125,84.1875,272.87050921204985,275.699575378833,270.0546904339475,121.19707596982015
20,64,333,completed,192,24.015625,103.1875,313.89845821814254,322.483720954084,310.5413485124716,135.89663721516047
20,64,333,completed,224,25.328125,122.1875,349.7270349598711,363.4248373617963,346.02575225325484,147.40958319829758
20,64,333,completed,256,26.640625,141.1875,381.9234415899293,400.79287871778155,378.22215888331306,157.46829076523753
20,64,333,completed,288,27.953125,160.1875,410.9387286278067,434.198972074688,407.23744592119044,165.6753054493082
20,64,333,completed,320,29.265625,179.1875,437.94250164882914,465.1028860284225,434.13980002776594,172.66529967857358
20,64,333,completed,352,30.578125,198.1875,463.0348503405299,494.3203812979321,459.1962578329522,179.29669926698878
20,64,333,completed,384,31.357421875,212.2109375,483.6372156890201,518.5600800044864,479.7921719388753,184.8033359430534
20,64,333,completed,416,31.931640625,224.3203125,501.86799903274994,540.3697133768084,498.02209785857,189.8369686112408
20,64,333,completed,448,32.30078125,234.515625,519.1444990921075,560.6915377618343,515.2839786806877,194.09391490691283
20,64,333,completed,480,32.505859375,243.1796875,534.9236184027984,579.4807008956506,531.0630979913786,198.17872854310312
20,64,333,completed,512,32.546875,250.3125,549.7358238462481,597.3279018363604,545.8753034348283,202.2045267384222
20,64,333,plugin,32,2.556640625,9.9453125,53.0,53.0,53.0,28.532307681791277
20,64,333,plugin,64,2.994140625,15.4453125,103.0,103.0,103.0,58.917197068587846
20,64,333,plugin,96,3.828125,27.3125,159.73620309271607,158.5409164228485,158.5409164228485,84.57571525057932
20,64,333,plugin,128,3.828125,34.0625,205.70719131995696,205.92423933867835,204.1727922858052,104.04510997992996
20,64,333,plugin,160,4.56640625,47.703125,246.8636282738542,253.74584709763144,245.32922923970244,120.78212811745135
20,64,333,plugin,192,4.56640625,54.453125,274.7682331277039,288.0240429946207,273.23383409355216,132.9627356514647
20,64,333,plugin,224,4.6484375,61.96875,299.03891269979965,317.62955791650427,297.5045136656479,142.16388895271623
20,64,333,plugin,256,4.6484375,68.71875,319.0430969967783,341.93679086527345,317.5086979626265,149.23518507525677
20,64,333,plugin,288,4.6484375,75.46875,340.3168028964198,367.14029750477823,338.78240386226804,155.66303438449177
20,64,333,plugin,320,4.6484375,82.21875,358.8638578344862,389.59722196790443,357.32945880033446,161.5953876120373
20,64,333,plugin,352,4.6484375,88.96875,377.16519850215167,411.9617443474911,375.6307994679999,167.47828360880865
20,64,333,plugin,384,4.6484375,95.71875,393.24786118023076,431.58791352690616,391.713462146079,172.45460382388836
20,64,333,plugin,416,4.6484375,102.46875,408.5918347740317,450.4048063798248,407.05743573987996,177.19802377229163
20,64,333,plugin,448,4.6484375,109.21875,423.94500420260147,468.7569735630157,422.4106051684497,181.3192992156717
20,64,333,plugin,480,4.6484375,115.96875,438.7007685768087,486.46519091530007,437.1663695426569,185.30146886875517
20,64,333,plugin,512,4.6484375,122.71875,452.9284647518488,503.67095966812803,451.39406571769706,189.23583301350192
20,64,333,safe,32,14.8125,0.0,32.0,32.0,32.0,13.363906638390231
20,64,333,safe,64,29.625,0.0,64.0,64.0,64.0,29.022056202608237
20,64,333,safe,96,44.4375,0.0,95.73620309271611,94.54091642284853,94.54091642284853,41.645249817760345
20,64,333,safe,128,59.25,0.0,120.23424415391199,119.92423933867836,118.69984511976011,51.06730251569828
20,64,333,safe,160,74.0625,0.0,139.08167731354575,142.29743177601227,137.54727827939388,59.38549478551289
20,64,333,safe,192,88.875,0.0,154.99228577903338,161.97631010174473,153.4578867448815,66.36176090639849
20,64,333,safe,224,103.6875,0.0,169.02448361219575,179.2129184657043,167.49008457804388,71.91969491222491
20,64,333,safe,256,118.5,0.0,181.69262732553128,194.42804071557669,180.1582282913794,76.2663295604111
20,64,333,safe,288,133.3125,0.0,193.34255957562235,208.07614784985805,191.80816054147047,79.70778953236746
20,64,333,safe,320,148.125,0.0,204.1758424535845,221.20040642192876,202.64144341943262,83.17930032981924
20,64,333,safe,352,162.9375,0.0,214.36523394365625,233.57583233605342,212.83083490950438,86.37443181016583
20,64,333,safe,384,177.75,0.0,223.99878529704398,245.19388208482331,222.4643862628921,89.22139042888708
20,64,333,safe,416,192.5625,0.0,233.16830176972366,256.29275322592065,231.63390273557178,91.90809093744825
20,64,333,safe,448,207.375,0.0,241.92755835969785,266.7045490277,240.39315932554598,94.22587877941993
20,64,333,safe,480,222.1875,0.0,250.3279477602973,276.80981209076685,248.79354872614542,96.52171416006928
20,64,333,safe,512,237.0,0.0,258.4160657716861,286.46543840123206,256.8816667375343,98.62443302421269
20,64,333,known,32,0.0,6.75,49.0,49.0,49.0,27.788397425381017
20,64,333,known,64,0.0,13.5,100.0,100.0,100.0,59.109763777571885
20,64,333,known,96,0.0,20.25,149.73620309271607,148.5409164228485,148.5409164228485,82.96020307460233
20,64,333,known,128,0.0,27.0,195.610596871463,195.92423933867835,194.07619783731124,102.28437005653295
20,64,333,known,160,0.0,33.75,230.2138634763812,237.4226022136302,228.67946444222943,118.34567090751537
20,64,333,known,192,0.0,40.5,257.836445446786,271.4140345448024,256.30204641263424,130.37586931887378
20,64,333,known,224,0.0,47.25,280.94346376521264,299.83292166363185,279.4090647310609,139.48658168468404
20,64,333,known,256,0.0,54.0,300.84034463726067,324.0096474052225,299.3059456031089,146.49782510201464
20,64,333,known,288,0.0,60.75,321.99506574133466,349.07044629105934,320.4606667071829,152.86729746841533
20,64,333,known,320,0.0,67.5,340.4571697328059,371.4241600277129,338.9227706986541,158.75670664362943
20,64,333,known,352,0.0,74.25,358.6791947665235,393.6882128432332,357.14479573237173,164.59707766560223
20,64,333,known,384,0.0,81.0,374.70560678725036,413.24086505256076,373.1712077530986,169.54256463858258
20,64,333,known,416,0.0,87.75,390.0001673488062,431.99196058377754,388.46576831465444,174.25833554583625
20,64,333,known,448,0.0,94.5,405.30574217504244,450.2831804429139,403.7713431408907,178.35708664574832
20,64,333,known,480,0.0,101.25,420.0188619062667,467.93737205034984,418.48446287211493,182.31968417183353
20,64,333,known,512,0.0,108.0,434.20808704954777,485.0921386273627,432.673688015396,186.23416991343652
20,64,333,product,32,0.0,6.75,49.0,49.0,49.0,27.788397425381017
20,64,333,product,64,0.0,13.5,100.0,100.0,100.0,59.109763777571885
20,64,333,product,96,0.0,20.25,149.73620309271607,148.5409164228485,148.5409164228485,82.96020307460233
20,64,333,product,128,0.0,27.0,195.610596871463,195.92423933867835,194.07619783731124,102.28437005653295
20,64,333,product,160,0.0,33.75,230.2138634763812,237.4226022136302,228.67946444222943,118.34567090751537
20,64,333,product,192,0.0,40.5,257.836445446786,271.4140345448024,256.30204641263424,130.37586931887378
20,64,333,product,224,0.0,47.25,280.94346376521264,299.83292166363185,279.4090647310609,139.48658168468404
20,64,333,product,256,0.0,54.0,300.84034463726067,324.0096474052225,299.3059456031089,146.49782510201464
20,64,333,product,288,0.0,60.75,321.99506574133466,349.07044629105934,320.4606667071829,152.86729746841533
20,64,333,product,320,0.0,67.5,340.4571697328059,371.4241600277129,338.9227706986541,158.75670664362943
20,64,333,product,352,0.0,74.25,358.6791947665235,393.6882128432332,357.14479573237173,164.59707766560223
20,64,333,product,384,0.0,81.0,374.70560678725036,413.24086505256076,373.1712077530986,169.54256463858258
20,64,333,product,416,0.0,87.75,390.0001673488062,431.99196058377754,388.46576831465444,174.25833554583625
20,64,333,product,448,0.0,94.5,405.30574217504244,450.2831804429139,403.7713431408907,178.35708664574832
20,64,333,product,480,0.0,101.25,420.0188619062667,467.93737205034984,418.48446287211493,182.31968417183353
20,64,333,product,512,0.0,108.0,434.20808704954777,485.0921386273627,432.673688015396,186.23416991343652
20,64,444,prefix,32,18.8125,29.0,64.0,64.0,64.0,36.35678282118927
20,64,444,prefix,64,37.625,58.0,128.0,127.76507182113255,127.76507182113255,64.76682196412658
20,64,444,prefix,96,49.328125,82.9375,191.75571193754013,186.49869350293142,186.49869350293142,88.13580116255208
20,64,444,prefix,128,50.640625,101.9375,245.77599103800597,239.128919369396,238.50142351548274,111.41300520193504
20,64,444,prefix,160,51.501953125,116.7265625,291.0049112396047,286.8795554087957,283.2437094807521,133.80415074411331
20,64,444,prefix,192,51.501953125,123.4765625,323.7191164005833,323.33869580570365,315.95791464173067,148.28784895780933
20,64,444,prefix,224,51.501953125,130.2265625,346.9378032267466,349.40663568317217,339.176601467894,155.51100108318983
20,64,444,prefix,256,51.501953125,136.9765625,374.85643193877974,381.58770923725433,367.0952301799271,164.40438034452302
20,64,444,prefix,288,51.501953125,143.7265625,397.9666590085259,410.0547578680994,390.20545724967326,173.38969346398721
20,64,444,prefix,320,51.501953125,150.4765625,417.99252892641283,434.93314028655,410.2313271675602,180.8966314969491
20,64,444,prefix,352,51.501953125,157.2265625,436.4248486513377,457.73820668882007,428.6636468924851,187.25094968872128
20,64,444,prefix,384,51.501953125,163.9765625,451.4985241522189,475.9894047932491,443.7373223933663,191.83008061400648
20,64,444,prefix,416,51.501953125,170.7265625,469.63869980154425,497.84942210864426,461.8774980426916,197.09716927897077
20,64,444,prefix,448,51.501953125,177.4765625,486.1160549610293,518.0258866426587,478.3548532021767,202.15493531674738
20,64,444,prefix,480,51.501953125,184.2265625,502.312112410765,538.0705847260195,494.5509106519124,207.3289322726689
20,64,444,prefix,512,51.501953125,190.9765625,516.6792634514176,555.6100630469616,508.9180616925648,211.5499545930248
20,64,444,intersection,32,18.8125,29.0,64.0,64.0,64.0,36.35678282118927
20,64,444,intersection,64,20.125,48.0,128.0,128.0,128.0,73.03555985736539
20,64,444,intersection,96,21.4375,67.0,191.75571193754013,189.7810569663144,189.7810569663144,101.20453929040173
20,64,444,intersection,128,22.75,86.0,246.67455764975134,243.52204775305643,242.89455189914318,121.83974225145683
20,64,444,intersection,160,23.2421875,97.34375,288.0040763142349,289.3340210162677,283.8918231670701,139.1816995067828
20,64,444,intersection,192,23.2421875,104.09375,316.30968498536237,323.493265723047,312.19743183819753,151.26635512741896
20,64,444,intersection,224,23.2421875,110.84375,337.60912219685196,347.78766969908355,333.4968690496871,157.74221673733956
20,64,444,intersection,256,23.2421875,117.59375,362.950005271067,377.30913988773557,358.8377521239022,165.48883686911756
20,64,444,intersection,288,23.2421875,124.34375,384.3837044946961,403.92614364226625,380.27145134753124,173.57700012824725
20,64,444,intersection,320,23.2421875,131.09375,403.29546116673,427.46123723020514,399.18320801956514,180.4404315581843
20,64,444,intersection,352,23.2421875,137.84375,420.8918954341474,449.16997489366753,416.77964228698255,186.29198910707726
20,64,444,intersection,384,23.2421875,144.59375,435.4751820235171,466.7613460654001,431.36292887635227,190.57993358898764
20,64,444,intersection,416,23.2421875,151.34375,452.8840382483723,487.6367814248435,448.77178510120746,195.428115579674
20,64,444,intersection,448,23.2421875,158.09375,468.78458048444855,507.0351614937072,464.6723273372837,200.14967429257086
20,64,444,intersection,480,23.2421875,164.84375,484.4421980930299,526.3622408351105,480.32994494586507,205.01442273852103
20,64,444,intersection,512,23.2421875,171.59375,498.4143045595272,543.3753063510766,494.30205141236235,209.01869329406503
20,64,444,completed,32,12.796875,25.5625,64.0,64.0,64.0,37.87899454708521
20,64,444,completed,64,14.109375,44.5625,128.0,128.0,128.0,74.58261832180125
20,64,444,completed,96,15.421875,63.5625,191.80469769449405,190.15247817188472,190.15247817188472,102.68299755261756
20,64,444,completed,128,16.48828125,80.265625,244.64190798845152,242.05860935819192,241.40662062580168,122.39506343121408
20,64,444,completed,160,17.390625,95.4375,288.6594965574438,291.06368934565813,284.8559598373577,139.29194891566286
20,64,444,completed,192,17.47265625,102.953125,317.15724736341855,325.4633271491298,313.3537106433325,151.18019898628367
20,64,444,completed,224,17.63671875,111.234375,339.55390397400515,350.8723628050953,335.7503672539191,157.6237487816009
20,64,444,completed,256,18.416015625,125.2578125,367.7859634952316,383.33625790700114,363.98242677514554,165.41197741957612
20,64,444,completed,288,18.5390625,133.15625,389.6502751403566,410.3551270823635,385.8467384202705,173.4128857202919
20,64,444,completed,320,18.8671875,142.96875,412.03319649591634,437.3171925286616,408.20809975285863,180.25280846093236
20,64,444,completed,352,18.8671875,149.71875,429.5298540520055,458.8932410172982,425.70475730894776,186.0451317644755
20,64,444,completed,384,18.990234375,157.6171875,445.20319503989873,477.5534127258504,441.378098296841,190.29823080709124
20,64,444,completed,416,18.990234375,164.3671875,462.5215306441405,498.30637772873905,458.6964339010828,195.09553441257282
20,64,444,completed,448,18.990234375,171.1171875,478.3497819606731,517.6067481428815,474.5246852176154,199.77563645546823
20,64,444,completed,480,18.990234375,177.8671875,493.9392506305444,536.8424976538092,490.1141538874867,204.60179360408353
20,64,444,completed,512,18.990234375,184.6171875,507.86079643555615,553.7879612154013,504.03569969249844,208.57874743504325
20,64,444,plugin,32,9.890625,9.71875,47.0,47.0,47.0,32.68683317855589
20,64,444,plugin,64,10.328125,15.21875,96.0,96.0,96.0,64.25785124773354
20,64,444,plugin,96,11.544921875,28.9921875,153.80469769449405,152.8787885862338,152.8787885862338,90.02769138080761
20,64,444,plugin,128,11.626953125,35.5078125,197.39596584811082,196.84480796330217,196.21731210938893,108.2706958726046
20,64,444,plugin,160,12.283203125,48.3828125,241.98483112219162,246.58765817081968,240.80617738346973,125.53723759969289
20,64,444,plugin,192,12.365234375,55.8984375,271.171913081075,281.6372918126633,269.9932593423531,137.65881451170367
20,64,444,plugin,224,12.529296875,64.1796875,294.4233781533905,307.8833783861711,293.2447244146686,144.2477094108876
20,64,444,plugin,256,13.30859375,78.203125,324.6948659390315,342.329277857037,323.5162122003096,152.42152703784743
20,64,444,plugin,288,13.431640625,86.1015625,347.08151499079764,369.8918495179415,345.90286125207575,160.51854987706008
20,64,444,plugin,320,13.71875,95.53125,370.7182697308243,398.12815362675866,369.50783280396155,167.4581001181835
20,64,444,plugin,352,13.71875,102.28125,388.2893764470976,419.80324187210675,387.0789395202348,173.29460174247902
20,64,444,plugin,384,13.759765625,109.4140625,403.7454853654499,438.2620593958104,402.5350484385871,177.57370024974114
20,64,444,plugin,416,13.759765625,116.1640625,421.131428681422,459.1065048990768,419.9209917545592,182.40898147580018
20,64,444,plugin,448,13.759765625,122.9140625,437.0136906585826,478.48011006089524,435.80325373171985,187.1200413329325
20,64,444,plugin,480,13.759765625,129.6640625,452.654089202666,497.78412269047215,451.44365227580323,191.9750262037944
20,64,444,plugin,512,13.759765625,136.4140625,466.6134323342014,514.7801271973143,465.4029954073386,195.97239131524347
20,64,444,safe,32,14.8125,0.0,32.0,32.0,32.0,21.955880797603506
20,64,444,safe,64,29.625,0.0,64.0,64.0,64.0,40.60937062753263
20,64,444,safe,96,44.4375,0.0,95.80469769449407,94.8787885862338,94.8787885862338,54.35034971406912
20,64,444,safe,128,59.25,0.0,120.39596584811092,119.8448079633022,119.21731210938896,63.35509887324561
20,64,444,safe,160,74.0625,0.0,139.2069959757847,141.6641881651063,138.02834223706273,71.11947890753041
20,64,444,safe,192,88.875,0.0,155.12136563392016,161.1336833319017,153.9427118951982,77.88636186947888
20,64,444,safe,224,103.6875,0.0,169.1537205299214,177.23376183071352,167.97506679119942,82.3077660101576
20,64,444,safe,256,118.5,0.0,181.81601015915493,191.97791826002515,180.63735642043295,86.18343483778308
20,64,444,safe,288,133.3125,0.0,193.44137133522423,206.55652863039396,192.26271759650226,90.5553980458269
20,64,444,safe,320,148.125,0.0,204.30009416833488,219.99800112178724,203.1214404296129,94.34412276260123
20,64,444,safe,352,162.9375,0.0,214.4934312162034,232.32387054842437,213.3147774774814,97.48969775546033
20,64,444,safe,384,177.75,0.0,224.13331891736087,243.6650203165826,222.9546651786389,100.05975639356987
20,64,444,safe,416,192.5625,0.0,233.3013259822842,254.20593411484865,232.12267224356222,102.18849955929966
20,64,444,safe,448,207.375,0.0,242.0515958876215,264.59652083220385,240.8729421488995,104.4850783168471
20,64,444,safe,480,222.1875,0.0,250.45782728564566,274.8280211914247,249.2791735469237,106.90715099365057
20,64,444,safe,512,237.0,0.0,258.54187467005937,284.5294857043675,257.3632209313375,109.05570806027177
20,64,444,known,32,0.0,6.75,53.0,53.0,53.0,37.9722473000381
20,64,444,known,64,0.0,13.5,105.0,105.0,105.0,71.79825328533153
20,64,444,known,96,0.0,20.25,154.80469769449405,153.8787885862338,153.8787885862338,96.0859988494701
20,64,444,known,128,0.0,27.0,197.18583604427675,197.7455182072488,196.00718230555484,113.06091015232533
20,64,444,known,160,0.0,33.75,232.42575929143877,239.487839352261,231.24710555271682,128.4392446581536
20,64,444,known,192,0.0,40.5,259.0875155559142,272.03209222238405,257.90886181719225,139.68080782736035
20,64,444,known,224,0.0,47.25,279.6815913382525,295.597776246475,278.5029375995305,145.87047813113716
20,64,444,known,256,0.0,54.0,303.97821200352365,323.96190923665307,302.7995582648017,153.14591420434823
20,64,444,known,288,0.0,60.75,324.693699769466,349.7341663511904,323.51504603074403,160.84181215046272
20,64,444,known,320,0.0,67.5,343.09979215649474,372.63494408446144,341.9211384177728,167.41295642832327
20,64,444,known,352,0.0,74.25,360.29806561719687,393.8122436829781,359.1194118784749,173.02949931446133
20,64,444,known,384,0.0,81.0,374.64144070942285,411.0777344581034,373.4627869707009,177.1785120525768
20,64,444,known,416,0.0,87.75,391.6849808608323,431.4583153380189,390.50632712211035,181.8228640611882
20,64,444,known,448,0.0,94.5,407.29260302858916,450.4590312774753,406.1139492898672,186.37751052769755
20,64,444,known,480,0.0,101.25,422.6731871581845,469.4142617992296,421.4945334194625,191.0862598852138
20,64,444,known,512,0.0,108.0,436.4389897731746,486.1512354456644,435.2603360344527,194.97973651129828
20,64,444,product,32,0.0,6.75,53.0,53.0,53.0,37.9722473000381
20,64,444,product,64,0.0,13.5,105.0,105.0,105.0,71.79825328533153
20,64,444,product,96,0.0,20.25,154.80469769449405,153.8787885862338,153.8787885862338,96.0859988494701
20,64,444,product,128,0.0,27.0,197.18583604427675,197.7455182072488,196.00718230555484,113.06091015232533
20,64,444,product,160,0.0,33.75,232.42575929143877,239.487839352261,231.24710555271682,128.4392446581536
20,64,444,product,192,0.0,40.5,259.0875155559142,272.03209222238405,257.90886181719225,139.68080782736035
20,64,444,product,224,0.0,47.25,279.6815913382525,295.597776246475,278.5029375995305,145.87047813113716
20,64,444,product,256,0.0,54.0,303.97821200352365,323.96190923665307,302.7995582648017,153.14591420434823
20,64,444,product,288,0.0,60.75,324.693699769466,349.7341663511904,323.51504603074403,160.84181215046272
20,64,444,product,320,0.0,67.5,343.09979215649474,372.63494408446144,341.9211384177728,167.41295642832327
20,64,444,product,352,0.0,74.25,360.29806561719687,393.8122436829781,359.1194118784749,173.02949931446133
20,64,444,product,384,0.0,81.0,374.64144070942285,411.0777344581034,373.4627869707009,177.1785120525768
20,64,444,product,416,0.0,87.75,391.6849808608323,431.4583153380189,390.50632712211035,181.8228640611882
20,64,444,product,448,0.0,94.5,407.29260302858916,450.4590312774753,406.1139492898672,186.37751052769755
20,64,444,product,480,0.0,101.25,422.6731871581845,469.4142617992296,421.4945334194625,191.0862598852138
20,64,444,product,512,0.0,108.0,436.4389897731746,486.1512354456644,435.2603360344527,194.97973651129828
