scenario,blockers,horizon,truth,seed,algorithm,episodes,pseudo_regret,expected_waste,realized_cost,confidence_exclusions,safe_fallbacks,maximum_prefix_debt,maximum_unreturned,launches0,launches1,launches2,prefix_exposure,completion_exposure,intersection_exposure,unresolved_mass_exposure,sharp_unresolved_mass_envelope
front-blockers-1,1,128,0,111,prefix,128,6.0,106.0,445.5,0,0,127,1,128,73,55,256.0,201.3353838563011,201.3353838563011,14.861575139902662,14.861575139902657
front-blockers-1,1,128,0,111,intersection,128,6.0,106.0,445.5,0,0,127,1,128,73,55,256.0,201.3353838563011,201.3353838563011,14.861575139902662,14.861575139902657
front-blockers-1,1,128,0,111,completed,128,6.0,106.0,445.5,0,0,127,1,128,73,55,256.0,201.3353838563011,201.3353838563011,14.861575139902662,14.861575139902657
front-blockers-1,1,128,0,111,plugin,128,0.404296875,53.7734375,436.75,0,0,127,1,128,65,3,196.0,149.41270986628862,149.41270986628862,11.669225496294946,11.669225496294942
front-blockers-1,1,128,0,111,known,128,0.0,50.0,435.5,0,0,127,1,128,63,0,191.0,145.13069067775137,145.13069067775137,10.13772748042192,10.137727480421926
front-blockers-4,4,128,0,111,prefix,128,6.0,106.0,445.5,0,0,127,4,128,73,55,256.0,210.24859899741068,210.24859899741068,46.44630055961064,46.44630055961062
front-blockers-4,4,128,0,111,intersection,128,6.0,106.0,445.5,0,0,127,4,128,73,55,256.0,210.24859899741068,210.24859899741068,46.44630055961064,46.44630055961062
front-blockers-4,4,128,0,111,completed,128,6.0,106.0,445.5,0,0,127,4,128,73,55,256.0,210.24859899741068,210.24859899741068,46.44630055961064,46.44630055961062
front-blockers-4,4,128,0,111,plugin,128,0.533203125,54.9765625,437.25,0,0,127,4,128,64,6,198.0,158.45408061045103,158.45408061045103,36.74773531851308,36.7477353185131
front-blockers-4,4,128,0,111,known,128,0.0,50.0,435.5,0,0,127,4,128,63,0,191.0,151.76286626661823,151.76286626661823,31.884243255021023,31.884243255021033
front-blockers-1,1,256,0,111,prefix,256,12.0,212.0,886.0,0,0,255,1,256,142,114,512.0,322.7403712233813,322.7403712233813,16.958977912005807,16.9589779120058
front-blockers-1,1,256,0,111,intersection,256,9.193359375,185.8046875,882.0,0,0,255,1,256,140,80,476.0,303.7170644607113,303.7170644607113,16.588700399023217,16.588700399023217
front-blockers-1,1,256,0,111,completed,256,8.630859375,180.5546875,882.25,0,0,255,1,256,138,78,472.0,301.65140826926176,301.65140826926176,16.54878103693871,16.548781036938692
front-blockers-1,1,256,0,111,plugin,256,0.404296875,103.7734375,873.0,0,0,255,1,256,126,3,385.0,233.72386121946718,233.72386121946718,13.029962781721924,13.029962781721913
front-blockers-1,1,256,0,111,known,256,0.0,100.0,871.75,0,0,255,1,256,124,0,380.0,229.79012840125324,229.79012840125324,11.513898265592873,11.51389826559288
front-blockers-4,4,256,0,111,prefix,256,12.0,212.0,886.0,0,0,255,4,256,142,114,512.0,337.5297819452779,337.5297819452779,54.835911648023206,54.8359116480232
front-blockers-4,4,256,0,111,intersection,256,10.5234375,198.21875,884.5,0,0,255,4,256,141,99,496.0,329.0397026379793,329.0397026379793,54.24056193903669,54.24056193903667
front-blockers-4,4,256,0,111,completed,256,9.6328125,189.90625,883.5,0,0,255,4,256,138,93,487.0,324.2555527920002,324.2555527920002,53.902838710866824,53.90283871086683
front-blockers-4,4,256,0,111,plugin,256,0.533203125,104.9765625,873.5,0,0,255,4,256,125,6,387.0,246.76548809494187,246.76548809494187,42.22118446022095,42.22118446022098
front-blockers-4,4,256,0,111,known,256,0.0,100.0,871.75,0,0,255,4,256,124,0,380.0,240.27347452195153,240.27347452195153,37.388926395704836,37.38892639570486
front-blockers-1,1,512,0,111,prefix,512,24.0,424.0,1785.0,0,0,511,1,512,288,224,1024.0,498.7957688253494,498.7957688253494,19.039630351865533,19.039630351865533
front-blockers-1,1,512,0,111,intersection,512,10.06640625,293.953125,1764.75,0,0,511,1,512,273,93,878.0,437.1273222108633,437.1273222108633,18.10384742872816,18.103847428728145
front-blockers-1,1,512,0,111,completed,512,9.263671875,286.4609375,1764.0,0,0,511,1,512,273,80,865.0,429.6064659770908,429.6064659770908,17.95239752861876,17.952397528618743
front-blockers-1,1,512,0,111,plugin,512,0.404296875,203.7734375,1754.75,0,0,511,1,512,258,3,773.0,360.1039023710127,360.1039023710127,14.442799422950674,14.44279942295066
front-blockers-1,1,512,0,111,known,512,0.0,200.0,1753.5,0,0,511,1,512,256,0,768.0,356.44008613821535,356.44008613821535,12.935002122367003,12.935002122367003
front-blockers-4,4,512,0,111,prefix,512,24.0,424.0,1785.0,0,0,511,4,512,288,224,1024.0,519.434297888675,519.434297888675,63.158521407462125,63.15852140746213
front-blockers-4,4,512,0,111,intersection,512,11.1328125,303.90625,1767.75,0,0,511,4,512,274,104,890.0,461.5800876551184,461.5800876551184,59.87948968203032,59.87948968203027
front-blockers-4,4,512,0,111,completed,512,10.078125,294.0625,1764.5,0,0,511,4,512,271,94,877.0,454.87914630303834,454.87914630303834,59.428934437646326,59.42893443764633
front-blockers-4,4,512,0,111,plugin,512,0.533203125,204.9765625,1755.25,0,0,511,4,512,257,6,775.0,377.26880534088065,377.26880534088065,47.888966822801336,47.88896682280134
front-blockers-4,4,512,0,111,known,512,0.0,200.0,1753.5,0,0,511,4,512,256,0,768.0,370.924851177135,370.924851177135,43.07334182280135,43.073341822801346
front-blockers-1,1,1024,0,111,prefix,1024,48.0,848.0,3552.0,0,0,1023,1,1024,574,450,2048.0,754.3412182851027,754.3412182851027,21.12252456296541,21.122524562965424
front-blockers-1,1,1024,0,111,intersection,1024,10.3828125,496.90625,3507.5,0,0,1023,1,1024,526,95,1645.0,618.0573628425226,618.0573628425226,19.475585280979967,19.47558528097992
front-blockers-1,1,1024,0,111,completed,1024,10.11328125,494.390625,3507.0,0,0,1023,1,1024,526,93,1643.0,616.9224434532495,616.9224434532495,19.454194294935583,19.45419429493554
front-blockers-1,1,1024,0,111,plugin,1024,0.404296875,403.7734375,3497.0,0,0,1023,1,1024,511,3,1538.0,540.1445903833055,540.1445903833055,15.820805572165462,15.82080557216543
front-blockers-1,1,1024,0,111,known,1024,0.0,400.0,3495.75,0,0,1023,1,1024,509,0,1533.0,536.6636516384324,536.6636516384324,14.316880151309476,14.316880151309466
front-blockers-4,4,1024,0,111,prefix,1024,48.0,848.0,3552.0,0,0,1023,4,1024,574,450,2048.0,780.8400852628399,780.8400852628399,71.49009825186161,71.4900982518617
front-blockers-4,4,1024,0,111,intersection,1024,11.23828125,504.890625,3510.5,0,0,1023,4,1024,527,106,1657.0,646.2223723396377,646.2223723396377,65.35038647150236,65.35038647150225
front-blockers-4,4,1024,0,111,completed,1024,10.23046875,495.484375,3507.5,0,0,1023,4,1024,525,96,1645.0,639.967284085486,639.967284085486,64.93682733945866,64.93682733945855
front-blockers-4,4,1024,0,111,plugin,1024,0.533203125,404.9765625,3497.5,0,0,1023,4,1024,510,6,1540.0,561.2816365228923,561.2816365228923,53.40871248474021,53.40871248474015
front-blockers-4,4,1024,0,111,known,1024,0.0,400.0,3495.75,0,0,1023,4,1024,509,0,1533.0,555.0351542849215,555.0351542849215,48.60085393857125,48.60085393857119
front-blockers-1,1,2048,0,111,prefix,2048,96.0,1696.0,7098.5,0,0,2047,1,2048,1142,906,4096.0,1124.2903153129332,1124.2903153129332,23.204607646458363,23.20460764645836
front-blockers-1,1,2048,0,111,intersection,2048,10.453125,897.5625,7007.25,0,0,2047,1,2048,1027,96,3171.0,878.7284592458395,878.7284592458395,20.849062912360182,20.849062912360118
front-blockers-1,1,2048,0,111,completed,2048,10.3828125,896.90625,7006.75,0,0,2047,1,2048,1026,95,3169.0,877.9795116959273,877.9795116959273,20.837561937701295,20.83756193770125
front-blockers-1,1,2048,0,111,plugin,2048,0.404296875,803.7734375,6996.25,0,0,2047,1,2048,1011,3,3062.0,799.9973573666618,799.9973573666618,17.197006733118222,17.197006733118176
front-blockers-1,1,2048,0,111,known,2048,0.0,800.0,6995.0,0,0,2047,1,2048,1009,0,3057.0,796.6484836380545,796.6484836380545,15.695025553830817,15.695025553830773
front-blockers-4,4,2048,0,111,prefix,2048,96.0,1696.0,7098.5,0,0,2047,4,2048,1142,906,4096.0,1156.6794780369107,1156.6794780369107,79.81843058583343,79.81843058583343
front-blockers-4,4,2048,0,111,intersection,2048,11.6015625,908.28125,7009.75,0,0,2047,4,2048,1028,110,3186.0,912.3989753898329,912.3989753898329,70.94733532183561,70.94733532183552
front-blockers-4,4,2048,0,111,completed,2048,10.453125,897.5625,7007.5,0,0,2047,4,2048,1026,98,3172.0,905.0799365194097,905.0799365194097,70.47525679403167,70.47525679403162
front-blockers-4,4,2048,0,111,plugin,2048,0.533203125,804.9765625,6996.75,0,0,2047,4,2048,1010,6,3064.0,825.0945737052316,825.0945737052316,58.91739986976655,58.917399869766435
front-blockers-4,4,2048,0,111,known,2048,0.0,800.0,6995.0,0,0,2047,4,2048,1009,0,3057.0,818.91712015595,818.91712015595,54.11343554865661,54.113435548656426
front-blockers-1,1,128,0,222,prefix,128,6.0,106.0,457.75,0,0,127,1,128,84,44,256.0,199.61886827113813,199.61886827113813,14.777401485871168,14.777401485871167
front-blockers-1,1,128,0,222,intersection,128,6.0,106.0,457.75,0,0,127,1,128,84,44,256.0,199.61886827113813,199.61886827113813,14.777401485871168,14.777401485871167
front-blockers-1,1,128,0,222,completed,128,6.0,106.0,457.75,0,0,127,1,128,84,44,256.0,199.61886827113813,199.61886827113813,14.777401485871168,14.777401485871167
front-blockers-1,1,128,0,222,plugin,128,0.6640625,52.3125,450.5,0,0,127,1,128,76,3,207.0,156.12580721308038,156.12580721308038,11.82669022314223,11.82669022314222
front-blockers-1,1,128,0,222,known,128,0.0,50.0,448.75,0,0,127,1,128,77,0,205.0,153.71048456756202,153.71048456756202,10.339848117879056,10.339848117879061
front-blockers-4,4,128,0,222,prefix,128,6.0,106.0,457.75,0,0,127,4,128,84,44,256.0,208.27956245015338,208.27956245015338,46.10960594348466,46.10960594348466
front-blockers-4,4,128,0,222,intersection,128,6.0,106.0,457.75,0,0,127,4,128,84,44,256.0,208.27956245015338,208.27956245015338,46.10960594348466,46.10960594348466
front-blockers-4,4,128,0,222,completed,128,6.0,106.0,457.75,0,0,127,4,128,84,44,256.0,208.27956245015338,208.27956245015338,46.10960594348466,46.10960594348466
front-blockers-4,4,128,0,222,plugin,128,0.755859375,57.0546875,450.5,0,0,127,4,128,78,6,212.0,167.56876628704913,167.56876628704913,37.54467385679764,37.54467385679763
front-blockers-4,4,128,0,222,known,128,0.0,50.0,448.75,0,0,127,4,128,77,0,205.0,160.94902206880022,160.94902206880022,32.69272580484959,32.69272580484958
front-blockers-1,1,256,0,222,prefix,256,12.0,212.0,905.25,0,0,255,1,256,158,98,512.0,321.4166187443286,321.4166187443286,16.91415394156284,16.914153941562827
front-blockers-1,1,256,0,222,intersection,256,7.447265625,169.5078125,898.5,0,0,255,1,256,154,60,470.0,297.13214399886715,297.13214399886715,16.394560459383356,16.39456045938336
front-blockers-1,1,256,0,222,completed,256,6.978515625,165.1328125,898.5,0,0,255,1,256,154,55,465.0,293.6530357551263,293.6530357551263,16.306787106842553,16.30678710684256
front-blockers-1,1,256,0,222,plugin,256,0.6640625,102.3125,890.25,0,0,255,1,256,143,3,402.0,241.37322565489293,241.37322565489293,13.156998429323247,13.156998429323245
front-blockers-1,1,256,0,222,known,256,0.0,100.0,888.5,0,0,255,1,256,144,0,400.0,238.80834284995822,238.80834284995822,11.663991436316243,11.663991436316252
front-blockers-4,4,256,0,222,prefix,256,12.0,212.0,905.25,0,0,255,4,256,158,98,512.0,336.0715575548963,336.0715575548963,54.65661576625133,54.65661576625131
front-blockers-4,4,256,0,222,intersection,256,8.6953125,181.15625,902.25,0,0,255,4,256,157,72,485.0,319.8731850887054,319.8731850887054,53.39053341434245,53.390533414342414
front-blockers-4,4,256,0,222,completed,256,7.5234375,170.21875,899.0,0,0,255,4,256,155,61,472.0,311.3944340325892,311.3944340325892,52.670882530174154,52.67088253017413
front-blockers-4,4,256,0,222,plugin,256,0.755859375,107.0546875,890.25,0,0,255,4,256,145,6,407.0,256.19638131655427,256.19638131655427,42.817076856376104,42.81707685637612
front-blockers-4,4,256,0,222,known,256,0.0,100.0,888.5,0,0,255,4,256,144,0,400.0,249.7419684828267,249.7419684828267,37.989299078598336,37.989299078598336
front-blockers-1,1,512,0,222,prefix,512,24.0,424.0,1787.75,0,0,511,1,512,292,220,1024.0,498.61461953556517,498.61461953556517,19.035388332818624,19.0353883328186
front-blockers-1,1,512,0,222,intersection,512,7.599609375,270.9296875,1766.25,0,0,511,1,512,269,62,843.0,416.77249927052185,416.77249927052185,17.68089442193667,17.68089442193665
front-blockers-1,1,512,0,222,completed,512,7.125,266.5,1765.5,0,0,511,1,512,267,56,835.0,411.8976620618682,411.8976620618682,17.5707661166524,17.570766116652408
front-blockers-1,1,512,0,222,plugin,512,0.6640625,202.3125,1757.0,0,0,511,1,512,256,3,771.0,359.44008613821507,359.44008613821507,14.435002122367008,14.435002122367003
front-blockers-1,1,512,0,222,known,512,0.0,200.0,1755.25,0,0,511,1,512,257,0,769.0,356.77232155196066,356.77232155196066,12.938908372366997,12.938908372367003
front-blockers-4,4,512,0,222,prefix,512,24.0,424.0,1787.75,0,0,511,4,512,292,220,1024.0,519.2404225417503,519.2404225417503,63.14155333127438,63.141553331274395
front-blockers-4,4,512,0,222,intersection,512,8.818359375,282.3046875,1769.5,0,0,511,4,512,271,73,856.0,441.7282812839304,441.7282812839304,58.41144758301537,58.41144758301535
front-blockers-4,4,512,0,222,completed,512,7.95703125,274.265625,1767.25,0,0,511,4,512,269,66,847.0,436.22412796763706,436.22412796763706,57.97562434180941,57.97562434180938
front-blockers-4,4,512,0,222,plugin,512,0.755859375,207.0546875,1757.0,0,0,511,4,512,258,6,776.0,377.612059311684,377.612059311684,47.90453102513599,47.904531025135974
front-blockers-4,4,512,0,222,known,512,0.0,200.0,1755.25,0,0,511,4,512,257,0,769.0,371.2688053408809,371.2688053408809,43.08896682280135,43.088966822801346
front-blockers-1,1,1024,0,222,prefix,1024,48.0,848.0,3573.75,0,0,1023,1,1024,582,442,2048.0,754.0887943826735,754.0887943826735,21.118419768566476,21.118419768566422
front-blockers-1,1,1024,0,222,intersection,1024,7.962890625,474.3203125,3522.25,0,0,1023,1,1024,527,66,1617.0,600.3995900275476,600.3995900275476,19.110941775655466,19.110941775655416
front-blockers-1,1,1024,0,222,completed,1024,7.55859375,470.546875,3521.0,0,0,1023,1,1024,527,61,1612.0,596.9281970473543,596.9281970473543,19.031536669516818,19.03153666951677
front-blockers-1,1,1024,0,222,plugin,1024,0.6640625,402.3125,3512.0,0,0,1023,1,1024,514,3,1541.0,540.8642211695593,540.8642211695593,15.826664962066662,15.826664962066648
front-blockers-1,1,1024,0,222,known,1024,0.0,400.0,3510.25,0,0,1023,1,1024,515,0,1539.0,538.1036269292491,538.1036269292491,14.328610487358478,14.328610487358477
front-blockers-4,4,1024,0,222,prefix,1024,48.0,848.0,3573.75,0,0,1023,4,1024,582,442,2048.0,780.5753469772134,780.5753469772134,71.47367907426575,71.4736790742657
front-blockers-4,4,1024,0,222,intersection,1024,9.92578125,492.640625,3525.0,0,0,1023,4,1024,530,84,1638.0,633.8081087447641,633.8081087447641,64.43766544405695,64.43766544405685
front-blockers-4,4,1024,0,222,completed,1024,8.26171875,477.109375,3522.5,0,0,1023,4,1024,527,67,1618.0,621.5869895469984,621.5869895469984,63.504373163227775,63.504373163227726
front-blockers-4,4,1024,0,222,plugin,1024,0.755859375,407.0546875,3512.0,0,0,1023,4,1024,516,6,1546.0,562.755317152636,562.755317152636,53.45554227305854,53.455542273058505
front-blockers-4,4,1024,0,222,known,1024,0.0,400.0,3510.25,0,0,1023,4,1024,515,0,1539.0,556.5103205838856,556.5103205838856,48.64777528276728,48.64777528276724
front-blockers-1,1,2048,0,222,prefix,2048,96.0,1696.0,7129.5,0,0,2047,1,2048,1166,882,4096.0,1123.7537515652161,1123.7537515652161,23.198552364980277,23.198552364980202
front-blockers-1,1,2048,0,222,intersection,2048,8.3203125,877.65625,7031.5,0,0,2047,1,2048,1043,68,3159.0,863.9823912327231,863.9823912327231,20.517535554857144,20.517535554857062
front-blockers-1,1,2048,0,222,completed,2048,7.986328125,874.5390625,7031.0,0,0,2047,1,2048,1043,66,3157.0,862.6007196503672,862.6007196503672,20.4874586665713,20.487458666571218
front-blockers-1,1,2048,0,222,plugin,2048,0.6640625,802.3125,7020.75,0,0,2047,1,2048,1030,3,3081.0,803.2944938198716,803.2944938198716,17.215634721250105,17.215634721250076
front-blockers-1,1,2048,0,222,known,2048,0.0,800.0,7019.0,0,0,2047,1,2048,1031,0,3079.0,800.4671762346303,800.4671762346303,15.716605595036485,15.716605595036484
front-blockers-4,4,2048,0,222,prefix,2048,96.0,1696.0,7129.5,0,0,2047,4,2048,1166,882,4096.0,1156.1247484447613,1156.1247484447613,79.79420945992095,79.79420945992081
front-blockers-4,4,2048,0,222,intersection,2048,10.095703125,894.2265625,7034.0,0,0,2047,4,2048,1046,85,3179.0,900.4951510063777,900.4951510063777,69.9801189881674,69.98011898816715
front-blockers-4,4,2048,0,222,completed,2048,8.396484375,878.3671875,7032.0,0,0,2047,4,2048,1044,69,3161.0,889.2119223450841,889.2119223450841,69.13280083992353,69.13280083992342
front-blockers-4,4,2048,0,222,plugin,2048,0.755859375,807.0546875,7020.75,0,0,2047,4,2048,1032,6,3086.0,828.9760608510626,828.9760608510626,59.003635441898325,59.003635441898275
front-blockers-4,4,2048,0,222,known,2048,0.0,800.0,7019.0,0,0,2047,4,2048,1031,0,3079.0,822.8005528761414,822.8005528761414,54.199755713479306,54.19975571347926
front-blockers-1,1,128,0,333,prefix,128,6.0,106.0,441.25,0,0,127,1,128,67,61,256.0,201.7103959531366,201.7103959531366,14.879632039782818,14.879632039782809
front-blockers-1,1,128,0,333,intersection,128,6.0,106.0,441.25,0,0,127,1,128,67,61,256.0,201.7103959531366,201.7103959531366,14.879632039782818,14.879632039782809
front-blockers-1,1,128,0,333,completed,128,6.0,106.0,441.25,0,0,127,1,128,67,61,256.0,201.7103959531366,201.7103959531366,14.879632039782818,14.879632039782809
front-blockers-1,1,128,0,333,plugin,128,3.201171875,48.8671875,435.25,0,0,127,1,128,47,8,183.0,142.00733697742382,142.00733697742382,12.43487898143241,12.434878981432421
front-blockers-1,1,128,0,333,known,128,0.0,50.0,432.0,0,0,127,1,128,56,0,184.0,140.46938601486352,140.46938601486352,10.018946804515256,10.01894680451526
front-blockers-4,4,128,0,333,prefix,128,6.0,106.0,441.25,0,0,127,4,128,67,61,256.0,210.6777817938866,210.6777817938866,46.51852815913124,46.518528159131236
front-blockers-4,4,128,0,333,intersection,128,6.0,106.0,441.25,0,0,127,4,128,67,61,256.0,210.6777817938866,210.6777817938866,46.51852815913124,46.518528159131236
front-blockers-4,4,128,0,333,completed,128,6.0,106.0,441.25,0,0,127,4,128,67,61,256.0,210.6777817938866,210.6777817938866,46.51852815913124,46.518528159131236
front-blockers-4,4,128,0,333,plugin,128,3.599609375,41.7421875,438.75,0,0,127,4,128,39,8,175.0,140.87645422961847,140.87645422961847,35.98437499496664,35.98437499496666
front-blockers-4,4,128,0,333,known,128,0.0,50.0,432.0,0,0,127,4,128,56,0,184.0,146.7452195760103,146.7452195760103,31.409120551394373,31.409120551394373
front-blockers-1,1,256,0,333,prefix,256,12.0,212.0,879.5,0,0,255,1,256,139,117,512.0,322.8792012226364,322.8792012226364,16.963636883330715,16.96363688333071
front-blockers-1,1,256,0,333,intersection,256,10.646484375,199.3671875,877.0,0,0,255,1,256,139,107,502.0,317.93982667962547,317.93982667962547,16.873891199048064,16.873891199048064
front-blockers-1,1,256,0,333,completed,256,10.359375,196.6875,876.75,0,0,255,1,256,139,106,501.0,317.4331311994853,317.4331311994853,16.86445723678391,16.864457236783913
front-blockers-1,1,256,0,333,plugin,256,3.201171875,98.8671875,864.75,0,0,255,1,256,110,8,374.0,231.0262946276812,231.0262946276812,13.986439544827483,13.98643954482749
front-blockers-1,1,256,0,333,known,256,0.0,100.0,861.5,0,0,255,1,256,119,0,375.0,227.42158090772097,227.42158090772097,11.472570305492795,11.472570305492804
front-blockers-4,4,256,0,333,prefix,256,12.0,212.0,879.5,0,0,255,4,256,139,117,512.0,337.68258885850787,337.68258885850787,54.85454753332284,54.85454753332285
front-blockers-4,4,256,0,333,intersection,256,12.0,212.0,879.5,0,0,255,4,256,139,117,512.0,337.68258885850787,337.68258885850787,54.85454753332284,54.85454753332285
front-blockers-4,4,256,0,333,completed,256,10.359375,196.6875,876.75,0,0,255,4,256,139,106,501.0,331.9389798957162,331.9389798957162,54.45782894713564,54.45782894713565
front-blockers-4,4,256,0,333,plugin,256,3.599609375,91.7421875,868.25,0,0,255,4,256,102,8,366.0,236.85701892359668,236.85701892359668,42.64229745365219,42.64229745365221
front-blockers-4,4,256,0,333,known,256,0.0,100.0,861.5,0,0,255,4,256,119,0,375.0,237.7809431481188,237.7809431481188,37.22361455530453,37.22361455530455
front-blockers-1,1,512,0,333,prefix,512,24.0,424.0,1769.25,0,0,511,1,512,288,224,1024.0,498.7957688253496,498.7957688253496,19.03963035186551,19.039630351865533
front-blockers-1,1,512,0,333,intersection,512,11.4609375,306.96875,1756.5,0,0,511,1,512,272,109,893.0,445.3555850162597,445.3555850162597,18.259711156311468,18.259711156311454
front-blockers-1,1,512,0,333,completed,512,11.2265625,304.78125,1756.25,0,0,511,1,512,272,108,892.0,444.84082994080967,444.84082994080967,18.25045189705221,18.250451897052194
front-blockers-1,1,512,0,333,plugin,512,3.201171875,198.8671875,1744.75,0,0,511,1,512,237,8,757.0,357.9978433577255,357.9978433577255,15.450585170186917,15.45058517018693
front-blockers-1,1,512,0,333,known,512,0.0,200.0,1741.5,0,0,511,1,512,246,0,758.0,353.0808570059038,353.0808570059038,12.895076713014396,12.8950767130144
front-blockers-4,4,512,0,333,prefix,512,24.0,424.0,1769.25,0,0,511,4,512,288,224,1024.0,519.4342978886755,519.4342978886755,63.15852140746209,63.15852140746213
front-blockers-4,4,512,0,333,intersection,512,12.943359375,320.8046875,1759.75,0,0,511,4,512,274,120,906.0,470.1201566500536,470.1201566500536,60.45446482942514,60.45446482942518
front-blockers-4,4,512,0,333,completed,512,11.255859375,305.0546875,1756.25,0,0,511,4,512,272,108,892.0,463.1118236396956,463.1118236396956,60.00180758820877,60.001807588208784
front-blockers-4,4,512,0,333,plugin,512,3.599609375,191.7421875,1748.25,0,0,511,4,512,229,8,749.0,369.3568555623744,369.3568555623744,48.664692902658835,48.66469290265885
front-blockers-4,4,512,0,333,known,512,0.0,200.0,1741.5,0,0,511,4,512,246,0,758.0,367.44584581676634,367.44584581676634,42.913640185390925,42.91364018539093
front-blockers-1,1,1024,0,333,prefix,1024,48.0,848.0,3531.0,0,0,1023,1,1024,574,450,2048.0,754.3412182851038,754.3412182851038,21.122524562965452,21.122524562965424
front-blockers-1,1,1024,0,333,intersection,1024,12.28125,514.625,3511.5,0,0,1023,1,1024,530,116,1670.0,630.2501330422064,630.2501330422064,19.683837406536217,19.6838374065362
front-blockers-1,1,1024,0,333,completed,1024,11.466796875,507.0234375,3509.5,0,0,1023,1,1024,529,109,1662.0,626.3903134111521,626.3903134111521,19.619427106392283,19.619427106392266
front-blockers-1,1,1024,0,333,plugin,1024,3.201171875,398.8671875,3497.75,0,0,1023,1,1024,494,8,1526.0,541.0257887819724,541.0257887819724,16.87979494749619,16.87979494749621
front-blockers-1,1,1024,0,333,known,1024,0.0,400.0,3494.5,0,0,1023,1,1024,503,0,1527.0,535.2150857412167,535.2150857412167,14.305010579625215,14.3050105796252
front-blockers-4,4,1024,0,333,prefix,1024,48.0,848.0,3531.0,0,0,1023,4,1024,574,450,2048.0,780.8400852628401,780.8400852628401,71.49009825186184,71.4900982518617
front-blockers-4,4,1024,0,333,intersection,1024,13.32421875,524.359375,3513.25,0,0,1023,4,1024,531,122,1677.0,655.844460072506,655.844460072506,65.94547052380078,65.94547052380075
front-blockers-4,4,1024,0,333,completed,1024,11.537109375,507.6796875,3510.0,0,0,1023,4,1024,530,110,1664.0,649.173871053174,649.173871053174,65.52196710994848,65.52196710994845
front-blockers-4,4,1024,0,333,plugin,1024,3.599609375,391.7421875,3501.25,0,0,1023,4,1024,486,8,1518.0,557.2954321259506,557.2954321259506,54.453805528155044,54.453805528155044
front-blockers-4,4,1024,0,333,known,1024,0.0,400.0,3494.5,0,0,1023,4,1024,503,0,1527.0,553.550979672652,553.550979672652,48.5533756518342,48.55337565183413
front-blockers-1,1,2048,0,333,prefix,2048,96.0,1696.0,7130.5,0,0,2047,1,2048,1161,887,4096.0,1123.8738819652326,1123.8738819652326,23.199909255556964,23.199909255556936
front-blockers-1,1,2048,0,333,intersection,2048,12.521484375,916.8671875,7060.25,0,0,2047,1,2048,1054,118,3220.0,895.3394600720492,895.3394600720492,21.08233644265998,21.082336442660022
front-blockers-1,1,2048,0,333,completed,2048,12.45703125,916.265625,7059.75,0,0,2047,1,2048,1053,117,3218.0,894.650659815267,894.650659815267,21.07283976649667,21.072839766496678
front-blockers-1,1,2048,0,333,plugin,2048,3.201171875,798.8671875,7045.75,0,0,2047,1,2048,1017,8,3073.0,806.0419004591853,806.0419004591853,18.295783971719704,18.295783971719754
front-blockers-1,1,2048,0,333,known,2048,0.0,800.0,7042.5,0,0,2047,1,2048,1026,0,3074.0,799.60291933037,799.60291933037,15.711741772601957,15.711741772601949
front-blockers-4,4,2048,0,333,prefix,2048,96.0,1696.0,7130.5,0,0,2047,4,2048,1161,887,4096.0,1156.248949516506,1156.248949516506,79.79963702222788,79.79963702222773
front-blockers-4,4,2048,0,333,intersection,2048,16.5,954.0,7059.5,0,0,2047,4,2048,1054,155,3257.0,939.9819544645698,939.9819544645698,72.42436373212064,72.4243637321208
front-blockers-4,4,2048,0,333,completed,2048,12.46875,916.375,7060.0,0,0,2047,4,2048,1054,117,3219.0,920.8181434649825,920.8181434649825,71.29515773645187,71.29515773645205
front-blockers-4,4,2048,0,333,plugin,2048,3.599609375,791.7421875,7049.25,0,0,2047,4,2048,1009,8,3065.0,826.9171201559494,826.9171201559494,60.15153078675161,60.151530786751664
front-blockers-4,4,2048,0,333,known,2048,0.0,800.0,7042.5,0,0,2047,4,2048,1026,0,3074.0,821.9217045045788,821.9217045045788,54.18030042374117,54.18030042374113
front-blockers-1,1,128,0,444,prefix,128,6.0,106.0,452.0,0,0,127,1,128,74,54,256.0,201.23569118764294,201.23569118764294,14.856755251521124,14.856755251521125
front-blockers-1,1,128,0,444,intersection,128,5.876953125,104.8515625,451.25,0,0,127,1,128,71,54,253.0,199.43239291844225,199.43239291844225,14.815083225452996,14.815083225452994
front-blockers-1,1,128,0,444,completed,128,5.853515625,104.6328125,451.25,0,0,127,1,128,71,54,253.0,199.43239291844225,199.43239291844225,14.815083225452996,14.815083225452994
front-blockers-1,1,128,0,444,plugin,128,0.31640625,52.953125,450.75,0,0,127,1,128,65,3,196.0,149.4127098662886,149.4127098662886,11.669225496294946,11.669225496294942
front-blockers-1,1,128,0,444,known,128,0.0,50.0,449.75,0,0,127,1,128,64,0,192.0,145.7742859739652,145.7742859739652,10.15360049629494,10.153600496294942
front-blockers-4,4,128,0,444,prefix,128,6.0,106.0,452.0,0,0,127,4,128,74,54,256.0,210.13444666360778,210.13444666360778,46.427021006084516,46.427021006084495
front-blockers-4,4,128,0,444,intersection,128,5.935546875,105.3984375,451.75,0,0,127,4,128,73,54,255.0,209.4965073684196,209.4965073684196,46.37222648553659,46.37222648553655
front-blockers-4,4,128,0,444,completed,128,5.853515625,104.6328125,451.25,0,0,127,4,128,71,54,253.0,208.20613231620268,208.20613231620268,46.260332901812006,46.26033290181198
front-blockers-4,4,128,0,444,plugin,128,0.57421875,55.359375,451.5,0,0,127,4,128,65,6,199.0,159.13937950277463,159.13937950277463,36.810235318513094,36.8102353185131
front-blockers-4,4,128,0,444,known,128,0.0,50.0,449.75,0,0,127,4,128,64,0,192.0,152.45408061045106,152.45408061045106,31.947735318513107,31.947735318513097
front-blockers-1,1,256,0,444,prefix,256,12.0,212.0,911.0,0,0,255,1,256,146,110,512.0,322.5024774049341,322.5024774049341,16.950976121637886,16.9509761216379
front-blockers-1,1,256,0,444,intersection,256,8.71875,181.375,906.25,0,0,255,1,256,134,83,473.0,302.78739876174586,302.78739876174586,16.581778273346842,16.581778273346835
front-blockers-1,1,256,0,444,completed,256,8.1328125,175.90625,905.75,0,0,255,1,256,134,81,471.0,301.6286436958491,301.6286436958491,16.557237472383278,16.55723747238327
front-blockers-1,1,256,0,444,plugin,256,0.31640625,102.953125,901.0,0,0,255,1,256,128,3,387.0,234.65005667558822,234.65005667558822,13.045773305406458,13.045773305406453
front-blockers-1,1,256,0,444,known,256,0.0,100.0,900.0,0,0,255,1,256,127,0,383.0,231.1878897869897,231.1878897869897,11.537899289658432,11.537899289658421
front-blockers-4,4,256,0,444,prefix,256,12.0,212.0,911.0,0,0,255,4,256,146,110,512.0,337.2678827557269,337.2678827557269,54.80390448655159,54.80390448655161
front-blockers-4,4,256,0,444,intersection,256,11.23828125,204.890625,908.75,0,0,255,4,256,137,110,503.0,333.1316412368001,333.1316412368001,54.548499670967466,54.54849967096746
front-blockers-4,4,256,0,444,completed,256,8.748046875,181.6484375,906.5,0,0,255,4,256,134,84,474.0,317.05535471317364,317.05535471317364,53.3753058644717,53.375305864471684
front-blockers-4,4,256,0,444,plugin,256,0.57421875,105.359375,901.75,0,0,255,4,256,128,6,390.0,248.22902791572702,248.22902791572702,42.31642655495914,42.31642655495914
front-blockers-4,4,256,0,444,known,256,0.0,100.0,900.0,0,0,255,4,256,127,0,383.0,241.7432389798844,241.7432389798844,37.48493049196707,37.48493049196702
front-blockers-1,1,512,0,444,prefix,512,24.0,424.0,1795.75,0,0,511,1,512,290,222,1024.0,498.70791891090886,498.70791891090886,19.037573972262955,19.037573972262972
front-blockers-1,1,512,0,444,intersection,512,8.818359375,282.3046875,1777.0,0,0,511,1,512,257,85,854.0,427.33914827049335,427.33914827049335,17.95288140695193,17.95288140695193
front-blockers-1,1,512,0,444,completed,512,8.71875,281.375,1776.25,0,0,511,1,512,256,83,851.0,425.83316059968087,425.83316059968087,17.9250222022761,17.925022202276082
front-blockers-1,1,512,0,444,plugin,512,0.31640625,202.953125,1771.0,0,0,511,1,512,250,3,765.0,357.43270735802247,357.43270735802247,14.411238658982306,14.411238658982302
front-blockers-1,1,512,0,444,known,512,0.0,200.0,1770.0,0,0,511,1,512,249,0,761.0,354.0957790486131,354.0957790486131,12.907222594725296,12.907222594725273
front-blockers-4,4,512,0,444,prefix,512,24.0,424.0,1795.75,0,0,511,4,512,290,222,1024.0,519.3402788354266,519.3402788354266,63.15029588905189,63.15029588905189
front-blockers-4,4,512,0,444,intersection,512,17.02734375,358.921875,1779.75,0,0,511,4,512,259,169,940.0,487.96647299938655,487.96647299938655,61.6033130966578,61.60331309665774
front-blockers-4,4,512,0,444,completed,512,8.8828125,282.90625,1777.0,0,0,511,4,512,256,86,854.0,444.99033192531436,444.99033192531436,58.84295945133715,58.84295945133714
front-blockers-4,4,512,0,444,plugin,512,0.57421875,205.359375,1771.75,0,0,511,4,512,250,6,768.0,374.8461820067886,374.8461820067886,47.778287969262536,47.77828796926254
front-blockers-4,4,512,0,444,known,512,0.0,200.0,1770.0,0,0,511,4,512,249,0,761.0,368.4972055046077,368.4972055046077,42.962223712234525,42.96222371223443
front-blockers-1,1,1024,0,444,prefix,1024,48.0,848.0,3593.0,0,0,1023,1,1024,572,452,2048.0,754.3994507261801,754.3994507261801,21.123470627641503,21.123470627641534
front-blockers-1,1,1024,0,444,intersection,1024,8.91796875,483.234375,3547.0,0,0,1023,1,1024,509,86,1619.0,608.7902597152765,608.7902597152765,19.342617891776776,19.342617891776747
front-blockers-1,1,1024,0,444,completed,1024,8.8125,482.25,3546.5,0,0,1023,1,1024,508,85,1617.0,607.9537351043889,607.9537351043889,19.328884681957394,19.328884681957383
front-blockers-1,1,1024,0,444,plugin,1024,0.31640625,402.953125,3540.75,0,0,1023,1,1024,502,3,1529.0,537.9728120662437,537.9728120662437,15.80301854775272,15.80301854775269
front-blockers-1,1,1024,0,444,known,1024,0.0,400.0,3539.75,0,0,1023,1,1024,501,0,1525.0,534.7302947326641,534.7302947326641,14.301022539768681,14.301022539768658
front-blockers-4,4,1024,0,444,prefix,1024,48.0,848.0,3593.0,0,0,1023,4,1024,572,452,2048.0,780.9011558979436,780.9011558979436,71.49388251056608,71.49388251056615
front-blockers-4,4,1024,0,444,intersection,1024,17.21484375,560.671875,3550.25,0,0,1023,4,1024,512,171,1707.0,674.4820360746774,674.4820360746774,67.15485965701552,67.15485965701549
front-blockers-4,4,1024,0,444,completed,1024,9.140625,485.3125,3547.25,0,0,1023,4,1024,508,88,1620.0,630.952872995866,630.952872995866,64.4550861907603,64.45508619076018
front-blockers-4,4,1024,0,444,plugin,1024,0.57421875,405.359375,3541.5,0,0,1023,4,1024,502,6,1532.0,559.3027299020632,559.3027299020632,53.34540752434419,53.3454075243441
front-blockers-4,4,1024,0,444,known,1024,0.0,400.0,3539.75,0,0,1023,4,1024,501,0,1525.0,553.0542245445312,553.0542245445312,48.53742349240807,48.53742349240797
front-blockers-1,1,2048,0,444,prefix,2048,96.0,1696.0,7145.25,0,0,2047,1,2048,1144,904,4096.0,1124.249457001729,1124.249457001729,23.204147026773562,23.20414702677363
front-blockers-1,1,2048,0,444,intersection,2048,9.216796875,886.0234375,7052.0,0,0,2047,1,2048,1027,88,3163.0,874.0309853173211,874.0309853173211,20.76157633178898,20.761576331788934
front-blockers-1,1,2048,0,444,completed,2048,8.91796875,883.234375,7051.25,0,0,2047,1,2048,1026,86,3160.0,872.6497685311562,872.6497685311562,20.737479513069225,20.73747951306923
front-blockers-1,1,2048,0,444,plugin,2048,0.31640625,802.953125,7045.0,0,0,2047,1,2048,1019,3,3070.0,801.3893922140026,801.3893922140026,17.204892431302856,17.204892431302852
front-blockers-1,1,2048,0,444,known,2048,0.0,800.0,7044.0,0,0,2047,1,2048,1018,0,3066.0,798.215689267478,798.215689267478,15.703910113031773,15.703910113031734
front-blockers-4,4,2048,0,444,prefix,2048,96.0,1696.0,7145.25,0,0,2047,4,2048,1144,904,4096.0,1156.637237866654,1156.637237866654,79.81658810709432,79.81658810709452
front-blockers-4,4,2048,0,444,intersection,2048,17.572265625,964.0078125,7055.75,0,0,2047,4,2048,1030,175,3253.0,944.8757352801972,944.8757352801972,72.81910598455346,72.81910598455372
front-blockers-4,4,2048,0,444,completed,2048,16.505859375,954.0546875,7053.25,0,0,2047,4,2048,1026,164,3238.0,939.2484015376883,939.2484015376883,72.54308794598883,72.54308794598896
front-blockers-4,4,2048,0,444,plugin,2048,0.57421875,805.359375,7045.75,0,0,2047,4,2048,1019,6,3073.0,826.6876293643155,826.6876293643155,58.952903058544905,58.95290305854475
front-blockers-4,4,2048,0,444,known,2048,0.0,800.0,7044.0,0,0,2047,4,2048,1018,0,3066.0,820.5109794629744,820.5109794629744,54.148973785460434,54.14897378546027
front-blockers-1,1,128,8,111,prefix,128,0.0,62.0,376.75,0,0,127,1,128,76,52,256.0,201.00363012673307,201.00363012673307,14.845503404608898,14.8455034046089
front-blockers-1,1,128,8,111,intersection,128,0.0,62.0,376.75,0,0,127,1,128,76,52,256.0,201.00363012673307,201.00363012673307,14.845503404608898,14.8455034046089
front-blockers-1,1,128,8,111,completed,128,0.0,62.0,376.75,0,0,127,1,128,76,52,256.0,201.00363012673307,201.00363012673307,14.845503404608898,14.8455034046089
front-blockers-1,1,128,8,111,plugin,128,0.0,62.0,376.75,0,0,127,1,128,76,52,256.0,201.00363012673307,201.00363012673307,14.845503404608898,14.8455034046089
front-blockers-1,1,128,8,111,known,128,0.0,62.0,376.75,0,0,127,1,128,76,52,256.0,201.00363012673307,201.00363012673307,14.845503404608898,14.8455034046089
front-blockers-4,4,128,8,111,prefix,128,0.0,62.0,376.75,0,0,127,4,128,76,52,256.0,209.86863006196148,209.86863006196148,46.38201361843558,46.3820136184356
front-blockers-4,4,128,8,111,intersection,128,0.0,62.0,376.75,0,0,127,4,128,76,52,256.0,209.86863006196148,209.86863006196148,46.38201361843558,46.3820136184356
front-blockers-4,4,128,8,111,completed,128,0.0,62.0,376.75,0,0,127,4,128,76,52,256.0,209.86863006196148,209.86863006196148,46.38201361843558,46.3820136184356
front-blockers-4,4,128,8,111,plugin,128,0.0,62.0,376.75,0,0,127,4,128,76,52,256.0,209.86863006196148,209.86863006196148,46.38201361843558,46.3820136184356
front-blockers-4,4,128,8,111,known,128,0.0,62.0,376.75,0,0,127,4,128,76,52,256.0,209.86863006196148,209.86863006196148,46.38201361843558,46.3820136184356
front-blockers-1,1,256,8,111,prefix,256,0.0,124.0,770.0,0,0,255,1,256,157,99,512.0,321.5290229729157,321.5290229729157,16.917988596443895,16.917988596443887
front-blockers-1,1,256,8,111,intersection,256,0.0,124.0,770.0,0,0,255,1,256,157,99,512.0,321.5290229729157,321.5290229729157,16.917988596443895,16.917988596443887
front-blockers-1,1,256,8,111,completed,256,0.0,124.0,770.0,0,0,255,1,256,157,99,512.0,321.5290229729157,321.5290229729157,16.917988596443895,16.917988596443887
front-blockers-1,1,256,8,111,plugin,256,0.0,124.0,770.0,0,0,255,1,256,157,99,512.0,321.5290229729157,321.5290229729157,16.917988596443895,16.917988596443887
front-blockers-1,1,256,8,111,known,256,0.0,124.0,770.0,0,0,255,1,256,157,99,512.0,321.5290229729157,321.5290229729157,16.917988596443895,16.917988596443887
front-blockers-4,4,256,8,111,prefix,256,0.0,124.0,770.0,0,0,255,4,256,157,99,512.0,336.19546574812654,336.19546574812654,54.67195438577553,54.67195438577555
front-blockers-4,4,256,8,111,intersection,256,0.0,124.0,770.0,0,0,255,4,256,157,99,512.0,336.19546574812654,336.19546574812654,54.67195438577553,54.67195438577555
front-blockers-4,4,256,8,111,completed,256,0.0,124.0,770.0,0,0,255,4,256,157,99,512.0,336.19546574812654,336.19546574812654,54.67195438577553,54.67195438577555
front-blockers-4,4,256,8,111,plugin,256,0.0,124.0,770.0,0,0,255,4,256,157,99,512.0,336.19546574812654,336.19546574812654,54.67195438577553,54.67195438577555
front-blockers-4,4,256,8,111,known,256,0.0,124.0,770.0,0,0,255,4,256,157,99,512.0,336.19546574812654,336.19546574812654,54.67195438577553,54.67195438577555
front-blockers-1,1,512,8,111,prefix,512,0.0,248.0,1517.25,0,0,511,1,512,293,219,1024.0,498.5659192975364,498.5659192975364,19.034246780307175,19.034246780307182
front-blockers-1,1,512,8,111,intersection,512,0.0,248.0,1517.25,0,0,511,1,512,293,219,1024.0,498.5659192975364,498.5659192975364,19.034246780307175,19.034246780307182
front-blockers-1,1,512,8,111,completed,512,0.0,248.0,1517.25,0,0,511,1,512,293,219,1024.0,498.5659192975364,498.5659192975364,19.034246780307175,19.034246780307182
front-blockers-1,1,512,8,111,plugin,512,0.0,248.0,1517.25,0,0,511,1,512,293,219,1024.0,498.5659192975364,498.5659192975364,19.034246780307175,19.034246780307182
front-blockers-1,1,512,8,111,known,512,0.0,248.0,1517.25,0,0,511,1,512,293,219,1024.0,498.5659192975364,498.5659192975364,19.034246780307175,19.034246780307182
front-blockers-4,4,512,8,111,prefix,512,0.0,248.0,1517.25,0,0,511,4,512,293,219,1024.0,519.1882976461875,519.1882976461875,63.13698712122877,63.13698712122873
front-blockers-4,4,512,8,111,intersection,512,0.0,248.0,1517.25,0,0,511,4,512,293,219,1024.0,519.1882976461875,519.1882976461875,63.13698712122877,63.13698712122873
front-blockers-4,4,512,8,111,completed,512,0.0,248.0,1517.25,0,0,511,4,512,293,219,1024.0,519.1882976461875,519.1882976461875,63.13698712122877,63.13698712122873
front-blockers-4,4,512,8,111,plugin,512,0.0,248.0,1517.25,0,0,511,4,512,293,219,1024.0,519.1882976461875,519.1882976461875,63.13698712122877,63.13698712122873
front-blockers-4,4,512,8,111,known,512,0.0,248.0,1517.25,0,0,511,4,512,293,219,1024.0,519.1882976461875,519.1882976461875,63.13698712122877,63.13698712122873
front-blockers-1,1,1024,8,111,prefix,1024,0.0,496.0,3011.0,0,0,1023,1,1024,590,434,2048.0,753.8049939311956,753.8049939311956,21.113797297402417,21.113797297402396
front-blockers-1,1,1024,8,111,intersection,1024,0.0,496.0,3011.0,0,0,1023,1,1024,590,434,2048.0,753.8049939311956,753.8049939311956,21.113797297402417,21.113797297402396
front-blockers-1,1,1024,8,111,completed,1024,0.0,496.0,3011.0,0,0,1023,1,1024,590,434,2048.0,753.8049939311956,753.8049939311956,21.113797297402417,21.113797297402396
front-blockers-1,1,1024,8,111,plugin,1024,0.0,496.0,3011.0,0,0,1023,1,1024,590,434,2048.0,753.8049939311956,753.8049939311956,21.113797297402417,21.113797297402396
front-blockers-1,1,1024,8,111,known,1024,0.0,496.0,3011.0,0,0,1023,1,1024,590,434,2048.0,753.8049939311956,753.8049939311956,21.113797297402417,21.113797297402396
front-blockers-4,4,1024,8,111,prefix,1024,0.0,496.0,3011.0,0,0,1023,4,1024,590,434,2048.0,780.27767911224,780.27767911224,71.45518918960977,71.4551891896096
front-blockers-4,4,1024,8,111,intersection,1024,0.0,496.0,3011.0,0,0,1023,4,1024,590,434,2048.0,780.27767911224,780.27767911224,71.45518918960977,71.4551891896096
front-blockers-4,4,1024,8,111,completed,1024,0.0,496.0,3011.0,0,0,1023,4,1024,590,434,2048.0,780.27767911224,780.27767911224,71.45518918960977,71.4551891896096
front-blockers-4,4,1024,8,111,plugin,1024,0.0,496.0,3011.0,0,0,1023,4,1024,590,434,2048.0,780.27767911224,780.27767911224,71.45518918960977,71.4551891896096
front-blockers-4,4,1024,8,111,known,1024,0.0,496.0,3011.0,0,0,1023,4,1024,590,434,2048.0,780.27767911224,780.27767911224,71.45518918960977,71.4551891896096
front-blockers-1,1,2048,8,111,prefix,2048,0.0,992.0,6047.5,0,0,2047,1,2048,1187,861,4096.0,1123.200864927179,1123.200864927179,23.192298597766925,23.192298597766865
front-blockers-1,1,2048,8,111,intersection,2048,0.0,992.0,6047.5,0,0,2047,1,2048,1187,861,4096.0,1123.200864927179,1123.200864927179,23.192298597766925,23.192298597766865
front-blockers-1,1,2048,8,111,completed,2048,0.0,992.0,6047.5,0,0,2047,1,2048,1187,861,4096.0,1123.200864927179,1123.200864927179,23.192298597766925,23.192298597766865
front-blockers-1,1,2048,8,111,plugin,2048,0.0,992.0,6047.5,0,0,2047,1,2048,1187,861,4096.0,1123.200864927179,1123.200864927179,23.192298597766925,23.192298597766865
front-blockers-1,1,2048,8,111,known,2048,0.0,992.0,6047.5,0,0,2047,1,2048,1187,861,4096.0,1123.200864927179,1123.200864927179,23.192298597766925,23.192298597766865
front-blockers-4,4,2048,8,111,prefix,2048,0.0,992.0,6047.5,0,0,2047,4,2048,1187,861,4096.0,1155.5531005050836,1155.5531005050836,79.7691943910678,79.76919439106746
front-blockers-4,4,2048,8,111,intersection,2048,0.0,992.0,6047.5,0,0,2047,4,2048,1187,861,4096.0,1155.5531005050836,1155.5531005050836,79.7691943910678,79.76919439106746
front-blockers-4,4,2048,8,111,completed,2048,0.0,992.0,6047.5,0,0,2047,4,2048,1187,861,4096.0,1155.5531005050836,1155.5531005050836,79.7691943910678,79.76919439106746
front-blockers-4,4,2048,8,111,plugin,2048,0.0,992.0,6047.5,0,0,2047,4,2048,1187,861,4096.0,1155.5531005050836,1155.5531005050836,79.7691943910678,79.76919439106746
front-blockers-4,4,2048,8,111,known,2048,0.0,992.0,6047.5,0,0,2047,4,2048,1187,861,4096.0,1155.5531005050836,1155.5531005050836,79.7691943910678,79.76919439106746
front-blockers-1,1,128,8,222,prefix,128,0.0,62.0,371.75,0,0,127,1,128,71,57,256.0,201.50259345868773,201.50259345868773,14.869640705010472,14.869640705010475
front-blockers-1,1,128,8,222,intersection,128,0.0,62.0,371.75,0,0,127,1,128,71,57,256.0,201.50259345868773,201.50259345868773,14.869640705010472,14.869640705010475
front-blockers-1,1,128,8,222,completed,128,0.0,62.0,371.75,0,0,127,1,128,71,57,256.0,201.50259345868773,201.50259345868773,14.869640705010472,14.869640705010475
front-blockers-1,1,128,8,222,plugin,128,0.0,62.0,371.75,0,0,127,1,128,71,57,256.0,201.50259345868773,201.50259345868773,14.869640705010472,14.869640705010475
front-blockers-1,1,128,8,222,known,128,0.0,62.0,371.75,0,0,127,1,128,71,57,256.0,201.50259345868773,201.50259345868773,14.869640705010472,14.869640705010475
front-blockers-4,4,128,8,222,prefix,128,0.0,62.0,371.75,0,0,127,4,128,71,57,256.0,210.44000529512093,210.44000529512093,46.47856282004189,46.4785628200419
front-blockers-4,4,128,8,222,intersection,128,0.0,62.0,371.75,0,0,127,4,128,71,57,256.0,210.44000529512093,210.44000529512093,46.47856282004189,46.4785628200419
front-blockers-4,4,128,8,222,completed,128,0.0,62.0,371.75,0,0,127,4,128,71,57,256.0,210.44000529512093,210.44000529512093,46.47856282004189,46.4785628200419
front-blockers-4,4,128,8,222,plugin,128,0.0,62.0,371.75,0,0,127,4,128,71,57,256.0,210.44000529512093,210.44000529512093,46.47856282004189,46.4785628200419
front-blockers-4,4,128,8,222,known,128,0.0,62.0,371.75,0,0,127,4,128,71,57,256.0,210.44000529512093,210.44000529512093,46.47856282004189,46.4785628200419
front-blockers-1,1,256,8,222,prefix,256,0.0,124.0,780.0,0,0,255,1,256,141,115,512.0,322.7903975244201,322.7903975244201,16.960657643248787,16.9606576432488
front-blockers-1,1,256,8,222,intersection,256,0.0,124.0,780.0,0,0,255,1,256,141,115,512.0,322.7903975244201,322.7903975244201,16.960657643248787,16.9606576432488
front-blockers-1,1,256,8,222,completed,256,0.0,124.0,780.0,0,0,255,1,256,141,115,512.0,322.7903975244201,322.7903975244201,16.960657643248787,16.9606576432488
front-blockers-1,1,256,8,222,plugin,256,0.0,124.0,780.0,0,0,255,1,256,141,115,512.0,322.7903975244201,322.7903975244201,16.960657643248787,16.9606576432488
front-blockers-1,1,256,8,222,known,256,0.0,124.0,780.0,0,0,255,1,256,141,115,512.0,322.7903975244201,322.7903975244201,16.960657643248787,16.9606576432488
front-blockers-4,4,256,8,222,prefix,256,0.0,124.0,780.0,0,0,255,4,256,141,115,512.0,337.5848474400462,337.5848474400462,54.84263057299518,54.842630572995205
front-blockers-4,4,256,8,222,intersection,256,0.0,124.0,780.0,0,0,255,4,256,141,115,512.0,337.5848474400462,337.5848474400462,54.84263057299518,54.842630572995205
front-blockers-4,4,256,8,222,completed,256,0.0,124.0,780.0,0,0,255,4,256,141,115,512.0,337.5848474400462,337.5848474400462,54.84263057299518,54.842630572995205
front-blockers-4,4,256,8,222,plugin,256,0.0,124.0,780.0,0,0,255,4,256,141,115,512.0,337.5848474400462,337.5848474400462,54.84263057299518,54.842630572995205
front-blockers-4,4,256,8,222,known,256,0.0,124.0,780.0,0,0,255,4,256,141,115,512.0,337.5848474400462,337.5848474400462,54.84263057299518,54.842630572995205
front-blockers-1,1,512,8,222,prefix,512,0.0,248.0,1526.0,0,0,511,1,512,283,229,1024.0,498.9916877787369,498.9916877787369,19.044210820392262,19.04421082039224
front-blockers-1,1,512,8,222,intersection,512,0.0,248.0,1526.0,0,0,511,1,512,283,229,1024.0,498.9916877787369,498.9916877787369,19.044210820392262,19.04421082039224
front-blockers-1,1,512,8,222,completed,512,0.0,248.0,1526.0,0,0,511,1,512,283,229,1024.0,498.9916877787369,498.9916877787369,19.044210820392262,19.04421082039224
front-blockers-1,1,512,8,222,plugin,512,0.0,248.0,1526.0,0,0,511,1,512,283,229,1024.0,498.9916877787369,498.9916877787369,19.044210820392262,19.04421082039224
front-blockers-1,1,512,8,222,known,512,0.0,248.0,1526.0,0,0,511,1,512,283,229,1024.0,498.9916877787369,498.9916877787369,19.044210820392262,19.04421082039224
front-blockers-4,4,512,8,222,prefix,512,0.0,248.0,1526.0,0,0,511,4,512,283,229,1024.0,519.6439582476423,519.6439582476423,63.17684328156887,63.176843281568964
front-blockers-4,4,512,8,222,intersection,512,0.0,248.0,1526.0,0,0,511,4,512,283,229,1024.0,519.6439582476423,519.6439582476423,63.17684328156887,63.176843281568964
front-blockers-4,4,512,8,222,completed,512,0.0,248.0,1526.0,0,0,511,4,512,283,229,1024.0,519.6439582476423,519.6439582476423,63.17684328156887,63.176843281568964
front-blockers-4,4,512,8,222,plugin,512,0.0,248.0,1526.0,0,0,511,4,512,283,229,1024.0,519.6439582476423,519.6439582476423,63.17684328156887,63.176843281568964
front-blockers-4,4,512,8,222,known,512,0.0,248.0,1526.0,0,0,511,4,512,283,229,1024.0,519.6439582476423,519.6439582476423,63.17684328156887,63.176843281568964
front-blockers-1,1,1024,8,222,prefix,1024,0.0,496.0,2995.75,0,0,1023,1,1024,556,468,2048.0,754.7956538601168,754.7956538601168,21.129898723061462,21.129898723061448
front-blockers-1,1,1024,8,222,intersection,1024,0.0,496.0,2995.75,0,0,1023,1,1024,556,468,2048.0,754.7956538601168,754.7956538601168,21.129898723061462,21.129898723061448
front-blockers-1,1,1024,8,222,completed,1024,0.0,496.0,2995.75,0,0,1023,1,1024,556,468,2048.0,754.7956538601168,754.7956538601168,21.129898723061462,21.129898723061448
front-blockers-1,1,1024,8,222,plugin,1024,0.0,496.0,2995.75,0,0,1023,1,1024,556,468,2048.0,754.7956538601168,754.7956538601168,21.129898723061462,21.129898723061448
front-blockers-1,1,1024,8,222,known,1024,0.0,496.0,2995.75,0,0,1023,1,1024,556,468,2048.0,754.7956538601168,754.7956538601168,21.129898723061462,21.129898723061448
front-blockers-4,4,1024,8,222,prefix,1024,0.0,496.0,2995.75,0,0,1023,4,1024,556,468,2048.0,781.3166433181403,781.3166433181403,71.51959489224559,71.51959489224579
front-blockers-4,4,1024,8,222,intersection,1024,0.0,496.0,2995.75,0,0,1023,4,1024,556,468,2048.0,781.3166433181403,781.3166433181403,71.51959489224559,71.51959489224579
front-blockers-4,4,1024,8,222,completed,1024,0.0,496.0,2995.75,0,0,1023,4,1024,556,468,2048.0,781.3166433181403,781.3166433181403,71.51959489224559,71.51959489224579
front-blockers-4,4,1024,8,222,plugin,1024,0.0,496.0,2995.75,0,0,1023,4,1024,556,468,2048.0,781.3166433181403,781.3166433181403,71.51959489224559,71.51959489224579
front-blockers-4,4,1024,8,222,known,1024,0.0,496.0,2995.75,0,0,1023,4,1024,556,468,2048.0,781.3166433181403,781.3166433181403,71.51959489224559,71.51959489224579
front-blockers-1,1,2048,8,222,prefix,2048,0.0,992.0,6002.0,0,0,2047,1,2048,1137,911,4096.0,1124.3894076420218,1124.3894076420218,23.205724445350732,23.20572444535069
front-blockers-1,1,2048,8,222,intersection,2048,0.0,992.0,6002.0,0,0,2047,1,2048,1137,911,4096.0,1124.3894076420218,1124.3894076420218,23.205724445350732,23.20572444535069
front-blockers-1,1,2048,8,222,completed,2048,0.0,992.0,6002.0,0,0,2047,1,2048,1137,911,4096.0,1124.3894076420218,1124.3894076420218,23.205724445350732,23.20572444535069
front-blockers-1,1,2048,8,222,plugin,2048,0.0,992.0,6002.0,0,0,2047,1,2048,1137,911,4096.0,1124.3894076420218,1124.3894076420218,23.205724445350732,23.20572444535069
front-blockers-1,1,2048,8,222,known,2048,0.0,992.0,6002.0,0,0,2047,1,2048,1137,911,4096.0,1124.3894076420218,1124.3894076420218,23.205724445350732,23.20572444535069
front-blockers-4,4,2048,8,222,prefix,2048,0.0,992.0,6002.0,0,0,2047,4,2048,1137,911,4096.0,1156.7819207626767,1156.7819207626767,79.82289778140267,79.82289778140276
front-blockers-4,4,2048,8,222,intersection,2048,0.0,992.0,6002.0,0,0,2047,4,2048,1137,911,4096.0,1156.7819207626767,1156.7819207626767,79.82289778140267,79.82289778140276
front-blockers-4,4,2048,8,222,completed,2048,0.0,992.0,6002.0,0,0,2047,4,2048,1137,911,4096.0,1156.7819207626767,1156.7819207626767,79.82289778140267,79.82289778140276
front-blockers-4,4,2048,8,222,plugin,2048,0.0,992.0,6002.0,0,0,2047,4,2048,1137,911,4096.0,1156.7819207626767,1156.7819207626767,79.82289778140267,79.82289778140276
front-blockers-4,4,2048,8,222,known,2048,0.0,992.0,6002.0,0,0,2047,4,2048,1137,911,4096.0,1156.7819207626767,1156.7819207626767,79.82289778140267,79.82289778140276
front-blockers-1,1,128,8,333,prefix,128,0.0,62.0,381.0,0,0,127,1,128,76,52,256.0,201.00363012673324,201.00363012673324,14.845503404608897,14.8455034046089
front-blockers-1,1,128,8,333,intersection,128,0.0,62.0,381.0,0,0,127,1,128,76,52,256.0,201.00363012673324,201.00363012673324,14.845503404608897,14.8455034046089
front-blockers-1,1,128,8,333,completed,128,0.0,62.0,381.0,0,0,127,1,128,76,52,256.0,201.00363012673324,201.00363012673324,14.845503404608897,14.8455034046089
front-blockers-1,1,128,8,333,plugin,128,0.0,62.0,381.0,0,0,127,1,128,76,52,256.0,201.00363012673324,201.00363012673324,14.845503404608897,14.8455034046089
front-blockers-1,1,128,8,333,known,128,0.0,62.0,381.0,0,0,127,1,128,76,52,256.0,201.00363012673324,201.00363012673324,14.845503404608897,14.8455034046089
front-blockers-4,4,128,8,333,prefix,128,0.0,62.0,381.0,0,0,127,4,128,76,52,256.0,209.86863006196148,209.86863006196148,46.382013618435586,46.3820136184356
front-blockers-4,4,128,8,333,intersection,128,0.0,62.0,381.0,0,0,127,4,128,76,52,256.0,209.86863006196148,209.86863006196148,46.382013618435586,46.3820136184356
front-blockers-4,4,128,8,333,completed,128,0.0,62.0,381.0,0,0,127,4,128,76,52,256.0,209.86863006196148,209.86863006196148,46.382013618435586,46.3820136184356
front-blockers-4,4,128,8,333,plugin,128,0.0,62.0,381.0,0,0,127,4,128,76,52,256.0,209.86863006196148,209.86863006196148,46.382013618435586,46.3820136184356
front-blockers-4,4,128,8,333,known,128,0.0,62.0,381.0,0,0,127,4,128,76,52,256.0,209.86863006196148,209.86863006196148,46.382013618435586,46.3820136184356
front-blockers-1,1,256,8,333,prefix,256,0.0,124.0,761.25,0,0,255,1,256,155,101,512.0,321.74164988715864,321.74164988715864,16.925227737231427,16.925227737231417
front-blockers-1,1,256,8,333,intersection,256,0.0,124.0,761.25,0,0,255,1,256,155,101,512.0,321.74164988715864,321.74164988715864,16.925227737231427,16.925227737231417
front-blockers-1,1,256,8,333,completed,256,0.0,124.0,761.25,0,0,255,1,256,155,101,512.0,321.74164988715864,321.74164988715864,16.925227737231427,16.925227737231417
front-blockers-1,1,256,8,333,plugin,256,0.0,124.0,761.25,0,0,255,1,256,155,101,512.0,321.74164988715864,321.74164988715864,16.925227737231427,16.925227737231417
front-blockers-1,1,256,8,333,known,256,0.0,124.0,761.25,0,0,255,1,256,155,101,512.0,321.74164988715864,321.74164988715864,16.925227737231427,16.925227737231417
front-blockers-4,4,256,8,333,prefix,256,0.0,124.0,761.25,0,0,255,4,256,155,101,512.0,336.42981008473214,336.42981008473214,54.70091094892565,54.70091094892567
front-blockers-4,4,256,8,333,intersection,256,0.0,124.0,761.25,0,0,255,4,256,155,101,512.0,336.42981008473214,336.42981008473214,54.70091094892565,54.70091094892567
front-blockers-4,4,256,8,333,completed,256,0.0,124.0,761.25,0,0,255,4,256,155,101,512.0,336.42981008473214,336.42981008473214,54.70091094892565,54.70091094892567
front-blockers-4,4,256,8,333,plugin,256,0.0,124.0,761.25,0,0,255,4,256,155,101,512.0,336.42981008473214,336.42981008473214,54.70091094892565,54.70091094892567
front-blockers-4,4,256,8,333,known,256,0.0,124.0,761.25,0,0,255,4,256,155,101,512.0,336.42981008473214,336.42981008473214,54.70091094892565,54.70091094892567
front-blockers-1,1,512,8,333,prefix,512,0.0,248.0,1529.75,0,0,511,1,512,302,210,1024.0,498.0655395146906,498.0655395146906,19.02248990258302,19.022489902583025
front-blockers-1,1,512,8,333,intersection,512,0.0,248.0,1529.75,0,0,511,1,512,302,210,1024.0,498.0655395146906,498.0655395146906,19.02248990258302,19.022489902583025
front-blockers-1,1,512,8,333,completed,512,0.0,248.0,1529.75,0,0,511,1,512,302,210,1024.0,498.0655395146906,498.0655395146906,19.02248990258302,19.022489902583025
front-blockers-1,1,512,8,333,plugin,512,0.0,248.0,1529.75,0,0,511,1,512,302,210,1024.0,498.0655395146906,498.0655395146906,19.02248990258302,19.022489902583025
front-blockers-1,1,512,8,333,known,512,0.0,248.0,1529.75,0,0,511,1,512,302,210,1024.0,498.0655395146906,498.0655395146906,19.02248990258302,19.022489902583025
front-blockers-4,4,512,8,333,prefix,512,0.0,248.0,1529.75,0,0,511,4,512,302,210,1024.0,518.6526472301692,518.6526472301692,63.089959610332116,63.0899596103321
front-blockers-4,4,512,8,333,intersection,512,0.0,248.0,1529.75,0,0,511,4,512,302,210,1024.0,518.6526472301692,518.6526472301692,63.089959610332116,63.0899596103321
front-blockers-4,4,512,8,333,completed,512,0.0,248.0,1529.75,0,0,511,4,512,302,210,1024.0,518.6526472301692,518.6526472301692,63.089959610332116,63.0899596103321
front-blockers-4,4,512,8,333,plugin,512,0.0,248.0,1529.75,0,0,511,4,512,302,210,1024.0,518.6526472301692,518.6526472301692,63.089959610332116,63.0899596103321
front-blockers-4,4,512,8,333,known,512,0.0,248.0,1529.75,0,0,511,4,512,302,210,1024.0,518.6526472301692,518.6526472301692,63.089959610332116,63.0899596103321
front-blockers-1,1,1024,8,333,prefix,1024,0.0,496.0,3023.5,0,0,1023,1,1024,564,460,2048.0,754.6129904644351,754.6129904644351,21.12693704341797,21.126937043417986
front-blockers-1,1,1024,8,333,intersection,1024,0.0,496.0,3023.5,0,0,1023,1,1024,564,460,2048.0,754.6129904644351,754.6129904644351,21.12693704341797,21.126937043417986
front-blockers-1,1,1024,8,333,completed,1024,0.0,496.0,3023.5,0,0,1023,1,1024,564,460,2048.0,754.6129904644351,754.6129904644351,21.12693704341797,21.126937043417986
front-blockers-1,1,1024,8,333,plugin,1024,0.0,496.0,3023.5,0,0,1023,1,1024,564,460,2048.0,754.6129904644351,754.6129904644351,21.12693704341797,21.126937043417986
front-blockers-1,1,1024,8,333,known,1024,0.0,496.0,3023.5,0,0,1023,1,1024,564,460,2048.0,754.6129904644351,754.6129904644351,21.12693704341797,21.126937043417986
front-blockers-4,4,1024,8,333,prefix,1024,0.0,496.0,3023.5,0,0,1023,4,1024,564,460,2048.0,781.1250948835302,781.1250948835302,71.507748173672,71.50774817367194
front-blockers-4,4,1024,8,333,intersection,1024,0.0,496.0,3023.5,0,0,1023,4,1024,564,460,2048.0,781.1250948835302,781.1250948835302,71.507748173672,71.50774817367194
front-blockers-4,4,1024,8,333,completed,1024,0.0,496.0,3023.5,0,0,1023,4,1024,564,460,2048.0,781.1250948835302,781.1250948835302,71.507748173672,71.50774817367194
front-blockers-4,4,1024,8,333,plugin,1024,0.0,496.0,3023.5,0,0,1023,4,1024,564,460,2048.0,781.1250948835302,781.1250948835302,71.507748173672,71.50774817367194
front-blockers-4,4,1024,8,333,known,1024,0.0,496.0,3023.5,0,0,1023,4,1024,564,460,2048.0,781.1250948835302,781.1250948835302,71.507748173672,71.50774817367194
front-blockers-1,1,2048,8,333,prefix,2048,0.0,992.0,6088.25,0,0,2047,1,2048,1129,919,4096.0,1124.5389010542244,1124.5389010542244,23.207408403390406,23.207408403390478
front-blockers-1,1,2048,8,333,intersection,2048,0.0,992.0,6088.25,0,0,2047,1,2048,1129,919,4096.0,1124.5389010542244,1124.5389010542244,23.207408403390406,23.207408403390478
front-blockers-1,1,2048,8,333,completed,2048,0.0,992.0,6088.25,0,0,2047,1,2048,1129,919,4096.0,1124.5389010542244,1124.5389010542244,23.207408403390406,23.207408403390478
front-blockers-1,1,2048,8,333,plugin,2048,0.0,992.0,6088.25,0,0,2047,1,2048,1129,919,4096.0,1124.5389010542244,1124.5389010542244,23.207408403390406,23.207408403390478
front-blockers-1,1,2048,8,333,known,2048,0.0,992.0,6088.25,0,0,2047,1,2048,1129,919,4096.0,1124.5389010542244,1124.5389010542244,23.207408403390406,23.207408403390478
front-blockers-4,4,2048,8,333,prefix,2048,0.0,992.0,6088.25,0,0,2047,4,2048,1129,919,4096.0,1156.9364660489991,1156.9364660489991,79.82963361356174,79.82963361356191
front-blockers-4,4,2048,8,333,intersection,2048,0.0,992.0,6088.25,0,0,2047,4,2048,1129,919,4096.0,1156.9364660489991,1156.9364660489991,79.82963361356174,79.82963361356191
front-blockers-4,4,2048,8,333,completed,2048,0.0,992.0,6088.25,0,0,2047,4,2048,1129,919,4096.0,1156.9364660489991,1156.9364660489991,79.82963361356174,79.82963361356191
front-blockers-4,4,2048,8,333,plugin,2048,0.0,992.0,6088.25,0,0,2047,4,2048,1129,919,4096.0,1156.9364660489991,1156.9364660489991,79.82963361356174,79.82963361356191
front-blockers-4,4,2048,8,333,known,2048,0.0,992.0,6088.25,0,0,2047,4,2048,1129,919,4096.0,1156.9364660489991,1156.9364660489991,79.82963361356174,79.82963361356191
front-blockers-1,1,128,8,444,prefix,128,0.0,62.0,395.0,0,0,127,1,128,71,57,256.0,201.50259345868773,201.50259345868773,14.869640705010472,14.869640705010475
front-blockers-1,1,128,8,444,intersection,128,0.0,62.0,395.0,0,0,127,1,128,71,57,256.0,201.50259345868773,201.50259345868773,14.869640705010472,14.869640705010475
front-blockers-1,1,128,8,444,completed,128,0.0,62.0,395.0,0,0,127,1,128,71,57,256.0,201.50259345868773,201.50259345868773,14.869640705010472,14.869640705010475
front-blockers-1,1,128,8,444,plugin,128,0.0,62.0,395.0,0,0,127,1,128,71,57,256.0,201.50259345868773,201.50259345868773,14.869640705010472,14.869640705010475
front-blockers-1,1,128,8,444,known,128,0.0,62.0,395.0,0,0,127,1,128,71,57,256.0,201.50259345868773,201.50259345868773,14.869640705010472,14.869640705010475
front-blockers-4,4,128,8,444,prefix,128,0.0,62.0,395.0,0,0,127,4,128,71,57,256.0,210.4400052951209,210.4400052951209,46.478562820041894,46.4785628200419
front-blockers-4,4,128,8,444,intersection,128,0.0,62.0,395.0,0,0,127,4,128,71,57,256.0,210.4400052951209,210.4400052951209,46.478562820041894,46.4785628200419
front-blockers-4,4,128,8,444,completed,128,0.0,62.0,395.0,0,0,127,4,128,71,57,256.0,210.4400052951209,210.4400052951209,46.478562820041894,46.4785628200419
front-blockers-4,4,128,8,444,plugin,128,0.0,62.0,395.0,0,0,127,4,128,71,57,256.0,210.4400052951209,210.4400052951209,46.478562820041894,46.4785628200419
front-blockers-4,4,128,8,444,known,128,0.0,62.0,395.0,0,0,127,4,128,71,57,256.0,210.4400052951209,210.4400052951209,46.478562820041894,46.4785628200419
front-blockers-1,1,256,8,444,prefix,256,0.0,124.0,787.75,0,0,255,1,256,144,112,512.0,322.6290094832686,322.6290094832686,16.955235043569246,16.95523504356924
front-blockers-1,1,256,8,444,intersection,256,0.0,124.0,787.75,0,0,255,1,256,144,112,512.0,322.6290094832686,322.6290094832686,16.955235043569246,16.95523504356924
front-blockers-1,1,256,8,444,completed,256,0.0,124.0,787.75,0,0,255,1,256,144,112,512.0,322.6290094832686,322.6290094832686,16.955235043569246,16.95523504356924
front-blockers-1,1,256,8,444,plugin,256,0.0,124.0,787.75,0,0,255,1,256,144,112,512.0,322.6290094832686,322.6290094832686,16.955235043569246,16.95523504356924
front-blockers-1,1,256,8,444,known,256,0.0,124.0,787.75,0,0,255,1,256,144,112,512.0,322.6290094832686,322.6290094832686,16.955235043569246,16.95523504356924
front-blockers-4,4,256,8,444,prefix,256,0.0,124.0,787.75,0,0,255,4,256,144,112,512.0,337.4071915998552,337.4071915998552,54.820940174276934,54.820940174276956
front-blockers-4,4,256,8,444,intersection,256,0.0,124.0,787.75,0,0,255,4,256,144,112,512.0,337.4071915998552,337.4071915998552,54.820940174276934,54.820940174276956
front-blockers-4,4,256,8,444,completed,256,0.0,124.0,787.75,0,0,255,4,256,144,112,512.0,337.4071915998552,337.4071915998552,54.820940174276934,54.820940174276956
front-blockers-4,4,256,8,444,plugin,256,0.0,124.0,787.75,0,0,255,4,256,144,112,512.0,337.4071915998552,337.4071915998552,54.820940174276934,54.820940174276956
front-blockers-4,4,256,8,444,known,256,0.0,124.0,787.75,0,0,255,4,256,144,112,512.0,337.4071915998552,337.4071915998552,54.820940174276934,54.820940174276956
front-blockers-1,1,512,8,444,prefix,512,0.0,248.0,1553.25,0,0,511,1,512,288,224,1024.0,498.79576882534917,498.79576882534917,19.03963035186552,19.039630351865533
front-blockers-1,1,512,8,444,intersection,512,0.0,248.0,1553.25,0,0,511,1,512,288,224,1024.0,498.79576882534917,498.79576882534917,19.03963035186552,19.039630351865533
front-blockers-1,1,512,8,444,completed,512,0.0,248.0,1553.25,0,0,511,1,512,288,224,1024.0,498.79576882534917,498.79576882534917,19.03963035186552,19.039630351865533
front-blockers-1,1,512,8,444,plugin,512,0.0,248.0,1553.25,0,0,511,1,512,288,224,1024.0,498.79576882534917,498.79576882534917,19.03963035186552,19.039630351865533
front-blockers-1,1,512,8,444,known,512,0.0,248.0,1553.25,0,0,511,1,512,288,224,1024.0,498.79576882534917,498.79576882534917,19.03963035186552,19.039630351865533
front-blockers-4,4,512,8,444,prefix,512,0.0,248.0,1553.25,0,0,511,4,512,288,224,1024.0,519.434297888675,519.434297888675,63.15852140746211,63.15852140746213
front-blockers-4,4,512,8,444,intersection,512,0.0,248.0,1553.25,0,0,511,4,512,288,224,1024.0,519.434297888675,519.434297888675,63.15852140746211,63.15852140746213
front-blockers-4,4,512,8,444,completed,512,0.0,248.0,1553.25,0,0,511,4,512,288,224,1024.0,519.434297888675,519.434297888675,63.15852140746211,63.15852140746213
front-blockers-4,4,512,8,444,plugin,512,0.0,248.0,1553.25,0,0,511,4,512,288,224,1024.0,519.434297888675,519.434297888675,63.15852140746211,63.15852140746213
front-blockers-4,4,512,8,444,known,512,0.0,248.0,1553.25,0,0,511,4,512,288,224,1024.0,519.434297888675,519.434297888675,63.15852140746211,63.15852140746213
front-blockers-1,1,1024,8,444,prefix,1024,0.0,496.0,3077.0,0,0,1023,1,1024,563,461,2048.0,754.6375081158789,754.6375081158789,21.127334757527194,21.127334757527183
front-blockers-1,1,1024,8,444,intersection,1024,0.0,496.0,3077.0,0,0,1023,1,1024,563,461,2048.0,754.6375081158789,754.6375081158789,21.127334757527194,21.127334757527183
front-blockers-1,1,1024,8,444,completed,1024,0.0,496.0,3077.0,0,0,1023,1,1024,563,461,2048.0,754.6375081158789,754.6375081158789,21.127334757527194,21.127334757527183
front-blockers-1,1,1024,8,444,plugin,1024,0.0,496.0,3077.0,0,0,1023,1,1024,563,461,2048.0,754.6375081158789,754.6375081158789,21.127334757527194,21.127334757527183
front-blockers-1,1,1024,8,444,known,1024,0.0,496.0,3077.0,0,0,1023,1,1024,563,461,2048.0,754.6375081158789,754.6375081158789,21.127334757527194,21.127334757527183
front-blockers-4,4,1024,8,444,prefix,1024,0.0,496.0,3077.0,0,0,1023,4,1024,563,461,2048.0,781.1508056773009,781.1508056773009,71.50933903010878,71.50933903010873
front-blockers-4,4,1024,8,444,intersection,1024,0.0,496.0,3077.0,0,0,1023,4,1024,563,461,2048.0,781.1508056773009,781.1508056773009,71.50933903010878,71.50933903010873
front-blockers-4,4,1024,8,444,completed,1024,0.0,496.0,3077.0,0,0,1023,4,1024,563,461,2048.0,781.1508056773009,781.1508056773009,71.50933903010878,71.50933903010873
front-blockers-4,4,1024,8,444,plugin,1024,0.0,496.0,3077.0,0,0,1023,4,1024,563,461,2048.0,781.1508056773009,781.1508056773009,71.50933903010878,71.50933903010873
front-blockers-4,4,1024,8,444,known,1024,0.0,496.0,3077.0,0,0,1023,4,1024,563,461,2048.0,781.1508056773009,781.1508056773009,71.50933903010878,71.50933903010873
front-blockers-1,1,2048,8,444,prefix,2048,0.0,992.0,6112.25,0,0,2047,1,2048,1151,897,4096.0,1124.1009455313535,1124.1009455313535,23.2024721062128,23.202472106212753
front-blockers-1,1,2048,8,444,intersection,2048,0.0,992.0,6112.25,0,0,2047,1,2048,1151,897,4096.0,1124.1009455313535,1124.1009455313535,23.2024721062128,23.202472106212753
front-blockers-1,1,2048,8,444,completed,2048,0.0,992.0,6112.25,0,0,2047,1,2048,1151,897,4096.0,1124.1009455313535,1124.1009455313535,23.2024721062128,23.202472106212753
front-blockers-1,1,2048,8,444,plugin,2048,0.0,992.0,6112.25,0,0,2047,1,2048,1151,897,4096.0,1124.1009455313535,1124.1009455313535,23.2024721062128,23.202472106212753
front-blockers-1,1,2048,8,444,known,2048,0.0,992.0,6112.25,0,0,2047,1,2048,1151,897,4096.0,1124.1009455313535,1124.1009455313535,23.2024721062128,23.202472106212753
front-blockers-4,4,2048,8,444,prefix,2048,0.0,992.0,6112.25,0,0,2047,4,2048,1151,897,4096.0,1156.4837016345907,1156.4837016345907,79.8098884248512,79.809888424851
front-blockers-4,4,2048,8,444,intersection,2048,0.0,992.0,6112.25,0,0,2047,4,2048,1151,897,4096.0,1156.4837016345907,1156.4837016345907,79.8098884248512,79.809888424851
front-blockers-4,4,2048,8,444,completed,2048,0.0,992.0,6112.25,0,0,2047,4,2048,1151,897,4096.0,1156.4837016345907,1156.4837016345907,79.8098884248512,79.809888424851
front-blockers-4,4,2048,8,444,plugin,2048,0.0,992.0,6112.25,0,0,2047,4,2048,1151,897,4096.0,1156.4837016345907,1156.4837016345907,79.8098884248512,79.809888424851
front-blockers-4,4,2048,8,444,known,2048,0.0,992.0,6112.25,0,0,2047,4,2048,1151,897,4096.0,1156.4837016345907,1156.4837016345907,79.8098884248512,79.809888424851
front-blockers-1,1,128,20,111,prefix,128,75.25,116.0,460.0,0,0,127,1,128,121,7,256.0,183.39441180065603,183.39441180065603,13.244202879942563,13.244202879942568
front-blockers-1,1,128,20,111,intersection,128,14.0,81.0,398.5,0,0,127,1,128,60,68,256.0,201.6741266864366,201.6741266864366,14.877890746250472,14.877890746250472
front-blockers-1,1,128,20,111,completed,128,13.453125,80.6875,398.5,0,0,127,1,128,59,69,256.0,201.62743501432033,201.62743501432033,14.875647476061046,14.87564747606104
front-blockers-1,1,128,20,111,plugin,128,2.392578125,30.1640625,393.25,0,0,127,1,128,5,72,205.0,155.7465394676242,155.7465394676242,12.355589190602826,12.355589190602831
front-blockers-1,1,128,20,111,known,128,0.0,27.0,393.75,0,0,127,1,128,0,74,202.0,151.94445218806004,151.94445218806004,10.299843376295367,10.299843376295374
front-blockers-4,4,128,20,111,prefix,128,75.25,116.0,460.0,0,0,127,4,128,121,7,256.0,191.99601358808465,191.99601358808465,39.97681151977023,39.976811519770266
front-blockers-4,4,128,20,111,intersection,128,17.28125,82.875,404.25,0,0,127,4,128,63,65,256.0,210.7251417782361,210.7251417782361,46.52647353651079,46.52647353651078
front-blockers-4,4,128,20,111,completed,128,15.640625,81.9375,400.75,0,0,127,4,128,61,67,256.0,210.67778179388665,210.67778179388665,46.518528159131215,46.518528159131236
front-blockers-4,4,128,20,111,plugin,128,4.744140625,32.9453125,392.5,0,0,127,4,128,8,70,206.0,164.4820086168259,164.4820086168259,38.34697111519467,38.34697111519469
front-blockers-4,4,128,20,111,known,128,0.0,27.0,393.75,0,0,127,4,128,0,74,202.0,159.06297546454738,159.06297546454738,32.53270683851483,32.53270683851483
front-blockers-1,1,256,20,111,prefix,256,150.5,232.0,924.25,0,0,255,1,256,242,14,512.0,289.79202706581094,289.79202706581094,15.36465832036449,15.364658320364505
front-blockers-1,1,256,20,111,intersection,256,18.3203125,143.53125,792.75,0,0,255,1,256,99,142,497.0,315.1350462347593,315.1350462347593,16.817232683340734,16.817232683340727
front-blockers-1,1,256,20,111,completed,256,17.2265625,142.90625,792.75,0,0,255,1,256,98,143,497.0,315.0443536447108,315.0443536447108,16.814070855229215,16.8140708552292
front-blockers-1,1,256,20,111,plugin,256,2.392578125,57.1640625,785.25,0,0,255,1,256,5,146,407.0,244.6739802574019,244.6739802574019,13.761165765818161,13.761165765818166
front-blockers-1,1,256,20,111,known,256,0.0,54.0,785.75,0,0,255,1,256,0,148,404.0,240.53359431117624,240.53359431117624,11.69148446864176,11.691484468641761
front-blockers-4,4,256,20,111,prefix,256,150.5,232.0,924.25,0,0,255,4,256,242,14,512.0,302.28725208542267,302.28725208542267,48.45863328145795,48.45863328145803
front-blockers-4,4,256,20,111,intersection,256,22.53125,158.875,798.5,0,0,255,4,256,117,139,512.0,337.682588858508,337.682588858508,54.85454753332286,54.85454753332285
front-blockers-4,4,256,20,111,completed,256,17.076171875,122.3359375,795.25,0,0,255,4,256,76,141,473.0,315.3240254898162,315.3240254898162,53.17687843109438,53.17687843109442
front-blockers-4,4,256,20,111,plugin,256,4.744140625,59.9453125,784.5,0,0,255,4,256,8,144,408.0,257.7419684828267,257.7419684828267,44.027394316693545,44.027394316693574
front-blockers-4,4,256,20,111,known,256,0.0,54.0,785.75,0,0,255,4,256,0,148,404.0,251.54969904102114,251.54969904102114,38.099271207900394,38.09927120790039
front-blockers-1,1,512,20,111,prefix,512,301.0,464.0,1826.25,0,0,511,1,512,479,33,1024.0,451.8820003047215,451.8820003047215,17.620930662761154,17.620930662761154
front-blockers-1,1,512,20,111,intersection,512,21.109375,223.5625,1579.5,0,0,511,1,512,133,274,919.0,457.6989263912288,457.6989263912288,18.466881936964246,18.466881936964224
front-blockers-1,1,512,20,111,completed,512,18.361328125,197.9140625,1576.25,0,0,511,1,512,100,274,886.0,441.2756018643535,441.2756018643535,18.180458770975875,18.18045877097585
front-blockers-1,1,512,20,111,plugin,512,2.392578125,111.1640625,1568.5,0,0,511,1,512,5,278,795.0,368.6037054105687,368.6037054105687,15.100933882051466,15.100933882051471
front-blockers-1,1,512,20,111,known,512,0.0,108.0,1569.0,0,0,511,1,512,0,280,792.0,364.2404616026218,364.2404616026218,13.024781900410984,13.024781900410977
front-blockers-4,4,512,20,111,prefix,512,301.0,464.0,1826.25,0,0,511,4,512,479,33,1024.0,468.3209434540708,468.3209434540708,57.483722651044566,57.483722651044616
front-blockers-4,4,512,20,111,intersection,512,24.595703125,227.3515625,1585.75,0,0,511,4,512,138,271,921.0,478.02841417576025,478.02841417576025,60.971574112116535,60.97157411211653
front-blockers-4,4,512,20,111,completed,512,19.9609375,198.46875,1578.25,0,0,511,4,512,100,273,885.0,459.00402201087525,459.00402201087525,59.70718306925138,59.70718306925139
front-blockers-4,4,512,20,111,plugin,512,4.744140625,113.9453125,1567.75,0,0,511,4,512,8,276,796.0,385.67548484950635,385.67548484950635,49.412897579464946,49.41289757946494
front-blockers-4,4,512,20,111,known,512,0.0,108.0,1569.0,0,0,511,4,512,0,280,792.0,378.9945659756745,378.9945659756745,43.43246093497729,43.43246093497724
front-blockers-1,1,1024,20,111,prefix,1024,602.0,928.0,3689.5,0,0,1023,1,1024,961,63,2048.0,685.571489705561,685.571489705561,19.66526168988518,19.66526168988519
front-blockers-1,1,1024,20,111,intersection,1024,21.73828125,332.640625,3163.75,0,0,1023,1,1024,135,571,1730.0,649.0460390570875,649.0460390570875,19.91071023918926,19.91071023918926
front-blockers-1,1,1024,20,111,completed,1024,21.109375,331.5625,3161.25,0,0,1023,1,1024,133,572,1729.0,648.3262165477086,648.3262165477086,19.89748006911475,19.897480069114728
front-blockers-1,1,1024,20,111,plugin,1024,2.392578125,219.1640625,3150.25,0,0,1023,1,1024,5,576,1605.0,557.2882662486516,557.2882662486516,16.523987461979907,16.523987461979928
front-blockers-1,1,1024,20,111,known,1024,0.0,216.0,3150.75,0,0,1023,1,1024,0,578,1602.0,552.7401739855625,552.7401739855625,14.444123342010737,14.444123342010739
front-blockers-4,4,1024,20,111,prefix,1024,602.0,928.0,3689.5,0,0,1023,4,1024,961,63,2048.0,707.6985680640562,707.6985680640562,65.66104675954067,65.66104675954077
front-blockers-4,4,1024,20,111,intersection,1024,24.677734375,336.1171875,3168.0,0,0,1023,4,1024,140,569,1733.0,673.8900805960969,673.8900805960969,66.77479449621154,66.77479449621137
front-blockers-4,4,1024,20,111,completed,1024,22.75,332.5,3163.5,0,0,1023,4,1024,134,571,1729.0,671.4145404680085,671.4145404680085,66.61299021048835,66.61299021048839
front-blockers-4,4,1024,20,111,plugin,1024,4.744140625,221.9453125,3149.5,0,0,1023,4,1024,8,574,1606.0,578.5679472461939,578.5679472461939,55.120119923160814,55.12011992316084
front-blockers-4,4,1024,20,111,known,1024,0.0,216.0,3150.75,0,0,1023,4,1024,0,578,1602.0,571.4934062041548,571.4934062041548,49.109826701376306,49.10982670137629
front-blockers-1,1,2048,20,111,prefix,2048,1204.0,1856.0,7442.5,0,0,2047,1,2048,1926,122,4096.0,1023.8916854881152,1023.8916854881152,21.71887987012582,21.718879870125853
front-blockers-1,1,2048,20,111,intersection,2048,21.90234375,550.171875,6339.25,0,0,2047,1,2048,137,1151,3336.0,920.981692530544,920.981692530544,21.320300612194767,21.320300612194792
front-blockers-1,1,2048,20,111,completed,2048,21.73828125,548.640625,6338.75,0,0,2047,1,2048,135,1151,3334.0,920.0200833152999,920.0200833152999,21.30554026361089,21.305540263610915
front-blockers-1,1,2048,20,111,plugin,2048,2.392578125,435.1640625,6325.25,0,0,2047,1,2048,5,1156,3209.0,826.4263697694615,826.4263697694615,17.91442794972368,17.914427949723787
front-blockers-1,1,2048,20,111,known,2048,0.0,432.0,6325.75,0,0,2047,1,2048,0,1158,3206.0,821.752196345431,821.752196345431,15.832823972528644,15.83282397252866
front-blockers-4,4,2048,20,111,prefix,2048,1204.0,1856.0,7442.5,0,0,2047,4,2048,1926,122,4096.0,1051.8236648830928,1051.8236648830928,73.87551948050323,73.87551948050341
front-blockers-4,4,2048,20,111,intersection,2048,26.49609375,564.296875,6342.25,0,0,2047,4,2048,152,1149,3349.0,954.6938172753988,954.6938172753988,72.69128525754788,72.69128525754762
front-blockers-4,4,2048,20,111,completed,2048,23.37890625,549.578125,6341.0,0,0,2047,4,2048,136,1150,3334.0,947.0499872559238,947.0499872559238,72.24831242320353,72.24831242320371
front-blockers-4,4,2048,20,111,plugin,2048,4.744140625,437.9453125,6324.5,0,0,2047,4,2048,8,1154,3210.0,851.7719062434512,851.7719062434512,60.68887762902104,60.68887762902112
front-blockers-4,4,2048,20,111,known,2048,0.0,432.0,6325.75,0,0,2047,4,2048,0,1158,3206.0,844.4342281194206,844.4342281194206,54.66462922344793,54.66462922344797
front-blockers-1,1,128,20,222,prefix,128,75.25,116.0,467.0,0,0,127,1,128,123,5,256.0,182.3149021325476,182.3149021325476,12.893997397397293,12.893997397397294
front-blockers-1,1,128,20,222,intersection,128,11.265625,79.4375,393.75,0,0,127,1,128,62,66,256.0,201.73627774270707,201.73627774270707,14.880873967254248,14.880873967254246
front-blockers-1,1,128,20,222,completed,128,10.71875,79.125,393.75,0,0,127,1,128,61,67,256.0,201.7103959531366,201.7103959531366,14.879632039782813,14.879632039782809
front-blockers-1,1,128,20,222,plugin,128,1.763671875,29.0859375,387.75,0,0,127,1,128,3,70,201.0,152.5313585614003,152.5313585614003,11.743885635941536,11.743885635941531
front-blockers-1,1,128,20,222,known,128,0.0,27.0,387.25,0,0,127,1,128,0,71,199.0,150.14115391885957,150.14115391885957,10.25817135022724,10.258171350227244
front-blockers-4,4,128,20,222,prefix,128,75.25,116.0,467.0,0,0,127,4,128,123,5,256.0,190.9658874723405,190.9658874723405,38.57598958958917,38.57598958958917
front-blockers-4,4,128,20,222,intersection,128,15.09375,81.625,397.25,0,0,127,4,128,65,63,256.0,210.72514177823624,210.72514177823624,46.52647353651083,46.52647353651078
front-blockers-4,4,128,20,222,completed,128,12.90625,80.375,393.75,0,0,127,4,128,62,66,256.0,210.7073893658715,210.7073893658715,46.52349586901695,46.52349586901698
front-blockers-4,4,128,20,222,plugin,128,3.52734375,31.171875,390.5,0,0,127,4,128,6,69,203.0,161.8242281947072,161.8242281947072,37.05090486260668,37.0509048626067
front-blockers-4,4,128,20,222,known,128,0.0,27.0,387.25,0,0,127,4,128,0,71,199.0,157.13466111714212,157.13466111714212,32.36601873424232,32.36601873424231
front-blockers-1,1,256,20,222,prefix,256,150.5,232.0,937.5,0,0,255,1,256,244,12,512.0,288.45780002401017,288.45780002401017,15.212649367850501,15.212649367850503
front-blockers-1,1,256,20,222,intersection,256,13.193359375,124.4296875,781.5,0,0,255,1,256,83,140,479.0,305.46071051862094,305.46071051862094,16.625741199986777,16.62574119998678
front-blockers-1,1,256,20,222,completed,256,12.5234375,122.96875,781.25,0,0,255,1,256,81,141,478.0,304.7417852291702,304.7417852291702,16.60834325616608,16.608343256166073
front-blockers-1,1,256,20,222,plugin,256,1.763671875,56.0859375,772.75,0,0,255,1,256,3,144,403.0,241.8083428499584,241.8083428499584,13.163991436316257,13.163991436316252
front-blockers-1,1,256,20,222,known,256,0.0,54.0,772.25,0,0,255,1,256,0,145,401.0,239.2419223503527,239.2419223503527,11.670935880760691,11.670935880760695
front-blockers-4,4,256,20,222,prefix,256,150.5,232.0,937.5,0,0,255,4,256,244,12,512.0,300.977767416849,300.977767416849,47.850597471402004,47.85059747140201
front-blockers-4,4,256,20,222,intersection,256,20.890625,157.9375,789.25,0,0,255,4,256,120,136,512.0,337.79840391475625,337.79840391475625,54.86865296572953,54.86865296572955
front-blockers-4,4,256,20,222,completed,256,14.875,125.75,781.75,0,0,255,4,256,84,140,480.0,319.860555249969,319.860555249969,53.55115757103148,53.55115757103147
front-blockers-4,4,256,20,222,plugin,256,3.52734375,58.171875,775.5,0,0,255,4,256,6,143,405.0,255.28587226678235,255.28587226678235,42.7613270506263,42.76132705062631
front-blockers-4,4,256,20,222,known,256,0.0,54.0,772.25,0,0,255,4,256,0,145,401.0,250.19638131655418,250.19638131655418,38.01707685637612,38.01707685637612
front-blockers-1,1,512,20,222,prefix,512,301.0,464.0,1857.75,0,0,511,1,512,484,28,1024.0,448.1619190637397,448.1619190637397,17.464287320832707,17.464287320832707
front-blockers-1,1,512,20,222,intersection,512,13.86328125,179.890625,1561.0,0,0,511,1,512,85,278,875.0,434.1705321291007,434.1705321291007,18.031573583303047,18.031573583303064
front-blockers-1,1,512,20,222,completed,512,13.193359375,178.4296875,1560.5,0,0,511,1,512,83,278,873.0,432.99677987203444,432.99677987203444,18.007620628627205,18.00762062862722
front-blockers-1,1,512,20,222,plugin,512,1.763671875,110.0859375,1551.75,0,0,511,1,512,3,282,797.0,367.87491809088516,367.87491809088516,14.531912047843624,14.531912047843615
front-blockers-1,1,512,20,222,known,512,0.0,108.0,1551.25,0,0,511,1,512,0,283,795.0,365.191291665005,365.191291665005,13.035458147134397,13.035458147134396
front-blockers-4,4,512,20,222,prefix,512,301.0,464.0,1857.75,0,0,511,4,512,484,28,1024.0,464.5601694383011,464.5601694383011,56.857149283330834,56.85714928333083
front-blockers-4,4,512,20,222,intersection,512,21.751953125,219.9765625,1570.25,0,0,511,4,512,128,274,914.0,474.16153378676677,474.16153378676677,60.71366338370165,60.713663383701615
front-blockers-4,4,512,20,222,completed,512,15.96875,180.375,1562.0,0,0,511,4,512,86,276,874.0,451.740965597686,451.740965597686,59.14441996990556,59.144419969905485
front-blockers-4,4,512,20,222,plugin,512,3.52734375,112.171875,1554.5,0,0,511,4,512,6,281,799.0,385.32279441779065,385.32279441779065,48.24674664926297,48.24674664926295
front-blockers-4,4,512,20,222,known,512,0.0,108.0,1551.25,0,0,511,4,512,0,283,795.0,379.9774247782272,379.9774247782272,43.475165921870946,43.47516592187091
front-blockers-1,1,1024,20,222,prefix,1024,602.0,928.0,3734.5,0,0,1023,1,1024,972,52,2048.0,679.4417515438051,679.4417515438051,19.483069269111017,19.48306926911103
front-blockers-1,1,1024,20,222,intersection,1024,13.9453125,288.65625,3137.0,0,0,1023,1,1024,86,577,1687.0,624.6409269313814,624.6409269313814,19.468127980224995,19.46812798022499
front-blockers-1,1,1024,20,222,completed,1024,13.31640625,287.578125,3136.75,0,0,1023,1,1024,85,577,1686.0,624.045229266603,624.045229266603,19.45636327434264,19.456363274342635
front-blockers-1,1,1024,20,222,plugin,1024,1.763671875,218.0859375,3127.5,0,0,1023,1,1024,3,581,1608.0,556.416559671288,556.416559671288,15.949304699464768,15.949304699464754
front-blockers-1,1,1024,20,222,known,1024,0.0,216.0,3127.0,0,0,1023,1,1024,0,582,1606.0,553.6416300335699,553.6416300335699,14.451025869860631,14.451025869860624
front-blockers-4,4,1024,20,222,prefix,1024,602.0,928.0,3734.5,0,0,1023,4,1024,972,52,2048.0,701.0222526399765,701.0222526399765,64.9322770764441,64.93227707644412
front-blockers-4,4,1024,20,222,intersection,1024,22.33984375,328.671875,3147.5,0,0,1023,4,1024,130,572,1726.0,669.6472220074803,669.6472220074803,66.49831366424159,66.4983136642416
front-blockers-4,4,1024,20,222,completed,1024,16.1328125,289.90625,3138.25,0,0,1023,4,1024,88,575,1687.0,646.9640740064099,646.9640740064099,64.95109959411776,64.95109959411761
front-blockers-4,4,1024,20,222,plugin,1024,3.52734375,220.171875,3130.25,0,0,1023,4,1024,6,580,1610.0,577.9548977591433,577.9548977591433,53.92365557946826,53.92365557946822
front-blockers-4,4,1024,20,222,known,1024,0.0,216.0,3127.0,0,0,1023,4,1024,0,582,1606.0,572.4155698357125,572.4155698357125,49.13743681277588,49.13743681277583
front-blockers-1,1,2048,20,222,prefix,2048,1204.0,1856.0,7451.0,0,0,2047,1,2048,1937,111,4096.0,1019.5520496982441,1019.5520496982441,21.629678263779006,21.62967826377905
front-blockers-1,1,2048,20,222,intersection,2048,16.884765625,522.5078125,6205.0,0,0,2047,1,2048,105,1154,3307.0,905.1038393738966,905.1038393738966,21.055768816184884,21.05576881618486
front-blockers-1,1,2048,20,222,completed,2048,13.3984375,504.34375,6204.0,0,0,2047,1,2048,86,1154,3288.0,894.1471087946363,894.1471087946363,20.855100004865438,20.855100004865417
front-blockers-1,1,2048,20,222,plugin,2048,1.763671875,434.0859375,6194.5,0,0,2047,1,2048,3,1158,3209.0,824.7521963454313,824.7521963454313,17.33282397252865,17.332823972528658
front-blockers-1,1,2048,20,222,known,2048,0.0,432.0,6194.0,0,0,2047,1,2048,0,1159,3207.0,821.9150035140808,821.9150035140808,15.833687530387028,15.833687530387035
front-blockers-4,4,2048,20,222,prefix,2048,1204.0,1856.0,7451.0,0,0,2047,4,2048,1937,111,4096.0,1047.2164242741837,1047.2164242741837,73.51871305511605,73.5187130551162
front-blockers-4,4,2048,20,222,intersection,2048,22.5859375,546.96875,6215.5,0,0,2047,4,2048,134,1149,3331.0,945.8740866693765,945.8740866693765,72.18535075922874,72.18535075922884
front-blockers-4,4,2048,20,222,completed,2048,18.8125,526.125,6208.75,0,0,2047,4,2048,109,1151,3308.0,932.8353240788318,932.8353240788318,71.362909894599,71.36290989459894
front-blockers-4,4,2048,20,222,plugin,2048,3.52734375,436.171875,6197.25,0,0,2047,4,2048,6,1157,3211.0,850.2687573225295,850.2687573225295,59.46117200650766,59.4611720065076
front-blockers-4,4,2048,20,222,known,2048,0.0,432.0,6194.0,0,0,2047,4,2048,0,1159,3207.0,844.5996259616452,844.5996259616452,54.66808345488147,54.668083454881476
front-blockers-1,1,128,20,333,prefix,128,75.25,116.0,475.25,0,0,127,1,128,120,8,256.0,183.93125046450282,183.93125046450282,13.378726689466378,13.378726689466378
front-blockers-1,1,128,20,333,intersection,128,12.359375,80.0625,402.0,0,0,127,1,128,56,72,256.0,201.4243218428991,201.4243218428991,14.865868069195594,14.865868069195585
front-blockers-1,1,128,20,333,completed,128,11.8125,79.75,400.75,0,0,127,1,128,55,73,256.0,201.33538385630104,201.33538385630104,14.861575139902657,14.861575139902657
front-blockers-1,1,128,20,333,plugin,128,5.044921875,45.3359375,393.0,0,0,127,1,128,21,75,224.0,173.53715690673272,173.53715690673272,13.91109654695257,13.91109654695257
front-blockers-1,1,128,20,333,known,128,0.0,27.0,388.0,0,0,127,1,128,0,76,204.0,153.12580721308038,153.12580721308038,10.326690223142226,10.32669022314222
front-blockers-4,4,128,20,333,prefix,128,75.25,116.0,475.25,0,0,127,4,128,120,8,256.0,192.50785225193155,192.50785225193155,40.51490675786549,40.5149067578655
front-blockers-4,4,128,20,333,intersection,128,17.28125,82.875,410.0,0,0,127,4,128,61,67,256.0,210.67778179388654,210.67778179388654,46.51852815913126,46.518528159131236
front-blockers-4,4,128,20,333,completed,128,15.09375,81.625,406.5,0,0,127,4,128,59,69,256.0,210.58286716390515,210.58286716390515,46.50258990424416,46.50258990424416
front-blockers-4,4,128,20,333,plugin,128,4.115234375,31.8671875,390.5,0,0,127,4,128,6,75,209.0,165.69622072376038,165.69622072376038,37.386760892568866,37.38676089256888
front-blockers-4,4,128,20,333,known,128,0.0,27.0,388.0,0,0,127,4,128,0,76,204.0,160.32487103010806,160.32487103010806,32.6400942259022,32.64009422590221
front-blockers-1,1,256,20,333,prefix,256,150.5,232.0,932.5,0,0,255,1,256,240,16,512.0,291.12345717021685,291.12345717021685,15.494437514199717,15.494437514199717
front-blockers-1,1,256,20,333,intersection,256,17.609375,156.0625,781.25,0,0,255,1,256,116,140,512.0,322.8366704893931,322.8366704893931,16.962210438279854,16.962210438279858
front-blockers-1,1,256,20,333,completed,256,17.0625,155.75,780.0,0,0,255,1,256,115,141,512.0,322.7903975244203,322.7903975244203,16.96065764324879,16.9606576432488
front-blockers-1,1,256,20,333,plugin,256,5.044921875,72.3359375,771.0,0,0,255,1,256,21,143,420.0,259.373225654893,259.373225654893,15.254738086466926,15.254738086466926
front-blockers-1,1,256,20,333,known,256,0.0,54.0,766.0,0,0,255,1,256,0,144,400.0,238.8083428499583,238.8083428499583,11.663991436316262,11.663991436316252
front-blockers-4,4,256,20,333,prefix,256,150.5,232.0,932.5,0,0,255,4,256,240,16,512.0,303.59373405704855,303.59373405704855,48.977750056798854,48.97775005679887
front-blockers-4,4,256,20,333,intersection,256,23.078125,159.1875,789.25,0,0,255,4,256,122,134,512.0,337.8551954164084,337.8551954164084,54.875563774404306,54.87556377440427
front-blockers-4,4,256,20,333,completed,256,20.34375,157.625,785.75,0,0,255,4,256,119,137,512.0,337.7638912274071,337.7638912274071,54.8644512850573,54.864451285057285
front-blockers-4,4,256,20,333,plugin,256,4.115234375,58.8671875,768.5,0,0,255,4,256,6,143,405.0,255.2858722667823,255.2858722667823,42.76132705062629,42.76132705062631
front-blockers-4,4,256,20,333,known,256,0.0,54.0,766.0,0,0,255,4,256,0,144,400.0,249.74196848282665,249.74196848282665,37.98929907859835,37.989299078598336
front-blockers-1,1,512,20,333,prefix,512,301.0,464.0,1852.75,0,0,511,1,512,479,33,1024.0,451.88200030472166,451.88200030472166,17.620930662761157,17.620930662761154
front-blockers-1,1,512,20,333,intersection,512,26.359375,286.9375,1557.5,0,0,511,1,512,206,281,999.0,490.04725990229906,490.04725990229906,18.93101601447065,18.93101601447065
front-blockers-1,1,512,20,333,completed,512,25.40234375,282.796875,1556.75,0,0,511,1,512,202,282,996.0,488.87151374939737,488.87151374939737,18.914918120343163,18.91491812034317
front-blockers-1,1,512,20,333,plugin,512,5.044921875,126.3359375,1541.25,0,0,511,1,512,21,285,818.0,386.8223446711723,386.8223446711723,16.640252499943237,16.640252499943234
front-blockers-1,1,512,20,333,known,512,0.0,108.0,1536.25,0,0,511,1,512,0,286,798.0,366.137030101791,366.137030101791,13.046021614729394,13.046021614729376
front-blockers-4,4,512,20,333,prefix,512,301.0,464.0,1852.75,0,0,511,4,512,479,33,1024.0,468.32094345407086,468.32094345407086,57.483722651044616,57.483722651044616
front-blockers-4,4,512,20,333,intersection,512,30.0234375,273.21875,1567.0,0,0,511,4,512,193,275,980.0,503.27814140595405,503.27814140595405,62.37617532565398,62.376175325653996
front-blockers-4,4,512,20,333,completed,512,27.056640625,264.6953125,1564.5,0,0,511,4,512,180,278,970.0,498.9823616762155,498.9823616762155,62.139970858894294,62.13997085889432
front-blockers-4,4,512,20,333,plugin,512,4.115234375,112.8671875,1538.75,0,0,511,4,512,6,285,803.0,386.6296418713902,386.6296418713902,48.30338470453158,48.303384704531545
front-blockers-4,4,512,20,333,known,512,0.0,108.0,1536.25,0,0,511,4,512,0,286,798.0,380.95485361779845,380.95485361779845,43.51741979225088,43.51741979225084
front-blockers-1,1,1024,20,333,prefix,1024,602.0,928.0,3692.25,0,0,1023,1,1024,959,65,2048.0,686.6045219246295,686.6045219246295,19.694675286223998,19.69467528622397
front-blockers-1,1,1024,20,333,intersection,1024,27.3984375,399.84375,3140.25,0,0,1023,1,1024,211,571,1806.0,680.839422375514,680.839422375514,20.358630330361102,20.358630330361112
front-blockers-1,1,1024,20,333,completed,1024,25.689453125,393.4765625,3138.75,0,0,1023,1,1024,204,572,1800.0,678.4132584196851,678.4132584196851,20.326562061410197,20.32656206141018
front-blockers-1,1,1024,20,333,plugin,1024,5.044921875,234.3359375,3122.75,0,0,1023,1,1024,21,575,1620.0,573.062015650354,573.062015650354,18.036654655355512,18.036654655355495
front-blockers-1,1,1024,20,333,known,1024,0.0,216.0,3117.75,0,0,1023,1,1024,0,576,1600.0,552.2882662486516,552.2882662486516,14.44065412864662,14.440654128646596
front-blockers-4,4,1024,20,333,prefix,1024,602.0,928.0,3692.25,0,0,1023,4,1024,959,65,2048.0,708.819841072143,708.819841072143,65.77870114489583,65.77870114489588
front-blockers-4,4,1024,20,333,intersection,1024,32.169921875,396.4609375,3148.75,0,0,1023,4,1024,211,564,1799.0,703.4145875135624,703.4145875135624,68.38513799095685,68.38513799095674
front-blockers-4,4,1024,20,333,completed,1024,27.42578125,376.140625,3146.0,0,0,1023,4,1024,185,568,1777.0,693.8556334373438,693.8556334373438,67.88608802331638,67.88608802331643
front-blockers-4,4,1024,20,333,plugin,1024,4.115234375,220.8671875,3120.25,0,0,1023,4,1024,6,575,1605.0,576.7996228375489,576.7996228375489,53.88899332618066,53.88899332618058
front-blockers-4,4,1024,20,333,known,1024,0.0,216.0,3117.75,0,0,1023,4,1024,0,576,1600.0,571.0310908271526,571.0310908271526,49.09594984791978,49.09594984791971
front-blockers-1,1,2048,20,333,prefix,2048,1204.0,1856.0,7392.0,0,0,2047,1,2048,1927,121,4096.0,1023.5085256146963,1023.5085256146963,21.711134618115494,21.711134618115523
front-blockers-1,1,2048,20,333,intersection,2048,28.615234375,617.6171875,6270.0,0,0,2047,1,2048,215,1132,3395.0,950.968912852177,950.968912852177,21.755631961948957,21.755631961948964
front-blockers-1,1,2048,20,333,completed,2048,27.3984375,615.84375,6267.0,0,0,2047,1,2048,211,1133,3392.0,949.602586274069,949.602586274069,21.73769130367308,21.73769130367313
front-blockers-1,1,2048,20,333,plugin,2048,5.044921875,450.3359375,6249.5,0,0,2047,1,2048,21,1137,3206.0,839.3167672617833,839.3167672617833,19.412254488164468,19.41225448816445
front-blockers-1,1,2048,20,333,known,2048,0.0,432.0,6244.5,0,0,2047,1,2048,0,1138,3186.0,818.4810790591224,818.4810790591224,15.815394338496615,15.815394338496581
front-blockers-4,4,2048,20,333,prefix,2048,1204.0,1856.0,7392.0,0,0,2047,4,2048,1927,121,4096.0,1051.4172692536433,1051.4172692536433,73.84453847246182,73.84453847246208
front-blockers-4,4,2048,20,333,intersection,2048,32.375,614.375,6276.0,0,0,2047,4,2048,213,1126,3387.0,977.2138194249285,977.2138194249285,73.96378969877237,73.96378969877223
front-blockers-4,4,2048,20,333,completed,2048,28.21875,594.75,6273.75,0,0,2047,4,2048,189,1130,3367.0,968.0603877336663,968.0603877336663,73.49860547385882,73.49860547385906
front-blockers-4,4,2048,20,333,plugin,2048,4.115234375,436.8671875,6247.0,0,0,2047,4,2048,6,1137,3191.0,846.9438716112488,846.9438716112488,59.3913926574165,59.391392657416404
front-blockers-4,4,2048,20,333,known,2048,0.0,432.0,6244.5,0,0,2047,4,2048,0,1138,3186.0,841.1108219310164,841.1108219310164,54.59491068731976,54.594910687319654
front-blockers-1,1,128,20,444,prefix,128,75.25,116.0,465.5,0,0,127,1,128,118,10,256.0,184.99897119818937,184.99897119818937,13.597959862961764,13.597959862961764
front-blockers-1,1,128,20,444,intersection,128,16.1875,82.25,405.0,0,0,127,1,128,62,66,256.0,201.7362777427071,201.7362777427071,14.880873967254246,14.880873967254246
front-blockers-1,1,128,20,444,completed,128,15.55859375,81.171875,405.0,0,0,127,1,128,62,66,256.0,201.7362777427071,201.7362777427071,14.880873967254246,14.880873967254246
front-blockers-1,1,128,20,444,plugin,128,7.642578125,36.0390625,394.75,0,0,127,1,128,11,70,209.0,160.53135856140034,160.53135856140034,13.172853889909781,13.172853889909785
front-blockers-1,1,128,20,444,known,128,0.0,27.0,389.5,0,0,127,1,128,0,78,206.0,154.29126774684997,154.29126774684997,10.35283513086607,10.352835130866076
front-blockers-4,4,128,20,444,prefix,128,75.25,116.0,465.5,0,0,127,4,128,118,10,256.0,193.524939172771,193.524939172771,41.391839451847034,41.391839451847055
front-blockers-4,4,128,20,444,intersection,128,17.28125,82.875,408.5,0,0,127,4,128,64,64,256.0,210.73105722974557,210.73105722974557,46.527465600002806,46.52746560000284
front-blockers-4,4,128,20,444,completed,128,15.353515625,79.2578125,404.25,0,0,127,4,128,59,66,253.0,208.57754649600523,208.57754649600523,46.32345882168902,46.323458821689016
front-blockers-4,4,128,20,444,plugin,128,5.87890625,33.953125,391.25,0,0,127,4,128,8,73,209.0,166.42503616935906,166.42503616935906,38.516007556062135,38.51600755606212
front-blockers-4,4,128,20,444,known,128,0.0,27.0,389.5,0,0,127,4,128,0,78,206.0,161.56876628704904,161.56876628704904,32.74467385679765,32.74467385679763
front-blockers-1,1,256,20,444,prefix,256,150.5,232.0,937.75,0,0,255,1,256,237,19,512.0,293.1152804311087,293.1152804311087,15.658711408793655,15.658711408793657
front-blockers-1,1,256,20,444,intersection,256,16.76171875,114.609375,808.75,0,0,255,1,256,66,140,462.0,295.09579678825276,295.09579678825276,16.394996639168102,16.394996639168085
front-blockers-1,1,256,20,444,completed,256,16.43359375,111.546875,808.25,0,0,255,1,256,64,140,460.0,293.7898237977692,293.7898237977692,16.363987023783487,16.36398702378347
front-blockers-1,1,256,20,444,plugin,256,7.642578125,63.0390625,797.5,0,0,255,1,256,11,144,411.0,249.80834284995854,249.80834284995854,14.5929596902845,14.592959690284506
front-blockers-1,1,256,20,444,known,256,0.0,54.0,792.25,0,0,255,1,256,0,152,408.0,242.23524165388196,242.23524165388196,11.718241818017447,11.71824181801745
front-blockers-4,4,256,20,444,prefix,256,150.5,232.0,937.75,0,0,255,4,256,237,19,512.0,305.54774174682024,305.54774174682024,49.6348456351746,49.63484563517463
front-blockers-4,4,256,20,444,intersection,256,19.98828125,135.140625,814.25,0,0,255,4,256,91,138,485.0,323.0976790629693,323.0976790629693,53.815404406041175,53.81540440604122
front-blockers-4,4,256,20,444,completed,256,15.435546875,107.0234375,807.5,0,0,255,4,256,61,140,457.0,304.64997558295914,304.64997558295914,52.26236613211775,52.262366132117755
front-blockers-4,4,256,20,444,plugin,256,5.87890625,60.953125,794.0,0,0,255,4,256,8,147,411.0,259.10022896055597,259.10022896055597,44.11015556164191,44.110155561641875
front-blockers-4,4,256,20,444,known,256,0.0,54.0,792.25,0,0,255,4,256,0,152,408.0,253.33161843185383,253.33161843185383,38.20630060540315,38.206300605403136
front-blockers-1,1,512,20,444,prefix,512,301.0,464.0,1845.25,0,0,511,1,512,470,42,1024.0,457.7227810412078,457.7227810412078,17.8463808449625,17.846380844962507
front-blockers-1,1,512,20,444,intersection,512,17.30859375,168.921875,1563.75,0,0,511,1,512,67,281,860.0,423.9833714021434,423.9833714021434,17.802780363224326,17.802780363224304
front-blockers-1,1,512,20,444,completed,512,16.76171875,168.609375,1562.5,0,0,511,1,512,66,282,860.0,423.6385297980934,423.6385297980934,17.791187566934028,17.791187566934
front-blockers-1,1,512,20,444,plugin,512,7.642578125,117.0390625,1551.25,0,0,511,1,512,11,286,809.0,377.13703010179074,377.13703010179074,15.974989868697634,15.97498986869763
front-blockers-1,1,512,20,444,known,512,0.0,108.0,1546.0,0,0,511,1,512,0,294,806.0,368.63471343285727,368.63471343285727,13.073657197414484,13.07365719741448
front-blockers-4,4,512,20,444,prefix,512,301.0,464.0,1845.25,0,0,511,4,512,470,42,1024.0,474.78156158382467,474.78156158382467,58.385523379849985,58.38552337985003
front-blockers-4,4,512,20,444,intersection,512,20.576171875,189.8359375,1568.25,0,0,511,4,512,93,279,884.0,456.944625375368,456.944625375368,59.502507400300914,59.50250740030086
front-blockers-4,4,512,20,444,completed,512,16.310546875,164.3984375,1561.75,0,0,511,4,512,63,282,857.0,438.37410473997926,438.37410473997926,57.977219742705486,57.97721974270547
front-blockers-4,4,512,20,444,plugin,512,5.87890625,114.953125,1547.75,0,0,511,4,512,8,289,809.0,389.92694019820954,389.92694019820954,49.597327215450946,49.597327215450946
front-blockers-4,4,512,20,444,known,512,0.0,108.0,1546.0,0,0,511,4,512,0,294,806.0,383.53544369692,383.53544369692,43.6279621229913,43.62796212299126
front-blockers-1,1,1024,20,444,prefix,1024,602.0,928.0,3691.75,0,0,1023,1,1024,951,73,2048.0,690.52496445747,690.52496445747,19.803213136296822,19.803213136296847
front-blockers-1,1,1024,20,444,intersection,1024,19.400390625,296.4453125,3115.75,0,0,1023,1,1024,89,571,1684.0,625.0477201591312,625.0477201591312,19.492151608682875,19.492151608682846
front-blockers-1,1,1024,20,444,completed,1024,17.30859375,276.921875,3114.0,0,0,1023,1,1024,67,571,1662.0,611.2740353737368,611.2740353737368,19.206355106243556,19.20635510624352
front-blockers-1,1,1024,20,444,plugin,1024,7.642578125,225.0390625,3101.5,0,0,1023,1,1024,11,576,1611.0,563.288266248652,563.288266248652,17.369622382614843,17.36962238261485
front-blockers-1,1,1024,20,444,known,1024,0.0,216.0,3096.25,0,0,1023,1,1024,0,584,1608.0,554.0911865006558,554.0911865006558,14.45445934878526,14.454459348785253
front-blockers-4,4,1024,20,444,prefix,1024,602.0,928.0,3691.75,0,0,1023,4,1024,951,73,2048.0,713.0658971551982,713.0658971551982,66.21285254518722,66.21285254518739
front-blockers-4,4,1024,20,444,intersection,1024,20.658203125,298.6015625,3119.0,0,0,1023,4,1024,95,569,1688.0,649.8299233885969,649.8299233885969,65.21694552756705,65.21694552756689
front-blockers-4,4,1024,20,444,completed,1024,16.43359375,273.546875,3112.25,0,0,1023,4,1024,64,572,1660.0,630.0686739756845,630.0686739756845,63.64778115677004,63.647781156770016
front-blockers-4,4,1024,20,444,plugin,1024,5.87890625,222.953125,3098.0,0,0,1023,4,1024,8,579,1611.0,579.7242546870336,579.7242546870336,55.154842354696505,55.15484235469644
front-blockers-4,4,1024,20,444,known,1024,0.0,216.0,3096.25,0,0,1023,4,1024,0,584,1608.0,572.8754267395708,572.8754267395708,49.151170728474405,49.15117072847434
front-blockers-1,1,2048,20,444,prefix,2048,1204.0,1856.0,7412.25,0,0,2047,1,2048,1909,139,4096.0,1030.095096803552,1030.095096803552,21.84096720175007,21.84096720175007
front-blockers-1,1,2048,20,444,intersection,2048,20.111328125,514.2890625,6207.25,0,0,2047,1,2048,94,1155,3297.0,899.0609041120331,899.0609041120331,20.94541068275155,20.945410682751614
front-blockers-1,1,2048,20,444,completed,2048,18.703125,505.9375,6205.0,0,0,2047,1,2048,83,1156,3287.0,892.6335903445091,892.6335903445091,20.82111469629952,20.821114696299535
front-blockers-1,1,2048,20,444,plugin,2048,7.642578125,441.0390625,6189.75,0,0,2047,1,2048,11,1161,3220.0,833.2404060720266,833.2404060720266,18.764380666090425,18.764380666090435
front-blockers-1,1,2048,20,444,known,2048,0.0,432.0,6184.5,0,0,2047,1,2048,0,1169,3217.0,823.5392059581466,823.5392059581466,15.842282339964417,15.84228233996442
front-blockers-4,4,2048,20,444,prefix,2048,1204.0,1856.0,7412.25,0,0,2047,4,2048,1909,139,4096.0,1058.3933381934019,1058.3933381934019,74.3638688070002,74.36386880700027
front-blockers-4,4,2048,20,444,intersection,2048,21.287109375,515.6796875,6207.5,0,0,2047,4,2048,96,1154,3298.0,925.7252449351944,925.7252449351944,70.86283498114763,70.86283498114764
front-blockers-4,4,2048,20,444,completed,2048,17.2265625,492.15625,6202.0,0,0,2047,4,2048,66,1156,3270.0,906.0407098754458,906.0407098754458,69.3614805419233,69.36148054192336
front-blockers-4,4,2048,20,444,plugin,2048,5.87890625,438.953125,6186.25,0,0,2047,4,2048,8,1164,3220.0,853.4255241959376,853.4255241959376,60.723405247391426,60.723405247391355
front-blockers-4,4,2048,20,444,known,2048,0.0,432.0,6184.5,0,0,2047,4,2048,0,1169,3217.0,846.2496128344422,846.2496128344422,54.70246269319104,54.70246269319101
