scenario,truth,seed,algorithm,episode,pseudo_regret,expected_waste,prefix_exposure,completion_exposure,intersection_exposure,unresolved_mass_exposure
outcome-lag-64,0,111,prefix,32,1.5,26.5,64.0,64.0,64.0,25.092046433540553
outcome-lag-64,0,111,prefix,64,3.0,53.0,128.0,128.0,128.0,49.729034571305505
outcome-lag-64,0,111,prefix,96,4.5,79.5,191.8274165613117,190.12849619681768,190.12849619681768,68.90385419957133
outcome-lag-64,0,111,prefix,128,6.0,106.0,247.2585496472344,241.46474656520132,240.91122852802673,81.94950980012685
outcome-lag-64,0,111,prefix,160,7.5,132.5,291.67549260063663,284.63788450770517,282.5251548203153,91.10531039407273
outcome-lag-64,0,111,prefix,192,9.0,159.0,329.16150750725467,322.2501375961239,318.57303974202,98.47421258034403
outcome-lag-64,0,111,prefix,224,10.5,185.5,363.26369916722683,358.5033486912374,352.03226853771196,106.01351784354286
outcome-lag-64,0,111,prefix,256,11.4140625,206.53125,390.82099676632873,389.4900469024678,379.22695525828846,113.27505346254368
outcome-lag-64,0,111,prefix,288,11.4609375,219.46875,410.19441423035204,411.46080335083354,398.52551480135986,118.16240322493795
outcome-lag-64,0,111,prefix,320,11.4609375,231.96875,427.3430967921579,430.62044091185913,415.4421832838303,121.93377836741443
outcome-lag-64,0,111,prefix,352,11.4609375,244.46875,444.2462732703453,450.0561877966821,432.2483906842422,125.9140724766113
outcome-lag-64,0,111,prefix,384,11.4609375,256.96875,461.5658723202853,470.2054942347724,449.5679897341822,130.17890902144245
outcome-lag-64,0,111,prefix,416,11.4609375,269.46875,477.00968930015716,487.72393168620556,465.0118067140541,133.54518718390935
outcome-lag-64,0,111,prefix,448,11.4609375,281.96875,492.09569248965624,504.38307782778736,480.09676349968686,136.23346109317035
outcome-lag-64,0,111,prefix,480,11.4609375,294.46875,506.5217045891095,520.4810632800809,494.5227755991401,138.85028161773135
outcome-lag-64,0,111,prefix,512,11.4609375,306.96875,520.7792683983458,536.3551160402301,508.7803394083766,141.3673668379026
outcome-lag-64,0,111,intersection,32,1.5,26.5,64.0,64.0,64.0,25.092046433540553
outcome-lag-64,0,111,intersection,64,3.0,53.0,128.0,128.0,128.0,49.729034571305505
outcome-lag-64,0,111,intersection,96,4.5,79.5,191.8274165613117,190.12849619681768,190.12849619681768,68.90385419957133
outcome-lag-64,0,111,intersection,128,6.0,106.0,247.2585496472344,241.46474656520132,240.91122852802673,81.94950980012685
outcome-lag-64,0,111,intersection,160,7.5,132.5,291.67549260063663,284.63788450770517,282.5251548203153,91.10531039407273
outcome-lag-64,0,111,intersection,192,8.73046875,156.484375,327.85728982778284,321.0474272837551,317.3703294296511,98.2665073069834
outcome-lag-64,0,111,intersection,224,8.794921875,169.5859375,347.49963967151245,343.4034179433299,336.9819696255762,104.05460745721916
outcome-lag-64,0,111,intersection,256,8.80078125,182.140625,369.0304086878753,368.595241236588,358.51122273667926,110.51076888743388
outcome-lag-64,0,111,intersection,288,8.80078125,194.640625,387.99580080496685,390.1342753660928,377.4022697925982,115.2970739116827
outcome-lag-64,0,111,intersection,320,8.80078125,207.140625,405.22317427689535,409.3938022542741,394.41882760222427,119.07905009180915
outcome-lag-64,0,111,intersection,352,8.80078125,219.640625,422.22318369366735,428.9307198293132,411.3270370424721,123.07115620599103
outcome-lag-64,0,111,intersection,384,8.80078125,232.140625,439.65900811791386,449.198356722912,428.7628614667186,127.3621859687612
outcome-lag-64,0,111,intersection,416,8.80078125,244.640625,455.1922086001172,466.8055318800747,444.296061948922,130.7490607954696
outcome-lag-64,0,111,intersection,448,8.80078125,257.140625,470.359201547245,483.541163709261,459.46142650858496,133.44912159654572
outcome-lag-64,0,111,intersection,480,8.80078125,269.640625,484.85505205274734,499.7068127873825,473.9572770140873,136.07551676194174
outcome-lag-64,0,111,intersection,512,8.80078125,282.140625,499.1794890972279,515.6476144339997,488.28171405856784,138.6038819148701
outcome-lag-64,0,111,completed,32,1.5,26.5,64.0,64.0,64.0,25.092046433540553
outcome-lag-64,0,111,completed,64,3.15625,46.375,120.0,120.0,120.0,47.86317603669935
outcome-lag-64,0,111,completed,96,4.734375,69.5625,179.8274165613117,178.21391051631744,178.21391051631744,64.68162432112766
outcome-lag-64,0,111,completed,128,5.58984375,90.046875,229.4572380229619,224.74509487694766,224.19157683977295,76.0631533203834
outcome-lag-64,0,111,completed,160,5.876953125,105.2265625,262.4898968690393,257.4498152171111,255.35879373925854,83.68083169565502
outcome-lag-64,0,111,completed,192,6.1640625,120.40625,294.4798540818017,289.82996347048515,286.17457382591846,89.92053527363983
outcome-lag-64,0,111,completed,224,6.369140625,134.8203125,316.0048992509436,314.0382317713716,307.65751151037347,95.8208555852614
outcome-lag-64,0,111,completed,256,6.57421875,149.234375,339.5555419734091,341.1806657125511,331.19650561383753,102.3965911402403
outcome-lag-64,0,111,completed,288,6.57421875,161.734375,358.9275206697955,363.07150656183376,350.4506247917672,107.24533741567507
outcome-lag-64,0,111,completed,320,6.57421875,174.234375,376.46481531259917,382.5919844452315,367.7281335966098,111.0557099337691
outcome-lag-64,0,111,completed,352,6.57421875,186.734375,393.7512817255704,402.3912752701333,384.90154091436835,115.07911222935918
outcome-lag-64,0,111,completed,384,6.57421875,199.234375,411.48911368893357,422.96432967658683,402.63937287773155,119.4389370599966
outcome-lag-64,0,111,completed,416,6.57421875,211.734375,427.25346222644197,440.79919266923275,418.40372141523994,122.87951585057044
outcome-lag-64,0,111,completed,448,6.57421875,224.234375,442.6282903743657,457.7298104288267,433.7750603909601,125.61012456522802
outcome-lag-64,0,111,completed,480,6.57421875,236.734375,457.3021894882211,474.0671643479328,448.4489595048155,128.26118652940414
outcome-lag-64,0,111,completed,512,6.57421875,249.234375,471.79643036880424,490.17678917760765,462.94320038539865,130.81847689897438
outcome-lag-64,0,111,plugin,32,0.296875,13.25,47.0,47.0,47.0,21.469288635782757
outcome-lag-64,0,111,plugin,64,0.296875,25.75,94.0,94.0,94.0,43.146745472450476
outcome-lag-64,0,111,plugin,96,0.296875,38.25,139.8274165613117,138.66322219456643,138.66322219456643,60.17988590624146
outcome-lag-64,0,111,plugin,128,0.296875,50.75,183.21858323164335,180.75119835026456,180.1976803130898,72.39787781414987
outcome-lag-64,0,111,plugin,160,0.296875,63.25,214.13357293593845,211.1402343006354,209.04921282278272,79.76818363709367
outcome-lag-64,0,111,plugin,192,0.296875,75.75,244.25460776295733,241.47854171743003,237.82315207286337,85.95419579614101
outcome-lag-64,0,111,plugin,224,0.296875,88.25,264.4436297507722,264.32213447844447,257.95730802482467,91.85101745495292
outcome-lag-64,0,111,plugin,256,0.296875,100.75,286.779528359387,290.21901837384127,280.2719058785035,98.47231994352416
outcome-lag-64,0,111,plugin,288,0.296875,113.25,306.3029338400195,312.2386036790068,299.65739217672933,103.34447037420581
outcome-lag-64,0,111,plugin,320,0.296875,125.75,323.9540385458848,331.85355069109755,317.02937011026495,107.16537177521698
outcome-lag-64,0,111,plugin,352,0.296875,138.25,341.3443448806265,351.7471298755852,334.2983264951825,111.20025262954337
outcome-lag-64,0,111,plugin,384,0.296875,150.75,359.1909304615646,372.4294138280727,352.1449120761206,115.58509198556145
outcome-lag-64,0,111,plugin,416,0.296875,163.25,375.0381167843411,390.3452304849863,367.9920983988971,119.04505844850044
outcome-lag-64,0,111,plugin,448,0.296875,175.75,390.48685857756675,407.34473573867064,383.4364801495435,121.78662993376373
outcome-lag-64,0,111,plugin,480,0.296875,188.25,405.223667974245,423.7424783046287,398.1732895462218,124.44649253055569
outcome-lag-64,0,111,plugin,512,0.296875,200.75,419.7776679522888,439.91128494785164,412.7272895242656,127.01405609199062
outcome-lag-64,0,111,safe,32,2.125,0.0,32.0,32.0,32.0,17.921958188452308
outcome-lag-64,0,111,safe,64,4.25,0.0,64.0,64.0,64.0,35.00646967449094
outcome-lag-64,0,111,safe,96,6.375,0.0,95.82741656131172,94.6632221945664,94.6632221945664,47.611090992538664
outcome-lag-64,0,111,safe,128,8.5,0.0,120.23303508206283,119.19537982114622,118.64186178397162,56.181978401226615
outcome-lag-64,0,111,safe,160,10.625,0.0,139.11370315058957,139.6135513303509,137.52252985249837,62.545149742911995
outcome-lag-64,0,111,safe,192,12.75,0.0,154.99373050448693,157.05794685096225,153.40255720639573,67.28693305867652
outcome-lag-64,0,111,safe,224,14.875,0.0,169.00005178575944,173.71932689072668,167.40887848766823,72.26963874030784
outcome-lag-64,0,111,safe,256,17.0,0.0,181.64035056593505,189.8888826222544,180.04917726784385,77.57070687014941
outcome-lag-64,0,111,safe,288,19.125,0.0,193.31215263901842,204.19136169376702,191.72097934092722,81.66653877933696
outcome-lag-64,0,111,safe,320,21.25,0.0,204.15718456494844,217.27936269825236,202.56601126685723,85.10179200920321
outcome-lag-64,0,111,safe,352,23.375,0.0,214.34081287690466,230.02502379205177,212.74963957881346,88.6671586692246
outcome-lag-64,0,111,safe,384,25.5,0.0,223.98223959631133,242.05334194887678,222.39106629822012,91.92438569600095
outcome-lag-64,0,111,safe,416,27.625,0.0,233.15055975119927,252.97161801754407,231.55938645310806,94.43049113213203
outcome-lag-64,0,111,safe,448,29.75,0.0,241.9100000911668,263.2235951797871,240.3188267930756,96.58846033456715
outcome-lag-64,0,111,safe,480,31.875,0.0,250.30920224495256,273.1833984625329,248.71802894686135,98.73883593489563
outcome-lag-64,0,111,safe,512,34.0,0.0,258.3932782051845,282.6658796909338,256.80210490709334,100.66840971697492
outcome-lag-64,0,111,known,32,0.0,12.5,47.0,47.0,47.0,22.908330149824273
outcome-lag-64,0,111,known,64,0.0,25.0,94.0,94.0,94.0,44.86126468132854
outcome-lag-64,0,111,known,96,0.0,37.5,139.8274165613117,138.66322219456643,138.66322219456643,61.80414837667814
outcome-lag-64,0,111,known,128,0.0,50.0,183.15125683428087,180.4422377169506,179.88871967977587,73.88083690009499
outcome-lag-64,0,111,known,160,0.0,62.5,213.75091910956243,210.67118451563138,208.5801630377788,81.22164497887458
outcome-lag-64,0,111,known,192,0.0,75.0,243.61273735897845,240.84215930884523,237.18676966427856,87.37437743997167
outcome-lag-64,0,111,known,224,0.0,87.5,263.7176264631569,263.6155091246982,257.2448604637953,93.25318052816058
outcome-lag-64,0,111,known,256,0.0,100.0,285.94072713287653,289.41557956113843,279.4526192094722,99.85129873345336
outcome-lag-64,0,111,known,288,0.0,112.5,305.3873133023828,311.3700086060671,298.77184917737605,104.71156780761437
outcome-lag-64,0,111,known,320,0.0,125.0,322.98079205454997,330.93721461843546,316.09608611118944,108.52713185423634
outcome-lag-64,0,111,known,352,0.0,137.5,340.31861207921327,350.78319077450413,333.31678630222945,112.55620234852093
outcome-lag-64,0,111,known,384,0.0,150.0,358.1102763419787,371.4103638518974,351.1084505649949,116.92839402531443
outcome-lag-64,0,111,known,416,0.0,162.5,373.91565569820773,389.28536757833945,366.9138299212239,120.37856707181895
outcome-lag-64,0,111,known,448,0.0,175.0,389.32713218746204,406.2501718891476,382.32138906215954,123.11460517422613
outcome-lag-64,0,111,known,480,0.0,187.5,404.03225096774446,422.61751262592895,397.02650784244196,125.77002910025486
outcome-lag-64,0,111,known,512,0.0,200.0,418.5561633699264,438.7565376771089,411.5504202446239,128.33241435571986
outcome-lag-64,0,111,product,32,2.125,0.0,32.0,32.0,32.0,17.921958188452308
outcome-lag-64,0,111,product,64,4.25,0.0,64.0,64.0,64.0,35.00646967449094
outcome-lag-64,0,111,product,96,6.375,0.0,95.82741656131172,94.6632221945664,94.6632221945664,47.611090992538664
outcome-lag-64,0,111,product,128,8.5,0.0,120.23303508206283,119.19537982114622,118.64186178397162,56.181978401226615
outcome-lag-64,0,111,product,160,10.625,0.0,139.11370315058957,139.6135513303509,137.52252985249837,62.545149742911995
outcome-lag-64,0,111,product,192,12.75,0.0,154.99373050448693,157.05794685096225,153.40255720639573,67.28693305867652
outcome-lag-64,0,111,product,224,14.875,0.0,169.00005178575944,173.71932689072668,167.40887848766823,72.26963874030784
outcome-lag-64,0,111,product,256,17.0,0.0,181.64035056593505,189.8888826222544,180.04917726784385,77.57070687014941
outcome-lag-64,0,111,product,288,19.125,0.0,193.31215263901842,204.19136169376702,191.72097934092722,81.66653877933696
outcome-lag-64,0,111,product,320,21.25,0.0,204.15718456494844,217.27936269825236,202.56601126685723,85.10179200920321
outcome-lag-64,0,111,product,352,23.375,0.0,214.34081287690466,230.02502379205177,212.74963957881346,88.6671586692246
outcome-lag-64,0,111,product,384,25.5,0.0,223.98223959631133,242.05334194887678,222.39106629822012,91.92438569600095
outcome-lag-64,0,111,product,416,27.625,0.0,233.15055975119927,252.97161801754407,231.55938645310806,94.43049113213203
outcome-lag-64,0,111,product,448,29.75,0.0,241.9100000911668,263.2235951797871,240.3188267930756,96.58846033456715
outcome-lag-64,0,111,product,480,31.875,0.0,250.30920224495256,273.1833984625329,248.71802894686135,98.73883593489563
outcome-lag-64,0,111,product,512,34.0,0.0,258.3932782051845,282.6658796909338,256.80210490709334,100.66840971697492
single-blocker,0,111,prefix,32,1.5,26.5,64.0,63.96821681185914,63.96821681185914,10.663703181894505
single-blocker,0,111,prefix,64,3.0,53.0,128.0,121.14413264044192,121.14413264044192,12.766504075974714
single-blocker,0,111,prefix,96,4.5,79.5,192.0,168.29175461582057,168.29175461582057,14.005158282957288
single-blocker,0,111,prefix,128,6.0,106.0,256.0,207.43876624059405,207.43876624059405,14.861575139902662
single-blocker,0,111,prefix,160,7.5,132.5,320.0,242.13380020927897,242.13380020927897,15.539271760029509
single-blocker,0,111,prefix,192,9.0,159.0,384.0,272.9104771908834,272.9104771908834,16.072597839486416
single-blocker,0,111,prefix,224,10.5,185.5,448.0,302.10925016680903,302.10925016680903,16.557464983497386
single-blocker,0,111,prefix,256,12.0,212.0,512.0,328.7291674847397,328.7291674847397,16.958977912005807
single-blocker,0,111,prefix,288,13.5,238.5,576.0,353.65134934626764,353.65134934626764,17.311410831014534
single-blocker,0,111,prefix,320,15.0,265.0,640.0,377.3040422391392,377.3040422391392,17.629678406177447
single-blocker,0,111,prefix,352,16.5,291.5,704.0,399.77941387289235,399.77941387289235,17.9173480188453
single-blocker,0,111,prefix,384,18.0,318.0,768.0,421.10466999008344,421.10466999008344,18.176234760098975
single-blocker,0,111,prefix,416,19.5,344.5,832.0,441.63640451688036,441.63640451688036,18.416772270208885
single-blocker,0,111,prefix,448,21.0,371.0,896.0,461.4255196315379,461.4255196315379,18.64052297755839
single-blocker,0,111,prefix,480,22.5,397.5,960.0,480.42624668645647,480.42624668645647,18.846729155618874
single-blocker,0,111,prefix,512,24.0,424.0,1024.0,498.7957688253494,498.7957688253494,19.039630351865533
single-blocker,0,111,intersection,32,1.5,26.5,64.0,63.96821681185914,63.96821681185914,10.663703181894505
single-blocker,0,111,intersection,64,3.0,53.0,128.0,121.14413264044192,121.14413264044192,12.766504075974714
single-blocker,0,111,intersection,96,4.5,79.5,192.0,168.29175461582057,168.29175461582057,14.005158282957288
single-blocker,0,111,intersection,128,6.0,106.0,256.0,207.43876624059405,207.43876624059405,14.861575139902662
single-blocker,0,111,intersection,160,7.5,132.5,320.0,242.13380020927897,242.13380020927897,15.539271760029509
single-blocker,0,111,intersection,192,9.0,159.0,384.0,272.9104771908834,272.9104771908834,16.072597839486416
single-blocker,0,111,intersection,224,9.966796875,180.5234375,441.0,298.2825756764647,298.2825756764647,16.484516644912684
single-blocker,0,111,intersection,256,10.06640625,193.953125,490.0,317.19091092063104,317.19091092063104,16.747293156275482
single-blocker,0,111,intersection,288,10.06640625,206.453125,537.0,334.0963063742325,334.0963063742325,16.96673132796631
single-blocker,0,111,intersection,320,10.06640625,218.953125,583.0,349.71152979799456,349.71152979799456,17.158472567933774
single-blocker,0,111,intersection,352,10.06640625,231.453125,631.0,365.3879260536552,365.3879260536552,17.344126650268308
single-blocker,0,111,intersection,384,10.06640625,243.953125,682.0,381.4934672955148,381.4934672955148,17.528769384778645
single-blocker,0,111,intersection,416,10.06640625,256.453125,730.0,395.82806647703484,395.82806647703484,17.684241916368464
single-blocker,0,111,intersection,448,10.06640625,268.953125,779.0,409.97302726561014,409.97302726561014,17.832705616800695
single-blocker,0,111,intersection,480,10.06640625,281.453125,828.0,423.61541542781737,423.61541542781737,17.970906063691896
single-blocker,0,111,intersection,512,10.06640625,293.953125,878.0,437.1273222108633,437.1273222108633,18.10384742872816
single-blocker,0,111,completed,32,1.5,26.5,64.0,63.96821681185914,63.96821681185914,10.663703181894505
single-blocker,0,111,completed,64,3.0,53.0,128.0,121.14413264044192,121.14413264044192,12.766504075974714
single-blocker,0,111,completed,96,4.5,79.5,192.0,168.29175461582057,168.29175461582057,14.005158282957288
single-blocker,0,111,completed,128,6.0,106.0,256.0,207.43876624059405,207.43876624059405,14.861575139902662
single-blocker,0,111,completed,160,7.5,132.5,320.0,242.13380020927897,242.13380020927897,15.539271760029509
single-blocker,0,111,completed,192,9.0,159.0,384.0,272.9104771908834,272.9104771908834,16.072597839486416
single-blocker,0,111,completed,224,9.216796875,173.5234375,428.0,290.76171944269214,290.76171944269214,16.333066744803286
single-blocker,0,111,completed,256,9.263671875,186.4609375,477.0,309.67005468685846,309.67005468685846,16.595843256166084
single-blocker,0,111,completed,288,9.263671875,198.9609375,524.0,326.5754501404599,326.5754501404599,16.815281427856913
single-blocker,0,111,completed,320,9.263671875,211.4609375,570.0,342.190673564222,342.190673564222,17.007022667824376
single-blocker,0,111,completed,352,9.263671875,223.9609375,618.0,357.8670698198826,357.8670698198826,17.19267675015891
single-blocker,0,111,completed,384,9.263671875,236.4609375,669.0,373.9726110617422,373.9726110617422,17.377319484669247
single-blocker,0,111,completed,416,9.263671875,248.9609375,717.0,388.3072102432623,388.3072102432623,17.532792016259066
single-blocker,0,111,completed,448,9.263671875,261.4609375,766.0,402.4521710318376,402.4521710318376,17.681255716691297
single-blocker,0,111,completed,480,9.263671875,273.9609375,815.0,416.09455919404485,416.09455919404485,17.819456163582498
single-blocker,0,111,completed,512,9.263671875,286.4609375,865.0,429.6064659770908,429.6064659770908,17.95239752861876
single-blocker,0,111,plugin,32,0.29296875,15.234375,51.0,50.96821681185914,50.96821681185914,8.845474188665513
single-blocker,0,111,plugin,64,0.298828125,27.7890625,98.0,91.41680044284459,91.41680044284459,10.223253034626163
single-blocker,0,111,plugin,96,0.404296875,41.2734375,145.0,124.02152391524801,124.02152391524801,11.031294596440103
single-blocker,0,111,plugin,128,0.404296875,53.7734375,196.0,154.13009471829488,154.13009471829488,11.669225496294946
single-blocker,0,111,plugin,160,0.404296875,66.2734375,242.0,177.31356311435593,177.31356311435593,12.08958227603716
single-blocker,0,111,plugin,192,0.404296875,78.7734375,294.0,201.6121721566099,201.6121721566099,12.499381117246052
single-blocker,0,111,plugin,224,0.404296875,91.2734375,336.0,218.70723485031363,218.70723485031363,12.750597290308631
single-blocker,0,111,plugin,256,0.404296875,103.7734375,385.0,238.11682802346073,238.11682802346073,13.029962781721924
single-blocker,0,111,plugin,288,0.404296875,116.2734375,432.0,255.3898241092238,255.3898241092238,13.260864293636942
single-blocker,0,111,plugin,320,0.404296875,128.7734375,478.0,271.3004500345589,271.3004500345589,13.461384853668552
single-blocker,0,111,plugin,352,0.404296875,141.2734375,526.0,287.27033181851914,287.27033181851914,13.65537810831705
single-blocker,0,111,plugin,384,0.404296875,153.7734375,577.0,303.6763447047527,303.6763447047527,13.848161418734453
single-blocker,0,111,plugin,416,0.404296875,166.2734375,625.0,318.2318286941252,318.2318286941252,14.00936120603472
single-blocker,0,111,plugin,448,0.404296875,178.7734375,674.0,332.58551255185927,332.58551255185927,14.163036018832452
single-blocker,0,111,plugin,480,0.404296875,191.2734375,723.0,346.4144980365578,346.4144980365578,14.305729548600604
single-blocker,0,111,plugin,512,0.404296875,203.7734375,773.0,360.1039023710127,360.1039023710127,14.442799422950674
single-blocker,0,111,safe,32,2.125,0.0,32.0,31.968216811859147,31.968216811859147,4.02724519543652
single-blocker,0,111,safe,64,4.25,0.0,64.0,57.42435623340214,57.42435623340214,4.7282659037057675
single-blocker,0,111,safe,96,6.375,0.0,96.0,76.78319682780861,76.78319682780861,5.136346480888775
single-blocker,0,111,safe,128,8.5,0.0,128.0,93.03345515740088,93.03345515740088,5.425334592589174
single-blocker,0,111,safe,160,10.625,0.0,160.0,107.31238195727079,107.31238195727079,5.649261224939744
single-blocker,0,111,safe,192,12.75,0.0,192.0,120.1978375468853,120.1978375468853,5.832104609707439
single-blocker,0,111,safe,224,14.875,0.0,224.0,132.0310352083931,132.0310352083931,5.986627913082163
single-blocker,0,111,safe,256,17.0,0.0,256.0,143.03333360981438,143.03333360981438,6.120438712817281
single-blocker,0,111,safe,288,19.125,0.0,288.0,153.35798108855585,153.35798108855585,6.238439029233648
single-blocker,0,111,safe,320,21.25,0.0,320.0,163.1162631808352,163.1162631808352,6.343973346894013
single-blocker,0,111,safe,352,23.375,0.0,352.0,172.39200998111025,172.39200998111025,6.43942571339101
single-blocker,0,111,safe,384,25.5,0.0,384.0,181.25023096678382,181.25023096678382,6.5265555690159704
single-blocker,0,111,safe,416,27.625,0.0,416.0,189.74254455085054,189.74254455085054,6.6066985205464555
single-blocker,0,111,safe,448,29.75,0.0,448.0,197.91074640079475,197.91074640079475,6.680892410683006
single-blocker,0,111,safe,480,31.875,0.0,480.0,205.78924141297622,205.78924141297622,6.7499597404471405
single-blocker,0,111,safe,512,34.0,0.0,512.0,213.40675252840046,213.40675252840046,6.81456340954972
single-blocker,0,111,known,32,0.0,12.5,47.0,46.96821681185914,46.96821681185914,7.278807521998844
single-blocker,0,111,known,64,0.0,25.0,94.0,87.42435623340214,87.42435623340214,8.689919701292828
single-blocker,0,111,known,96,0.0,37.5,140.0,119.40150392822376,119.40150392822376,9.486345101490599
single-blocker,0,111,known,128,0.0,50.0,191.0,149.78008899173645,149.78008899173645,10.13772748042192
single-blocker,0,111,known,160,0.0,62.5,237.0,173.09427498144547,173.09427498144547,10.563774750229625
single-blocker,0,111,known,192,0.0,75.0,289.0,197.52761032059544,197.52761032059544,10.97886775726287
single-blocker,0,111,known,224,0.0,87.5,331.0,214.67528152765354,214.67528152765354,11.231992236656835
single-blocker,0,111,known,256,0.0,100.0,380.0,234.15913978773725,234.15913978773725,11.513898265592873
single-blocker,0,111,known,288,0.0,112.5,427.0,251.48592868480193,251.48592868480193,11.746527191889747
single-blocker,0,111,known,320,0.0,125.0,473.0,267.4393988581212,267.4393988581212,11.948355399462605
single-blocker,0,111,known,352,0.0,137.5,521.0,283.4515277160551,283.4515277160551,12.143578595612535
single-blocker,0,111,known,384,0.0,150.0,572.0,299.9004817855494,299.9004817855494,12.337551264507256
single-blocker,0,111,known,416,0.0,162.5,620.0,314.4873423974496,314.4873423974496,12.4995811964699
single-blocker,0,111,known,448,0.0,175.0,669.0,328.8705340368307,328.8705340368307,12.654006627450105
single-blocker,0,111,known,480,0.0,187.5,718.0,342.7257879876432,342.7257879876432,12.797343767509911
single-blocker,0,111,known,512,0.0,200.0,768.0,356.44008613821535,356.44008613821535,12.935002122367003
single-blocker,0,111,product,32,2.125,0.0,32.0,31.968216811859147,31.968216811859147,4.02724519543652
single-blocker,0,111,product,64,4.25,0.0,64.0,57.42435623340214,57.42435623340214,4.7282659037057675
single-blocker,0,111,product,96,6.375,0.0,96.0,76.78319682780861,76.78319682780861,5.136346480888775
single-blocker,0,111,product,128,8.5,0.0,128.0,93.03345515740088,93.03345515740088,5.425334592589174
single-blocker,0,111,product,160,10.625,0.0,160.0,107.31238195727079,107.31238195727079,5.649261224939744
single-blocker,0,111,product,192,12.75,0.0,192.0,120.1978375468853,120.1978375468853,5.832104609707439
single-blocker,0,111,product,224,14.875,0.0,224.0,132.0310352083931,132.0310352083931,5.986627913082163
single-blocker,0,111,product,256,17.0,0.0,256.0,143.03333360981438,143.03333360981438,6.120438712817281
single-blocker,0,111,product,288,19.125,0.0,288.0,153.35798108855585,153.35798108855585,6.238439029233648
single-blocker,0,111,product,320,21.25,0.0,320.0,163.1162631808352,163.1162631808352,6.343973346894013
single-blocker,0,111,product,352,23.375,0.0,352.0,172.39200998111025,172.39200998111025,6.43942571339101
single-blocker,0,111,product,384,25.5,0.0,384.0,181.25023096678382,181.25023096678382,6.5265555690159704
single-blocker,0,111,product,416,27.625,0.0,416.0,189.74254455085054,189.74254455085054,6.6066985205464555
single-blocker,0,111,product,448,29.75,0.0,448.0,197.91074640079475,197.91074640079475,6.680892410683006
single-blocker,0,111,product,480,31.875,0.0,480.0,205.78924141297622,205.78924141297622,6.7499597404471405
single-blocker,0,111,product,512,34.0,0.0,512.0,213.40675252840046,213.40675252840046,6.81456340954972
outcome-lag-64,2,111,prefix,32,0.1875,23.0,64.0,64.0,64.0,35.30898122911431
outcome-lag-64,2,111,prefix,64,0.375,46.0,128.0,127.98619615669837,127.98619615669837,58.233996020534114
outcome-lag-64,2,111,prefix,96,1.546875,69.5625,191.43982063506127,189.06873392469433,189.06873392469433,82.42598192468546
outcome-lag-64,2,111,prefix,128,1.734375,92.5625,246.29790176454597,242.4741921676008,241.5318129622186,99.60936277065755
outcome-lag-64,2,111,prefix,160,1.921875,115.5625,291.8062458249954,289.26233631264165,285.34253314157627,113.08689734265333
outcome-lag-64,2,111,prefix,192,2.103515625,138.5078125,329.219385543921,328.7253275477855,321.5317070155199,122.19421128754672
outcome-lag-64,2,111,prefix,224,2.103515625,159.7578125,362.2294180951454,365.1648623336085,354.3465248377148,130.82176594655343
outcome-lag-64,2,111,prefix,256,2.103515625,181.0078125,390.6861507277117,397.23046196495835,382.77623697263164,138.3259798928773
outcome-lag-64,2,111,prefix,288,2.103515625,202.2578125,418.75157258042236,430.14202151632645,410.7713081150825,146.6517421637019
outcome-lag-64,2,111,prefix,320,2.103515625,223.5078125,444.4690705292567,460.6674008969239,436.48880606391685,154.16543491833238
outcome-lag-64,2,111,prefix,352,2.103515625,244.7578125,468.46562804275993,489.1479059196433,460.48536357742006,161.06480478234226
outcome-lag-64,2,111,prefix,384,2.103515625,266.0078125,490.55280802800087,514.3079245344867,482.57187916183415,166.0604934035454
outcome-lag-64,2,111,prefix,416,2.103515625,287.2578125,511.3619823524299,537.2690810688442,503.3698413361142,169.82717387480662
outcome-lag-64,2,111,prefix,448,2.103515625,308.5078125,529.8573520271915,558.0381837024269,521.8652110108758,173.41286099192
outcome-lag-64,2,111,prefix,480,2.103515625,329.7578125,549.5371870121867,580.3707964325027,541.545045995871,177.30574350889557
outcome-lag-64,2,111,prefix,512,2.103515625,351.0078125,568.2010565678,601.4099344009852,560.2089155514843,180.8302295757676
outcome-lag-64,2,111,intersection,32,0.1875,23.0,64.0,64.0,64.0,35.30898122911431
outcome-lag-64,2,111,intersection,64,2.671875,47.3125,128.0,128.0,128.0,66.99416748386234
outcome-lag-64,2,111,intersection,96,2.859375,70.3125,191.43982063506127,189.53280826962248,189.53280826962248,90.69700817224037
outcome-lag-64,2,111,intersection,128,3.046875,93.3125,247.19690398107636,244.95431437381325,243.57397955533193,108.67633131673355
outcome-lag-64,2,111,intersection,160,3.228515625,116.2578125,292.6243208997131,291.81153040706846,286.5108829175987,121.56544483943715
outcome-lag-64,2,111,intersection,192,3.310546875,138.2734375,329.08339000160726,330.2420749335553,321.6765712618714,130.4234887741851
outcome-lag-64,2,111,intersection,224,3.310546875,159.5234375,362.0109335222278,366.49377125719104,354.3754636675605,138.88036587757588
outcome-lag-64,2,111,intersection,256,3.310546875,180.7734375,390.36279335899536,398.3337113175351,382.6580887834676,146.22432554672062
outcome-lag-64,2,111,intersection,288,3.310546875,202.0234375,418.14253413673697,430.82403481999194,410.32786497291295,154.29234268223857
outcome-lag-64,2,111,intersection,320,3.310546875,223.2734375,443.87831841128724,461.28396056997474,436.0619596599018,161.67329462465733
outcome-lag-64,2,111,intersection,352,3.310546875,244.5234375,467.7959745951451,489.60993885960295,459.97961584375963,168.45502006915757
outcome-lag-64,2,111,intersection,384,3.310546875,265.7734375,489.95027175019027,514.7888516569298,482.1318451188792,173.41493900798412
outcome-lag-64,2,111,intersection,416,3.310546875,287.0234375,510.98199644949324,537.9316599910396,503.1433862076414,177.19457424849676
outcome-lag-64,2,111,intersection,448,3.310546875,308.2734375,529.5450840489889,558.7413881545928,521.706473807137,180.7750253171404
outcome-lag-64,2,111,intersection,480,3.310546875,329.5234375,549.2422879470612,581.0608944450656,541.4036777052092,184.6419125470108
outcome-lag-64,2,111,intersection,512,3.310546875,350.7734375,567.9138600220782,602.0711192085375,560.0752497802263,188.13323485693928
outcome-lag-64,2,111,completed,32,0.1875,23.0,64.0,64.0,64.0,35.30898122911431
outcome-lag-64,2,111,completed,64,2.244140625,37.3203125,116.0,116.0,116.0,55.133292696577456
outcome-lag-64,2,111,completed,96,3.3046875,55.40625,172.43982063506127,170.46216577510853,170.46216577510853,73.28835374663115
outcome-lag-64,2,111,completed,128,3.3046875,76.65625,226.0068391989727,222.9665356861435,222.0241564807613,89.0187282582128
outcome-lag-64,2,111,completed,160,3.3046875,97.90625,270.7897379501101,268.24659815913225,265.2452619573031,103.12496196358472
outcome-lag-64,2,111,completed,192,3.3046875,119.15625,308.2537326857354,307.9954430132753,301.8043103302283,112.71681920432752
outcome-lag-64,2,111,completed,224,3.3046875,140.40625,343.0088282300367,346.20238269523054,336.3773762738707,121.93640143743238
outcome-lag-64,2,111,completed,256,3.3046875,161.65625,372.7715159365964,379.5173398960506,366.0279360651246,129.85015533250655
outcome-lag-64,2,111,completed,288,3.3046875,182.90625,401.92951379708563,413.5367218353602,395.0461876575,138.55370345322305
outcome-lag-64,2,111,completed,320,3.3046875,204.15625,428.5733472584632,445.02976721770347,421.6858861316482,146.35251083104492
outcome-lag-64,2,111,completed,352,3.3046875,225.40625,453.2997619951478,474.2982686159719,446.4123008683328,153.5087726347557
outcome-lag-64,2,111,completed,384,3.3046875,246.65625,476.0200127734588,500.1042223473359,469.12949379443876,158.66875681553938
outcome-lag-64,2,111,completed,416,3.3046875,267.90625,497.427618148283,523.6447191424741,490.5096314826261,162.54691306755936
outcome-lag-64,2,111,completed,448,3.3046875,289.15625,516.3392554038242,544.8583589104501,509.4212687381672,166.24532160003417
outcome-lag-64,2,111,completed,480,3.3046875,310.40625,536.4408684964857,567.6620417431307,529.5228818308286,170.26028276770813
outcome-lag-64,2,111,completed,512,3.3046875,331.65625,555.4717346579773,589.103884246708,548.5537479923203,173.88449365106092
outcome-lag-64,2,111,plugin,32,3.44921875,18.984375,59.0,59.0,59.0,37.77909871482777
outcome-lag-64,2,111,plugin,64,6.51171875,31.484375,113.0,113.0,113.0,56.23648793156667
outcome-lag-64,2,111,plugin,96,6.798828125,51.9140625,172.43982063506127,170.53280826962248,170.53280826962248,76.71417797367468
outcome-lag-64,2,111,plugin,128,6.798828125,73.1640625,226.71306214792077,224.19368933765043,223.25131013226817,93.38894870649632
outcome-lag-64,2,111,plugin,160,6.798828125,94.4140625,271.47004335973895,269.52680739156756,266.3432170227665,107.18710240954232
outcome-lag-64,2,111,plugin,192,6.798828125,115.6640625,308.9704056548026,309.29296815597627,302.8677407416182,116.72057051023913
outcome-lag-64,2,111,plugin,224,6.798828125,136.9140625,343.68088050078586,347.4217147039042,337.37485741113244,125.88636188306769
outcome-lag-64,2,111,plugin,256,6.798828125,158.1640625,373.3971079554328,380.662739710885,366.96093209104043,133.75464912932495
outcome-lag-64,2,111,plugin,288,6.798828125,179.4140625,402.4703095362135,414.5692689883483,395.8847368083642,142.39243611825404
outcome-lag-64,2,111,plugin,320,6.798828125,200.6640625,429.1024214749155,446.03259671238794,422.51187767596036,150.15690058397615
outcome-lag-64,2,111,plugin,352,6.798828125,221.9140625,453.80013953602,475.255666296753,447.2095957370649,157.28321422090178
outcome-lag-64,2,111,plugin,384,6.798828125,243.1640625,476.5257220269638,501.0561185495293,469.93181013330485,162.43299307325762
outcome-lag-64,2,111,plugin,416,6.798828125,264.4140625,497.97214783668187,524.6262766281719,491.34828074002104,166.312293599475
outcome-lag-64,2,111,plugin,448,6.798828125,285.6640625,516.892034805586,545.8417094937358,510.2681677089252,170.00786042497697
outcome-lag-64,2,111,plugin,480,6.798828125,306.9140625,536.9910255052703,568.6355295539187,530.3671584086094,174.0154362261928
outcome-lag-64,2,111,plugin,512,6.798828125,328.1640625,556.0181014012246,590.0653084461875,549.3942343045637,177.63114008300502
outcome-lag-64,2,111,safe,32,5.1875,0.0,32.0,32.0,32.0,18.783981229114307
outcome-lag-64,2,111,safe,64,10.375,0.0,64.0,64.0,64.0,34.51430013801833
outcome-lag-64,2,111,safe,96,15.5625,0.0,95.43982063506134,93.53280826962252,93.53280826962252,45.60477539477681
outcome-lag-64,2,111,safe,128,20.75,0.0,119.72028807313048,118.13156423174811,117.18918502636583,54.242261139010466
outcome-lag-64,2,111,safe,160,25.9375,0.0,138.55534972852996,138.69208828483093,136.02424668176536,60.74778502457399
outcome-lag-64,2,111,safe,192,31.125,0.0,154.44854478348586,156.6374312819287,151.91744173672126,65.99051581682491
outcome-lag-64,2,111,safe,224,36.3125,0.0,168.46714562792567,172.62532013841727,165.93604258116108,70.29973031518047
outcome-lag-64,2,111,safe,256,41.5,0.0,181.12277636538047,187.374003426611,178.59167331861588,74.17992600168803
outcome-lag-64,2,111,safe,288,46.6875,0.0,192.76372303126527,201.60719855852463,190.23261998450067,78.20647397127667
outcome-lag-64,2,111,safe,320,51.875,0.0,203.60868828180935,215.33350258406782,201.07758523504475,82.28003022220074
outcome-lag-64,2,111,safe,352,57.0625,0.0,213.8038199549535,227.98159248429872,211.2727169081889,85.74782568865362
outcome-lag-64,2,111,safe,384,62.25,0.0,223.44376517770127,239.54618700189104,220.91266213093667,88.54132907619733
outcome-lag-64,2,111,safe,416,67.4375,0.0,232.61535958188313,250.3128195593002,230.08425653511853,90.89579100107028
outcome-lag-64,2,111,safe,448,72.625,0.0,241.3693852684792,260.3579953342536,238.8382822217146,92.84695881621569
outcome-lag-64,2,111,safe,480,77.8125,0.0,249.7542757927033,270.04844096146957,247.2231727459387,94.72797676101436
outcome-lag-64,2,111,safe,512,83.0,0.0,257.82755117098264,279.2949161051967,255.29644812421785,96.42154445841985
outcome-lag-64,2,111,known,32,0.0,21.25,62.0,62.0,62.0,35.66062958076266
outcome-lag-64,2,111,known,64,0.0,42.5,121.0,121.0,121.0,58.552909931283125
outcome-lag-64,2,111,known,96,0.0,63.75,182.43982063506127,180.53280826962248,180.53280826962248,81.20193894392725
outcome-lag-64,2,111,known,128,0.0,85.0,236.19607312328574,233.36061062605194,232.4182314206697,98.14140056095526
outcome-lag-64,2,111,known,160,0.0,106.25,279.6662855104008,278.186847466871,274.6212307884832,111.5175501741085
outcome-lag-64,2,111,known,192,0.0,127.5,316.09717359593725,317.12621837517,310.29924640621886,120.82093315258813
outcome-lag-64,2,111,known,224,0.0,148.75,350.0478101936701,354.58283194187584,344.1106396122258,129.7643609724459
outcome-lag-64,2,111,known,256,0.0,170.0,379.25469123479127,387.3569987202428,373.2447488034859,137.48208832245393
outcome-lag-64,2,111,known,288,0.0,191.25,407.92247975978023,420.8614969068394,401.79464712356804,145.9869683301214
outcome-lag-64,2,111,known,320,0.0,212.5,434.20284208368923,451.9628358171334,428.0727717832559,153.64851000746282
outcome-lag-64,2,111,known,352,0.0,233.75,458.6283009116012,480.8961851133536,452.49823061116786,160.68229898962016
outcome-lag-64,2,111,known,384,0.0,255.0,481.1134893433968,506.4547281971979,474.98108267077424,165.77144661134992
outcome-lag-64,2,111,known,416,0.0,276.25,502.3282200594128,529.8033508332884,496.1737550502775,169.6083728555742
outcome-lag-64,2,111,known,448,0.0,297.5,521.0909142457108,550.8527500225491,514.9364492365755,173.26197949279427
outcome-lag-64,2,111,known,480,0.0,318.75,541.0331491099387,573.4729783863451,534.8786841008034,177.2249762860653
outcome-lag-64,2,111,known,512,0.0,340.0,559.9244097075562,594.7553049595018,553.7699446984209,180.80476255724855
outcome-lag-64,2,111,product,32,3.5,23.25,62.0,62.0,62.0,46.1192096786044
outcome-lag-64,2,111,product,64,7.0,46.5,121.0,121.0,121.0,82.40088401503067
outcome-lag-64,2,111,product,96,10.5,69.75,182.27036424876306,180.53280826962248,180.36335188332427,110.47083578680771
outcome-lag-64,2,111,product,128,14.0,93.0,230.83996304431804,233.3028738238544,228.30885999755338,131.62720261665487
outcome-lag-64,2,111,product,160,17.5,116.25,267.00690175577404,276.59216996906684,264.4757987090094,147.9668679555962
outcome-lag-64,2,111,product,192,21.0,139.5,297.97896665812385,314.6019066022352,295.4478636113592,161.1796787104269
outcome-lag-64,2,111,product,224,24.5,162.75,326.26964677783445,349.4934922293832,323.7385437310698,172.53692564873296
outcome-lag-64,2,111,product,256,28.0,186.0,350.6366794162812,379.83766527785707,348.10557636951654,182.05661586625965
outcome-lag-64,2,111,product,288,31.5,209.25,374.12106565202765,409.83787741989653,371.589962605263,191.50406245022913
outcome-lag-64,2,111,product,320,35.0,232.5,395.9705507711359,438.4588319373291,393.43944772437123,200.71885637233947
outcome-lag-64,2,111,product,352,38.5,255.75,416.17590692793203,464.4737306289139,413.6448038811674,208.59263853929284
outcome-lag-64,2,111,product,384,42.0,279.0,434.9232188911362,487.86408000844017,432.3921158443715,214.93577523811663
outcome-lag-64,2,111,product,416,45.5,302.25,452.74036682347884,509.85801032747486,450.2092637767142,220.57447640083106
outcome-lag-64,2,111,product,448,49.0,325.5,468.63862909353486,529.2872367677182,466.1075260467702,225.30085541787838
outcome-lag-64,2,111,product,480,52.5,348.75,485.2418725145761,549.645091499158,482.7107694678114,230.18086542228866
outcome-lag-64,2,111,product,512,56.0,372.0,500.9644226453925,568.7230326375565,498.43331959862786,234.539284588598
single-blocker,2,111,prefix,32,0.1875,23.0,64.0,63.96821681185914,63.96821681185914,10.659536515227837
single-blocker,2,111,prefix,64,0.375,46.0,128.0,120.38388570923826,120.38388570923826,12.676557891307313
single-blocker,2,111,prefix,96,0.5625,69.0,192.0,167.38490272941004,167.38490272941004,13.957160271426114
single-blocker,2,111,prefix,128,0.75,92.0,256.0,206.95038656363656,206.95038656363656,14.839053456208491
single-blocker,2,111,prefix,160,0.9375,115.0,320.0,241.86351189053926,241.86351189053926,15.528117438236565
single-blocker,2,111,prefix,192,1.125,138.0,384.0,272.6950097970437,272.6950097970437,16.064411801025585
single-blocker,2,111,prefix,224,1.3125,161.0,448.0,301.50912840789215,301.50912840789215,16.536412452971927
single-blocker,2,111,prefix,256,1.5,184.0,512.0,328.2612433098331,328.2612433098331,16.94360554897321
single-blocker,2,111,prefix,288,1.6875,207.0,576.0,353.6513493462677,353.6513493462677,17.31141083101454
single-blocker,2,111,prefix,320,1.875,230.0,640.0,377.2539121407391,377.2539121407391,17.628204185123966
single-blocker,2,111,prefix,352,2.0625,253.0,704.0,399.8227224165495,399.8227224165495,17.91856280642163
single-blocker,2,111,prefix,384,2.25,276.0,768.0,421.19505254867204,421.19505254867204,18.178666539926443
single-blocker,2,111,prefix,416,2.4375,299.0,832.0,441.38553010698644,441.38553010698644,18.41027014390781
single-blocker,2,111,prefix,448,2.625,322.0,896.0,460.9193602342779,460.9193602342779,18.62786109242848
single-blocker,2,111,prefix,480,2.8125,345.0,960.0,479.98278995365615,479.98278995365615,18.836002952115102
single-blocker,2,111,prefix,512,3.0,368.0,1024.0,498.4115806234788,498.4115806234788,19.03062586011933
single-blocker,2,111,intersection,32,0.1875,23.0,64.0,63.96821681185914,63.96821681185914,10.659536515227837
single-blocker,2,111,intersection,64,0.375,46.0,128.0,120.38388570923826,120.38388570923826,12.676557891307313
single-blocker,2,111,intersection,96,0.5625,69.0,192.0,167.38490272941004,167.38490272941004,13.957160271426114
single-blocker,2,111,intersection,128,0.75,92.0,256.0,206.95038656363656,206.95038656363656,14.839053456208491
single-blocker,2,111,intersection,160,0.908203125,114.7265625,320.0,241.86351189053926,241.86351189053926,15.528117438236565
single-blocker,2,111,intersection,192,0.92578125,136.140625,381.0,271.1858734491489,271.1858734491489,16.03786174225032
single-blocker,2,111,intersection,224,0.92578125,157.390625,444.0,299.6316641851545,299.6316641851545,16.505522119508864
single-blocker,2,111,intersection,256,0.92578125,178.640625,504.0,324.7094229497426,324.7094229497426,16.888228300795248
single-blocker,2,111,intersection,288,0.92578125,199.890625,567.0,349.8078707387038,349.8078707387038,17.25370271127496
single-blocker,2,111,intersection,320,0.92578125,221.140625,630.0,373.20762393644776,373.20762393644776,17.57055149351882
single-blocker,2,111,intersection,352,0.92578125,242.390625,692.0,395.15438306089135,395.15438306089135,17.854541099670055
single-blocker,2,111,intersection,384,0.92578125,263.640625,753.0,415.61737120531393,415.61737120531393,18.10546328138479
single-blocker,2,111,intersection,416,0.92578125,284.890625,814.0,435.0500505505456,435.0500505505456,18.331454879066687
single-blocker,2,111,intersection,448,0.92578125,306.140625,871.0,452.4589515822879,452.4589515822879,18.52656011666982
single-blocker,2,111,intersection,480,0.92578125,327.390625,933.0,471.1480376546126,471.1480376546126,18.73364106237927
single-blocker,2,111,intersection,512,0.92578125,348.640625,994.0,488.8912787265445,488.8912787265445,18.923571977882226
single-blocker,2,111,completed,32,0.1875,23.0,64.0,63.96821681185914,63.96821681185914,10.659536515227837
single-blocker,2,111,completed,64,0.375,46.0,128.0,120.38388570923826,120.38388570923826,12.676557891307313
single-blocker,2,111,completed,96,0.5625,69.0,192.0,167.38490272941004,167.38490272941004,13.957160271426114
single-blocker,2,111,completed,128,0.75,92.0,256.0,206.95038656363656,206.95038656363656,14.839053456208491
single-blocker,2,111,completed,160,0.87890625,114.453125,319.0,241.3049514197512,241.3049514197512,15.517247873019173
single-blocker,2,111,completed,192,0.884765625,135.7578125,380.0,270.6782464385268,270.6782464385268,16.02885273324131
single-blocker,2,111,completed,224,0.884765625,157.0078125,443.0,299.15763813631673,299.15763813631673,16.49764810376083
single-blocker,2,111,completed,256,0.884765625,178.2578125,503.0,324.2582980290937,324.2582980290937,16.881085443652385
single-blocker,2,111,completed,288,0.884765625,199.5078125,566.0,349.37374344753255,349.37374344753255,17.247080194718674
single-blocker,2,111,completed,320,0.884765625,220.7578125,629.0,372.7963732366454,372.7963732366454,17.564599112566448
single-blocker,2,111,completed,352,0.884765625,242.0078125,691.0,394.7583859662855,394.7583859662855,17.84901623779161
single-blocker,2,111,completed,384,0.884765625,263.2578125,752.0,415.2380153137115,415.2380153137115,18.100387139252824
single-blocker,2,111,completed,416,0.884765625,284.5078125,813.0,434.69050147912094,434.69050147912094,18.326888669021034
single-blocker,2,111,completed,448,0.884765625,305.7578125,870.0,452.11126129589684,452.11126129589684,18.522286612396332
single-blocker,2,111,completed,480,0.884765625,327.0078125,932.0,470.81179190110964,470.81179190110964,18.72964106237929
single-blocker,2,111,completed,512,0.884765625,348.2578125,993.0,488.56479953843325,488.56479953843325,18.919798392976592
single-blocker,2,111,plugin,32,0.173828125,21.9140625,64.0,63.96821681185914,63.96821681185914,10.646931473211028
single-blocker,2,111,plugin,64,0.173828125,43.1640625,123.0,116.14413264044191,116.14413264044191,12.565860572939902
single-blocker,2,111,plugin,96,0.173828125,64.4140625,185.0,162.4319925707324,162.4319925707324,13.837138043039861
single-blocker,2,111,plugin,128,0.173828125,85.6640625,247.0,201.34910148811747,201.34910148811747,14.718574808297747
single-blocker,2,111,plugin,160,0.173828125,106.9140625,307.0,234.3956727946231,234.3956727946231,15.378934683413377
single-blocker,2,111,plugin,192,0.173828125,128.1640625,368.0,264.46485334010896,264.46485334010896,15.91667757389029
single-blocker,2,111,plugin,224,0.173828125,149.4140625,431.0,293.37126329663226,293.37126329663226,16.40007882834075
single-blocker,2,111,plugin,256,0.173828125,170.6640625,491.0,318.7542072848479,318.7542072848479,16.79260940762561
single-blocker,2,111,plugin,288,0.173828125,191.9140625,554.0,344.0649497135873,344.0649497135873,17.164615407667313
single-blocker,2,111,plugin,320,0.173828125,213.1640625,617.0,367.78179011139355,367.78179011139355,17.490902316653358
single-blocker,2,111,plugin,352,0.173828125,234.4140625,679.0,389.92975852303323,389.92975852303323,17.78059813142378
single-blocker,2,111,plugin,384,0.173828125,255.6640625,740.0,410.6219658941381,410.6219658941381,18.037787486966632
single-blocker,2,111,plugin,416,0.173828125,276.9140625,801.0,430.33763463336106,430.33763463336106,18.271166779861364
single-blocker,2,111,plugin,448,0.173828125,298.1640625,858.0,447.90923784995863,447.90923784995863,18.470321471877543
single-blocker,2,111,plugin,480,0.173828125,319.4140625,920.0,466.75149694542245,466.75149694542245,18.68108092577626
single-blocker,2,111,plugin,512,0.173828125,340.6640625,981.0,484.62443183423653,484.62443183423653,18.874029824009103
single-blocker,2,111,safe,32,5.1875,0.0,32.0,31.968216811859147,31.968216811859147,4.02724519543652
single-blocker,2,111,safe,64,10.375,0.0,64.0,57.42435623340214,57.42435623340214,4.7282659037057675
single-blocker,2,111,safe,96,15.5625,0.0,96.0,76.78319682780861,76.78319682780861,5.136346480888775
single-blocker,2,111,safe,128,20.75,0.0,128.0,93.03345515740088,93.03345515740088,5.425334592589174
single-blocker,2,111,safe,160,25.9375,0.0,160.0,107.31238195727079,107.31238195727079,5.649261224939744
single-blocker,2,111,safe,192,31.125,0.0,192.0,120.1978375468853,120.1978375468853,5.832104609707439
single-blocker,2,111,safe,224,36.3125,0.0,224.0,132.0310352083931,132.0310352083931,5.986627913082163
single-blocker,2,111,safe,256,41.5,0.0,256.0,143.03333360981438,143.03333360981438,6.120438712817281
single-blocker,2,111,safe,288,46.6875,0.0,288.0,153.35798108855585,153.35798108855585,6.238439029233648
single-blocker,2,111,safe,320,51.875,0.0,320.0,163.1162631808352,163.1162631808352,6.343973346894013
single-blocker,2,111,safe,352,57.0625,0.0,352.0,172.39200998111025,172.39200998111025,6.43942571339101
single-blocker,2,111,safe,384,62.25,0.0,384.0,181.25023096678382,181.25023096678382,6.5265555690159704
single-blocker,2,111,safe,416,67.4375,0.0,416.0,189.74254455085054,189.74254455085054,6.6066985205464555
single-blocker,2,111,safe,448,72.625,0.0,448.0,197.91074640079475,197.91074640079475,6.680892410683006
single-blocker,2,111,safe,480,77.8125,0.0,480.0,205.78924141297622,205.78924141297622,6.7499597404471405
single-blocker,2,111,safe,512,83.0,0.0,512.0,213.40675252840046,213.40675252840046,6.81456340954972
single-blocker,2,111,known,32,0.0,21.25,62.0,61.96821681185914,61.96821681185914,10.51118486687619
single-blocker,2,111,known,64,0.0,42.5,121.0,114.22759708485823,114.22759708485823,12.491834598913936
single-blocker,2,111,known,96,0.0,63.75,183.0,160.77840974127568,160.77840974127568,13.790111016012844
single-blocker,2,111,known,128,0.0,85.0,245.0,199.93210524667057,199.93210524667057,14.68381545000899
single-blocker,2,111,known,160,0.0,106.25,305.0,233.13132292985617,233.13132292985617,15.351188797458551
single-blocker,2,111,known,192,0.0,127.5,366.0,263.30950334476995,263.30950334476995,15.893381282552776
single-blocker,2,111,known,224,0.0,148.75,429.0,292.30966751466656,292.30966751466656,16.38035970560126
single-blocker,2,111,known,256,0.0,170.0,489.0,317.7610743427209,317.7610743427209,16.775327105296622
single-blocker,2,111,known,288,0.0,191.25,552.0,343.1348075381995,343.1348075381995,17.14944212184633
single-blocker,2,111,known,320,0.0,212.5,615.0,366.9024792608842,366.9024792608842,17.477316611578328
single-blocker,2,111,known,352,0.0,233.75,677.0,389.0930039569164,389.0930039569164,17.768280993547677
single-blocker,2,111,known,384,0.0,255.0,738.0,409.82059347835894,409.82059347835894,18.02647505287597
single-blocker,2,111,known,416,0.0,276.25,799.0,429.5664855709022,429.5664855709022,18.260670753552823
single-blocker,2,111,known,448,0.0,297.5,856.0,447.16206423778624,447.16206423778624,18.460456868395948
single-blocker,2,111,known,480,0.0,318.75,918.0,466.03073208250674,466.03073208250674,18.671893142591177
single-blocker,2,111,known,512,0.0,340.0,979.0,483.92679537252354,483.92679537252354,18.865416130634475
single-blocker,2,111,product,32,3.5,23.25,62.0,61.96821681185914,61.96821681185914,7.988898993023576
single-blocker,2,111,product,64,7.0,46.5,121.0,109.98257841200666,109.98257841200666,9.339735258489004
single-blocker,2,111,product,96,10.5,69.75,183.0,148.50968723365776,148.50968723365776,10.173712128332806
single-blocker,2,111,product,128,14.0,93.0,245.0,180.74367392418108,180.74367392418108,10.760444600446505
single-blocker,2,111,product,160,17.5,116.25,305.0,208.13261852288895,208.13261852288895,11.199758392883163
single-blocker,2,111,product,192,21.0,139.5,366.0,233.29528526650245,233.29528526650245,11.565499258159015
single-blocker,2,111,product,224,24.5,162.75,429.0,257.1485372469755,257.1485372469755,11.884412549789927
single-blocker,2,111,product,256,28.0,186.0,489.0,278.2351529016785,278.2351529016785,12.14654537354576
single-blocker,2,111,product,288,31.5,209.25,552.0,299.03108174842316,299.03108174842316,12.389708662220476
single-blocker,2,111,product,320,35.0,232.5,615.0,318.6540021768279,318.6540021768279,12.606468495303005
single-blocker,2,111,product,352,38.5,255.75,677.0,336.9875775162862,336.9875775162862,12.798927310129942
single-blocker,2,111,product,384,42.0,279.0,738.0,354.20751793954656,354.20751793954656,12.971655052687709
single-blocker,2,111,product,416,45.5,302.25,799.0,370.72173516668425,370.72173516668425,13.130643123505
single-blocker,2,111,product,448,49.0,325.5,856.0,385.56208872555976,385.56208872555976,13.268149259184195
single-blocker,2,111,product,480,52.5,348.75,918.0,401.1800365222384,401.1800365222384,13.408252328833237
single-blocker,2,111,product,512,56.0,372.0,979.0,416.0283434516962,416.0283434516962,13.53703728620178
outcome-lag-64,4,111,prefix,32,0.0,21.0,64.0,64.0,64.0,36.67130903246445
outcome-lag-64,4,111,prefix,64,0.0,42.0,128.0,128.0,128.0,74.4415216506966
outcome-lag-64,4,111,prefix,96,0.0,63.0,191.81609176328246,190.14689855022067,190.14689855022067,101.4119108579032
outcome-lag-64,4,111,prefix,128,0.0,84.0,247.2058452780538,244.87596569857263,244.70477667187518,118.82979187934062
outcome-lag-64,4,111,prefix,160,0.0,105.0,291.95193217774454,291.778428775516,289.06226362640695,132.068775031835
outcome-lag-64,4,111,prefix,192,0.0,126.0,329.97960448834846,332.78151201179685,326.9667197667614,142.4895930183256
outcome-lag-64,4,111,prefix,224,0.0,147.0,364.06635897933836,369.99161706172833,361.0534742577513,151.19360611373006
outcome-lag-64,4,111,prefix,256,0.0,168.0,394.5458280819126,403.77375431372724,391.53294336032553,158.73498870623158
outcome-lag-64,4,111,prefix,288,0.0,189.0,421.9095174219055,434.7364469579629,418.89663270031843,165.6286991717131
outcome-lag-64,4,111,prefix,320,0.0,210.0,448.55120099737775,465.00344238995126,445.5383162757907,172.14000316090556
outcome-lag-64,4,111,prefix,352,0.0,231.0,473.02701907369584,493.213382880034,470.0141343521088,178.29354204230467
outcome-lag-64,4,111,prefix,384,0.0,252.0,496.27752573449715,519.9496402108659,493.2646410129101,183.86506158457786
outcome-lag-64,4,111,prefix,416,0.0,273.0,518.5501265153914,545.719704656662,515.5372417938041,189.1737558782765
outcome-lag-64,4,111,prefix,448,0.0,294.0,540.0433875659115,570.7327022571159,537.0305028443242,194.37386380499
outcome-lag-64,4,111,prefix,480,0.0,315.0,560.2204919498593,594.02481780512,557.207607228272,198.91937060094082
outcome-lag-64,4,111,prefix,512,0.0,336.0,579.7513328328071,616.1833694350105,576.7384481112198,202.81201305738
outcome-lag-64,4,111,intersection,32,0.0,21.0,64.0,64.0,64.0,36.67130903246445
outcome-lag-64,4,111,intersection,64,0.0,42.0,128.0,128.0,128.0,74.4415216506966
outcome-lag-64,4,111,intersection,96,0.0,63.0,191.81609176328246,190.14689855022067,190.14689855022067,101.4119108579032
outcome-lag-64,4,111,intersection,128,0.0,84.0,247.2058452780538,244.87596569857263,244.70477667187518,118.82979187934062
outcome-lag-64,4,111,intersection,160,0.0,105.0,291.95193217774454,291.778428775516,289.06226362640695,132.068775031835
outcome-lag-64,4,111,intersection,192,0.0,126.0,329.97960448834846,332.78151201179685,326.9667197667614,142.4895930183256
outcome-lag-64,4,111,intersection,224,0.0,147.0,364.06635897933836,369.99161706172833,361.0534742577513,151.19360611373006
outcome-lag-64,4,111,intersection,256,0.0,168.0,394.5458280819126,403.77375431372724,391.53294336032553,158.73498870623158
outcome-lag-64,4,111,intersection,288,0.0,189.0,421.9095174219055,434.7364469579629,418.89663270031843,165.6286991717131
outcome-lag-64,4,111,intersection,320,0.0,210.0,448.55120099737775,465.00344238995126,445.5383162757907,172.14000316090556
outcome-lag-64,4,111,intersection,352,0.0,231.0,473.02701907369584,493.213382880034,470.0141343521088,178.29354204230467
outcome-lag-64,4,111,intersection,384,0.0,252.0,496.27752573449715,519.9496402108659,493.2646410129101,183.86506158457786
outcome-lag-64,4,111,intersection,416,0.0,273.0,518.5501265153914,545.719704656662,515.5372417938041,189.1737558782765
outcome-lag-64,4,111,intersection,448,0.0,294.0,540.0433875659115,570.7327022571159,537.0305028443242,194.37386380499
outcome-lag-64,4,111,intersection,480,0.0,315.0,560.2204919498593,594.02481780512,557.207607228272,198.91937060094082
outcome-lag-64,4,111,intersection,512,0.0,336.0,579.7513328328071,616.1833694350105,576.7384481112198,202.81201305738
outcome-lag-64,4,111,completed,32,0.0,21.0,64.0,64.0,64.0,36.67130903246445
outcome-lag-64,4,111,completed,64,2.6015625,36.09375,119.0,119.0,119.0,68.69649433783376
outcome-lag-64,4,111,completed,96,6.9375,47.25,167.81609176328246,166.14689855022067,166.14689855022067,86.88817315378301
outcome-lag-64,4,111,completed,128,6.9375,68.25,223.44556680476384,220.89161229424013,220.79983254793976,102.20540213368902
outcome-lag-64,4,111,completed,160,6.9375,89.25,271.6222226500279,270.4471034857295,268.5875262557351,116.36972178906058
outcome-lag-64,4,111,completed,192,6.9375,110.25,312.3441112249377,313.6606669514851,309.0109658378186,127.68768489252126
outcome-lag-64,4,111,completed,224,6.9375,131.25,348.15637069721595,352.3866501081157,344.82039729284253,136.95312998257438
outcome-lag-64,4,111,completed,256,6.9375,152.25,379.9021315559247,387.3603032592017,376.5661581515513,144.8949717470955
outcome-lag-64,4,111,completed,288,6.9375,173.25,408.3173901931413,419.40629407358466,404.9814167887679,152.16994308019613
outcome-lag-64,4,111,completed,320,6.9375,194.25,435.6762732793094,450.4180883824306,432.34029987493597,158.92350166315362
outcome-lag-64,4,111,completed,352,6.9375,215.25,460.7992719348473,479.33200787790435,457.4632985304739,165.30731599930823
outcome-lag-64,4,111,completed,384,6.9375,236.25,484.5863053323562,506.6944905150891,481.25033192798276,171.10177178244876
outcome-lag-64,4,111,completed,416,6.9375,257.25,507.3034828054607,532.9946873139013,503.9675094010873,176.59912150556013
outcome-lag-64,4,111,completed,448,6.9375,278.25,529.1662027382131,558.4326643856921,525.8302293338398,181.93286880425455
outcome-lag-64,4,111,completed,480,6.9375,299.25,549.7020210705211,582.1321432689797,546.3660476661479,186.59415099319614
outcome-lag-64,4,111,completed,512,6.9375,320.25,569.5424726258556,604.6470088594621,566.2064992214823,190.5910434067131
outcome-lag-64,4,111,plugin,32,0.10546875,19.734375,64.0,64.0,64.0,36.67130903246445
outcome-lag-64,4,111,plugin,64,1.0234375,29.71875,115.0,115.0,115.0,65.40587377796194
outcome-lag-64,4,111,plugin,96,1.33984375,46.921875,174.81609176328246,173.14689855022067,173.14689855022067,90.0791778939739
outcome-lag-64,4,111,plugin,128,1.3515625,67.78125,230.49648581008842,228.04415590804894,227.94901380051564,107.4282673166942
outcome-lag-64,4,111,plugin,160,1.625,85.5,270.94400007183305,270.9974453865707,268.3965280622603,120.12704698591607
outcome-lag-64,4,111,plugin,192,1.625,106.5,311.33431122595306,314.2142016179662,308.5512771458748,131.13201034162518
outcome-lag-64,4,111,plugin,224,1.625,127.5,347.66964598368133,353.45596989379766,344.88661190360307,140.45508486029135
outcome-lag-64,4,111,plugin,256,1.625,148.5,379.7520345914078,388.6498431178071,376.9690005113295,148.45734698098607
outcome-lag-64,4,111,plugin,288,1.625,169.5,407.93091746252276,420.3877900957793,405.1478833824445,155.58141519038017
outcome-lag-64,4,111,plugin,320,1.625,190.5,435.75926018794667,451.84720065120143,432.9762261078684,162.4698353066353
outcome-lag-64,4,111,plugin,352,1.625,211.5,460.98052665706825,480.8290009688712,458.19749257699,168.88671937044123
outcome-lag-64,4,111,plugin,384,1.625,232.5,484.8740749186822,508.2378537993926,482.09104083860393,174.66413976078545
outcome-lag-64,4,111,plugin,416,1.625,253.5,507.7368958950352,534.6611804876054,504.95386181495695,180.17498032129618
outcome-lag-64,4,111,plugin,448,1.625,274.5,529.8050618958794,560.3152812833337,527.0220278158012,185.58690552984697
outcome-lag-64,4,111,plugin,480,1.625,295.5,550.3628066103865,584.0241416757192,547.5797725303083,190.26064084271638
outcome-lag-64,4,111,plugin,512,1.625,316.5,570.2515311637513,606.5697298615021,567.4684970836731,194.2485634331604
outcome-lag-64,4,111,safe,32,9.25,0.0,32.0,32.0,32.0,14.106496325391682
outcome-lag-64,4,111,safe,64,18.5,0.0,64.0,64.0,64.0,30.729869235104474
outcome-lag-64,4,111,safe,96,27.75,0.0,95.81609176328242,94.14689855022063,94.14689855022063,42.859621574507955
outcome-lag-64,4,111,safe,128,37.0,0.0,120.26052897435721,118.03020244787972,117.93842270157931,50.781655254275165
outcome-lag-64,4,111,safe,160,46.25,0.0,139.052860524829,138.52810528579505,136.73075425205113,57.224557924671196
outcome-lag-64,4,111,safe,192,55.5,0.0,154.91891854070678,156.27181613775969,152.59681226792893,62.26565657178901
outcome-lag-64,4,111,safe,224,64.75,0.0,168.91157332836363,172.07977247995197,166.58946705558577,66.39493855584817
outcome-lag-64,4,111,safe,256,74.0,0.0,181.56161244404458,186.7923229140212,179.23950617126673,70.23900138823126
outcome-lag-64,4,111,safe,288,83.25,0.0,193.22001638182607,200.4237805186748,190.8979101090482,73.66381183055991
outcome-lag-64,4,111,safe,320,92.5,0.0,204.06903985348384,213.33224829404065,201.74693358070598,76.91953183130664
outcome-lag-64,4,111,safe,352,101.75,0.0,214.24445742736572,225.55162902575793,211.92235115458786,79.95861812924579
outcome-lag-64,4,111,safe,384,111.0,0.0,223.8816147926882,236.76781911997895,221.55950851991034,82.40371709341818
outcome-lag-64,4,111,safe,416,120.25,0.0,233.04322004390178,247.4591261642369,230.72111377112392,84.68285350513987
outcome-lag-64,4,111,safe,448,129.5,0.0,241.8046825921229,258.0376818924651,239.48257631934504,87.1674012735603
outcome-lag-64,4,111,safe,480,138.75,0.0,250.20927563461726,268.17463861496253,247.8871693618394,89.49493031364032
outcome-lag-64,4,111,safe,512,148.0,0.0,258.29723043383274,277.6091315532896,255.9751241610548,91.37651580564575
outcome-lag-64,4,111,known,32,0.0,21.0,64.0,64.0,64.0,36.67130903246445
outcome-lag-64,4,111,known,64,0.0,42.0,128.0,128.0,128.0,74.4415216506966
outcome-lag-64,4,111,known,96,0.0,63.0,191.81609176328246,190.14689855022067,190.14689855022067,101.4119108579032
outcome-lag-64,4,111,known,128,0.0,84.0,247.2058452780538,244.87596569857263,244.70477667187518,118.82979187934062
outcome-lag-64,4,111,known,160,0.0,105.0,291.95193217774454,291.778428775516,289.06226362640695,132.068775031835
outcome-lag-64,4,111,known,192,0.0,126.0,329.97960448834846,332.78151201179685,326.9667197667614,142.4895930183256
outcome-lag-64,4,111,known,224,0.0,147.0,364.06635897933836,369.99161706172833,361.0534742577513,151.19360611373006
outcome-lag-64,4,111,known,256,0.0,168.0,394.5458280819126,403.77375431372724,391.53294336032553,158.73498870623158
outcome-lag-64,4,111,known,288,0.0,189.0,421.9095174219055,434.7364469579629,418.89663270031843,165.6286991717131
outcome-lag-64,4,111,known,320,0.0,210.0,448.55120099737775,465.00344238995126,445.5383162757907,172.14000316090556
outcome-lag-64,4,111,known,352,0.0,231.0,473.02701907369584,493.213382880034,470.0141343521088,178.29354204230467
outcome-lag-64,4,111,known,384,0.0,252.0,496.27752573449715,519.9496402108659,493.2646410129101,183.86506158457786
outcome-lag-64,4,111,known,416,0.0,273.0,518.5501265153914,545.719704656662,515.5372417938041,189.1737558782765
outcome-lag-64,4,111,known,448,0.0,294.0,540.0433875659115,570.7327022571159,537.0305028443242,194.37386380499
outcome-lag-64,4,111,known,480,0.0,315.0,560.2204919498593,594.02481780512,557.207607228272,198.91937060094082
outcome-lag-64,4,111,known,512,0.0,336.0,579.7513328328071,616.1833694350105,576.7384481112198,202.81201305738
outcome-lag-64,4,111,product,32,0.0,21.0,64.0,64.0,64.0,36.67130903246445
outcome-lag-64,4,111,product,64,0.0,42.0,128.0,128.0,128.0,74.4415216506966
outcome-lag-64,4,111,product,96,0.0,63.0,191.81609176328246,190.14689855022067,190.14689855022067,101.4119108579032
outcome-lag-64,4,111,product,128,0.0,84.0,247.2058452780538,244.87596569857263,244.70477667187518,118.82979187934062
outcome-lag-64,4,111,product,160,0.0,105.0,291.95193217774454,291.778428775516,289.06226362640695,132.068775031835
outcome-lag-64,4,111,product,192,0.0,126.0,329.97960448834846,332.78151201179685,326.9667197667614,142.4895930183256
outcome-lag-64,4,111,product,224,0.0,147.0,364.06635897933836,369.99161706172833,361.0534742577513,151.19360611373006
outcome-lag-64,4,111,product,256,0.0,168.0,394.5458280819126,403.77375431372724,391.53294336032553,158.73498870623158
outcome-lag-64,4,111,product,288,0.0,189.0,421.9095174219055,434.7364469579629,418.89663270031843,165.6286991717131
outcome-lag-64,4,111,product,320,0.0,210.0,448.55120099737775,465.00344238995126,445.5383162757907,172.14000316090556
outcome-lag-64,4,111,product,352,0.0,231.0,473.02701907369584,493.213382880034,470.0141343521088,178.29354204230467
outcome-lag-64,4,111,product,384,0.0,252.0,496.27752573449715,519.9496402108659,493.2646410129101,183.86506158457786
outcome-lag-64,4,111,product,416,0.0,273.0,518.5501265153914,545.719704656662,515.5372417938041,189.1737558782765
outcome-lag-64,4,111,product,448,0.0,294.0,540.0433875659115,570.7327022571159,537.0305028443242,194.37386380499
outcome-lag-64,4,111,product,480,0.0,315.0,560.2204919498593,594.02481780512,557.207607228272,198.91937060094082
outcome-lag-64,4,111,product,512,0.0,336.0,579.7513328328071,616.1833694350105,576.7384481112198,202.81201305738
single-blocker,4,111,prefix,32,0.0,21.0,64.0,63.96821681185914,63.96821681185914,10.594862197457546
single-blocker,4,111,prefix,64,0.0,42.0,128.0,120.81662176040324,120.81662176040324,12.732126094754632
single-blocker,4,111,prefix,96,0.0,63.0,192.0,167.1824467278601,167.1824467278601,13.946331646190712
single-blocker,4,111,prefix,128,0.0,84.0,256.0,206.2727844016029,206.2727844016029,14.8075011175208
single-blocker,4,111,prefix,160,0.0,105.0,320.0,240.60431615564173,240.60431615564173,15.475552947110726
single-blocker,4,111,prefix,192,0.0,126.0,384.0,271.73881686154436,271.73881686154436,16.027788403223113
single-blocker,4,111,prefix,224,0.0,147.0,448.0,300.72580952317156,300.72580952317156,16.508689110323196
single-blocker,4,111,prefix,256,0.0,168.0,512.0,327.3720290139087,327.3720290139087,16.91415394156283
single-blocker,4,111,prefix,288,0.0,189.0,576.0,351.77969922508356,351.77969922508356,17.252841973983625
single-blocker,4,111,prefix,320,0.0,210.0,640.0,375.86973068757527,375.86973068757527,17.587181993679625
single-blocker,4,111,prefix,352,0.0,231.0,704.0,398.21196528443966,398.21196528443966,17.873014981860454
single-blocker,4,111,prefix,384,0.0,252.0,768.0,419.64021674562287,419.64021674562287,18.136528654484927
single-blocker,4,111,prefix,416,0.0,273.0,832.0,440.3482795754977,440.3482795754977,18.38322133226245
single-blocker,4,111,prefix,448,0.0,294.0,896.0,460.392568307193,460.392568307193,18.61462039021711
single-blocker,4,111,prefix,480,0.0,315.0,960.0,479.3450600484174,479.3450600484174,18.820503379388242
single-blocker,4,111,prefix,512,0.0,336.0,1024.0,497.8068578274737,497.8068578274737,19.01639198499365
single-blocker,4,111,intersection,32,0.0,21.0,64.0,63.96821681185914,63.96821681185914,10.594862197457546
single-blocker,4,111,intersection,64,0.0,42.0,128.0,120.81662176040324,120.81662176040324,12.732126094754632
single-blocker,4,111,intersection,96,0.0,63.0,192.0,167.1824467278601,167.1824467278601,13.946331646190712
single-blocker,4,111,intersection,128,0.0,84.0,256.0,206.2727844016029,206.2727844016029,14.8075011175208
single-blocker,4,111,intersection,160,0.0,105.0,320.0,240.60431615564173,240.60431615564173,15.475552947110726
single-blocker,4,111,intersection,192,0.0,126.0,384.0,271.73881686154436,271.73881686154436,16.027788403223113
single-blocker,4,111,intersection,224,0.0,147.0,448.0,300.72580952317156,300.72580952317156,16.508689110323196
single-blocker,4,111,intersection,256,0.0,168.0,512.0,327.3720290139087,327.3720290139087,16.91415394156283
single-blocker,4,111,intersection,288,0.0,189.0,576.0,351.77969922508356,351.77969922508356,17.252841973983625
single-blocker,4,111,intersection,320,0.0,210.0,640.0,375.86973068757527,375.86973068757527,17.587181993679625
single-blocker,4,111,intersection,352,0.0,231.0,704.0,398.21196528443966,398.21196528443966,17.873014981860454
single-blocker,4,111,intersection,384,0.0,252.0,768.0,419.64021674562287,419.64021674562287,18.136528654484927
single-blocker,4,111,intersection,416,0.0,273.0,832.0,440.3482795754977,440.3482795754977,18.38322133226245
single-blocker,4,111,intersection,448,0.0,294.0,896.0,460.392568307193,460.392568307193,18.61462039021711
single-blocker,4,111,intersection,480,0.0,315.0,960.0,479.3450600484174,479.3450600484174,18.820503379388242
single-blocker,4,111,intersection,512,0.0,336.0,1024.0,497.8068578274737,497.8068578274737,19.01639198499365
single-blocker,4,111,completed,32,0.0,21.0,64.0,63.96821681185914,63.96821681185914,10.594862197457546
single-blocker,4,111,completed,64,0.0,42.0,128.0,120.81662176040324,120.81662176040324,12.732126094754632
single-blocker,4,111,completed,96,0.0,63.0,192.0,167.1824467278601,167.1824467278601,13.946331646190712
single-blocker,4,111,completed,128,0.0,84.0,256.0,206.2727844016029,206.2727844016029,14.8075011175208
single-blocker,4,111,completed,160,0.0,105.0,320.0,240.60431615564173,240.60431615564173,15.475552947110726
single-blocker,4,111,completed,192,0.0,126.0,384.0,271.73881686154436,271.73881686154436,16.027788403223113
single-blocker,4,111,completed,224,0.0,147.0,448.0,300.72580952317156,300.72580952317156,16.508689110323196
single-blocker,4,111,completed,256,0.0,168.0,512.0,327.3720290139087,327.3720290139087,16.91415394156283
single-blocker,4,111,completed,288,0.0,189.0,576.0,351.77969922508356,351.77969922508356,17.252841973983625
single-blocker,4,111,completed,320,0.0,210.0,640.0,375.86973068757527,375.86973068757527,17.587181993679625
single-blocker,4,111,completed,352,0.0,231.0,704.0,398.21196528443966,398.21196528443966,17.873014981860454
single-blocker,4,111,completed,384,0.0,252.0,768.0,419.64021674562287,419.64021674562287,18.136528654484927
single-blocker,4,111,completed,416,0.0,273.0,832.0,440.3482795754977,440.3482795754977,18.38322133226245
single-blocker,4,111,completed,448,0.0,294.0,896.0,460.392568307193,460.392568307193,18.61462039021711
single-blocker,4,111,completed,480,0.0,315.0,960.0,479.3450600484174,479.3450600484174,18.820503379388242
single-blocker,4,111,completed,512,0.0,336.0,1024.0,497.8068578274737,497.8068578274737,19.01639198499365
single-blocker,4,111,plugin,32,1.67578125,21.515625,64.0,63.96821681185914,63.96821681185914,10.64693147321103
single-blocker,4,111,plugin,64,1.67578125,42.515625,128.0,121.04745485487554,121.04745485487554,12.75724481671545
single-blocker,4,111,plugin,96,1.67578125,63.515625,192.0,167.56853238876437,167.56853238876437,13.966945919142791
single-blocker,4,111,plugin,128,1.67578125,84.515625,256.0,206.63587578322378,206.63587578322378,14.824452818750704
single-blocker,4,111,plugin,160,1.67578125,105.515625,320.0,240.9442642307754,240.9442642307754,15.489842488864427
single-blocker,4,111,plugin,192,1.67578125,126.515625,384.0,272.0447976586277,272.0447976586277,16.03956082840782
single-blocker,4,111,plugin,224,1.67578125,147.515625,448.0,300.9749229553228,300.9749229553228,16.517536076297695
single-blocker,4,111,plugin,256,1.67578125,168.515625,512.0,327.59833338583496,327.59833338583496,16.921679350134642
single-blocker,4,111,plugin,288,1.67578125,189.515625,576.0,352.0234657687729,352.0234657687729,17.260541313206296
single-blocker,4,111,plugin,320,1.67578125,210.515625,640.0,376.06969584103297,376.06969584103297,17.59314634516494
single-blocker,4,111,plugin,352,1.67578125,231.515625,704.0,398.40432861054586,398.40432861054586,17.878494538024007
single-blocker,4,111,plugin,384,1.67578125,252.515625,768.0,419.8212342034799,419.8212342034799,18.14146799721523
single-blocker,4,111,plugin,416,1.67578125,273.515625,832.0,440.5117306504233,440.5117306504233,18.387501544849957
single-blocker,4,111,plugin,448,1.67578125,294.515625,896.0,460.53457847738565,460.53457847738565,18.618196090802837
single-blocker,4,111,plugin,480,1.67578125,315.515625,960.0,479.4850064814698,479.4850064814698,18.823912235817843
single-blocker,4,111,plugin,512,1.67578125,336.515625,1024.0,497.9390179753144,497.9390179753144,19.019509109591276
single-blocker,4,111,safe,32,9.25,0.0,32.0,31.968216811859147,31.968216811859147,4.02724519543652
single-blocker,4,111,safe,64,18.5,0.0,64.0,57.42435623340214,57.42435623340214,4.7282659037057675
single-blocker,4,111,safe,96,27.75,0.0,96.0,76.78319682780861,76.78319682780861,5.136346480888775
single-blocker,4,111,safe,128,37.0,0.0,128.0,93.03345515740088,93.03345515740088,5.425334592589174
single-blocker,4,111,safe,160,46.25,0.0,160.0,107.31238195727079,107.31238195727079,5.649261224939744
single-blocker,4,111,safe,192,55.5,0.0,192.0,120.1978375468853,120.1978375468853,5.832104609707439
single-blocker,4,111,safe,224,64.75,0.0,224.0,132.0310352083931,132.0310352083931,5.986627913082163
single-blocker,4,111,safe,256,74.0,0.0,256.0,143.03333360981438,143.03333360981438,6.120438712817281
single-blocker,4,111,safe,288,83.25,0.0,288.0,153.35798108855585,153.35798108855585,6.238439029233648
single-blocker,4,111,safe,320,92.5,0.0,320.0,163.1162631808352,163.1162631808352,6.343973346894013
single-blocker,4,111,safe,352,101.75,0.0,352.0,172.39200998111025,172.39200998111025,6.43942571339101
single-blocker,4,111,safe,384,111.0,0.0,384.0,181.25023096678382,181.25023096678382,6.5265555690159704
single-blocker,4,111,safe,416,120.25,0.0,416.0,189.74254455085054,189.74254455085054,6.6066985205464555
single-blocker,4,111,safe,448,129.5,0.0,448.0,197.91074640079475,197.91074640079475,6.680892410683006
single-blocker,4,111,safe,480,138.75,0.0,480.0,205.78924141297622,205.78924141297622,6.7499597404471405
single-blocker,4,111,safe,512,148.0,0.0,512.0,213.40675252840046,213.40675252840046,6.81456340954972
single-blocker,4,111,known,32,0.0,21.0,64.0,63.96821681185914,63.96821681185914,10.594862197457546
single-blocker,4,111,known,64,0.0,42.0,128.0,120.81662176040324,120.81662176040324,12.732126094754632
single-blocker,4,111,known,96,0.0,63.0,192.0,167.1824467278601,167.1824467278601,13.946331646190712
single-blocker,4,111,known,128,0.0,84.0,256.0,206.2727844016029,206.2727844016029,14.8075011175208
single-blocker,4,111,known,160,0.0,105.0,320.0,240.60431615564173,240.60431615564173,15.475552947110726
single-blocker,4,111,known,192,0.0,126.0,384.0,271.73881686154436,271.73881686154436,16.027788403223113
single-blocker,4,111,known,224,0.0,147.0,448.0,300.72580952317156,300.72580952317156,16.508689110323196
single-blocker,4,111,known,256,0.0,168.0,512.0,327.3720290139087,327.3720290139087,16.91415394156283
single-blocker,4,111,known,288,0.0,189.0,576.0,351.77969922508356,351.77969922508356,17.252841973983625
single-blocker,4,111,known,320,0.0,210.0,640.0,375.86973068757527,375.86973068757527,17.587181993679625
single-blocker,4,111,known,352,0.0,231.0,704.0,398.21196528443966,398.21196528443966,17.873014981860454
single-blocker,4,111,known,384,0.0,252.0,768.0,419.64021674562287,419.64021674562287,18.136528654484927
single-blocker,4,111,known,416,0.0,273.0,832.0,440.3482795754977,440.3482795754977,18.38322133226245
single-blocker,4,111,known,448,0.0,294.0,896.0,460.392568307193,460.392568307193,18.61462039021711
single-blocker,4,111,known,480,0.0,315.0,960.0,479.3450600484174,479.3450600484174,18.820503379388242
single-blocker,4,111,known,512,0.0,336.0,1024.0,497.8068578274737,497.8068578274737,19.01639198499365
single-blocker,4,111,product,32,0.0,21.0,64.0,63.96821681185914,63.96821681185914,10.594862197457546
single-blocker,4,111,product,64,0.0,42.0,128.0,120.81662176040324,120.81662176040324,12.732126094754632
single-blocker,4,111,product,96,0.0,63.0,192.0,167.1824467278601,167.1824467278601,13.946331646190712
single-blocker,4,111,product,128,0.0,84.0,256.0,206.2727844016029,206.2727844016029,14.8075011175208
single-blocker,4,111,product,160,0.0,105.0,320.0,240.60431615564173,240.60431615564173,15.475552947110726
single-blocker,4,111,product,192,0.0,126.0,384.0,271.73881686154436,271.73881686154436,16.027788403223113
single-blocker,4,111,product,224,0.0,147.0,448.0,300.72580952317156,300.72580952317156,16.508689110323196
single-blocker,4,111,product,256,0.0,168.0,512.0,327.3720290139087,327.3720290139087,16.91415394156283
single-blocker,4,111,product,288,0.0,189.0,576.0,351.77969922508356,351.77969922508356,17.252841973983625
single-blocker,4,111,product,320,0.0,210.0,640.0,375.86973068757527,375.86973068757527,17.587181993679625
single-blocker,4,111,product,352,0.0,231.0,704.0,398.21196528443966,398.21196528443966,17.873014981860454
single-blocker,4,111,product,384,0.0,252.0,768.0,419.64021674562287,419.64021674562287,18.136528654484927
single-blocker,4,111,product,416,0.0,273.0,832.0,440.3482795754977,440.3482795754977,18.38322133226245
single-blocker,4,111,product,448,0.0,294.0,896.0,460.392568307193,460.392568307193,18.61462039021711
single-blocker,4,111,product,480,0.0,315.0,960.0,479.3450600484174,479.3450600484174,18.820503379388242
single-blocker,4,111,product,512,0.0,336.0,1024.0,497.8068578274737,497.8068578274737,19.01639198499365
outcome-lag-64,6,111,prefix,32,1.3125,19.0,64.0,64.0,64.0,24.414689394276404
outcome-lag-64,6,111,prefix,64,2.625,38.0,128.0,128.0,128.0,52.77466686755325
outcome-lag-64,6,111,prefix,96,3.9375,57.0,191.5723816965429,191.2300257259501,191.2174039338854,78.3500075834442
outcome-lag-64,6,111,prefix,128,5.25,76.0,247.00620416243177,247.0562642093151,245.6922652951756,97.69765716419381
outcome-lag-64,6,111,prefix,160,6.5625,95.0,292.17134678650183,294.9279119622009,289.69049793698105,111.26998474840126
outcome-lag-64,6,111,prefix,192,7.875,114.0,330.0397095293635,337.9118506307135,326.6947177162137,123.89824612666366
outcome-lag-64,6,111,prefix,224,9.1875,133.0,363.7377737872606,376.04643461066564,360.0873454167716,133.82934417339635
outcome-lag-64,6,111,prefix,256,9.310546875,140.8984375,387.96652675990435,405.39480143231066,384.31609838941534,142.5165188526891
outcome-lag-64,6,111,prefix,288,9.43359375,148.796875,406.9992901245831,428.40268617051845,403.3334319512315,148.79112949167063
outcome-lag-64,6,111,prefix,320,9.43359375,155.546875,426.27563401962584,452.2493177350289,422.6097758462742,155.3935862327877
outcome-lag-64,6,111,prefix,352,9.43359375,162.296875,445.7069282353231,475.6266583115219,442.0410700619715,161.27898855886036
outcome-lag-64,6,111,prefix,384,9.43359375,169.046875,461.70257034988356,494.5321007508268,458.0367121765319,165.64638385072277
outcome-lag-64,6,111,prefix,416,9.43359375,175.796875,476.1043411221132,511.99707817821377,472.4384829487616,169.8225817126096
outcome-lag-64,6,111,prefix,448,9.43359375,182.546875,490.2789222614421,529.2384637009137,486.6130640880905,173.90396204754455
outcome-lag-64,6,111,prefix,480,9.43359375,189.296875,505.9918008749333,548.1812807012687,502.32594270158165,178.19428969039416
outcome-lag-64,6,111,prefix,512,9.43359375,196.046875,518.7938355938913,563.5537144996729,515.1279774205399,181.59851458823204
outcome-lag-64,6,111,intersection,32,1.3125,19.0,64.0,64.0,64.0,24.414689394276404
outcome-lag-64,6,111,intersection,64,2.625,38.0,128.0,128.0,128.0,52.77466686755325
outcome-lag-64,6,111,intersection,96,3.9375,57.0,191.5723816965429,191.2300257259501,191.2174039338854,78.3500075834442
outcome-lag-64,6,111,intersection,128,5.25,76.0,247.00620416243177,247.0562642093151,245.6922652951756,97.69765716419381
outcome-lag-64,6,111,intersection,160,6.5625,95.0,292.17134678650183,294.9279119622009,289.69049793698105,111.26998474840126
outcome-lag-64,6,111,intersection,192,7.13671875,107.109375,326.3475236496785,334.6162893715964,323.3991564570965,123.57712821781259
outcome-lag-64,6,111,intersection,224,7.13671875,113.859375,350.8891310616648,363.89985306297694,347.9407638690828,132.52585069917916
outcome-lag-64,6,111,intersection,256,7.13671875,120.609375,375.11788403430853,393.24821988462196,372.16951684172653,141.2130253784719
outcome-lag-64,6,111,intersection,288,7.13671875,127.359375,393.0076722532096,415.12855927991467,390.0593050606276,147.4352237367517
outcome-lag-64,6,111,intersection,320,7.13671875,134.109375,412.2840161482523,438.97519084442513,409.3356489556703,154.03768047786878
outcome-lag-64,6,111,intersection,352,7.13671875,140.859375,431.7153103639496,462.3525314209181,428.7669431713676,159.92308280394144
outcome-lag-64,6,111,intersection,384,7.13671875,147.609375,447.71095247851,481.25797386022305,444.762585285928,164.29047809580385
outcome-lag-64,6,111,intersection,416,7.13671875,154.359375,462.1127232507397,498.72295128761,459.1643560581577,168.46667595769068
outcome-lag-64,6,111,intersection,448,7.13671875,161.109375,476.2873043900686,515.9643368103098,473.3389371974866,172.54805629262563
outcome-lag-64,6,111,intersection,480,7.13671875,167.859375,492.00018300355975,534.9071538106648,489.05181581097776,176.83838393547524
outcome-lag-64,6,111,intersection,512,7.13671875,174.609375,504.8022177225181,550.2795876090689,501.8538505299361,180.2426088333131
outcome-lag-64,6,111,completed,32,1.3125,19.0,64.0,64.0,64.0,24.414689394276404
outcome-lag-64,6,111,completed,64,6.84375,32.0625,118.0,118.0,118.0,48.34634541514292
outcome-lag-64,6,111,completed,96,11.109375,46.90625,174.5723816965429,174.38784363642205,174.37522184435736,70.83255674117595
outcome-lag-64,6,111,completed,128,12.421875,65.90625,230.60755307551537,231.31984183060055,230.12397009817911,89.24265108878093
outcome-lag-64,6,111,completed,160,13.2421875,80.3125,272.125163554709,275.5125234521705,270.7048660339164,102.5515021034684
outcome-lag-64,6,111,completed,192,14.349609375,97.3984375,310.9863967439361,319.55957270046184,308.7631466751964,115.63225748060218
outcome-lag-64,6,111,completed,224,15.046875,110.65625,342.7740015401303,355.90229890113204,340.3194518216455,125.59746530752157
outcome-lag-64,6,111,completed,256,15.416015625,120.8515625,369.48505757973066,387.85655693076535,367.03050786124584,134.76394302887434
outcome-lag-64,6,111,completed,288,15.94921875,132.578125,393.71749025282463,416.0687395797784,391.1814445840621,141.3155556353925
outcome-lag-64,6,111,completed,320,15.94921875,139.328125,413.24581456523583,440.2351288095255,410.7097688964733,148.055622780508
outcome-lag-64,6,111,completed,352,15.990234375,146.4609375,433.4892953811753,464.492589537581,430.95324971241274,154.0770336184355
outcome-lag-64,6,111,completed,384,15.990234375,153.2109375,449.636725439154,483.592617552278,447.1006797703915,158.52721266879743
outcome-lag-64,6,111,completed,416,15.990234375,159.9609375,464.148890251277,501.2023529379211,461.61284458251447,162.76005278261476
outcome-lag-64,6,111,completed,448,15.990234375,166.7109375,478.42880347530183,518.5820682792455,475.8927578065393,166.89384960393642
outcome-lag-64,6,111,completed,480,15.990234375,173.4609375,494.2735302835766,537.694690397786,491.73748461481404,171.24611967796093
outcome-lag-64,6,111,completed,512,15.990234375,180.2109375,507.15502089058407,553.1671090884311,504.61897522182153,174.68525410979822
outcome-lag-64,6,111,plugin,32,3.51953125,7.890625,50.0,50.0,50.0,20.185348800229928
outcome-lag-64,6,111,plugin,64,3.95703125,13.390625,99.0,99.0,99.0,44.55256757336477
outcome-lag-64,6,111,plugin,96,4.435546875,19.2734375,144.5723816965429,144.38784363642205,144.37522184435736,66.2901926630628
outcome-lag-64,6,111,plugin,128,4.66796875,25.359375,187.99123681843824,188.59660883749774,187.7217961628488,83.96211224007308
outcome-lag-64,6,111,plugin,160,4.66796875,32.109375,218.75197198526558,222.88386184540005,218.48253132967614,95.4302526312318
outcome-lag-64,6,111,plugin,192,4.66796875,38.859375,250.2877881872876,260.3565393388016,250.01834753169814,107.89133144812175
outcome-lag-64,6,111,plugin,224,4.66796875,45.609375,275.627624093783,290.4950236533927,275.3581834381936,117.26539923769332
outcome-lag-64,6,111,plugin,256,4.66796875,52.359375,300.5561750996827,320.6633335952115,300.28673444409327,126.36055931480718
outcome-lag-64,6,111,plugin,288,4.66796875,59.109375,318.7537644882916,342.923391046947,318.48432383270216,132.76065167225906
outcome-lag-64,6,111,plugin,320,4.66796875,65.859375,338.3825929070366,367.2166742450538,338.1131522514472,139.55584393903766
outcome-lag-64,6,111,plugin,352,4.66796875,72.609375,358.15693082641815,391.0313567175934,357.88749017082876,145.6313355543135
outcome-lag-64,6,111,plugin,384,4.66796875,79.359375,374.36414469871784,410.20775872362213,374.09470404312844,150.11425392487246
outcome-lag-64,6,111,plugin,416,4.66796875,86.109375,388.91954138245944,427.8741125509699,388.65010072687005,154.36941553470632
outcome-lag-64,6,111,plugin,448,4.66796875,92.859375,403.2405700855463,445.30778529895986,402.97112942995693,158.52380637221023
outcome-lag-64,6,111,plugin,480,4.66796875,99.609375,419.136612839609,464.4864486735498,418.8671721840196,162.90033328190836
outcome-lag-64,6,111,plugin,512,4.66796875,106.359375,432.04895244603284,479.9976551310042,431.77951179044345,166.35309960983093
outcome-lag-64,6,111,safe,32,14.8125,0.0,32.0,32.0,32.0,12.823172088053216
outcome-lag-64,6,111,safe,64,29.625,0.0,64.0,64.0,64.0,28.168717152206867
outcome-lag-64,6,111,safe,96,44.4375,0.0,95.57238169654296,95.38784363642203,95.37522184435736,42.335174617614776
outcome-lag-64,6,111,safe,128,59.25,0.0,120.17440814226376,120.59660883749764,119.90496748667415,51.58266960079857
outcome-lag-64,6,111,safe,160,74.0625,0.0,139.00315065104272,141.70561734295103,138.73370999545313,58.636677938732674
outcome-lag-64,6,111,safe,192,88.875,0.0,154.84433555561492,160.67753718210176,154.57489490002533,64.90598557303656
outcome-lag-64,6,111,safe,224,103.6875,0.0,168.87462094463365,177.11558471251178,168.60518028904406,69.66535874531347
outcome-lag-64,6,111,safe,256,118.5,0.0,181.5286032927918,191.92147480345216,181.2591626372022,73.60276123456774
outcome-lag-64,6,111,safe,288,133.3125,0.0,193.18300427401402,205.99556702891758,192.91356361842443,77.47020629770824
outcome-lag-64,6,111,safe,320,148.125,0.0,204.0275909198992,219.42301559956715,203.75815026430962,81.2449070937388
outcome-lag-64,6,111,safe,352,162.9375,0.0,214.2201360001904,231.3347805819896,213.9506953446008,83.97637764238317
outcome-lag-64,6,111,safe,384,177.75,0.0,223.84384494164627,242.35687883814083,223.57440428605668,86.22738476848583
outcome-lag-64,6,111,safe,416,192.5625,0.0,232.9966549622305,253.3926406451546,232.72721430664092,88.85097594296343
outcome-lag-64,6,111,safe,448,207.375,0.0,241.75625793737433,264.03726743131205,241.48681728178474,91.40159476931318
outcome-lag-64,6,111,safe,480,222.1875,0.0,250.16036974112762,274.188949363722,249.89092908553803,93.74384901930573
outcome-lag-64,6,111,safe,512,237.0,0.0,258.2481856586089,283.9708254739602,257.97874500301936,95.97281768322232
outcome-lag-64,6,111,known,32,0.0,6.75,51.0,51.0,51.0,22.24910497869199
outcome-lag-64,6,111,known,64,0.0,13.5,102.0,102.0,102.0,48.077476505194284
outcome-lag-64,6,111,known,96,0.0,20.25,150.5723816965429,150.38784363642205,150.37522184435736,71.53923394355603
outcome-lag-64,6,111,known,128,0.0,27.0,194.41530902534473,195.50986728389483,194.14586836975528,89.44642941801062
outcome-lag-64,6,111,known,160,0.0,33.75,224.2511273375088,229.21910070713926,223.98168668191934,100.94652202387522
outcome-lag-64,6,111,known,192,0.0,40.5,254.44641047429266,265.3941027332033,254.1769698187032,112.81496473677082
outcome-lag-64,6,111,known,224,0.0,47.25,278.98801788627895,294.67766642458383,278.7185772306895,121.76368721813738
outcome-lag-64,6,111,known,256,0.0,54.0,303.2167708589227,324.02603324622885,302.94733020333325,130.4508618974302
outcome-lag-64,6,111,known,288,0.0,60.75,321.10655907782376,345.90637264152156,320.8371184222343,136.67306025571
outcome-lag-64,6,111,known,320,0.0,67.5,340.3829029728665,369.753004206032,340.113462317277,143.27551699682706
outcome-lag-64,6,111,known,352,0.0,74.25,359.81419718856375,393.130344782525,359.5447565329743,149.16091932289973
outcome-lag-64,6,111,known,384,0.0,81.0,375.8098393031242,412.03578722182993,375.54039864753474,153.52831461476214
outcome-lag-64,6,111,known,416,0.0,87.75,390.21161007535386,429.5007646492169,389.9421694197644,157.70451247664897
outcome-lag-64,6,111,known,448,0.0,94.5,404.38619121468275,446.7421501719167,404.1167505590933,161.78589281158392
outcome-lag-64,6,111,known,480,0.0,101.25,420.0990698281739,465.6849671722718,419.8296291725845,166.07622045443352
outcome-lag-64,6,111,known,512,0.0,108.0,432.90110454713226,481.05740097067576,432.6316638915428,169.4804453522714
outcome-lag-64,6,111,product,32,0.0,6.75,51.0,51.0,51.0,22.24910497869199
outcome-lag-64,6,111,product,64,0.0,13.5,102.0,102.0,102.0,48.077476505194284
outcome-lag-64,6,111,product,96,0.0,20.25,150.5723816965429,150.38784363642205,150.37522184435736,71.53923394355603
outcome-lag-64,6,111,product,128,0.0,27.0,194.41530902534473,195.50986728389483,194.14586836975528,89.44642941801062
outcome-lag-64,6,111,product,160,0.0,33.75,224.2511273375088,229.21910070713926,223.98168668191934,100.94652202387522
outcome-lag-64,6,111,product,192,0.0,40.5,254.44641047429266,265.3941027332033,254.1769698187032,112.81496473677082
outcome-lag-64,6,111,product,224,0.0,47.25,278.98801788627895,294.67766642458383,278.7185772306895,121.76368721813738
outcome-lag-64,6,111,product,256,0.0,54.0,303.2167708589227,324.02603324622885,302.94733020333325,130.4508618974302
outcome-lag-64,6,111,product,288,0.0,60.75,321.10655907782376,345.90637264152156,320.8371184222343,136.67306025571
outcome-lag-64,6,111,product,320,0.0,67.5,340.3829029728665,369.753004206032,340.113462317277,143.27551699682706
outcome-lag-64,6,111,product,352,0.0,74.25,359.81419718856375,393.130344782525,359.5447565329743,149.16091932289973
outcome-lag-64,6,111,product,384,0.0,81.0,375.8098393031242,412.03578722182993,375.54039864753474,153.52831461476214
outcome-lag-64,6,111,product,416,0.0,87.75,390.21161007535386,429.5007646492169,389.9421694197644,157.70451247664897
outcome-lag-64,6,111,product,448,0.0,94.5,404.38619121468275,446.7421501719167,404.1167505590933,161.78589281158392
outcome-lag-64,6,111,product,480,0.0,101.25,420.0990698281739,465.6849671722718,419.8296291725845,166.07622045443352
outcome-lag-64,6,111,product,512,0.0,108.0,432.90110454713226,481.05740097067576,432.6316638915428,169.4804453522714
single-blocker,6,111,prefix,32,1.3125,19.0,64.0,63.96821681185914,63.96821681185914,10.625563951843516
single-blocker,6,111,prefix,64,2.625,38.0,128.0,120.9381135942649,120.9381135942649,12.745810305280951
single-blocker,6,111,prefix,96,3.9375,57.0,192.0,168.00974926006975,168.00974926006975,13.990319913569428
single-blocker,6,111,prefix,128,5.25,76.0,256.0,207.2176494287143,207.2176494287143,14.851400840506345
single-blocker,6,111,prefix,160,6.5625,95.0,320.0,242.2078902761452,242.2078902761452,15.542321519259051
single-blocker,6,111,prefix,192,7.875,114.0,384.0,273.10106453403347,273.10106453403347,16.079818486896944
single-blocker,6,111,prefix,224,9.1875,133.0,448.0,301.7703271511267,301.7703271511267,16.54559517077064
single-blocker,6,111,prefix,256,10.5,152.0,512.0,328.0920467200258,328.0920467200258,16.93802585324789
single-blocker,6,111,prefix,288,11.8125,171.0,576.0,353.4744640168317,353.4744640168317,17.305928795904556
single-blocker,6,111,prefix,320,13.125,190.0,640.0,377.0257011960821,377.0257011960821,17.621482951599496
single-blocker,6,111,prefix,352,14.4375,209.0,704.0,399.21451793826105,399.21451793826105,17.90145338483482
single-blocker,6,111,prefix,384,15.75,228.0,768.0,420.78309278618366,420.78309278618366,18.167565030353217
single-blocker,6,111,prefix,416,17.0625,247.0,832.0,441.5416499584177,441.5416499584177,18.41431825260301
single-blocker,6,111,prefix,448,18.375,266.0,896.0,461.425519631538,461.425519631538,18.640522977558412
single-blocker,6,111,prefix,480,19.6875,285.0,960.0,480.33823632546904,480.33823632546904,18.844603737684448
single-blocker,6,111,prefix,512,21.0,304.0,1024.0,498.9173719009586,498.9173719009586,19.04247426480153
single-blocker,6,111,intersection,32,1.3125,19.0,64.0,63.96821681185914,63.96821681185914,10.625563951843516
single-blocker,6,111,intersection,64,2.625,38.0,128.0,120.9381135942649,120.9381135942649,12.745810305280951
single-blocker,6,111,intersection,96,3.9375,57.0,192.0,168.00974926006975,168.00974926006975,13.990319913569428
single-blocker,6,111,intersection,128,5.25,76.0,256.0,207.2176494287143,207.2176494287143,14.851400840506345
single-blocker,6,111,intersection,160,6.5625,95.0,320.0,242.2078902761452,242.2078902761452,15.542321519259051
single-blocker,6,111,intersection,192,7.546875,110.9375,382.0,271.8975345714374,271.8975345714374,16.054660259048845
single-blocker,6,111,intersection,224,7.546875,117.6875,432.0,292.5378115791713,292.5378115791713,16.360096056768757
single-blocker,6,111,intersection,256,7.546875,124.4375,486.0,313.49084801731345,313.49084801731345,16.651940352558587
single-blocker,6,111,intersection,288,7.546875,131.1875,531.0,329.3498389959942,329.3498389959942,16.85279029422637
single-blocker,6,111,intersection,320,7.546875,137.9375,582.0,346.80948501208655,346.80948501208655,17.068261486925397
single-blocker,6,111,intersection,352,7.546875,144.6875,636.0,364.5106931767778,364.5106931767778,17.277531401196196
single-blocker,6,111,intersection,384,7.546875,151.4375,684.0,379.2111997599047,379.2111997599047,17.4399908368805
single-blocker,6,111,intersection,416,7.546875,158.1875,730.0,392.64168007066354,392.64168007066354,17.581691582139428
single-blocker,6,111,intersection,448,7.546875,164.9375,777.0,405.937882387502,405.937882387502,17.71788871121303
single-blocker,6,111,intersection,480,7.546875,171.6875,830.0,420.74025215797394,420.74025215797394,17.867769124179492
single-blocker,6,111,intersection,512,7.546875,178.4375,876.0,432.82352582825774,432.82352582825774,17.982833893897002
single-blocker,6,111,completed,32,1.3125,19.0,64.0,63.96821681185914,63.96821681185914,10.625563951843516
single-blocker,6,111,completed,64,2.625,38.0,128.0,120.9381135942649,120.9381135942649,12.745810305280951
single-blocker,6,111,completed,96,3.9375,57.0,192.0,168.00974926006975,168.00974926006975,13.990319913569428
single-blocker,6,111,completed,128,5.25,76.0,256.0,207.2176494287143,207.2176494287143,14.851400840506345
single-blocker,6,111,completed,160,6.5625,95.0,320.0,242.2078902761452,242.2078902761452,15.542321519259051
single-blocker,6,111,completed,192,7.21875,107.875,380.0,270.6782464385269,270.6782464385269,16.02885273324132
single-blocker,6,111,completed,224,7.21875,114.625,430.0,291.3185234462608,291.3185234462608,16.33428853096123
single-blocker,6,111,completed,256,7.21875,121.375,484.0,312.27155988440296,312.27155988440296,16.62613282675106
single-blocker,6,111,completed,288,7.21875,128.125,529.0,328.1305508630837,328.1305508630837,16.826982768418844
single-blocker,6,111,completed,320,7.21875,134.875,580.0,345.59019687917606,345.59019687917606,17.04245396111787
single-blocker,6,111,completed,352,7.21875,141.625,634.0,363.2914050438673,363.2914050438673,17.25172387538867
single-blocker,6,111,completed,384,7.21875,148.375,682.0,377.9919116269942,377.9919116269942,17.414183311072975
single-blocker,6,111,completed,416,7.21875,155.125,728.0,391.42239193775305,391.42239193775305,17.5558840563319
single-blocker,6,111,completed,448,7.21875,161.875,775.0,404.7185942545915,404.7185942545915,17.692081185405502
single-blocker,6,111,completed,480,7.21875,168.625,828.0,419.52096402506345,419.52096402506345,17.841961598371967
single-blocker,6,111,completed,512,7.21875,175.375,874.0,431.60423769534725,431.60423769534725,17.957026368089476
single-blocker,6,111,plugin,32,2.529296875,13.1484375,56.0,55.96821681185914,55.96821681185914,9.857974188665512
single-blocker,6,111,plugin,64,2.529296875,19.8984375,107.0,100.14413264044191,100.14413264044191,11.325047322722629
single-blocker,6,111,plugin,96,2.529296875,26.6484375,156.0,133.42117529086144,133.42117529086144,12.124390431586221
single-blocker,6,111,plugin,128,2.529296875,33.3984375,208.0,163.3269306300275,163.3269306300275,12.736144746158384
single-blocker,6,111,plugin,160,2.529296875,40.1484375,254.0,186.03887236311988,186.03887236311988,13.136626872383763
single-blocker,6,111,plugin,192,2.529296875,46.8984375,308.0,210.87403718880583,210.87403718880583,13.54607398693389
single-blocker,6,111,plugin,224,2.529296875,53.6484375,358.0,231.5904643169562,231.5904643169562,13.854088489923296
single-blocker,6,111,plugin,256,2.529296875,60.3984375,412.0,252.6169969905728,252.6169969905728,14.148241225398516
single-blocker,6,111,plugin,288,2.529296875,67.1484375,457.0,268.5121468268209,268.5121468268209,14.350161434297616
single-blocker,6,111,plugin,320,2.529296875,73.8984375,508.0,286.0174142256744,286.0174142256744,14.566921068455018
single-blocker,6,111,plugin,352,2.529296875,80.6484375,562.0,303.76317468423133,303.76317468423133,14.777382280940072
single-blocker,6,111,plugin,384,2.529296875,87.3984375,610.0,318.4917489135849,318.4917489135849,14.94055812119195
single-blocker,6,111,plugin,416,2.529296875,94.1484375,656.0,331.9443638427142,331.9443638427142,15.082805181274923
single-blocker,6,111,plugin,448,2.529296875,100.8984375,703.0,345.26215789899396,345.26215789899396,15.219519337794042
single-blocker,6,111,plugin,480,2.529296875,107.6484375,756.0,360.0916488809176,360.0916488809176,15.37002689725938
single-blocker,6,111,plugin,512,2.529296875,114.3984375,802.0,372.1912916650048,372.1912916650048,15.485458147134388
single-blocker,6,111,safe,32,14.8125,0.0,32.0,31.968216811859147,31.968216811859147,4.02724519543652
single-blocker,6,111,safe,64,29.625,0.0,64.0,57.42435623340214,57.42435623340214,4.7282659037057675
single-blocker,6,111,safe,96,44.4375,0.0,96.0,76.78319682780861,76.78319682780861,5.136346480888775
single-blocker,6,111,safe,128,59.25,0.0,128.0,93.03345515740088,93.03345515740088,5.425334592589174
single-blocker,6,111,safe,160,74.0625,0.0,160.0,107.31238195727079,107.31238195727079,5.649261224939744
single-blocker,6,111,safe,192,88.875,0.0,192.0,120.1978375468853,120.1978375468853,5.832104609707439
single-blocker,6,111,safe,224,103.6875,0.0,224.0,132.0310352083931,132.0310352083931,5.986627913082163
single-blocker,6,111,safe,256,118.5,0.0,256.0,143.03333360981438,143.03333360981438,6.120438712817281
single-blocker,6,111,safe,288,133.3125,0.0,288.0,153.35798108855585,153.35798108855585,6.238439029233648
single-blocker,6,111,safe,320,148.125,0.0,320.0,163.1162631808352,163.1162631808352,6.343973346894013
single-blocker,6,111,safe,352,162.9375,0.0,352.0,172.39200998111025,172.39200998111025,6.43942571339101
single-blocker,6,111,safe,384,177.75,0.0,384.0,181.25023096678382,181.25023096678382,6.5265555690159704
single-blocker,6,111,safe,416,192.5625,0.0,416.0,189.74254455085054,189.74254455085054,6.6066985205464555
single-blocker,6,111,safe,448,207.375,0.0,448.0,197.91074640079475,197.91074640079475,6.680892410683006
single-blocker,6,111,safe,480,222.1875,0.0,480.0,205.78924141297622,205.78924141297622,6.7499597404471405
single-blocker,6,111,safe,512,237.0,0.0,512.0,213.40675252840046,213.40675252840046,6.81456340954972
single-blocker,6,111,known,32,0.0,6.75,51.0,50.96821681185914,50.96821681185914,7.522353273632833
single-blocker,6,111,known,64,0.0,13.5,102.0,94.93811359426488,94.93811359426488,8.929852127527438
single-blocker,6,111,known,96,0.0,20.25,151.0,127.89503243837514,127.89503243837514,9.711776874633046
single-blocker,6,111,known,128,0.0,27.0,203.0,157.57967096566142,157.57967096566142,10.313356889808885
single-blocker,6,111,known,160,0.0,33.75,249.0,180.18493965485337,180.18493965485337,10.709484761620967
single-blocker,6,111,known,192,0.0,40.5,303.0,204.8963534143523,204.8963534143523,11.114339207951415
single-blocker,6,111,known,224,0.0,47.25,353.0,225.53663042208615,225.53663042208615,11.419775005671333
single-blocker,6,111,known,256,0.0,54.0,407.0,246.48966686022806,246.48966686022806,11.711619301461162
single-blocker,6,111,known,288,0.0,60.75,452.0,262.3486578389089,262.3486578389089,11.912469243128944
single-blocker,6,111,known,320,0.0,67.5,503.0,279.8083038550012,279.8083038550012,12.12794043582798
single-blocker,6,111,known,352,0.0,74.25,557.0,297.50951201969247,297.50951201969247,12.337210350098772
single-blocker,6,111,known,384,0.0,81.0,605.0,312.21001860281933,312.21001860281933,12.49966978578307
single-blocker,6,111,known,416,0.0,87.75,651.0,325.64049891357826,325.64049891357826,12.641370531041998
single-blocker,6,111,known,448,0.0,94.5,698.0,338.9367012304167,338.9367012304167,12.777567660115595
single-blocker,6,111,known,480,0.0,101.25,751.0,353.73907100088866,353.73907100088866,12.927448073082054
single-blocker,6,111,known,512,0.0,108.0,797.0,365.82234467117246,365.82234467117246,13.042512842799566
single-blocker,6,111,product,32,0.0,6.75,51.0,50.96821681185914,50.96821681185914,7.522353273632833
single-blocker,6,111,product,64,0.0,13.5,102.0,94.93811359426488,94.93811359426488,8.929852127527438
single-blocker,6,111,product,96,0.0,20.25,151.0,127.89503243837514,127.89503243837514,9.711776874633046
single-blocker,6,111,product,128,0.0,27.0,203.0,157.57967096566142,157.57967096566142,10.313356889808885
single-blocker,6,111,product,160,0.0,33.75,249.0,180.18493965485337,180.18493965485337,10.709484761620967
single-blocker,6,111,product,192,0.0,40.5,303.0,204.8963534143523,204.8963534143523,11.114339207951415
single-blocker,6,111,product,224,0.0,47.25,353.0,225.53663042208615,225.53663042208615,11.419775005671333
single-blocker,6,111,product,256,0.0,54.0,407.0,246.48966686022806,246.48966686022806,11.711619301461162
single-blocker,6,111,product,288,0.0,60.75,452.0,262.3486578389089,262.3486578389089,11.912469243128944
single-blocker,6,111,product,320,0.0,67.5,503.0,279.8083038550012,279.8083038550012,12.12794043582798
single-blocker,6,111,product,352,0.0,74.25,557.0,297.50951201969247,297.50951201969247,12.337210350098772
single-blocker,6,111,product,384,0.0,81.0,605.0,312.21001860281933,312.21001860281933,12.49966978578307
single-blocker,6,111,product,416,0.0,87.75,651.0,325.64049891357826,325.64049891357826,12.641370531041998
single-blocker,6,111,product,448,0.0,94.5,698.0,338.9367012304167,338.9367012304167,12.777567660115595
single-blocker,6,111,product,480,0.0,101.25,751.0,353.73907100088866,353.73907100088866,12.927448073082054
single-blocker,6,111,product,512,0.0,108.0,797.0,365.82234467117246,365.82234467117246,13.042512842799566
outcome-lag-64,8,111,prefix,32,0.0,15.5,64.0,64.0,64.0,25.740549941336965
outcome-lag-64,8,111,prefix,64,0.0,31.0,128.0,128.0,128.0,62.33446809462444
outcome-lag-64,8,111,prefix,96,0.0,46.5,191.71462045033695,191.26737373130427,191.26737373130427,94.9289401129147
outcome-lag-64,8,111,prefix,128,0.0,62.0,246.86806486376042,248.29836537214044,246.342980411585,117.43288209477383
outcome-lag-64,8,111,prefix,160,0.0,77.5,292.1279305735158,298.6148350162938,291.6028461213403,134.94703621979554
outcome-lag-64,8,111,prefix,192,0.0,93.0,329.8640973566005,342.65037602253307,329.339012904425,148.84586455787053
outcome-lag-64,8,111,prefix,224,0.0,108.5,363.8455315081339,382.82226895745447,363.32044705595837,160.59039928801766
outcome-lag-64,8,111,prefix,256,0.0,124.0,394.1142646638625,419.14858485000013,393.589180211687,170.91756864476747
outcome-lag-64,8,111,prefix,288,0.0,139.5,423.2755394526089,454.2717206614671,422.75045500043336,180.6413872360119
outcome-lag-64,8,111,prefix,320,0.0,155.0,449.6667958730991,486.4901501056349,449.14171142092357,189.48632572720365
outcome-lag-64,8,111,prefix,352,0.0,170.5,474.3443960077368,516.2405538649583,473.8193115555613,197.01802681983665
outcome-lag-64,8,111,prefix,384,0.0,186.0,497.88926149946514,544.9465843876258,497.3641770472896,204.35641177009023
outcome-lag-64,8,111,prefix,416,0.0,201.5,520.0348628075179,572.3210129665072,519.5097783553424,211.4396433322846
outcome-lag-64,8,111,prefix,448,0.0,217.0,541.1288263200555,597.7541546168704,540.60374186788,217.3931046524546
outcome-lag-64,8,111,prefix,480,0.0,232.5,561.2935780560875,621.7228993783706,560.768493603912,222.61266468502203
outcome-lag-64,8,111,prefix,512,0.0,248.0,580.6630616953546,644.8252102789694,580.1379772431791,227.6318003741887
outcome-lag-64,8,111,intersection,32,0.0,15.5,64.0,64.0,64.0,25.740549941336965
outcome-lag-64,8,111,intersection,64,0.0,31.0,128.0,128.0,128.0,62.33446809462444
outcome-lag-64,8,111,intersection,96,0.0,46.5,191.71462045033695,191.26737373130427,191.26737373130427,94.9289401129147
outcome-lag-64,8,111,intersection,128,0.0,62.0,246.86806486376042,248.29836537214044,246.342980411585,117.43288209477383
outcome-lag-64,8,111,intersection,160,0.0,77.5,292.1279305735158,298.6148350162938,291.6028461213403,134.94703621979554
outcome-lag-64,8,111,intersection,192,0.0,93.0,329.8640973566005,342.65037602253307,329.339012904425,148.84586455787053
outcome-lag-64,8,111,intersection,224,0.0,108.5,363.8455315081339,382.82226895745447,363.32044705595837,160.59039928801766
outcome-lag-64,8,111,intersection,256,0.0,124.0,394.1142646638625,419.14858485000013,393.589180211687,170.91756864476747
outcome-lag-64,8,111,intersection,288,0.0,139.5,423.2755394526089,454.2717206614671,422.75045500043336,180.6413872360119
outcome-lag-64,8,111,intersection,320,0.0,155.0,449.6667958730991,486.4901501056349,449.14171142092357,189.48632572720365
outcome-lag-64,8,111,intersection,352,0.0,170.5,474.3443960077368,516.2405538649583,473.8193115555613,197.01802681983665
outcome-lag-64,8,111,intersection,384,0.0,186.0,497.88926149946514,544.9465843876258,497.3641770472896,204.35641177009023
outcome-lag-64,8,111,intersection,416,0.0,201.5,520.0348628075179,572.3210129665072,519.5097783553424,211.4396433322846
outcome-lag-64,8,111,intersection,448,0.0,217.0,541.1288263200555,597.7541546168704,540.60374186788,217.3931046524546
outcome-lag-64,8,111,intersection,480,0.0,232.5,561.2935780560875,621.7228993783706,560.768493603912,222.61266468502203
outcome-lag-64,8,111,intersection,512,0.0,248.0,580.6630616953546,644.8252102789694,580.1379772431791,227.6318003741887
outcome-lag-64,8,111,completed,32,0.0,15.5,64.0,64.0,64.0,25.740549941336965
outcome-lag-64,8,111,completed,64,9.49609375,22.765625,111.0,111.0,111.0,49.66315233556323
outcome-lag-64,8,111,completed,96,22.90234375,26.640625,150.71462045033695,150.26737373130427,150.26737373130427,65.30788676990348
outcome-lag-64,8,111,completed,128,22.90234375,42.140625,206.5680296631254,207.7895327866597,206.04294521094997,83.6591714299561
outcome-lag-64,8,111,completed,160,22.90234375,57.640625,256.2050269272582,260.57749082748,255.67994247508273,103.2122991188415
outcome-lag-64,8,111,completed,192,22.90234375,73.140625,299.16604556095854,307.9858219974096,298.6409611087831,119.64003954871045
outcome-lag-64,8,111,completed,224,22.90234375,88.640625,337.0162506698208,351.97710548021934,336.49116621764534,133.30278223698681
outcome-lag-64,8,111,completed,256,22.90234375,104.140625,369.8173633281607,391.1233089691828,369.29227887598523,144.936489922161
outcome-lag-64,8,111,completed,288,22.90234375,119.640625,401.38398375441216,428.9287512596867,400.8588993022367,155.86317871551557
outcome-lag-64,8,111,completed,320,22.90234375,135.140625,429.41347267920503,463.0419429926927,428.88838822702957,165.53744590672065
outcome-lag-64,8,111,completed,352,22.90234375,150.640625,455.3735049508001,494.3117272489819,454.8484204986246,173.68710750001574
outcome-lag-64,8,111,completed,384,22.90234375,166.140625,480.02739195250194,524.3858975443835,479.5023075003264,181.5936949584511
outcome-lag-64,8,111,completed,416,22.90234375,181.640625,503.06379505658964,552.9070634654558,502.5387106044141,189.1568200455312
outcome-lag-64,8,111,completed,448,22.90234375,197.140625,524.9106530443846,579.2905298604059,524.3855685922091,195.47641172633286
outcome-lag-64,8,111,completed,480,22.90234375,212.640625,545.7247453161623,604.0850667826777,545.1996608639868,201.00533153810647
outcome-lag-64,8,111,completed,512,22.90234375,228.140625,565.6635881001001,627.9293308341265,565.1385036479246,206.30681763792617
outcome-lag-64,8,111,plugin,32,7.0234375,11.15625,52.0,52.0,52.0,16.339891647102828
outcome-lag-64,8,111,plugin,64,10.5234375,16.65625,100.0,100.0,100.0,39.50347442726463
outcome-lag-64,8,111,plugin,96,11.822265625,28.4453125,155.71462045033695,155.26737373130427,155.26737373130427,63.278746402965766
outcome-lag-64,8,111,plugin,128,11.822265625,43.9453125,212.21695150747965,212.93811767632317,211.69186705530421,87.69196062012865
outcome-lag-64,8,111,plugin,160,12.205078125,58.3515625,258.7819585064511,263.024778382391,258.2568740542756,107.86912955459077
outcome-lag-64,8,111,plugin,192,12.205078125,73.8515625,300.1756456832317,309.11102523900837,299.65056123105626,123.72725095477911
outcome-lag-64,8,111,plugin,224,12.205078125,89.3515625,338.1876210394902,352.82875277955765,337.6625365873147,137.19933994857078
outcome-lag-64,8,111,plugin,256,12.205078125,104.8515625,370.9673794155297,391.8057134645527,370.44229496335424,148.7048303588999
outcome-lag-64,8,111,plugin,288,12.205078125,120.3515625,403.11920126665285,430.185774885963,402.5941168144774,159.90599742382682
outcome-lag-64,8,111,plugin,320,12.205078125,135.8515625,431.2655551248483,464.3918540266914,430.7404706726728,169.6544819695215
outcome-lag-64,8,111,plugin,352,12.205078125,151.3515625,457.2820648224683,495.6700498786596,456.75698037029287,177.80538925621866
outcome-lag-64,8,111,plugin,384,12.205078125,166.8515625,482.041541125394,525.8508275989078,481.51645667321856,185.76569361803317
outcome-lag-64,8,111,plugin,416,12.205078125,182.3515625,505.0665662829155,554.3620683820047,504.54148183074005,193.34463962201067
outcome-lag-64,8,111,plugin,448,12.205078125,197.8515625,526.8705992942836,580.6977038386383,526.3455148421082,199.6533172561497
outcome-lag-64,8,111,plugin,480,12.205078125,213.3515625,547.6285199735313,605.4203697485282,547.1034355213559,205.1544389996068
outcome-lag-64,8,111,plugin,512,12.205078125,228.8515625,567.5000202962262,629.1584771610277,566.9749358440508,210.39841643974222
outcome-lag-64,8,111,safe,32,17.875,0.0,32.0,32.0,32.0,7.086067693278874
outcome-lag-64,8,111,safe,64,35.75,0.0,64.0,64.0,64.0,19.6559657129192
outcome-lag-64,8,111,safe,96,53.625,0.0,95.71462045033695,95.26737373130423,95.26737373130423,32.87775635045792
outcome-lag-64,8,111,safe,128,71.5,0.0,120.27034808679532,120.93811767632317,119.74526363461982,42.58723007758497
outcome-lag-64,8,111,safe,160,89.375,0.0,139.16554082630495,142.02167912154295,138.64045637412943,49.615791355285424
outcome-lag-64,8,111,safe,192,107.25,0.0,155.03847138457897,160.20292410638075,154.51338693240345,55.094424135276334
outcome-lag-64,8,111,safe,224,125.125,0.0,169.05434643989608,176.2593974850687,168.52926198772056,59.472223155831195
outcome-lag-64,8,111,safe,256,143.0,0.0,181.7087341415091,190.963317961806,181.18364968933358,63.30765603088239
outcome-lag-64,8,111,safe,288,160.875,0.0,193.3656673941292,204.99732845590134,192.84058294195367,67.13501936265274
outcome-lag-64,8,111,safe,320,178.75,0.0,204.20912250621933,218.47660399558026,203.6840380540438,70.96154712771258
outcome-lag-64,8,111,safe,352,196.625,0.0,214.4086455167247,230.85214634998198,213.88356106454918,74.15679504833619
outcome-lag-64,8,111,safe,384,214.5,0.0,224.04765993305418,242.6469585123586,223.52257548087866,77.1805160806641
outcome-lag-64,8,111,safe,416,232.375,0.0,233.21536181897181,254.06249062179356,232.6902773667963,80.18387755756282
outcome-lag-64,8,111,safe,448,250.25,0.0,241.9812071093672,264.65913299767783,241.45612265719168,82.68651197363911
outcome-lag-64,8,111,safe,480,268.125,0.0,250.3810332439752,274.47988365282737,249.85594879179968,84.69783494637127
outcome-lag-64,8,111,safe,512,286.0,0.0,258.46432057811353,283.7863342051584,257.939236125938,86.45137805238086
outcome-lag-64,8,111,known,32,0.0,15.5,64.0,64.0,64.0,25.740549941336965
outcome-lag-64,8,111,known,64,0.0,31.0,128.0,128.0,128.0,62.33446809462444
outcome-lag-64,8,111,known,96,0.0,46.5,191.71462045033695,191.26737373130427,191.26737373130427,94.9289401129147
outcome-lag-64,8,111,known,128,0.0,62.0,246.86806486376042,248.29836537214044,246.342980411585,117.43288209477383
outcome-lag-64,8,111,known,160,0.0,77.5,292.1279305735158,298.6148350162938,291.6028461213403,134.94703621979554
outcome-lag-64,8,111,known,192,0.0,93.0,329.8640973566005,342.65037602253307,329.339012904425,148.84586455787053
outcome-lag-64,8,111,known,224,0.0,108.5,363.8455315081339,382.82226895745447,363.32044705595837,160.59039928801766
outcome-lag-64,8,111,known,256,0.0,124.0,394.1142646638625,419.14858485000013,393.589180211687,170.91756864476747
outcome-lag-64,8,111,known,288,0.0,139.5,423.2755394526089,454.2717206614671,422.75045500043336,180.6413872360119
outcome-lag-64,8,111,known,320,0.0,155.0,449.6667958730991,486.4901501056349,449.14171142092357,189.48632572720365
outcome-lag-64,8,111,known,352,0.0,170.5,474.3443960077368,516.2405538649583,473.8193115555613,197.01802681983665
outcome-lag-64,8,111,known,384,0.0,186.0,497.88926149946514,544.9465843876258,497.3641770472896,204.35641177009023
outcome-lag-64,8,111,known,416,0.0,201.5,520.0348628075179,572.3210129665072,519.5097783553424,211.4396433322846
outcome-lag-64,8,111,known,448,0.0,217.0,541.1288263200555,597.7541546168704,540.60374186788,217.3931046524546
outcome-lag-64,8,111,known,480,0.0,232.5,561.2935780560875,621.7228993783706,560.768493603912,222.61266468502203
outcome-lag-64,8,111,known,512,0.0,248.0,580.6630616953546,644.8252102789694,580.1379772431791,227.6318003741887
outcome-lag-64,8,111,product,32,0.0,15.5,64.0,64.0,64.0,25.740549941336965
outcome-lag-64,8,111,product,64,0.0,31.0,128.0,128.0,128.0,62.33446809462444
outcome-lag-64,8,111,product,96,0.0,46.5,191.71462045033695,191.26737373130427,191.26737373130427,94.9289401129147
outcome-lag-64,8,111,product,128,0.0,62.0,246.86806486376042,248.29836537214044,246.342980411585,117.43288209477383
outcome-lag-64,8,111,product,160,0.0,77.5,292.1279305735158,298.6148350162938,291.6028461213403,134.94703621979554
outcome-lag-64,8,111,product,192,0.0,93.0,329.8640973566005,342.65037602253307,329.339012904425,148.84586455787053
outcome-lag-64,8,111,product,224,0.0,108.5,363.8455315081339,382.82226895745447,363.32044705595837,160.59039928801766
outcome-lag-64,8,111,product,256,0.0,124.0,394.1142646638625,419.14858485000013,393.589180211687,170.91756864476747
outcome-lag-64,8,111,product,288,0.0,139.5,423.2755394526089,454.2717206614671,422.75045500043336,180.6413872360119
outcome-lag-64,8,111,product,320,0.0,155.0,449.6667958730991,486.4901501056349,449.14171142092357,189.48632572720365
outcome-lag-64,8,111,product,352,0.0,170.5,474.3443960077368,516.2405538649583,473.8193115555613,197.01802681983665
outcome-lag-64,8,111,product,384,0.0,186.0,497.88926149946514,544.9465843876258,497.3641770472896,204.35641177009023
outcome-lag-64,8,111,product,416,0.0,201.5,520.0348628075179,572.3210129665072,519.5097783553424,211.4396433322846
outcome-lag-64,8,111,product,448,0.0,217.0,541.1288263200555,597.7541546168704,540.60374186788,217.3931046524546
outcome-lag-64,8,111,product,480,0.0,232.5,561.2935780560875,621.7228993783706,560.768493603912,222.61266468502203
outcome-lag-64,8,111,product,512,0.0,248.0,580.6630616953546,644.8252102789694,580.1379772431791,227.6318003741887
single-blocker,8,111,prefix,32,0.0,15.5,64.0,63.96821681185914,63.96821681185914,10.553953106548457
single-blocker,8,111,prefix,64,0.0,31.0,128.0,120.68345867134032,120.68345867134032,12.716100453728984
single-blocker,8,111,prefix,96,0.0,46.5,192.0,167.88066702102364,167.88066702102364,13.98350173175124
single-blocker,8,111,prefix,128,0.0,62.0,256.0,207.08984996602035,207.08984996602035,14.845503404608898
single-blocker,8,111,prefix,160,0.0,77.5,320.0,241.51993501848142,241.51993501848142,15.513873609534288
single-blocker,8,111,prefix,192,0.0,93.0,384.0,272.1878204330633,272.1878204330633,16.04504635595218
single-blocker,8,111,prefix,224,0.0,108.5,448.0,301.09180966988004,301.09180966988004,16.5216773879948
single-blocker,8,111,prefix,256,0.0,124.0,512.0,327.4872674141251,327.4872674141251,16.917988596443895
single-blocker,8,111,prefix,288,0.0,139.5,576.0,353.268115831808,353.268115831808,17.29951979390409
single-blocker,8,111,prefix,320,0.0,155.0,640.0,376.9616814821773,376.9616814821773,17.619594491297335
single-blocker,8,111,prefix,352,0.0,170.5,704.0,399.46942690772653,399.46942690772653,17.90863725015633
single-blocker,8,111,prefix,384,0.0,186.0,768.0,421.10466999008315,421.10466999008315,18.17623476009897
single-blocker,8,111,prefix,416,0.0,201.5,832.0,441.63640451687996,441.63640451687996,18.416772270208874
single-blocker,8,111,prefix,448,0.0,217.0,896.0,461.33764143521944,461.33764143521944,18.63832885835509
single-blocker,8,111,prefix,480,0.0,232.5,960.0,480.291983388074,480.291983388074,18.843486082277092
single-blocker,8,111,prefix,512,0.0,248.0,1024.0,498.5659192975364,498.5659192975364,19.034246780307175
single-blocker,8,111,intersection,32,0.0,15.5,64.0,63.96821681185914,63.96821681185914,10.553953106548457
single-blocker,8,111,intersection,64,0.0,31.0,128.0,120.68345867134032,120.68345867134032,12.716100453728984
single-blocker,8,111,intersection,96,0.0,46.5,192.0,167.88066702102364,167.88066702102364,13.98350173175124
single-blocker,8,111,intersection,128,0.0,62.0,256.0,207.08984996602035,207.08984996602035,14.845503404608898
single-blocker,8,111,intersection,160,0.0,77.5,320.0,241.51993501848142,241.51993501848142,15.513873609534288
single-blocker,8,111,intersection,192,0.0,93.0,384.0,272.1878204330633,272.1878204330633,16.04504635595218
single-blocker,8,111,intersection,224,0.0,108.5,448.0,301.09180966988004,301.09180966988004,16.5216773879948
single-blocker,8,111,intersection,256,0.0,124.0,512.0,327.4872674141251,327.4872674141251,16.917988596443895
single-blocker,8,111,intersection,288,0.0,139.5,576.0,353.268115831808,353.268115831808,17.29951979390409
single-blocker,8,111,intersection,320,0.0,155.0,640.0,376.9616814821773,376.9616814821773,17.619594491297335
single-blocker,8,111,intersection,352,0.0,170.5,704.0,399.46942690772653,399.46942690772653,17.90863725015633
single-blocker,8,111,intersection,384,0.0,186.0,768.0,421.10466999008315,421.10466999008315,18.17623476009897
single-blocker,8,111,intersection,416,0.0,201.5,832.0,441.63640451687996,441.63640451687996,18.416772270208874
single-blocker,8,111,intersection,448,0.0,217.0,896.0,461.33764143521944,461.33764143521944,18.63832885835509
single-blocker,8,111,intersection,480,0.0,232.5,960.0,480.291983388074,480.291983388074,18.843486082277092
single-blocker,8,111,intersection,512,0.0,248.0,1024.0,498.5659192975364,498.5659192975364,19.034246780307175
single-blocker,8,111,completed,32,0.0,15.5,64.0,63.96821681185914,63.96821681185914,10.553953106548457
single-blocker,8,111,completed,64,0.0,31.0,128.0,120.68345867134032,120.68345867134032,12.716100453728984
single-blocker,8,111,completed,96,0.0,46.5,192.0,167.88066702102364,167.88066702102364,13.98350173175124
single-blocker,8,111,completed,128,0.0,62.0,256.0,207.08984996602035,207.08984996602035,14.845503404608898
single-blocker,8,111,completed,160,0.0,77.5,320.0,241.51993501848142,241.51993501848142,15.513873609534288
single-blocker,8,111,completed,192,0.0,93.0,384.0,272.1878204330633,272.1878204330633,16.04504635595218
single-blocker,8,111,completed,224,0.0,108.5,448.0,301.09180966988004,301.09180966988004,16.5216773879948
single-blocker,8,111,completed,256,0.0,124.0,512.0,327.4872674141251,327.4872674141251,16.917988596443895
single-blocker,8,111,completed,288,0.0,139.5,576.0,353.268115831808,353.268115831808,17.29951979390409
single-blocker,8,111,completed,320,0.0,155.0,640.0,376.9616814821773,376.9616814821773,17.619594491297335
single-blocker,8,111,completed,352,0.0,170.5,704.0,399.46942690772653,399.46942690772653,17.90863725015633
single-blocker,8,111,completed,384,0.0,186.0,768.0,421.10466999008315,421.10466999008315,18.17623476009897
single-blocker,8,111,completed,416,0.0,201.5,832.0,441.63640451687996,441.63640451687996,18.416772270208874
single-blocker,8,111,completed,448,0.0,217.0,896.0,461.33764143521944,461.33764143521944,18.63832885835509
single-blocker,8,111,completed,480,0.0,232.5,960.0,480.291983388074,480.291983388074,18.843486082277092
single-blocker,8,111,completed,512,0.0,248.0,1024.0,498.5659192975364,498.5659192975364,19.034246780307175
single-blocker,8,111,plugin,32,0.0,15.5,64.0,63.96821681185914,63.96821681185914,10.553953106548457
single-blocker,8,111,plugin,64,0.0,31.0,128.0,120.68345867134032,120.68345867134032,12.716100453728984
single-blocker,8,111,plugin,96,0.0,46.5,192.0,167.88066702102364,167.88066702102364,13.98350173175124
single-blocker,8,111,plugin,128,0.0,62.0,256.0,207.08984996602035,207.08984996602035,14.845503404608898
single-blocker,8,111,plugin,160,0.0,77.5,320.0,241.51993501848142,241.51993501848142,15.513873609534288
single-blocker,8,111,plugin,192,0.0,93.0,384.0,272.1878204330633,272.1878204330633,16.04504635595218
single-blocker,8,111,plugin,224,0.0,108.5,448.0,301.09180966988004,301.09180966988004,16.5216773879948
single-blocker,8,111,plugin,256,0.0,124.0,512.0,327.4872674141251,327.4872674141251,16.917988596443895
single-blocker,8,111,plugin,288,0.0,139.5,576.0,353.268115831808,353.268115831808,17.29951979390409
single-blocker,8,111,plugin,320,0.0,155.0,640.0,376.9616814821773,376.9616814821773,17.619594491297335
single-blocker,8,111,plugin,352,0.0,170.5,704.0,399.46942690772653,399.46942690772653,17.90863725015633
single-blocker,8,111,plugin,384,0.0,186.0,768.0,421.10466999008315,421.10466999008315,18.17623476009897
single-blocker,8,111,plugin,416,0.0,201.5,832.0,441.63640451687996,441.63640451687996,18.416772270208874
single-blocker,8,111,plugin,448,0.0,217.0,896.0,461.33764143521944,461.33764143521944,18.63832885835509
single-blocker,8,111,plugin,480,0.0,232.5,960.0,480.291983388074,480.291983388074,18.843486082277092
single-blocker,8,111,plugin,512,0.0,248.0,1024.0,498.5659192975364,498.5659192975364,19.034246780307175
single-blocker,8,111,safe,32,17.875,0.0,32.0,31.968216811859147,31.968216811859147,4.02724519543652
single-blocker,8,111,safe,64,35.75,0.0,64.0,57.42435623340214,57.42435623340214,4.7282659037057675
single-blocker,8,111,safe,96,53.625,0.0,96.0,76.78319682780861,76.78319682780861,5.136346480888775
single-blocker,8,111,safe,128,71.5,0.0,128.0,93.03345515740088,93.03345515740088,5.425334592589174
single-blocker,8,111,safe,160,89.375,0.0,160.0,107.31238195727079,107.31238195727079,5.649261224939744
single-blocker,8,111,safe,192,107.25,0.0,192.0,120.1978375468853,120.1978375468853,5.832104609707439
single-blocker,8,111,safe,224,125.125,0.0,224.0,132.0310352083931,132.0310352083931,5.986627913082163
single-blocker,8,111,safe,256,143.0,0.0,256.0,143.03333360981438,143.03333360981438,6.120438712817281
single-blocker,8,111,safe,288,160.875,0.0,288.0,153.35798108855585,153.35798108855585,6.238439029233648
single-blocker,8,111,safe,320,178.75,0.0,320.0,163.1162631808352,163.1162631808352,6.343973346894013
single-blocker,8,111,safe,352,196.625,0.0,352.0,172.39200998111025,172.39200998111025,6.43942571339101
single-blocker,8,111,safe,384,214.5,0.0,384.0,181.25023096678382,181.25023096678382,6.5265555690159704
single-blocker,8,111,safe,416,232.375,0.0,416.0,189.74254455085054,189.74254455085054,6.6066985205464555
single-blocker,8,111,safe,448,250.25,0.0,448.0,197.91074640079475,197.91074640079475,6.680892410683006
single-blocker,8,111,safe,480,268.125,0.0,480.0,205.78924141297622,205.78924141297622,6.7499597404471405
single-blocker,8,111,safe,512,286.0,0.0,512.0,213.40675252840046,213.40675252840046,6.81456340954972
single-blocker,8,111,known,32,0.0,15.5,64.0,63.96821681185914,63.96821681185914,10.553953106548457
single-blocker,8,111,known,64,0.0,31.0,128.0,120.68345867134032,120.68345867134032,12.716100453728984
single-blocker,8,111,known,96,0.0,46.5,192.0,167.88066702102364,167.88066702102364,13.98350173175124
single-blocker,8,111,known,128,0.0,62.0,256.0,207.08984996602035,207.08984996602035,14.845503404608898
single-blocker,8,111,known,160,0.0,77.5,320.0,241.51993501848142,241.51993501848142,15.513873609534288
single-blocker,8,111,known,192,0.0,93.0,384.0,272.1878204330633,272.1878204330633,16.04504635595218
single-blocker,8,111,known,224,0.0,108.5,448.0,301.09180966988004,301.09180966988004,16.5216773879948
single-blocker,8,111,known,256,0.0,124.0,512.0,327.4872674141251,327.4872674141251,16.917988596443895
single-blocker,8,111,known,288,0.0,139.5,576.0,353.268115831808,353.268115831808,17.29951979390409
single-blocker,8,111,known,320,0.0,155.0,640.0,376.9616814821773,376.9616814821773,17.619594491297335
single-blocker,8,111,known,352,0.0,170.5,704.0,399.46942690772653,399.46942690772653,17.90863725015633
single-blocker,8,111,known,384,0.0,186.0,768.0,421.10466999008315,421.10466999008315,18.17623476009897
single-blocker,8,111,known,416,0.0,201.5,832.0,441.63640451687996,441.63640451687996,18.416772270208874
single-blocker,8,111,known,448,0.0,217.0,896.0,461.33764143521944,461.33764143521944,18.63832885835509
single-blocker,8,111,known,480,0.0,232.5,960.0,480.291983388074,480.291983388074,18.843486082277092
single-blocker,8,111,known,512,0.0,248.0,1024.0,498.5659192975364,498.5659192975364,19.034246780307175
single-blocker,8,111,product,32,0.0,15.5,64.0,63.96821681185914,63.96821681185914,10.553953106548457
single-blocker,8,111,product,64,0.0,31.0,128.0,120.68345867134032,120.68345867134032,12.716100453728984
single-blocker,8,111,product,96,0.0,46.5,192.0,167.88066702102364,167.88066702102364,13.98350173175124
single-blocker,8,111,product,128,0.0,62.0,256.0,207.08984996602035,207.08984996602035,14.845503404608898
single-blocker,8,111,product,160,0.0,77.5,320.0,241.51993501848142,241.51993501848142,15.513873609534288
single-blocker,8,111,product,192,0.0,93.0,384.0,272.1878204330633,272.1878204330633,16.04504635595218
single-blocker,8,111,product,224,0.0,108.5,448.0,301.09180966988004,301.09180966988004,16.5216773879948
single-blocker,8,111,product,256,0.0,124.0,512.0,327.4872674141251,327.4872674141251,16.917988596443895
single-blocker,8,111,product,288,0.0,139.5,576.0,353.268115831808,353.268115831808,17.29951979390409
single-blocker,8,111,product,320,0.0,155.0,640.0,376.9616814821773,376.9616814821773,17.619594491297335
single-blocker,8,111,product,352,0.0,170.5,704.0,399.46942690772653,399.46942690772653,17.90863725015633
single-blocker,8,111,product,384,0.0,186.0,768.0,421.10466999008315,421.10466999008315,18.17623476009897
single-blocker,8,111,product,416,0.0,201.5,832.0,441.63640451687996,441.63640451687996,18.416772270208874
single-blocker,8,111,product,448,0.0,217.0,896.0,461.33764143521944,461.33764143521944,18.63832885835509
single-blocker,8,111,product,480,0.0,232.5,960.0,480.291983388074,480.291983388074,18.843486082277092
single-blocker,8,111,product,512,0.0,248.0,1024.0,498.5659192975364,498.5659192975364,19.034246780307175
outcome-lag-64,10,111,prefix,32,4.25,27.0,64.0,64.0,64.0,20.825364021643722
outcome-lag-64,10,111,prefix,64,8.5,54.0,128.0,128.0,128.0,48.68078231405618
outcome-lag-64,10,111,prefix,96,12.75,81.0,191.77873941254305,188.24387465790008,188.24387465790008,69.62776165061774
outcome-lag-64,10,111,prefix,128,17.0,108.0,246.04362627049824,239.04113780606417,238.81876714221727,82.49708254000275
outcome-lag-64,10,111,prefix,160,17.96875,133.125,293.5930478698679,286.41000814309854,284.25878401719604,93.5497037543939
outcome-lag-64,10,111,prefix,192,18.71875,158.125,337.84945144263105,330.647415247227,324.8660573015648,105.70591917873536
outcome-lag-64,10,111,prefix,224,22.421875,184.8125,371.8209249515094,368.59964612654295,358.5242636753302,115.60039740349707
outcome-lag-64,10,111,prefix,256,26.671875,211.8125,401.7420450950314,402.21727128844987,388.20224997995507,123.41503847215752
outcome-lag-64,10,111,prefix,288,30.125,237.125,428.50202051438794,431.5590765529574,414.53700556378084,129.49912053427852
outcome-lag-64,10,111,prefix,320,30.125,255.125,450.2950758604698,457.2139984665356,436.3300609098627,135.5451323718572
outcome-lag-64,10,111,prefix,352,30.125,273.125,472.0699044011712,482.76116658079775,458.1048894505641,141.87012884345498
outcome-lag-64,10,111,prefix,384,30.125,291.125,492.55808103415694,506.66492331696173,478.59306608354984,147.67547232032712
outcome-lag-64,10,111,prefix,416,30.125,309.125,512.5561531651174,529.9276796992795,498.5911382145103,153.04298861597547
outcome-lag-64,10,111,prefix,448,30.125,327.125,531.7689774012497,552.0899936540453,517.8039624506424,157.84583279970104
outcome-lag-64,10,111,prefix,480,30.125,345.125,548.5158485547284,571.6735701753025,534.5508336041212,162.18112757751038
outcome-lag-64,10,111,prefix,512,30.125,363.125,565.1043666063202,590.7794554694822,551.139351655713,165.9798611569417
outcome-lag-64,10,111,intersection,32,4.25,27.0,64.0,64.0,64.0,20.825364021643722
outcome-lag-64,10,111,intersection,64,6.75,53.0,128.0,128.0,128.0,49.0933090079753
outcome-lag-64,10,111,intersection,96,7.5,78.0,191.77873941254305,190.99398618638,190.99398618638,73.92495089544639
outcome-lag-64,10,111,intersection,128,10.875,104.5,245.96778757745454,244.57750941459713,244.1366173790685,89.69388276515514
outcome-lag-64,10,111,intersection,160,14.6875,131.25,290.7917529089384,290.83717386292693,288.33174304893447,101.90748211885966
outcome-lag-64,10,111,intersection,192,18.9375,158.25,329.5522266657589,331.45758308280807,325.34264814497925,112.1140809944449
outcome-lag-64,10,111,intersection,224,19.0703125,176.53125,357.58714919192994,363.9673031107092,353.29611920127945,120.65080030619643
outcome-lag-64,10,111,intersection,256,19.0703125,194.53125,385.220858820488,396.6977631140175,380.9298288298375,130.05205854671024
outcome-lag-64,10,111,intersection,288,19.0703125,212.53125,407.5459380013584,423.24638383807445,403.25490801070794,137.6180256589538
outcome-lag-64,10,111,intersection,320,19.0703125,230.53125,428.4919366749709,448.4051080021096,424.2009066843204,144.50515492160716
outcome-lag-64,10,111,intersection,352,19.0703125,248.53125,448.7489341851124,472.3713682626993,444.4579041944619,150.42755985060327
outcome-lag-64,10,111,intersection,384,19.0703125,266.53125,467.79093835338836,494.6662408000075,463.49990836273787,155.59053092227276
outcome-lag-64,10,111,intersection,416,19.0703125,284.53125,486.53462038666214,516.4880663221486,482.24359039601165,160.39326805710743
outcome-lag-64,10,111,intersection,448,19.0703125,302.53125,504.67974531016876,537.4747404768463,500.38871531951827,164.78807094963275
outcome-lag-64,10,111,intersection,480,19.0703125,320.53125,520.6530241472069,556.2059861173964,516.3619941565565,168.8324762675759
outcome-lag-64,10,111,intersection,512,19.0703125,338.53125,536.5443927342995,574.5068114604107,532.2533627436492,172.36568647462317
outcome-lag-64,10,111,completed,32,2.828125,26.1875,64.0,64.0,64.0,21.465435097947804
outcome-lag-64,10,111,completed,64,5.9140625,50.03125,125.0,125.0,125.0,47.50628687141646
outcome-lag-64,10,111,completed,96,8.125,71.125,183.77873941254305,183.13072353031643,183.13072353031643,68.00540606492643
outcome-lag-64,10,111,completed,128,10.78125,94.75,236.74355067232102,234.74411242025258,234.44999809139202,81.70747366530212
outcome-lag-64,10,111,completed,160,11.578125,114.4375,275.2964325007312,274.70748013374873,272.4743203412671,92.44628409053928
outcome-lag-64,10,111,completed,192,13.703125,136.9375,312.8321349022736,315.3053252398881,309.41832063603607,102.57845138358286
outcome-lag-64,10,111,completed,224,14.234375,156.0625,341.76914737571815,348.7244161192149,338.2852603835613,112.01283295850506
outcome-lag-64,10,111,completed,256,15.6953125,177.15625,370.3552864939005,381.9721629816101,366.74185262803184,120.45153426767105
outcome-lag-64,10,111,completed,288,15.6953125,195.15625,391.90431231107783,407.82165077763517,388.29087844520916,127.58186291818825
outcome-lag-64,10,111,completed,320,16.359375,214.5625,414.37736472545345,434.32489058100117,410.74711218453956,133.935439720059
outcome-lag-64,10,111,completed,352,16.359375,232.5625,434.3337366260021,457.7843850458918,430.70348408508823,139.5135979053027
outcome-lag-64,10,111,completed,384,16.4921875,250.84375,453.3146744970708,479.8097293557232,449.68442195615694,144.3260283711713
outcome-lag-64,10,111,completed,416,16.4921875,268.84375,471.8848349449862,501.3516340756806,468.2545824040723,148.95771968383607
outcome-lag-64,10,111,completed,448,16.4921875,286.84375,489.88547157504047,522.1267689238581,486.2552190341266,153.23803941174666
outcome-lag-64,10,111,completed,480,16.4921875,304.84375,505.7626549569538,540.7504478981281,502.1324024160399,157.24682240752696
outcome-lag-64,10,111,completed,512,16.4921875,322.84375,521.5657334588087,558.9484110369995,517.9354809178949,160.74704434626372
outcome-lag-64,10,111,plugin,32,3.7421875,7.09375,40.0,40.0,40.0,17.01415582166853
outcome-lag-64,10,111,plugin,64,7.7109375,20.21875,83.0,83.0,83.0,37.74754937151173
outcome-lag-64,10,111,plugin,96,11.4609375,27.21875,124.77873941254305,124.25019698855526,124.25019698855526,54.44087478137721
outcome-lag-64,10,111,plugin,128,14.9609375,27.21875,149.36262191511545,148.9037482959972,148.6813776321502,63.13315587092716
outcome-lag-64,10,111,plugin,160,18.4609375,27.21875,168.12305096936808,169.58680755870122,167.44180668640283,69.76121496611192
outcome-lag-64,10,111,plugin,192,21.9609375,27.21875,184.0178164755546,189.069501809812,183.33657219258936,76.5412970123759
outcome-lag-64,10,111,plugin,224,25.4609375,27.21875,198.04553030757148,207.00826721394765,197.36428602460623,82.80138805837844
outcome-lag-64,10,111,plugin,256,28.9609375,27.21875,210.73320470492985,222.93938675697734,210.0519604219646,87.86401999972205
outcome-lag-64,10,111,plugin,288,32.4609375,27.21875,222.38919471741644,237.2628404227271,221.7079504344512,91.98082650314674
outcome-lag-64,10,111,plugin,320,35.9609375,27.21875,233.2381267299809,250.5537722313607,232.55688244701565,95.61901053716137
outcome-lag-64,10,111,plugin,352,39.4609375,27.21875,243.4298577667323,262.7478283546852,242.74861348376706,98.63277222670791
outcome-lag-64,10,111,plugin,384,42.9609375,27.21875,253.06673691446665,274.0597987379922,252.3854926315014,101.17365147996622
outcome-lag-64,10,111,plugin,416,46.4609375,27.21875,262.23370755632516,284.63684736239264,261.55246327335993,103.33852947183053
outcome-lag-64,10,111,plugin,448,49.9609375,27.21875,270.9925160084541,294.96556347835815,270.3112717254889,105.57323762798822
outcome-lag-64,10,111,plugin,480,53.4609375,27.21875,279.38417017137033,305.10850543006114,278.7029258884051,107.90675189727389
outcome-lag-64,10,111,plugin,512,56.9609375,27.21875,287.4693246448096,314.482742992302,286.7880803618444,109.72808201319295
outcome-lag-64,10,111,safe,32,3.5,0.0,32.0,32.0,32.0,15.530822488335197
outcome-lag-64,10,111,safe,64,7.0,0.0,64.0,64.0,64.0,31.302634564096927
outcome-lag-64,10,111,safe,96,10.5,0.0,95.77873941254305,95.25019698855526,95.25019698855526,45.03943655107878
outcome-lag-64,10,111,safe,128,14.0,0.0,120.36262191511551,119.90374829599709,119.68137763215022,53.73171764062873
outcome-lag-64,10,111,safe,160,17.5,0.0,139.12305096936808,140.5868075587011,138.44180668640277,60.35977673581349
outcome-lag-64,10,111,safe,192,21.0,0.0,155.0178164755546,160.0695018098119,154.3365721925893,67.1398587820775
outcome-lag-64,10,111,safe,224,24.5,0.0,169.04553030757148,178.00826721394753,168.36428602460617,73.39994982808003
outcome-lag-64,10,111,safe,256,28.0,0.0,181.73320470492985,193.93938675697723,181.05196042196454,78.46258176942364
outcome-lag-64,10,111,safe,288,31.5,0.0,193.38919471741644,208.26284042272698,192.70795043445113,82.57938827284833
outcome-lag-64,10,111,safe,320,35.0,0.0,204.2381267299809,221.5537722313606,203.5568824470156,86.21757230686296
outcome-lag-64,10,111,safe,352,38.5,0.0,214.4298577667323,233.74782835468517,213.748613483767,89.2313339964095
outcome-lag-64,10,111,safe,384,42.0,0.0,224.06673691446665,245.05979873799217,223.38549263150134,91.77221324966781
outcome-lag-64,10,111,safe,416,45.5,0.0,233.233707556325,255.63684736239273,232.55246327335968,93.93709124153212
outcome-lag-64,10,111,safe,448,49.0,0.0,241.992516008454,265.9655634783582,241.3112717254887,96.17179939768981
outcome-lag-64,10,111,safe,480,52.5,0.0,250.3841701713704,276.1085054300612,249.7029258884051,98.50531366697548
outcome-lag-64,10,111,safe,512,56.0,0.0,258.46932464480943,285.48274299230206,257.78808036184415,100.32664378289454
outcome-lag-64,10,111,known,32,0.0,18.0,56.0,56.0,56.0,24.93068968415071
outcome-lag-64,10,111,known,64,0.0,36.0,114.0,114.0,114.0,52.64829698887896
outcome-lag-64,10,111,known,96,0.0,54.0,169.77873941254305,168.809753115159,168.809753115159,74.83540342838636
outcome-lag-64,10,111,known,128,0.0,72.0,214.20792676220196,212.56443767699176,212.17205810670532,89.49332181695426
outcome-lag-64,10,111,known,160,0.0,90.0,248.27634746387915,249.26261241577677,246.2404788083825,100.49356403200017
outcome-lag-64,10,111,known,192,0.0,108.0,279.4081019414724,284.44356141839563,277.3578572153055,110.65707992831419
outcome-lag-64,10,111,known,224,0.0,126.0,305.0675206987158,315.3607949509517,303.0172759725489,120.27693970154394
outcome-lag-64,10,111,known,256,0.0,144.0,329.5390497079708,345.34336760403676,327.48880498180387,129.27413703375598
outcome-lag-64,10,111,known,288,0.0,162.0,349.5265440454351,369.40955016097786,347.4762993192682,135.80235764323868
outcome-lag-64,10,111,known,320,0.0,180.0,368.56361625702874,392.3967471791935,366.51337153086183,141.79654546463658
outcome-lag-64,10,111,known,352,0.0,198.0,387.17060354845006,414.44621483049104,385.12035882228315,146.9912548652375
outcome-lag-64,10,111,known,384,0.0,216.0,404.82538919110726,435.1204326723869,402.77514446494035,151.55312720652847
outcome-lag-64,10,111,known,416,0.0,234.0,422.29687444596857,455.42830931730737,420.24662971980166,155.80069332560473
outcome-lag-64,10,111,known,448,0.0,252.0,439.31029261168027,475.1297179288162,437.26004788551336,159.7771544472294
outcome-lag-64,10,111,known,480,0.0,270.0,454.43757918747576,492.90285260070806,452.38733446130885,163.51337535660127
outcome-lag-64,10,111,known,512,0.0,288.0,469.5392753976372,510.2777082318662,467.4890306714703,166.75768782696298
outcome-lag-64,10,111,product,32,0.0,18.0,56.0,56.0,56.0,24.93068968415071
outcome-lag-64,10,111,product,64,0.0,36.0,114.0,114.0,114.0,52.64829698887896
outcome-lag-64,10,111,product,96,0.0,54.0,169.77873941254305,168.809753115159,168.809753115159,74.83540342838636
outcome-lag-64,10,111,product,128,0.0,72.0,214.20792676220196,212.56443767699176,212.17205810670532,89.49332181695426
outcome-lag-64,10,111,product,160,0.0,90.0,248.27634746387915,249.26261241577677,246.2404788083825,100.49356403200017
outcome-lag-64,10,111,product,192,0.0,108.0,279.4081019414724,284.44356141839563,277.3578572153055,110.65707992831419
outcome-lag-64,10,111,product,224,0.0,126.0,305.0675206987158,315.3607949509517,303.0172759725489,120.27693970154394
outcome-lag-64,10,111,product,256,0.0,144.0,329.5390497079708,345.34336760403676,327.48880498180387,129.27413703375598
outcome-lag-64,10,111,product,288,0.0,162.0,349.5265440454351,369.40955016097786,347.4762993192682,135.80235764323868
outcome-lag-64,10,111,product,320,0.0,180.0,368.56361625702874,392.3967471791935,366.51337153086183,141.79654546463658
outcome-lag-64,10,111,product,352,0.0,198.0,387.17060354845006,414.44621483049104,385.12035882228315,146.9912548652375
outcome-lag-64,10,111,product,384,0.0,216.0,404.82538919110726,435.1204326723869,402.77514446494035,151.55312720652847
outcome-lag-64,10,111,product,416,0.0,234.0,422.29687444596857,455.42830931730737,420.24662971980166,155.80069332560473
outcome-lag-64,10,111,product,448,0.0,252.0,439.31029261168027,475.1297179288162,437.26004788551336,159.7771544472294
outcome-lag-64,10,111,product,480,0.0,270.0,454.43757918747576,492.90285260070806,452.38733446130885,163.51337535660127
outcome-lag-64,10,111,product,512,0.0,288.0,469.5392753976372,510.2777082318662,467.4890306714703,166.75768782696298
single-blocker,10,111,prefix,32,4.25,27.0,64.0,63.96821681185914,63.96821681185914,10.354393849380502
single-blocker,10,111,prefix,64,8.5,54.0,128.0,120.21829187074778,120.21829187074778,12.652748367497788
single-blocker,10,111,prefix,96,12.75,81.0,192.0,163.80614744910037,163.80614744910037,13.745141416280353
single-blocker,10,111,prefix,128,17.0,108.0,256.0,203.6620466131523,203.6620466131523,14.682464392232326
single-blocker,10,111,prefix,160,21.25,135.0,320.0,237.46065529739786,237.46065529739786,15.339780784297085
single-blocker,10,111,prefix,192,25.5,162.0,384.0,267.6688063345008,267.6688063345008,15.866200198434537
single-blocker,10,111,prefix,224,29.75,189.0,448.0,296.2485402208381,296.2485402208381,16.344614173720814
single-blocker,10,111,prefix,256,34.0,216.0,512.0,322.28429484355587,322.28429484355587,16.73926151399201
single-blocker,10,111,prefix,288,38.25,243.0,576.0,345.71114602097254,345.71114602097254,17.053801224605046
single-blocker,10,111,prefix,320,42.5,270.0,640.0,369.3429017691565,369.3429017691565,17.384968949218628
single-blocker,10,111,prefix,352,46.75,297.0,704.0,391.5458241770781,391.5458241770781,17.67596687483909
single-blocker,10,111,prefix,384,51.0,324.0,768.0,411.8539790039321,411.8539790039321,17.91508620010156
single-blocker,10,111,prefix,416,55.25,351.0,832.0,432.8419113456808,432.8419113456808,18.179008099655164
single-blocker,10,111,prefix,448,59.5,378.0,896.0,452.17857691573784,452.17857691573784,18.39934182970688
single-blocker,10,111,prefix,480,63.75,405.0,960.0,471.0235214633846,471.0235214633846,18.60968693977017
single-blocker,10,111,prefix,512,68.0,432.0,1024.0,488.8641117014687,488.8641117014687,18.79666941614525
single-blocker,10,111,intersection,32,4.25,27.0,64.0,63.96821681185914,63.96821681185914,10.354393849380502
single-blocker,10,111,intersection,64,8.5,54.0,128.0,120.21829187074778,120.21829187074778,12.652748367497788
single-blocker,10,111,intersection,96,9.90625,79.375,192.0,168.1211643567129,168.1211643567129,13.996191638953343
single-blocker,10,111,intersection,128,10.65625,104.375,256.0,207.87672855263042,207.87672855263042,14.881618384127695
single-blocker,10,111,intersection,160,12.71875,130.125,320.0,242.52213807002278,242.52213807002278,15.555219782830775
single-blocker,10,111,intersection,192,16.96875,157.125,384.0,273.52670781253204,273.52670781253204,16.09587680893818
single-blocker,10,111,intersection,224,20.8203125,183.28125,448.0,302.05099778112003,302.05099778112003,16.555428489525404
single-blocker,10,111,intersection,256,20.8203125,201.28125,506.0,326.2445895358186,326.2445895358186,16.923486850626542
single-blocker,10,111,intersection,288,20.8203125,219.28125,558.0,345.78384561717604,345.78384561717604,17.190460266081683
single-blocker,10,111,intersection,320,20.8203125,237.28125,611.0,364.543903518048,364.543903518048,17.431685796730143
single-blocker,10,111,intersection,352,20.8203125,255.28125,666.0,383.0363417572404,383.0363417572404,17.65726462672309
single-blocker,10,111,intersection,384,20.8203125,273.28125,721.0,400.55684586038933,400.55684586038933,17.85952123277298
single-blocker,10,111,intersection,416,20.8203125,291.28125,778.0,417.9392633431776,417.9392633431776,18.051387207231144
single-blocker,10,111,intersection,448,20.8203125,309.28125,836.0,434.8617424454925,434.8617424454925,18.229883831205626
single-blocker,10,111,intersection,480,20.8203125,327.28125,890.0,449.8104615187503,449.8104615187503,18.379433242601586
single-blocker,10,111,intersection,512,20.8203125,345.28125,946.0,464.83243537593114,464.83243537593114,18.525025424503188
single-blocker,10,111,completed,32,4.25,27.0,64.0,63.96821681185914,63.96821681185914,10.354393849380502
single-blocker,10,111,completed,64,8.5,54.0,128.0,120.21829187074778,120.21829187074778,12.652748367497788
single-blocker,10,111,completed,96,9.796875,79.3125,192.0,168.21511092820705,168.21511092820705,14.001133238234566
single-blocker,10,111,completed,128,10.546875,104.3125,256.0,207.86040613878936,207.86040613878936,14.880873967254246
single-blocker,10,111,completed,160,12.609375,130.0625,320.0,242.51827423403725,242.51827423403725,15.555061554982672
single-blocker,10,111,completed,192,16.859375,157.0625,384.0,273.5766708068218,273.5766708068218,16.097755677196364
single-blocker,10,111,completed,224,20.1796875,182.09375,446.0,301.1931363586619,301.1931363586619,16.542873718075178
single-blocker,10,111,completed,256,20.1796875,200.09375,504.0,325.2671284261596,325.2671284261596,16.906767577011827
single-blocker,10,111,completed,288,20.1796875,218.09375,556.0,344.73735271490654,344.73735271490654,17.1715503513231
single-blocker,10,111,completed,320,20.1796875,236.09375,609.0,363.4388959237599,363.4388959237599,17.411042135516567
single-blocker,10,111,completed,352,20.1796875,254.09375,664.0,381.8788646015822,381.8788646015822,17.635163008357605
single-blocker,10,111,completed,384,20.1796875,272.09375,719.0,399.35573915249546,399.35573915249546,17.836277268034575
single-blocker,10,111,completed,416,20.1796875,290.09375,776.0,416.69817721235717,416.69817721235717,18.027152515634874
single-blocker,10,111,completed,448,20.1796875,308.09375,834.0,433.58531685761227,433.58531685761227,18.20481820981109
single-blocker,10,111,completed,480,20.1796875,326.09375,888.0,448.5080133648261,448.5080133648261,18.353782736476692
single-blocker,10,111,completed,512,20.1796875,344.09375,944.0,463.5048485642521,463.5048485642521,18.498831695358284
single-blocker,10,111,plugin,32,3.703125,6.5625,40.0,39.96821681185914,39.96821681185914,7.610578528769851
single-blocker,10,111,plugin,64,7.203125,6.5625,72.0,65.42435623340212,65.42435623340212,8.311599237039102
single-blocker,10,111,plugin,96,10.703125,6.5625,104.0,84.7831968278086,84.7831968278086,8.719679814222108
single-blocker,10,111,plugin,128,14.203125,6.5625,136.0,101.03345515740088,101.03345515740088,9.008667925922502
single-blocker,10,111,plugin,160,17.703125,6.5625,168.0,115.31238195727079,115.31238195727079,9.23259455827307
single-blocker,10,111,plugin,192,21.203125,6.5625,200.0,128.1978375468853,128.1978375468853,9.415437943040763
single-blocker,10,111,plugin,224,24.703125,6.5625,232.0,140.0310352083931,140.0310352083931,9.569961246415486
single-blocker,10,111,plugin,256,28.203125,6.5625,264.0,151.03333360981438,151.03333360981438,9.703772046150608
single-blocker,10,111,plugin,288,31.703125,6.5625,296.0,161.35798108855585,161.35798108855585,9.821772362566978
single-blocker,10,111,plugin,320,35.203125,6.5625,328.0,171.1162631808352,171.1162631808352,9.927306680227348
single-blocker,10,111,plugin,352,38.703125,6.5625,360.0,180.39200998111025,180.39200998111025,10.022759046724346
single-blocker,10,111,plugin,384,42.203125,6.5625,392.0,189.25023096678382,189.25023096678382,10.109888902349308
single-blocker,10,111,plugin,416,45.703125,6.5625,424.0,197.74254455085054,197.74254455085054,10.190031853879791
single-blocker,10,111,plugin,448,49.203125,6.5625,456.0,205.91074640079475,205.91074640079475,10.264225744016343
single-blocker,10,111,plugin,480,52.703125,6.5625,488.0,213.78924141297622,213.78924141297622,10.333293073780482
single-blocker,10,111,plugin,512,56.203125,6.5625,520.0,221.40675252840046,221.40675252840046,10.397896742883058
single-blocker,10,111,safe,32,3.5,0.0,32.0,31.968216811859147,31.968216811859147,4.02724519543652
single-blocker,10,111,safe,64,7.0,0.0,64.0,57.42435623340214,57.42435623340214,4.7282659037057675
single-blocker,10,111,safe,96,10.5,0.0,96.0,76.78319682780861,76.78319682780861,5.136346480888775
single-blocker,10,111,safe,128,14.0,0.0,128.0,93.03345515740088,93.03345515740088,5.425334592589174
single-blocker,10,111,safe,160,17.5,0.0,160.0,107.31238195727079,107.31238195727079,5.649261224939744
single-blocker,10,111,safe,192,21.0,0.0,192.0,120.1978375468853,120.1978375468853,5.832104609707439
single-blocker,10,111,safe,224,24.5,0.0,224.0,132.0310352083931,132.0310352083931,5.986627913082163
single-blocker,10,111,safe,256,28.0,0.0,256.0,143.03333360981438,143.03333360981438,6.120438712817281
single-blocker,10,111,safe,288,31.5,0.0,288.0,153.35798108855585,153.35798108855585,6.238439029233648
single-blocker,10,111,safe,320,35.0,0.0,320.0,163.1162631808352,163.1162631808352,6.343973346894013
single-blocker,10,111,safe,352,38.5,0.0,352.0,172.39200998111025,172.39200998111025,6.43942571339101
single-blocker,10,111,safe,384,42.0,0.0,384.0,181.25023096678382,181.25023096678382,6.5265555690159704
single-blocker,10,111,safe,416,45.5,0.0,416.0,189.74254455085054,189.74254455085054,6.6066985205464555
single-blocker,10,111,safe,448,49.0,0.0,448.0,197.91074640079475,197.91074640079475,6.680892410683006
single-blocker,10,111,safe,480,52.5,0.0,480.0,205.78924141297622,205.78924141297622,6.7499597404471405
single-blocker,10,111,safe,512,56.0,0.0,512.0,213.40675252840046,213.40675252840046,6.81456340954972
single-blocker,10,111,known,32,0.0,18.0,56.0,55.96821681185914,55.96821681185914,7.761536706523359
single-blocker,10,111,known,64,0.0,36.0,114.0,104.79647052539586,104.79647052539586,9.207471242035195
single-blocker,10,111,known,96,0.0,54.0,170.0,140.70521928229647,140.70521928229647,10.010855264594973
single-blocker,10,111,known,128,0.0,72.0,225.0,170.36322793111094,170.36322793111094,10.572097740144612
single-blocker,10,111,known,160,0.0,90.0,280.0,196.4988588936652,196.4988588936652,11.009796178959803
single-blocker,10,111,known,192,0.0,108.0,339.0,221.90284346545377,221.90284346545377,11.396347644443487
single-blocker,10,111,known,224,0.0,126.0,394.0,243.50056753540372,243.50056753540372,11.696697955067005
single-blocker,10,111,known,256,0.0,144.0,452.0,264.76246074852156,264.76246074852156,11.97321584731178
single-blocker,10,111,known,288,0.0,162.0,504.0,282.5158233495539,282.5158233495539,12.188616500885828
single-blocker,10,111,known,320,0.0,180.0,557.0,299.70735401016,299.70735401016,12.387137964674087
single-blocker,10,111,known,352,0.0,198.0,612.0,316.7503729958278,316.7503729958278,12.57539869964521
single-blocker,10,111,known,384,0.0,216.0,667.0,333.03477010338804,333.03477010338804,12.747450306600655
single-blocker,10,111,known,416,0.0,234.0,724.0,349.2600200359803,349.2600200359803,12.912389713348569
single-blocker,10,111,known,448,0.0,252.0,782.0,365.140329128081,365.140329128081,13.067751315564921
single-blocker,10,111,known,480,0.0,270.0,836.0,379.31019255932046,379.31019255932046,13.200700984284394
single-blocker,10,111,known,512,0.0,288.0,892.0,393.5706686964303,393.5706686964303,13.330633960597769
single-blocker,10,111,product,32,0.0,18.0,56.0,55.96821681185914,55.96821681185914,7.761536706523359
single-blocker,10,111,product,64,0.0,36.0,114.0,104.79647052539586,104.79647052539586,9.207471242035195
single-blocker,10,111,product,96,0.0,54.0,170.0,140.70521928229647,140.70521928229647,10.010855264594973
single-blocker,10,111,product,128,0.0,72.0,225.0,170.36322793111094,170.36322793111094,10.572097740144612
single-blocker,10,111,product,160,0.0,90.0,280.0,196.4988588936652,196.4988588936652,11.009796178959803
single-blocker,10,111,product,192,0.0,108.0,339.0,221.90284346545377,221.90284346545377,11.396347644443487
single-blocker,10,111,product,224,0.0,126.0,394.0,243.50056753540372,243.50056753540372,11.696697955067005
single-blocker,10,111,product,256,0.0,144.0,452.0,264.76246074852156,264.76246074852156,11.97321584731178
single-blocker,10,111,product,288,0.0,162.0,504.0,282.5158233495539,282.5158233495539,12.188616500885828
single-blocker,10,111,product,320,0.0,180.0,557.0,299.70735401016,299.70735401016,12.387137964674087
single-blocker,10,111,product,352,0.0,198.0,612.0,316.7503729958278,316.7503729958278,12.57539869964521
single-blocker,10,111,product,384,0.0,216.0,667.0,333.03477010338804,333.03477010338804,12.747450306600655
single-blocker,10,111,product,416,0.0,234.0,724.0,349.2600200359803,349.2600200359803,12.912389713348569
single-blocker,10,111,product,448,0.0,252.0,782.0,365.140329128081,365.140329128081,13.067751315564921
single-blocker,10,111,product,480,0.0,270.0,836.0,379.31019255932046,379.31019255932046,13.200700984284394
single-blocker,10,111,product,512,0.0,288.0,892.0,393.5706686964303,393.5706686964303,13.330633960597769
outcome-lag-64,12,111,prefix,32,0.75,25.0,64.0,64.0,64.0,31.495880497525583
outcome-lag-64,12,111,prefix,64,1.5,50.0,128.0,128.0,128.0,63.71388211289303
outcome-lag-64,12,111,prefix,96,2.359375,75.0625,191.85451036490912,190.98748197264817,190.98748197264817,88.99863238846162
outcome-lag-64,12,111,prefix,128,5.625,101.5,245.92499871198896,245.3095550513548,244.44841701754297,105.68495391743869
outcome-lag-64,12,111,prefix,160,7.46875,127.125,290.6230393070136,291.35662498021543,288.75800324209297,117.58483534136815
outcome-lag-64,12,111,prefix,192,10.296875,153.3125,331.6310176320557,332.83505481458843,327.26985836738044,127.36474439520597
outcome-lag-64,12,111,prefix,224,11.046875,178.3125,364.6948166640567,370.03856153666777,359.80052070966883,136.88539172185168
outcome-lag-64,12,111,prefix,256,11.796875,203.3125,394.57267635600164,404.11415726538036,389.5917593460536,145.21471124471893
outcome-lag-64,12,111,prefix,288,12.546875,228.3125,421.6115670979392,434.6722457803443,416.57978711478523,152.03550741323622
outcome-lag-64,12,111,prefix,320,13.296875,253.3125,446.628884378761,463.5292100340785,441.597104395607,158.49211689427327
outcome-lag-64,12,111,prefix,352,14.046875,278.3125,470.83249009593885,491.2088495307505,465.7889756645261,164.1145631098477
outcome-lag-64,12,111,prefix,384,14.609375,301.5625,491.56971332315453,515.5318731732195,486.5261988917418,169.56357538293045
outcome-lag-64,12,111,prefix,416,14.609375,319.5625,508.3981613209059,535.5972271012079,503.35464688949315,174.18833178265464
outcome-lag-64,12,111,prefix,448,14.609375,337.5625,526.4564906093868,556.9371551968921,521.4129761779741,178.87510400763307
outcome-lag-64,12,111,prefix,480,14.609375,355.5625,543.4890124931081,576.6311775966595,538.4454980616954,182.86588797156904
outcome-lag-64,12,111,prefix,512,14.609375,373.5625,559.5105714085621,594.6851682482716,554.4670569771494,186.0597166181283
outcome-lag-64,12,111,intersection,32,0.75,25.0,64.0,64.0,64.0,31.495880497525583
outcome-lag-64,12,111,intersection,64,1.5,50.0,128.0,128.0,128.0,63.71388211289303
outcome-lag-64,12,111,intersection,96,2.6875,75.25,191.85451036490912,191.17157370973288,191.17157370973288,88.85100021863104
outcome-lag-64,12,111,intersection,128,5.84375,101.625,245.92499871198896,245.3300201676029,244.57159663111037,104.97037042569424
outcome-lag-64,12,111,intersection,160,6.59375,126.625,289.07348669562685,289.9752353805773,287.42472209849564,116.30975274754451
outcome-lag-64,12,111,intersection,192,7.34375,151.625,325.55742993112653,330.68110610178377,323.66442223903846,127.5675424618195
outcome-lag-64,12,111,intersection,224,8.09375,176.625,358.6361762893635,369.1874081922909,356.66084878647166,138.3579703555782
outcome-lag-64,12,111,intersection,256,8.84375,201.625,388.66500099836117,403.5178595433571,386.5585839641769,146.89003938940525
outcome-lag-64,12,111,intersection,288,9.59375,226.625,415.3855674615171,433.69273671286027,413.20277184837227,153.44687747744587
outcome-lag-64,12,111,intersection,320,10.34375,251.625,440.165560114232,462.2570898465574,437.98276450108716,159.68374124594726
outcome-lag-64,12,111,intersection,352,11.09375,276.625,464.511374059689,489.9993215789174,462.3045304594846,165.1750520731435
outcome-lag-64,12,111,intersection,384,11.84375,301.625,487.34308062215337,516.3656024320044,485.13622981899425,170.68086722248216
outcome-lag-64,12,111,intersection,416,12.3359375,324.21875,508.28312628969707,540.5535047152721,506.07627548653795,175.65256375809201
outcome-lag-64,12,111,intersection,448,12.3359375,342.21875,526.0746238445448,561.5758823070929,523.8677730413856,180.23130822696052
outcome-lag-64,12,111,intersection,480,12.3359375,360.21875,542.8771381360291,580.9933169956172,540.6702873328699,184.12279690378534
outcome-lag-64,12,111,intersection,512,12.3359375,378.21875,558.7047017882786,598.8204704726976,556.4978509851194,187.24182264540246
outcome-lag-64,12,111,completed,32,1.296875,25.3125,64.0,64.0,64.0,30.80395503168707
outcome-lag-64,12,111,completed,64,3.359375,51.0625,128.0,128.0,128.0,61.419825684500424
outcome-lag-64,12,111,completed,96,4.109375,76.0625,191.85451036490912,191.0428690609725,191.0428690609725,85.7151935635862
outcome-lag-64,12,111,completed,128,4.859375,101.0625,246.84853439674882,244.6909873994855,244.0322388774369,102.04399944935474
outcome-lag-64,12,111,completed,160,5.609375,126.0625,290.99945675557643,289.7776249220234,287.619021722795,113.79262444199352
outcome-lag-64,12,111,completed,192,6.359375,151.0625,327.6331871899981,330.570795177539,324.07615638739856,125.17334692389308
outcome-lag-64,12,111,completed,224,7.109375,176.0625,360.7307312080218,369.0569102894575,357.06337679028564,135.89967590278582
outcome-lag-64,12,111,completed,256,7.859375,201.0625,390.7970427865057,403.38637816959147,386.97439567847647,144.3937252016516
outcome-lag-64,12,111,completed,288,8.609375,226.0625,417.4787034887857,433.5061506436264,413.5725569025205,150.9033798058532
outcome-lag-64,12,111,completed,320,9.359375,251.0625,442.22779579468914,462.02836061761127,438.32164920842393,157.09998591899958
outcome-lag-64,12,111,completed,352,9.8984375,274.09375,463.75573918206567,486.9435704918167,459.8338479509209,162.41988059391696
outcome-lag-64,12,111,completed,384,10.0625,293.625,483.1974418594304,509.8766813422665,479.27555062828566,167.53764479340248
outcome-lag-64,12,111,completed,416,10.15625,312.5,500.835283794484,530.6995259005552,496.9122776036701,172.0677173608689
outcome-lag-64,12,111,completed,448,10.3203125,332.03125,519.6428982302288,552.7357054442557,515.719892039415,176.63630193043886
outcome-lag-64,12,111,completed,480,10.390625,350.6875,536.9349689883396,572.6383593954763,533.0119627975258,180.51908215614407
outcome-lag-64,12,111,completed,512,10.484375,369.5625,552.7254140020945,590.4220030154493,548.8024078112807,183.62388128111894
outcome-lag-64,12,111,plugin,32,3.0390625,4.78125,37.0,37.0,37.0,21.831421446421285
outcome-lag-64,12,111,plugin,64,4.1015625,14.53125,86.0,86.0,86.0,49.228911718080745
outcome-lag-64,12,111,plugin,96,7.3203125,15.65625,119.8545103649091,119.42088406701853,119.42088406701853,64.83456107786272
outcome-lag-64,12,111,plugin,128,9.6171875,21.84375,151.24552967015853,151.17767633455662,150.51892781250797,74.42883674104506
outcome-lag-64,12,111,plugin,160,13.0078125,22.40625,171.1056663570415,172.16043007983777,170.37906449939095,80.4255558360482
outcome-lag-64,12,111,plugin,192,15.6328125,26.90625,191.7540648892135,195.24501690553097,191.02746303156295,86.18480608003334
outcome-lag-64,12,111,plugin,224,18.5859375,29.71875,210.5396533866792,217.30338888318911,209.81305152902863,92.32511074501257
outcome-lag-64,12,111,plugin,256,21.5390625,32.53125,225.97508535520888,235.21991019884,225.2086977166295,96.91151102728173
outcome-lag-64,12,111,plugin,288,23.1796875,42.09375,250.0379615066359,261.2270486840023,249.2143949589291,101.53663019515565
outcome-lag-64,12,111,plugin,320,26.5703125,42.65625,261.6838795051049,274.9290723100731,260.86031295739815,104.89611834588278
outcome-lag-64,12,111,plugin,352,26.6796875,60.09375,286.1011133243697,302.307012936103,285.2711990112574,110.36525711853213
outcome-lag-64,12,111,plugin,384,28.4296875,69.09375,304.62312750519834,323.8658977492747,303.79321319208606,115.74029670211974
outcome-lag-64,12,111,plugin,416,28.6484375,85.96875,326.2980142037543,348.9501574464775,325.46809989064207,121.97110070147332
outcome-lag-64,12,111,plugin,448,28.6484375,103.96875,350.6285591115398,377.051515214728,349.7986447984276,128.82791408799372
outcome-lag-64,12,111,plugin,480,28.6484375,121.96875,373.20534427054787,402.81453778080686,372.37542995743564,135.3033881062606
outcome-lag-64,12,111,plugin,512,28.6484375,139.96875,393.4715874673632,425.48782950368746,392.64167315425095,140.22247414165173
outcome-lag-64,12,111,safe,32,3.5,0.0,32.0,32.0,32.0,21.331421446421285
outcome-lag-64,12,111,safe,64,7.0,0.0,64.0,64.0,64.0,40.866596204217245
outcome-lag-64,12,111,safe,96,10.5,0.0,95.8545103649091,95.42088406701853,95.42088406701853,55.5936741354278
outcome-lag-64,12,111,safe,128,14.0,0.0,120.2455296701585,120.1776763345566,119.51892781250798,64.389196185074
outcome-lag-64,12,111,safe,160,17.5,0.0,139.10566635704146,140.16043007983777,138.37906449939092,70.31694976283578
outcome-lag-64,12,111,safe,192,21.0,0.0,154.95851050866798,158.31897831442097,154.23190865101745,75.77288579257215
outcome-lag-64,12,111,safe,224,24.5,0.0,168.9485446255882,175.38230825293687,168.22194276793766,81.15754137295495
outcome-lag-64,12,111,safe,256,28.0,0.0,181.62505792421354,190.56759683375634,180.898456066563,85.47434235208823
outcome-lag-64,12,111,safe,288,31.5,0.0,193.2713538692209,204.04649642134797,192.54475201157035,88.7465947773549
outcome-lag-64,12,111,safe,320,35.0,0.0,204.11615621857362,216.93804269152182,203.38955436092309,91.9853932729096
outcome-lag-64,12,111,safe,352,38.5,0.0,214.30093882127312,228.9625616118534,213.57433696362259,94.82961775946312
outcome-lag-64,12,111,safe,384,42.0,0.0,223.93203121766575,240.32456144598768,223.20542936001522,97.42052646354877
outcome-lag-64,12,111,safe,416,45.5,0.0,233.1019533891477,251.51284340244237,232.37535153149716,100.19663778746725
outcome-lag-64,12,111,safe,448,49.0,0.0,241.86235657751166,262.0578773923992,241.13575471986113,102.64766381761616
outcome-lag-64,12,111,safe,480,52.5,0.0,250.26666714067318,271.6222959666553,249.54006528302264,104.40265470945506
outcome-lag-64,12,111,safe,512,56.0,0.0,258.3486487013264,280.5535342337908,257.62204684367583,105.78098553026884
outcome-lag-64,12,111,known,32,0.0,18.0,58.0,58.0,58.0,31.045880497525584
outcome-lag-64,12,111,known,64,0.0,36.0,115.0,115.0,115.0,61.274055273066196
outcome-lag-64,12,111,known,96,0.0,54.0,168.85451036490912,167.98748197264817,167.98748197264817,83.77897982310475
outcome-lag-64,12,111,known,128,0.0,72.0,213.7151893380443,212.33030124741433,211.59860602118778,98.41018457288173
outcome-lag-64,12,111,known,160,0.0,90.0,247.90301815011128,248.33260110631554,245.78643483325476,108.71455190804379
outcome-lag-64,12,111,known,192,0.0,108.0,278.6000390401801,283.44117477014834,276.48345572332363,119.2404559044773
outcome-lag-64,12,111,known,224,0.0,126.0,304.21436526757617,314.501331621452,302.0977819507197,128.97257298985153
outcome-lag-64,12,111,known,256,0.0,144.0,327.39113963490547,342.0502794778605,325.274556318049,136.6426651601193
outcome-lag-64,12,111,known,288,0.0,162.0,349.95128292365473,368.0999874169734,347.83469960679827,142.92973959015492
outcome-lag-64,12,111,known,320,0.0,180.0,370.93454901013985,392.80965070242047,368.8179656932834,148.9867080379279
outcome-lag-64,12,111,known,352,0.0,198.0,388.82785726666293,414.0601182843188,386.71127394980647,154.13340029577327
outcome-lag-64,12,111,known,384,0.0,216.0,406.42892333064054,435.07994247234427,404.3123400137841,159.10773853168814
outcome-lag-64,12,111,known,416,0.0,234.0,422.8257322285316,454.63347120967535,420.70914891167513,163.55867386071606
outcome-lag-64,12,111,known,448,0.0,252.0,440.4036672923464,475.40068402638775,438.28708397548996,168.05190429696148
outcome-lag-64,12,111,known,480,0.0,270.0,457.02105411800903,494.5945794815007,454.90447080115257,171.86421020047553
outcome-lag-64,12,111,known,512,0.0,288.0,472.6915217773898,512.237362470294,470.57493846053336,174.92322290000374
outcome-lag-64,12,111,product,32,0.0,18.0,58.0,58.0,58.0,31.045880497525584
outcome-lag-64,12,111,product,64,0.0,36.0,115.0,115.0,115.0,61.274055273066196
outcome-lag-64,12,111,product,96,0.0,54.0,168.85451036490912,167.98748197264817,167.98748197264817,83.77897982310475
outcome-lag-64,12,111,product,128,0.0,72.0,213.7151893380443,212.33030124741433,211.59860602118778,98.41018457288173
outcome-lag-64,12,111,product,160,0.0,90.0,247.90301815011128,248.33260110631554,245.78643483325476,108.71455190804379
outcome-lag-64,12,111,product,192,0.0,108.0,278.6000390401801,283.44117477014834,276.48345572332363,119.2404559044773
outcome-lag-64,12,111,product,224,0.0,126.0,304.21436526757617,314.501331621452,302.0977819507197,128.97257298985153
outcome-lag-64,12,111,product,256,0.0,144.0,327.39113963490547,342.0502794778605,325.274556318049,136.6426651601193
outcome-lag-64,12,111,product,288,0.0,162.0,349.95128292365473,368.0999874169734,347.83469960679827,142.92973959015492
outcome-lag-64,12,111,product,320,0.0,180.0,370.93454901013985,392.80965070242047,368.8179656932834,148.9867080379279
outcome-lag-64,12,111,product,352,0.0,198.0,388.82785726666293,414.0601182843188,386.71127394980647,154.13340029577327
outcome-lag-64,12,111,product,384,0.0,216.0,406.42892333064054,435.07994247234427,404.3123400137841,159.10773853168814
outcome-lag-64,12,111,product,416,0.0,234.0,422.8257322285316,454.63347120967535,420.70914891167513,163.55867386071606
outcome-lag-64,12,111,product,448,0.0,252.0,440.4036672923464,475.40068402638775,438.28708397548996,168.05190429696148
outcome-lag-64,12,111,product,480,0.0,270.0,457.02105411800903,494.5945794815007,454.90447080115257,171.86421020047553
outcome-lag-64,12,111,product,512,0.0,288.0,472.6915217773898,512.237362470294,470.57493846053336,174.92322290000374
single-blocker,12,111,prefix,32,0.75,25.0,64.0,63.96821681185914,63.96821681185914,10.126536706523359
single-blocker,12,111,prefix,64,1.5,50.0,128.0,118.55939461546323,118.55939461546323,12.330681920245873
single-blocker,12,111,prefix,96,2.25,75.0,192.0,163.07667230043515,163.07667230043515,13.687969884675265
single-blocker,12,111,prefix,128,3.0,100.0,256.0,201.3556721405534,201.3556721405534,14.56708487106501
single-blocker,12,111,prefix,160,3.75,125.0,320.0,235.75796133160338,235.75796133160338,15.263339217896183
single-blocker,12,111,prefix,192,4.5,150.0,384.0,265.6995577989191,265.6995577989191,15.784446444926315
single-blocker,12,111,prefix,224,5.25,175.0,448.0,294.2023885539043,294.2023885539043,16.26621118904796
single-blocker,12,111,prefix,256,6.0,200.0,512.0,320.6555273901016,320.6555273901016,16.680809226230483
single-blocker,12,111,prefix,288,6.75,225.0,576.0,344.61989522004376,344.61989522004376,17.016405468798677
single-blocker,12,111,prefix,320,7.5,250.0,640.0,367.27640695899896,367.27640695899896,17.31766228760293
single-blocker,12,111,prefix,352,8.25,275.0,704.0,390.1187051359943,390.1187051359943,17.631848872609723
single-blocker,12,111,prefix,384,9.0,300.0,768.0,411.3914088831481,411.3914088831481,17.901341079138383
single-blocker,12,111,prefix,416,9.75,325.0,832.0,431.98925357502566,431.98925357502566,18.154803073860524
single-blocker,12,111,prefix,448,10.5,350.0,896.0,450.48801283658634,450.48801283658634,18.352817640847523
single-blocker,12,111,prefix,480,11.25,375.0,960.0,468.5423642938522,468.5423642938522,18.54349593643795
single-blocker,12,111,prefix,512,12.0,400.0,1024.0,486.2187261114785,486.2187261114785,18.728075604325596
single-blocker,12,111,intersection,32,0.75,25.0,64.0,63.96821681185914,63.96821681185914,10.126536706523359
single-blocker,12,111,intersection,64,4.015625,51.4375,128.0,121.14413264044194,121.14413264044194,12.766504075974712
single-blocker,12,111,intersection,96,4.765625,76.4375,192.0,167.5685323887643,167.5685323887643,13.9669459191428
single-blocker,12,111,intersection,128,5.515625,101.4375,256.0,206.07253533463782,206.07253533463782,14.79810766609836
single-blocker,12,111,intersection,160,6.265625,126.4375,320.0,240.02659742763487,240.02659742763487,15.45109817047073
single-blocker,12,111,intersection,192,7.015625,151.4375,384.0,270.01647726766646,270.01647726766646,15.960566360925148
single-blocker,12,111,intersection,224,7.765625,176.4375,448.0,298.16618771911965,298.16618771911965,16.416096956715524
single-blocker,12,111,intersection,256,8.515625,201.4375,512.0,324.3404443319635,324.3404443319635,16.81129764269914
single-blocker,12,111,intersection,288,9.265625,226.4375,576.0,348.29597251020925,348.29597251020925,17.140368631367625
single-blocker,12,111,intersection,320,10.015625,251.4375,640.0,370.92215212884497,370.92215212884497,17.43529662300037
single-blocker,12,111,intersection,352,10.109375,270.3125,695.0,388.54369910088076,388.54369910088076,17.640530141878497
single-blocker,12,111,intersection,384,10.109375,288.3125,750.0,404.970800649246,404.970800649246,17.815839588194383
single-blocker,12,111,intersection,416,10.109375,306.3125,804.0,420.4060178369915,420.4060178369915,17.97362284801033
single-blocker,12,111,intersection,448,10.109375,324.3125,864.0,437.0417181118475,437.0417181118475,18.138640791491543
single-blocker,12,111,intersection,480,10.109375,342.3125,923.0,452.74008199790853,452.74008199790853,18.288108487186918
single-blocker,12,111,intersection,512,10.109375,360.3125,981.0,467.60429227095585,467.60429227095585,18.424467020217737
single-blocker,12,111,completed,32,0.75,25.0,64.0,63.96821681185914,63.96821681185914,10.126536706523359
single-blocker,12,111,completed,64,3.90625,51.375,128.0,121.14413264044194,121.14413264044194,12.766504075974712
single-blocker,12,111,completed,96,4.65625,76.375,192.0,167.5685323887643,167.5685323887643,13.9669459191428
single-blocker,12,111,completed,128,5.40625,101.375,256.0,206.07253533463782,206.07253533463782,14.79810766609836
single-blocker,12,111,completed,160,6.15625,126.375,320.0,240.02659742763487,240.02659742763487,15.45109817047073
single-blocker,12,111,completed,192,6.90625,151.375,384.0,270.01647726766646,270.01647726766646,15.960566360925148
single-blocker,12,111,completed,224,7.65625,176.375,448.0,298.16618771911965,298.16618771911965,16.416096956715524
single-blocker,12,111,completed,256,8.40625,201.375,512.0,324.3404443319635,324.3404443319635,16.81129764269914
single-blocker,12,111,completed,288,9.15625,226.375,576.0,348.29597251020925,348.29597251020925,17.140368631367625
single-blocker,12,111,completed,320,9.4375,247.0,637.0,369.21785325249726,369.21785325249726,17.40158592046944
single-blocker,12,111,completed,352,9.4375,265.0,690.0,385.7191587686625,385.7191587686625,17.584960863141166
single-blocker,12,111,completed,384,9.4375,283.0,745.0,402.1462603170277,402.1462603170277,17.760270309457052
single-blocker,12,111,completed,416,9.4375,301.0,799.0,417.58147750477326,417.58147750477326,17.918053569273
single-blocker,12,111,completed,448,9.4375,319.0,859.0,434.21717777962925,434.21717777962925,18.083071512754213
single-blocker,12,111,completed,480,9.4375,337.0,918.0,449.9155416656903,449.9155416656903,18.232539208449587
single-blocker,12,111,completed,512,9.4375,355.0,976.0,464.7797519387376,464.7797519387376,18.368897741480406
single-blocker,12,111,plugin,32,3.140625,7.3125,42.0,41.96821681185914,41.96821681185914,8.193911862103185
single-blocker,12,111,plugin,64,6.640625,7.3125,74.0,67.42435623340212,67.42435623340212,8.894932570372438
single-blocker,12,111,plugin,96,10.140625,7.3125,106.0,86.7831968278086,86.7831968278086,9.303013147555443
single-blocker,12,111,plugin,128,13.640625,7.3125,138.0,103.03345515740088,103.03345515740088,9.592001259255838
single-blocker,12,111,plugin,160,17.140625,7.3125,170.0,117.31238195727079,117.31238195727079,9.815927891606405
single-blocker,12,111,plugin,192,20.640625,7.3125,202.0,130.19783754688532,130.19783754688532,9.998771276374098
single-blocker,12,111,plugin,224,24.140625,7.3125,234.0,142.03103520839312,142.03103520839312,10.153294579748822
single-blocker,12,111,plugin,256,27.640625,7.3125,266.0,153.0333336098144,153.0333336098144,10.287105379483943
single-blocker,12,111,plugin,288,31.140625,7.3125,298.0,163.35798108855587,163.35798108855587,10.405105695900314
single-blocker,12,111,plugin,320,34.640625,7.3125,330.0,173.11626318083523,173.11626318083523,10.510640013560684
single-blocker,12,111,plugin,352,38.140625,7.3125,362.0,182.39200998111028,182.39200998111028,10.606092380057682
single-blocker,12,111,plugin,384,41.640625,7.3125,394.0,191.25023096678385,191.25023096678385,10.693222235682644
single-blocker,12,111,plugin,416,45.140625,7.3125,426.0,199.74254455085057,199.74254455085057,10.773365187213127
single-blocker,12,111,plugin,448,48.640625,7.3125,458.0,207.91074640079478,207.91074640079478,10.847559077349679
single-blocker,12,111,plugin,480,52.140625,7.3125,490.0,215.78924141297625,215.78924141297625,10.916626407113817
single-blocker,12,111,plugin,512,55.640625,7.3125,522.0,223.4067525284005,223.4067525284005,10.981230076216393
single-blocker,12,111,safe,32,3.5,0.0,32.0,31.968216811859147,31.968216811859147,4.02724519543652
single-blocker,12,111,safe,64,7.0,0.0,64.0,57.42435623340214,57.42435623340214,4.7282659037057675
single-blocker,12,111,safe,96,10.5,0.0,96.0,76.78319682780861,76.78319682780861,5.136346480888775
single-blocker,12,111,safe,128,14.0,0.0,128.0,93.03345515740088,93.03345515740088,5.425334592589174
single-blocker,12,111,safe,160,17.5,0.0,160.0,107.31238195727079,107.31238195727079,5.649261224939744
single-blocker,12,111,safe,192,21.0,0.0,192.0,120.1978375468853,120.1978375468853,5.832104609707439
single-blocker,12,111,safe,224,24.5,0.0,224.0,132.0310352083931,132.0310352083931,5.986627913082163
single-blocker,12,111,safe,256,28.0,0.0,256.0,143.03333360981438,143.03333360981438,6.120438712817281
single-blocker,12,111,safe,288,31.5,0.0,288.0,153.35798108855585,153.35798108855585,6.238439029233648
single-blocker,12,111,safe,320,35.0,0.0,320.0,163.1162631808352,163.1162631808352,6.343973346894013
single-blocker,12,111,safe,352,38.5,0.0,352.0,172.39200998111025,172.39200998111025,6.43942571339101
single-blocker,12,111,safe,384,42.0,0.0,384.0,181.25023096678382,181.25023096678382,6.5265555690159704
single-blocker,12,111,safe,416,45.5,0.0,416.0,189.74254455085054,189.74254455085054,6.6066985205464555
single-blocker,12,111,safe,448,49.0,0.0,448.0,197.91074640079475,197.91074640079475,6.680892410683006
single-blocker,12,111,safe,480,52.5,0.0,480.0,205.78924141297622,205.78924141297622,6.7499597404471405
single-blocker,12,111,safe,512,56.0,0.0,512.0,213.40675252840046,213.40675252840046,6.81456340954972
single-blocker,12,111,known,32,0.0,18.0,58.0,57.96821681185914,57.96821681185914,7.843203373190026
single-blocker,12,111,known,64,0.0,36.0,115.0,105.55939461546322,105.55939461546322,9.227471242035197
single-blocker,12,111,known,96,0.0,54.0,169.0,140.07667230043515,140.07667230043515,9.997156634457992
single-blocker,12,111,known,128,0.0,72.0,225.0,170.36322793111097,170.36322793111097,10.57209774014462
single-blocker,12,111,known,160,0.0,90.0,280.0,196.4988588936652,196.4988588936652,11.009796178959807
single-blocker,12,111,known,192,0.0,108.0,338.0,221.46123071147963,221.46123071147963,11.389498329374995
single-blocker,12,111,known,224,0.0,126.0,393.0,243.0905529433377,243.0905529433377,11.690780795303692
single-blocker,12,111,known,256,0.0,144.0,448.0,263.23117115669953,263.23117115669953,11.952543322524722
single-blocker,12,111,known,288,0.0,162.0,506.0,283.23911576869847,283.23911576869847,12.19785442544633
single-blocker,12,111,known,320,0.0,180.0,564.0,302.1102628379763,302.1102628379763,12.416306657049905
single-blocker,12,111,known,352,0.0,198.0,617.0,318.39221473014516,318.39221473014516,12.594483225165717
single-blocker,12,111,known,384,0.0,216.0,672.0,334.60821205533944,334.60821205533944,12.764994598249631
single-blocker,12,111,known,416,0.0,234.0,726.0,349.86468357794297,349.86468357794297,12.918872712550014
single-blocker,12,111,known,448,0.0,252.0,786.0,366.2994671975543,366.2994671975543,13.079673951694465
single-blocker,12,111,known,480,0.0,270.0,845.0,381.8270850678683,381.8270850678683,13.225702270409718
single-blocker,12,111,known,512,0.0,288.0,903.0,396.54436040369603,396.54436040369603,13.359207316972197
single-blocker,12,111,product,32,0.0,18.0,58.0,57.96821681185914,57.96821681185914,7.843203373190026
single-blocker,12,111,product,64,0.0,36.0,115.0,105.55939461546322,105.55939461546322,9.227471242035197
single-blocker,12,111,product,96,0.0,54.0,169.0,140.07667230043515,140.07667230043515,9.997156634457992
single-blocker,12,111,product,128,0.0,72.0,225.0,170.36322793111097,170.36322793111097,10.57209774014462
single-blocker,12,111,product,160,0.0,90.0,280.0,196.4988588936652,196.4988588936652,11.009796178959807
single-blocker,12,111,product,192,0.0,108.0,338.0,221.46123071147963,221.46123071147963,11.389498329374995
single-blocker,12,111,product,224,0.0,126.0,393.0,243.0905529433377,243.0905529433377,11.690780795303692
single-blocker,12,111,product,256,0.0,144.0,448.0,263.23117115669953,263.23117115669953,11.952543322524722
single-blocker,12,111,product,288,0.0,162.0,506.0,283.23911576869847,283.23911576869847,12.19785442544633
single-blocker,12,111,product,320,0.0,180.0,564.0,302.1102628379763,302.1102628379763,12.416306657049905
single-blocker,12,111,product,352,0.0,198.0,617.0,318.39221473014516,318.39221473014516,12.594483225165717
single-blocker,12,111,product,384,0.0,216.0,672.0,334.60821205533944,334.60821205533944,12.764994598249631
single-blocker,12,111,product,416,0.0,234.0,726.0,349.86468357794297,349.86468357794297,12.918872712550014
single-blocker,12,111,product,448,0.0,252.0,786.0,366.2994671975543,366.2994671975543,13.079673951694465
single-blocker,12,111,product,480,0.0,270.0,845.0,381.8270850678683,381.8270850678683,13.225702270409718
single-blocker,12,111,product,512,0.0,288.0,903.0,396.54436040369603,396.54436040369603,13.359207316972197
outcome-lag-64,14,111,prefix,32,3.5,23.0,64.0,64.0,64.0,29.444553692813738
outcome-lag-64,14,111,prefix,64,7.0,46.0,128.0,128.0,128.0,61.6092233095612
outcome-lag-64,14,111,prefix,96,10.390625,68.9375,191.78566955581098,189.13002293427206,189.13002293427206,86.30607317897977
outcome-lag-64,14,111,prefix,128,10.390625,89.9375,246.42186734034365,244.40891030031744,243.22439344488342,109.68187598880456
outcome-lag-64,14,111,prefix,160,13.34375,112.625,289.88624688374966,291.46550693121833,286.68877298828943,125.26868878132542
outcome-lag-64,14,111,prefix,192,14.546875,134.3125,331.0680731310082,337.97796871581403,327.87059923554796,140.56934599448707
outcome-lag-64,14,111,prefix,224,15.09375,155.625,366.33118255662816,380.422849394011,363.13370866116793,154.30032084076925
outcome-lag-64,14,111,prefix,256,15.09375,176.625,398.43248281850197,419.40961194532224,395.23500892304173,166.73893259916167
outcome-lag-64,14,111,prefix,288,15.09375,197.625,427.3988865031719,455.2139798781503,424.2014126077117,177.91479752872985
outcome-lag-64,14,111,prefix,320,15.09375,218.625,453.7280919029305,487.5588844164122,450.53061800747025,187.04762090188078
outcome-lag-64,14,111,prefix,352,15.09375,239.625,478.32354972130645,517.4124670456476,475.1260758258462,194.86028573848938
outcome-lag-64,14,111,prefix,384,15.09375,260.625,501.51984947322427,545.5073048500639,498.32237557776403,201.87924396518858
outcome-lag-64,14,111,prefix,416,15.09375,281.625,523.4763063123129,572.222553837471,520.2788324168527,208.52447876172621
outcome-lag-64,14,111,prefix,448,15.09375,302.625,544.430418268502,596.9115118960375,541.2329443730417,213.88407057017616
outcome-lag-64,14,111,prefix,480,15.09375,323.625,564.3095022259135,620.6779627033297,561.1120283304533,219.31566897064275
outcome-lag-64,14,111,prefix,512,15.09375,344.625,583.4562793970357,642.9198341695648,580.2588055015755,223.76257660673164
outcome-lag-64,14,111,intersection,32,3.5,23.0,64.0,64.0,64.0,29.444553692813738
outcome-lag-64,14,111,intersection,64,7.0,46.0,128.0,128.0,128.0,61.6092233095612
outcome-lag-64,14,111,intersection,96,10.171875,68.8125,191.78566955581098,189.23896925345517,189.23896925345517,86.53846754517696
outcome-lag-64,14,111,intersection,128,10.171875,89.8125,246.42186734034365,244.57617549917555,243.36719017231596,110.23979299465384
outcome-lag-64,14,111,intersection,160,11.265625,111.4375,292.4658897404084,293.7273896205675,289.41121257238063,127.96585735875763
outcome-lag-64,14,111,intersection,192,11.265625,132.4375,334.53973316364124,341.954063455814,331.4850559956135,145.37509465691704
outcome-lag-64,14,111,intersection,224,11.265625,153.4375,370.15904165626944,385.6750607173667,367.1043644882417,160.87197338204848
outcome-lag-64,14,111,intersection,256,11.265625,174.4375,401.4375645634881,423.94228644954563,398.38288739546033,173.11201026828618
outcome-lag-64,14,111,intersection,288,11.265625,195.4375,429.5234704103387,458.69872617992877,426.46879324231094,183.6957026208345
outcome-lag-64,14,111,intersection,320,11.265625,216.4375,455.54349337816893,490.6109646208402,452.4888162101412,192.50705354811643
outcome-lag-64,14,111,intersection,352,11.265625,237.4375,479.9464233704071,520.1610384669785,476.89174620237935,200.0941354697047
outcome-lag-64,14,111,intersection,384,11.265625,258.4375,503.06243163974915,548.0374666501798,500.0077544717214,206.91673562366478
outcome-lag-64,14,111,intersection,416,11.265625,279.4375,524.8582792930381,574.4438022300675,521.8036021250105,213.35498273115167
outcome-lag-64,14,111,intersection,448,11.265625,300.4375,545.7225822427667,598.9369194434164,542.6679050747391,218.57019232190936
outcome-lag-64,14,111,intersection,480,11.265625,321.4375,565.3724266386035,622.3644497508129,562.3177494705759,223.82454569812802
outcome-lag-64,14,111,intersection,512,11.265625,342.4375,584.3784890657565,644.4114890434198,581.3238118977289,228.16354537109032
outcome-lag-64,14,111,completed,32,3.5,23.0,64.0,64.0,64.0,29.444553692813738
outcome-lag-64,14,111,completed,64,8.203125,33.6875,112.0,112.0,112.0,54.54578426075405
outcome-lag-64,14,111,completed,96,14.984375,42.3125,155.78566955581098,153.78930279808057,153.78930279808057,69.00785790783424
outcome-lag-64,14,111,completed,128,17.171875,64.5625,210.6641019966595,209.21302517269606,208.03917490738036,85.3064346704736
outcome-lag-64,14,111,completed,160,17.171875,85.5625,260.69154483919147,261.5945021853605,257.9761045782022,103.7900198142368
outcome-lag-64,14,111,completed,192,18.15625,107.125,305.38873259987065,309.5504240129724,302.67329233888137,121.63267165815448
outcome-lag-64,14,111,completed,224,18.59375,128.375,343.8338477456736,354.794454318433,341.1184074846843,137.66844393412464
outcome-lag-64,14,111,completed,256,18.59375,149.375,377.04019754908234,394.9897446483044,374.32475728809305,150.51473796952502
outcome-lag-64,14,111,completed,288,18.59375,170.375,406.8413507064189,431.70941905445636,404.1259104454296,162.034099377881
outcome-lag-64,14,111,completed,320,18.59375,191.375,434.1534646300909,465.15754952816224,431.43802436910164,171.5054558405908
outcome-lag-64,14,111,completed,352,18.59375,212.375,459.6016010600495,496.0014050434819,456.88616079906024,179.64030655112234
outcome-lag-64,14,111,completed,384,18.59375,233.375,483.59278529661316,524.9936439455158,480.8773450356239,186.9256331615697
outcome-lag-64,14,111,completed,416,18.59375,254.375,506.1174084660148,552.3296331198256,503.4019682050255,193.74160847168324
outcome-lag-64,14,111,completed,448,18.59375,275.375,527.6158643621711,577.5868628544713,524.9004241011818,199.22532746365113
outcome-lag-64,14,111,completed,480,18.59375,296.375,547.787048439109,601.6717399664336,545.0716081781196,204.73118263753236
outcome-lag-64,14,111,completed,512,18.59375,317.375,567.2623335981149,624.2743698276033,564.5468933371255,209.24781863550078
outcome-lag-64,14,111,plugin,32,4.6484375,8.71875,45.0,45.0,45.0,19.706030492251568
outcome-lag-64,14,111,plugin,64,13.3984375,8.71875,77.0,77.0,77.0,33.32666829089221
outcome-lag-64,14,111,plugin,96,16.109375,20.0625,126.785669555811,124.81990178457936,124.81990178457936,52.02344319221597
outcome-lag-64,14,111,plugin,128,16.609375,35.0625,174.1469079292521,173.01256120653667,171.8643944138543,74.25311040642265
outcome-lag-64,14,111,plugin,160,17.109375,50.0625,217.0051009653404,218.2610440443396,214.7225874499426,94.37562600756276
outcome-lag-64,14,111,plugin,192,17.609375,65.0625,255.43633920216675,262.9141058424155,253.15382568676895,111.52969084065063
outcome-lag-64,14,111,plugin,224,18.109375,80.0625,285.7274168693962,301.095847144442,283.44490335399837,126.12901181529364
outcome-lag-64,14,111,plugin,256,18.609375,95.0625,311.98815749908096,333.95307316879655,309.7056439836831,137.3159932638824
outcome-lag-64,14,111,plugin,288,19.109375,110.0625,336.43948028104677,364.69404324919464,334.1569667656489,147.09387486426988
outcome-lag-64,14,111,plugin,320,19.609375,125.0625,356.6685005899909,390.2054114433594,354.38598707459306,154.83844746546544
outcome-lag-64,14,111,plugin,352,20.109375,140.0625,375.5456695722858,413.51581201432816,373.26315605688796,161.2797992980328
outcome-lag-64,14,111,plugin,384,20.609375,155.0625,392.93521921539013,435.08079727803397,390.6527056999923,167.09087152898115
outcome-lag-64,14,111,plugin,416,21.109375,170.0625,410.52710962757476,456.97608745642293,408.24459611217696,172.89952725791517
outcome-lag-64,14,111,plugin,448,21.609375,185.0625,426.9397515849175,476.82611631399726,424.6572380695197,177.6271212599539
outcome-lag-64,14,111,plugin,480,22.109375,200.0625,444.3561273571022,497.92344249295036,442.0736138417044,182.65471974220105
outcome-lag-64,14,111,plugin,512,22.609375,215.0625,460.43287544072024,516.8751108303222,458.15036192532244,186.72187374932656
outcome-lag-64,14,111,safe,32,8.75,0.0,32.0,32.0,32.0,10.751665412886492
outcome-lag-64,14,111,safe,64,17.5,0.0,64.0,64.0,64.0,24.37230321152714
outcome-lag-64,14,111,safe,96,26.25,0.0,95.785669555811,93.81990178457936,93.81990178457936,35.6292394688593
outcome-lag-64,14,111,safe,128,35.0,0.0,120.14690792925225,119.01256120653666,117.86439441385438,44.86062867292471
outcome-lag-64,14,111,safe,160,43.75,0.0,139.00510096534052,140.26104404433954,136.7225874499426,52.05411134320833
outcome-lag-64,14,111,safe,192,52.5,0.0,154.88001722116636,158.72955671720197,152.59750370576845,57.820011811223935
outcome-lag-64,14,111,safe,224,61.25,0.0,168.89651705413667,175.81275662632876,166.61400353873876,63.22453736221764
outcome-lag-64,14,111,safe,256,70.0,0.0,181.57689749545884,190.87514167318886,179.29438398006093,67.4184348073916
outcome-lag-64,14,111,safe,288,78.75,0.0,193.21974006518226,204.81178567799333,190.93722654978436,71.1484316498712
outcome-lag-64,14,111,safe,320,87.5,0.0,204.0714920106629,218.24961388833958,201.78897849526498,74.93351208559835
outcome-lag-64,14,111,safe,352,96.25,0.0,214.25871613642343,230.3341985652213,211.97620262102552,77.83780232870198
outcome-lag-64,14,111,safe,384,105.0,0.0,223.89237793911252,241.5249442157356,221.6098644237146,80.25745684916768
outcome-lag-64,14,111,safe,416,113.75,0.0,233.05840437447458,252.3564812252204,230.77589085907667,82.67682322611634
outcome-lag-64,14,111,safe,448,122.5,0.0,241.81242464353707,262.5304654128009,239.52991112813916,84.75679945388902
outcome-lag-64,14,111,safe,480,131.25,0.0,250.21645673165844,272.30062267615153,247.93394321626053,86.71752903482223
outcome-lag-64,14,111,safe,512,140.0,0.0,258.30133425922435,281.6849648487827,256.0188207438263,88.54896376113176
outcome-lag-64,14,111,known,32,0.0,21.0,64.0,64.0,64.0,29.899882989083945
outcome-lag-64,14,111,known,64,0.0,42.0,128.0,128.0,128.0,63.41895569609015
outcome-lag-64,14,111,known,96,0.0,63.0,191.78566955581098,189.8199017845794,189.8199017845794,92.61299056620504
outcome-lag-64,14,111,known,128,0.0,84.0,246.74321421576403,246.98627047533688,244.46070070036632,115.4993334117358
outcome-lag-64,14,111,known,160,0.0,105.0,290.75860685095597,297.0728495248,288.47609333555823,132.94841085684664
outcome-lag-64,14,111,known,192,0.0,126.0,327.318652278017,340.96455038495844,325.03613876261926,147.71680340643653
outcome-lag-64,14,111,known,224,0.0,147.0,360.296271075658,381.7150136728973,358.01375756026033,160.90874379226028
outcome-lag-64,14,111,known,256,0.0,168.0,390.16533996502915,417.98759799626265,387.88282644963147,171.52757535770203
outcome-lag-64,14,111,known,288,0.0,189.0,417.0758355316622,450.96012247857914,414.79332201626454,180.88982564432288
outcome-lag-64,14,111,known,320,0.0,210.0,443.4219921116033,482.9044551357875,441.1394785962056,189.32742918593243
outcome-lag-64,14,111,known,352,0.0,231.0,468.1833037039469,512.5902140075776,465.9007901885492,196.70847743780308
outcome-lag-64,14,111,known,384,0.0,252.0,491.79712186622305,540.6474124159478,489.51460835082537,203.30400250368783
outcome-lag-64,14,111,known,416,0.0,273.0,513.6398612946393,566.7235862356312,511.35734777924176,209.37348045846048
outcome-lag-64,14,111,known,448,0.0,294.0,534.6714026760054,591.0964132010131,532.3858006152996,214.32392871674992
outcome-lag-64,14,111,known,480,0.0,315.0,553.9183521529271,613.8377832713547,551.6327500922213,219.17777784539444
outcome-lag-64,14,111,known,512,0.0,336.0,572.7569284067669,635.5855866483822,570.471326346061,223.28670121374216
outcome-lag-64,14,111,product,32,0.0,21.0,64.0,64.0,64.0,29.899882989083945
outcome-lag-64,14,111,product,64,0.0,42.0,128.0,128.0,128.0,63.41895569609015
outcome-lag-64,14,111,product,96,0.0,63.0,191.78566955581098,189.8199017845794,189.8199017845794,92.61299056620504
outcome-lag-64,14,111,product,128,0.0,84.0,246.74321421576403,246.98627047533688,244.46070070036632,115.4993334117358
outcome-lag-64,14,111,product,160,0.0,105.0,290.75860685095597,297.0728495248,288.47609333555823,132.94841085684664
outcome-lag-64,14,111,product,192,0.0,126.0,327.318652278017,340.96455038495844,325.03613876261926,147.71680340643653
outcome-lag-64,14,111,product,224,0.0,147.0,360.296271075658,381.7150136728973,358.01375756026033,160.90874379226028
outcome-lag-64,14,111,product,256,0.0,168.0,390.16533996502915,417.98759799626265,387.88282644963147,171.52757535770203
outcome-lag-64,14,111,product,288,0.0,189.0,417.0758355316622,450.96012247857914,414.79332201626454,180.88982564432288
outcome-lag-64,14,111,product,320,0.0,210.0,443.4219921116033,482.9044551357875,441.1394785962056,189.32742918593243
outcome-lag-64,14,111,product,352,0.0,231.0,468.1833037039469,512.5902140075776,465.9007901885492,196.70847743780308
outcome-lag-64,14,111,product,384,0.0,252.0,491.79712186622305,540.6474124159478,489.51460835082537,203.30400250368783
outcome-lag-64,14,111,product,416,0.0,273.0,513.6398612946393,566.7235862356312,511.35734777924176,209.37348045846048
outcome-lag-64,14,111,product,448,0.0,294.0,534.6714026760054,591.0964132010131,532.3858006152996,214.32392871674992
outcome-lag-64,14,111,product,480,0.0,315.0,553.9183521529271,613.8377832713547,551.6327500922213,219.17777784539444
outcome-lag-64,14,111,product,512,0.0,336.0,572.7569284067669,635.5855866483822,570.471326346061,223.28670121374216
single-blocker,14,111,prefix,32,3.5,23.0,64.0,63.96821681185914,63.96821681185914,10.25320337319003
single-blocker,14,111,prefix,64,7.0,46.0,128.0,119.02559570213985,119.02559570213985,12.438625405332216
single-blocker,14,111,prefix,96,10.5,69.0,192.0,163.07667230043512,163.07667230043512,13.68796988467527
single-blocker,14,111,prefix,128,14.0,92.0,256.0,199.98586393789378,199.98586393789378,14.494168863480882
single-blocker,14,111,prefix,160,17.5,115.0,320.0,233.72125077172885,233.72125077172885,15.168995284289815
single-blocker,14,111,prefix,192,21.0,138.0,384.0,265.69955779891905,265.69955779891905,15.784446444926322
single-blocker,14,111,prefix,224,24.5,161.0,448.0,293.54733550885476,293.54733550885476,16.24062425870564
single-blocker,14,111,prefix,256,28.0,184.0,512.0,321.2230590549917,321.2230590549917,16.70132008162614
single-blocker,14,111,prefix,288,31.5,207.0,576.0,345.97069664129515,345.97069664129515,17.062619902437838
single-blocker,14,111,prefix,320,35.0,230.0,640.0,368.60224125424037,368.60224125424037,17.36103833357458
single-blocker,14,111,prefix,352,38.5,253.0,704.0,390.3663045989075,390.3663045989075,17.639555246695437
single-blocker,14,111,prefix,384,42.0,276.0,768.0,410.9149372236562,410.9149372236562,17.887108895311286
single-blocker,14,111,prefix,416,45.5,299.0,832.0,431.98925357502526,431.98925357502526,18.154803073860553
single-blocker,14,111,prefix,448,49.0,322.0,896.0,450.92691366920866,450.92691366920866,18.364974009420827
single-blocker,14,111,prefix,480,52.5,345.0,960.0,469.61921391934555,469.61921391934555,18.5724248589264
single-blocker,14,111,prefix,512,56.0,368.0,1024.0,488.67392130048336,488.67392130048336,18.791796121798313
single-blocker,14,111,intersection,32,3.5,23.0,64.0,63.96821681185914,63.96821681185914,10.25320337319003
single-blocker,14,111,intersection,64,5.140625,44.9375,128.0,120.21829187074779,120.21829187074779,12.652748367497793
single-blocker,14,111,intersection,96,8.3125,67.75,192.0,165.87228059814498,165.87228059814498,13.87522451551494
single-blocker,14,111,intersection,128,11.703125,90.6875,256.0,203.32040538380136,203.32040538380136,14.665675625443567
single-blocker,14,111,intersection,160,12.25,112.0,320.0,240.4209149593548,240.4209149593548,15.467813009030237
single-blocker,14,111,intersection,192,12.25,133.0,384.0,273.3410256906587,273.3410256906587,16.088883000354816
single-blocker,14,111,intersection,224,12.25,154.0,448.0,302.406324291227,302.406324291227,16.56782734925153
single-blocker,14,111,intersection,256,12.25,175.0,512.0,329.0700591678754,329.0700591678754,16.970123191645126
single-blocker,14,111,intersection,288,12.25,196.0,576.0,353.7990775162383,353.7990775162383,17.315980862646914
single-blocker,14,111,intersection,320,12.25,217.0,640.0,377.25391214073886,377.25391214073886,17.628204185123966
single-blocker,14,111,intersection,352,12.25,238.0,704.0,399.52709215386415,399.52709215386415,17.910259766712635
single-blocker,14,111,intersection,384,12.25,259.0,768.0,420.8419747353622,420.8419747353622,18.169154545132916
single-blocker,14,111,intersection,416,12.25,280.0,832.0,441.087700678475,441.087700678475,18.40253090599566
single-blocker,14,111,intersection,448,12.25,301.0,896.0,460.6029918239955,460.6029918239955,18.61991701139167
single-blocker,14,111,intersection,480,12.25,322.0,960.0,479.04629222067996,479.04629222067996,18.813211596985667
single-blocker,14,111,intersection,512,12.25,343.0,1024.0,496.977618505556,496.977618505556,18.99675166135124
single-blocker,14,111,completed,32,3.5,23.0,64.0,63.96821681185914,63.96821681185914,10.25320337319003
single-blocker,14,111,completed,64,4.703125,44.6875,128.0,120.68345867134035,120.68345867134035,12.716100453728986
single-blocker,14,111,completed,96,7.984375,67.5625,192.0,166.71943739604353,166.71943739604353,13.921408562203014
single-blocker,14,111,completed,128,11.484375,90.5625,256.0,204.29827838198472,204.29827838198472,14.713460142565749
single-blocker,14,111,completed,160,11.703125,111.6875,320.0,241.10105053108032,241.10105053108032,15.496408145430086
single-blocker,14,111,completed,192,11.703125,132.6875,384.0,273.5766708068219,273.5766708068219,16.097755677196353
single-blocker,14,111,completed,224,11.703125,153.6875,448.0,302.4433209645712,302.4433209645712,16.569115127588113
single-blocker,14,111,completed,256,11.703125,174.6875,512.0,328.9793910497656,328.9793910497656,16.96716324143237
single-blocker,14,111,completed,288,11.703125,195.6875,576.0,353.5956412404671,353.5956412404671,17.309685503202232
single-blocker,14,111,completed,320,11.703125,216.6875,640.0,377.025701196082,377.025701196082,17.621482951599468
single-blocker,14,111,completed,352,11.703125,237.6875,704.0,399.28189859552947,399.28189859552947,17.903354145138913
single-blocker,14,111,completed,384,11.703125,258.6875,768.0,420.59364813244764,420.59364813244764,18.16244470703785
single-blocker,14,111,completed,416,11.703125,279.6875,832.0,440.81516785038707,440.81516785038707,18.395429746883035
single-blocker,14,111,completed,448,11.703125,300.6875,896.0,460.31895980797196,460.31895980797196,18.612765141321887
single-blocker,14,111,completed,480,11.703125,321.6875,960.0,478.7220650448415,478.7220650448415,18.805276289172838
single-blocker,14,111,completed,512,11.703125,342.6875,1024.0,496.6322961535774,496.6322961535774,18.988530764056904
single-blocker,14,111,plugin,32,1.859375,22.0625,64.0,63.96821681185914,63.96821681185914,10.646931473211035
single-blocker,14,111,plugin,64,4.265625,44.4375,128.0,120.81662176040322,120.81662176040322,12.732126094754634
single-blocker,14,111,plugin,96,5.140625,65.9375,192.0,168.29175461582054,168.29175461582054,14.00515828295729
single-blocker,14,111,plugin,128,5.140625,86.9375,256.0,207.8331847646056,207.8331847646056,14.879632039782821
single-blocker,14,111,plugin,160,5.140625,107.9375,320.0,242.0517425057432,242.0517425057432,15.535890117517443
single-blocker,14,111,plugin,192,5.140625,128.9375,384.0,272.3242904475171,272.3242904475171,16.050270409817998
single-blocker,14,111,plugin,224,5.140625,149.9375,448.0,300.3131283750252,300.3131283750252,16.493970334024862
single-blocker,14,111,plugin,256,5.140625,170.9375,512.0,326.2959847846878,326.2959847846878,16.878086585486194
single-blocker,14,111,plugin,288,5.140625,191.9375,576.0,350.3390154632497,350.3390154632497,17.206890119829865
single-blocker,14,111,plugin,320,5.140625,212.9375,640.0,373.8270092445746,373.8270092445746,17.52549624645316
single-blocker,14,111,plugin,352,5.140625,233.9375,704.0,396.14670450359114,396.14670450359114,17.81348123601738
single-blocker,14,111,plugin,384,5.140625,254.9375,768.0,417.59298590728673,417.59298590728673,18.080034735905457
single-blocker,14,111,plugin,416,5.140625,275.9375,832.0,437.74819672052536,437.74819672052536,18.314213714067726
single-blocker,14,111,plugin,448,5.140625,296.9375,896.0,457.26597563319535,457.26597563319535,18.53468098862507
single-blocker,14,111,plugin,480,5.140625,317.9375,960.0,475.43365773310035,475.43365773310035,18.72345626054401
single-blocker,14,111,plugin,512,5.140625,338.9375,1024.0,493.2494540273788,493.2494540273788,18.906651345031474
single-blocker,14,111,safe,32,8.75,0.0,32.0,31.968216811859147,31.968216811859147,4.02724519543652
single-blocker,14,111,safe,64,17.5,0.0,64.0,57.42435623340214,57.42435623340214,4.7282659037057675
single-blocker,14,111,safe,96,26.25,0.0,96.0,76.78319682780861,76.78319682780861,5.136346480888775
single-blocker,14,111,safe,128,35.0,0.0,128.0,93.03345515740088,93.03345515740088,5.425334592589174
single-blocker,14,111,safe,160,43.75,0.0,160.0,107.31238195727079,107.31238195727079,5.649261224939744
single-blocker,14,111,safe,192,52.5,0.0,192.0,120.1978375468853,120.1978375468853,5.832104609707439
single-blocker,14,111,safe,224,61.25,0.0,224.0,132.0310352083931,132.0310352083931,5.986627913082163
single-blocker,14,111,safe,256,70.0,0.0,256.0,143.03333360981438,143.03333360981438,6.120438712817281
single-blocker,14,111,safe,288,78.75,0.0,288.0,153.35798108855585,153.35798108855585,6.238439029233648
single-blocker,14,111,safe,320,87.5,0.0,320.0,163.1162631808352,163.1162631808352,6.343973346894013
single-blocker,14,111,safe,352,96.25,0.0,352.0,172.39200998111025,172.39200998111025,6.43942571339101
single-blocker,14,111,safe,384,105.0,0.0,384.0,181.25023096678382,181.25023096678382,6.5265555690159704
single-blocker,14,111,safe,416,113.75,0.0,416.0,189.74254455085054,189.74254455085054,6.6066985205464555
single-blocker,14,111,safe,448,122.5,0.0,448.0,197.91074640079475,197.91074640079475,6.680892410683006
single-blocker,14,111,safe,480,131.25,0.0,480.0,205.78924141297622,205.78924141297622,6.7499597404471405
single-blocker,14,111,safe,512,140.0,0.0,512.0,213.40675252840046,213.40675252840046,6.81456340954972
single-blocker,14,111,known,32,0.0,21.0,64.0,63.96821681185914,63.96821681185914,10.501572154167507
single-blocker,14,111,known,64,0.0,42.0,128.0,120.53907305509674,120.53907305509674,12.697622192859425
single-blocker,14,111,known,96,0.0,63.0,192.0,165.87228059814495,165.87228059814495,13.875224515514942
single-blocker,14,111,known,128,0.0,84.0,256.0,204.59375155326944,204.59375155326944,14.727737531843147
single-blocker,14,111,known,160,0.0,105.0,320.0,238.34068724647796,238.34068724647796,15.37846867392352
single-blocker,14,111,known,192,0.0,126.0,384.0,267.96376360618405,267.96376360618405,15.878236723060994
single-blocker,14,111,known,224,0.0,147.0,448.0,295.97844335584216,295.97844335584216,16.33439357060404
single-blocker,14,111,known,256,0.0,168.0,512.0,322.02794764761666,322.02794764761666,16.730145104454845
single-blocker,14,111,known,288,0.0,189.0,576.0,345.9706966412952,345.9706966412952,17.06261990243782
single-blocker,14,111,known,320,0.0,210.0,640.0,369.8149154480396,369.8149154480396,17.40010959358332
single-blocker,14,111,known,352,0.0,231.0,704.0,392.422222479512,392.422222479512,17.702706005136292
single-blocker,14,111,known,384,0.0,252.0,768.0,414.16388224192644,414.16388224192644,17.98269242506546
single-blocker,14,111,known,416,0.0,273.0,832.0,434.41087157938557,434.41087157938557,18.222985897613647
single-blocker,14,111,known,448,0.0,294.0,896.0,454.0604647390307,454.0604647390307,18.450200350166217
single-blocker,14,111,known,480,0.0,315.0,960.0,472.1366445852104,472.1366445852104,18.63885925464834
single-blocker,14,111,known,512,0.0,336.0,1024.0,489.9612759870165,489.9612759870165,18.824610647774694
single-blocker,14,111,product,32,0.0,21.0,64.0,63.96821681185914,63.96821681185914,10.501572154167507
single-blocker,14,111,product,64,0.0,42.0,128.0,120.53907305509674,120.53907305509674,12.697622192859425
single-blocker,14,111,product,96,0.0,63.0,192.0,165.87228059814495,165.87228059814495,13.875224515514942
single-blocker,14,111,product,128,0.0,84.0,256.0,204.59375155326944,204.59375155326944,14.727737531843147
single-blocker,14,111,product,160,0.0,105.0,320.0,238.34068724647796,238.34068724647796,15.37846867392352
single-blocker,14,111,product,192,0.0,126.0,384.0,267.96376360618405,267.96376360618405,15.878236723060994
single-blocker,14,111,product,224,0.0,147.0,448.0,295.97844335584216,295.97844335584216,16.33439357060404
single-blocker,14,111,product,256,0.0,168.0,512.0,322.02794764761666,322.02794764761666,16.730145104454845
single-blocker,14,111,product,288,0.0,189.0,576.0,345.9706966412952,345.9706966412952,17.06261990243782
single-blocker,14,111,product,320,0.0,210.0,640.0,369.8149154480396,369.8149154480396,17.40010959358332
single-blocker,14,111,product,352,0.0,231.0,704.0,392.422222479512,392.422222479512,17.702706005136292
single-blocker,14,111,product,384,0.0,252.0,768.0,414.16388224192644,414.16388224192644,17.98269242506546
single-blocker,14,111,product,416,0.0,273.0,832.0,434.41087157938557,434.41087157938557,18.222985897613647
single-blocker,14,111,product,448,0.0,294.0,896.0,454.0604647390307,454.0604647390307,18.450200350166217
single-blocker,14,111,product,480,0.0,315.0,960.0,472.1366445852104,472.1366445852104,18.63885925464834
single-blocker,14,111,product,512,0.0,336.0,1024.0,489.9612759870165,489.9612759870165,18.824610647774694
outcome-lag-64,16,111,prefix,32,0.0,21.0,64.0,64.0,64.0,42.22821124402985
outcome-lag-64,16,111,prefix,64,0.0,42.0,128.0,128.0,128.0,83.61926186569406
outcome-lag-64,16,111,prefix,96,0.0,63.0,191.87090661032306,191.56620917198347,191.56620917198347,117.19220349723153
outcome-lag-64,16,111,prefix,128,2.40625,85.375,247.84774597775467,250.2493367489862,247.47414690903884,141.1152279414963
outcome-lag-64,16,111,prefix,160,3.9375,107.25,293.86202681433804,301.64837318763364,293.2454876787949,158.30144726032563
outcome-lag-64,16,111,prefix,192,3.9375,128.25,331.78204133786767,346.041414772863,330.74398538628316,172.588102772884
outcome-lag-64,16,111,prefix,224,3.9375,149.25,364.65995746004296,386.52776291241156,363.62190150845845,185.73292969272566
outcome-lag-64,16,111,prefix,256,3.9375,170.25,394.81881638636315,422.5590201439954,393.78076043477864,195.8593520942123
outcome-lag-64,16,111,prefix,288,3.9375,191.25,422.21974968792307,456.17217326047995,421.18169373633856,205.4576162962378
outcome-lag-64,16,111,prefix,320,3.9375,212.25,447.26323503515846,487.6315032878115,446.22517908357395,214.70940039335494
outcome-lag-64,16,111,prefix,352,3.9375,233.25,471.8408878489222,517.0145715003266,470.8028318973377,221.83531760468594
outcome-lag-64,16,111,prefix,384,3.9375,254.25,494.1474681617288,543.9841044693917,493.1094122101443,228.48951925976064
outcome-lag-64,16,111,prefix,416,3.9375,275.25,515.7143621974055,569.6650792886855,514.676306245821,234.37486992493922
outcome-lag-64,16,111,prefix,448,3.9375,296.25,536.2760631661151,594.273406834585,535.2380072145306,239.93326509995634
outcome-lag-64,16,111,prefix,480,3.9375,317.25,556.3629075863893,618.148027762626,555.3248516348048,245.1173089702519
outcome-lag-64,16,111,prefix,512,3.9375,338.25,575.0696732151576,640.5765787262551,574.0316172635731,250.07095624375813
outcome-lag-64,16,111,intersection,32,0.0,21.0,64.0,64.0,64.0,42.22821124402985
outcome-lag-64,16,111,intersection,64,0.0,42.0,128.0,128.0,128.0,83.61926186569406
outcome-lag-64,16,111,intersection,96,0.0,63.0,191.87090661032306,191.56620917198347,191.56620917198347,117.19220349723153
outcome-lag-64,16,111,intersection,128,2.40625,85.375,247.84774597775467,250.2493367489862,247.47414690903884,141.1152279414963
outcome-lag-64,16,111,intersection,160,3.9375,107.25,293.86202681433804,301.64837318763364,293.2454876787949,158.30144726032563
outcome-lag-64,16,111,intersection,192,3.9375,128.25,331.78204133786767,346.041414772863,330.74398538628316,172.588102772884
outcome-lag-64,16,111,intersection,224,3.9375,149.25,364.65995746004296,386.52776291241156,363.62190150845845,185.73292969272566
outcome-lag-64,16,111,intersection,256,3.9375,170.25,394.81881638636315,422.5590201439954,393.78076043477864,195.8593520942123
outcome-lag-64,16,111,intersection,288,3.9375,191.25,422.21974968792307,456.17217326047995,421.18169373633856,205.4576162962378
outcome-lag-64,16,111,intersection,320,3.9375,212.25,447.26323503515846,487.6315032878115,446.22517908357395,214.70940039335494
outcome-lag-64,16,111,intersection,352,3.9375,233.25,471.8408878489222,517.0145715003266,470.8028318973377,221.83531760468594
outcome-lag-64,16,111,intersection,384,3.9375,254.25,494.1474681617288,543.9841044693917,493.1094122101443,228.48951925976064
outcome-lag-64,16,111,intersection,416,3.9375,275.25,515.7143621974055,569.6650792886855,514.676306245821,234.37486992493922
outcome-lag-64,16,111,intersection,448,3.9375,296.25,536.2760631661151,594.273406834585,535.2380072145306,239.93326509995634
outcome-lag-64,16,111,intersection,480,3.9375,317.25,556.3629075863893,618.148027762626,555.3248516348048,245.1173089702519
outcome-lag-64,16,111,intersection,512,3.9375,338.25,575.0696732151576,640.5765787262551,574.0316172635731,250.07095624375813
outcome-lag-64,16,111,completed,32,0.0,21.0,64.0,64.0,64.0,42.22821124402985
outcome-lag-64,16,111,completed,64,0.2734375,41.34375,127.0,127.0,127.0,82.86926186569406
outcome-lag-64,16,111,completed,96,3.5546875,62.59375,188.87090661032306,188.56620917198347,188.56620917198347,113.69405298838083
outcome-lag-64,16,111,completed,128,3.5546875,83.59375,242.57556610498736,246.8361224996329,242.20196703627153,137.19786067844046
outcome-lag-64,16,111,completed,160,3.5546875,104.59375,287.0082525315773,299.3183844226309,286.5796521417988,156.34596669911187
outcome-lag-64,16,111,completed,192,3.5546875,125.59375,325.081121611473,346.0638927450273,324.63110673660606,172.84540609743175
outcome-lag-64,16,111,completed,224,3.5546875,146.59375,358.0491398999096,386.78045928847723,357.59912502504267,186.16412850423018
outcome-lag-64,16,111,completed,256,3.5546875,167.59375,388.3823153709505,422.9324153384111,387.93230049608354,196.25842463882597
outcome-lag-64,16,111,completed,288,3.5546875,188.59375,415.8673520143578,456.57829933054745,415.4173371394908,205.8102974602313
outcome-lag-64,16,111,completed,320,3.5546875,209.59375,440.9070946185323,487.9695064860845,440.45707974366536,214.98696182656565
outcome-lag-64,16,111,completed,352,3.5546875,230.59375,465.66661245036823,517.5262925962934,465.2165975755013,222.13152625440514
outcome-lag-64,16,111,completed,384,3.5546875,251.59375,488.00183387137065,544.5110993219588,487.5518189965037,228.7739626058869
outcome-lag-64,16,111,completed,416,3.5546875,272.59375,509.63898500246205,570.2384136151627,509.1889701275951,234.6447822282168
outcome-lag-64,16,111,completed,448,3.5546875,293.59375,530.2581742248093,594.883461699514,529.8081593499423,240.18352195226922
outcome-lag-64,16,111,completed,480,3.5546875,314.59375,550.437734822946,618.8393001405971,549.9877199480791,245.3706236552927
outcome-lag-64,16,111,completed,512,3.5546875,335.59375,569.1700638162204,641.2760893879152,568.7200489413534,250.30962122728812
outcome-lag-64,16,111,plugin,32,4.1484375,10.59375,49.0,49.0,49.0,31.904276591650934
outcome-lag-64,16,111,plugin,64,10.0703125,15.40625,88.0,88.0,88.0,56.695728637494604
outcome-lag-64,16,111,plugin,96,10.390625,35.1875,150.87090661032306,150.56620917198347,150.56620917198347,87.65951318957909
outcome-lag-64,16,111,plugin,128,10.46875,55.25,206.33015728245047,208.37704446894472,205.95655821373464,115.46524207560087
outcome-lag-64,16,111,plugin,160,10.546875,75.3125,255.55175995142528,262.142262505783,255.17816088270948,138.59222787841637
outcome-lag-64,16,111,plugin,192,10.546875,96.3125,297.24888115468707,312.35863048937836,296.87528208597126,156.95484442218194
outcome-lag-64,16,111,plugin,224,10.546875,117.3125,333.1856488460611,355.9559160283851,332.8120497773453,171.72436425055997
outcome-lag-64,16,111,plugin,256,10.546875,138.3125,366.5488195059726,395.16460304486213,366.17522043725677,182.9940241759098
outcome-lag-64,16,111,plugin,288,10.546875,159.3125,396.0233744824795,430.9313685008526,395.6497754137637,193.3470292335975
outcome-lag-64,16,111,plugin,320,10.546875,180.3125,422.32281433878717,463.7271335610919,421.9489809067103,203.06884120384396
outcome-lag-64,16,111,plugin,352,10.546875,201.3125,448.7739794399392,495.2047933947594,448.4001460078623,210.86291174692263
outcome-lag-64,16,111,plugin,384,10.546875,222.3125,472.0444667972025,523.3013354699915,471.67063336512564,217.9222632871836
outcome-lag-64,16,111,plugin,416,10.546875,243.3125,494.6351193009536,550.0477109486596,494.2612858688767,224.0774210198062
outcome-lag-64,16,111,plugin,448,10.546875,264.3125,516.0463408466726,575.5795849840385,515.6725074145957,229.85016627497745
outcome-lag-64,16,111,plugin,480,10.546875,285.3125,537.0706417616294,600.4824909542233,536.6968083295525,235.30981506744868
outcome-lag-64,16,111,plugin,512,10.546875,306.3125,556.344238467671,623.552081308508,555.970405035594,240.44255095891998
outcome-lag-64,16,111,safe,32,8.75,0.0,32.0,32.0,32.0,18.783244845619187
outcome-lag-64,16,111,safe,64,17.5,0.0,64.0,64.0,64.0,37.81155170331768
outcome-lag-64,16,111,safe,96,26.25,0.0,95.87090661032305,95.56620917198347,95.56620917198347,52.77775769226604
outcome-lag-64,16,111,safe,128,35.0,0.0,120.33015728245053,122.37704446894473,119.95655821373468,63.62732277133541
outcome-lag-64,16,111,safe,160,43.75,0.0,139.22873590258885,145.142262505783,138.85513683387302,72.33754064065437
outcome-lag-64,16,111,safe,192,52.5,0.0,155.1580045093724,164.93549322078644,154.78440544065657,79.42815915081093
outcome-lag-64,16,111,safe,224,61.25,0.0,169.18460024110868,181.77893453125262,168.81100117239285,84.59292610314401
outcome-lag-64,16,111,safe,256,70.0,0.0,181.85746541046097,196.11912535199494,181.48386634174514,88.0646293222002
outcome-lag-64,16,111,safe,288,78.75,0.0,193.4886138132121,209.97602433244356,193.11501474449628,91.71488114032385
outcome-lag-64,16,111,safe,320,87.5,0.0,204.33816061753546,223.06023464972594,203.96456154881963,95.14634368298724
outcome-lag-64,16,111,safe,352,96.25,0.0,214.52373366422205,234.71697229937294,214.15013459550622,97.62278689885609
outcome-lag-64,16,111,safe,384,105.0,0.0,224.1286019751851,246.04420156494854,223.75500290646926,100.178925034383
outcome-lag-64,16,111,safe,416,113.75,0.0,233.2994416425486,257.025568606259,232.92584257383277,102.74812144315736
outcome-lag-64,16,111,safe,448,122.5,0.0,242.05855576799343,267.4027456192681,241.6849566992776,105.03129049635868
outcome-lag-64,16,111,safe,480,131.25,0.0,250.46159560192012,277.2775518993301,250.0879965332043,107.09666909400329
outcome-lag-64,16,111,safe,512,140.0,0.0,258.54774625902445,286.6807661336953,258.17414719030864,108.94697588204681
outcome-lag-64,16,111,known,32,0.0,21.0,64.0,64.0,64.0,42.22821124402985
outcome-lag-64,16,111,known,64,0.0,42.0,128.0,128.0,128.0,83.61926186569406
outcome-lag-64,16,111,known,96,0.0,63.0,191.87090661032306,191.56620917198347,191.56620917198347,117.19220349723153
outcome-lag-64,16,111,known,128,0.0,84.0,245.58334316928273,250.08945819486988,245.2097441005669,142.70142853255575
outcome-lag-64,16,111,known,160,0.0,105.0,289.3258138677692,302.1653853332409,288.9359861230865,162.00252068729037
outcome-lag-64,16,111,known,192,0.0,126.0,327.25197175287894,348.4016032037247,326.828954548651,177.8013123412014
outcome-lag-64,16,111,known,224,0.0,147.0,360.0770908900788,388.5499179411954,359.65407368585085,190.5953483997278
outcome-lag-64,16,111,known,256,0.0,168.0,390.7147240997918,424.7264686088008,390.29170689556383,200.45681297292785
outcome-lag-64,16,111,known,288,0.0,189.0,418.2359345928808,458.1652025106701,417.81291738865286,209.74520797618575
outcome-lag-64,16,111,known,320,0.0,210.0,443.075253284885,489.082929226198,442.652236080657,218.57922605647784
outcome-lag-64,16,111,known,352,0.0,231.0,468.1862396697244,518.9028652708381,467.7632224654964,225.68935668314606
outcome-lag-64,16,111,known,384,0.0,252.0,490.45158739517115,545.7289305525493,490.0285701909432,232.22047057192805
outcome-lag-64,16,111,known,416,0.0,273.0,512.1499394258742,571.4109887268468,511.7269222216463,237.98968663447013
outcome-lag-64,16,111,known,448,0.0,294.0,532.8054145928307,595.9958126400089,532.3823973886028,243.41548080360923
outcome-lag-64,16,111,known,480,0.0,315.0,553.1282830186454,620.0272009396541,552.7052658144175,248.55979514787063
outcome-lag-64,16,111,known,512,0.0,336.0,571.8302365612241,642.3504481501939,571.4072193569962,253.40807089215198
outcome-lag-64,16,111,product,32,0.0,21.0,64.0,64.0,64.0,42.22821124402985
outcome-lag-64,16,111,product,64,0.0,42.0,128.0,128.0,128.0,83.61926186569406
outcome-lag-64,16,111,product,96,0.0,63.0,191.87090661032306,191.56620917198347,191.56620917198347,117.19220349723153
outcome-lag-64,16,111,product,128,0.0,84.0,245.58334316928273,250.08945819486988,245.2097441005669,142.70142853255575
outcome-lag-64,16,111,product,160,0.0,105.0,289.3258138677692,302.1653853332409,288.9359861230865,162.00252068729037
outcome-lag-64,16,111,product,192,0.0,126.0,327.25197175287894,348.4016032037247,326.828954548651,177.8013123412014
outcome-lag-64,16,111,product,224,0.0,147.0,360.0770908900788,388.5499179411954,359.65407368585085,190.5953483997278
outcome-lag-64,16,111,product,256,0.0,168.0,390.7147240997918,424.7264686088008,390.29170689556383,200.45681297292785
outcome-lag-64,16,111,product,288,0.0,189.0,418.2359345928808,458.1652025106701,417.81291738865286,209.74520797618575
outcome-lag-64,16,111,product,320,0.0,210.0,443.075253284885,489.082929226198,442.652236080657,218.57922605647784
outcome-lag-64,16,111,product,352,0.0,231.0,468.1862396697244,518.9028652708381,467.7632224654964,225.68935668314606
outcome-lag-64,16,111,product,384,0.0,252.0,490.45158739517115,545.7289305525493,490.0285701909432,232.22047057192805
outcome-lag-64,16,111,product,416,0.0,273.0,512.1499394258742,571.4109887268468,511.7269222216463,237.98968663447013
outcome-lag-64,16,111,product,448,0.0,294.0,532.8054145928307,595.9958126400089,532.3823973886028,243.41548080360923
outcome-lag-64,16,111,product,480,0.0,315.0,553.1282830186454,620.0272009396541,552.7052658144175,248.55979514787063
outcome-lag-64,16,111,product,512,0.0,336.0,571.8302365612241,642.3504481501939,571.4072193569962,253.40807089215198
single-blocker,16,111,prefix,32,0.0,21.0,64.0,63.96821681185914,63.96821681185914,10.553953106548457
single-blocker,16,111,prefix,64,0.0,42.0,128.0,119.02559570213981,119.02559570213981,12.438625405332212
single-blocker,16,111,prefix,96,0.0,63.0,192.0,163.80614744910037,163.80614744910037,13.745141416280356
single-blocker,16,111,prefix,128,0.0,84.0,256.0,200.90692562115893,200.90692562115893,14.544060816082188
single-blocker,16,111,prefix,160,0.0,105.0,320.0,235.37901319205415,235.37901319205415,15.246031525588489
single-blocker,16,111,prefix,192,0.0,126.0,384.0,266.3955198608492,266.3955198608492,15.813621174937197
single-blocker,16,111,prefix,224,0.0,147.0,448.0,294.2023885539042,294.2023885539042,16.266211189047965
single-blocker,16,111,prefix,256,0.0,168.0,512.0,320.9424620833979,320.9424620833979,16.691198624136256
single-blocker,16,111,prefix,288,0.0,189.0,576.0,345.44637784953727,345.44637784953727,17.044775491664335
single-blocker,16,111,prefix,320,0.0,210.0,640.0,367.82087073069323,367.82087073069323,17.335559737584394
single-blocker,16,111,prefix,352,0.0,231.0,704.0,390.84965217393386,390.84965217393386,17.654535762853286
single-blocker,16,111,prefix,384,0.0,252.0,768.0,411.39140888314813,411.39140888314813,17.9013410791384
single-blocker,16,111,prefix,416,0.0,273.0,832.0,431.5450150360218,431.5450150360218,18.14210512025656
single-blocker,16,111,prefix,448,0.0,294.0,896.0,450.92691366920917,450.92691366920917,18.364974009420813
single-blocker,16,111,prefix,480,0.0,315.0,960.0,470.0324574588318,470.0324574588318,18.583443843659925
single-blocker,16,111,prefix,512,0.0,336.0,1024.0,487.6904386525853,487.6904386525853,18.766453571154873
single-blocker,16,111,intersection,32,0.0,21.0,64.0,63.96821681185914,63.96821681185914,10.553953106548457
single-blocker,16,111,intersection,64,1.640625,42.9375,128.0,120.38388570923827,120.38388570923827,12.676557891307313
single-blocker,16,111,intersection,96,3.171875,64.8125,192.0,167.73368453341422,167.73368453341422,13.975717848967353
single-blocker,16,111,intersection,128,3.171875,85.8125,256.0,205.6335058351191,205.6335058351191,14.777401485871165
single-blocker,16,111,intersection,160,3.171875,106.8125,320.0,239.59460673958392,239.59460673958392,15.432669499211874
single-blocker,16,111,intersection,192,3.171875,127.8125,384.0,270.2370483084118,270.2370483084118,15.969267495855796
single-blocker,16,111,intersection,224,3.171875,148.8125,448.0,297.9490897763111,297.9490897763111,16.40809770958585
single-blocker,16,111,intersection,256,3.171875,169.8125,512.0,324.34044433196345,324.34044433196345,16.81129764269916
single-blocker,16,111,intersection,288,3.171875,190.8125,576.0,348.7055551706076,348.7055551706076,17.153835624799125
single-blocker,16,111,intersection,320,3.171875,211.8125,640.0,371.13154106809554,371.13154106809554,17.44189966907712
single-blocker,16,111,intersection,352,3.171875,232.8125,704.0,393.8210607813155,393.8210607813155,17.744843807673387
single-blocker,16,111,intersection,384,3.171875,253.8125,768.0,414.35521716127585,414.35521716127585,17.988217101955556
single-blocker,16,111,intersection,416,3.171875,274.8125,832.0,434.41087157938557,434.41087157938557,18.222985897613643
single-blocker,16,111,intersection,448,3.171875,295.8125,896.0,453.7036195420692,453.7036195420692,18.44063009127917
single-blocker,16,111,intersection,480,3.171875,316.8125,960.0,472.6633151959063,472.6633151959063,18.652552444736155
single-blocker,16,111,intersection,512,3.171875,337.8125,1024.0,490.31065950270494,490.31065950270494,18.83344758300664
single-blocker,16,111,completed,32,0.0,21.0,64.0,63.96821681185914,63.96821681185914,10.553953106548457
single-blocker,16,111,completed,64,1.75,43.0,128.0,120.38388570923827,120.38388570923827,12.676557891307313
single-blocker,16,111,completed,96,3.28125,64.875,192.0,167.73368453341422,167.73368453341422,13.975717848967353
single-blocker,16,111,completed,128,3.28125,85.875,256.0,205.6335058351191,205.6335058351191,14.777401485871165
single-blocker,16,111,completed,160,3.28125,106.875,320.0,239.59460673958392,239.59460673958392,15.432669499211874
single-blocker,16,111,completed,192,3.28125,127.875,384.0,270.2370483084118,270.2370483084118,15.969267495855796
single-blocker,16,111,completed,224,3.28125,148.875,448.0,297.9490897763111,297.9490897763111,16.40809770958585
single-blocker,16,111,completed,256,3.28125,169.875,512.0,324.34044433196345,324.34044433196345,16.81129764269916
single-blocker,16,111,completed,288,3.28125,190.875,576.0,348.7055551706076,348.7055551706076,17.153835624799125
single-blocker,16,111,completed,320,3.28125,211.875,640.0,371.13154106809554,371.13154106809554,17.44189966907712
single-blocker,16,111,completed,352,3.28125,232.875,704.0,393.8210607813155,393.8210607813155,17.744843807673387
single-blocker,16,111,completed,384,3.28125,253.875,768.0,414.35521716127585,414.35521716127585,17.988217101955556
single-blocker,16,111,completed,416,3.28125,274.875,832.0,434.41087157938557,434.41087157938557,18.222985897613643
single-blocker,16,111,completed,448,3.28125,295.875,896.0,453.7036195420692,453.7036195420692,18.44063009127917
single-blocker,16,111,completed,480,3.28125,316.875,960.0,472.6633151959063,472.6633151959063,18.652552444736155
single-blocker,16,111,completed,512,3.28125,337.875,1024.0,490.31065950270494,490.31065950270494,18.83344758300664
single-blocker,16,111,plugin,32,0.109375,21.0625,64.0,63.96821681185914,63.96821681185914,10.553953106548457
single-blocker,16,111,plugin,64,0.109375,42.0625,128.0,119.02559570213981,119.02559570213981,12.438625405332212
single-blocker,16,111,plugin,96,0.109375,63.0625,192.0,163.80614744910037,163.80614744910037,13.745141416280356
single-blocker,16,111,plugin,128,0.109375,84.0625,256.0,200.90692562115893,200.90692562115893,14.544060816082188
single-blocker,16,111,plugin,160,0.109375,105.0625,320.0,235.37901319205415,235.37901319205415,15.246031525588489
single-blocker,16,111,plugin,192,0.109375,126.0625,384.0,266.3955198608492,266.3955198608492,15.813621174937197
single-blocker,16,111,plugin,224,0.109375,147.0625,448.0,294.2023885539042,294.2023885539042,16.266211189047965
single-blocker,16,111,plugin,256,0.109375,168.0625,512.0,320.9424620833979,320.9424620833979,16.691198624136256
single-blocker,16,111,plugin,288,0.109375,189.0625,576.0,345.44637784953727,345.44637784953727,17.044775491664335
single-blocker,16,111,plugin,320,0.109375,210.0625,640.0,367.82087073069323,367.82087073069323,17.335559737584394
single-blocker,16,111,plugin,352,0.109375,231.0625,704.0,390.84965217393386,390.84965217393386,17.654535762853286
single-blocker,16,111,plugin,384,0.109375,252.0625,768.0,411.39140888314813,411.39140888314813,17.9013410791384
single-blocker,16,111,plugin,416,0.109375,273.0625,832.0,431.5450150360218,431.5450150360218,18.14210512025656
single-blocker,16,111,plugin,448,0.109375,294.0625,896.0,450.92691366920917,450.92691366920917,18.364974009420813
single-blocker,16,111,plugin,480,0.109375,315.0625,960.0,470.0324574588318,470.0324574588318,18.583443843659925
single-blocker,16,111,plugin,512,0.109375,336.0625,1024.0,487.6904386525853,487.6904386525853,18.766453571154873
single-blocker,16,111,safe,32,8.75,0.0,32.0,31.968216811859147,31.968216811859147,4.02724519543652
single-blocker,16,111,safe,64,17.5,0.0,64.0,57.42435623340214,57.42435623340214,4.7282659037057675
single-blocker,16,111,safe,96,26.25,0.0,96.0,76.78319682780861,76.78319682780861,5.136346480888775
single-blocker,16,111,safe,128,35.0,0.0,128.0,93.03345515740088,93.03345515740088,5.425334592589174
single-blocker,16,111,safe,160,43.75,0.0,160.0,107.31238195727079,107.31238195727079,5.649261224939744
single-blocker,16,111,safe,192,52.5,0.0,192.0,120.1978375468853,120.1978375468853,5.832104609707439
single-blocker,16,111,safe,224,61.25,0.0,224.0,132.0310352083931,132.0310352083931,5.986627913082163
single-blocker,16,111,safe,256,70.0,0.0,256.0,143.03333360981438,143.03333360981438,6.120438712817281
single-blocker,16,111,safe,288,78.75,0.0,288.0,153.35798108855585,153.35798108855585,6.238439029233648
single-blocker,16,111,safe,320,87.5,0.0,320.0,163.1162631808352,163.1162631808352,6.343973346894013
single-blocker,16,111,safe,352,96.25,0.0,352.0,172.39200998111025,172.39200998111025,6.43942571339101
single-blocker,16,111,safe,384,105.0,0.0,384.0,181.25023096678382,181.25023096678382,6.5265555690159704
single-blocker,16,111,safe,416,113.75,0.0,416.0,189.74254455085054,189.74254455085054,6.6066985205464555
single-blocker,16,111,safe,448,122.5,0.0,448.0,197.91074640079475,197.91074640079475,6.680892410683006
single-blocker,16,111,safe,480,131.25,0.0,480.0,205.78924141297622,205.78924141297622,6.7499597404471405
single-blocker,16,111,safe,512,140.0,0.0,512.0,213.40675252840046,213.40675252840046,6.81456340954972
single-blocker,16,111,known,32,0.0,21.0,64.0,63.96821681185914,63.96821681185914,10.553953106548457
single-blocker,16,111,known,64,0.0,42.0,128.0,119.02559570213981,119.02559570213981,12.438625405332212
single-blocker,16,111,known,96,0.0,63.0,192.0,163.80614744910037,163.80614744910037,13.745141416280356
single-blocker,16,111,known,128,0.0,84.0,256.0,200.90692562115893,200.90692562115893,14.544060816082188
single-blocker,16,111,known,160,0.0,105.0,320.0,235.37901319205415,235.37901319205415,15.246031525588489
single-blocker,16,111,known,192,0.0,126.0,384.0,266.3955198608492,266.3955198608492,15.813621174937197
single-blocker,16,111,known,224,0.0,147.0,448.0,294.2023885539042,294.2023885539042,16.266211189047965
single-blocker,16,111,known,256,0.0,168.0,512.0,320.9424620833979,320.9424620833979,16.691198624136256
single-blocker,16,111,known,288,0.0,189.0,576.0,345.44637784953727,345.44637784953727,17.044775491664335
single-blocker,16,111,known,320,0.0,210.0,640.0,367.82087073069323,367.82087073069323,17.335559737584394
single-blocker,16,111,known,352,0.0,231.0,704.0,390.84965217393386,390.84965217393386,17.654535762853286
single-blocker,16,111,known,384,0.0,252.0,768.0,411.39140888314813,411.39140888314813,17.9013410791384
single-blocker,16,111,known,416,0.0,273.0,832.0,431.5450150360218,431.5450150360218,18.14210512025656
single-blocker,16,111,known,448,0.0,294.0,896.0,450.92691366920917,450.92691366920917,18.364974009420813
single-blocker,16,111,known,480,0.0,315.0,960.0,470.0324574588318,470.0324574588318,18.583443843659925
single-blocker,16,111,known,512,0.0,336.0,1024.0,487.6904386525853,487.6904386525853,18.766453571154873
single-blocker,16,111,product,32,0.0,21.0,64.0,63.96821681185914,63.96821681185914,10.553953106548457
single-blocker,16,111,product,64,0.0,42.0,128.0,119.02559570213981,119.02559570213981,12.438625405332212
single-blocker,16,111,product,96,0.0,63.0,192.0,163.80614744910037,163.80614744910037,13.745141416280356
single-blocker,16,111,product,128,0.0,84.0,256.0,200.90692562115893,200.90692562115893,14.544060816082188
single-blocker,16,111,product,160,0.0,105.0,320.0,235.37901319205415,235.37901319205415,15.246031525588489
single-blocker,16,111,product,192,0.0,126.0,384.0,266.3955198608492,266.3955198608492,15.813621174937197
single-blocker,16,111,product,224,0.0,147.0,448.0,294.2023885539042,294.2023885539042,16.266211189047965
single-blocker,16,111,product,256,0.0,168.0,512.0,320.9424620833979,320.9424620833979,16.691198624136256
single-blocker,16,111,product,288,0.0,189.0,576.0,345.44637784953727,345.44637784953727,17.044775491664335
single-blocker,16,111,product,320,0.0,210.0,640.0,367.82087073069323,367.82087073069323,17.335559737584394
single-blocker,16,111,product,352,0.0,231.0,704.0,390.84965217393386,390.84965217393386,17.654535762853286
single-blocker,16,111,product,384,0.0,252.0,768.0,411.39140888314813,411.39140888314813,17.9013410791384
single-blocker,16,111,product,416,0.0,273.0,832.0,431.5450150360218,431.5450150360218,18.14210512025656
single-blocker,16,111,product,448,0.0,294.0,896.0,450.92691366920917,450.92691366920917,18.364974009420813
single-blocker,16,111,product,480,0.0,315.0,960.0,470.0324574588318,470.0324574588318,18.583443843659925
single-blocker,16,111,product,512,0.0,336.0,1024.0,487.6904386525853,487.6904386525853,18.766453571154873
outcome-lag-64,18,111,prefix,32,6.75,29.5,64.0,64.0,64.0,19.512616402681267
outcome-lag-64,18,111,prefix,64,13.5,59.0,128.0,127.60337891446449,127.60337891446449,42.53802305249446
outcome-lag-64,18,111,prefix,96,17.296875,86.8125,191.7447468758667,187.19671349952654,187.19671349952654,63.16540085387236
outcome-lag-64,18,111,prefix,128,18.796875,113.3125,245.89795148219406,241.3552691228053,239.8552056463169,78.68736095044741
outcome-lag-64,18,111,prefix,160,19.435546875,131.7734375,285.55820392539044,282.9125881513042,278.159856886647,90.07649574339004
outcome-lag-64,18,111,prefix,192,20.197265625,151.3828125,321.1037952255082,318.8939643290819,311.07386197745143,98.64889397386963
outcome-lag-64,18,111,prefix,224,20.384765625,165.6328125,345.9761930063506,345.1390841412949,335.35147446197357,104.45051893782993
outcome-lag-64,18,111,prefix,256,20.572265625,179.8828125,369.6484261506028,370.8194829363634,358.7504885334678,110.18612465634159
outcome-lag-64,18,111,prefix,288,20.759765625,194.1328125,394.10022467318277,397.85372357421727,383.18608395110505,116.29423720283104
outcome-lag-64,18,111,prefix,320,20.947265625,208.3828125,413.90933698014607,420.1173572383153,402.99519625806835,121.24350425944687
outcome-lag-64,18,111,prefix,352,21.134765625,222.6328125,430.37315494468567,438.64585542839967,419.45901422260795,125.03286527593141
outcome-lag-64,18,111,prefix,384,21.263671875,236.3359375,447.6113738889626,457.4888417431351,436.6962760067986,128.1710404122519
outcome-lag-64,18,111,prefix,416,21.263671875,248.8359375,462.29308754208716,474.23080278381883,451.3779896599232,131.4238778829879
outcome-lag-64,18,111,prefix,448,21.263671875,261.3359375,476.73140667325663,490.75336008461676,465.77721987585284,134.57809276124001
outcome-lag-64,18,111,prefix,480,21.263671875,273.8359375,489.787633118868,505.6367990612215,478.80718736612346,137.2754045751756
outcome-lag-64,18,111,prefix,512,21.263671875,286.3359375,506.4724968130068,524.8491637879736,495.49205106026227,140.87722471032524
outcome-lag-64,18,111,intersection,32,6.75,29.5,64.0,64.0,64.0,19.512616402681267
outcome-lag-64,18,111,intersection,64,8.4140625,56.09375,128.0,128.0,128.0,43.030140433178396
outcome-lag-64,18,111,intersection,96,9.9140625,82.59375,191.75960630118303,190.14008709179095,190.14008709179095,63.865513638854615
outcome-lag-64,18,111,intersection,128,11.4140625,109.09375,246.2185142885802,243.8415669119008,242.34150343541248,78.72492581737131
outcome-lag-64,18,111,intersection,160,12.9140625,135.59375,291.77039949162906,289.22343587818165,284.47070461352456,90.06072968902683
outcome-lag-64,18,111,intersection,192,14.4140625,162.09375,329.7715353888044,328.74008395740174,320.9211866286068,98.88397132002754
outcome-lag-64,18,111,intersection,224,14.982421875,179.8984375,356.7023468712977,357.39050983279094,347.60410517630476,104.87353062785073
outcome-lag-64,18,111,intersection,256,15.005859375,192.6171875,378.94655616999756,381.97069494671763,369.8101424902594,110.32348806004372
outcome-lag-64,18,111,intersection,288,15.017578125,205.2265625,400.99328247094695,406.8110250410345,391.85686879120874,115.92514189185032
outcome-lag-64,18,111,intersection,320,15.017578125,217.7265625,419.03889719936694,427.2927871023105,409.90248351962873,120.38172769922481
outcome-lag-64,18,111,intersection,352,15.017578125,230.2265625,434.1670168109178,444.3845017000754,425.0306031311796,123.80747900599465
outcome-lag-64,18,111,intersection,384,15.017578125,242.7265625,450.123767764126,461.99996993747584,440.9873540843878,126.7608546730732
outcome-lag-64,18,111,intersection,416,15.017578125,255.2265625,464.5516045666058,478.5490578214246,455.4151908868676,129.98127946313744
outcome-lag-64,18,111,intersection,448,15.017578125,267.7265625,478.79239240275786,494.8946428837832,469.6320437987583,133.11415818247195
outcome-lag-64,18,111,intersection,480,15.017578125,280.2265625,491.70386422951606,509.639953388053,482.52192522275834,135.79470636037988
outcome-lag-64,18,111,intersection,512,15.017578125,292.7265625,508.1383540918567,528.583743443103,498.95641508509897,139.33484534427922
outcome-lag-64,18,111,completed,32,4.125,28.0,64.0,64.0,64.0,17.674396654393885
outcome-lag-64,18,111,completed,64,6.015625,37.9375,108.0,108.0,108.0,34.469756389543875
outcome-lag-64,18,111,completed,96,7.90625,47.875,151.81609176328246,151.21099117771422,151.21099117771422,50.627742286310514
outcome-lag-64,18,111,completed,128,9.40625,74.375,207.55935659774104,208.39288568997748,206.77266113561123,65.39670345095136
outcome-lag-64,18,111,completed,160,10.009765625,92.5078125,247.03474318281786,249.2963367271714,244.4234443846364,76.4208609525264
outcome-lag-64,18,111,completed,192,10.982421875,114.0859375,284.755081941341,287.24471317122385,279.3056547645514,84.76438589185122
outcome-lag-64,18,111,completed,224,11.005859375,126.8046875,308.0503833448588,312.2463009136618,302.33973517929826,90.34800750287646
outcome-lag-64,18,111,completed,256,11.29296875,141.984375,335.2074027799888,341.5714612691622,329.33701476572367,96.25056325982627
outcome-lag-64,18,111,completed,288,11.29296875,154.484375,358.7429912309694,367.7042436152259,352.86576185722794,102.2167088209537
outcome-lag-64,18,111,completed,320,11.29296875,166.984375,377.6398945415476,388.9409959523396,371.7620466936458,106.85992567128942
outcome-lag-64,18,111,completed,352,11.29296875,179.484375,393.26556737496315,406.50737600154434,387.38771952706134,110.39582110002945
outcome-lag-64,18,111,completed,384,11.29296875,191.984375,409.77607494047913,424.66304964989894,403.8982270925774,113.44926969153727
outcome-lag-64,18,111,completed,416,11.29296875,204.484375,424.6254665661094,441.6193190779938,418.74761871820766,116.73913561011113
outcome-lag-64,18,111,completed,448,11.29296875,216.984375,439.2728963667532,458.33679093465463,433.3416534638484,119.9175034344925
outcome-lag-64,18,111,completed,480,11.29296875,229.484375,452.4888178645597,473.3714280216879,446.5256561966319,122.6336311413468
outcome-lag-64,18,111,completed,512,11.29296875,241.984375,469.44801962400703,492.87657285481396,463.4848579560793,126.30405217861733
outcome-lag-64,18,111,plugin,32,0.849609375,13.0859375,47.0,47.0,47.0,12.300694277479431
outcome-lag-64,18,111,plugin,64,0.849609375,25.5859375,92.0,92.0,92.0,29.297820124762975
outcome-lag-64,18,111,plugin,96,0.97265625,39.234375,143.81609176328246,143.24339174469907,143.24339174469907,46.894918817350934
outcome-lag-64,18,111,plugin,128,0.97265625,51.734375,186.34415035931443,185.07768716444056,183.57762368795213,59.669177080408616
outcome-lag-64,18,111,plugin,160,0.97265625,64.234375,219.80951295452468,219.7527920788994,215.00006081424215,69.59549713996553
outcome-lag-64,18,111,plugin,192,0.97265625,76.734375,245.71673312764614,247.86640024434809,240.047173100475,77.04604809546133
outcome-lag-64,18,111,plugin,224,0.97265625,89.234375,267.60976245642235,271.7256827145953,261.90993695841325,82.35932168289722
outcome-lag-64,18,111,plugin,256,0.97265625,101.734375,289.8802687290791,296.4506016231049,284.1798868716173,87.84571709974647
outcome-lag-64,18,111,plugin,288,0.97265625,114.234375,312.07786658958486,321.4311918756459,306.3774847321231,93.48566876009782
outcome-lag-64,18,111,plugin,320,0.97265625,126.734375,330.21530584594586,341.99649427553885,324.5149239884841,97.9623082034863
outcome-lag-64,18,111,plugin,352,0.97265625,139.234375,345.3982266143307,359.1413145309746,339.69784475686896,101.4000513099173
outcome-lag-64,18,111,plugin,384,0.97265625,151.734375,361.4169524494573,376.8178337024914,355.71657059199555,104.36443797613134
outcome-lag-64,18,111,plugin,416,0.97265625,164.234375,375.8924061611059,393.4133246370827,370.1920243036442,107.59258117195563
outcome-lag-64,18,111,plugin,448,0.97265625,176.734375,390.17945552620387,409.8016208518752,384.45229079474683,110.73055721396918
outcome-lag-64,18,111,plugin,480,0.97265625,189.234375,403.1258436232027,424.5803408380351,397.3760017195376,113.41512252197637
outcome-lag-64,18,111,plugin,512,0.97265625,201.734375,419.62087217912216,443.5891854938161,413.8710302754571,116.97009110031172
outcome-lag-64,18,111,safe,32,2.125,0.0,32.0,32.0,32.0,10.60978518657034
outcome-lag-64,18,111,safe,64,4.25,0.0,64.0,64.0,64.0,25.314503417353183
outcome-lag-64,18,111,safe,96,6.375,0.0,95.81609176328242,95.31106797598576,95.31106797598576,39.35894705607106
outcome-lag-64,18,111,safe,128,8.5,0.0,120.34415035931463,121.30874869176441,119.80868521527611,49.39535755395777
outcome-lag-64,18,111,safe,160,10.625,0.0,139.20047723847418,143.41774335909275,138.66501209443564,57.44935205376683
outcome-lag-64,18,111,safe,192,12.75,0.0,155.0933288678557,162.37676105261178,154.55786372381715,63.70575754243902
outcome-lag-64,18,111,safe,224,14.875,0.0,169.11699890973793,178.36793842218532,168.5815337656994,68.01826055387953
outcome-lag-64,18,111,safe,256,17.0,0.0,181.77991220272446,193.30301025243227,181.24444705868592,72.08484478244036
outcome-lag-64,18,111,safe,288,19.125,0.0,193.42037686802823,207.42589524087157,192.8849117239897,76.0010826085548
outcome-lag-64,18,111,safe,320,21.25,0.0,204.27067319461628,220.53433894183954,203.73520805057774,79.45677853490378
outcome-lag-64,18,111,safe,352,23.375,0.0,214.46723903983184,232.4894338552654,213.9317738957933,82.2315790145516
outcome-lag-64,18,111,safe,384,25.5,0.0,224.1021546143719,243.5698873795902,223.56668947033336,84.54094140882769
outcome-lag-64,18,111,safe,416,27.625,0.0,233.2640139756615,254.71464139003356,232.72854883162296,87.27352478673491
outcome-lag-64,18,111,safe,448,29.75,0.0,242.02388558915348,265.59680675834227,241.48842044511494,90.06168219523587
outcome-lag-64,18,111,safe,480,31.875,0.0,250.43152386119783,275.79607503495237,249.8960587171593,92.45152278942872
outcome-lag-64,18,111,safe,512,34.0,0.0,258.513480222858,285.7267963656839,257.97801507881945,94.82933667383861
outcome-lag-64,18,111,known,32,0.0,12.5,45.0,45.0,45.0,12.387238289023447
outcome-lag-64,18,111,known,64,0.0,25.0,90.0,90.0,90.0,29.97364672356911
outcome-lag-64,18,111,known,96,0.0,37.5,140.81609176328246,140.194442394791,140.194442394791,47.610754617146306
outcome-lag-64,18,111,known,128,0.0,50.0,183.34415035931443,181.8520147154679,180.35195123897935,60.33308399424283
outcome-lag-64,18,111,known,160,0.0,62.5,216.6341422265753,216.42448095281853,211.6717496881612,70.23289223314646
outcome-lag-64,18,111,known,192,0.0,75.0,242.44928584253836,244.47794164073025,236.6581405306793,77.66959601010679
outcome-lag-64,18,111,known,224,0.0,87.5,264.29048420976403,268.2926981779952,258.47273342766704,82.97283967708817
outcome-lag-64,18,111,known,256,0.0,100.0,286.50575415173546,292.9686880205971,280.6879486271705,88.44687728854252
outcome-lag-64,18,111,known,288,0.0,112.5,308.6504017615437,317.9019491575349,302.83259623697876,94.07387070895571
outcome-lag-64,18,111,known,320,0.0,125.0,326.7568427174641,338.4391054692624,320.93903719289915,98.54373683539379
outcome-lag-64,18,111,known,352,0.0,137.5,341.92129382320644,355.56604962746303,336.1034882986415,101.97743386480745
outcome-lag-64,18,111,known,384,0.0,150.0,357.91915911017145,373.22203536430817,352.1013535856065,104.93810857532947
outcome-lag-64,18,111,known,416,0.0,162.5,372.37859723299596,389.8019302884083,366.560791708431,108.16365196451548
outcome-lag-64,18,111,known,448,0.0,175.0,386.65009609157767,406.17588076085923,380.8064784712644,111.29991222508583
outcome-lag-64,18,111,known,480,0.0,187.5,399.5847552529051,420.9433843854605,393.71882828535695,113.98312620771009
outcome-lag-64,18,111,known,512,0.0,200.0,416.0594581760124,439.93039523792686,410.19353120846426,117.53310968868882
outcome-lag-64,18,111,product,32,2.125,0.0,32.0,32.0,32.0,10.60978518657034
outcome-lag-64,18,111,product,64,4.25,0.0,64.0,64.0,64.0,25.314503417353183
outcome-lag-64,18,111,product,96,6.375,0.0,95.81609176328242,95.31106797598576,95.31106797598576,39.35894705607106
outcome-lag-64,18,111,product,128,8.5,0.0,120.34415035931463,121.30874869176441,119.80868521527611,49.39535755395777
outcome-lag-64,18,111,product,160,10.625,0.0,139.20047723847418,143.41774335909275,138.66501209443564,57.44935205376683
outcome-lag-64,18,111,product,192,12.75,0.0,155.0933288678557,162.37676105261178,154.55786372381715,63.70575754243902
outcome-lag-64,18,111,product,224,14.875,0.0,169.11699890973793,178.36793842218532,168.5815337656994,68.01826055387953
outcome-lag-64,18,111,product,256,17.0,0.0,181.77991220272446,193.30301025243227,181.24444705868592,72.08484478244036
outcome-lag-64,18,111,product,288,19.125,0.0,193.42037686802823,207.42589524087157,192.8849117239897,76.0010826085548
outcome-lag-64,18,111,product,320,21.25,0.0,204.27067319461628,220.53433894183954,203.73520805057774,79.45677853490378
outcome-lag-64,18,111,product,352,23.375,0.0,214.46723903983184,232.4894338552654,213.9317738957933,82.2315790145516
outcome-lag-64,18,111,product,384,25.5,0.0,224.1021546143719,243.5698873795902,223.56668947033336,84.54094140882769
outcome-lag-64,18,111,product,416,27.625,0.0,233.2640139756615,254.71464139003356,232.72854883162296,87.27352478673491
outcome-lag-64,18,111,product,448,29.75,0.0,242.02388558915348,265.59680675834227,241.48842044511494,90.06168219523587
outcome-lag-64,18,111,product,480,31.875,0.0,250.43152386119783,275.79607503495237,249.8960587171593,92.45152278942872
outcome-lag-64,18,111,product,512,34.0,0.0,258.513480222858,285.7267963656839,257.97801507881945,94.82933667383861
single-blocker,18,111,prefix,32,6.75,29.5,64.0,63.96821681185914,63.96821681185914,9.454416234402885
single-blocker,18,111,prefix,64,13.5,59.0,128.0,116.98257841200666,116.98257841200666,11.789735258489001
single-blocker,18,111,prefix,96,20.25,88.5,192.0,157.08439078573903,157.08439078573903,12.77806352406351
single-blocker,18,111,prefix,128,27.0,118.0,256.0,191.23788560354492,191.23788560354492,13.59795986296176
single-blocker,18,111,prefix,160,33.75,147.5,320.0,221.45747272509124,221.45747272509124,14.240184325641565
single-blocker,18,111,prefix,192,40.5,177.0,384.0,248.90427652835467,248.90427652835467,14.768425961139764
single-blocker,18,111,prefix,224,47.25,206.5,448.0,274.26114433755305,274.26114433755305,15.217204878605827
single-blocker,18,111,prefix,256,54.0,236.0,512.0,296.65859023339544,296.65859023339544,15.49443751419971
single-blocker,18,111,prefix,288,60.75,265.5,576.0,318.9844033473948,318.9844033473948,15.851776180805594
single-blocker,18,111,prefix,320,67.5,295.0,640.0,340.19497776687354,340.19497776687354,16.171043551003855
single-blocker,18,111,prefix,352,74.25,324.5,704.0,360.4554100499097,360.4554100499097,16.459576820773304
single-blocker,18,111,prefix,384,81.0,354.0,768.0,379.89372653675923,379.89372653675923,16.722777244561993
single-blocker,18,111,prefix,416,87.75,383.5,832.0,402.9609923294938,402.9609923294938,17.16049928499895
single-blocker,18,111,prefix,448,94.5,413.0,896.0,421.67473236168365,421.67473236168365,17.398554516677432
single-blocker,18,111,prefix,480,101.25,442.5,960.0,440.33131097023363,440.33131097023363,17.642988078752147
single-blocker,18,111,prefix,512,108.0,472.0,1024.0,457.12241116669105,457.12241116669105,17.82411826063453
single-blocker,18,111,intersection,32,4.125,28.0,64.0,63.96821681185914,63.96821681185914,10.501572154167501
single-blocker,18,111,intersection,64,5.625,54.5,128.0,121.04745485487554,121.04745485487554,12.757244816715453
single-blocker,18,111,intersection,96,7.125,81.0,192.0,168.41905442106702,168.41905442106702,14.011830901939001
single-blocker,18,111,intersection,128,8.625,107.5,256.0,207.83318476460568,207.83318476460568,14.87963203978281
single-blocker,18,111,intersection,160,9.38671875,127.109375,313.0,237.8861657912584,237.8861657912584,15.449425999648922
single-blocker,18,111,intersection,192,9.57421875,141.359375,361.0,259.64358918828304,259.64358918828304,15.803810151687964
single-blocker,18,111,intersection,224,9.6796875,154.84375,408.0,279.1666496182931,279.1666496182931,16.096164955181393
single-blocker,18,111,intersection,256,9.703125,167.5625,457.0,298.2974973431664,298.2974973431664,16.366185227679665
single-blocker,18,111,intersection,288,9.71484375,180.171875,509.0,317.53774979105646,317.53774979105646,16.623784063756563
single-blocker,18,111,intersection,320,9.71484375,192.671875,556.0,333.6011765588995,333.6011765588995,16.82255326335745
single-blocker,18,111,intersection,352,9.71484375,205.171875,599.0,347.32144573797683,347.32144573797683,16.98124491363837
single-blocker,18,111,intersection,384,9.71484375,217.671875,646.0,362.02343130709926,362.02343130709926,17.14863153262418
single-blocker,18,111,intersection,416,9.71484375,230.171875,691.0,375.3980493231299,375.3980493231299,17.293473527083044
single-blocker,18,111,intersection,448,9.71484375,242.671875,737.0,388.6538275203116,388.6538275203116,17.43295854856984
single-blocker,18,111,intersection,480,9.71484375,255.171875,781.0,400.7649011324329,400.7649011324329,17.554785280911087
single-blocker,18,111,intersection,512,9.71484375,267.671875,836.0,416.19771719508054,416.19771719508054,17.713335406608923
single-blocker,18,111,completed,32,3.9609375,27.90625,64.0,63.96821681185914,63.96821681185914,10.501572154167501
single-blocker,18,111,completed,64,5.4609375,54.40625,128.0,121.04745485487554,121.04745485487554,12.757244816715453
single-blocker,18,111,completed,96,6.9609375,80.90625,192.0,168.41905442106702,168.41905442106702,14.011830901939001
single-blocker,18,111,completed,128,8.4609375,107.40625,256.0,207.83318476460568,207.83318476460568,14.87963203978281
single-blocker,18,111,completed,160,8.935546875,124.3359375,309.0,235.20740398247412,235.20740398247412,15.387391853239775
single-blocker,18,111,completed,192,9.1171875,138.53125,357.0,256.9648273794988,256.9648273794988,15.741776005278817
single-blocker,18,111,completed,224,9.140625,151.25,403.0,275.9915135590923,275.9915135590923,16.025510119117065
single-blocker,18,111,completed,256,9.158203125,163.9140625,452.0,295.15570075151857,295.15570075151857,16.29663228427803
single-blocker,18,111,completed,288,9.1640625,176.46875,504.0,314.4277506001773,314.4277506001773,16.555213969635
single-blocker,18,111,completed,320,9.1640625,188.96875,551.0,330.51116405031325,330.51116405031325,16.754566735995922
single-blocker,18,111,completed,352,9.1640625,201.46875,594.0,344.24444975468197,344.24444975468197,16.913624175050444
single-blocker,18,111,completed,384,9.1640625,213.96875,641.0,358.9623522962225,358.9623522962225,17.08144274703976
single-blocker,18,111,completed,416,9.1640625,226.46875,686.0,372.34932932609127,372.34932932609127,17.226608462799497
single-blocker,18,111,completed,448,9.1640625,238.96875,732.0,385.61716787116615,385.61716787116615,17.366399515282854
single-blocker,18,111,completed,480,9.1640625,251.46875,776.0,397.737694539176,397.737694539176,17.488459289008365
single-blocker,18,111,completed,512,9.1640625,263.96875,831.0,413.1867199725507,413.1867199725507,17.64739501019977
single-blocker,18,111,plugin,32,0.697265625,14.6953125,48.0,47.96821681185914,47.96821681185914,8.630455873647195
single-blocker,18,111,plugin,64,0.697265625,27.1953125,93.0,86.42435623340214,86.42435623340214,10.044224081459273
single-blocker,18,111,plugin,96,0.697265625,39.6953125,144.0,123.21619094195206,123.21619094195206,11.009072374217869
single-blocker,18,111,plugin,128,0.697265625,52.1953125,194.0,152.78008899173633,152.78008899173633,11.637727480421923
single-blocker,18,111,plugin,160,0.697265625,64.6953125,243.0,177.91726001364663,177.91726001364663,12.102240503885254
single-blocker,18,111,plugin,192,0.697265625,77.1953125,289.0,198.8790628976471,198.8790628976471,12.447286476934394
single-blocker,18,111,plugin,224,0.697265625,89.6953125,334.0,217.67528152765325,217.67528152765325,12.731992236656838
single-blocker,18,111,plugin,256,0.697265625,102.1953125,383.0,237.15913978773685,237.15913978773685,13.013898265592877
single-blocker,18,111,plugin,288,0.697265625,114.6953125,435.0,256.73350099140134,256.73350099140134,13.281991752732619
single-blocker,18,111,plugin,320,0.697265625,127.1953125,482.0,273.00574468761556,273.00574468761556,13.486945263657656
single-blocker,18,111,plugin,352,0.697265625,139.6953125,525.0,286.86154230812065,286.86154230812065,13.649495755375852
single-blocker,18,111,plugin,384,0.697265625,152.1953125,572.0,301.7287795005009,301.7287795005009,13.821421921432947
single-blocker,18,111,plugin,416,0.697265625,164.6953125,617.0,315.2313629519713,315.2313629519713,13.96965383798926
single-blocker,18,111,plugin,448,0.697265625,177.1953125,663.0,328.61173333139794,328.61173333139794,14.112334005535397
single-blocker,18,111,plugin,480,0.697265625,189.6953125,707.0,340.8202766213692,340.8202766213692,14.236587653529313
single-blocker,18,111,plugin,512,0.697265625,202.1953125,762.0,356.4198580929923,356.4198580929923,14.399141753664813
single-blocker,18,111,safe,32,2.125,0.0,32.0,31.968216811859147,31.968216811859147,4.02724519543652
single-blocker,18,111,safe,64,4.25,0.0,64.0,57.42435623340214,57.42435623340214,4.7282659037057675
single-blocker,18,111,safe,96,6.375,0.0,96.0,76.78319682780861,76.78319682780861,5.136346480888775
single-blocker,18,111,safe,128,8.5,0.0,128.0,93.03345515740088,93.03345515740088,5.425334592589174
single-blocker,18,111,safe,160,10.625,0.0,160.0,107.31238195727079,107.31238195727079,5.649261224939744
single-blocker,18,111,safe,192,12.75,0.0,192.0,120.1978375468853,120.1978375468853,5.832104609707439
single-blocker,18,111,safe,224,14.875,0.0,224.0,132.0310352083931,132.0310352083931,5.986627913082163
single-blocker,18,111,safe,256,17.0,0.0,256.0,143.03333360981438,143.03333360981438,6.120438712817281
single-blocker,18,111,safe,288,19.125,0.0,288.0,153.35798108855585,153.35798108855585,6.238439029233648
single-blocker,18,111,safe,320,21.25,0.0,320.0,163.1162631808352,163.1162631808352,6.343973346894013
single-blocker,18,111,safe,352,23.375,0.0,352.0,172.39200998111025,172.39200998111025,6.43942571339101
single-blocker,18,111,safe,384,25.5,0.0,384.0,181.25023096678382,181.25023096678382,6.5265555690159704
single-blocker,18,111,safe,416,27.625,0.0,416.0,189.74254455085054,189.74254455085054,6.6066985205464555
single-blocker,18,111,safe,448,29.75,0.0,448.0,197.91074640079475,197.91074640079475,6.680892410683006
single-blocker,18,111,safe,480,31.875,0.0,480.0,205.78924141297622,205.78924141297622,6.7499597404471405
single-blocker,18,111,safe,512,34.0,0.0,512.0,213.40675252840046,213.40675252840046,6.81456340954972
single-blocker,18,111,known,32,0.0,12.5,45.0,44.96821681185914,44.96821681185914,7.130455873647196
single-blocker,18,111,known,64,0.0,25.0,90.0,83.42435623340214,83.42435623340214,8.544224081459273
single-blocker,18,111,known,96,0.0,37.5,141.0,120.21619094195206,120.21619094195206,9.509072374217869
single-blocker,18,111,known,128,0.0,50.0,191.0,149.78008899173633,149.78008899173633,10.137727480421923
single-blocker,18,111,known,160,0.0,62.5,240.0,174.91726001364663,174.91726001364663,10.602240503885254
single-blocker,18,111,known,192,0.0,75.0,286.0,195.8790628976471,195.8790628976471,10.947286476934394
single-blocker,18,111,known,224,0.0,87.5,331.0,214.67528152765325,214.67528152765325,11.231992236656838
single-blocker,18,111,known,256,0.0,100.0,380.0,234.15913978773685,234.15913978773685,11.513898265592877
single-blocker,18,111,known,288,0.0,112.5,432.0,253.73350099140137,253.73350099140137,11.781991752732619
single-blocker,18,111,known,320,0.0,125.0,479.0,270.0057446876157,270.0057446876157,11.986945263657656
single-blocker,18,111,known,352,0.0,137.5,522.0,283.86154230812076,283.86154230812076,12.149495755375852
single-blocker,18,111,known,384,0.0,150.0,569.0,298.728779500501,298.728779500501,12.321421921432947
single-blocker,18,111,known,416,0.0,162.5,614.0,312.2313629519714,312.2313629519714,12.46965383798926
single-blocker,18,111,known,448,0.0,175.0,660.0,325.61173333139806,325.61173333139806,12.612334005535397
single-blocker,18,111,known,480,0.0,187.5,704.0,337.8202766213693,337.8202766213693,12.736587653529313
single-blocker,18,111,known,512,0.0,200.0,759.0,353.4198580929924,353.4198580929924,12.899141753664813
single-blocker,18,111,product,32,2.125,0.0,32.0,31.968216811859147,31.968216811859147,4.02724519543652
single-blocker,18,111,product,64,4.25,0.0,64.0,57.42435623340214,57.42435623340214,4.7282659037057675
single-blocker,18,111,product,96,6.375,0.0,96.0,76.78319682780861,76.78319682780861,5.136346480888775
single-blocker,18,111,product,128,8.5,0.0,128.0,93.03345515740088,93.03345515740088,5.425334592589174
single-blocker,18,111,product,160,10.625,0.0,160.0,107.31238195727079,107.31238195727079,5.649261224939744
single-blocker,18,111,product,192,12.75,0.0,192.0,120.1978375468853,120.1978375468853,5.832104609707439
single-blocker,18,111,product,224,14.875,0.0,224.0,132.0310352083931,132.0310352083931,5.986627913082163
single-blocker,18,111,product,256,17.0,0.0,256.0,143.03333360981438,143.03333360981438,6.120438712817281
single-blocker,18,111,product,288,19.125,0.0,288.0,153.35798108855585,153.35798108855585,6.238439029233648
single-blocker,18,111,product,320,21.25,0.0,320.0,163.1162631808352,163.1162631808352,6.343973346894013
single-blocker,18,111,product,352,23.375,0.0,352.0,172.39200998111025,172.39200998111025,6.43942571339101
single-blocker,18,111,product,384,25.5,0.0,384.0,181.25023096678382,181.25023096678382,6.5265555690159704
single-blocker,18,111,product,416,27.625,0.0,416.0,189.74254455085054,189.74254455085054,6.6066985205464555
single-blocker,18,111,product,448,29.75,0.0,448.0,197.91074640079475,197.91074640079475,6.680892410683006
single-blocker,18,111,product,480,31.875,0.0,480.0,205.78924141297622,205.78924141297622,6.7499597404471405
single-blocker,18,111,product,512,34.0,0.0,512.0,213.40675252840046,213.40675252840046,6.81456340954972
outcome-lag-64,20,111,prefix,32,18.8125,29.0,64.0,64.0,64.0,23.411829744368404
outcome-lag-64,20,111,prefix,64,37.625,58.0,128.0,127.9097881336141,127.9097881336141,50.0432253331937
outcome-lag-64,20,111,prefix,96,46.59375,81.375,191.63960499480848,188.30365889295305,188.30365889295305,76.87865291688156
outcome-lag-64,20,111,prefix,128,47.90625,100.375,244.6289901721382,239.55775267723342,239.18744484579057,97.52421719433215
outcome-lag-64,20,111,prefix,160,49.21875,119.375,290.3274989575594,286.5137366352727,284.34603682169245,117.18969015970895
outcome-lag-64,20,111,prefix,192,49.669921875,130.3359375,324.57290076943406,322.5502346139058,318.32165013608113,130.4975379662942
outcome-lag-64,20,111,prefix,224,49.669921875,137.0859375,355.83457110234116,358.26411981929675,349.58332046898823,142.6721934129251
outcome-lag-64,20,111,prefix,256,49.669921875,143.8359375,382.5661473660171,390.33378290518914,376.3148967326642,152.93319488451613
outcome-lag-64,20,111,prefix,288,49.669921875,150.5859375,402.1911979716034,413.78360163706105,395.9399473382505,159.63223965007418
outcome-lag-64,20,111,prefix,320,49.669921875,157.3359375,423.44667228228957,438.85902443743913,417.19542164893664,166.1210081479704
outcome-lag-64,20,111,prefix,352,49.669921875,164.0859375,442.6416277955013,461.7577531915404,436.39037716214835,171.94195056960032
outcome-lag-64,20,111,prefix,384,49.669921875,170.8359375,459.75999642652425,482.27546194690694,453.50874579317133,177.05195696691237
outcome-lag-64,20,111,prefix,416,49.669921875,177.5859375,475.51008798864854,501.21049237427064,469.2588373552956,181.63377538648575
outcome-lag-64,20,111,prefix,448,49.669921875,184.3359375,489.256553936566,517.039923461814,483.00530330321305,184.789254737986
outcome-lag-64,20,111,prefix,480,49.669921875,191.0859375,504.73561775063627,534.640737797247,498.48436711728334,187.96670232895025
outcome-lag-64,20,111,prefix,512,49.669921875,197.8359375,520.8077224359515,554.1469198480985,514.5564718025989,192.5469836475119
outcome-lag-64,20,111,intersection,32,16.078125,27.4375,64.0,64.0,64.0,27.3376560253671
outcome-lag-64,20,111,intersection,64,20.125,48.0,128.0,128.0,128.0,63.84022395134084
outcome-lag-64,20,111,intersection,96,21.4375,67.0,191.85363965705577,190.82102067742036,190.82102067742036,93.84740634837601
outcome-lag-64,20,111,intersection,128,22.75,86.0,247.03856724894214,244.1614509533856,243.7911431219428,111.53933044676192
outcome-lag-64,20,111,intersection,160,24.0625,105.0,292.80668613818057,292.26323231863796,288.2902198112796,126.11540958798808
outcome-lag-64,20,111,intersection,192,25.375,124.0,330.41986550427526,334.15379405445066,325.37264379211393,137.3239688287023
outcome-lag-64,20,111,intersection,224,26.482421875,141.0859375,361.96652693713673,370.91765889036816,356.9193052249754,147.8673542158496
outcome-lag-64,20,111,intersection,256,26.482421875,147.8359375,385.96860562288947,400.0451151436774,380.92138391072814,156.62567655196338
outcome-lag-64,20,111,intersection,288,26.482421875,154.5859375,404.33428014869884,422.05796206502663,399.2870584365375,162.63780948980124
outcome-lag-64,20,111,intersection,320,26.482421875,161.3359375,424.21623498424503,445.57989001871516,419.1690132720837,168.4861313722201
outcome-lag-64,20,111,intersection,352,26.482421875,168.0859375,442.3868290725214,467.25748736538293,437.33960736036005,173.80221844145484
outcome-lag-64,20,111,intersection,384,26.482421875,174.8359375,458.74898835943566,486.820616241762,453.7017666472743,178.50313328714682
outcome-lag-64,20,111,intersection,416,26.482421875,181.5859375,473.9003140439621,504.96820066375636,468.8530923318008,182.7474544962119
outcome-lag-64,20,111,intersection,448,26.482421875,188.3359375,487.2348489567767,520.2793585618475,482.1876272446154,185.70926979055082
outcome-lag-64,20,111,intersection,480,26.482421875,195.0859375,502.18367637421153,537.2197991399347,497.1364546620502,188.66424004944358
outcome-lag-64,20,111,intersection,512,26.482421875,201.8359375,517.690453071236,555.9742893054952,512.6432313590743,192.94234187840735
outcome-lag-64,20,111,completed,32,10.609375,24.3125,64.0,64.0,64.0,30.978352744107287
outcome-lag-64,20,111,completed,64,13.1875,41.53125,125.0,125.0,125.0,66.98923762378857
outcome-lag-64,20,111,completed,96,15.34375,59.34375,186.85363965705577,186.45515395639865,186.45515395639865,95.32903904434451
outcome-lag-64,20,111,completed,128,16.65625,78.34375,242.821401792834,241.459271014686,240.8444372264294,112.2805558702209
outcome-lag-64,20,111,completed,160,17.96875,97.34375,288.7529923913591,289.7440522898874,284.8503462288515,126.42499995350789
outcome-lag-64,20,111,completed,192,18.70703125,110.984375,321.4785316405325,326.53007277934415,316.9611762084325,136.77924052677804
outcome-lag-64,20,111,completed,224,18.87109375,119.265625,348.9800493739243,359.13756206461477,344.46269394182434,146.43970838081617
outcome-lag-64,20,111,completed,256,19.9375,135.96875,377.3174233978815,392.5918424272897,372.7963120908028,155.20376635200532
outcome-lag-64,20,111,completed,288,19.9375,142.71875,395.49612368547537,414.38030399527855,390.9750123783967,161.1127827548743
outcome-lag-64,20,111,completed,320,20.7578125,157.125,419.657576515697,442.2451742970823,415.1364652086183,167.10797454703413
outcome-lag-64,20,111,completed,352,20.83984375,164.640625,438.2159801349753,464.2821535335735,433.69486882789664,172.37397975919544
outcome-lag-64,20,111,completed,384,21.619140625,178.6640625,458.21452130712504,487.5116433850369,453.69251038783625,177.19346851385035
outcome-lag-64,20,111,completed,416,21.66015625,185.796875,473.792537426905,506.0634411308647,469.27052650761624,181.41007241309867
outcome-lag-64,20,111,completed,448,21.90625,194.84375,490.15317722047257,524.3891255672647,485.6296737665326,184.43102405237664
outcome-lag-64,20,111,completed,480,21.90625,201.59375,505.00956951087284,541.2141512432177,500.4860660569329,187.3481612464955
outcome-lag-64,20,111,completed,512,22.0703125,209.875,521.4032101782218,560.8223546226369,516.8797067242818,191.5741962527808
outcome-lag-64,20,111,plugin,32,2.447265625,9.2578125,52.0,52.0,52.0,27.512756356490783
outcome-lag-64,20,111,plugin,64,2.884765625,14.7578125,105.0,105.0,105.0,60.76172722652678
outcome-lag-64,20,111,plugin,96,3.294921875,20.8359375,154.85363965705577,154.45515395639865,154.45515395639865,86.51878674622363
outcome-lag-64,20,111,plugin,128,3.294921875,27.5859375,193.0020464069233,193.04007652890448,192.2032034771328,100.4979635151786
outcome-lag-64,20,111,plugin,160,3.294921875,34.3359375,226.57937323237346,231.00702392277654,225.78053030258295,113.0873861083837
outcome-lag-64,20,111,plugin,192,3.294921875,41.0859375,252.51552593854473,261.5809660985698,251.71668300875422,122.86782174277067
outcome-lag-64,20,111,plugin,224,3.294921875,47.8359375,278.4643269171184,292.5765630167817,277.66548398732795,132.26929717127524
outcome-lag-64,20,111,plugin,256,3.294921875,54.5859375,301.85774584056,320.9884211557567,301.0589029107696,140.67867627869927
outcome-lag-64,20,111,plugin,288,3.294921875,61.3359375,319.9201664812632,342.636034616557,319.12132355147276,146.52358165693556
outcome-lag-64,20,111,plugin,320,3.294921875,68.0859375,339.4525897911379,365.74918230146415,338.65374686134743,152.21040725721122
outcome-lag-64,20,111,plugin,352,3.294921875,74.8359375,357.3522073473597,387.09656100309223,356.55336441756924,157.39493891160294
outcome-lag-64,20,111,plugin,384,3.294921875,81.5859375,373.509113968286,406.39661168853104,372.71027103849553,161.98674360633615
outcome-lag-64,20,111,plugin,416,3.294921875,88.3359375,388.4944230238324,424.32386735196945,387.69558009404193,166.1394310019054
outcome-lag-64,20,111,plugin,448,3.294921875,95.0859375,401.7127773781048,439.48796106545103,400.91393444831436,169.04795636951604
outcome-lag-64,20,111,plugin,480,3.294921875,101.8359375,416.5096771839063,456.23867131235966,415.71083425411587,171.94090329854103
outcome-lag-64,20,111,plugin,512,3.294921875,108.5859375,431.8530653327173,474.7751982400835,431.0542224029268,176.13354194238437
outcome-lag-64,20,111,safe,32,14.8125,0.0,32.0,32.0,32.0,11.681357200091622
outcome-lag-64,20,111,safe,64,29.625,0.0,64.0,64.0,64.0,28.591014546208598
outcome-lag-64,20,111,safe,96,44.4375,0.0,95.85363965705575,95.4551539563987,95.4551539563987,43.089897323962575
outcome-lag-64,20,111,safe,128,59.25,0.0,120.49354605310498,120.06501095475716,119.69470312331438,51.73848410442918
outcome-lag-64,20,111,safe,160,74.0625,0.0,139.31095520084136,140.6798120846313,138.5121122710508,58.29828506678404
outcome-lag-64,20,111,safe,192,88.875,0.0,155.19800523435717,158.59602797870457,154.3991623045666,63.5118887560105
outcome-lag-64,20,111,safe,224,103.6875,0.0,169.19248683865086,174.69736156515594,168.3936439088603,67.93454798432874
outcome-lag-64,20,111,safe,256,118.5,0.0,181.85531476196394,189.71060651580584,181.05647183217337,72.07930533329247
outcome-lag-64,20,111,safe,288,133.3125,0.0,193.5080091239683,203.4466556023122,192.70916619417773,75.60870725747387
outcome-lag-64,20,111,safe,320,148.125,0.0,204.35430010129483,216.290949957616,203.55545717150426,78.80025383815861
outcome-lag-64,20,111,safe,352,162.9375,0.0,214.53446592041587,228.37383423287793,213.7356229906253,81.70284367964247
outcome-lag-64,20,111,safe,384,177.75,0.0,224.1758134665664,239.66068372321513,223.37697053677584,84.218602039931
outcome-lag-64,20,111,safe,416,192.5625,0.0,233.336817497029,250.3400091603576,232.53797456723842,86.48575684453728
outcome-lag-64,20,111,safe,448,207.375,0.0,242.0936827626313,260.1739644539914,241.29483983284072,88.22570417836322
outcome-lag-64,20,111,safe,480,222.1875,0.0,250.49001338281346,269.42145208086276,249.6911704530229,89.66376412281734
outcome-lag-64,20,111,safe,512,237.0,0.0,258.5609673977589,278.99507256300177,257.7621244679683,91.68447715863472
outcome-lag-64,20,111,known,32,0.0,6.75,50.0,50.0,50.0,24.741667886137602
outcome-lag-64,20,111,known,64,0.0,13.5,105.0,105.0,105.0,59.05362005310507
outcome-lag-64,20,111,known,96,0.0,20.25,155.85363965705577,155.45515395639865,155.45515395639865,84.88876279641326
outcome-lag-64,20,111,known,128,0.0,27.0,193.4732426834912,193.9639285413073,192.6743997537007,98.7090608613374
outcome-lag-64,20,111,known,160,0.0,33.75,226.40965952135517,231.39070004330847,225.61081659156466,111.10704075550714
outcome-lag-64,20,111,known,192,0.0,40.5,251.95923475537205,261.5299901907097,251.16039182558154,120.658289360652
outcome-lag-64,20,111,known,224,0.0,47.25,277.53808511764106,292.09874087073626,276.73924218785055,129.84697956623708
outcome-lag-64,20,111,known,256,0.0,54.0,300.66182285490055,320.18716662883844,299.86297992511004,138.10099327546877
outcome-lag-64,20,111,known,288,0.0,60.75,318.58729809006223,341.6676657038011,317.7884551602717,143.87046227589346
outcome-lag-64,20,111,known,320,0.0,67.5,337.9595408172741,364.59186410011483,337.1606978874836,149.48369287405598
outcome-lag-64,20,111,known,352,0.0,74.25,355.73362010703596,385.7853670845254,354.93477717724545,154.60768628875135
outcome-lag-64,20,111,known,384,0.0,81.0,371.7947174633946,404.96212237075,370.9958745336041,159.14892446234185
outcome-lag-64,20,111,known,416,0.0,87.75,386.70203531103925,422.785632004604,385.90319238124874,163.25890908944947
outcome-lag-64,20,111,known,448,0.0,94.5,399.8655233029118,437.88016691704826,399.0666803731213,166.14249576492895
outcome-lag-64,20,111,known,480,0.0,101.25,414.5903196611714,454.54077882326055,413.7914767313809,169.0062957829286
outcome-lag-64,20,111,known,512,0.0,108.0,429.85595220945237,472.97349880137216,429.05710927966186,173.15858565478456
outcome-lag-64,20,111,product,32,0.0,6.75,50.0,50.0,50.0,24.741667886137602
outcome-lag-64,20,111,product,64,0.0,13.5,105.0,105.0,105.0,59.05362005310507
outcome-lag-64,20,111,product,96,0.0,20.25,155.85363965705577,155.45515395639865,155.45515395639865,84.88876279641326
outcome-lag-64,20,111,product,128,0.0,27.0,193.4732426834912,193.9639285413073,192.6743997537007,98.7090608613374
outcome-lag-64,20,111,product,160,0.0,33.75,226.40965952135517,231.39070004330847,225.61081659156466,111.10704075550714
outcome-lag-64,20,111,product,192,0.0,40.5,251.95923475537205,261.5299901907097,251.16039182558154,120.658289360652
outcome-lag-64,20,111,product,224,0.0,47.25,277.53808511764106,292.09874087073626,276.73924218785055,129.84697956623708
outcome-lag-64,20,111,product,256,0.0,54.0,300.66182285490055,320.18716662883844,299.86297992511004,138.10099327546877
outcome-lag-64,20,111,product,288,0.0,60.75,318.58729809006223,341.6676657038011,317.7884551602717,143.87046227589346
outcome-lag-64,20,111,product,320,0.0,67.5,337.9595408172741,364.59186410011483,337.1606978874836,149.48369287405598
outcome-lag-64,20,111,product,352,0.0,74.25,355.73362010703596,385.7853670845254,354.93477717724545,154.60768628875135
outcome-lag-64,20,111,product,384,0.0,81.0,371.7947174633946,404.96212237075,370.9958745336041,159.14892446234185
outcome-lag-64,20,111,product,416,0.0,87.75,386.70203531103925,422.785632004604,385.90319238124874,163.25890908944947
outcome-lag-64,20,111,product,448,0.0,94.5,399.8655233029118,437.88016691704826,399.0666803731213,166.14249576492895
outcome-lag-64,20,111,product,480,0.0,101.25,414.5903196611714,454.54077882326055,413.7914767313809,169.0062957829286
outcome-lag-64,20,111,product,512,0.0,108.0,429.85595220945237,472.97349880137216,429.05710927966186,173.15858565478456
single-blocker,20,111,prefix,32,18.8125,29.0,64.0,63.960661021301576,63.960661021301576,8.022232326356912
single-blocker,20,111,prefix,64,37.625,58.0,128.0,115.79869019748699,115.79869019748699,10.908136316657512
single-blocker,20,111,prefix,96,56.4375,87.0,192.0,155.78868966208668,155.78868966208668,12.302250417070624
single-blocker,20,111,prefix,128,75.25,116.0,256.0,189.70782086518327,189.70782086518327,13.244202879942563
single-blocker,20,111,prefix,160,94.0625,145.0,320.0,219.76871520768452,219.76871520768452,13.95829895644076
single-blocker,20,111,prefix,192,112.875,174.0,384.0,247.70187766063228,247.70187766063228,14.619374120590217
single-blocker,20,111,prefix,224,131.6875,203.0,448.0,272.36563301393204,272.36563301393204,15.016540849652321
single-blocker,20,111,prefix,256,150.5,232.0,512.0,295.3443958302071,295.3443958302071,15.36465832036449
single-blocker,20,111,prefix,288,169.3125,261.0,576.0,317.6306139344945,317.6306139344945,15.7378463919979
single-blocker,20,111,prefix,320,188.125,290.0,640.0,338.11332688659314,338.11332688659314,16.013999737836862
single-blocker,20,111,prefix,352,206.9375,319.0,704.0,358.33071246793935,358.33071246793935,16.318389693466223
single-blocker,20,111,prefix,384,225.75,348.0,768.0,379.17337577578894,379.17337577578894,16.6820767614702
single-blocker,20,111,prefix,416,244.5625,377.0,832.0,398.6115788279923,398.6115788279923,16.964736503158328
single-blocker,20,111,prefix,448,263.375,406.0,896.0,415.2083905185585,415.2083905185585,17.117886265307124
single-blocker,20,111,prefix,480,282.1875,435.0,960.0,434.20055762669034,434.20055762669034,17.39696526306656
single-blocker,20,111,prefix,512,301.0,464.0,1024.0,451.8820003047215,451.8820003047215,17.620930662761154
single-blocker,20,111,intersection,32,10.609375,24.3125,64.0,63.96821681185914,63.96821681185914,10.594862197457548
single-blocker,20,111,intersection,64,11.921875,43.3125,128.0,121.22759708485826,121.22759708485826,12.773646933117575
single-blocker,20,111,intersection,96,13.234375,62.3125,192.0,168.12116435671305,168.12116435671305,13.996191638953345
single-blocker,20,111,intersection,128,14.546875,81.3125,256.0,207.7950383306798,207.7950383306798,14.877890746250472
single-blocker,20,111,intersection,160,15.859375,100.3125,320.0,242.33234783574645,242.33234783574645,15.547437025952982
single-blocker,20,111,intersection,192,17.171875,119.3125,384.0,273.65883234582583,273.65883234582583,16.10084260918347
single-blocker,20,111,intersection,224,18.484375,138.3125,448.0,302.21159106998465,302.21159106998465,16.561039170984102
single-blocker,20,111,intersection,256,19.796875,157.3125,512.0,328.7291674847398,328.7291674847398,16.958977912005803
single-blocker,20,111,intersection,288,21.109375,176.3125,576.0,353.9179012496479,353.9179012496479,17.31965121963616
single-blocker,20,111,intersection,320,21.109375,183.0625,627.0,371.5894442078207,371.5894442078207,17.541168678973587
single-blocker,20,111,intersection,352,21.109375,189.8125,677.0,387.9655808353636,387.9655808353636,17.735331006726447
single-blocker,20,111,intersection,384,21.109375,196.5625,725.0,402.8560734033117,402.8560734033117,17.90270422493866
single-blocker,20,111,intersection,416,21.109375,203.3125,772.0,416.79304400928265,416.79304400928265,18.052642812323885
single-blocker,20,111,intersection,448,21.109375,210.0625,816.0,429.18443407089063,429.18443407089063,18.179365104806546
single-blocker,20,111,intersection,480,21.109375,216.8125,866.0,443.1976355616274,443.1976355616274,18.322387991221003
single-blocker,20,111,intersection,512,21.109375,223.5625,919.0,457.6989263912288,457.6989263912288,18.466881936964246
single-blocker,20,111,completed,32,10.609375,24.3125,64.0,63.96821681185914,63.96821681185914,10.594862197457548
single-blocker,20,111,completed,64,11.921875,43.3125,128.0,121.22759708485826,121.22759708485826,12.773646933117575
single-blocker,20,111,completed,96,13.234375,62.3125,192.0,168.12116435671305,168.12116435671305,13.996191638953345
single-blocker,20,111,completed,128,14.546875,81.3125,256.0,207.7950383306798,207.7950383306798,14.877890746250472
single-blocker,20,111,completed,160,15.859375,100.3125,320.0,242.33234783574645,242.33234783574645,15.547437025952982
single-blocker,20,111,completed,192,17.171875,119.3125,384.0,273.65883234582583,273.65883234582583,16.10084260918347
single-blocker,20,111,completed,224,18.361328125,137.1640625,446.0,301.1436438521998,301.1436438521998,16.541138180885092
single-blocker,20,111,completed,256,18.361328125,143.9140625,498.0,321.46708246714235,321.46708246714235,16.827333693441744
single-blocker,20,111,completed,288,18.361328125,150.6640625,543.0,337.49457672277265,337.49457672277265,17.03322805364779
single-blocker,20,111,completed,320,18.361328125,157.4140625,594.0,355.1661196809454,355.1661196809454,17.254745512985217
single-blocker,20,111,completed,352,18.361328125,164.1640625,644.0,371.54225630848833,371.54225630848833,17.448907840738077
single-blocker,20,111,completed,384,18.361328125,170.9140625,692.0,386.43274887643645,386.43274887643645,17.61628105895029
single-blocker,20,111,completed,416,18.361328125,177.6640625,739.0,400.3697194824074,400.3697194824074,17.766219646335514
single-blocker,20,111,completed,448,18.361328125,184.4140625,783.0,412.76110954401537,412.76110954401537,17.892941938818176
single-blocker,20,111,completed,480,18.361328125,191.1640625,833.0,426.77431103475215,426.77431103475215,18.035964825232632
single-blocker,20,111,completed,512,18.361328125,197.9140625,886.0,441.2756018643535,441.2756018643535,18.180458770975875
single-blocker,20,111,plugin,32,2.392578125,9.9140625,53.0,52.96821681185914,52.96821681185914,9.428807521998841
single-blocker,20,111,plugin,64,2.392578125,16.6640625,108.0,100.81662176040324,100.81662176040324,11.039501250334444
single-blocker,20,111,plugin,96,2.392578125,23.4140625,159.0,135.05477502790163,135.05477502790163,11.848693028654456
single-blocker,20,111,plugin,128,2.392578125,30.1640625,205.0,160.69393833274916,160.69393833274916,12.355589190602826
single-blocker,20,111,plugin,160,2.392578125,36.9140625,256.0,186.317874791549,186.317874791549,12.815165161121586
single-blocker,20,111,plugin,192,2.392578125,43.6640625,303.0,207.322407543968,207.322407543968,13.151368304351296
single-blocker,20,111,plugin,224,2.392578125,50.4140625,355.0,229.1145296220395,229.1145296220395,13.479485315320119
single-blocker,20,111,plugin,256,2.392578125,57.1640625,407.0,249.29672677440888,249.29672677440888,13.761165765818161
single-blocker,20,111,plugin,288,2.392578125,63.9140625,452.0,265.2474625953366,265.2474625953366,13.96474427933062
single-blocker,20,111,plugin,320,2.392578125,70.6640625,503.0,282.8227021623046,282.8227021623046,14.183494276525929
single-blocker,20,111,plugin,352,2.392578125,77.4140625,553.0,299.1211371198174,299.1211371198174,14.375536181218832
single-blocker,20,111,plugin,384,2.392578125,84.1640625,601.0,313.9512178973872,313.9512178973872,14.541330497201686
single-blocker,20,111,plugin,416,2.392578125,90.9140625,648.0,327.83757178063655,327.83757178063655,14.689993275881738
single-blocker,20,111,plugin,448,2.392578125,97.6640625,692.0,340.19201335451885,340.19201335451885,14.815811451751367
single-blocker,20,111,plugin,480,2.392578125,104.4140625,742.0,354.1548104365367,354.1548104365367,14.957638036597752
single-blocker,20,111,plugin,512,2.392578125,111.1640625,795.0,368.6037054105687,368.6037054105687,15.100933882051466
single-blocker,20,111,safe,32,14.8125,0.0,32.0,31.968216811859147,31.968216811859147,4.02724519543652
single-blocker,20,111,safe,64,29.625,0.0,64.0,57.42435623340214,57.42435623340214,4.7282659037057675
single-blocker,20,111,safe,96,44.4375,0.0,96.0,76.78319682780861,76.78319682780861,5.136346480888775
single-blocker,20,111,safe,128,59.25,0.0,128.0,93.03345515740088,93.03345515740088,5.425334592589174
single-blocker,20,111,safe,160,74.0625,0.0,160.0,107.31238195727079,107.31238195727079,5.649261224939744
single-blocker,20,111,safe,192,88.875,0.0,192.0,120.1978375468853,120.1978375468853,5.832104609707439
single-blocker,20,111,safe,224,103.6875,0.0,224.0,132.0310352083931,132.0310352083931,5.986627913082163
single-blocker,20,111,safe,256,118.5,0.0,256.0,143.03333360981438,143.03333360981438,6.120438712817281
single-blocker,20,111,safe,288,133.3125,0.0,288.0,153.35798108855585,153.35798108855585,6.238439029233648
single-blocker,20,111,safe,320,148.125,0.0,320.0,163.1162631808352,163.1162631808352,6.343973346894013
single-blocker,20,111,safe,352,162.9375,0.0,352.0,172.39200998111025,172.39200998111025,6.43942571339101
single-blocker,20,111,safe,384,177.75,0.0,384.0,181.25023096678382,181.25023096678382,6.5265555690159704
single-blocker,20,111,safe,416,192.5625,0.0,416.0,189.74254455085054,189.74254455085054,6.6066985205464555
single-blocker,20,111,safe,448,207.375,0.0,448.0,197.91074640079475,197.91074640079475,6.680892410683006
single-blocker,20,111,safe,480,222.1875,0.0,480.0,205.78924141297622,205.78924141297622,6.7499597404471405
single-blocker,20,111,safe,512,237.0,0.0,512.0,213.40675252840046,213.40675252840046,6.81456340954972
single-blocker,20,111,known,32,0.0,6.75,50.0,49.96821681185914,49.96821681185914,7.4667977180772755
single-blocker,20,111,known,64,0.0,13.5,105.0,97.53907305509676,97.53907305509676,9.006808942642138
single-blocker,20,111,known,96,0.0,20.25,156.0,131.46267032082028,131.46267032082028,9.799550227173846
single-blocker,20,111,known,128,0.0,27.0,202.0,156.95547761188877,156.95547761188877,10.299843376295367
single-blocker,20,111,known,160,0.0,33.75,253.0,182.4381162474195,182.4381162474195,10.753690403994659
single-blocker,20,111,known,192,0.0,40.5,300.0,203.35928211335582,203.35928211335582,11.086814727674641
single-blocker,20,111,known,224,0.0,47.25,352.0,225.06449036579392,225.06449036579392,11.411962505671331
single-blocker,20,111,known,256,0.0,54.0,404.0,245.1784243776347,245.1784243776347,11.69148446864176
single-blocker,20,111,known,288,0.0,60.75,449.0,261.0919202377046,261.0919202377046,11.893950254173387
single-blocker,20,111,known,320,0.0,67.5,500.0,278.6203032945819,278.6203032945819,12.111365512899456
single-blocker,20,111,known,352,0.0,74.25,550.0,294.880828382231,294.880828382231,12.302381030833809
single-blocker,20,111,known,384,0.0,81.0,598.0,309.6813734447125,309.6813734447125,12.467408980681187
single-blocker,20,111,known,416,0.0,87.75,645.0,323.5429406645819,323.5429406645819,12.615451193804306
single-blocker,20,111,known,448,0.0,94.5,689.0,335.8792665932454,335.8792665932454,12.740828885503122
single-blocker,20,111,known,480,0.0,101.25,739.0,349.8173213187954,349.8173213187954,12.882071722840333
single-blocker,20,111,known,512,0.0,108.0,792.0,364.2404616026218,364.2404616026218,13.024781900410984
single-blocker,20,111,product,32,0.0,6.75,50.0,49.96821681185914,49.96821681185914,7.4667977180772755
single-blocker,20,111,product,64,0.0,13.5,105.0,97.53907305509676,97.53907305509676,9.006808942642138
single-blocker,20,111,product,96,0.0,20.25,156.0,131.46267032082028,131.46267032082028,9.799550227173846
single-blocker,20,111,product,128,0.0,27.0,202.0,156.95547761188877,156.95547761188877,10.299843376295367
single-blocker,20,111,product,160,0.0,33.75,253.0,182.4381162474195,182.4381162474195,10.753690403994659
single-blocker,20,111,product,192,0.0,40.5,300.0,203.35928211335582,203.35928211335582,11.086814727674641
single-blocker,20,111,product,224,0.0,47.25,352.0,225.06449036579392,225.06449036579392,11.411962505671331
single-blocker,20,111,product,256,0.0,54.0,404.0,245.1784243776347,245.1784243776347,11.69148446864176
single-blocker,20,111,product,288,0.0,60.75,449.0,261.0919202377046,261.0919202377046,11.893950254173387
single-blocker,20,111,product,320,0.0,67.5,500.0,278.6203032945819,278.6203032945819,12.111365512899456
single-blocker,20,111,product,352,0.0,74.25,550.0,294.880828382231,294.880828382231,12.302381030833809
single-blocker,20,111,product,384,0.0,81.0,598.0,309.6813734447125,309.6813734447125,12.467408980681187
single-blocker,20,111,product,416,0.0,87.75,645.0,323.5429406645819,323.5429406645819,12.615451193804306
single-blocker,20,111,product,448,0.0,94.5,689.0,335.8792665932454,335.8792665932454,12.740828885503122
single-blocker,20,111,product,480,0.0,101.25,739.0,349.8173213187954,349.8173213187954,12.882071722840333
single-blocker,20,111,product,512,0.0,108.0,792.0,364.2404616026218,364.2404616026218,13.024781900410984
outcome-lag-64,22,111,prefix,32,10.5,27.0,64.0,64.0,64.0,29.885406201570994
outcome-lag-64,22,111,prefix,64,21.0,54.0,128.0,128.0,128.0,58.250522765188265
outcome-lag-64,22,111,prefix,96,23.625,76.5,191.72284864606434,190.60807559982328,190.60807559982328,82.97503929129118
outcome-lag-64,22,111,prefix,128,23.625,97.5,245.6359488385647,246.7349494261701,244.3570916359902,104.83076853926156
outcome-lag-64,22,111,prefix,160,23.625,118.5,290.4228951739905,295.006641320087,289.1417657468721,120.77180630906153
outcome-lag-64,22,111,prefix,192,23.625,139.5,329.38203029844,335.83335763435207,327.4239787110472,130.7164203936609
outcome-lag-64,22,111,prefix,224,23.625,160.5,364.1906929098826,372.6759739973074,362.05818842283924,138.78391818565342
outcome-lag-64,22,111,prefix,256,23.625,181.5,396.52957611156995,408.8907040744861,394.3970716245266,147.84292938794601
outcome-lag-64,22,111,prefix,288,23.625,202.5,425.9188528713641,442.7274673091365,423.7863483843207,156.48603431755595
outcome-lag-64,22,111,prefix,320,23.625,223.5,452.8711299155019,473.5486893810509,450.73862542845853,163.71212278133063
outcome-lag-64,22,111,prefix,352,23.625,244.5,477.959979549569,502.6195599989225,475.82747506252565,170.41212199727286
outcome-lag-64,22,111,prefix,384,23.625,265.5,501.24423650345403,529.8672240165151,499.11173201641066,176.48208772967698
outcome-lag-64,22,111,prefix,416,23.625,286.5,523.3785141707906,555.2517489065748,521.2460096837473,181.5341568454006
outcome-lag-64,22,111,prefix,448,23.625,307.5,544.5539853786349,579.1701687446431,542.4214808915916,185.8737934631513
outcome-lag-64,22,111,prefix,480,23.625,328.5,564.9242082456583,602.6028741024645,562.791703758615,190.39709130742102
outcome-lag-64,22,111,prefix,512,23.625,349.5,584.5088101930606,625.5625695551638,582.3763057060173,195.08198405465615
outcome-lag-64,22,111,intersection,32,10.171875,26.8125,64.0,64.0,64.0,29.33368206363996
outcome-lag-64,22,111,intersection,64,10.171875,47.8125,128.0,128.0,128.0,57.3958871874892
outcome-lag-64,22,111,intersection,96,10.171875,68.8125,191.7456709094825,190.67918959841708,190.67918959841708,83.28331248297673
outcome-lag-64,22,111,intersection,128,10.171875,89.8125,246.70067565544014,247.37322384458554,245.31766724530326,103.56146275281644
outcome-lag-64,22,111,intersection,160,10.171875,110.8125,292.39639856095874,295.6435021209604,290.36475166264717,117.85173914124128
outcome-lag-64,22,111,intersection,192,10.171875,131.8125,330.34036409373726,336.02153589133593,328.29421423719907,127.60533778774722
outcome-lag-64,22,111,intersection,224,10.171875,152.8125,364.0836306094147,372.2197906707895,362.0374807528765,135.56776194302037
outcome-lag-64,22,111,intersection,256,10.171875,173.8125,394.7870357631244,406.99536619786926,392.7408859065862,144.0098462810999
outcome-lag-64,22,111,intersection,288,10.171875,194.8125,423.01687130416263,439.7834525708278,420.97072144762444,152.1662214398047
outcome-lag-64,22,111,intersection,320,10.171875,215.8125,449.2590257704817,469.97808896334277,447.21287591394355,159.10486679219684
outcome-lag-64,22,111,intersection,352,10.171875,236.8125,473.79634430490864,498.4903035633876,471.7501944483705,165.55194302122675
outcome-lag-64,22,111,intersection,384,10.171875,257.8125,497.0902458421333,525.7205324155608,495.04409598559516,171.55008553242928
outcome-lag-64,22,111,intersection,416,10.171875,278.8125,519.2206528799301,551.0855374449303,517.1745030233919,176.5826347874621
outcome-lag-64,22,111,intersection,448,10.171875,299.8125,540.3553052399968,574.9746381304416,538.3091553834587,180.9307540146586
outcome-lag-64,22,111,intersection,480,10.171875,320.8125,560.5779961250719,598.2314273276479,558.5318462685337,185.37663509586346
outcome-lag-64,22,111,intersection,512,10.171875,341.8125,580.0013039665093,620.9737516938081,577.9551541099712,189.95531847583644
outcome-lag-64,22,111,completed,32,4.921875,23.8125,64.0,64.0,64.0,28.213573374138686
outcome-lag-64,22,111,completed,64,9.8359375,33.65625,111.0,111.0,111.0,48.725545950246556
outcome-lag-64,22,111,completed,96,11.28125,51.375,169.7865600333734,168.9836949684821,168.9836949684821,71.8548743526671
outcome-lag-64,22,111,completed,128,11.28125,72.375,225.94682195052934,226.82902966693908,224.81560709324512,91.15192184227176
outcome-lag-64,22,111,completed,160,11.28125,93.375,274.6714771495735,277.6286672409862,272.5157537788635,106.52721850946658
outcome-lag-64,22,111,completed,192,11.28125,114.375,315.09762056490604,319.9628348739094,312.6453424815587,116.97877832371879
outcome-lag-64,22,111,completed,224,11.28125,135.375,350.5429490407308,357.68787145117915,348.0870070144634,125.51072864651944
outcome-lag-64,22,111,completed,256,11.28125,156.375,382.4789379853945,393.66346445185235,380.0229959591271,134.40310651035279
outcome-lag-64,22,111,completed,288,11.28125,177.375,411.6433439676713,427.37680807743766,409.1874019414039,142.8792282448609
outcome-lag-64,22,111,completed,320,11.28125,198.375,438.62742023836284,458.29239718451674,436.17147821209545,150.02884399366405
outcome-lag-64,22,111,completed,352,11.28125,219.375,463.75937002861076,487.42894732935366,461.30342800234337,156.66996450779854
outcome-lag-64,22,111,completed,384,11.28125,240.375,487.58568677476313,515.2594687794411,485.12974474849574,162.86548811623123
outcome-lag-64,22,111,completed,416,11.28125,261.375,510.16862933016864,541.1325713780378,507.71268730390125,168.05768788276671
outcome-lag-64,22,111,completed,448,11.28125,282.375,531.6944856549575,565.4477187540738,529.2385436286901,172.5263569436505
outcome-lag-64,22,111,completed,480,11.28125,303.375,552.2494054457716,589.0720776201416,549.7934634195042,177.07241391116628
outcome-lag-64,22,111,completed,512,11.28125,324.375,571.9636295153722,612.1577373040146,569.5076874891048,181.75604252273087
outcome-lag-64,22,111,plugin,32,2.13671875,10.546875,48.0,48.0,48.0,22.30457111049245
outcome-lag-64,22,111,plugin,64,3.13671875,19.546875,99.0,99.0,99.0,46.70120687847027
outcome-lag-64,22,111,plugin,96,4.0,30.1875,148.7865600333734,148.01527754655925,148.01527754655925,67.85717716492061
outcome-lag-64,22,111,plugin,128,4.99609375,39.234375,191.1617009303499,192.17012730654608,190.156704732852,84.16798649858208
outcome-lag-64,22,111,plugin,160,5.65625,52.3125,226.25278858169526,230.50719367934866,225.2101637110775,95.94098456966766
outcome-lag-64,22,111,plugin,192,6.53125,62.8125,251.04916146369638,257.24362875073336,250.00653659307864,102.68985900410381
outcome-lag-64,22,111,plugin,224,7.2421875,75.28125,277.7028827313544,285.24594956303827,276.6602578607367,107.80510075299414
outcome-lag-64,22,111,plugin,256,8.1171875,85.78125,302.0959986867383,313.1076767195117,301.0533738161206,114.75992712291821
outcome-lag-64,22,111,plugin,288,8.96484375,96.609375,325.57648427895435,340.73315100870576,324.53385940833664,121.91469507915613
outcome-lag-64,22,111,plugin,320,9.83984375,107.109375,345.9559686944702,364.7885882290278,344.9133438238525,128.0714835435921
outcome-lag-64,22,111,plugin,352,10.71484375,117.609375,365.3664448981106,387.7816170727343,364.3238200274929,133.72587935459285
outcome-lag-64,22,111,plugin,384,11.58984375,128.109375,381.1615522914929,406.683842469578,380.1189274208752,138.2979971663221
outcome-lag-64,22,111,plugin,416,12.46484375,138.609375,396.5046385859478,424.45704112149684,395.4620137153301,141.94562891013646
outcome-lag-64,22,111,plugin,448,13.33984375,149.109375,411.52943550410794,441.5432614666584,410.4868106334902,145.08627086305756
outcome-lag-64,22,111,plugin,480,14.21484375,159.609375,426.73674987077476,459.35750371353555,425.69412500015704,148.7898780015678
outcome-lag-64,22,111,plugin,512,15.08984375,170.109375,441.6950990648951,477.1632756505887,440.6524741942774,152.65349297503693
outcome-lag-64,22,111,safe,32,9.25,0.0,32.0,32.0,32.0,15.098799104720449
outcome-lag-64,22,111,safe,64,18.5,0.0,64.0,64.0,64.0,28.48840340616466
outcome-lag-64,22,111,safe,96,27.75,0.0,95.78656003337342,95.01527754655928,95.01527754655928,41.61069393279697
outcome-lag-64,22,111,safe,128,37.0,0.0,120.31482406554764,121.52652279568551,119.51310022199164,52.16066896403133
outcome-lag-64,22,111,safe,160,46.25,0.0,139.15461043015526,143.460211516933,138.35288658659923,60.03935751775952
outcome-lag-64,22,111,safe,192,55.5,0.0,155.0726386395405,161.10666982101495,154.27091479598445,64.98320361699459
outcome-lag-64,22,111,safe,224,64.75,0.0,169.05295781836787,176.00448448318832,168.25123397481184,68.20234392103492
outcome-lag-64,22,111,safe,256,74.0,0.0,181.66234862698437,190.75083863446832,180.86062478342834,72.08021047062877
outcome-lag-64,22,111,safe,288,83.25,0.0,193.30012880948684,205.29218931458124,192.4984049659308,76.41491398841671
outcome-lag-64,22,111,safe,320,92.5,0.0,204.16024192033436,219.01292040433015,203.35851807677832,80.48289730354658
outcome-lag-64,22,111,safe,352,101.75,0.0,214.35576345405377,231.66455161354173,213.55403961049774,83.95423407898014
outcome-lag-64,22,111,safe,384,111.0,0.0,223.99528820442487,243.32018689291556,223.19356436086883,86.83877822830534
outcome-lag-64,22,111,safe,416,120.25,0.0,233.16630593500588,254.06430613856813,232.36458209144985,89.17072684142167
outcome-lag-64,22,111,safe,448,129.5,0.0,241.91752939843627,264.32426144832544,241.11580555488024,91.33667419137112
outcome-lag-64,22,111,safe,480,138.75,0.0,250.32072781108474,274.4862133347715,249.5190039675287,93.68919839539969
outcome-lag-64,22,111,safe,512,148.0,0.0,258.40412014326034,284.2147098012446,257.60239629970437,95.86478741555115
outcome-lag-64,22,111,known,32,0.0,21.0,64.0,64.0,64.0,27.573513279434625
outcome-lag-64,22,111,known,64,0.0,42.0,128.0,128.0,128.0,56.71518846065457
outcome-lag-64,22,111,known,96,0.0,63.0,191.7865600333734,191.01527754655925,191.01527754655925,81.76344006804442
outcome-lag-64,22,111,known,128,0.0,84.0,247.75505925653516,248.29855747473954,246.2851349010456,101.07544039857179
outcome-lag-64,22,111,known,160,0.0,105.0,293.2697362426853,296.5317929213068,291.1921603505113,115.22029818894406
outcome-lag-64,22,111,known,192,0.0,126.0,331.7556419172854,337.36761004879617,329.58810123323275,125.16369433667712
outcome-lag-64,22,111,known,224,0.0,147.0,365.63998999658156,373.7113179211861,363.4724493125289,133.27157158488683
outcome-lag-64,22,111,known,256,0.0,168.0,395.9697280631151,408.11354294770825,393.80218737906245,141.559753882722
outcome-lag-64,22,111,known,288,0.0,189.0,423.9002753579046,440.60547537183385,421.73273467385195,149.56876603989252
outcome-lag-64,22,111,known,320,0.0,210.0,449.97313690494167,470.639149471367,447.805596220889,156.41885002144934
outcome-lag-64,22,111,known,352,0.0,231.0,474.36307862440225,498.9913721047507,472.1955379403496,162.78465647170373
outcome-lag-64,22,111,known,384,0.0,252.0,497.7587534236903,526.314408861456,495.5912127396376,168.78707616499244
outcome-lag-64,22,111,known,416,0.0,273.0,519.962179152075,551.7486190946518,517.7946384680223,173.83962208012102
outcome-lag-64,22,111,known,448,0.0,294.0,541.1363491665892,575.6840454156237,538.9688084825365,178.2127016291278
outcome-lag-64,22,111,known,480,0.0,315.0,561.3327926524382,598.9026956781336,559.1652519683855,182.6364967152546
outcome-lag-64,22,111,known,512,0.0,336.0,580.714157341355,621.5805670451674,578.5466166573023,187.1785025962074
outcome-lag-64,22,111,product,32,10.5,27.0,64.0,64.0,64.0,29.885406201570994
outcome-lag-64,22,111,product,64,21.0,54.0,128.0,128.0,128.0,58.250522765188265
outcome-lag-64,22,111,product,96,31.5,81.0,191.72284864606434,190.18002338881797,190.18002338881797,84.04211780144932
outcome-lag-64,22,111,product,128,42.0,108.0,241.7186436503567,242.610448093354,239.76562596005644,103.49536376576076
outcome-lag-64,22,111,product,160,52.5,135.0,279.9437366466333,285.81785003432293,277.990718956333,118.23450933492235
outcome-lag-64,22,111,product,192,63.0,162.0,312.20688532367006,321.9056755708737,310.2538676333698,128.65479411004318
outcome-lag-64,22,111,product,224,73.5,189.0,341.6684279577788,354.2455886474491,339.71541026747855,136.27532003029233
outcome-lag-64,22,111,product,256,84.0,216.0,368.39298170818205,385.089422932089,366.4399640178818,144.3643116342407
outcome-lag-64,22,111,product,288,94.5,243.0,393.76926310736246,415.1307183133997,391.8162454170622,152.32224951551416
outcome-lag-64,22,111,product,320,105.0,270.0,417.0187936637032,442.4807620179658,415.06577597340294,158.7379095671277
outcome-lag-64,22,111,product,352,115.5,297.0,438.9650895587722,468.3906830578071,437.01207186847193,164.8145179996174
outcome-lag-64,22,111,product,384,126.0,324.0,458.494337181496,492.02342767851087,456.54131949119574,170.68182564568528
outcome-lag-64,22,111,product,416,136.5,351.0,478.4976588213378,515.5069525646171,476.5446411310375,175.6723179286029
outcome-lag-64,22,111,product,448,147.0,378.0,496.23497044942405,536.4454344857705,494.2819527591238,180.22828047516612
outcome-lag-64,22,111,product,480,157.5,405.0,514.7040527056492,558.0013513100611,512.7510350153489,184.62699622201518
outcome-lag-64,22,111,product,512,168.0,432.0,533.2804826144572,579.4167415033912,531.3274649241569,188.73382879285012
single-blocker,22,111,prefix,32,10.5,27.0,64.0,63.96821681185914,63.96821681185914,8.98889899302358
single-blocker,22,111,prefix,64,21.0,54.0,128.0,116.10382972641379,116.10382972641379,11.224802983324174
single-blocker,22,111,prefix,96,31.5,81.0,192.0,155.78868966208665,155.78868966208665,12.302250417070628
single-blocker,22,111,prefix,128,42.0,108.0,256.0,189.70782086518324,189.70782086518324,13.244202879942565
single-blocker,22,111,prefix,160,52.5,135.0,320.0,218.63551763455652,218.63551763455652,13.703643277508332
single-blocker,22,111,prefix,192,63.0,162.0,384.0,244.6763860806027,244.6763860806027,14.076970962124406
single-blocker,22,111,prefix,224,73.5,189.0,448.0,269.8259564967481,269.8259564967481,14.650011364800774
single-blocker,22,111,prefix,256,84.0,216.0,512.0,293.3677375613472,293.3677375613472,15.12583863759715
single-blocker,22,111,prefix,288,94.5,243.0,576.0,316.2744216440158,316.2744216440158,15.60709062815391
single-blocker,22,111,prefix,320,105.0,270.0,640.0,337.418419498589,337.418419498589,15.954800067869876
single-blocker,22,111,prefix,352,115.5,297.0,704.0,357.6215927083963,357.6215927083963,16.265837140913682
single-blocker,22,111,prefix,384,126.0,324.0,768.0,375.5657828897653,375.5657828897653,16.444590347646706
single-blocker,22,111,prefix,416,136.5,351.0,832.0,394.2178429069799,394.2178429069799,16.711804896175508
single-blocker,22,111,prefix,448,147.0,378.0,896.0,410.7523596344898,410.7523596344898,16.8638022490952
single-blocker,22,111,prefix,480,157.5,405.0,960.0,428.1916887043519,428.1916887043519,17.098311193897153
single-blocker,22,111,prefix,512,168.0,432.0,1024.0,445.88372105702854,445.88372105702854,17.354974329875436
single-blocker,22,111,intersection,32,4.59375,23.625,64.0,63.96821681185914,63.96821681185914,10.501572154167501
single-blocker,22,111,intersection,64,4.59375,44.625,128.0,121.34492236728796,121.34492236728796,12.781748230062679
single-blocker,22,111,intersection,96,4.59375,65.625,192.0,168.42752165004515,168.42752165004515,14.012274164350345
single-blocker,22,111,intersection,128,4.59375,86.625,256.0,207.79503833067977,207.79503833067977,14.877890746250468
single-blocker,22,111,intersection,160,4.59375,107.625,320.0,242.46026965559645,242.46026965559645,15.552685128172952
single-blocker,22,111,intersection,192,4.59375,128.625,384.0,273.76130704963595,273.76130704963595,16.10468792236218
single-blocker,22,111,intersection,224,4.59375,149.625,448.0,302.4410095627728,302.4410095627728,16.569034690007697
single-blocker,22,111,intersection,256,4.59375,170.625,512.0,329.0323015633602,329.0323015633602,16.968890943601068
single-blocker,22,111,intersection,288,4.59375,191.625,576.0,353.9179012496477,353.9179012496477,17.319651219636164
single-blocker,22,111,intersection,320,4.59375,212.625,640.0,377.43794370720417,377.43794370720417,17.63361228972579
single-blocker,22,111,intersection,352,4.59375,233.625,704.0,399.73372811534506,399.73372811534506,17.91606596756325
single-blocker,22,111,intersection,384,4.59375,254.625,768.0,421.27709767993724,421.27709767993724,18.180872129006232
single-blocker,22,111,intersection,416,4.59375,275.625,832.0,441.8762755937645,441.8762755937645,18.422974786975868
single-blocker,22,111,intersection,448,4.59375,296.625,896.0,461.6495439045346,461.6495439045346,18.646108396762337
single-blocker,22,111,intersection,480,4.59375,317.625,960.0,480.65452090478936,480.65452090478936,18.85223419334695
single-blocker,22,111,intersection,512,4.59375,338.625,1024.0,498.9916877787364,498.9916877787364,19.044210820392262
single-blocker,22,111,completed,32,4.265625,23.4375,64.0,63.96821681185914,63.96821681185914,10.501572154167501
single-blocker,22,111,completed,64,4.265625,44.4375,128.0,121.34492236728796,121.34492236728796,12.781748230062679
single-blocker,22,111,completed,96,4.265625,65.4375,192.0,168.42752165004515,168.42752165004515,14.012274164350345
single-blocker,22,111,completed,128,4.265625,86.4375,256.0,207.79503833067977,207.79503833067977,14.877890746250468
single-blocker,22,111,completed,160,4.265625,107.4375,320.0,242.46026965559645,242.46026965559645,15.552685128172952
single-blocker,22,111,completed,192,4.265625,128.4375,384.0,273.76130704963595,273.76130704963595,16.10468792236218
single-blocker,22,111,completed,224,4.265625,149.4375,448.0,302.4410095627728,302.4410095627728,16.569034690007697
single-blocker,22,111,completed,256,4.265625,170.4375,512.0,329.0323015633602,329.0323015633602,16.968890943601068
single-blocker,22,111,completed,288,4.265625,191.4375,576.0,353.9179012496477,353.9179012496477,17.319651219636164
single-blocker,22,111,completed,320,4.265625,212.4375,640.0,377.43794370720417,377.43794370720417,17.63361228972579
single-blocker,22,111,completed,352,4.265625,233.4375,704.0,399.73372811534506,399.73372811534506,17.91606596756325
single-blocker,22,111,completed,384,4.265625,254.4375,768.0,421.27709767993724,421.27709767993724,18.180872129006232
single-blocker,22,111,completed,416,4.265625,275.4375,832.0,441.8762755937645,441.8762755937645,18.422974786975868
single-blocker,22,111,completed,448,4.265625,296.4375,896.0,461.6495439045346,461.6495439045346,18.646108396762337
single-blocker,22,111,completed,480,4.265625,317.4375,960.0,480.65452090478936,480.65452090478936,18.85223419334695
single-blocker,22,111,completed,512,4.265625,338.4375,1024.0,498.9916877787364,498.9916877787364,19.044210820392262
single-blocker,22,111,plugin,32,1.77734375,12.046875,49.0,48.96821681185914,48.96821681185914,8.707378950570273
single-blocker,22,111,plugin,64,2.65234375,22.546875,102.0,95.22759708485823,95.22759708485823,10.346475894151201
single-blocker,22,111,plugin,96,3.52734375,33.046875,151.0,128.67344751540537,128.67344751540537,11.15515966235545
single-blocker,22,111,plugin,128,4.40234375,43.546875,203.0,158.69393833274913,158.69393833274913,11.772255857269494
single-blocker,22,111,plugin,160,5.27734375,54.046875,251.0,182.61357591520124,182.61357591520124,12.198121125257325
single-blocker,22,111,plugin,192,6.15234375,64.546875,296.0,202.68557298937182,202.68557298937182,12.519482127347052
single-blocker,22,111,plugin,224,7.02734375,75.046875,344.0,222.7412539751733,222.7412539751733,12.821737920939485
single-blocker,22,111,plugin,256,7.90234375,85.546875,397.0,243.70684707744513,243.70684707744513,13.12128049866179
single-blocker,22,111,plugin,288,8.77734375,96.046875,450.0,263.2474625953364,263.2474625953364,13.38141094599729
single-blocker,22,111,plugin,320,9.65234375,106.546875,502.0,281.222069120071,281.222069120071,13.605778920720692
single-blocker,22,111,plugin,352,10.52734375,117.046875,555.0,298.6366316122792,298.6366316122792,13.812456661512462
single-blocker,22,111,plugin,384,11.40234375,127.546875,602.0,313.0451522551384,313.0451522551384,13.972081877877448
single-blocker,22,111,plugin,416,12.27734375,138.046875,650.0,327.2451910755289,327.2451910755289,14.124165832118335
single-blocker,22,111,plugin,448,13.15234375,148.546875,699.0,341.26215789899373,341.26215789899373,14.269519337794046
single-blocker,22,111,plugin,480,14.02734375,159.046875,750.0,355.4417831911668,355.4417831911668,14.412550235623742
single-blocker,22,111,plugin,512,14.90234375,169.546875,802.0,369.4511587724677,369.4511587724677,14.549518118225874
single-blocker,22,111,safe,32,9.25,0.0,32.0,31.968216811859147,31.968216811859147,4.02724519543652
single-blocker,22,111,safe,64,18.5,0.0,64.0,57.42435623340214,57.42435623340214,4.7282659037057675
single-blocker,22,111,safe,96,27.75,0.0,96.0,76.78319682780861,76.78319682780861,5.136346480888775
single-blocker,22,111,safe,128,37.0,0.0,128.0,93.03345515740088,93.03345515740088,5.425334592589174
single-blocker,22,111,safe,160,46.25,0.0,160.0,107.31238195727079,107.31238195727079,5.649261224939744
single-blocker,22,111,safe,192,55.5,0.0,192.0,120.1978375468853,120.1978375468853,5.832104609707439
single-blocker,22,111,safe,224,64.75,0.0,224.0,132.0310352083931,132.0310352083931,5.986627913082163
single-blocker,22,111,safe,256,74.0,0.0,256.0,143.03333360981438,143.03333360981438,6.120438712817281
single-blocker,22,111,safe,288,83.25,0.0,288.0,153.35798108855585,153.35798108855585,6.238439029233648
single-blocker,22,111,safe,320,92.5,0.0,320.0,163.1162631808352,163.1162631808352,6.343973346894013
single-blocker,22,111,safe,352,101.75,0.0,352.0,172.39200998111025,172.39200998111025,6.43942571339101
single-blocker,22,111,safe,384,111.0,0.0,384.0,181.25023096678382,181.25023096678382,6.5265555690159704
single-blocker,22,111,safe,416,120.25,0.0,416.0,189.74254455085054,189.74254455085054,6.6066985205464555
single-blocker,22,111,safe,448,129.5,0.0,448.0,197.91074640079475,197.91074640079475,6.680892410683006
single-blocker,22,111,safe,480,138.75,0.0,480.0,205.78924141297622,205.78924141297622,6.7499597404471405
single-blocker,22,111,safe,512,148.0,0.0,512.0,213.40675252840046,213.40675252840046,6.81456340954972
single-blocker,22,111,known,32,0.0,21.0,64.0,63.96821681185914,63.96821681185914,10.65953651522784
single-blocker,22,111,known,64,0.0,42.0,128.0,121.14413264044194,121.14413264044194,12.766504075974716
single-blocker,22,111,known,96,0.0,63.0,192.0,168.21511092820714,168.21511092820714,14.001133238234567
single-blocker,22,111,known,128,0.0,84.0,256.0,207.43876624059402,207.43876624059402,14.861575139902666
single-blocker,22,111,known,160,0.0,105.0,320.0,242.2078902761453,242.2078902761453,15.542321519259046
single-blocker,22,111,known,192,0.0,126.0,384.0,273.658832345826,273.658832345826,16.10084260918348
single-blocker,22,111,known,224,0.0,147.0,448.0,302.36003565161974,302.36003565161974,16.56621529079704
single-blocker,22,111,known,256,0.0,168.0,512.0,328.8714999728404,328.8714999728404,16.96363688333073
single-blocker,22,111,known,288,0.0,189.0,576.0,353.70381820322723,353.70381820322723,17.313034846762587
single-blocker,22,111,known,320,0.0,210.0,640.0,377.201021394601,377.201021394601,17.626647920159904
single-blocker,22,111,known,352,0.0,231.0,704.0,399.46942690772687,399.46942690772687,17.908637250156367
single-blocker,22,111,known,384,0.0,252.0,768.0,421.0563402629243,421.0563402629243,18.174933541937325
single-blocker,22,111,known,416,0.0,273.0,832.0,441.68099744531,441.68099744531,18.41792640625565
single-blocker,22,111,known,448,0.0,294.0,896.0,461.4669752293716,461.4669752293716,18.64155741835191
single-blocker,22,111,known,480,0.0,315.0,960.0,480.4680101362311,480.4680101362311,18.847737148828237
single-blocker,22,111,known,512,0.0,336.0,1024.0,498.7957688253494,498.7957688253494,19.039630351865583
single-blocker,22,111,product,32,10.5,27.0,64.0,63.96821681185914,63.96821681185914,8.98889899302358
single-blocker,22,111,product,64,21.0,54.0,128.0,116.10382972641379,116.10382972641379,11.224802983324174
single-blocker,22,111,product,96,31.5,81.0,192.0,155.78868966208665,155.78868966208665,12.302250417070628
single-blocker,22,111,product,128,42.0,108.0,256.0,189.70782086518324,189.70782086518324,13.244202879942565
single-blocker,22,111,product,160,52.5,135.0,320.0,218.63551763455652,218.63551763455652,13.703643277508332
single-blocker,22,111,product,192,63.0,162.0,384.0,244.6763860806027,244.6763860806027,14.076970962124406
single-blocker,22,111,product,224,73.5,189.0,448.0,269.8259564967481,269.8259564967481,14.650011364800774
single-blocker,22,111,product,256,84.0,216.0,512.0,293.3677375613472,293.3677375613472,15.12583863759715
single-blocker,22,111,product,288,94.5,243.0,576.0,316.2744216440158,316.2744216440158,15.60709062815391
single-blocker,22,111,product,320,105.0,270.0,640.0,337.418419498589,337.418419498589,15.954800067869876
single-blocker,22,111,product,352,115.5,297.0,704.0,357.6215927083963,357.6215927083963,16.265837140913682
single-blocker,22,111,product,384,126.0,324.0,768.0,375.5657828897653,375.5657828897653,16.444590347646706
single-blocker,22,111,product,416,136.5,351.0,832.0,394.2178429069799,394.2178429069799,16.711804896175508
single-blocker,22,111,product,448,147.0,378.0,896.0,410.7523596344898,410.7523596344898,16.8638022490952
single-blocker,22,111,product,480,157.5,405.0,960.0,428.1916887043519,428.1916887043519,17.098311193897153
single-blocker,22,111,product,512,168.0,432.0,1024.0,445.88372105702854,445.88372105702854,17.354974329875436
outcome-lag-64,24,111,prefix,32,3.6875,25.0,64.0,64.0,64.0,31.730339193551295
outcome-lag-64,24,111,prefix,64,7.375,50.0,128.0,128.0,128.0,69.10076374501129
outcome-lag-64,24,111,prefix,96,9.203125,73.9375,191.70448428902944,190.8853439400664,190.8574062494985,98.34848665374177
outcome-lag-64,24,111,prefix,128,9.390625,96.9375,244.94639676551768,247.84722386481383,244.0928631016648,117.00175373170597
outcome-lag-64,24,111,prefix,160,9.578125,119.9375,289.5589448373634,296.8789751627846,288.20111306342096,130.36227688910185
outcome-lag-64,24,111,prefix,192,9.765625,142.9375,330.5753355834876,338.85412925908383,326.2602119260307,140.27698074672244
outcome-lag-64,24,111,prefix,224,9.953125,165.9375,366.4818024404486,376.18872113156044,360.2497368150946,148.40768853232584
outcome-lag-64,24,111,prefix,256,10.1171875,188.71875,398.62221377489664,410.75290719826125,391.41529481886397,155.97152665498393
outcome-lag-64,24,111,prefix,288,10.1171875,209.96875,427.8897699563002,442.5353675919039,420.0827567008303,162.53509050875766
outcome-lag-64,24,111,prefix,320,10.1171875,231.21875,454.14808674144246,471.98875669329624,445.9704120340005,168.67438171759292
outcome-lag-64,24,111,prefix,352,10.1171875,252.46875,477.3028428778344,498.0025531220686,469.0962673348663,173.7560347662738
outcome-lag-64,24,111,prefix,384,10.1171875,273.71875,500.6377714929002,523.6802596127179,492.3985869265841,178.0818989795468
outcome-lag-64,24,111,prefix,416,10.1171875,294.96875,522.8417144930263,547.8495191842984,514.4472643845551,181.86880305888607
outcome-lag-64,24,111,prefix,448,10.1171875,316.21875,542.9329438353268,570.9087871044629,534.5108550607882,186.3280337529247
outcome-lag-64,24,111,prefix,480,10.1171875,337.46875,561.7912309072891,593.0276297143032,553.3691421327505,190.87285213770323
outcome-lag-64,24,111,prefix,512,10.1171875,358.71875,579.9946865042506,613.9207660183554,571.572597729712,194.6761469542359
outcome-lag-64,24,111,intersection,32,3.578125,24.9375,64.0,64.0,64.0,31.730339193551295
outcome-lag-64,24,111,intersection,64,3.765625,47.9375,128.0,128.0,128.0,56.56826517848712
outcome-lag-64,24,111,intersection,96,3.953125,70.9375,191.70448428902944,190.8853439400664,190.8574062494985,79.60978319522347
outcome-lag-64,24,111,intersection,128,4.140625,93.9375,246.33650304833694,247.15060359644133,244.01154767741312,97.21885267943249
outcome-lag-64,24,111,intersection,160,4.22265625,115.953125,291.96254724613664,294.77203984176106,286.6650837911326,110.80036536724549
outcome-lag-64,24,111,intersection,192,4.22265625,137.203125,327.9157582890932,333.8144845196978,321.67350605139484,120.74978566885359
outcome-lag-64,24,111,intersection,224,4.22265625,158.453125,361.0061238919763,369.92355741318136,354.31923533279246,128.94418312015253
outcome-lag-64,24,111,intersection,256,4.22265625,179.703125,391.16941859417636,403.41813463432914,384.2416486840946,136.46296083835605
outcome-lag-64,24,111,intersection,288,4.22265625,200.953125,419.52536187214463,434.66299791699765,412.24848639669335,142.8954518228391
outcome-lag-64,24,111,intersection,320,4.22265625,222.203125,445.73252187012,464.4028213483768,438.222458834314,149.20853038384647
outcome-lag-64,24,111,intersection,352,4.22265625,243.453125,469.0484292734675,490.8182285016087,461.5377125896241,154.56940221951552
outcome-lag-64,24,111,intersection,384,4.22265625,264.703125,492.39054637165793,516.6695903203305,484.8633294577135,159.09701209268547
outcome-lag-64,24,111,intersection,416,4.22265625,285.953125,514.1847933064529,540.5636537770813,506.575677354547,162.91136989618764
outcome-lag-64,24,111,intersection,448,4.22265625,307.203125,534.2379711915032,563.7083250002119,526.61340199868,167.45563894661595
outcome-lag-64,24,111,intersection,480,4.22265625,328.453125,553.1454570228013,585.9946099172832,545.5208878299782,172.1099099398829
outcome-lag-64,24,111,intersection,512,4.22265625,349.703125,571.3328428485307,606.9534997523148,563.7082736557076,175.9935104975132
outcome-lag-64,24,111,completed,32,2.265625,24.1875,64.0,64.0,64.0,27.76923903988743
outcome-lag-64,24,111,completed,64,5.109375,34.96875,111.0,111.0,111.0,46.44039841831117
outcome-lag-64,24,111,completed,96,7.015625,50.0625,163.7289771675064,162.8853439400664,162.88189912797546,63.84027336848175
outcome-lag-64,24,111,completed,128,7.15625,72.625,218.48802849901102,219.45493116098643,217.16593294724203,79.9334704648816
outcome-lag-64,24,111,completed,160,7.15625,93.875,265.5862816543786,268.52858038533464,261.90753920432206,94.42554240099942
outcome-lag-64,24,111,completed,192,7.15625,115.125,304.6503375075834,309.99861003728455,299.40472043142245,105.08942633634841
outcome-lag-64,24,111,completed,224,7.15625,136.375,340.01461797844604,348.1670643823136,334.08121800605767,113.9280532605581
outcome-lag-64,24,111,completed,256,7.15625,157.625,371.9847864325596,383.326875822331,365.5568729752809,121.99657421872715
outcome-lag-64,24,111,completed,288,7.15625,178.875,401.77664663448195,415.8772159407216,394.7866103222854,128.80436305289038
outcome-lag-64,24,111,completed,320,7.15625,200.125,429.09299481013886,446.7631170815099,421.76513809395163,135.48150413300343
outcome-lag-64,24,111,completed,352,7.15625,221.375,453.24261446870565,474.1104172737431,445.9005955385771,141.168720246286
outcome-lag-64,24,111,completed,384,7.15625,242.625,477.3538088740589,500.797929110618,469.9856803628951,145.95223864165868
outcome-lag-64,24,111,completed,416,7.15625,263.875,499.773485319169,525.3107963508004,492.27752058960175,149.89840983143
outcome-lag-64,24,111,completed,448,7.15625,285.125,520.3411378843532,549.0210446962515,512.8219625691189,154.5981343597931
outcome-lag-64,24,111,completed,480,7.15625,306.375,539.6907102909116,571.8298007380938,532.1715349756773,159.41547620198574
outcome-lag-64,24,111,completed,512,7.15625,327.625,558.2685050779652,593.2418256908622,550.7493297627308,163.42746679142266
outcome-lag-64,24,111,plugin,32,3.125,13.5,47.0,47.0,47.0,11.758340751766431
outcome-lag-64,24,111,plugin,64,6.1875,26.0,97.0,97.0,97.0,27.25497265716193
outcome-lag-64,24,111,plugin,96,9.25,38.5,145.7289771675064,144.4100823760589,144.40663756396796,42.449299102622604
outcome-lag-64,24,111,plugin,128,12.3125,51.0,185.8678349830958,183.80572101957608,182.29192752461225,54.571775767938995
outcome-lag-64,24,111,plugin,160,15.375,63.5,216.2611768741392,215.07199528030202,210.87595541486,63.01309539965326
outcome-lag-64,24,111,plugin,192,18.4375,76.0,241.65595231520828,242.0527368048873,235.48958212310035,69.28365530505731
outcome-lag-64,24,111,plugin,224,21.5,88.5,265.9582171323784,268.1543700936905,259.4984064493668,74.76799817655633
outcome-lag-64,24,111,plugin,256,24.5625,101.0,288.7728592109899,292.90143473602325,282.1306553475171,79.91683695017521
outcome-lag-64,24,111,plugin,288,27.625,113.5,310.82116570053824,316.8139904423047,303.88259097574274,84.62395114202103
outcome-lag-64,24,111,plugin,320,30.6875,126.0,328.4029303394386,336.23103183116456,321.25828898222926,88.45057971588514
outcome-lag-64,24,111,plugin,352,33.75,138.5,343.9297324880077,353.0578942398177,336.7850911307983,91.21092100898493
outcome-lag-64,24,111,plugin,384,36.8125,151.0,360.2485320518782,370.4427543392971,353.0899029574949,93.56695561569947
outcome-lag-64,24,111,plugin,416,39.875,163.5,378.27526052325766,389.94996119738494,371.04665958727463,96.47648526277257
outcome-lag-64,24,111,plugin,448,42.9375,176.0,392.82635893566794,406.58650265928816,385.58446224781835,99.68129060183882
outcome-lag-64,24,111,plugin,480,46.0,188.5,406.05623172416483,421.9431296479477,398.81433503631524,102.74443237230041
outcome-lag-64,24,111,plugin,512,49.0625,201.0,419.4466336291564,437.1043089463407,412.2047369413068,105.3280821535204
outcome-lag-64,24,111,safe,32,5.1875,0.0,32.0,32.0,32.0,11.073744792170471
outcome-lag-64,24,111,safe,64,10.375,0.0,64.0,64.0,64.0,24.176499746155322
outcome-lag-64,24,111,safe,96,15.5625,0.0,95.72897716750644,94.88534394006642,94.88189912797549,36.852485869668065
outcome-lag-64,24,111,safe,128,20.75,0.0,120.26323321779189,120.92349304890269,119.40969955393898,46.92936476061245
outcome-lag-64,24,111,safe,160,25.9375,0.0,139.1438039720082,142.48631017359725,138.29027030815527,54.437181717787645
outcome-lag-64,24,111,safe,192,31.125,0.0,155.03165975832468,160.74128077625872,154.17812609447176,59.989540115602274
outcome-lag-64,24,111,safe,224,36.3125,0.0,169.04148766021547,176.84391764068607,168.18795399636255,64.41350262189661
outcome-lag-64,24,111,safe,256,41.5,0.0,181.7088378590318,191.62608358368507,180.8553041951789,68.32718096320956
outcome-lag-64,24,111,safe,288,46.6875,0.0,193.3629152261116,205.44078102882042,192.50938156225868,71.93523124601992
outcome-lag-64,24,111,safe,320,51.875,0.0,204.20719730141647,218.3264064864987,203.35366363756356,75.16810892907917
outcome-lag-64,24,111,safe,352,57.0625,0.0,214.39503966256103,229.7732179878162,213.54150599870812,77.43462599661854
outcome-lag-64,24,111,safe,384,62.25,0.0,224.02243533993402,240.38958895980963,223.1689016760811,79.27990583856341
outcome-lag-64,24,111,safe,416,67.4375,0.0,233.17875613848287,251.09355230805073,232.32522247462995,81.57169855426832
outcome-lag-64,24,111,safe,448,72.625,0.0,241.93221872656378,261.8160647675868,241.07868506271086,84.20020305399649
outcome-lag-64,24,111,safe,480,77.8125,0.0,250.3401709772462,272.1279248054929,249.4866373133933,86.70263540948518
outcome-lag-64,24,111,safe,512,83.0,0.0,258.4270933321807,281.7559794794049,257.57355966832785,88.77778263707563
outcome-lag-64,24,111,known,32,0.0,21.25,62.0,62.0,62.0,22.708612457185193
outcome-lag-64,24,111,known,64,0.0,42.5,125.0,125.0,125.0,48.02355345731327
outcome-lag-64,24,111,known,96,0.0,63.75,186.7289771675064,185.51717135528403,185.5137265431931,70.86161794621303
outcome-lag-64,24,111,known,128,0.0,85.0,241.888005177564,240.05555160004667,238.45275393209144,89.04011764711012
outcome-lag-64,24,111,known,160,0.0,106.25,286.0544633766081,286.99647204738716,280.7414305762586,103.00334297825653
outcome-lag-64,24,111,known,192,0.0,127.5,322.5652054785105,326.7111219021167,316.44666431422974,113.24885209770981
outcome-lag-64,24,111,known,224,0.0,148.75,355.9891769614601,363.3199851347122,349.56402870425325,121.70355992918901
outcome-lag-64,24,111,known,256,0.0,170.0,386.4038314798233,397.19754078902844,379.78536960080345,129.43113146149295
outcome-lag-64,24,111,known,288,0.0,191.25,414.9108460756179,428.697686171186,407.98604059558625,135.99526121895917
outcome-lag-64,24,111,known,320,0.0,212.5,441.44171628897107,458.8875691516536,434.30567260570035,142.50696037467506
outcome-lag-64,24,111,known,352,0.0,233.75,465.04529752601746,485.693455791341,457.90925384274675,148.05569287886382
outcome-lag-64,24,111,known,384,0.0,255.0,488.599638433913,511.8269411464444,481.4491236555341,152.72292735078716
outcome-lag-64,24,111,known,416,0.0,276.25,510.4227557107969,535.7907206855399,503.1999691944682,156.58266464932802
outcome-lag-64,24,111,known,448,0.0,297.5,530.5975873172305,559.1104599400725,523.3610884202275,161.1975565519683
outcome-lag-64,24,111,known,480,0.0,318.75,549.6353164014414,581.5866069657167,542.3988175044384,165.93200813477966
outcome-lag-64,24,111,known,512,0.0,340.0,567.9165333311315,602.6821264937986,560.6800344341285,169.87628956082938
outcome-lag-64,24,111,product,32,3.5,23.25,62.0,62.0,62.0,31.730339193551295
outcome-lag-64,24,111,product,64,7.0,46.5,125.0,125.0,125.0,69.10076374501129
outcome-lag-64,24,111,product,96,10.5,69.75,186.67999141055247,185.8853439400664,185.83291337102153,100.37757806967514
outcome-lag-64,24,111,product,128,14.0,93.0,235.7954049706656,240.5383044030892,234.94187130681271,123.32104875855333
outcome-lag-64,24,111,product,160,17.5,116.25,272.75919004694725,284.72493528386696,271.90565638309437,139.94308914857723
outcome-lag-64,24,111,product,192,21.0,139.5,303.43527051285554,321.4700594605044,302.58173684900265,152.15005523347443
outcome-lag-64,24,111,product,224,24.5,162.75,331.3802024649355,355.61543017247277,330.5266688010826,162.97540957483696
outcome-lag-64,24,111,product,256,28.0,186.0,356.6891670114369,387.4790049519021,355.835633347584,173.15537295213989
outcome-lag-64,24,111,product,288,31.5,209.25,380.3664548092591,417.3841493443216,379.5129211454062,182.39325516402667
outcome-lag-64,24,111,product,320,35.0,232.5,402.35716300900924,445.21863129249834,401.50362934515636,190.70830896190918
outcome-lag-64,24,111,product,352,38.5,255.75,422.0366240412398,469.558346043115,421.1830903773869,197.36250740998204
outcome-lag-64,24,111,product,384,42.0,279.0,441.5285843213193,493.31610243131547,440.6750506574664,203.38047846950863
outcome-lag-64,24,111,product,416,45.5,302.25,459.76346859217193,515.9562156080044,458.90993492831905,209.2854070371512
outcome-lag-64,24,111,product,448,49.0,325.5,476.65165456833677,537.495744887434,475.7981209044839,215.23337987832204
outcome-lag-64,24,111,product,480,52.5,348.75,492.57201412263373,557.887925673765,491.71848045878085,220.81486568864915
outcome-lag-64,24,111,product,512,56.0,372.0,507.8893019367494,576.9671982801835,507.0357682728965,225.55204181745017
single-blocker,24,111,prefix,32,3.6875,25.0,64.0,63.96821681185914,63.96821681185914,8.988898993023577
single-blocker,24,111,prefix,64,7.375,50.0,128.0,115.79869019748696,115.79869019748696,10.908136316657508
single-blocker,24,111,prefix,96,11.0625,75.0,192.0,155.78868966208665,155.78868966208665,12.302250417070622
single-blocker,24,111,prefix,128,14.75,100.0,256.0,189.1936550207145,189.1936550207145,13.085800676085817
single-blocker,24,111,prefix,160,18.4375,125.0,320.0,219.2028424988557,219.2028424988557,13.839921472997055
single-blocker,24,111,prefix,192,22.125,150.0,384.0,247.0989885917244,247.0989885917244,14.534020585236693
single-blocker,24,111,prefix,224,25.8125,175.0,448.0,271.73202213899634,271.73202213899634,14.93794685281189
single-blocker,24,111,prefix,256,29.5,200.0,512.0,294.68622082982415,294.68622082982415,15.291867474846393
single-blocker,24,111,prefix,288,33.1875,225.0,576.0,315.59543272177797,315.59543272177797,15.533817186267337
single-blocker,24,111,prefix,320,36.875,250.0,640.0,335.3306615747215,335.3306615747215,15.749617888916575
single-blocker,24,111,prefix,352,40.5625,275.0,704.0,356.20203437143516,356.20203437143516,16.150492698104827
single-blocker,24,111,prefix,384,44.25,300.0,768.0,374.12005085631665,374.12005085631665,16.32872385431242
single-blocker,24,111,prefix,416,47.9375,325.0,832.0,392.0163625503385,392.0163625503385,16.5523509392878
single-blocker,24,111,prefix,448,51.625,350.0,896.0,410.75235963448944,410.75235963448944,16.8638022490952
single-blocker,24,111,prefix,480,55.3125,375.0,960.0,429.69556334141265,429.69556334141265,17.18286283395769
single-blocker,24,111,prefix,512,59.0,400.0,1024.0,448.1619190637396,448.1619190637396,17.464287320832707
single-blocker,24,111,intersection,32,2.046875,24.0625,64.0,63.96821681185914,63.96821681185914,10.253203373190024
single-blocker,24,111,intersection,64,2.234375,47.0625,128.0,120.93811359426493,120.93811359426493,12.745810305280939
single-blocker,24,111,intersection,96,2.421875,70.0625,192.0,168.3512293240133,168.3512293240133,14.008277712547297
single-blocker,24,111,intersection,128,2.609375,93.0625,256.0,207.8604061387895,207.8604061387895,14.88087396725424
single-blocker,24,111,intersection,160,2.69140625,115.078125,320.0,242.50668037653395,242.50668037653395,15.5545867211745
single-blocker,24,111,intersection,192,2.69140625,136.328125,381.0,272.0947841399561,272.0947841399561,16.072427371100396
single-blocker,24,111,intersection,224,2.69140625,157.578125,444.0,300.4057507177806,300.4057507177806,16.532831888552593
single-blocker,24,111,intersection,256,2.69140625,178.828125,507.0,326.7185688963002,326.7185688963002,16.93135884243401
single-blocker,24,111,intersection,288,2.69140625,200.078125,571.0,351.8225675106811,351.8225675106811,17.28887163856473
single-blocker,24,111,intersection,320,2.69140625,221.328125,635.0,375.60457538936527,375.60457538936527,17.610402572114765
single-blocker,24,111,intersection,352,2.69140625,242.578125,696.0,396.9626007261344,396.9626007261344,17.882992409947796
single-blocker,24,111,intersection,384,2.69140625,263.828125,760.0,418.5496811035201,418.5496811035201,18.148518515351842
single-blocker,24,111,intersection,416,2.69140625,285.078125,823.0,438.8062694950967,438.8062694950967,18.386177913400452
single-blocker,24,111,intersection,448,2.69140625,306.328125,884.0,457.6192328181752,457.6192328181752,18.598369407521496
single-blocker,24,111,intersection,480,2.69140625,327.578125,944.0,475.4570065010433,475.4570065010433,18.792637646978637
single-blocker,24,111,intersection,512,2.69140625,348.828125,1004.0,492.7101825562234,492.7101825562234,18.97452757292831
single-blocker,24,111,completed,32,2.046875,24.0625,64.0,63.96821681185914,63.96821681185914,10.253203373190024
single-blocker,24,111,completed,64,2.234375,47.0625,128.0,120.93811359426493,120.93811359426493,12.745810305280939
single-blocker,24,111,completed,96,2.421875,70.0625,192.0,168.3512293240133,168.3512293240133,14.008277712547297
single-blocker,24,111,completed,128,2.609375,93.0625,256.0,207.8604061387895,207.8604061387895,14.88087396725424
single-blocker,24,111,completed,160,2.66796875,114.859375,320.0,242.50668037653395,242.50668037653395,15.5545867211745
single-blocker,24,111,completed,192,2.66796875,136.109375,381.0,272.0947841399561,272.0947841399561,16.072427371100396
single-blocker,24,111,completed,224,2.66796875,157.359375,444.0,300.4057507177806,300.4057507177806,16.532831888552593
single-blocker,24,111,completed,256,2.66796875,178.609375,507.0,326.7185688963002,326.7185688963002,16.93135884243401
single-blocker,24,111,completed,288,2.66796875,199.859375,571.0,351.8225675106811,351.8225675106811,17.28887163856473
single-blocker,24,111,completed,320,2.66796875,221.109375,635.0,375.60457538936527,375.60457538936527,17.610402572114765
single-blocker,24,111,completed,352,2.66796875,242.359375,696.0,396.9626007261344,396.9626007261344,17.882992409947796
single-blocker,24,111,completed,384,2.66796875,263.609375,760.0,418.5496811035201,418.5496811035201,18.148518515351842
single-blocker,24,111,completed,416,2.66796875,284.859375,823.0,438.8062694950967,438.8062694950967,18.386177913400452
single-blocker,24,111,completed,448,2.66796875,306.109375,884.0,457.6192328181752,457.6192328181752,18.598369407521496
single-blocker,24,111,completed,480,2.66796875,327.359375,944.0,475.4570065010433,475.4570065010433,18.792637646978637
single-blocker,24,111,completed,512,2.66796875,348.609375,1004.0,492.7101825562234,492.7101825562234,18.97452757292831
single-blocker,24,111,plugin,32,0.927734375,22.2421875,63.0,62.96821681185914,62.96821681185914,10.453953106548456
single-blocker,24,111,plugin,64,0.927734375,43.4921875,126.0,119.29725752745715,119.29725752745715,12.708520882697409
single-blocker,24,111,plugin,96,0.927734375,64.7421875,188.0,165.25080906647275,165.25080906647275,13.925759620203984
single-blocker,24,111,plugin,128,0.927734375,85.9921875,251.0,204.4711283956657,204.4711283956657,14.801468861115604
single-blocker,24,111,plugin,160,0.927734375,107.2421875,313.0,238.25214309499697,238.25214309499697,15.464784060436362
single-blocker,24,111,plugin,192,0.927734375,128.4921875,374.0,268.1961295346167,268.1961295346167,15.996757325443582
single-blocker,24,111,plugin,224,0.927734375,149.7421875,437.0,296.7998515247362,296.7998515247362,16.467922597967373
single-blocker,24,111,plugin,256,0.927734375,170.9921875,500.0,323.3456167241317,323.3456167241317,16.87443321961294
single-blocker,24,111,plugin,288,0.927734375,192.2421875,564.0,348.64442037154004,348.64442037154004,17.238216678784852
single-blocker,24,111,plugin,320,0.927734375,213.4921875,628.0,372.6022272815303,372.6022272815303,17.565130071710808
single-blocker,24,111,plugin,352,0.927734375,234.7421875,689.0,394.09731134359095,394.09731134359095,17.8417082326929
single-blocker,24,111,plugin,384,0.927734375,255.9921875,753.0,415.81245342334626,415.81245342334626,18.1107944157723
single-blocker,24,111,plugin,416,0.927734375,277.2421875,816.0,436.1704912268958,436.1704912268958,18.35115110254857
single-blocker,24,111,plugin,448,0.927734375,298.4921875,877.0,455.07479669513344,455.07479669513344,18.565698704320678
single-blocker,24,111,plugin,480,0.927734375,319.7421875,937.0,472.9939240600305,472.9939240600305,18.76200128685871
single-blocker,24,111,plugin,512,0.927734375,340.9921875,997.0,490.31921718786236,490.31921718786236,18.94563716520433
single-blocker,24,111,safe,32,5.1875,0.0,32.0,31.968216811859147,31.968216811859147,4.02724519543652
single-blocker,24,111,safe,64,10.375,0.0,64.0,57.42435623340214,57.42435623340214,4.7282659037057675
single-blocker,24,111,safe,96,15.5625,0.0,96.0,76.78319682780861,76.78319682780861,5.136346480888775
single-blocker,24,111,safe,128,20.75,0.0,128.0,93.03345515740088,93.03345515740088,5.425334592589174
single-blocker,24,111,safe,160,25.9375,0.0,160.0,107.31238195727079,107.31238195727079,5.649261224939744
single-blocker,24,111,safe,192,31.125,0.0,192.0,120.1978375468853,120.1978375468853,5.832104609707439
single-blocker,24,111,safe,224,36.3125,0.0,224.0,132.0310352083931,132.0310352083931,5.986627913082163
single-blocker,24,111,safe,256,41.5,0.0,256.0,143.03333360981438,143.03333360981438,6.120438712817281
single-blocker,24,111,safe,288,46.6875,0.0,288.0,153.35798108855585,153.35798108855585,6.238439029233648
single-blocker,24,111,safe,320,51.875,0.0,320.0,163.1162631808352,163.1162631808352,6.343973346894013
single-blocker,24,111,safe,352,57.0625,0.0,352.0,172.39200998111025,172.39200998111025,6.43942571339101
single-blocker,24,111,safe,384,62.25,0.0,384.0,181.25023096678382,181.25023096678382,6.5265555690159704
single-blocker,24,111,safe,416,67.4375,0.0,416.0,189.74254455085054,189.74254455085054,6.6066985205464555
single-blocker,24,111,safe,448,72.625,0.0,448.0,197.91074640079475,197.91074640079475,6.680892410683006
single-blocker,24,111,safe,480,77.8125,0.0,480.0,205.78924141297622,205.78924141297622,6.7499597404471405
single-blocker,24,111,safe,512,83.0,0.0,512.0,213.40675252840046,213.40675252840046,6.81456340954972
single-blocker,24,111,known,32,0.0,21.25,62.0,61.96821681185914,61.96821681185914,10.486675062954623
single-blocker,24,111,known,64,0.0,42.5,125.0,118.4168004428446,118.4168004428446,12.684906832213219
single-blocker,24,111,known,96,0.0,63.75,187.0,164.43612205274448,164.43612205274448,13.903032347476712
single-blocker,24,111,known,128,0.0,85.0,250.0,203.75869627186452,203.75869627186452,14.783982074164632
single-blocker,24,111,known,160,0.0,106.25,312.0,237.64049078970598,237.64049078970598,15.451797047449357
single-blocker,24,111,known,192,0.0,127.5,373.0,267.6439691818261,267.6439691818261,15.986134704293365
single-blocker,24,111,known,224,0.0,148.75,436.0,296.27011907686983,296.27011907686983,16.458129198220707
single-blocker,24,111,known,256,0.0,170.0,499.0,322.8270467902408,322.8270467902408,16.865072789579244
single-blocker,24,111,known,288,0.0,191.25,563.0,348.12696946684326,348.12696946684326,17.22897984149037
single-blocker,24,111,known,320,0.0,212.5,627.0,372.13365105667447,372.13365105667447,17.55747760656979
single-blocker,24,111,known,352,0.0,233.75,688.0,393.668583861032,393.668583861032,17.835256275428687
single-blocker,24,111,known,384,0.0,255.0,752.0,415.4045218992962,415.4045218992962,18.104943430512698
single-blocker,24,111,known,416,0.0,276.25,815.0,435.7485744279096,435.7485744279096,18.34495371857149
single-blocker,24,111,known,448,0.0,297.5,876.0,454.66840923825873,454.66840923825873,18.55994117702852
single-blocker,24,111,known,480,0.0,318.75,936.0,472.60692266778545,472.60692266778545,18.75675916372259
single-blocker,24,111,known,512,0.0,340.0,996.0,489.9420598943622,489.9420598943622,18.940658288267453
single-blocker,24,111,product,32,3.5,23.25,62.0,61.96821681185914,61.96821681185914,7.988898993023576
single-blocker,24,111,product,64,7.0,46.5,125.0,112.79869019748698,112.79869019748698,9.408136316657508
single-blocker,24,111,product,96,10.5,69.75,187.0,150.78868966208668,150.78868966208668,10.21891708373729
single-blocker,24,111,product,128,14.0,93.0,250.0,183.19365502071452,183.19365502071452,10.802467342752484
single-blocker,24,111,product,160,17.5,116.25,312.0,211.20284249885572,211.20284249885572,11.247064330139914
single-blocker,24,111,product,192,21.0,139.5,373.0,236.09898859172446,236.09898859172446,11.60505233126844
single-blocker,24,111,product,224,24.5,162.75,436.0,259.7320221389964,259.7320221389964,11.918069507934549
single-blocker,24,111,product,256,28.0,186.0,499.0,281.6862208298242,281.6862208298242,12.188656796635717
single-blocker,24,111,product,288,31.5,209.25,563.0,302.595432721778,302.595432721778,12.43060650805666
single-blocker,24,111,product,320,35.0,232.5,627.0,322.3306615747215,322.3306615747215,12.646407210705899
single-blocker,24,111,product,352,38.5,255.75,688.0,340.20203437143516,340.20203437143516,12.832263704875839
single-blocker,24,111,product,384,42.0,279.0,752.0,358.12005085631665,358.12005085631665,13.01049486108344
single-blocker,24,111,product,416,45.5,302.25,815.0,375.0163625503385,375.0163625503385,13.171621946058817
single-blocker,24,111,product,448,49.0,325.5,876.0,390.75235963448944,390.75235963448944,13.316062591951534
single-blocker,24,111,product,480,52.5,348.75,936.0,405.69556334141265,405.69556334141265,13.448571322870867
single-blocker,24,111,product,512,56.0,372.0,996.0,420.1619190637396,420.1619190637396,13.572830567580647
outcome-lag-64,26,111,prefix,32,15.75,24.5,64.0,64.0,64.0,29.64209266210565
outcome-lag-64,26,111,prefix,64,31.5,49.0,128.0,128.0,128.0,67.2658876325004
outcome-lag-64,26,111,prefix,96,38.8828125,68.71875,191.76075078897222,191.41883058899427,191.37794146510336,101.38861653414891
outcome-lag-64,26,111,prefix,128,38.8828125,84.21875,245.7400461066161,249.06606943852745,245.32438533165293,127.2091646270995
outcome-lag-64,26,111,prefix,160,38.8828125,99.71875,292.7199163444427,300.5795867548098,292.30425556947955,150.44256073331817
outcome-lag-64,26,111,prefix,192,38.8828125,115.21875,333.42826294049826,346.4513841029549,333.0126021655351,167.5615842084203
outcome-lag-64,26,111,prefix,224,38.8828125,130.71875,369.2771393542003,388.39602671056866,368.86147857923714,180.68039778248135
outcome-lag-64,26,111,prefix,256,38.8828125,146.21875,400.8965854561504,425.99632048531555,400.4809246811872,191.59583872555285
outcome-lag-64,26,111,prefix,288,38.8828125,161.71875,429.2076656536977,460.40924901615205,428.79200487873453,201.30612008098603
outcome-lag-64,26,111,prefix,320,38.8828125,177.21875,455.8542202253787,493.1639034135721,455.43855945041554,210.50896122350153
outcome-lag-64,26,111,prefix,352,38.8828125,192.71875,480.6472358404756,523.6464885144006,480.23157506551246,218.73045686293364
outcome-lag-64,26,111,prefix,384,38.8828125,208.21875,503.91072361950665,551.2241748635354,503.4950628445435,225.1215939056881
outcome-lag-64,26,111,prefix,416,38.8828125,223.71875,526.2446226446307,577.6453553394975,525.8289618696675,231.08808640785637
outcome-lag-64,26,111,prefix,448,38.8828125,239.21875,547.3487394843951,602.5570259123305,546.9330787094319,236.48088730201331
outcome-lag-64,26,111,prefix,480,38.8828125,254.71875,567.6975505234019,626.6854586720087,567.2818897484387,241.7116562581922
outcome-lag-64,26,111,prefix,512,38.8828125,270.21875,587.1881220764639,649.8263252784899,586.7724613015007,246.63860115356982
outcome-lag-64,26,111,intersection,32,15.2578125,24.21875,64.0,64.0,64.0,29.94209266210565
outcome-lag-64,26,111,intersection,64,15.75,40.0,128.0,128.0,128.0,70.44250268533622
outcome-lag-64,26,111,intersection,96,15.75,55.5,191.76075078897222,191.41883058899427,191.37794146510336,107.51928084383204
outcome-lag-64,26,111,intersection,128,15.75,71.0,246.84963659975426,249.6508946811225,246.43397582479113,132.8303313387586
outcome-lag-64,26,111,intersection,160,15.75,86.5,293.4423627003491,302.1698144077193,293.026701925386,151.74010461788916
outcome-lag-64,26,111,intersection,192,15.75,102.0,331.96816050874713,348.2548316391171,331.55249973378403,167.11027668315225
outcome-lag-64,26,111,intersection,224,15.75,117.5,365.7124763808263,388.4597983511933,365.2968156058632,179.1730590761627
outcome-lag-64,26,111,intersection,256,15.75,133.0,396.2500633362885,424.98797967707986,395.8344025613255,189.52457472505972
outcome-lag-64,26,111,intersection,288,15.75,148.5,424.4030037076061,459.2646666355537,423.98734293264306,199.0786790450093
outcome-lag-64,26,111,intersection,320,15.75,164.0,450.53453855207374,491.36346436296014,450.1188777771107,207.93021517669186
outcome-lag-64,26,111,intersection,352,15.75,179.5,475.10997136147586,521.5300402762055,474.6943105865128,215.92496292452432
outcome-lag-64,26,111,intersection,384,15.75,195.0,498.4354735254061,549.1239636008471,498.01981275044307,222.28102857328537
outcome-lag-64,26,111,intersection,416,15.75,210.5,520.4766479946696,575.074820152034,520.0609872197066,228.00240641859722
outcome-lag-64,26,111,intersection,448,15.75,226.0,541.6784496484879,600.0289340972919,541.2627888735249,233.33184733870294
outcome-lag-64,26,111,intersection,480,15.75,241.5,561.9642366890444,624.0895117371572,561.5485759140813,238.53738600980978
outcome-lag-64,26,111,intersection,512,15.75,257.0,581.555885908553,647.3405647296146,581.14022513359,243.4932197503665
outcome-lag-64,26,111,completed,32,8.859375,20.5625,64.0,64.0,64.0,30.08460058424626
outcome-lag-64,26,111,completed,64,16.12109375,29.765625,115.0,115.0,115.0,59.129927982518055
outcome-lag-64,26,111,completed,96,23.94140625,38.484375,164.80163991286312,164.41883058899427,164.41883058899427,83.67834169987358
outcome-lag-64,26,111,completed,128,23.94140625,53.984375,220.85610998311586,222.82511988959604,220.44044920815273,104.78933838425363
outcome-lag-64,26,111,completed,160,23.94140625,69.484375,270.6615827530238,276.9072855728311,270.24592197806066,125.37181252472593
outcome-lag-64,26,111,completed,192,23.94140625,84.984375,312.61227802269696,326.0420531970866,312.1966172477338,142.24235490696668
outcome-lag-64,26,111,completed,224,23.94140625,100.484375,348.4972444482464,368.45510762967984,348.08158367328326,155.32838723331332
outcome-lag-64,26,111,completed,256,23.94140625,115.984375,380.59026542331054,406.6849331107212,380.1746046483474,166.44058767836574
outcome-lag-64,26,111,completed,288,23.94140625,131.484375,409.9479943231551,442.4057007801914,409.53233354819196,176.63654718578593
outcome-lag-64,26,111,completed,320,23.94140625,146.984375,437.0155605282818,475.68751810051754,436.59989975331865,186.02592311406067
outcome-lag-64,26,111,completed,352,23.94140625,162.484375,462.3655933187684,506.8356231547768,461.94993254380523,194.43935039233793
outcome-lag-64,26,111,completed,384,23.94140625,177.984375,486.35785221797175,535.2469067261524,485.9421914430086,201.11638885318524
outcome-lag-64,26,111,completed,416,23.94140625,193.484375,508.94335011891684,561.85779138981,508.5276893439537,207.0827565410317
outcome-lag-64,26,111,completed,448,23.94140625,208.984375,530.6392062295915,587.3990726036641,530.2235454546285,212.60918733907027
outcome-lag-64,26,111,completed,480,23.94140625,224.484375,551.3500010901283,611.9928775958365,550.9343403151653,218.00928928033886
outcome-lag-64,26,111,completed,512,23.94140625,239.984375,571.3290378361671,635.7342154815038,570.9133770612041,223.1428131459118
outcome-lag-64,26,111,plugin,32,4.388671875,8.0234375,50.0,50.0,50.0,17.74396835748198
outcome-lag-64,26,111,plugin,64,7.888671875,13.5234375,103.0,103.0,103.0,47.86607104808168
outcome-lag-64,26,111,plugin,96,8.39453125,27.578125,164.80163991286312,164.41883058899427,164.41883058899427,80.3948116602684
outcome-lag-64,26,111,plugin,128,10.021484375,38.4296875,216.1753823624634,217.76994178241023,215.75972158750028,104.25198645358854
outcome-lag-64,26,111,plugin,160,10.30859375,53.109375,261.4886991026072,268.7269325492667,261.07303832764404,123.86848016962284
outcome-lag-64,26,111,plugin,192,10.30859375,68.609375,304.0496992165833,317.4319571678442,303.63403844162013,140.45051335884534
outcome-lag-64,26,111,plugin,224,10.30859375,84.109375,341.70258914562834,360.2929711922378,341.2869283706652,154.2197992687944
outcome-lag-64,26,111,plugin,256,10.30859375,99.609375,375.358592385541,399.6293417619333,374.94293161057783,165.9311725687113
outcome-lag-64,26,111,plugin,288,10.30859375,115.109375,406.296994914266,437.0153267400845,405.88133413930285,176.88336389147406
outcome-lag-64,26,111,plugin,320,10.30859375,130.609375,433.9525209293781,470.8874740496942,433.53686015441497,186.55916585481788
outcome-lag-64,26,111,plugin,352,10.30859375,146.109375,459.9005932711787,502.6753182747174,459.48493249621555,195.20252411039158
outcome-lag-64,26,111,plugin,384,10.30859375,161.609375,484.6168611300803,531.848263417895,484.2012003551171,202.1792777659715
outcome-lag-64,26,111,plugin,416,10.30859375,177.109375,507.38034395238844,558.5177282973582,506.9646831774253,208.1187679630617
outcome-lag-64,26,111,plugin,448,10.30859375,192.609375,529.579589429891,584.5578922825346,529.163928654928,213.7555172318702
outcome-lag-64,26,111,plugin,480,10.30859375,208.109375,550.5491683799187,609.4757712869254,550.1335076049556,219.29350664485526
outcome-lag-64,26,111,plugin,512,10.30859375,223.609375,570.9084743935888,633.6702896634397,570.4928136186257,224.59842041093415
outcome-lag-64,26,111,safe,32,17.875,0.0,32.0,32.0,32.0,9.101768890282514
outcome-lag-64,26,111,safe,64,35.75,0.0,64.0,64.0,64.0,23.54172617641311
outcome-lag-64,26,111,safe,96,53.625,0.0,95.80163991286308,95.41883058899424,95.41883058899424,37.70438685911318
outcome-lag-64,26,111,safe,128,71.5,0.0,120.37582063955611,121.82975527042161,119.96015986459294,48.15404132264868
outcome-lag-64,26,111,safe,160,89.375,0.0,139.2316243238329,144.06239916589712,138.81596354886975,56.331685050604925
outcome-lag-64,26,111,safe,192,107.25,0.0,155.1438363358357,163.75313966720782,154.72817556087253,63.31981334706875
outcome-lag-64,26,111,safe,224,125.125,0.0,169.1649436848181,180.5678120661029,168.74928290985494,68.45581138783078
outcome-lag-64,26,111,safe,256,143.0,0.0,181.82001261397335,195.76509482110677,181.4043518390102,72.78460654114848
outcome-lag-64,26,111,safe,288,160.875,0.0,193.47542382284036,209.82217898257142,193.0597630478772,76.6350435402882
outcome-lag-64,26,111,safe,320,178.75,0.0,204.3195563223685,222.7667946897323,203.90389554740534,79.9269114728301
outcome-lag-64,26,111,safe,352,196.625,0.0,214.5018589675695,235.12653808725753,214.08619819260633,83.10636043657728
outcome-lag-64,26,111,safe,384,214.5,0.0,224.14370281785995,246.27944240258492,223.7280420428968,85.48817362185589
outcome-lag-64,26,111,safe,416,232.375,0.0,233.30671623604388,256.9137974472359,232.89105546108073,87.71035803397066
outcome-lag-64,26,111,safe,448,250.25,0.0,242.06229111716632,267.3848952582494,241.64663034220317,90.08744788517645
outcome-lag-64,26,111,safe,480,268.125,0.0,250.46614896697255,277.2870723093266,250.0504881920094,92.18019725383624
outcome-lag-64,26,111,safe,512,286.0,0.0,258.55136601428313,286.7832996620461,258.13570523932003,94.12351716023417
outcome-lag-64,26,111,known,32,0.0,15.5,64.0,64.0,64.0,26.190857579371205
outcome-lag-64,26,111,known,64,0.0,31.0,128.0,128.0,128.0,64.47953216708663
outcome-lag-64,26,111,known,96,0.0,46.5,191.80163991286312,191.41883058899427,191.41883058899427,100.38502420311022
outcome-lag-64,26,111,known,128,0.0,62.0,248.06818092614296,249.750709728787,247.65252015117983,124.7283757462425
outcome-lag-64,26,111,known,160,0.0,77.5,293.10641087738793,301.2071536599112,292.6907501024248,142.98313574799474
outcome-lag-64,26,111,known,192,0.0,93.0,331.7947738196137,347.4863044496854,331.3791130446505,158.27163093630384
outcome-lag-64,26,111,known,224,0.0,108.5,365.53265991851123,387.62203949899606,365.11699914354807,170.26535362538692
outcome-lag-64,26,111,known,256,0.0,124.0,396.1202267386966,424.1615326174803,395.70456596373344,180.6177084261354
outcome-lag-64,26,111,known,288,0.0,139.5,424.5331313990697,458.7294612758989,424.11747062410655,190.2834415148667
outcome-lag-64,26,111,known,320,0.0,155.0,450.67042609933037,490.807725897979,450.2547653243672,199.120653706724
outcome-lag-64,26,111,known,352,0.0,170.5,475.31749927718755,521.0333229040556,474.9018385022244,207.11424590945882
outcome-lag-64,26,111,known,384,0.0,186.0,498.7969144058171,548.7813126158707,498.38125363085396,213.52267021776547
outcome-lag-64,26,111,known,416,0.0,201.5,520.8074493383434,574.6392980206815,520.3917885633803,219.18661433447485
outcome-lag-64,26,111,known,448,0.0,217.0,542.1299855010654,599.7011038390349,541.7143247261023,224.52436753904158
outcome-lag-64,26,111,known,480,0.0,232.5,562.4514686231402,623.8088400171612,562.035807848177,229.75189876319556
outcome-lag-64,26,111,known,512,0.0,248.0,582.1398657313316,647.1731770613433,581.7242049563685,234.74827637987104
outcome-lag-64,26,111,product,32,15.75,24.5,64.0,64.0,64.0,29.64209266210565
outcome-lag-64,26,111,product,64,31.5,49.0,128.0,128.0,128.0,67.2658876325004
outcome-lag-64,26,111,product,96,47.25,73.5,191.68727215354133,191.41883058899427,191.30446282967247,101.68647107953889
outcome-lag-64,26,111,product,128,63.0,98.0,241.6853093090724,248.0399629525786,241.2696485341092,126.28676174341847
outcome-lag-64,26,111,product,160,78.75,122.5,280.08043303118944,294.90710509253586,279.66477225622623,144.51447499405444
outcome-lag-64,26,111,product,192,94.5,147.0,314.06667905131,336.62606271963915,313.6510182763468,159.8514269399328
outcome-lag-64,26,111,product,224,110.25,171.5,344.0553803571596,373.3903137379205,343.6397195821964,172.0725015465319
outcome-lag-64,26,111,product,256,126.0,196.0,371.47575910721747,407.30524551357416,371.06009833225426,182.75829561700795
outcome-lag-64,26,111,product,288,141.75,220.5,395.08227250513386,437.55578238267253,394.66661173017064,192.30078848922182
outcome-lag-64,26,111,product,320,157.5,245.0,417.74156302103165,466.40641051607895,417.32590224606844,200.96575747685878
outcome-lag-64,26,111,product,352,173.25,269.5,439.0878587052314,493.64172714810377,438.6721979302682,208.96266848225662
outcome-lag-64,26,111,product,384,189.0,294.0,459.3334318268999,518.3374666359405,458.91777105193677,215.23924048532083
outcome-lag-64,26,111,product,416,204.75,318.5,480.03286556761117,542.6988846130686,479.617204792648,220.68276510204606
outcome-lag-64,26,111,product,448,220.5,343.0,499.20907242274995,565.9550980836186,498.7934116477868,226.42799889101022
outcome-lag-64,26,111,product,480,236.25,367.5,516.9553175439949,587.8628389692792,516.5396567690317,231.93539199410012
outcome-lag-64,26,111,product,512,252.0,392.0,535.5665097756171,610.1760211002024,535.1508490006539,237.0280774164297
single-blocker,26,111,prefix,32,15.75,24.5,64.0,63.960661021301576,63.960661021301576,8.02223232635691
single-blocker,26,111,prefix,64,31.5,49.0,128.0,115.17099006773775,115.17099006773775,9.440658791538528
single-blocker,26,111,prefix,96,47.25,73.5,192.0,154.46442217857066,154.46442217857066,11.25152834811574
single-blocker,26,111,prefix,128,63.0,98.0,256.0,188.15926133532363,188.15926133532363,12.652127478698109
single-blocker,26,111,prefix,160,78.75,122.5,320.0,217.4965688109945,217.4965688109945,13.350006065047593
single-blocker,26,111,prefix,192,94.5,147.0,384.0,245.88987822105142,245.88987822105142,14.33392884149854
single-blocker,26,111,prefix,224,110.25,171.5,448.0,271.7320221389967,271.7320221389967,14.937946852811892
single-blocker,26,111,prefix,256,126.0,196.0,512.0,296.0018538022655,296.0018538022655,15.431937514199719
single-blocker,26,111,prefix,288,141.75,220.5,576.0,316.95281648086956,316.95281648086956,15.674856195919482
single-blocker,26,111,prefix,320,157.5,245.0,640.0,337.4184194985891,337.4184194985891,15.954800067869877
single-blocker,26,111,prefix,352,173.25,269.5,704.0,356.9120326808241,356.9120326808241,16.21000762347797
single-blocker,26,111,prefix,384,189.0,294.0,768.0,375.56578288976533,375.56578288976533,16.44459034764671
single-blocker,26,111,prefix,416,204.75,318.5,832.0,394.9509907320749,394.9509907320749,16.75927325060589
single-blocker,26,111,prefix,448,220.5,343.0,896.0,412.9817515050533,412.9817515050533,16.99983356277723
single-blocker,26,111,prefix,480,236.25,367.5,960.0,429.6955633414132,429.6955633414132,17.182862833957685
single-blocker,26,111,prefix,512,252.0,392.0,1024.0,447.4027700258035,447.4027700258035,17.42931639949815
single-blocker,26,111,intersection,32,8.3671875,20.28125,64.0,63.96821681185914,63.96821681185914,10.354393849380504
single-blocker,26,111,intersection,64,8.3671875,35.78125,128.0,121.22759708485825,121.22759708485825,12.77364693311757
single-blocker,26,111,intersection,96,8.3671875,51.28125,192.0,168.4190544210669,168.4190544210669,14.011830901938998
single-blocker,26,111,intersection,128,8.3671875,66.78125,256.0,207.7459301517233,207.7459301517233,14.875647476061042
single-blocker,26,111,intersection,160,8.3671875,82.28125,320.0,242.0517425057432,242.0517425057432,15.535890117517429
single-blocker,26,111,intersection,192,8.3671875,97.78125,384.0,273.40891058467804,273.40891058467804,16.09144196786704
single-blocker,26,111,intersection,224,8.3671875,113.28125,448.0,301.9880000857975,301.9880000857975,16.553224407892742
single-blocker,26,111,intersection,256,8.3671875,128.78125,512.0,328.5520860428995,328.5520860428995,16.953170479004662
single-blocker,26,111,intersection,288,8.3671875,144.28125,576.0,353.7038182032272,353.7038182032272,17.313034846762548
single-blocker,26,111,intersection,320,8.3671875,159.78125,640.0,377.2539121407387,377.2539121407387,17.628204185123952
single-blocker,26,111,intersection,352,8.3671875,175.28125,704.0,399.733728115345,399.733728115345,17.91606596756324
single-blocker,26,111,intersection,384,8.3671875,190.78125,768.0,421.2770976799371,421.2770976799371,18.180872129006215
single-blocker,26,111,intersection,416,8.3671875,206.28125,832.0,441.7237396092463,441.7237396092463,18.419032184535293
single-blocker,26,111,intersection,448,8.3671875,221.78125,896.0,461.6163150554485,461.6163150554485,18.645280649043663
single-blocker,26,111,intersection,480,8.3671875,237.28125,960.0,480.68737948527956,480.68737948527956,18.853025694384655
single-blocker,26,111,intersection,512,8.3671875,252.78125,1024.0,499.20951943267784,499.20951943267784,19.04929458165353
single-blocker,26,111,completed,32,8.3671875,20.28125,64.0,63.96821681185914,63.96821681185914,10.354393849380504
single-blocker,26,111,completed,64,8.3671875,35.78125,128.0,121.22759708485825,121.22759708485825,12.77364693311757
single-blocker,26,111,completed,96,8.3671875,51.28125,192.0,168.4190544210669,168.4190544210669,14.011830901938998
single-blocker,26,111,completed,128,8.3671875,66.78125,256.0,207.7459301517233,207.7459301517233,14.875647476061042
single-blocker,26,111,completed,160,8.3671875,82.28125,320.0,242.0517425057432,242.0517425057432,15.535890117517429
single-blocker,26,111,completed,192,8.3671875,97.78125,384.0,273.40891058467804,273.40891058467804,16.09144196786704
single-blocker,26,111,completed,224,8.3671875,113.28125,448.0,301.9880000857975,301.9880000857975,16.553224407892742
single-blocker,26,111,completed,256,8.3671875,128.78125,512.0,328.5520860428995,328.5520860428995,16.953170479004662
single-blocker,26,111,completed,288,8.3671875,144.28125,576.0,353.7038182032272,353.7038182032272,17.313034846762548
single-blocker,26,111,completed,320,8.3671875,159.78125,640.0,377.2539121407387,377.2539121407387,17.628204185123952
single-blocker,26,111,completed,352,8.3671875,175.28125,704.0,399.733728115345,399.733728115345,17.91606596756324
single-blocker,26,111,completed,384,8.3671875,190.78125,768.0,421.2770976799371,421.2770976799371,18.180872129006215
single-blocker,26,111,completed,416,8.3671875,206.28125,832.0,441.7237396092463,441.7237396092463,18.419032184535293
single-blocker,26,111,completed,448,8.3671875,221.78125,896.0,461.6163150554485,461.6163150554485,18.645280649043663
single-blocker,26,111,completed,480,8.3671875,237.28125,960.0,480.68737948527956,480.68737948527956,18.853025694384655
single-blocker,26,111,completed,512,8.3671875,252.78125,1024.0,499.20951943267784,499.20951943267784,19.04929458165353
single-blocker,26,111,plugin,32,3.9375,17.75,64.0,63.96821681185914,63.96821681185914,10.625563951843509
single-blocker,26,111,plugin,64,3.9375,33.25,128.0,121.29725752745716,121.29725752745716,12.778717927032377
single-blocker,26,111,plugin,96,3.9375,48.75,192.0,168.121164356713,168.121164356713,13.99619163895334
single-blocker,26,111,plugin,128,3.9375,64.25,256.0,207.33391566495706,207.33391566495706,14.856755251521122
single-blocker,26,111,plugin,160,3.9375,79.75,320.0,241.51993501848156,241.51993501848156,15.513873609534286
single-blocker,26,111,plugin,192,3.9375,95.25,384.0,273.00885848135044,273.00885848135044,16.076327495905936
single-blocker,26,111,plugin,224,3.9375,110.75,448.0,301.6010752552381,301.6010752552381,16.539648430403048
single-blocker,26,111,plugin,256,3.9375,126.25,512.0,328.1786427672561,328.1786427672561,16.94088299610501
single-blocker,26,111,plugin,288,3.9375,141.75,576.0,353.40897160222517,353.40897160222517,17.303896275579326
single-blocker,26,111,plugin,320,3.9375,157.25,640.0,376.9616814821775,376.9616814821775,17.61959449129731
single-blocker,26,111,plugin,352,3.9375,172.75,704.0,399.4694269077268,399.4694269077268,17.90863725015631
single-blocker,26,111,plugin,384,3.9375,188.25,768.0,421.05634026292444,421.05634026292444,18.174933541937264
single-blocker,26,111,plugin,416,3.9375,203.75,832.0,441.4914796756161,441.4914796756161,18.41301801619635
single-blocker,26,111,plugin,448,3.9375,219.25,896.0,461.4255196315383,461.4255196315383,18.64052297755837
single-blocker,26,111,plugin,480,3.9375,234.75,960.0,480.5082829356463,480.5082829356463,18.84870881160819
single-blocker,26,111,plugin,512,3.9375,250.25,1024.0,499.06062228370297,499.06062228370297,19.045820640554275
single-blocker,26,111,safe,32,17.875,0.0,32.0,31.968216811859147,31.968216811859147,4.02724519543652
single-blocker,26,111,safe,64,35.75,0.0,64.0,57.42435623340214,57.42435623340214,4.7282659037057675
single-blocker,26,111,safe,96,53.625,0.0,96.0,76.78319682780861,76.78319682780861,5.136346480888775
single-blocker,26,111,safe,128,71.5,0.0,128.0,93.03345515740088,93.03345515740088,5.425334592589174
single-blocker,26,111,safe,160,89.375,0.0,160.0,107.31238195727079,107.31238195727079,5.649261224939744
single-blocker,26,111,safe,192,107.25,0.0,192.0,120.1978375468853,120.1978375468853,5.832104609707439
single-blocker,26,111,safe,224,125.125,0.0,224.0,132.0310352083931,132.0310352083931,5.986627913082163
single-blocker,26,111,safe,256,143.0,0.0,256.0,143.03333360981438,143.03333360981438,6.120438712817281
single-blocker,26,111,safe,288,160.875,0.0,288.0,153.35798108855585,153.35798108855585,6.238439029233648
single-blocker,26,111,safe,320,178.75,0.0,320.0,163.1162631808352,163.1162631808352,6.343973346894013
single-blocker,26,111,safe,352,196.625,0.0,352.0,172.39200998111025,172.39200998111025,6.43942571339101
single-blocker,26,111,safe,384,214.5,0.0,384.0,181.25023096678382,181.25023096678382,6.5265555690159704
single-blocker,26,111,safe,416,232.375,0.0,416.0,189.74254455085054,189.74254455085054,6.6066985205464555
single-blocker,26,111,safe,448,250.25,0.0,448.0,197.91074640079475,197.91074640079475,6.680892410683006
single-blocker,26,111,safe,480,268.125,0.0,480.0,205.78924141297622,205.78924141297622,6.7499597404471405
single-blocker,26,111,safe,512,286.0,0.0,512.0,213.40675252840046,213.40675252840046,6.81456340954972
single-blocker,26,111,known,32,0.0,15.5,64.0,63.96821681185914,63.96821681185914,10.659536515227838
single-blocker,26,111,known,64,0.0,31.0,128.0,121.14413264044194,121.14413264044194,12.766504075974714
single-blocker,26,111,known,96,0.0,46.5,192.0,167.8806670210237,167.8806670210237,13.983501731751241
single-blocker,26,111,known,128,0.0,62.0,256.0,207.08984996602027,207.08984996602027,14.845503404608898
single-blocker,26,111,known,160,0.0,77.5,320.0,241.24919169520865,241.24919169520865,15.502597506420381
single-blocker,26,111,known,192,0.0,93.0,384.0,272.8058766744412,272.8058766744412,16.068626884188014
single-blocker,26,111,known,224,0.0,108.5,448.0,301.41226135003956,301.41226135003956,16.532999199558667
single-blocker,26,111,known,256,0.0,124.0,512.0,328.00143345340564,328.00143345340564,16.935032985188784
single-blocker,26,111,known,288,0.0,139.5,576.0,353.2681158318082,353.2681158318082,17.299519793904093
single-blocker,26,111,known,320,0.0,155.0,640.0,376.8252130534637,376.8252130534637,17.615564585336866
single-blocker,26,111,known,352,0.0,170.5,704.0,399.34683806499,399.34683806499,17.905184793521308
single-blocker,26,111,known,384,0.0,186.0,768.0,420.9533780211375,420.9533780211375,18.172159346160154
single-blocker,26,111,known,416,0.0,201.5,832.0,441.38553010698655,441.38553010698655,18.410270143907805
single-blocker,26,111,known,448,0.0,217.0,896.0,461.33764143522046,461.33764143522046,18.638328858355106
single-blocker,26,111,known,480,0.0,232.5,960.0,480.4262466864569,480.4262466864569,18.84672915561888
single-blocker,26,111,known,512,0.0,248.0,1024.0,498.9916877787372,498.9916877787372,19.044210820392244
single-blocker,26,111,product,32,15.75,24.5,64.0,63.960661021301576,63.960661021301576,8.02223232635691
single-blocker,26,111,product,64,31.5,49.0,128.0,115.17099006773775,115.17099006773775,9.440658791538528
single-blocker,26,111,product,96,47.25,73.5,192.0,154.46442217857066,154.46442217857066,11.25152834811574
single-blocker,26,111,product,128,63.0,98.0,256.0,188.15926133532363,188.15926133532363,12.652127478698109
single-blocker,26,111,product,160,78.75,122.5,320.0,217.4965688109945,217.4965688109945,13.350006065047593
single-blocker,26,111,product,192,94.5,147.0,384.0,245.88987822105142,245.88987822105142,14.33392884149854
single-blocker,26,111,product,224,110.25,171.5,448.0,271.7320221389967,271.7320221389967,14.937946852811892
single-blocker,26,111,product,256,126.0,196.0,512.0,296.0018538022655,296.0018538022655,15.431937514199719
single-blocker,26,111,product,288,141.75,220.5,576.0,316.95281648086956,316.95281648086956,15.674856195919482
single-blocker,26,111,product,320,157.5,245.0,640.0,337.4184194985891,337.4184194985891,15.954800067869877
single-blocker,26,111,product,352,173.25,269.5,704.0,356.9120326808241,356.9120326808241,16.21000762347797
single-blocker,26,111,product,384,189.0,294.0,768.0,375.56578288976533,375.56578288976533,16.44459034764671
single-blocker,26,111,product,416,204.75,318.5,832.0,394.9509907320749,394.9509907320749,16.75927325060589
single-blocker,26,111,product,448,220.5,343.0,896.0,412.9817515050533,412.9817515050533,16.99983356277723
single-blocker,26,111,product,480,236.25,367.5,960.0,429.6955633414132,429.6955633414132,17.182862833957685
single-blocker,26,111,product,512,252.0,392.0,1024.0,447.4027700258035,447.4027700258035,17.42931639949815
