scenario,truth,seed,algorithm,episode,pseudo_regret,expected_waste,prefix_exposure,completion_exposure,intersection_exposure,unresolved_mass_exposure
outcome-lag-64,0,222,prefix,32,1.5,26.5,64.0,64.0,64.0,12.909078769945337
outcome-lag-64,0,222,prefix,64,3.0,53.0,128.0,128.0,128.0,30.389493179372305
outcome-lag-64,0,222,prefix,96,4.5,79.5,191.81609176328246,187.3968137463645,187.3968137463645,46.70914863518364
outcome-lag-64,0,222,prefix,128,6.0,106.0,246.83937233813072,237.73316489066738,237.7135294217399,58.90064052771351
outcome-lag-64,0,222,prefix,160,7.5,132.5,293.05710916955,282.12880684498725,280.3060309713511,68.14632542233412
outcome-lag-64,0,222,prefix,192,9.0,159.0,330.9278038486143,321.19273706182673,316.2492452904903,76.47906725786729
outcome-lag-64,0,222,prefix,224,9.515625,176.3125,360.8149177977081,353.6566167601329,345.520167852668,83.95934414059707
outcome-lag-64,0,222,prefix,256,9.515625,188.8125,384.15015480499375,379.25334190190097,368.85540485995364,89.55164679114252
outcome-lag-64,0,222,prefix,288,9.52734375,201.421875,400.9253915449766,397.7488016633214,385.63064159993644,93.29971867486296
outcome-lag-64,0,222,prefix,320,9.52734375,213.921875,418.67545235951656,417.81805052665436,403.36149122327515,97.36988006947276
outcome-lag-64,0,222,prefix,352,9.52734375,226.421875,433.3869275285139,434.71267305309567,417.92277209651354,100.88045862228365
outcome-lag-64,0,222,prefix,384,9.52734375,238.921875,450.3879692948754,453.6264966137893,434.85689281676713,104.03305775449434
outcome-lag-64,0,222,prefix,416,9.52734375,251.421875,464.79565423739734,469.76374623495184,449.264445102373,106.80468844983031
outcome-lag-64,0,222,prefix,448,9.52734375,263.921875,479.05167184508866,485.6139185084882,463.5199019682627,109.41992098692171
outcome-lag-64,0,222,prefix,480,9.52734375,276.421875,492.32461361310226,500.5287961452434,476.79284373627627,111.86881601670804
outcome-lag-64,0,222,prefix,512,9.52734375,288.921875,504.8218676726961,514.6332560381478,489.2900977958701,114.208954894126
outcome-lag-64,0,222,intersection,32,1.5,26.5,64.0,64.0,64.0,12.909078769945337
outcome-lag-64,0,222,intersection,64,3.0,53.0,128.0,128.0,128.0,30.389493179372305
outcome-lag-64,0,222,intersection,96,4.5,79.5,191.81609176328246,187.3968137463645,187.3968137463645,46.70914863518364
outcome-lag-64,0,222,intersection,128,6.0,106.0,246.83937233813072,237.73316489066738,237.7135294217399,58.90064052771351
outcome-lag-64,0,222,intersection,160,6.884765625,126.7578125,285.19528197845284,275.4599569473962,273.6371810737602,67.63716063761714
outcome-lag-64,0,222,intersection,192,6.943359375,139.8046875,311.3798749911986,304.36707533140515,299.41845023372184,75.07723085546769
outcome-lag-64,0,222,intersection,224,7.025390625,153.0703125,336.3583421467273,332.54822831007806,324.3706893816287,82.07906316049841
outcome-lag-64,0,222,intersection,256,7.025390625,165.5703125,359.7438288983,358.27804606747367,347.75617613320145,87.70887088084835
outcome-lag-64,0,222,intersection,288,7.025390625,178.0703125,376.5588937496124,376.8314413411499,364.57124098451385,91.47221630972224
outcome-lag-64,0,222,intersection,320,7.025390625,190.5703125,394.3803131540342,396.9672931293899,382.3714447764438,95.55397474164218
outcome-lag-64,0,222,intersection,352,7.025390625,203.0703125,409.13371608399655,413.8982872407207,396.9690972345718,99.06714480529533
outcome-lag-64,0,222,intersection,384,7.025390625,215.5703125,426.1954871590361,432.868641299666,413.9604700175153,102.22424512419059
outcome-lag-64,0,222,intersection,416,7.025390625,228.0703125,440.6435592254405,449.04508185405234,428.4081556587216,105.00100465767365
outcome-lag-64,0,222,intersection,448,7.025390625,240.5703125,454.9402290823399,464.933424627685,442.70384144584324,107.62125859161718
outcome-lag-64,0,222,intersection,480,7.025390625,253.0703125,468.2455333128325,479.8803086387126,456.00912801410306,110.07389841881465
outcome-lag-64,0,222,intersection,512,7.025390625,265.5703125,480.7706880473061,494.01276214717285,468.5342827485767,112.41779651477955
outcome-lag-64,0,222,completed,32,1.5,26.5,64.0,64.0,64.0,12.909078769945337
outcome-lag-64,0,222,completed,64,3.29296875,40.578125,113.0,113.0,113.0,28.296655851616617
outcome-lag-64,0,222,completed,96,5.41796875,40.578125,144.81609176328246,142.08015970365,142.08015970365,38.65410000077433
outcome-lag-64,0,222,completed,128,7.1328125,57.96875,189.68231823032173,184.616472392171,184.57938096046075,45.999180194003074
outcome-lag-64,0,222,completed,160,7.326171875,72.2734375,222.01778269727416,217.2161725561458,215.37594071972677,53.348534776200964
outcome-lag-64,0,222,completed,192,7.326171875,84.7734375,251.92864148330878,248.52637200621126,243.56676557291115,61.30241337458808
outcome-lag-64,0,222,completed,224,7.572265625,99.5703125,283.71777020234555,282.94693257253306,274.8500188446492,69.05844648938826
outcome-lag-64,0,222,completed,256,7.572265625,112.0703125,310.18559092192663,311.27832717759213,301.15542951738746,75.47425153246364
outcome-lag-64,0,222,completed,288,7.736328125,126.1015625,331.86801686519635,334.5856642689355,322.79253005643005,79.62924292188279
outcome-lag-64,0,222,completed,320,7.736328125,138.6015625,351.0388332254288,355.9358447139878,341.85363356620365,83.93707102368018
outcome-lag-64,0,222,completed,352,8.1875,155.3125,370.0144357929718,377.0269273067819,360.55066915640896,87.62703563822565
outcome-lag-64,0,222,completed,384,8.1875,167.8125,388.1538017304616,396.98236545697665,378.53033682719774,90.86717699267574
outcome-lag-64,0,222,completed,416,8.92578125,187.203125,412.2654734449479,423.1450348352651,402.6247714081252,94.51380299292364
outcome-lag-64,0,222,completed,448,8.92578125,199.703125,427.2659029241227,439.6817382700608,417.59203755691647,97.22359068970921
outcome-lag-64,0,222,completed,480,9.74609375,219.859375,444.8635946448211,458.9303600821215,435.17204073571725,99.9311572886902
outcome-lag-64,0,222,completed,512,10.23828125,236.953125,464.2326096554263,479.7343505123493,454.36628664120946,102.48814516016783
outcome-lag-64,0,222,plugin,32,0.8359375,12.375,47.0,47.0,47.0,11.588451929465553
outcome-lag-64,0,222,plugin,64,0.8359375,24.875,100.0,100.0,100.0,28.018016654318387
outcome-lag-64,0,222,plugin,96,0.8359375,37.375,153.81609176328246,150.52664362561032,150.52664362561032,42.726772887810064
outcome-lag-64,0,222,plugin,128,0.8359375,49.875,195.88775651815055,188.7701433468683,188.75050787794086,53.206244263745326
outcome-lag-64,0,222,plugin,160,0.8359375,62.375,223.26524069372073,217.21483585939498,215.39205998575875,61.09059659558684
outcome-lag-64,0,222,plugin,192,0.8359375,74.875,249.438253709312,246.17179656532804,241.21775785643578,68.59744085577364
outcome-lag-64,0,222,plugin,224,0.8359375,87.375,274.52183700325105,274.4604315587458,266.2712548111433,75.68181743353078
outcome-lag-64,0,222,plugin,256,0.8359375,99.875,298.5716914100298,300.8247860944095,290.32110921792207,81.49420859361815
outcome-lag-64,0,222,plugin,288,0.8359375,112.375,315.67239324447524,319.65146604686,307.4218110523675,85.33100170362341
outcome-lag-64,0,222,plugin,320,0.8359375,124.875,333.8307984544231,340.0987307091241,325.5474051392226,89.46810949378013
outcome-lag-64,0,222,plugin,352,0.8359375,137.375,348.78043590823927,357.19840484372435,340.31373762062,92.99355536306622
outcome-lag-64,0,222,plugin,384,0.8359375,149.875,366.12390261960985,376.42960465209956,357.56837073648984,96.17180132312373
outcome-lag-64,0,222,plugin,416,0.8359375,162.375,380.7584500791025,392.78618178321216,372.2012563096279,98.97252556962731
outcome-lag-64,0,222,plugin,448,0.8359375,174.875,395.2423239384827,408.8493165383249,386.6800775937937,101.61613189289915
outcome-lag-64,0,222,plugin,480,0.8359375,187.375,408.69571771875763,423.9422401120964,400.13270731252317,104.0861098744065
outcome-lag-64,0,222,plugin,512,0.8359375,199.875,421.34819956421524,438.202108719765,412.78518915798077,106.44735143654398
outcome-lag-64,0,222,safe,32,2.125,0.0,32.0,32.0,32.0,10.424887715901338
outcome-lag-64,0,222,safe,64,4.25,0.0,64.0,64.0,64.0,23.876084875674668
outcome-lag-64,0,222,safe,96,6.375,0.0,95.81609176328242,93.08015970365001,93.08015970365001,34.23352902483237
outcome-lag-64,0,222,safe,128,8.5,0.0,120.2138768409036,115.84975289497575,115.83011742604832,41.041851998266196
outcome-lag-64,0,222,safe,160,10.625,0.0,138.99912167065597,136.43813812943688,134.6153622558007,47.57523706520804
outcome-lag-64,0,222,safe,192,12.75,0.0,154.87531729927628,155.43370835493826,150.491557884421,53.86819508586255
outcome-lag-64,0,222,safe,224,14.875,0.0,168.90747015876187,172.58571254622512,164.5237107439066,59.3415249190163
outcome-lag-64,0,222,safe,256,17.0,0.0,181.5761385410195,187.260262167762,177.19237912616424,63.14758693886695
outcome-lag-64,0,222,safe,288,19.125,0.0,193.2188025320421,200.40607238540917,188.83504311718684,66.08674999418919
outcome-lag-64,0,222,safe,320,21.25,0.0,204.05504956251053,213.4682368111406,199.67129014765527,69.49616664530163
outcome-lag-64,0,222,safe,352,23.375,0.0,214.25291000394571,225.99943890577848,209.86915058909045,72.84707430616147
outcome-lag-64,0,222,safe,384,25.5,0.0,223.89570865716598,237.61800803840475,219.51194924231072,75.69455230873909
outcome-lag-64,0,222,safe,416,27.625,0.0,233.06278341786376,248.43001037861515,228.6790240030085,78.0943840164133
outcome-lag-64,0,222,safe,448,29.75,0.0,241.81914439380282,258.75154299798754,237.43538497894755,80.32190867597788
outcome-lag-64,0,222,safe,480,31.875,0.0,250.2217534580431,268.7017490930241,245.83799404318785,82.46268708859705
outcome-lag-64,0,222,safe,512,34.0,0.0,258.30628158240734,278.2684276449072,253.92252216755207,84.47645819415861
outcome-lag-64,0,222,known,32,0.0,12.5,48.0,48.0,48.0,12.788304854318474
outcome-lag-64,0,222,known,64,0.0,25.0,101.0,101.0,101.0,29.71621379243426
outcome-lag-64,0,222,known,96,0.0,37.5,154.81609176328246,151.01009615585997,151.01009615585997,44.299343097225155
outcome-lag-64,0,222,known,128,0.0,50.0,196.57883012959292,188.8212424818386,188.8016070129111,54.6141923928125
outcome-lag-64,0,222,known,160,0.0,62.5,223.68122998291773,217.0957260099269,215.27295013629063,62.44872119465339
outcome-lag-64,0,222,known,192,0.0,75.0,249.62866934899992,245.87537200796774,240.91615114508514,69.9172409106254
outcome-lag-64,0,222,known,224,0.0,87.5,274.5143207601484,273.99332276239886,265.78082126688156,76.95868991601178
outcome-lag-64,0,222,known,256,0.0,100.0,298.3865515766577,300.2021808779346,289.65305208339083,82.72576877626095
outcome-lag-64,0,222,known,288,0.0,112.5,315.41547806366594,318.962340861375,306.68197857039905,86.54447342977399
outcome-lag-64,0,222,known,320,0.0,125.0,333.4917908200048,339.33422319744926,324.72892682202,90.66801389569534
outcome-lag-64,0,222,known,352,0.0,137.5,348.3938947401482,356.39327465814233,339.45463662951005,94.19046480908759
outcome-lag-64,0,222,known,384,0.0,150.0,365.66951283329223,375.56185661836116,356.64619318885906,97.363578467182
outcome-lag-64,0,222,known,416,0.0,162.5,380.25927689548695,391.8752967710001,371.2346175163098,100.15850573587245
outcome-lag-64,0,222,known,448,0.0,175.0,394.698267348466,407.8966728848619,385.6700139953207,102.79647979938596
outcome-lag-64,0,222,known,480,0.0,187.5,408.1162972011777,422.9547857175425,399.0874660864367,105.26228767269812
outcome-lag-64,0,222,known,512,0.0,200.0,420.7384251276376,437.1843302609935,411.70959401289656,107.61936705606966
outcome-lag-64,0,222,product,32,2.125,0.0,32.0,32.0,32.0,10.424887715901338
outcome-lag-64,0,222,product,64,4.25,0.0,64.0,64.0,64.0,23.876084875674668
outcome-lag-64,0,222,product,96,6.375,0.0,95.81609176328242,93.08015970365001,93.08015970365001,34.23352902483237
outcome-lag-64,0,222,product,128,8.5,0.0,120.2138768409036,115.84975289497575,115.83011742604832,41.041851998266196
outcome-lag-64,0,222,product,160,10.625,0.0,138.99912167065597,136.43813812943688,134.6153622558007,47.57523706520804
outcome-lag-64,0,222,product,192,12.75,0.0,154.87531729927628,155.43370835493826,150.491557884421,53.86819508586255
outcome-lag-64,0,222,product,224,14.875,0.0,168.90747015876187,172.58571254622512,164.5237107439066,59.3415249190163
outcome-lag-64,0,222,product,256,17.0,0.0,181.5761385410195,187.260262167762,177.19237912616424,63.14758693886695
outcome-lag-64,0,222,product,288,19.125,0.0,193.2188025320421,200.40607238540917,188.83504311718684,66.08674999418919
outcome-lag-64,0,222,product,320,21.25,0.0,204.05504956251053,213.4682368111406,199.67129014765527,69.49616664530163
outcome-lag-64,0,222,product,352,23.375,0.0,214.25291000394571,225.99943890577848,209.86915058909045,72.84707430616147
outcome-lag-64,0,222,product,384,25.5,0.0,223.89570865716598,237.61800803840475,219.51194924231072,75.69455230873909
outcome-lag-64,0,222,product,416,27.625,0.0,233.06278341786376,248.43001037861515,228.6790240030085,78.0943840164133
outcome-lag-64,0,222,product,448,29.75,0.0,241.81914439380282,258.75154299798754,237.43538497894755,80.32190867597788
outcome-lag-64,0,222,product,480,31.875,0.0,250.2217534580431,268.7017490930241,245.83799404318785,82.46268708859705
outcome-lag-64,0,222,product,512,34.0,0.0,258.30628158240734,278.2684276449072,253.92252216755207,84.47645819415861
single-blocker,0,222,prefix,32,1.5,26.5,64.0,63.96821681185914,63.96821681185914,10.62556395184351
single-blocker,0,222,prefix,64,3.0,53.0,128.0,120.53907305509674,120.53907305509674,12.69762219285942
single-blocker,0,222,prefix,96,4.5,79.5,192.0,166.17576987306975,166.17576987306975,13.891857580031065
single-blocker,0,222,prefix,128,6.0,106.0,256.0,205.63350583511897,205.63350583511897,14.777401485871168
single-blocker,0,222,prefix,160,7.5,132.5,320.0,241.5199350184815,241.5199350184815,15.513873609534292
single-blocker,0,222,prefix,192,9.0,159.0,384.0,272.80587667444144,272.80587667444144,16.06862688418803
single-blocker,0,222,prefix,224,10.5,185.5,448.0,301.09180966988015,301.09180966988015,16.521677387994806
single-blocker,0,222,prefix,256,12.0,212.0,512.0,327.37202901390856,327.37202901390856,16.91415394156284
single-blocker,0,222,prefix,288,13.5,238.5,576.0,353.0319438617106,353.0319438617106,17.292166087622842
single-blocker,0,222,prefix,320,15.0,265.0,640.0,376.75274281181174,376.75274281181174,17.61342213243042
single-blocker,0,222,prefix,352,16.5,291.5,704.0,399.4093447999813,399.4093447999813,17.90694570786779
single-blocker,0,222,prefix,384,18.0,318.0,768.0,420.7220821814464,420.7220821814464,18.16591707772488
single-blocker,0,222,prefix,416,19.5,344.5,832.0,441.3297410696386,441.3297410696386,18.40882210706597
single-blocker,0,222,prefix,448,21.0,371.0,896.0,461.1419175574946,461.1419175574946,18.633435733207754
single-blocker,0,222,prefix,480,22.5,397.5,960.0,479.9827899536562,479.9827899536562,18.83600295211514
single-blocker,0,222,prefix,512,24.0,424.0,1024.0,498.61461953556517,498.61461953556517,19.035388332818624
single-blocker,0,222,intersection,32,1.5,26.5,64.0,63.96821681185914,63.96821681185914,10.62556395184351
single-blocker,0,222,intersection,64,3.0,53.0,128.0,120.53907305509674,120.53907305509674,12.69762219285942
single-blocker,0,222,intersection,96,4.5,79.5,192.0,166.17576987306975,166.17576987306975,13.891857580031065
single-blocker,0,222,intersection,128,6.0,106.0,256.0,205.63350583511897,205.63350583511897,14.777401485871168
single-blocker,0,222,intersection,160,7.3359375,130.96875,318.0,240.15891805925924,240.15891805925924,15.481871561403208
single-blocker,0,222,intersection,192,7.5,145.0,368.0,262.4756706191556,262.4756706191556,15.837390201485812
single-blocker,0,222,intersection,224,7.599609375,158.4296875,421.0,284.3944183757846,284.3944183757846,16.161673935844505
single-blocker,0,222,intersection,256,7.599609375,170.9296875,474.0,304.7092638795221,304.7092638795221,16.440565688069732
single-blocker,0,222,intersection,288,7.599609375,183.4296875,517.0,319.6570893982056,319.6570893982056,16.626915362125416
single-blocker,0,222,intersection,320,7.599609375,195.9296875,565.0,335.87164312918105,335.87164312918105,16.824204291402683
single-blocker,0,222,intersection,352,7.599609375,208.4296875,608.0,349.420836750393,349.420836750393,16.97818385915675
single-blocker,0,222,intersection,384,7.599609375,220.9296875,659.0,365.38006998544256,365.38006998544256,17.158978000575143
single-blocker,0,222,intersection,416,7.599609375,233.4296875,705.0,378.9009110548162,378.9009110548162,17.302923798123118
single-blocker,0,222,intersection,448,7.599609375,245.9296875,752.0,392.28514789536695,392.28514789536695,17.441242118671184
single-blocker,0,222,intersection,480,7.599609375,258.4296875,798.0,404.8859142969705,404.8859142969705,17.56666230883913
single-blocker,0,222,intersection,512,7.599609375,270.9296875,843.0,416.77249927052185,416.77249927052185,17.68089442193667
single-blocker,0,222,completed,32,1.5,26.5,64.0,63.96821681185914,63.96821681185914,10.62556395184351
single-blocker,0,222,completed,64,3.0,53.0,128.0,120.53907305509674,120.53907305509674,12.69762219285942
single-blocker,0,222,completed,96,4.5,79.5,192.0,166.17576987306975,166.17576987306975,13.891857580031065
single-blocker,0,222,completed,128,6.0,106.0,256.0,205.63350583511897,205.63350583511897,14.777401485871168
single-blocker,0,222,completed,160,6.92578125,127.140625,312.0,235.93394654035623,235.93394654035623,15.379219917754604
single-blocker,0,222,completed,192,7.03125,140.625,361.0,257.74766378907486,257.74766378907486,15.725889000315084
single-blocker,0,222,completed,224,7.125,154.0,413.0,279.24513627103823,279.24513627103823,16.044040808636247
single-blocker,0,222,completed,256,7.125,166.5,466.0,299.6260744244722,299.6260744244722,16.324968925024372
single-blocker,0,222,completed,288,7.125,179.0,509.0,314.6033343602807,314.6033343602807,16.512179016030636
single-blocker,0,222,completed,320,7.125,191.5,557.0,330.8557819809511,330.8557819809511,16.710533280381096
single-blocker,0,222,completed,352,7.125,204.0,600.0,344.4282152832721,344.4282152832721,16.86514253502453
single-blocker,0,222,completed,384,7.125,216.5,651.0,360.42319652759926,360.42319652759926,17.046870039301538
single-blocker,0,222,completed,416,7.125,229.0,697.0,373.9674104404699,373.9674104404699,17.19140293126898
single-blocker,0,222,completed,448,7.125,241.5,744.0,387.37437077965274,387.37437077965274,17.330274430762532
single-blocker,0,222,completed,480,7.125,254.0,790.0,399.9944926214095,399.9944926214095,17.45615208868904
single-blocker,0,222,completed,512,7.125,266.5,835.0,411.8976620618682,411.8976620618682,17.5707661166524
single-blocker,0,222,plugin,32,0.6640625,14.8125,50.0,49.96821681185914,49.96821681185914,8.778807521998845
single-blocker,0,222,plugin,64,0.6640625,27.3125,103.0,96.14413264044192,96.14413264044192,10.375047322722633
single-blocker,0,222,plugin,96,0.6640625,39.8125,157.0,133.0547750279016,133.0547750279016,11.26535969532114
single-blocker,0,222,plugin,128,0.6640625,52.3125,207.0,161.19959927842362,161.19959927842362,11.82669022314223
single-blocker,0,222,plugin,160,0.6640625,64.8125,250.0,182.03887236311988,182.03887236311988,12.186626872383775
single-blocker,0,222,plugin,192,0.6640625,77.3125,298.0,203.74814837036476,203.74814837036476,12.539187039014699
single-blocker,0,222,plugin,224,0.6640625,89.8125,349.0,225.19123507170679,225.19123507170679,12.863760663245477
single-blocker,0,222,plugin,256,0.6640625,102.3125,402.0,245.9625602819315,245.9625602819315,13.156998429323247
single-blocker,0,222,plugin,288,0.6640625,114.8125,445.0,261.11235414793697,261.11235414793697,13.349357029514662
single-blocker,0,222,plugin,320,0.6640625,127.3125,493.0,277.58579550784606,277.58579550784606,13.554043388878865
single-blocker,0,222,plugin,352,0.6640625,139.8125,536.0,291.29316102594964,291.29316102594964,13.712373434952019
single-blocker,0,222,plugin,384,0.6640625,152.3125,587.0,307.494852597953,307.494852597953,13.899586517137424
single-blocker,0,222,plugin,416,0.6640625,164.8125,633.0,321.1736870287797,321.1736870287797,14.047551932211672
single-blocker,0,222,plugin,448,0.6640625,177.3125,680.0,334.7111425145266,334.7111425145266,14.18964508394086
single-blocker,0,222,plugin,480,0.6640625,189.8125,726.0,347.44212863298634,347.44212863298634,14.31817782426558
single-blocker,0,222,plugin,512,0.6640625,202.3125,771.0,359.44008613821507,359.44008613821507,14.435002122367008
single-blocker,0,222,safe,32,2.125,0.0,32.0,31.968216811859147,31.968216811859147,4.02724519543652
single-blocker,0,222,safe,64,4.25,0.0,64.0,57.42435623340214,57.42435623340214,4.7282659037057675
single-blocker,0,222,safe,96,6.375,0.0,96.0,76.78319682780861,76.78319682780861,5.136346480888775
single-blocker,0,222,safe,128,8.5,0.0,128.0,93.03345515740088,93.03345515740088,5.425334592589174
single-blocker,0,222,safe,160,10.625,0.0,160.0,107.31238195727079,107.31238195727079,5.649261224939744
single-blocker,0,222,safe,192,12.75,0.0,192.0,120.1978375468853,120.1978375468853,5.832104609707439
single-blocker,0,222,safe,224,14.875,0.0,224.0,132.0310352083931,132.0310352083931,5.986627913082163
single-blocker,0,222,safe,256,17.0,0.0,256.0,143.03333360981438,143.03333360981438,6.120438712817281
single-blocker,0,222,safe,288,19.125,0.0,288.0,153.35798108855585,153.35798108855585,6.238439029233648
single-blocker,0,222,safe,320,21.25,0.0,320.0,163.1162631808352,163.1162631808352,6.343973346894013
single-blocker,0,222,safe,352,23.375,0.0,352.0,172.39200998111025,172.39200998111025,6.43942571339101
single-blocker,0,222,safe,384,25.5,0.0,384.0,181.25023096678382,181.25023096678382,6.5265555690159704
single-blocker,0,222,safe,416,27.625,0.0,416.0,189.74254455085054,189.74254455085054,6.6066985205464555
single-blocker,0,222,safe,448,29.75,0.0,448.0,197.91074640079475,197.91074640079475,6.680892410683006
single-blocker,0,222,safe,480,31.875,0.0,480.0,205.78924141297622,205.78924141297622,6.7499597404471405
single-blocker,0,222,safe,512,34.0,0.0,512.0,213.40675252840046,213.40675252840046,6.81456340954972
single-blocker,0,222,known,32,0.0,12.5,48.0,47.96821681185914,47.96821681185914,7.345474188665511
single-blocker,0,222,known,64,0.0,25.0,101.0,94.04745485487551,94.04745485487551,8.902825100500404
single-blocker,0,222,known,96,0.0,37.5,155.0,130.7618041079367,130.7618041079367,9.78260107463147
single-blocker,0,222,known,128,0.0,50.0,205.0,158.8153481815756,158.8153481815756,10.339848117879056
single-blocker,0,222,known,160,0.0,62.5,248.0,179.6135759152012,179.6135759152012,10.69812112525732
single-blocker,0,222,known,192,0.0,75.0,296.0,201.27547684889137,201.27547684889137,11.04889577687876
single-blocker,0,222,known,224,0.0,87.5,347.0,222.67504020561424,222.67504020561424,11.371957384556937
single-blocker,0,222,known,256,0.0,100.0,400.0,243.40885351266007,243.40885351266007,11.663991436316243
single-blocker,0,222,known,288,0.0,112.5,443.0,258.5421679422794,258.5421679422794,11.855850536008157
single-blocker,0,222,known,320,0.0,125.0,491.0,274.99458501824387,274.99458501824387,12.059925741820026
single-blocker,0,222,known,352,0.0,137.5,534.0,288.6891581205549,288.6891581205549,12.217898296830457
single-blocker,0,222,known,384,0.0,150.0,585.0,304.87131464298625,304.87131464298625,12.404586517137416
single-blocker,0,222,known,416,0.0,162.5,631.0,318.5374658392052,318.5374658392052,12.55222482940792
single-blocker,0,222,known,448,0.0,175.0,678.0,332.0626549563136,332.0626549563136,12.694011896167925
single-blocker,0,222,known,480,0.0,187.5,724.0,344.78324107011724,344.78324107011724,12.822293050603019
single-blocker,0,222,known,512,0.0,200.0,769.0,356.77232155196066,356.77232155196066,12.938908372366997
single-blocker,0,222,product,32,2.125,0.0,32.0,31.968216811859147,31.968216811859147,4.02724519543652
single-blocker,0,222,product,64,4.25,0.0,64.0,57.42435623340214,57.42435623340214,4.7282659037057675
single-blocker,0,222,product,96,6.375,0.0,96.0,76.78319682780861,76.78319682780861,5.136346480888775
single-blocker,0,222,product,128,8.5,0.0,128.0,93.03345515740088,93.03345515740088,5.425334592589174
single-blocker,0,222,product,160,10.625,0.0,160.0,107.31238195727079,107.31238195727079,5.649261224939744
single-blocker,0,222,product,192,12.75,0.0,192.0,120.1978375468853,120.1978375468853,5.832104609707439
single-blocker,0,222,product,224,14.875,0.0,224.0,132.0310352083931,132.0310352083931,5.986627913082163
single-blocker,0,222,product,256,17.0,0.0,256.0,143.03333360981438,143.03333360981438,6.120438712817281
single-blocker,0,222,product,288,19.125,0.0,288.0,153.35798108855585,153.35798108855585,6.238439029233648
single-blocker,0,222,product,320,21.25,0.0,320.0,163.1162631808352,163.1162631808352,6.343973346894013
single-blocker,0,222,product,352,23.375,0.0,352.0,172.39200998111025,172.39200998111025,6.43942571339101
single-blocker,0,222,product,384,25.5,0.0,384.0,181.25023096678382,181.25023096678382,6.5265555690159704
single-blocker,0,222,product,416,27.625,0.0,416.0,189.74254455085054,189.74254455085054,6.6066985205464555
single-blocker,0,222,product,448,29.75,0.0,448.0,197.91074640079475,197.91074640079475,6.680892410683006
single-blocker,0,222,product,480,31.875,0.0,480.0,205.78924141297622,205.78924141297622,6.7499597404471405
single-blocker,0,222,product,512,34.0,0.0,512.0,213.40675252840046,213.40675252840046,6.81456340954972
outcome-lag-64,2,222,prefix,32,0.1875,23.0,64.0,64.0,64.0,26.26401597655284
outcome-lag-64,2,222,prefix,64,0.375,46.0,128.0,128.0,128.0,63.379937034660685
outcome-lag-64,2,222,prefix,96,0.5625,69.0,191.87090661032306,191.88505407287454,191.87024538812298,93.82371288489382
outcome-lag-64,2,222,prefix,128,0.75,92.0,248.1371175864796,248.91920462572696,247.22361992904914,113.35939041503272
outcome-lag-64,2,222,prefix,160,0.9375,115.0,293.7231278574348,295.6533197679271,291.10349953813113,126.16545320134459
outcome-lag-64,2,222,prefix,192,1.125,138.0,331.7191842158958,336.2960726996482,328.07275608131863,136.08169451003147
outcome-lag-64,2,222,prefix,224,1.3125,161.0,365.3111573749919,374.3952968162276,361.2895271015435,145.94303990430333
outcome-lag-64,2,222,prefix,256,1.5,184.0,395.817220249807,410.03098946105547,391.7907754237382,155.32886972338463
outcome-lag-64,2,222,prefix,288,1.6875,207.0,423.8624404993418,442.9890851558788,419.835995673273,163.64978035264318
outcome-lag-64,2,222,prefix,320,1.875,230.0,449.96382176746863,473.5584540407715,445.92106953915726,170.90050775536346
outcome-lag-64,2,222,prefix,352,2.0625,253.0,474.5668178604892,502.2206381982056,470.52406563217784,177.38702716215968
outcome-lag-64,2,222,prefix,384,2.25,276.0,497.846534005377,529.8247072207831,493.80378177706564,183.80514465636958
outcome-lag-64,2,222,prefix,416,2.4375,299.0,519.9702134254073,556.1096373738212,515.927461197096,189.76589635530456
outcome-lag-64,2,222,prefix,448,2.525390625,321.0703125,540.3387226461076,580.0122654394363,536.2959704177963,194.8240074439532
outcome-lag-64,2,222,prefix,480,2.525390625,342.3203125,560.2765544507794,603.6527837432016,556.2338022224681,199.9158070045412
outcome-lag-64,2,222,prefix,512,2.525390625,363.5703125,578.7010719370772,625.3626610131498,574.6583197087659,204.34277795575954
outcome-lag-64,2,222,intersection,32,0.1875,23.0,64.0,64.0,64.0,26.26401597655284
outcome-lag-64,2,222,intersection,64,0.375,46.0,128.0,128.0,128.0,63.379937034660685
outcome-lag-64,2,222,intersection,96,0.5625,69.0,191.87090661032306,191.88505407287454,191.87024538812298,93.82371288489382
outcome-lag-64,2,222,intersection,128,0.75,92.0,248.1371175864796,248.91920462572696,247.22361992904914,113.35939041503272
outcome-lag-64,2,222,intersection,160,0.9375,115.0,293.7231278574348,295.6533197679271,291.10349953813113,126.16545320134459
outcome-lag-64,2,222,intersection,192,1.125,138.0,331.7191842158958,336.2960726996482,328.07275608131863,136.08169451003147
outcome-lag-64,2,222,intersection,224,1.3125,161.0,365.3111573749919,374.3952968162276,361.2895271015435,145.94303990430333
outcome-lag-64,2,222,intersection,256,1.5,184.0,395.817220249807,410.03098946105547,391.7907754237382,155.32886972338463
outcome-lag-64,2,222,intersection,288,1.6875,207.0,423.8624404993418,442.9890851558788,419.835995673273,163.64978035264318
outcome-lag-64,2,222,intersection,320,1.875,230.0,449.96382176746863,473.5584540407715,445.92106953915726,170.90050775536346
outcome-lag-64,2,222,intersection,352,2.0625,253.0,474.5668178604892,502.2206381982056,470.52406563217784,177.38702716215968
outcome-lag-64,2,222,intersection,384,2.1796875,275.34375,497.43506640771335,529.4023591382462,493.392314179402,183.75899081021572
outcome-lag-64,2,222,intersection,416,2.1796875,296.59375,517.9778132451667,554.0067527466579,513.9350610168552,189.48428581753407
outcome-lag-64,2,222,intersection,448,2.1796875,317.84375,537.9590465125436,577.379242440502,533.9162942842322,194.3041098992233
outcome-lag-64,2,222,intersection,480,2.1796875,339.09375,557.9266050293634,601.0153279179468,553.883852801052,199.3410981777246
outcome-lag-64,2,222,intersection,512,2.1796875,360.34375,576.420469882132,622.7977179860052,572.3777176538206,203.77735233711718
outcome-lag-64,2,222,completed,32,0.1875,23.0,64.0,64.0,64.0,26.26401597655284
outcome-lag-64,2,222,completed,64,1.3125,41.6875,122.0,122.0,122.0,59.74120069221188
outcome-lag-64,2,222,completed,96,2.4375,60.375,179.87090661032306,179.88505407287454,179.87024538812298,86.39446132587938
outcome-lag-64,2,222,completed,128,2.625,83.375,236.15658974045394,237.14463233401872,235.48024031375797,105.43127525041123
outcome-lag-64,2,222,completed,160,2.8125,106.375,283.68745487344756,285.0900760155191,281.00502050776834,118.74762673182227
outcome-lag-64,2,222,completed,192,3.0,129.375,323.02002076568414,326.9293640166749,319.2039445250886,129.1479773262024
outcome-lag-64,2,222,completed,224,3.1875,152.375,357.5722321465574,365.96522799924713,353.3425996568848,139.39321316176583
outcome-lag-64,2,222,completed,256,3.375,175.375,388.731508119865,402.2783047594948,384.49492880552293,149.0592044701008
outcome-lag-64,2,222,completed,288,3.451171875,197.3359375,416.2188675545041,434.66582639312867,411.982288240162,157.36877485801324
outcome-lag-64,2,222,completed,320,3.486328125,218.9140625,441.73995711841343,464.7429410451557,437.4824053275663,164.63143440713182
outcome-lag-64,2,222,completed,352,3.486328125,240.1640625,464.8928181240714,491.97303712413384,460.6352663332243,170.97078096314544
outcome-lag-64,2,222,completed,384,3.486328125,261.4140625,488.1297193892932,519.4939948526797,483.8721675984461,177.3407847597734
outcome-lag-64,2,222,completed,416,3.486328125,282.6640625,508.9812311073862,544.4221245712137,504.72045503616744,183.12064466711544
outcome-lag-64,2,222,completed,448,3.486328125,303.9140625,529.2776940780683,568.157488228189,525.0169180068496,188.04860092916823
outcome-lag-64,2,222,completed,480,3.486328125,325.1640625,549.5387581880626,592.1406067206381,545.2779821168439,193.19451947724642
outcome-lag-64,2,222,completed,512,3.486328125,346.4140625,568.2849800319153,614.2117620707425,564.0242039606966,197.70919021718666
outcome-lag-64,2,222,plugin,32,3.26953125,12.546875,49.0,49.0,49.0,18.19545814549501
outcome-lag-64,2,222,plugin,64,6.33203125,25.046875,94.0,94.0,94.0,41.06835668997479
outcome-lag-64,2,222,plugin,96,8.62890625,39.734375,142.87090661032306,142.88505407287454,142.87024538812298,62.18421694158799
outcome-lag-64,2,222,plugin,128,11.69140625,52.234375,183.41832072921332,184.85716631764762,183.29904542364574,76.41241718375126
outcome-lag-64,2,222,plugin,160,14.658203125,65.0078125,216.87051073403387,218.5685569568755,215.39411265668565,85.16798446428916
outcome-lag-64,2,222,plugin,192,17.720703125,77.5078125,242.71723084720435,245.28193534980755,240.11740708057437,91.33792467881028
outcome-lag-64,2,222,plugin,224,20.783203125,90.0078125,263.99945321850936,269.12028788717095,260.90615778740624,97.33461375606268
outcome-lag-64,2,222,plugin,256,23.845703125,102.5078125,285.51409362649196,294.22519217795747,282.4133875761676,103.724843664004
outcome-lag-64,2,222,plugin,288,26.908203125,115.0078125,305.4617302643885,316.99993369788984,302.35499759143016,108.97282166115852
outcome-lag-64,2,222,plugin,320,29.970703125,127.5078125,323.42601535636373,337.29855249407683,320.26756205265985,113.17836762608736
outcome-lag-64,2,222,plugin,352,33.033203125,140.0078125,339.4897626520586,355.7830363202227,336.3313093483547,117.21900346185943
outcome-lag-64,2,222,plugin,384,36.095703125,152.5078125,356.0077291193797,374.8882089296723,352.8472555301721,121.26245243806503
outcome-lag-64,2,222,plugin,416,39.158203125,165.0078125,369.93717253907414,391.0803486559266,366.767263283062,124.60986745758164
outcome-lag-64,2,222,plugin,448,42.220703125,177.5078125,384.5516686447759,407.7847927053777,381.3817593887637,127.77520747475336
outcome-lag-64,2,222,plugin,480,45.283203125,190.0078125,397.3690492508952,422.67472375453565,394.19913999488307,130.71716600166303
outcome-lag-64,2,222,plugin,512,48.345703125,202.5078125,411.22369953248426,438.5967725236046,408.0537902764721,133.62169526314574
outcome-lag-64,2,222,safe,32,5.1875,0.0,32.0,32.0,32.0,12.451230151267021
outcome-lag-64,2,222,safe,64,10.375,0.0,64.0,64.0,64.0,29.524204904069084
outcome-lag-64,2,222,safe,96,15.5625,0.0,95.87090661032305,95.88505407287454,95.87024538812297,45.3233124984517
outcome-lag-64,2,222,safe,128,20.75,0.0,120.46730648616733,122.02476615796905,120.46664526396725,55.501754365654335
outcome-lag-64,2,222,safe,160,25.9375,0.0,139.3218721386759,142.49565521666568,139.32121091647582,61.917643256831596
outcome-lag-64,2,222,safe,192,31.125,0.0,155.1925594394012,160.35642648643432,155.19189821720113,67.07580232175337
outcome-lag-64,2,222,safe,224,36.3125,0.0,169.1966299203455,177.41009879791014,169.1959686981454,72.4508002750961
outcome-lag-64,2,222,safe,256,41.5,0.0,181.87729193952646,193.35499252655873,181.87663071732638,77.5272064020585
outcome-lag-64,2,222,safe,288,46.6875,0.0,193.54195379789834,207.6616949517212,193.54129257569826,81.62726166489604
outcome-lag-64,2,222,safe,320,51.875,0.0,204.39060085678014,220.8699237239931,204.38993963458006,85.1827426625489
outcome-lag-64,2,222,safe,352,57.0625,0.0,214.58507861838788,233.3094891840232,214.5844173961878,88.44201368880097
outcome-lag-64,2,222,safe,384,62.25,0.0,224.22545746524546,245.402810486998,224.22479624304538,91.76424386172705
outcome-lag-64,2,222,safe,416,67.4375,0.0,233.39668496462588,256.8217914496199,233.3960237424258,94.77105419181281
outcome-lag-64,2,222,safe,448,72.625,0.0,242.1611726592707,267.4288622423645,242.16051143707062,97.28411702474956
outcome-lag-64,2,222,safe,480,77.8125,0.0,250.56614840425172,277.7134859759769,250.56548718205164,99.75931307594458
outcome-lag-64,2,222,safe,512,83.0,0.0,258.6523248923725,287.73870755969114,258.6516636701724,102.2316272133372
outcome-lag-64,2,222,known,32,0.0,21.25,63.0,63.0,63.0,27.12337744841431
outcome-lag-64,2,222,known,64,0.0,42.5,127.0,127.0,127.0,64.51870733643321
outcome-lag-64,2,222,known,96,0.0,63.75,187.87090661032306,187.88505407287454,187.87024538812298,94.06412648284832
outcome-lag-64,2,222,known,128,0.0,85.0,240.18715290865993,241.55118388676277,239.85559919008503,112.45645949925256
outcome-lag-64,2,222,known,160,0.0,106.25,283.53403836909945,286.6278012299613,282.07798100016544,124.79026326967066
outcome-lag-64,2,222,known,192,0.0,127.5,320.8609807333602,326.6241217673047,318.40080514897545,134.63746985020003
outcome-lag-64,2,222,known,224,0.0,148.75,353.22107130737163,363.4177238438932,350.31195412920937,144.29706223477217
outcome-lag-64,2,222,known,256,0.0,170.0,383.1562978103399,398.59876982052725,380.2420541520696,153.62004188951994
outcome-lag-64,2,222,known,288,0.0,191.25,410.26223847916464,430.4777348671179,407.3433257921319,161.6738251648829
outcome-lag-64,2,222,known,320,0.0,212.5,435.87188412293153,460.4717228012342,432.90764400230364,168.72432391674585
outcome-lag-64,2,222,known,352,0.0,233.75,459.1173447362263,487.70775021158937,456.1531046155984,174.99535211929427
outcome-lag-64,2,222,known,384,0.0,255.0,482.50266269708925,515.2991663569284,479.536878632388,181.3092058835808
outcome-lag-64,2,222,known,416,0.0,276.25,503.3842325880995,540.1804954368143,500.41044196576416,187.0039682207942
outcome-lag-64,2,222,known,448,0.0,297.5,523.797784808925,563.9895497611628,520.8239941865895,191.90537929729388
outcome-lag-64,2,222,known,480,0.0,318.75,544.0689730983887,587.9351975743308,541.0951824760532,196.99755049726647
outcome-lag-64,2,222,known,512,0.0,340.0,562.9314691834326,610.0830815944723,559.957678561097,201.4821103457238
outcome-lag-64,2,222,product,32,3.5,23.25,63.0,63.0,63.0,34.89592007524093
outcome-lag-64,2,222,product,64,7.0,46.5,127.0,127.0,127.0,75.38777540837498
outcome-lag-64,2,222,product,96,10.5,69.75,187.75070976091456,187.88505407287454,187.75004853871448,108.13932476200712
outcome-lag-64,2,222,product,128,14.0,93.0,233.80793420817568,239.61683649542513,233.8072729859756,129.5796953635721
outcome-lag-64,2,222,product,160,17.5,116.25,269.97801562778807,282.85343214154807,269.97735440558796,145.58137195637295
outcome-lag-64,2,222,product,192,21.0,139.5,301.30922031981527,321.5890544271875,301.3085590976151,159.27624253993332
outcome-lag-64,2,222,product,224,24.5,162.75,328.50783446875346,356.1570339072823,328.5071732465533,171.19178687043924
outcome-lag-64,2,222,product,256,28.0,186.0,353.516885374521,388.21051352914793,353.51622415232083,181.80537749988034
outcome-lag-64,2,222,product,288,31.5,209.25,376.108037712088,417.4788742672247,376.1073764898878,191.26630234022164
outcome-lag-64,2,222,product,320,35.0,232.5,397.4985988380584,445.3629303469267,397.49793761585823,200.10112115302678
outcome-lag-64,2,222,product,352,38.5,255.75,416.9791617812362,470.5313449759597,416.97850055903604,207.73961618513687
outcome-lag-64,2,222,product,384,42.0,279.0,436.34329408647693,495.8413764168866,436.34263286427677,215.44441253194503
outcome-lag-64,2,222,product,416,45.5,302.25,453.85744396845365,518.4800572281684,453.8567827462535,222.0174572154298
outcome-lag-64,2,222,product,448,49.0,325.5,470.8829797875496,540.2109670369845,470.8823185653494,228.01674146832227
outcome-lag-64,2,222,product,480,52.5,348.75,487.7564002586859,561.8210716902468,487.75573903648575,233.94441553345422
outcome-lag-64,2,222,product,512,56.0,372.0,503.4779446574271,582.0089009030008,503.4772834352269,239.45984425083418
single-blocker,2,222,prefix,32,0.1875,23.0,64.0,63.96821681185914,63.96821681185914,10.659536515227838
single-blocker,2,222,prefix,64,0.375,46.0,128.0,121.29725752745716,121.29725752745716,12.778717927032375
single-blocker,2,222,prefix,96,0.5625,69.0,192.0,168.3936382072417,168.3936382072417,14.010499934769523
single-blocker,2,222,prefix,128,0.75,92.0,256.0,207.86040613878936,207.86040613878936,14.880873967254251
single-blocker,2,222,prefix,160,0.9375,115.0,320.0,242.46026965559653,242.46026965559653,15.55268512817296
single-blocker,2,222,prefix,192,1.125,138.0,384.0,273.73790644675876,273.73790644675876,16.10381029630097
single-blocker,2,222,prefix,224,1.3125,161.0,448.0,302.4410095627731,302.4410095627731,16.569034690007708
single-blocker,2,222,prefix,256,1.5,184.0,512.0,329.09269951080756,329.09269951080756,16.97086181229559
single-blocker,2,222,prefix,288,1.6875,207.0,576.0,354.0837899563952,354.0837899563952,17.324767192318557
single-blocker,2,222,prefix,320,1.875,230.0,640.0,377.7195309267163,377.7195309267163,17.64186668046705
single-blocker,2,222,prefix,352,2.0625,253.0,704.0,400.18194722442576,400.18194722442576,17.92861822753885
single-blocker,2,222,prefix,384,2.25,276.0,768.0,421.62960892425644,421.62960892425644,18.19032839900175
single-blocker,2,222,prefix,416,2.4375,299.0,832.0,442.19464439497153,442.19464439497153,18.4311854156137
single-blocker,2,222,prefix,448,2.625,322.0,896.0,461.9599174869203,461.9599174869203,18.653827881250212
single-blocker,2,222,prefix,480,2.8125,345.0,960.0,481.0397546601382,481.0397546601382,18.861499356754027
single-blocker,2,222,prefix,512,3.0,368.0,1024.0,499.47078582416833,499.47078582416833,19.05537955926647
single-blocker,2,222,intersection,32,0.1875,23.0,64.0,63.96821681185914,63.96821681185914,10.659536515227838
single-blocker,2,222,intersection,64,0.375,46.0,128.0,121.29725752745716,121.29725752745716,12.778717927032375
single-blocker,2,222,intersection,96,0.5625,69.0,192.0,168.3936382072417,168.3936382072417,14.010499934769523
single-blocker,2,222,intersection,128,0.75,92.0,256.0,207.86040613878936,207.86040613878936,14.880873967254251
single-blocker,2,222,intersection,160,0.9375,115.0,320.0,242.46026965559653,242.46026965559653,15.55268512817296
single-blocker,2,222,intersection,192,1.125,138.0,384.0,273.73790644675876,273.73790644675876,16.10381029630097
single-blocker,2,222,intersection,224,1.3125,161.0,448.0,302.4410095627731,302.4410095627731,16.569034690007708
single-blocker,2,222,intersection,256,1.5,184.0,512.0,329.09269951080756,329.09269951080756,16.97086181229559
single-blocker,2,222,intersection,288,1.6875,207.0,576.0,354.0837899563952,354.0837899563952,17.324767192318557
single-blocker,2,222,intersection,320,1.875,230.0,640.0,377.7195309267163,377.7195309267163,17.64186668046705
single-blocker,2,222,intersection,352,2.0625,253.0,704.0,400.18194722442576,400.18194722442576,17.92861822753885
single-blocker,2,222,intersection,384,2.21484375,275.671875,767.0,421.2482864827452,421.2482864827452,18.18520019387354
single-blocker,2,222,intersection,416,2.23828125,297.140625,827.0,440.3493307327074,440.3493307327074,18.407145842742448
single-blocker,2,222,intersection,448,2.28515625,318.828125,889.0,459.4716010550562,459.4716010550562,18.622575389671727
single-blocker,2,222,intersection,480,2.28515625,340.078125,952.0,478.2671131332312,478.2671131332312,18.827525864501453
single-blocker,2,222,intersection,512,2.28515625,361.328125,1013.0,495.7867415461486,495.7867415461486,19.011721889980606
single-blocker,2,222,completed,32,0.1875,23.0,64.0,63.96821681185914,63.96821681185914,10.659536515227838
single-blocker,2,222,completed,64,0.375,46.0,128.0,121.29725752745716,121.29725752745716,12.778717927032375
single-blocker,2,222,completed,96,0.5625,69.0,192.0,168.3936382072417,168.3936382072417,14.010499934769523
single-blocker,2,222,completed,128,0.75,92.0,256.0,207.86040613878936,207.86040613878936,14.880873967254251
single-blocker,2,222,completed,160,0.9375,115.0,320.0,242.46026965559653,242.46026965559653,15.55268512817296
single-blocker,2,222,completed,192,1.125,138.0,384.0,273.73790644675876,273.73790644675876,16.10381029630097
single-blocker,2,222,completed,224,1.3125,161.0,448.0,302.4410095627731,302.4410095627731,16.569034690007708
single-blocker,2,222,completed,256,1.5,184.0,512.0,329.09269951080756,329.09269951080756,16.97086181229559
single-blocker,2,222,completed,288,1.6875,207.0,576.0,354.0837899563952,354.0837899563952,17.324767192318557
single-blocker,2,222,completed,320,1.875,230.0,640.0,377.7195309267163,377.7195309267163,17.64186668046705
single-blocker,2,222,completed,352,2.0625,253.0,704.0,400.18194722442576,400.18194722442576,17.92861822753885
single-blocker,2,222,completed,384,2.19140625,275.453125,767.0,421.2482864827452,421.2482864827452,18.18520019387354
single-blocker,2,222,completed,416,2.19140625,296.703125,827.0,440.3493307327074,440.3493307327074,18.407145842742448
single-blocker,2,222,completed,448,2.19140625,317.953125,888.0,459.11288043724653,459.11288043724653,18.618029935126273
single-blocker,2,222,completed,480,2.19140625,339.203125,951.0,477.9171445612362,477.9171445612362,18.82319686017245
single-blocker,2,222,completed,512,2.19140625,360.453125,1012.0,495.4477404590602,495.4477404590602,19.00765684933021
single-blocker,2,222,plugin,32,0.181640625,22.9453125,64.0,63.96821681185914,63.96821681185914,10.659536515227838
single-blocker,2,222,plugin,64,0.369140625,45.9453125,128.0,121.29725752745716,121.29725752745716,12.778717927032375
single-blocker,2,222,plugin,96,0.556640625,68.9453125,192.0,168.3936382072417,168.3936382072417,14.010499934769523
single-blocker,2,222,plugin,128,0.744140625,91.9453125,256.0,207.86040613878936,207.86040613878936,14.880873967254251
single-blocker,2,222,plugin,160,0.85546875,114.234375,320.0,242.46026965559653,242.46026965559653,15.55268512817296
single-blocker,2,222,plugin,192,0.85546875,135.484375,382.0,272.65334461074417,272.65334461074417,16.0832969363178
single-blocker,2,222,plugin,224,0.85546875,156.734375,443.0,299.8909956423308,299.8909956423308,16.523572629293355
single-blocker,2,222,plugin,256,0.85546875,177.984375,505.0,325.76083302068196,325.76083302068196,16.91529225319671
single-blocker,2,222,plugin,288,0.85546875,199.234375,566.0,349.61221265620543,349.61221265620543,17.25456322233859
single-blocker,2,222,plugin,320,0.85546875,220.484375,628.0,372.6193147179482,372.6193147179482,17.565639571771932
single-blocker,2,222,plugin,352,0.85546875,241.734375,688.0,393.668583861032,393.668583861032,17.83525627542871
single-blocker,2,222,plugin,384,0.85546875,262.984375,751.0,415.00628772478507,415.00628772478507,18.099356838333943
single-blocker,2,222,plugin,416,0.85546875,284.234375,811.0,434.2861603274017,434.2861603274017,18.326089006972687
single-blocker,2,222,plugin,448,0.85546875,305.484375,872.0,453.2566112656194,453.2566112656194,18.542343848828107
single-blocker,2,222,plugin,480,0.85546875,326.734375,935.0,472.20941932491235,472.20941932491235,18.751255857462077
single-blocker,2,222,plugin,512,0.85546875,347.984375,996.0,489.92554453707584,489.92554453707584,18.940263031350476
single-blocker,2,222,safe,32,5.1875,0.0,32.0,31.968216811859147,31.968216811859147,4.02724519543652
single-blocker,2,222,safe,64,10.375,0.0,64.0,57.42435623340214,57.42435623340214,4.7282659037057675
single-blocker,2,222,safe,96,15.5625,0.0,96.0,76.78319682780861,76.78319682780861,5.136346480888775
single-blocker,2,222,safe,128,20.75,0.0,128.0,93.03345515740088,93.03345515740088,5.425334592589174
single-blocker,2,222,safe,160,25.9375,0.0,160.0,107.31238195727079,107.31238195727079,5.649261224939744
single-blocker,2,222,safe,192,31.125,0.0,192.0,120.1978375468853,120.1978375468853,5.832104609707439
single-blocker,2,222,safe,224,36.3125,0.0,224.0,132.0310352083931,132.0310352083931,5.986627913082163
single-blocker,2,222,safe,256,41.5,0.0,256.0,143.03333360981438,143.03333360981438,6.120438712817281
single-blocker,2,222,safe,288,46.6875,0.0,288.0,153.35798108855585,153.35798108855585,6.238439029233648
single-blocker,2,222,safe,320,51.875,0.0,320.0,163.1162631808352,163.1162631808352,6.343973346894013
single-blocker,2,222,safe,352,57.0625,0.0,352.0,172.39200998111025,172.39200998111025,6.43942571339101
single-blocker,2,222,safe,384,62.25,0.0,384.0,181.25023096678382,181.25023096678382,6.5265555690159704
single-blocker,2,222,safe,416,67.4375,0.0,416.0,189.74254455085054,189.74254455085054,6.6066985205464555
single-blocker,2,222,safe,448,72.625,0.0,448.0,197.91074640079475,197.91074640079475,6.680892410683006
single-blocker,2,222,safe,480,77.8125,0.0,480.0,205.78924141297622,205.78924141297622,6.7499597404471405
single-blocker,2,222,safe,512,83.0,0.0,512.0,213.40675252840046,213.40675252840046,6.81456340954972
single-blocker,2,222,known,32,0.0,21.25,63.0,62.96821681185914,62.96821681185914,10.597036515227838
single-blocker,2,222,known,64,0.0,42.5,127.0,120.29725752745716,120.29725752745716,12.74423516841169
single-blocker,2,222,known,96,0.0,63.75,188.0,165.11484059563847,165.11484059563847,13.918485102057017
single-blocker,2,222,known,128,0.0,85.0,248.0,202.3683726316739,202.3683726316739,14.750611662596217
single-blocker,2,222,known,160,0.0,106.25,309.0,235.77200155092024,235.77200155092024,15.411427009062002
single-blocker,2,222,known,192,0.0,127.5,371.0,266.47196002790196,266.47196002790196,15.962271529229636
single-blocker,2,222,known,224,0.0,148.75,432.0,294.05932384957043,294.05932384957043,16.415625658881584
single-blocker,2,222,known,256,0.0,170.0,494.0,320.3229709015499,320.3229709015499,16.821206388974904
single-blocker,2,222,known,288,0.0,191.25,555.0,344.4981282971379,344.4981282971379,17.171182013335212
single-blocker,2,222,known,320,0.0,212.5,617.0,367.7606971970312,367.7606971970312,17.490261730975032
single-blocker,2,222,known,352,0.0,233.75,677.0,389.0010427879648,389.0010427879648,17.765608114101997
single-blocker,2,222,known,384,0.0,255.0,740.0,410.54874882069157,410.54874882069157,18.035751765776407
single-blocker,2,222,known,416,0.0,276.25,800.0,429.96585252866873,429.96585252866873,18.266288731080884
single-blocker,2,222,known,448,0.0,297.5,861.0,449.0939811613822,449.0939811613822,18.486774115945423
single-blocker,2,222,known,480,0.0,318.75,924.0,468.159295883156,468.159295883156,18.69861222452403
single-blocker,2,222,known,512,0.0,340.0,985.0,486.01515392835796,486.01515392835796,18.891146098041514
single-blocker,2,222,product,32,3.5,23.25,63.0,62.960661021301576,62.960661021301576,8.02223232635691
single-blocker,2,222,product,64,7.0,46.5,127.0,114.17099006773775,114.17099006773775,9.440658791538528
single-blocker,2,222,product,96,10.5,69.75,188.0,151.35037064716926,151.35037064716926,10.229906094726308
single-blocker,2,222,product,128,14.0,93.0,248.0,182.21993209379536,182.21993209379536,10.785869546609236
single-blocker,2,222,product,160,17.5,116.25,309.0,209.8960453380291,209.8960453380291,11.227063737520984
single-blocker,2,222,product,192,21.0,139.5,371.0,235.30364348612116,235.30364348612116,11.593910183534112
single-blocker,2,222,product,224,24.5,162.75,432.0,258.2611443375529,258.2611443375529,11.898975885376846
single-blocker,2,222,product,256,28.0,186.0,494.0,279.96988018448053,279.96988018448053,12.167822739880048
single-blocker,2,222,product,288,31.5,209.25,555.0,300.01052286674616,300.01052286674616,12.401029524410252
single-blocker,2,222,product,320,35.0,232.5,617.0,319.2719673134228,319.2719673134228,12.61323670418985
single-blocker,2,222,product,352,38.5,255.75,677.0,336.98757751628585,336.98757751628585,12.798927310129937
single-blocker,2,222,product,384,42.0,279.0,740.0,354.7711821131278,354.7711821131278,12.977296812853208
single-blocker,2,222,product,416,45.5,302.25,800.0,370.9927755176344,370.9927755176344,13.133254089562424
single-blocker,2,222,product,448,49.0,325.5,861.0,386.87149151022714,386.87149151022714,13.280344526231989
single-blocker,2,222,product,480,52.5,348.75,924.0,402.69545099106017,402.69545099106017,13.421873418934963
single-blocker,2,222,product,512,56.0,372.0,985.0,417.49579507551556,417.49579507551556,13.549817008016474
outcome-lag-64,4,222,prefix,32,0.0,21.0,64.0,64.0,64.0,29.081397521041303
outcome-lag-64,4,222,prefix,64,0.0,42.0,128.0,128.0,128.0,59.59082415846362
outcome-lag-64,4,222,prefix,96,0.0,63.0,191.68351850755772,190.46524161271344,190.46524161271344,85.28554525278352
outcome-lag-64,4,222,prefix,128,0.0,84.0,246.66618626269883,245.1473717576403,244.13813679108827,102.16730488661655
outcome-lag-64,4,222,prefix,160,0.0,105.0,291.12395448596897,291.1586312565603,288.10392258620686,114.66444166875598
outcome-lag-64,4,222,prefix,192,0.0,126.0,329.3846308677689,332.1088791935604,326.2698252453095,124.75781112049127
outcome-lag-64,4,222,prefix,224,0.0,147.0,363.2714454549301,370.03102642719614,360.15663983247066,134.27178490876145
outcome-lag-64,4,222,prefix,256,0.0,168.0,394.0564463251903,405.93189085394806,390.9416407027309,143.78377627932943
outcome-lag-64,4,222,prefix,288,0.0,189.0,422.247321184259,438.66064886978353,419.13251556179966,151.8180056947544
outcome-lag-64,4,222,prefix,320,0.0,210.0,448.299997305908,468.4252613970165,445.18519168344864,158.40722486971848
outcome-lag-64,4,222,prefix,352,0.0,231.0,472.8630950226859,496.29150600377096,469.74828940022655,164.06085533380377
outcome-lag-64,4,222,prefix,384,0.0,252.0,496.0163204239718,522.8183356664135,492.90151480151246,169.47646884962793
outcome-lag-64,4,222,prefix,416,0.0,273.0,518.2861966206648,548.65774909261,515.1713909982054,174.8695436533701
outcome-lag-64,4,222,prefix,448,0.0,294.0,539.410744598705,573.1356030014724,536.2959389762457,179.8224721417921
outcome-lag-64,4,222,prefix,480,0.0,315.0,559.5084829246251,596.1864282256121,556.3936773021658,184.17071383159285
outcome-lag-64,4,222,prefix,512,0.0,336.0,578.90658914,618.4548658587101,575.7917835175407,188.30937505866515
outcome-lag-64,4,222,intersection,32,0.0,21.0,64.0,64.0,64.0,29.081397521041303
outcome-lag-64,4,222,intersection,64,0.0,42.0,128.0,128.0,128.0,59.59082415846362
outcome-lag-64,4,222,intersection,96,0.0,63.0,191.68351850755772,190.46524161271344,190.46524161271344,85.28554525278352
outcome-lag-64,4,222,intersection,128,0.0,84.0,246.66618626269883,245.1473717576403,244.13813679108827,102.16730488661655
outcome-lag-64,4,222,intersection,160,0.0,105.0,291.12395448596897,291.1586312565603,288.10392258620686,114.66444166875598
outcome-lag-64,4,222,intersection,192,0.0,126.0,329.3846308677689,332.1088791935604,326.2698252453095,124.75781112049127
outcome-lag-64,4,222,intersection,224,0.0,147.0,363.2714454549301,370.03102642719614,360.15663983247066,134.27178490876145
outcome-lag-64,4,222,intersection,256,0.0,168.0,394.0564463251903,405.93189085394806,390.9416407027309,143.78377627932943
outcome-lag-64,4,222,intersection,288,0.0,189.0,422.247321184259,438.66064886978353,419.13251556179966,151.8180056947544
outcome-lag-64,4,222,intersection,320,0.0,210.0,448.299997305908,468.4252613970165,445.18519168344864,158.40722486971848
outcome-lag-64,4,222,intersection,352,0.0,231.0,472.8630950226859,496.29150600377096,469.74828940022655,164.06085533380377
outcome-lag-64,4,222,intersection,384,0.0,252.0,496.0163204239718,522.8183356664135,492.90151480151246,169.47646884962793
outcome-lag-64,4,222,intersection,416,0.0,273.0,518.2861966206648,548.65774909261,515.1713909982054,174.8695436533701
outcome-lag-64,4,222,intersection,448,0.0,294.0,539.410744598705,573.1356030014724,536.2959389762457,179.8224721417921
outcome-lag-64,4,222,intersection,480,0.0,315.0,559.5084829246251,596.1864282256121,556.3936773021658,184.17071383159285
outcome-lag-64,4,222,intersection,512,0.0,336.0,578.90658914,618.4548658587101,575.7917835175407,188.30937505866515
outcome-lag-64,4,222,completed,32,0.0,21.0,64.0,64.0,64.0,29.081397521041303
outcome-lag-64,4,222,completed,64,5.4921875,29.53125,109.0,109.0,109.0,48.366300940340835
outcome-lag-64,4,222,completed,96,10.1171875,40.03125,156.68351850755772,155.46524161271344,155.46524161271344,65.868184848071
outcome-lag-64,4,222,completed,128,10.1171875,61.03125,212.02209038204177,211.04572943041723,210.0364944638653,80.88103630508893
outcome-lag-64,4,222,completed,160,10.1171875,82.03125,260.42121479123864,260.43355843932386,257.5593908774896,94.8377136009239
outcome-lag-64,4,222,completed,192,10.1171875,103.03125,303.50938196728833,305.1082936911168,299.81315967380675,106.2103345225603
outcome-lag-64,4,222,completed,224,10.1171875,124.03125,340.7852729418903,345.8657632509583,336.7862792937723,116.7337535813781
outcome-lag-64,4,222,completed,256,10.1171875,145.03125,373.9995541003642,384.09697047019387,370.0005604522462,127.17657870230917
outcome-lag-64,4,222,completed,288,10.1171875,166.03125,403.90489074542415,418.60584934594016,399.90589709730614,135.89368582307918
outcome-lag-64,4,222,completed,320,10.1171875,187.03125,431.22602341816764,449.662445942561,427.2270297700496,142.92237767229182
outcome-lag-64,4,222,completed,352,10.1171875,208.03125,456.86533663954356,478.63729415599806,452.86634299142554,148.90373010936028
outcome-lag-64,4,222,completed,384,10.1171875,229.03125,480.87333977294065,506.0944853721242,476.87434612482264,154.60655226247428
outcome-lag-64,4,222,completed,416,10.1171875,250.03125,503.9480795214045,532.8380201848921,499.9490858732865,160.28961228322967
outcome-lag-64,4,222,completed,448,10.1171875,271.03125,525.7260371192282,558.0422386989092,521.7270434711104,165.4624435379421
outcome-lag-64,4,222,completed,480,10.1171875,292.03125,546.3518341704771,581.6745025935182,542.3528405223593,169.96860572654674
outcome-lag-64,4,222,completed,512,10.1171875,313.03125,566.230473791624,604.4936058846714,562.2314801435062,174.2657013934182
outcome-lag-64,4,222,plugin,32,0.75390625,11.953125,55.0,55.0,55.0,25.07936621901
outcome-lag-64,4,222,plugin,64,1.75390625,20.953125,103.0,103.0,103.0,48.05721710591519
outcome-lag-64,4,222,plugin,96,2.65625,31.125,149.68351850755772,148.46524161271344,148.46524161271344,66.76049176151484
outcome-lag-64,4,222,plugin,128,3.53125,41.625,193.54626082689308,192.5261505367759,191.51691557022386,81.20199864538866
outcome-lag-64,4,222,plugin,160,3.8046875,59.34375,234.94392104957376,235.61556839356828,232.6620035980468,93.27901781341163
outcome-lag-64,4,222,plugin,192,4.6796875,69.84375,262.41405271388385,265.7415609503719,260.1321352623568,101.71858594829474
outcome-lag-64,4,222,plugin,224,4.92578125,87.890625,296.74778353437597,303.58255873085795,294.46586608284895,112.10292908997191
outcome-lag-64,4,222,plugin,256,5.80078125,98.390625,317.8334591297613,328.42699814530863,315.5515416782343,118.74579183512503
outcome-lag-64,4,222,plugin,288,6.07421875,116.109375,349.84383153028597,363.7455217544553,347.56191407875895,126.25400653057653
outcome-lag-64,4,222,plugin,320,6.5390625,131.53125,377.78553643064134,394.5827308235569,375.5036189791143,132.8340576806675
outcome-lag-64,4,222,plugin,352,6.94921875,147.609375,401.7192258282351,421.5718553966615,399.4373083767081,138.5387523176057
outcome-lag-64,4,222,plugin,384,6.94921875,168.609375,430.0223116152306,452.86514482245184,427.7199710883068,144.74333766801922
outcome-lag-64,4,222,plugin,416,6.94921875,189.609375,458.56189239796777,484.72670750113906,456.259551871044,152.10775228305513
outcome-lag-64,4,222,plugin,448,6.9765625,210.28125,483.89878611821615,513.2537808998906,481.59644559129237,158.38339449318002
outcome-lag-64,4,222,plugin,480,6.9765625,231.28125,506.5803456824971,538.8266964871269,504.27800515557334,163.3809081003747
outcome-lag-64,4,222,plugin,512,6.9765625,252.28125,528.3069052648337,563.4718523398772,526.00456473791,168.09939908864297
outcome-lag-64,4,222,safe,32,9.25,0.0,32.0,32.0,32.0,14.165852621324582
outcome-lag-64,4,222,safe,64,18.5,0.0,64.0,64.0,64.0,26.260664736237445
outcome-lag-64,4,222,safe,96,27.75,0.0,95.68351850755774,94.46524161271346,94.46524161271346,38.07179571328536
outcome-lag-64,4,222,safe,128,37.0,0.0,120.17826760722133,119.96582010914761,118.95658514259571,47.61110399182763
outcome-lag-64,4,222,safe,160,46.25,0.0,139.0433894009504,140.65977359967033,137.82170693632477,54.25005731483107
outcome-lag-64,4,222,safe,192,55.5,0.0,154.86989280201678,158.43071548152514,153.64821033739116,59.31838699183903
outcome-lag-64,4,222,safe,224,64.75,0.0,168.86045064137232,175.1351856727553,167.6387681767467,64.34418282493611
outcome-lag-64,4,222,safe,256,74.0,0.0,181.535576425746,190.8767014900212,180.31389396112039,69.21721104051574
outcome-lag-64,4,222,safe,288,83.25,0.0,193.20122092040864,204.95063127101764,191.97953845578303,73.08449365918709
outcome-lag-64,4,222,safe,320,92.5,0.0,204.05191757388448,218.04259928108493,202.83023510925887,76.52371389463534
outcome-lag-64,4,222,safe,352,101.75,0.0,214.2404927963713,230.2349124470879,213.0188103317457,79.53573262686022
outcome-lag-64,4,222,safe,384,111.0,0.0,223.87755450432635,241.58820937048247,222.65587203970074,82.11793842020613
outcome-lag-64,4,222,safe,416,120.25,0.0,233.04585108452756,252.55796335379708,231.82416861990194,84.67552177098455
outcome-lag-64,4,222,safe,448,129.5,0.0,241.80728599474907,263.1051308640595,240.58560353012345,87.12868132143915
outcome-lag-64,4,222,safe,480,138.75,0.0,250.21191086194176,273.1306588664447,248.99022839731614,89.34478164140691
outcome-lag-64,4,222,safe,512,148.0,0.0,258.2963354860131,282.4780335689774,257.0746530213875,91.13924889761797
outcome-lag-64,4,222,known,32,0.0,21.0,64.0,64.0,64.0,29.081397521041303
outcome-lag-64,4,222,known,64,0.0,42.0,128.0,128.0,128.0,59.59082415846362
outcome-lag-64,4,222,known,96,0.0,63.0,191.68351850755772,190.46524161271344,190.46524161271344,85.28554525278352
outcome-lag-64,4,222,known,128,0.0,84.0,246.66618626269883,245.1473717576403,244.13813679108827,102.16730488661655
outcome-lag-64,4,222,known,160,0.0,105.0,291.12395448596897,291.1586312565603,288.10392258620686,114.66444166875598
outcome-lag-64,4,222,known,192,0.0,126.0,329.3846308677689,332.1088791935604,326.2698252453095,124.75781112049127
outcome-lag-64,4,222,known,224,0.0,147.0,363.2714454549301,370.03102642719614,360.15663983247066,134.27178490876145
outcome-lag-64,4,222,known,256,0.0,168.0,394.0564463251903,405.93189085394806,390.9416407027309,143.78377627932943
outcome-lag-64,4,222,known,288,0.0,189.0,422.247321184259,438.66064886978353,419.13251556179966,151.8180056947544
outcome-lag-64,4,222,known,320,0.0,210.0,448.299997305908,468.4252613970165,445.18519168344864,158.40722486971848
outcome-lag-64,4,222,known,352,0.0,231.0,472.8630950226859,496.29150600377096,469.74828940022655,164.06085533380377
outcome-lag-64,4,222,known,384,0.0,252.0,496.0163204239718,522.8183356664135,492.90151480151246,169.47646884962793
outcome-lag-64,4,222,known,416,0.0,273.0,518.2861966206648,548.65774909261,515.1713909982054,174.8695436533701
outcome-lag-64,4,222,known,448,0.0,294.0,539.410744598705,573.1356030014724,536.2959389762457,179.8224721417921
outcome-lag-64,4,222,known,480,0.0,315.0,559.5084829246251,596.1864282256121,556.3936773021658,184.17071383159285
outcome-lag-64,4,222,known,512,0.0,336.0,578.90658914,618.4548658587101,575.7917835175407,188.30937505866515
outcome-lag-64,4,222,product,32,0.0,21.0,64.0,64.0,64.0,29.081397521041303
outcome-lag-64,4,222,product,64,0.0,42.0,128.0,128.0,128.0,59.59082415846362
outcome-lag-64,4,222,product,96,0.0,63.0,191.68351850755772,190.46524161271344,190.46524161271344,85.28554525278352
outcome-lag-64,4,222,product,128,0.0,84.0,246.66618626269883,245.1473717576403,244.13813679108827,102.16730488661655
outcome-lag-64,4,222,product,160,0.0,105.0,291.12395448596897,291.1586312565603,288.10392258620686,114.66444166875598
outcome-lag-64,4,222,product,192,0.0,126.0,329.3846308677689,332.1088791935604,326.2698252453095,124.75781112049127
outcome-lag-64,4,222,product,224,0.0,147.0,363.2714454549301,370.03102642719614,360.15663983247066,134.27178490876145
outcome-lag-64,4,222,product,256,0.0,168.0,394.0564463251903,405.93189085394806,390.9416407027309,143.78377627932943
outcome-lag-64,4,222,product,288,0.0,189.0,422.247321184259,438.66064886978353,419.13251556179966,151.8180056947544
outcome-lag-64,4,222,product,320,0.0,210.0,448.299997305908,468.4252613970165,445.18519168344864,158.40722486971848
outcome-lag-64,4,222,product,352,0.0,231.0,472.8630950226859,496.29150600377096,469.74828940022655,164.06085533380377
outcome-lag-64,4,222,product,384,0.0,252.0,496.0163204239718,522.8183356664135,492.90151480151246,169.47646884962793
outcome-lag-64,4,222,product,416,0.0,273.0,518.2861966206648,548.65774909261,515.1713909982054,174.8695436533701
outcome-lag-64,4,222,product,448,0.0,294.0,539.410744598705,573.1356030014724,536.2959389762457,179.8224721417921
outcome-lag-64,4,222,product,480,0.0,315.0,559.5084829246251,596.1864282256121,556.3936773021658,184.17071383159285
outcome-lag-64,4,222,product,512,0.0,336.0,578.90658914,618.4548658587101,575.7917835175407,188.30937505866515
single-blocker,4,222,prefix,32,0.0,21.0,64.0,63.96821681185914,63.96821681185914,10.435915588510934
single-blocker,4,222,prefix,64,0.0,42.0,128.0,120.53907305509672,120.53907305509672,12.697622192859418
single-blocker,4,222,prefix,96,0.0,63.0,192.0,168.00974926006964,168.00974926006964,13.990319913569413
single-blocker,4,222,prefix,128,0.0,84.0,256.0,207.21764942871414,207.21764942871414,14.851400840506328
single-blocker,4,222,prefix,160,0.0,105.0,320.0,241.38878856531628,241.38878856531628,15.50841726032793
single-blocker,4,222,prefix,192,0.0,126.0,384.0,272.80587667444127,272.80587667444127,16.068626884188014
single-blocker,4,222,prefix,224,0.0,147.0,448.0,301.68813204650166,301.68813204650166,16.54270881088278
single-blocker,4,222,prefix,256,0.0,168.0,512.0,328.4852724134407,328.4852724134407,16.950976121637897
single-blocker,4,222,prefix,288,0.0,189.0,576.0,353.53668323492195,353.53668323492195,17.307858342708407
single-blocker,4,222,prefix,320,0.0,210.0,640.0,377.0257011960819,377.0257011960819,17.62148295159947
single-blocker,4,222,prefix,352,0.0,231.0,704.0,399.5270921538645,399.5270921538645,17.910259766712606
single-blocker,4,222,prefix,384,0.0,252.0,768.0,420.89873443003324,420.89873443003324,18.170685896062835
single-blocker,4,222,prefix,416,0.0,273.0,832.0,441.58995676663244,441.58995676663244,18.41556961020791
single-blocker,4,222,prefix,448,0.0,294.0,896.0,461.3376414352198,461.3376414352198,18.63832885835507
single-blocker,4,222,prefix,480,0.0,315.0,960.0,480.24422774619484,480.24422774619484,18.84233163499091
single-blocker,4,222,prefix,512,0.0,336.0,1024.0,498.56591929753654,498.56591929753654,19.03424678030716
single-blocker,4,222,intersection,32,0.0,21.0,64.0,63.96821681185914,63.96821681185914,10.435915588510934
single-blocker,4,222,intersection,64,0.0,42.0,128.0,120.53907305509672,120.53907305509672,12.697622192859418
single-blocker,4,222,intersection,96,0.0,63.0,192.0,168.00974926006964,168.00974926006964,13.990319913569413
single-blocker,4,222,intersection,128,0.0,84.0,256.0,207.21764942871414,207.21764942871414,14.851400840506328
single-blocker,4,222,intersection,160,0.0,105.0,320.0,241.38878856531628,241.38878856531628,15.50841726032793
single-blocker,4,222,intersection,192,0.0,126.0,384.0,272.80587667444127,272.80587667444127,16.068626884188014
single-blocker,4,222,intersection,224,0.0,147.0,448.0,301.68813204650166,301.68813204650166,16.54270881088278
single-blocker,4,222,intersection,256,0.0,168.0,512.0,328.4852724134407,328.4852724134407,16.950976121637897
single-blocker,4,222,intersection,288,0.0,189.0,576.0,353.53668323492195,353.53668323492195,17.307858342708407
single-blocker,4,222,intersection,320,0.0,210.0,640.0,377.0257011960819,377.0257011960819,17.62148295159947
single-blocker,4,222,intersection,352,0.0,231.0,704.0,399.5270921538645,399.5270921538645,17.910259766712606
single-blocker,4,222,intersection,384,0.0,252.0,768.0,420.89873443003324,420.89873443003324,18.170685896062835
single-blocker,4,222,intersection,416,0.0,273.0,832.0,441.58995676663244,441.58995676663244,18.41556961020791
single-blocker,4,222,intersection,448,0.0,294.0,896.0,461.3376414352198,461.3376414352198,18.63832885835507
single-blocker,4,222,intersection,480,0.0,315.0,960.0,480.24422774619484,480.24422774619484,18.84233163499091
single-blocker,4,222,intersection,512,0.0,336.0,1024.0,498.56591929753654,498.56591929753654,19.03424678030716
single-blocker,4,222,completed,32,0.0,21.0,64.0,63.96821681185914,63.96821681185914,10.435915588510934
single-blocker,4,222,completed,64,0.0,42.0,128.0,120.53907305509672,120.53907305509672,12.697622192859418
single-blocker,4,222,completed,96,0.0,63.0,192.0,168.00974926006964,168.00974926006964,13.990319913569413
single-blocker,4,222,completed,128,0.0,84.0,256.0,207.21764942871414,207.21764942871414,14.851400840506328
single-blocker,4,222,completed,160,0.0,105.0,320.0,241.38878856531628,241.38878856531628,15.50841726032793
single-blocker,4,222,completed,192,0.0,126.0,384.0,272.80587667444127,272.80587667444127,16.068626884188014
single-blocker,4,222,completed,224,0.0,147.0,448.0,301.68813204650166,301.68813204650166,16.54270881088278
single-blocker,4,222,completed,256,0.0,168.0,512.0,328.4852724134407,328.4852724134407,16.950976121637897
single-blocker,4,222,completed,288,0.0,189.0,576.0,353.53668323492195,353.53668323492195,17.307858342708407
single-blocker,4,222,completed,320,0.0,210.0,640.0,377.0257011960819,377.0257011960819,17.62148295159947
single-blocker,4,222,completed,352,0.0,231.0,704.0,399.5270921538645,399.5270921538645,17.910259766712606
single-blocker,4,222,completed,384,0.0,252.0,768.0,420.89873443003324,420.89873443003324,18.170685896062835
single-blocker,4,222,completed,416,0.0,273.0,832.0,441.58995676663244,441.58995676663244,18.41556961020791
single-blocker,4,222,completed,448,0.0,294.0,896.0,461.3376414352198,461.3376414352198,18.63832885835507
single-blocker,4,222,completed,480,0.0,315.0,960.0,480.24422774619484,480.24422774619484,18.84233163499091
single-blocker,4,222,completed,512,0.0,336.0,1024.0,498.56591929753654,498.56591929753654,19.03424678030716
single-blocker,4,222,plugin,32,0.4921875,15.09375,60.0,59.96821681185914,59.96821681185914,9.801391778987124
single-blocker,4,222,plugin,64,1.3671875,25.59375,110.0,102.53907305509671,102.53907305509671,11.09014227597548
single-blocker,4,222,plugin,96,2.2421875,36.09375,156.0,132.89503243837515,132.89503243837515,11.795110207966381
single-blocker,4,222,plugin,128,3.1171875,46.59375,208.0,162.57967096566142,162.57967096566142,12.39669022314222
single-blocker,4,222,plugin,160,3.9921875,57.09375,262.0,189.64215473098082,189.64215473098082,12.879357705828518
single-blocker,4,222,plugin,192,4.8671875,67.59375,311.0,211.41233134497577,211.41233134497577,13.22445967924445
single-blocker,4,222,plugin,224,5.7421875,78.09375,359.0,231.0069066957397,231.0069066957397,13.510860276989163
single-blocker,4,222,plugin,256,6.6171875,88.59375,407.0,249.29672677440865,249.29672677440865,13.761165765818166
single-blocker,4,222,plugin,288,7.4921875,99.09375,456.0,266.93105527191983,266.93105527191983,13.989667607137122
single-blocker,4,222,plugin,320,8.3671875,109.59375,508.0,284.8083038550011,284.8083038550011,14.211273769161311
single-blocker,4,222,plugin,352,9.2421875,120.09375,557.0,300.63663161227925,300.63663161227925,14.395789994845796
single-blocker,4,222,plugin,384,10.1171875,130.59375,608.0,316.49174891358484,316.49174891358484,14.57389145452529
single-blocker,4,222,plugin,416,10.9921875,141.09375,655.0,330.2928086271873,330.2928086271873,14.720430360101828
single-blocker,4,222,plugin,448,11.8671875,151.59375,705.0,344.6085142965126,344.6085142965126,14.868885057193951
single-blocker,4,222,plugin,480,12.7421875,162.09375,758.0,359.3840768052898,359.3840768052898,15.018147913903997
single-blocker,4,222,plugin,512,13.6171875,172.59375,810.0,373.3244013507353,373.3244013507353,15.153577561464553
single-blocker,4,222,safe,32,9.25,0.0,32.0,31.968216811859147,31.968216811859147,4.02724519543652
single-blocker,4,222,safe,64,18.5,0.0,64.0,57.42435623340214,57.42435623340214,4.7282659037057675
single-blocker,4,222,safe,96,27.75,0.0,96.0,76.78319682780861,76.78319682780861,5.136346480888775
single-blocker,4,222,safe,128,37.0,0.0,128.0,93.03345515740088,93.03345515740088,5.425334592589174
single-blocker,4,222,safe,160,46.25,0.0,160.0,107.31238195727079,107.31238195727079,5.649261224939744
single-blocker,4,222,safe,192,55.5,0.0,192.0,120.1978375468853,120.1978375468853,5.832104609707439
single-blocker,4,222,safe,224,64.75,0.0,224.0,132.0310352083931,132.0310352083931,5.986627913082163
single-blocker,4,222,safe,256,74.0,0.0,256.0,143.03333360981438,143.03333360981438,6.120438712817281
single-blocker,4,222,safe,288,83.25,0.0,288.0,153.35798108855585,153.35798108855585,6.238439029233648
single-blocker,4,222,safe,320,92.5,0.0,320.0,163.1162631808352,163.1162631808352,6.343973346894013
single-blocker,4,222,safe,352,101.75,0.0,352.0,172.39200998111025,172.39200998111025,6.43942571339101
single-blocker,4,222,safe,384,111.0,0.0,384.0,181.25023096678382,181.25023096678382,6.5265555690159704
single-blocker,4,222,safe,416,120.25,0.0,416.0,189.74254455085054,189.74254455085054,6.6066985205464555
single-blocker,4,222,safe,448,129.5,0.0,448.0,197.91074640079475,197.91074640079475,6.680892410683006
single-blocker,4,222,safe,480,138.75,0.0,480.0,205.78924141297622,205.78924141297622,6.7499597404471405
single-blocker,4,222,safe,512,148.0,0.0,512.0,213.40675252840046,213.40675252840046,6.81456340954972
single-blocker,4,222,known,32,0.0,21.0,64.0,63.96821681185914,63.96821681185914,10.435915588510934
single-blocker,4,222,known,64,0.0,42.0,128.0,120.53907305509672,120.53907305509672,12.697622192859418
single-blocker,4,222,known,96,0.0,63.0,192.0,168.00974926006964,168.00974926006964,13.990319913569413
single-blocker,4,222,known,128,0.0,84.0,256.0,207.21764942871414,207.21764942871414,14.851400840506328
single-blocker,4,222,known,160,0.0,105.0,320.0,241.38878856531628,241.38878856531628,15.50841726032793
single-blocker,4,222,known,192,0.0,126.0,384.0,272.80587667444127,272.80587667444127,16.068626884188014
single-blocker,4,222,known,224,0.0,147.0,448.0,301.68813204650166,301.68813204650166,16.54270881088278
single-blocker,4,222,known,256,0.0,168.0,512.0,328.4852724134407,328.4852724134407,16.950976121637897
single-blocker,4,222,known,288,0.0,189.0,576.0,353.53668323492195,353.53668323492195,17.307858342708407
single-blocker,4,222,known,320,0.0,210.0,640.0,377.0257011960819,377.0257011960819,17.62148295159947
single-blocker,4,222,known,352,0.0,231.0,704.0,399.5270921538645,399.5270921538645,17.910259766712606
single-blocker,4,222,known,384,0.0,252.0,768.0,420.89873443003324,420.89873443003324,18.170685896062835
single-blocker,4,222,known,416,0.0,273.0,832.0,441.58995676663244,441.58995676663244,18.41556961020791
single-blocker,4,222,known,448,0.0,294.0,896.0,461.3376414352198,461.3376414352198,18.63832885835507
single-blocker,4,222,known,480,0.0,315.0,960.0,480.24422774619484,480.24422774619484,18.84233163499091
single-blocker,4,222,known,512,0.0,336.0,1024.0,498.56591929753654,498.56591929753654,19.03424678030716
single-blocker,4,222,product,32,0.0,21.0,64.0,63.96821681185914,63.96821681185914,10.435915588510934
single-blocker,4,222,product,64,0.0,42.0,128.0,120.53907305509672,120.53907305509672,12.697622192859418
single-blocker,4,222,product,96,0.0,63.0,192.0,168.00974926006964,168.00974926006964,13.990319913569413
single-blocker,4,222,product,128,0.0,84.0,256.0,207.21764942871414,207.21764942871414,14.851400840506328
single-blocker,4,222,product,160,0.0,105.0,320.0,241.38878856531628,241.38878856531628,15.50841726032793
single-blocker,4,222,product,192,0.0,126.0,384.0,272.80587667444127,272.80587667444127,16.068626884188014
single-blocker,4,222,product,224,0.0,147.0,448.0,301.68813204650166,301.68813204650166,16.54270881088278
single-blocker,4,222,product,256,0.0,168.0,512.0,328.4852724134407,328.4852724134407,16.950976121637897
single-blocker,4,222,product,288,0.0,189.0,576.0,353.53668323492195,353.53668323492195,17.307858342708407
single-blocker,4,222,product,320,0.0,210.0,640.0,377.0257011960819,377.0257011960819,17.62148295159947
single-blocker,4,222,product,352,0.0,231.0,704.0,399.5270921538645,399.5270921538645,17.910259766712606
single-blocker,4,222,product,384,0.0,252.0,768.0,420.89873443003324,420.89873443003324,18.170685896062835
single-blocker,4,222,product,416,0.0,273.0,832.0,441.58995676663244,441.58995676663244,18.41556961020791
single-blocker,4,222,product,448,0.0,294.0,896.0,461.3376414352198,461.3376414352198,18.63832885835507
single-blocker,4,222,product,480,0.0,315.0,960.0,480.24422774619484,480.24422774619484,18.84233163499091
single-blocker,4,222,product,512,0.0,336.0,1024.0,498.56591929753654,498.56591929753654,19.03424678030716
outcome-lag-64,6,222,prefix,32,1.3125,19.0,64.0,64.0,64.0,28.277199705597223
outcome-lag-64,6,222,prefix,64,2.625,38.0,128.0,128.0,128.0,59.33110805659435
outcome-lag-64,6,222,prefix,96,3.9375,57.0,191.7642875621237,190.44849298837931,190.44849298837931,87.41140487674197
outcome-lag-64,6,222,prefix,128,5.25,76.0,247.4743008662351,245.85078577870303,245.00019230883103,104.54839745163262
outcome-lag-64,6,222,prefix,160,6.5625,95.0,292.49788702683554,293.299834829918,288.50721842814534,117.74559021567178
outcome-lag-64,6,222,prefix,192,7.875,114.0,330.68676255613786,336.15286260023294,325.4877603572838,129.95061166324797
outcome-lag-64,6,222,prefix,224,9.1875,133.0,364.51594711272185,374.0394690529213,358.1805821589325,139.5211080293744
outcome-lag-64,6,222,prefix,256,10.5,152.0,394.82388313945836,408.9705178300993,388.0940748823163,148.27960412854767
outcome-lag-64,6,222,prefix,288,10.74609375,161.046875,416.1618434383585,434.56301921559947,409.34751518824135,155.22553191331914
outcome-lag-64,6,222,prefix,320,10.74609375,167.796875,434.8305202025141,457.81091638991563,428.0161919523969,161.82335987853924
outcome-lag-64,6,222,prefix,352,10.74609375,174.546875,451.5311299661408,478.4034523929699,444.7168017160236,167.34460000754206
outcome-lag-64,6,222,prefix,384,10.74609375,181.296875,470.63526913548844,501.9752904718591,463.8209408853713,173.55505946774906
outcome-lag-64,6,222,prefix,416,10.74609375,188.046875,484.8923185056923,519.5648386097733,478.0779902555752,178.0852001405458
outcome-lag-64,6,222,prefix,448,10.74609375,194.796875,498.53544582820876,536.2951249193508,491.72111757809165,182.20813335185576
outcome-lag-64,6,222,prefix,480,10.74609375,201.546875,512.6577267604098,553.4631230679242,505.8433985102927,186.17956291684538
outcome-lag-64,6,222,prefix,512,10.74609375,208.296875,528.3417977519282,572.3286534465891,521.5274695018111,190.35737172005537
outcome-lag-64,6,222,intersection,32,1.3125,19.0,64.0,64.0,64.0,28.277199705597223
outcome-lag-64,6,222,intersection,64,2.625,38.0,128.0,128.0,128.0,59.33110805659435
outcome-lag-64,6,222,intersection,96,3.9375,57.0,191.7642875621237,190.44849298837931,190.44849298837931,87.41140487674197
outcome-lag-64,6,222,intersection,128,5.25,76.0,247.4743008662351,245.85078577870303,245.00019230883103,104.54839745163262
outcome-lag-64,6,222,intersection,160,6.5625,95.0,292.49788702683554,293.299834829918,288.50721842814534,117.74559021567178
outcome-lag-64,6,222,intersection,192,7.875,114.0,330.68676255613786,336.15286260023294,325.4877603572838,129.95061166324797
outcome-lag-64,6,222,intersection,224,8.654296875,128.0234375,362.1517924269509,371.8238809956291,355.9649941016403,139.40169026406846
outcome-lag-64,6,222,intersection,256,8.654296875,134.7734375,384.98138686544473,399.67103148791733,378.7945885401341,147.62041488234087
outcome-lag-64,6,222,intersection,288,8.654296875,141.5234375,404.0919665722492,423.12067227429685,397.90516824693856,154.36206885220489
outcome-lag-64,6,222,intersection,320,8.654296875,148.2734375,422.76064333640477,446.368569448613,416.57384501109414,160.95989681742498
outcome-lag-64,6,222,intersection,352,8.654296875,155.0234375,439.46125310003146,466.96110545166727,433.2744547747208,166.4811369464278
outcome-lag-64,6,222,intersection,384,8.654296875,161.7734375,458.5653922693791,490.5329435305565,452.3785939440685,172.6915964066348
outcome-lag-64,6,222,intersection,416,8.654296875,168.5234375,472.82244163958296,508.1224916684709,466.63564331427233,177.22173707943153
outcome-lag-64,6,222,intersection,448,8.654296875,175.2734375,486.46556896209944,524.8527779780482,480.2787706367888,181.3446702907415
outcome-lag-64,6,222,intersection,480,8.654296875,182.0234375,500.58784989430046,542.0207761266216,494.4010515689898,185.31609985573112
outcome-lag-64,6,222,intersection,512,8.654296875,188.7734375,516.271920885819,560.8863065052865,510.0851225605083,189.4939086589411
outcome-lag-64,6,222,completed,32,1.3125,19.0,64.0,64.0,64.0,28.277199705597223
outcome-lag-64,6,222,completed,64,10.21875,27.3125,110.0,110.0,110.0,49.56906088915963
outcome-lag-64,6,222,completed,96,25.03125,27.3125,141.7642875621237,140.44849298837931,140.44849298837931,62.018181543220166
outcome-lag-64,6,222,completed,128,26.765625,45.71875,197.30816018951992,196.31373449864512,195.64705692201719,74.36192360458034
outcome-lag-64,6,222,completed,160,28.078125,64.71875,247.9974023022811,249.1585405067917,245.35487179441654,88.49928468363345
outcome-lag-64,6,222,completed,192,29.021484375,80.2734375,289.44911575922254,294.3859802898026,285.4015396432486,102.66804482144904
outcome-lag-64,6,222,completed,224,29.349609375,90.0859375,320.1503587312718,329.72216838348356,315.3629877461851,113.05183875325237
outcome-lag-64,6,222,completed,256,29.63671875,99.515625,348.33314196601685,363.2260244228846,343.54189897926364,122.52645198888196
outcome-lag-64,6,222,completed,288,29.63671875,106.265625,368.76609760993483,388.2466820345927,363.9748546231816,130.0203460778121
outcome-lag-64,6,222,completed,320,29.8828125,115.3125,390.40665810267814,414.77436139588167,385.6154151159249,137.29834070526147
outcome-lag-64,6,222,completed,352,29.8828125,122.0625,407.9283509407841,436.41530803622487,403.1371079540309,143.2796827922411
outcome-lag-64,6,222,completed,384,30.005859375,129.9609375,429.27947938869335,462.54592595049,424.4882364019401,150.09045647979562
outcome-lag-64,6,222,completed,416,30.005859375,136.7109375,444.0417338312853,480.8128867092728,439.25049084453207,154.9235140342734
outcome-lag-64,6,222,completed,448,30.005859375,143.4609375,458.1262285420719,498.1248102208715,453.33498555531867,159.2874451213677
outcome-lag-64,6,222,completed,480,30.005859375,150.2109375,472.70841708849986,515.8667658935497,467.91717410174664,163.4530170942347
outcome-lag-64,6,222,completed,512,30.005859375,156.9609375,488.95907629773706,535.4282650185754,484.16783331098384,167.8636130560158
outcome-lag-64,6,222,plugin,32,0.669921875,8.8359375,54.0,54.0,54.0,25.197193819670282
outcome-lag-64,6,222,plugin,64,1.107421875,14.3359375,102.0,102.0,102.0,51.05825474008119
outcome-lag-64,6,222,plugin,96,1.50390625,20.953125,155.7642875621237,154.4484929883793,154.4484929883793,75.03001105494074
outcome-lag-64,6,222,plugin,128,1.50390625,27.703125,195.662421112006,194.67943449270953,193.89786221287684,89.04464858519958
outcome-lag-64,6,222,plugin,160,1.50390625,34.453125,225.52177756002405,228.42570047699672,223.7572186608949,100.4268258622349
outcome-lag-64,6,222,plugin,192,1.50390625,41.203125,253.29644064049177,262.0827520556206,251.5318817413626,111.64306755157763
outcome-lag-64,6,222,plugin,224,1.50390625,47.953125,276.1000611502011,290.09647458750317,274.33550225107194,120.4945880392857
outcome-lag-64,6,222,plugin,256,1.50390625,54.703125,299.0371591868065,318.0717440432236,297.27260028767734,128.7730740324099
outcome-lag-64,6,222,plugin,288,1.50390625,61.453125,318.21565087697354,341.6049311166267,316.4510919778444,135.55353200055714
outcome-lag-64,6,222,plugin,320,1.50390625,68.203125,336.9451088984594,364.9307682214515,335.18054999933025,142.18591267045431
outcome-lag-64,6,222,plugin,352,1.50390625,74.953125,353.6905709247155,385.58133204329533,351.9260120255863,147.73196216224537
outcome-lag-64,6,222,plugin,384,1.50390625,81.703125,372.8533380362783,409.229953769006,371.0887791371491,153.97541378234283
outcome-lag-64,6,222,plugin,416,1.50390625,88.453125,387.13893651724896,426.8580692624787,385.3743776181198,158.52244638087598
outcome-lag-64,6,222,plugin,448,1.50390625,95.203125,400.80728945897334,443.6217597293858,399.0427305598442,162.65893673712895
outcome-lag-64,6,222,plugin,480,1.50390625,101.953125,414.95619331567957,460.82305130037184,413.1916344165504,166.64138661562296
outcome-lag-64,6,222,plugin,512,1.50390625,108.703125,430.67331391567683,479.7292886547824,428.9087550165477,170.83254162749827
outcome-lag-64,6,222,safe,32,14.8125,0.0,32.0,32.0,32.0,11.849346487264137
outcome-lag-64,6,222,safe,64,29.625,0.0,64.0,64.0,64.0,26.272803428720273
outcome-lag-64,6,222,safe,96,44.4375,0.0,95.76428756212371,94.44849298837924,94.44849298837924,38.721924082780816
outcome-lag-64,6,222,safe,128,59.25,0.0,120.38764536682633,119.39454186019111,118.78071372438274,47.706702736700755
outcome-lag-64,6,222,safe,160,74.0625,0.0,139.1780504325228,141.2207751086996,137.5711187900792,55.47793581768993
outcome-lag-64,6,222,safe,192,88.875,0.0,155.08902076767615,160.7566780127135,153.48208912523253,62.311226516857005
outcome-lag-64,6,222,safe,224,103.6875,0.0,169.1239184136544,178.10585768039604,167.51698677121078,67.98173182640639
outcome-lag-64,6,222,safe,256,118.5,0.0,181.7877408374121,193.38422962485095,180.18080919496848,72.39161616917508
outcome-lag-64,6,222,safe,288,133.3125,0.0,193.43565143734625,207.52234918286265,191.82871979490264,76.32308856486173
outcome-lag-64,6,222,safe,320,148.125,0.0,204.2825455807485,220.99696252688904,202.67561393830488,80.14495413426911
outcome-lag-64,6,222,safe,352,162.9375,0.0,214.47686916985606,233.50636480205597,212.86993752741245,83.47406197565805
outcome-lag-64,6,222,safe,384,177.75,0.0,224.11787973161734,245.25445081802965,222.51094808917372,86.45105686158307
outcome-lag-64,6,222,safe,416,192.5625,0.0,233.28357259751738,256.3905497462181,231.67664095507376,89.17498515723528
outcome-lag-64,6,222,safe,448,207.375,0.0,242.04036654154328,267.0719677490253,240.43343489909967,91.76239520023479
outcome-lag-64,6,222,safe,480,222.1875,0.0,250.44695223541072,277.5224094997383,248.8400205929671,94.40340926853032
outcome-lag-64,6,222,safe,512,237.0,0.0,258.53407712147003,287.5139986720068,256.9271454790265,96.84209099447702
outcome-lag-64,6,222,known,32,0.0,6.75,52.0,52.0,52.0,25.596535924933445
outcome-lag-64,6,222,known,64,0.0,13.5,100.0,100.0,100.0,51.62994251188694
outcome-lag-64,6,222,known,96,0.0,20.25,153.7642875621237,152.44849298837931,152.44849298837931,76.38890832812037
outcome-lag-64,6,222,known,128,0.0,27.0,193.5307863283345,192.6424325274895,191.7918390576175,90.49351493838796
outcome-lag-64,6,222,known,160,0.0,33.75,223.16721743398668,226.22088656504235,221.42827016326967,101.81214842159035
outcome-lag-64,6,222,known,192,0.0,40.5,250.7587507184189,259.6849056906508,249.0198034477019,112.93724976419277
outcome-lag-64,6,222,known,224,0.0,47.25,273.45561919300593,287.5755588162774,271.71667192228887,121.73237074702924
outcome-lag-64,6,222,known,256,0.0,54.0,296.28521363149974,315.42270930856563,294.5462663607827,129.95109536530168
outcome-lag-64,6,222,known,288,0.0,60.75,315.3957933383042,338.87235009494515,313.65684606758714,136.6927493351657
outcome-lag-64,6,222,known,320,0.0,67.5,334.0644701024598,362.1202472692613,332.3255228317427,143.2905773003858
outcome-lag-64,6,222,known,352,0.0,74.25,350.76507986608647,382.71278327231556,349.0261325953694,148.8118174293886
outcome-lag-64,6,222,known,384,0.0,81.0,369.8692190354341,406.2846213512048,368.13027176471707,155.02227688959562
outcome-lag-64,6,222,known,416,0.0,87.75,384.12626840563803,423.8741694891192,382.38732113492097,159.55241756239235
outcome-lag-64,6,222,known,448,0.0,94.5,397.7693957281545,440.6044557986964,396.03044845743744,163.67535077370232
outcome-lag-64,6,222,known,480,0.0,101.25,411.89167666035553,457.7724539472698,410.15272938963847,167.64678033869194
outcome-lag-64,6,222,known,512,0.0,108.0,427.575747651874,476.6379843259347,425.83680038115693,171.82458914190192
outcome-lag-64,6,222,product,32,0.0,6.75,52.0,52.0,52.0,25.596535924933445
outcome-lag-64,6,222,product,64,0.0,13.5,100.0,100.0,100.0,51.62994251188694
outcome-lag-64,6,222,product,96,0.0,20.25,153.7642875621237,152.44849298837931,152.44849298837931,76.38890832812037
outcome-lag-64,6,222,product,128,0.0,27.0,193.5307863283345,192.6424325274895,191.7918390576175,90.49351493838796
outcome-lag-64,6,222,product,160,0.0,33.75,223.16721743398668,226.22088656504235,221.42827016326967,101.81214842159035
outcome-lag-64,6,222,product,192,0.0,40.5,250.7587507184189,259.6849056906508,249.0198034477019,112.93724976419277
outcome-lag-64,6,222,product,224,0.0,47.25,273.45561919300593,287.5755588162774,271.71667192228887,121.73237074702924
outcome-lag-64,6,222,product,256,0.0,54.0,296.28521363149974,315.42270930856563,294.5462663607827,129.95109536530168
outcome-lag-64,6,222,product,288,0.0,60.75,315.3957933383042,338.87235009494515,313.65684606758714,136.6927493351657
outcome-lag-64,6,222,product,320,0.0,67.5,334.0644701024598,362.1202472692613,332.3255228317427,143.2905773003858
outcome-lag-64,6,222,product,352,0.0,74.25,350.76507986608647,382.71278327231556,349.0261325953694,148.8118174293886
outcome-lag-64,6,222,product,384,0.0,81.0,369.8692190354341,406.2846213512048,368.13027176471707,155.02227688959562
outcome-lag-64,6,222,product,416,0.0,87.75,384.12626840563803,423.8741694891192,382.38732113492097,159.55241756239235
outcome-lag-64,6,222,product,448,0.0,94.5,397.7693957281545,440.6044557986964,396.03044845743744,163.67535077370232
outcome-lag-64,6,222,product,480,0.0,101.25,411.89167666035553,457.7724539472698,410.15272938963847,167.64678033869194
outcome-lag-64,6,222,product,512,0.0,108.0,427.575747651874,476.6379843259347,425.83680038115693,171.82458914190192
single-blocker,6,222,prefix,32,1.3125,19.0,64.0,63.96821681185914,63.96821681185914,10.594862197457545
single-blocker,6,222,prefix,64,2.625,38.0,128.0,121.14413264044195,121.14413264044195,12.766504075974714
single-blocker,6,222,prefix,96,3.9375,57.0,192.0,167.5685323887643,167.5685323887643,13.966945919142798
single-blocker,6,222,prefix,128,5.25,76.0,256.0,207.33391566495706,207.33391566495706,14.856755251521133
single-blocker,6,222,prefix,160,6.5625,95.0,320.0,242.2740590905494,242.2740590905494,15.545042389937665
single-blocker,6,222,prefix,192,7.875,114.0,384.0,273.47079573483575,273.47079573483575,16.093772711485258
single-blocker,6,222,prefix,224,9.1875,133.0,448.0,302.2557117396551,302.2557117396551,16.562578629742816
single-blocker,6,222,prefix,256,10.5,152.0,512.0,328.82789622619686,328.82789622619686,16.962210438279858
single-blocker,6,222,prefix,288,11.8125,171.0,576.0,353.9179012496478,353.9179012496478,17.31965121963617
single-blocker,6,222,prefix,320,13.125,190.0,640.0,377.54725107822435,377.54725107822435,17.63681945086089
single-blocker,6,222,prefix,352,14.4375,209.0,704.0,400.05974182116637,400.05974182116637,17.925201590170307
single-blocker,6,222,prefix,384,15.75,228.0,768.0,421.3150047503318,421.3150047503318,18.18189057106513
single-blocker,6,222,prefix,416,17.0625,247.0,832.0,441.9994784442761,441.9994784442761,18.426155071736652
single-blocker,6,222,prefix,448,18.375,266.0,896.0,461.8566283424166,461.8566283424166,18.65126133517987
single-blocker,6,222,prefix,480,19.6875,285.0,960.0,480.9351133765937,480.9351133765937,18.858985761970317
single-blocker,6,222,prefix,512,21.0,304.0,1024.0,499.2597396585268,499.2597396585268,19.050465280399003
single-blocker,6,222,intersection,32,1.3125,19.0,64.0,63.96821681185914,63.96821681185914,10.594862197457545
single-blocker,6,222,intersection,64,2.625,38.0,128.0,121.14413264044195,121.14413264044195,12.766504075974714
single-blocker,6,222,intersection,96,3.9375,57.0,192.0,167.5685323887643,167.5685323887643,13.966945919142798
single-blocker,6,222,intersection,128,5.25,76.0,256.0,207.33391566495706,207.33391566495706,14.856755251521133
single-blocker,6,222,intersection,160,6.5625,95.0,320.0,242.2740590905494,242.2740590905494,15.545042389937665
single-blocker,6,222,intersection,192,7.875,114.0,384.0,273.47079573483575,273.47079573483575,16.093772711485258
single-blocker,6,222,intersection,224,8.859375,129.9375,446.0,301.19313635866206,301.19313635866206,16.54287371807518
single-blocker,6,222,intersection,256,8.859375,136.6875,497.0,321.10178715231996,321.10178715231996,16.823098637717326
single-blocker,6,222,intersection,288,8.859375,143.4375,544.0,338.02990338476593,338.02990338476593,17.043228053647802
single-blocker,6,222,intersection,320,8.859375,150.1875,593.0,354.8898957528904,354.8898957528904,17.253151212676038
single-blocker,6,222,intersection,352,8.859375,156.9375,640.0,370.14049174720463,370.14049174720463,17.43245133293904
single-blocker,6,222,intersection,384,8.859375,163.6875,695.0,387.70529247320115,387.70529247320115,17.635873440253196
single-blocker,6,222,intersection,416,8.859375,170.4375,740.0,400.905046144401,400.905046144401,17.776219646335512
single-blocker,6,222,intersection,448,8.859375,177.1875,785.0,413.6433768542999,413.6433768542999,17.90719725796712
single-blocker,6,222,intersection,480,8.859375,183.9375,833.0,426.9747447511809,426.9747447511809,18.041996571264388
single-blocker,6,222,intersection,512,8.859375,190.6875,887.0,441.81092852634725,441.81092852634725,18.19045877097588
single-blocker,6,222,completed,32,1.3125,19.0,64.0,63.96821681185914,63.96821681185914,10.594862197457545
single-blocker,6,222,completed,64,2.625,38.0,128.0,121.14413264044195,121.14413264044195,12.766504075974714
single-blocker,6,222,completed,96,3.9375,57.0,192.0,167.5685323887643,167.5685323887643,13.966945919142798
single-blocker,6,222,completed,128,5.25,76.0,256.0,207.33391566495706,207.33391566495706,14.856755251521133
single-blocker,6,222,completed,160,6.5625,95.0,320.0,242.2740590905494,242.2740590905494,15.545042389937665
single-blocker,6,222,completed,192,7.875,114.0,384.0,273.47079573483575,273.47079573483575,16.093772711485258
single-blocker,6,222,completed,224,8.77734375,129.171875,445.0,300.65780969666855,300.65780969666855,16.53287371807518
single-blocker,6,222,completed,256,8.77734375,135.921875,496.0,320.56646049032645,320.56646049032645,16.813098637717324
single-blocker,6,222,completed,288,8.77734375,142.671875,543.0,337.4945767227724,337.4945767227724,17.0332280536478
single-blocker,6,222,completed,320,8.77734375,149.421875,592.0,354.3545690908969,354.3545690908969,17.243151212676036
single-blocker,6,222,completed,352,8.77734375,156.171875,639.0,369.6051650852111,369.6051650852111,17.422451332939037
single-blocker,6,222,completed,384,8.77734375,162.921875,694.0,387.16996581120765,387.16996581120765,17.625873440253194
single-blocker,6,222,completed,416,8.77734375,169.671875,739.0,400.3697194824075,400.3697194824075,17.76621964633551
single-blocker,6,222,completed,448,8.77734375,176.421875,784.0,413.1080501923064,413.1080501923064,17.897197257967118
single-blocker,6,222,completed,480,8.77734375,183.171875,832.0,426.43941808918737,426.43941808918737,18.031996571264386
single-blocker,6,222,completed,512,8.77734375,189.921875,886.0,441.27560186435375,441.27560186435375,18.18045877097588
single-blocker,6,222,plugin,32,0.4921875,11.34375,57.0,56.96821681185914,56.96821681185914,9.658318185913533
single-blocker,6,222,plugin,64,0.4921875,18.09375,105.0,98.14413264044195,98.14413264044195,10.958380656055963
single-blocker,6,222,plugin,96,0.4921875,24.84375,159.0,135.05477502790168,135.05477502790168,11.848693028654461
single-blocker,6,222,plugin,128,0.4921875,31.59375,207.0,161.95547761188897,161.95547761188897,12.383176709628705
single-blocker,6,222,plugin,160,0.4921875,38.34375,253.0,184.61357591520135,184.61357591520135,12.781454458590659
single-blocker,6,222,plugin,192,0.4921875,45.09375,303.0,207.32240754396807,207.32240754396807,13.151368304351292
single-blocker,6,222,plugin,224,0.4921875,51.84375,350.0,226.7054009161756,226.7054009161756,13.438829533768882
single-blocker,6,222,plugin,256,0.4921875,58.59375,401.0,246.6140517098334,246.6140517098334,13.719054453411026
single-blocker,6,222,plugin,288,0.4921875,65.34375,448.0,263.54216794227955,263.54216794227955,13.939183869341493
single-blocker,6,222,plugin,320,0.4921875,72.09375,497.0,280.40216031040404,280.40216031040404,14.149107028369732
single-blocker,6,222,plugin,352,0.4921875,78.84375,544.0,295.65275630471825,295.65275630471825,14.328407148632735
single-blocker,6,222,plugin,384,0.4921875,85.59375,599.0,313.2175570307148,313.2175570307148,14.531829255946883
single-blocker,6,222,plugin,416,0.4921875,92.34375,644.0,326.41731070191463,326.41731070191463,14.672175462029198
single-blocker,6,222,plugin,448,0.4921875,99.09375,689.0,339.1556414118135,339.1556414118135,14.803153073660791
single-blocker,6,222,plugin,480,0.4921875,105.84375,737.0,352.4870093086945,352.4870093086945,14.937952386958056
single-blocker,6,222,plugin,512,0.4921875,112.59375,791.0,367.3231930838609,367.3231930838609,15.086414586669543
single-blocker,6,222,safe,32,14.8125,0.0,32.0,31.968216811859147,31.968216811859147,4.02724519543652
single-blocker,6,222,safe,64,29.625,0.0,64.0,57.42435623340214,57.42435623340214,4.7282659037057675
single-blocker,6,222,safe,96,44.4375,0.0,96.0,76.78319682780861,76.78319682780861,5.136346480888775
single-blocker,6,222,safe,128,59.25,0.0,128.0,93.03345515740088,93.03345515740088,5.425334592589174
single-blocker,6,222,safe,160,74.0625,0.0,160.0,107.31238195727079,107.31238195727079,5.649261224939744
single-blocker,6,222,safe,192,88.875,0.0,192.0,120.1978375468853,120.1978375468853,5.832104609707439
single-blocker,6,222,safe,224,103.6875,0.0,224.0,132.0310352083931,132.0310352083931,5.986627913082163
single-blocker,6,222,safe,256,118.5,0.0,256.0,143.03333360981438,143.03333360981438,6.120438712817281
single-blocker,6,222,safe,288,133.3125,0.0,288.0,153.35798108855585,153.35798108855585,6.238439029233648
single-blocker,6,222,safe,320,148.125,0.0,320.0,163.1162631808352,163.1162631808352,6.343973346894013
single-blocker,6,222,safe,352,162.9375,0.0,352.0,172.39200998111025,172.39200998111025,6.43942571339101
single-blocker,6,222,safe,384,177.75,0.0,384.0,181.25023096678382,181.25023096678382,6.5265555690159704
single-blocker,6,222,safe,416,192.5625,0.0,416.0,189.74254455085054,189.74254455085054,6.6066985205464555
single-blocker,6,222,safe,448,207.375,0.0,448.0,197.91074640079475,197.91074640079475,6.680892410683006
single-blocker,6,222,safe,480,222.1875,0.0,480.0,205.78924141297622,205.78924141297622,6.7499597404471405
single-blocker,6,222,safe,512,237.0,0.0,512.0,213.40675252840046,213.40675252840046,6.81456340954972
single-blocker,6,222,known,32,0.0,6.75,52.0,51.96821681185914,51.96821681185914,7.574984852580201
single-blocker,6,222,known,64,0.0,13.5,100.0,93.14413264044194,93.14413264044194,8.875047322722631
single-blocker,6,222,known,96,0.0,20.25,154.0,130.05477502790166,130.05477502790166,9.765359695321129
single-blocker,6,222,known,128,0.0,27.0,202.0,156.95547761188894,156.95547761188894,10.299843376295373
single-blocker,6,222,known,160,0.0,33.75,248.0,179.61357591520132,179.61357591520132,10.698121125257327
single-blocker,6,222,known,192,0.0,40.5,298.0,202.32240754396804,202.32240754396804,11.06803497101796
single-blocker,6,222,known,224,0.0,47.25,345.0,221.70540091617556,221.70540091617556,11.35549620043555
single-blocker,6,222,known,256,0.0,54.0,396.0,241.61405170983338,241.61405170983338,11.635721120077694
single-blocker,6,222,known,288,0.0,60.75,443.0,258.54216794227955,258.54216794227955,11.85585053600816
single-blocker,6,222,known,320,0.0,67.5,492.0,275.40216031040404,275.40216031040404,12.0657736950364
single-blocker,6,222,known,352,0.0,74.25,539.0,290.65275630471825,290.65275630471825,12.245073815299403
single-blocker,6,222,known,384,0.0,81.0,594.0,308.2175570307148,308.2175570307148,12.448495922613551
single-blocker,6,222,known,416,0.0,87.75,639.0,321.41731070191463,321.41731070191463,12.588842128695866
single-blocker,6,222,known,448,0.0,94.5,684.0,334.1556414118135,334.1556414118135,12.719819740327459
single-blocker,6,222,known,480,0.0,101.25,732.0,347.4870093086945,347.4870093086945,12.854619053624724
single-blocker,6,222,known,512,0.0,108.0,786.0,362.3231930838609,362.3231930838609,13.00308125333621
single-blocker,6,222,product,32,0.0,6.75,52.0,51.96821681185914,51.96821681185914,7.574984852580201
single-blocker,6,222,product,64,0.0,13.5,100.0,93.14413264044194,93.14413264044194,8.875047322722631
single-blocker,6,222,product,96,0.0,20.25,154.0,130.05477502790166,130.05477502790166,9.765359695321129
single-blocker,6,222,product,128,0.0,27.0,202.0,156.95547761188894,156.95547761188894,10.299843376295373
single-blocker,6,222,product,160,0.0,33.75,248.0,179.61357591520132,179.61357591520132,10.698121125257327
single-blocker,6,222,product,192,0.0,40.5,298.0,202.32240754396804,202.32240754396804,11.06803497101796
single-blocker,6,222,product,224,0.0,47.25,345.0,221.70540091617556,221.70540091617556,11.35549620043555
single-blocker,6,222,product,256,0.0,54.0,396.0,241.61405170983338,241.61405170983338,11.635721120077694
single-blocker,6,222,product,288,0.0,60.75,443.0,258.54216794227955,258.54216794227955,11.85585053600816
single-blocker,6,222,product,320,0.0,67.5,492.0,275.40216031040404,275.40216031040404,12.0657736950364
single-blocker,6,222,product,352,0.0,74.25,539.0,290.65275630471825,290.65275630471825,12.245073815299403
single-blocker,6,222,product,384,0.0,81.0,594.0,308.2175570307148,308.2175570307148,12.448495922613551
single-blocker,6,222,product,416,0.0,87.75,639.0,321.41731070191463,321.41731070191463,12.588842128695866
single-blocker,6,222,product,448,0.0,94.5,684.0,334.1556414118135,334.1556414118135,12.719819740327459
single-blocker,6,222,product,480,0.0,101.25,732.0,347.4870093086945,347.4870093086945,12.854619053624724
single-blocker,6,222,product,512,0.0,108.0,786.0,362.3231930838609,362.3231930838609,13.00308125333621
outcome-lag-64,8,222,prefix,32,0.0,15.5,64.0,64.0,64.0,41.97848871243626
outcome-lag-64,8,222,prefix,64,0.0,31.0,128.0,128.0,128.0,89.23786687091422
outcome-lag-64,8,222,prefix,96,0.0,46.5,191.85451036490912,191.66371076047952,191.66371076047952,125.83417093494204
outcome-lag-64,8,222,prefix,128,0.0,62.0,247.90781259888,249.5243785012829,247.668619534429,149.0538316519248
outcome-lag-64,8,222,prefix,160,0.0,77.5,293.31470179392034,299.66203699220904,293.07550872946933,165.35368310972285
outcome-lag-64,8,222,prefix,192,0.0,93.0,331.61834774644643,343.51066152935516,331.37915468199543,178.54469340581431
outcome-lag-64,8,222,prefix,224,0.0,108.5,365.53246897699336,384.2374359664424,365.29327591254236,190.92016978730135
outcome-lag-64,8,222,prefix,256,0.0,124.0,396.0997322350982,421.38032041751933,395.8605391706472,201.84669677106527
outcome-lag-64,8,222,prefix,288,0.0,139.5,424.54643193084905,455.8552883310311,424.30723886639805,211.481905487731
outcome-lag-64,8,222,prefix,320,0.0,155.0,450.88725229526824,488.54230121321046,450.64805923081724,220.7938757631624
outcome-lag-64,8,222,prefix,352,0.0,170.5,475.3842623556346,519.5020707804891,475.1450692911836,229.65370511625616
outcome-lag-64,8,222,prefix,384,0.0,186.0,498.5720363459605,547.7928145783414,498.3328432815095,236.87814077469278
outcome-lag-64,8,222,prefix,416,0.0,201.5,520.6752019853698,574.0783963240041,520.4360089209188,242.87859326200407
outcome-lag-64,8,222,prefix,448,0.0,217.0,541.7375557696303,598.9115074745173,541.4983627051793,248.2606472911179
outcome-lag-64,8,222,prefix,480,0.0,232.5,562.0250893497908,622.723380687552,561.7858962853398,253.2072685428724
outcome-lag-64,8,222,prefix,512,0.0,248.0,581.4425121116047,646.049295344248,581.2033190471537,258.3879929526666
outcome-lag-64,8,222,intersection,32,0.0,15.5,64.0,64.0,64.0,41.97848871243626
outcome-lag-64,8,222,intersection,64,0.0,31.0,128.0,128.0,128.0,89.23786687091422
outcome-lag-64,8,222,intersection,96,0.0,46.5,191.85451036490912,191.66371076047952,191.66371076047952,125.83417093494204
outcome-lag-64,8,222,intersection,128,0.0,62.0,247.90781259888,249.5243785012829,247.668619534429,149.0538316519248
outcome-lag-64,8,222,intersection,160,0.0,77.5,293.31470179392034,299.66203699220904,293.07550872946933,165.35368310972285
outcome-lag-64,8,222,intersection,192,0.0,93.0,331.61834774644643,343.51066152935516,331.37915468199543,178.54469340581431
outcome-lag-64,8,222,intersection,224,0.0,108.5,365.53246897699336,384.2374359664424,365.29327591254236,190.92016978730135
outcome-lag-64,8,222,intersection,256,0.0,124.0,396.0997322350982,421.38032041751933,395.8605391706472,201.84669677106527
outcome-lag-64,8,222,intersection,288,0.0,139.5,424.54643193084905,455.8552883310311,424.30723886639805,211.481905487731
outcome-lag-64,8,222,intersection,320,0.0,155.0,450.88725229526824,488.54230121321046,450.64805923081724,220.7938757631624
outcome-lag-64,8,222,intersection,352,0.0,170.5,475.3842623556346,519.5020707804891,475.1450692911836,229.65370511625616
outcome-lag-64,8,222,intersection,384,0.0,186.0,498.5720363459605,547.7928145783414,498.3328432815095,236.87814077469278
outcome-lag-64,8,222,intersection,416,0.0,201.5,520.6752019853698,574.0783963240041,520.4360089209188,242.87859326200407
outcome-lag-64,8,222,intersection,448,0.0,217.0,541.7375557696303,598.9115074745173,541.4983627051793,248.2606472911179
outcome-lag-64,8,222,intersection,480,0.0,232.5,562.0250893497908,622.723380687552,561.7858962853398,253.2072685428724
outcome-lag-64,8,222,intersection,512,0.0,248.0,581.4425121116047,646.049295344248,581.2033190471537,258.3879929526666
outcome-lag-64,8,222,completed,32,0.0,15.5,64.0,64.0,64.0,41.97848871243626
outcome-lag-64,8,222,completed,64,0.0,31.0,128.0,128.0,128.0,89.23786687091422
outcome-lag-64,8,222,completed,96,0.0,46.5,191.85451036490912,191.66371076047952,191.66371076047952,125.83417093494204
outcome-lag-64,8,222,completed,128,0.0,62.0,247.90781259888,249.5243785012829,247.668619534429,149.0538316519248
outcome-lag-64,8,222,completed,160,0.0,77.5,293.31470179392034,299.66203699220904,293.07550872946933,165.35368310972285
outcome-lag-64,8,222,completed,192,0.0,93.0,331.61834774644643,343.51066152935516,331.37915468199543,178.54469340581431
outcome-lag-64,8,222,completed,224,0.0,108.5,365.53246897699336,384.2374359664424,365.29327591254236,190.92016978730135
outcome-lag-64,8,222,completed,256,0.0,124.0,396.0997322350982,421.38032041751933,395.8605391706472,201.84669677106527
outcome-lag-64,8,222,completed,288,0.0,139.5,424.54643193084905,455.8552883310311,424.30723886639805,211.481905487731
outcome-lag-64,8,222,completed,320,0.0,155.0,450.88725229526824,488.54230121321046,450.64805923081724,220.7938757631624
outcome-lag-64,8,222,completed,352,0.0,170.5,475.3842623556346,519.5020707804891,475.1450692911836,229.65370511625616
outcome-lag-64,8,222,completed,384,0.0,186.0,498.5720363459605,547.7928145783414,498.3328432815095,236.87814077469278
outcome-lag-64,8,222,completed,416,0.0,201.5,520.6752019853698,574.0783963240041,520.4360089209188,242.87859326200407
outcome-lag-64,8,222,completed,448,0.0,217.0,541.7375557696303,598.9115074745173,541.4983627051793,248.2606472911179
outcome-lag-64,8,222,completed,480,0.0,232.5,562.0250893497908,622.723380687552,561.7858962853398,253.2072685428724
outcome-lag-64,8,222,completed,512,0.0,248.0,581.4425121116047,646.049295344248,581.2033190471537,258.3879929526666
outcome-lag-64,8,222,plugin,32,1.626953125,10.8515625,54.0,54.0,54.0,34.393574851787115
outcome-lag-64,8,222,plugin,64,4.962890625,16.8203125,104.0,104.0,104.0,70.62600371262108
outcome-lag-64,8,222,plugin,96,5.099609375,31.9296875,166.85451036490912,166.66371076047952,166.66371076047952,103.45863950836369
outcome-lag-64,8,222,plugin,128,5.099609375,47.4296875,223.1020278372564,224.5243785012829,222.8628347728054,127.54269246212893
outcome-lag-64,8,222,plugin,160,5.291015625,62.3828125,270.8057017234888,276.1731638062519,270.5665086590378,145.87948020811262
outcome-lag-64,8,222,plugin,192,5.291015625,77.8828125,312.55312966036354,322.74077167619976,312.31393659591254,160.4658913297945
outcome-lag-64,8,222,plugin,224,5.291015625,93.3828125,349.34167035573154,366.46980032855,349.10247729128054,174.33250580969684
outcome-lag-64,8,222,plugin,256,5.291015625,108.8828125,381.6752699104203,405.51111668116914,381.4360768459693,186.18340313313445
outcome-lag-64,8,222,plugin,288,5.291015625,124.3828125,411.8658311153469,441.8791885902841,411.6266380508959,196.65824958643165
outcome-lag-64,8,222,plugin,320,5.291015625,139.8828125,439.4258925032507,475.9724825376648,439.1866994387997,206.61701749344897
outcome-lag-64,8,222,plugin,352,5.291015625,155.3828125,464.5893033473391,507.7670936700028,464.3501102828881,215.8576595952089
outcome-lag-64,8,222,plugin,384,5.291015625,170.8828125,488.256939672652,536.6304729074301,488.017746608201,223.28007741523467
outcome-lag-64,8,222,plugin,416,5.291015625,186.3828125,510.87376273990867,563.5218895768337,510.63456967545767,229.47673468114155
outcome-lag-64,8,222,plugin,448,5.291015625,201.8828125,532.3376389182805,588.8351391580868,532.0984458538295,235.01827344365597
outcome-lag-64,8,222,plugin,480,5.291015625,217.3828125,553.0524997164932,613.156630795102,552.8133066520422,240.12482711180834
outcome-lag-64,8,222,plugin,512,5.291015625,232.8828125,572.7900767976088,636.8923800122597,572.5508837331578,245.4547911125079
outcome-lag-64,8,222,safe,32,17.875,0.0,32.0,32.0,32.0,17.166565749778005
outcome-lag-64,8,222,safe,64,35.75,0.0,64.0,64.0,64.0,36.87927955927157
outcome-lag-64,8,222,safe,96,53.625,0.0,95.8545103649091,95.6637107604795,95.6637107604795,52.28587288611958
outcome-lag-64,8,222,safe,128,71.5,0.0,120.37807849779527,121.52437850128291,120.13888543334427,62.1852704090311
outcome-lag-64,8,222,safe,160,89.375,0.0,139.24796366999507,142.51009380960355,139.00877060554407,69.11598554983235
outcome-lag-64,8,222,safe,192,107.25,0.0,155.11699622557123,160.62172004672624,154.87780316112023,74.52499958210822
outcome-lag-64,8,222,safe,224,125.125,0.0,169.13719738031807,177.3620607341391,168.89800431586707,79.5866659113881
outcome-lag-64,8,222,safe,256,143.0,0.0,181.80129697082893,193.10405996515263,181.56210390637793,84.46017754071543
outcome-lag-64,8,222,safe,288,160.875,0.0,193.4627323174255,207.71913138284995,193.2235392529745,88.86860179608786
outcome-lag-64,8,222,safe,320,178.75,0.0,204.3024822008678,221.57050845451025,204.06328913641678,93.06723109312912
outcome-lag-64,8,222,safe,352,196.625,0.0,214.4991394173461,234.8000089763075,214.2599463528951,97.11643718114833
outcome-lag-64,8,222,safe,384,214.5,0.0,224.14354646112682,246.58806527375552,223.90435339667582,100.13340234854769
outcome-lag-64,8,222,safe,416,232.375,0.0,233.3114920338316,257.336397987874,233.0722989693806,102.46956443012996
outcome-lag-64,8,222,safe,448,250.25,0.0,242.06937311122144,267.5319582008048,241.83018004677044,104.57111668325304
outcome-lag-64,8,222,safe,480,268.125,0.0,250.47141235047545,277.2082872471784,250.23221928602445,106.43801804720931
outcome-lag-64,8,222,safe,512,286.0,0.0,258.55019364481467,286.8196109471495,258.3110005803636,108.49643430085874
outcome-lag-64,8,222,known,32,0.0,15.5,64.0,64.0,64.0,41.97848871243626
outcome-lag-64,8,222,known,64,0.0,31.0,128.0,128.0,128.0,89.23786687091422
outcome-lag-64,8,222,known,96,0.0,46.5,191.85451036490912,191.66371076047952,191.66371076047952,125.83417093494204
outcome-lag-64,8,222,known,128,0.0,62.0,247.90781259888,249.5243785012829,247.668619534429,149.0538316519248
outcome-lag-64,8,222,known,160,0.0,77.5,293.31470179392034,299.66203699220904,293.07550872946933,165.35368310972285
outcome-lag-64,8,222,known,192,0.0,93.0,331.61834774644643,343.51066152935516,331.37915468199543,178.54469340581431
outcome-lag-64,8,222,known,224,0.0,108.5,365.53246897699336,384.2374359664424,365.29327591254236,190.92016978730135
outcome-lag-64,8,222,known,256,0.0,124.0,396.0997322350982,421.38032041751933,395.8605391706472,201.84669677106527
outcome-lag-64,8,222,known,288,0.0,139.5,424.54643193084905,455.8552883310311,424.30723886639805,211.481905487731
outcome-lag-64,8,222,known,320,0.0,155.0,450.88725229526824,488.54230121321046,450.64805923081724,220.7938757631624
outcome-lag-64,8,222,known,352,0.0,170.5,475.3842623556346,519.5020707804891,475.1450692911836,229.65370511625616
outcome-lag-64,8,222,known,384,0.0,186.0,498.5720363459605,547.7928145783414,498.3328432815095,236.87814077469278
outcome-lag-64,8,222,known,416,0.0,201.5,520.6752019853698,574.0783963240041,520.4360089209188,242.87859326200407
outcome-lag-64,8,222,known,448,0.0,217.0,541.7375557696303,598.9115074745173,541.4983627051793,248.2606472911179
outcome-lag-64,8,222,known,480,0.0,232.5,562.0250893497908,622.723380687552,561.7858962853398,253.2072685428724
outcome-lag-64,8,222,known,512,0.0,248.0,581.4425121116047,646.049295344248,581.2033190471537,258.3879929526666
outcome-lag-64,8,222,product,32,0.0,15.5,64.0,64.0,64.0,41.97848871243626
outcome-lag-64,8,222,product,64,0.0,31.0,128.0,128.0,128.0,89.23786687091422
outcome-lag-64,8,222,product,96,0.0,46.5,191.85451036490912,191.66371076047952,191.66371076047952,125.83417093494204
outcome-lag-64,8,222,product,128,0.0,62.0,247.90781259888,249.5243785012829,247.668619534429,149.0538316519248
outcome-lag-64,8,222,product,160,0.0,77.5,293.31470179392034,299.66203699220904,293.07550872946933,165.35368310972285
outcome-lag-64,8,222,product,192,0.0,93.0,331.61834774644643,343.51066152935516,331.37915468199543,178.54469340581431
outcome-lag-64,8,222,product,224,0.0,108.5,365.53246897699336,384.2374359664424,365.29327591254236,190.92016978730135
outcome-lag-64,8,222,product,256,0.0,124.0,396.0997322350982,421.38032041751933,395.8605391706472,201.84669677106527
outcome-lag-64,8,222,product,288,0.0,139.5,424.54643193084905,455.8552883310311,424.30723886639805,211.481905487731
outcome-lag-64,8,222,product,320,0.0,155.0,450.88725229526824,488.54230121321046,450.64805923081724,220.7938757631624
outcome-lag-64,8,222,product,352,0.0,170.5,475.3842623556346,519.5020707804891,475.1450692911836,229.65370511625616
outcome-lag-64,8,222,product,384,0.0,186.0,498.5720363459605,547.7928145783414,498.3328432815095,236.87814077469278
outcome-lag-64,8,222,product,416,0.0,201.5,520.6752019853698,574.0783963240041,520.4360089209188,242.87859326200407
outcome-lag-64,8,222,product,448,0.0,217.0,541.7375557696303,598.9115074745173,541.4983627051793,248.2606472911179
outcome-lag-64,8,222,product,480,0.0,232.5,562.0250893497908,622.723380687552,561.7858962853398,253.2072685428724
outcome-lag-64,8,222,product,512,0.0,248.0,581.4425121116047,646.049295344248,581.2033190471537,258.3879929526666
single-blocker,8,222,prefix,32,0.0,15.5,64.0,63.96821681185914,63.96821681185914,10.646931473211028
single-blocker,8,222,prefix,64,0.0,31.0,128.0,121.34492236728798,121.34492236728798,12.781748230062677
single-blocker,8,222,prefix,96,0.0,46.5,192.0,168.35122932401325,168.35122932401325,14.0082777125473
single-blocker,8,222,prefix,128,0.0,62.0,256.0,207.6146279572973,207.6146279572973,14.869640705010472
single-blocker,8,222,prefix,160,0.0,77.5,320.0,242.13380020927895,242.13380020927895,15.5392717600295
single-blocker,8,222,prefix,192,0.0,93.0,384.0,273.3410256906589,273.3410256906589,16.0888830003548
single-blocker,8,222,prefix,224,0.0,108.5,448.0,302.16277564810093,302.16277564810093,16.559334902196557
single-blocker,8,222,prefix,256,0.0,124.0,512.0,328.7804558564661,328.7804558564661,16.960657643248787
single-blocker,8,222,prefix,288,0.0,139.5,576.0,353.9811606590532,353.9811606590532,17.32160324898987
single-blocker,8,222,prefix,320,0.0,155.0,640.0,377.67516789359104,377.67516789359104,17.640567876779656
single-blocker,8,222,prefix,352,0.0,170.5,704.0,400.05974182116637,400.05974182116637,17.925201590170314
single-blocker,8,222,prefix,384,0.0,186.0,768.0,421.3846079723252,421.3846079723252,18.183759601913287
single-blocker,8,222,prefix,416,0.0,201.5,832.0,441.909818642269,441.909818642269,18.423841013505815
single-blocker,8,222,prefix,448,0.0,217.0,896.0,461.58144653681006,461.58144653681006,18.644411786647254
single-blocker,8,222,prefix,480,0.0,232.5,960.0,480.65452090478976,480.65452090478976,18.85223419334695
single-blocker,8,222,prefix,512,0.0,248.0,1024.0,498.9916877787369,498.9916877787369,19.044210820392262
single-blocker,8,222,intersection,32,0.0,15.5,64.0,63.96821681185914,63.96821681185914,10.646931473211028
single-blocker,8,222,intersection,64,0.0,31.0,128.0,121.34492236728798,121.34492236728798,12.781748230062677
single-blocker,8,222,intersection,96,0.0,46.5,192.0,168.35122932401325,168.35122932401325,14.0082777125473
single-blocker,8,222,intersection,128,0.0,62.0,256.0,207.6146279572973,207.6146279572973,14.869640705010472
single-blocker,8,222,intersection,160,0.0,77.5,320.0,242.13380020927895,242.13380020927895,15.5392717600295
single-blocker,8,222,intersection,192,0.0,93.0,384.0,273.3410256906589,273.3410256906589,16.0888830003548
single-blocker,8,222,intersection,224,0.0,108.5,448.0,302.16277564810093,302.16277564810093,16.559334902196557
single-blocker,8,222,intersection,256,0.0,124.0,512.0,328.7804558564661,328.7804558564661,16.960657643248787
single-blocker,8,222,intersection,288,0.0,139.5,576.0,353.9811606590532,353.9811606590532,17.32160324898987
single-blocker,8,222,intersection,320,0.0,155.0,640.0,377.67516789359104,377.67516789359104,17.640567876779656
single-blocker,8,222,intersection,352,0.0,170.5,704.0,400.05974182116637,400.05974182116637,17.925201590170314
single-blocker,8,222,intersection,384,0.0,186.0,768.0,421.3846079723252,421.3846079723252,18.183759601913287
single-blocker,8,222,intersection,416,0.0,201.5,832.0,441.909818642269,441.909818642269,18.423841013505815
single-blocker,8,222,intersection,448,0.0,217.0,896.0,461.58144653681006,461.58144653681006,18.644411786647254
single-blocker,8,222,intersection,480,0.0,232.5,960.0,480.65452090478976,480.65452090478976,18.85223419334695
single-blocker,8,222,intersection,512,0.0,248.0,1024.0,498.9916877787369,498.9916877787369,19.044210820392262
single-blocker,8,222,completed,32,0.0,15.5,64.0,63.96821681185914,63.96821681185914,10.646931473211028
single-blocker,8,222,completed,64,0.0,31.0,128.0,121.34492236728798,121.34492236728798,12.781748230062677
single-blocker,8,222,completed,96,0.0,46.5,192.0,168.35122932401325,168.35122932401325,14.0082777125473
single-blocker,8,222,completed,128,0.0,62.0,256.0,207.6146279572973,207.6146279572973,14.869640705010472
single-blocker,8,222,completed,160,0.0,77.5,320.0,242.13380020927895,242.13380020927895,15.5392717600295
single-blocker,8,222,completed,192,0.0,93.0,384.0,273.3410256906589,273.3410256906589,16.0888830003548
single-blocker,8,222,completed,224,0.0,108.5,448.0,302.16277564810093,302.16277564810093,16.559334902196557
single-blocker,8,222,completed,256,0.0,124.0,512.0,328.7804558564661,328.7804558564661,16.960657643248787
single-blocker,8,222,completed,288,0.0,139.5,576.0,353.9811606590532,353.9811606590532,17.32160324898987
single-blocker,8,222,completed,320,0.0,155.0,640.0,377.67516789359104,377.67516789359104,17.640567876779656
single-blocker,8,222,completed,352,0.0,170.5,704.0,400.05974182116637,400.05974182116637,17.925201590170314
single-blocker,8,222,completed,384,0.0,186.0,768.0,421.3846079723252,421.3846079723252,18.183759601913287
single-blocker,8,222,completed,416,0.0,201.5,832.0,441.909818642269,441.909818642269,18.423841013505815
single-blocker,8,222,completed,448,0.0,217.0,896.0,461.58144653681006,461.58144653681006,18.644411786647254
single-blocker,8,222,completed,480,0.0,232.5,960.0,480.65452090478976,480.65452090478976,18.85223419334695
single-blocker,8,222,completed,512,0.0,248.0,1024.0,498.9916877787369,498.9916877787369,19.044210820392262
single-blocker,8,222,plugin,32,0.0,15.5,64.0,63.96821681185914,63.96821681185914,10.646931473211028
single-blocker,8,222,plugin,64,0.0,31.0,128.0,121.34492236728798,121.34492236728798,12.781748230062677
single-blocker,8,222,plugin,96,0.0,46.5,192.0,168.35122932401325,168.35122932401325,14.0082777125473
single-blocker,8,222,plugin,128,0.0,62.0,256.0,207.6146279572973,207.6146279572973,14.869640705010472
single-blocker,8,222,plugin,160,0.0,77.5,320.0,242.13380020927895,242.13380020927895,15.5392717600295
single-blocker,8,222,plugin,192,0.0,93.0,384.0,273.3410256906589,273.3410256906589,16.0888830003548
single-blocker,8,222,plugin,224,0.0,108.5,448.0,302.16277564810093,302.16277564810093,16.559334902196557
single-blocker,8,222,plugin,256,0.0,124.0,512.0,328.7804558564661,328.7804558564661,16.960657643248787
single-blocker,8,222,plugin,288,0.0,139.5,576.0,353.9811606590532,353.9811606590532,17.32160324898987
single-blocker,8,222,plugin,320,0.0,155.0,640.0,377.67516789359104,377.67516789359104,17.640567876779656
single-blocker,8,222,plugin,352,0.0,170.5,704.0,400.05974182116637,400.05974182116637,17.925201590170314
single-blocker,8,222,plugin,384,0.0,186.0,768.0,421.3846079723252,421.3846079723252,18.183759601913287
single-blocker,8,222,plugin,416,0.0,201.5,832.0,441.909818642269,441.909818642269,18.423841013505815
single-blocker,8,222,plugin,448,0.0,217.0,896.0,461.58144653681006,461.58144653681006,18.644411786647254
single-blocker,8,222,plugin,480,0.0,232.5,960.0,480.65452090478976,480.65452090478976,18.85223419334695
single-blocker,8,222,plugin,512,0.0,248.0,1024.0,498.9916877787369,498.9916877787369,19.044210820392262
single-blocker,8,222,safe,32,17.875,0.0,32.0,31.968216811859147,31.968216811859147,4.02724519543652
single-blocker,8,222,safe,64,35.75,0.0,64.0,57.42435623340214,57.42435623340214,4.7282659037057675
single-blocker,8,222,safe,96,53.625,0.0,96.0,76.78319682780861,76.78319682780861,5.136346480888775
single-blocker,8,222,safe,128,71.5,0.0,128.0,93.03345515740088,93.03345515740088,5.425334592589174
single-blocker,8,222,safe,160,89.375,0.0,160.0,107.31238195727079,107.31238195727079,5.649261224939744
single-blocker,8,222,safe,192,107.25,0.0,192.0,120.1978375468853,120.1978375468853,5.832104609707439
single-blocker,8,222,safe,224,125.125,0.0,224.0,132.0310352083931,132.0310352083931,5.986627913082163
single-blocker,8,222,safe,256,143.0,0.0,256.0,143.03333360981438,143.03333360981438,6.120438712817281
single-blocker,8,222,safe,288,160.875,0.0,288.0,153.35798108855585,153.35798108855585,6.238439029233648
single-blocker,8,222,safe,320,178.75,0.0,320.0,163.1162631808352,163.1162631808352,6.343973346894013
single-blocker,8,222,safe,352,196.625,0.0,352.0,172.39200998111025,172.39200998111025,6.43942571339101
single-blocker,8,222,safe,384,214.5,0.0,384.0,181.25023096678382,181.25023096678382,6.5265555690159704
single-blocker,8,222,safe,416,232.375,0.0,416.0,189.74254455085054,189.74254455085054,6.6066985205464555
single-blocker,8,222,safe,448,250.25,0.0,448.0,197.91074640079475,197.91074640079475,6.680892410683006
single-blocker,8,222,safe,480,268.125,0.0,480.0,205.78924141297622,205.78924141297622,6.7499597404471405
single-blocker,8,222,safe,512,286.0,0.0,512.0,213.40675252840046,213.40675252840046,6.81456340954972
single-blocker,8,222,known,32,0.0,15.5,64.0,63.96821681185914,63.96821681185914,10.646931473211028
single-blocker,8,222,known,64,0.0,31.0,128.0,121.34492236728798,121.34492236728798,12.781748230062677
single-blocker,8,222,known,96,0.0,46.5,192.0,168.35122932401325,168.35122932401325,14.0082777125473
single-blocker,8,222,known,128,0.0,62.0,256.0,207.6146279572973,207.6146279572973,14.869640705010472
single-blocker,8,222,known,160,0.0,77.5,320.0,242.13380020927895,242.13380020927895,15.5392717600295
single-blocker,8,222,known,192,0.0,93.0,384.0,273.3410256906589,273.3410256906589,16.0888830003548
single-blocker,8,222,known,224,0.0,108.5,448.0,302.16277564810093,302.16277564810093,16.559334902196557
single-blocker,8,222,known,256,0.0,124.0,512.0,328.7804558564661,328.7804558564661,16.960657643248787
single-blocker,8,222,known,288,0.0,139.5,576.0,353.9811606590532,353.9811606590532,17.32160324898987
single-blocker,8,222,known,320,0.0,155.0,640.0,377.67516789359104,377.67516789359104,17.640567876779656
single-blocker,8,222,known,352,0.0,170.5,704.0,400.05974182116637,400.05974182116637,17.925201590170314
single-blocker,8,222,known,384,0.0,186.0,768.0,421.3846079723252,421.3846079723252,18.183759601913287
single-blocker,8,222,known,416,0.0,201.5,832.0,441.909818642269,441.909818642269,18.423841013505815
single-blocker,8,222,known,448,0.0,217.0,896.0,461.58144653681006,461.58144653681006,18.644411786647254
single-blocker,8,222,known,480,0.0,232.5,960.0,480.65452090478976,480.65452090478976,18.85223419334695
single-blocker,8,222,known,512,0.0,248.0,1024.0,498.9916877787369,498.9916877787369,19.044210820392262
single-blocker,8,222,product,32,0.0,15.5,64.0,63.96821681185914,63.96821681185914,10.646931473211028
single-blocker,8,222,product,64,0.0,31.0,128.0,121.34492236728798,121.34492236728798,12.781748230062677
single-blocker,8,222,product,96,0.0,46.5,192.0,168.35122932401325,168.35122932401325,14.0082777125473
single-blocker,8,222,product,128,0.0,62.0,256.0,207.6146279572973,207.6146279572973,14.869640705010472
single-blocker,8,222,product,160,0.0,77.5,320.0,242.13380020927895,242.13380020927895,15.5392717600295
single-blocker,8,222,product,192,0.0,93.0,384.0,273.3410256906589,273.3410256906589,16.0888830003548
single-blocker,8,222,product,224,0.0,108.5,448.0,302.16277564810093,302.16277564810093,16.559334902196557
single-blocker,8,222,product,256,0.0,124.0,512.0,328.7804558564661,328.7804558564661,16.960657643248787
single-blocker,8,222,product,288,0.0,139.5,576.0,353.9811606590532,353.9811606590532,17.32160324898987
single-blocker,8,222,product,320,0.0,155.0,640.0,377.67516789359104,377.67516789359104,17.640567876779656
single-blocker,8,222,product,352,0.0,170.5,704.0,400.05974182116637,400.05974182116637,17.925201590170314
single-blocker,8,222,product,384,0.0,186.0,768.0,421.3846079723252,421.3846079723252,18.183759601913287
single-blocker,8,222,product,416,0.0,201.5,832.0,441.909818642269,441.909818642269,18.423841013505815
single-blocker,8,222,product,448,0.0,217.0,896.0,461.58144653681006,461.58144653681006,18.644411786647254
single-blocker,8,222,product,480,0.0,232.5,960.0,480.65452090478976,480.65452090478976,18.85223419334695
single-blocker,8,222,product,512,0.0,248.0,1024.0,498.9916877787369,498.9916877787369,19.044210820392262
outcome-lag-64,10,222,prefix,32,4.25,27.0,64.0,64.0,64.0,25.97190975963699
outcome-lag-64,10,222,prefix,64,8.5,54.0,128.0,128.0,128.0,57.54031465931283
outcome-lag-64,10,222,prefix,96,12.75,81.0,191.8291467785788,189.5699062789147,189.5699062789147,81.47531630544418
outcome-lag-64,10,222,prefix,128,14.484375,106.5625,247.2099235476005,243.9438933592924,243.38355731683401,99.29141790561927
outcome-lag-64,10,222,prefix,160,15.234375,131.5625,294.7582602322492,293.80922680943405,290.92744794576817,115.76378393639135
outcome-lag-64,10,222,prefix,192,15.984375,156.5625,338.7120212825309,340.569432370735,334.88120899604985,131.39049446669551
outcome-lag-64,10,222,prefix,224,16.734375,181.5625,374.55504993585345,380.77213765754476,370.67914741551556,143.24028940877366
outcome-lag-64,10,222,prefix,256,17.484375,206.5625,405.8590395745634,416.0910564825796,401.98131543813486,152.4211862624583
outcome-lag-64,10,222,prefix,288,18.234375,231.5625,434.0582143979179,447.8146989199095,430.18049026148935,159.87110077085666
outcome-lag-64,10,222,prefix,320,18.984375,256.5625,460.04640981388457,478.5208099531649,456.16868567745604,167.87277432030498
outcome-lag-64,10,222,prefix,352,23.125,283.5,485.08179213148344,506.58845700481567,481.20295038773173,173.11315244524556
outcome-lag-64,10,222,prefix,384,27.375,310.5,508.88075673679424,532.7833572461265,505.0019149930426,177.83832166928673
outcome-lag-64,10,222,prefix,416,31.625,337.5,531.513629351114,558.3589651829286,527.6347876073623,182.95192743676967
outcome-lag-64,10,222,prefix,448,35.875,364.5,553.0348678344209,582.6904373376885,549.1560260906692,187.72670532022988
outcome-lag-64,10,222,prefix,480,40.125,391.5,573.4942547133053,604.7689936736499,569.6032611956217,191.07214256228357
outcome-lag-64,10,222,prefix,512,44.375,418.5,592.9394146970948,625.686709843506,588.9961320451994,193.9825689487335
outcome-lag-64,10,222,intersection,32,4.25,27.0,64.0,64.0,64.0,25.97190975963699
outcome-lag-64,10,222,intersection,64,6.859375,53.0625,128.0,128.0,128.0,59.534296843619096
outcome-lag-64,10,222,intersection,96,7.609375,78.0625,191.8291467785788,190.85471645114507,190.85471645114507,89.80589116768408
outcome-lag-64,10,222,intersection,128,8.46875,103.125,247.41699988016225,246.0980459096252,245.53770986716685,111.08919798533205
outcome-lag-64,10,222,intersection,160,9.21875,128.125,293.29109472960016,295.3595157651291,291.3160569337899,127.07055902425785
outcome-lag-64,10,222,intersection,192,9.96875,153.125,331.09306746789787,338.00577438893765,329.09260064944175,139.97921938026633
outcome-lag-64,10,222,intersection,224,10.71875,178.125,364.364888675909,375.9940349130744,362.1943804875919,150.30055087357547
outcome-lag-64,10,222,intersection,256,11.46875,203.125,394.1822229371584,409.98240666213957,391.9767881225078,158.70190038624557
outcome-lag-64,10,222,intersection,288,12.984375,228.5625,421.523510738578,440.8787923118716,419.31807592392744,165.581456181041
outcome-lag-64,10,222,intersection,320,17.234375,255.5625,448.22182388799564,471.4997656663868,446.01638907334507,172.32960461733347
outcome-lag-64,10,222,intersection,352,21.484375,282.5625,474.84192083818334,501.0099149035306,472.63648602353277,178.31887004359777
outcome-lag-64,10,222,intersection,384,25.734375,309.5625,499.5115310782479,527.8671014390351,497.2817351159284,183.2706872262145
outcome-lag-64,10,222,intersection,416,29.984375,336.5625,522.7619104845089,554.0016102068345,520.5321145221894,188.57332838036922
outcome-lag-64,10,222,intersection,448,33.3046875,361.59375,544.2603483111427,578.2704837151948,542.0305523488232,193.380213762255
outcome-lag-64,10,222,intersection,480,33.3046875,379.59375,561.6898139774491,597.8940020994846,559.4600180151297,196.61293689874407
outcome-lag-64,10,222,intersection,512,33.3046875,397.59375,577.6567248858465,615.9816738134971,575.426928923527,199.89954300240646
outcome-lag-64,10,222,completed,32,3.8125,26.75,64.0,64.0,64.0,25.882263294990526
outcome-lag-64,10,222,completed,64,5.109375,52.0625,128.0,128.0,128.0,61.07154552039417
outcome-lag-64,10,222,completed,96,8.15625,78.375,191.8291467785788,190.95768311050475,190.95768311050475,87.91966794031741
outcome-lag-64,10,222,completed,128,9.015625,103.4375,247.68976968262461,246.8704479544259,246.0126740718293,107.22535242306472
outcome-lag-64,10,222,completed,160,9.875,128.5,293.06616040686305,295.63034510045304,291.2096890975045,122.27323353702836
outcome-lag-64,10,222,completed,192,10.953125,153.6875,331.40441465315644,338.3669819162395,329.5475481065369,134.7429081242566
outcome-lag-64,10,222,completed,224,13.015625,179.4375,365.06461608178694,376.3923008993136,363.11305418651364,144.72804213785497
outcome-lag-64,10,222,completed,256,15.84375,205.625,395.8713000641681,410.32009666345687,393.48409255083857,152.02963829302337
outcome-lag-64,10,222,completed,288,19.328125,232.1875,424.31262202186105,441.5363994497903,421.8214510081011,158.3617599896602
outcome-lag-64,10,222,completed,320,23.578125,259.1875,450.53410246452887,471.39864698600115,448.04293145076895,164.86476182942897
outcome-lag-64,10,222,completed,352,25.703125,281.6875,474.21227539793256,498.51575641015893,471.72110438417263,170.6394998408076
outcome-lag-64,10,222,completed,384,27.828125,304.1875,496.0797887254961,522.9985699778447,493.5477711999939,175.10322117418997
outcome-lag-64,10,222,completed,416,28.4921875,323.59375,515.874134023529,546.1323903445382,513.342116498027,180.05752010872604
outcome-lag-64,10,222,completed,448,30.0859375,344.96875,534.2731326078051,567.4405809980561,531.7411150823032,184.24191084606687
outcome-lag-64,10,222,completed,480,30.21875,363.25,551.9243198708286,587.541695824496,549.3923023453267,187.96862006557734
outcome-lag-64,10,222,completed,512,32.34375,385.75,569.8000295076909,607.327314767288,567.2660238778031,190.85674364650635
outcome-lag-64,10,222,plugin,32,3.40625,5.0,37.0,37.0,37.0,16.40989939298266
outcome-lag-64,10,222,plugin,64,7.203125,13.3125,78.0,78.0,78.0,35.22809077822673
outcome-lag-64,10,222,plugin,96,10.640625,14.5625,111.82914677857879,111.08995854580114,111.08995854580114,49.3198150012534
outcome-lag-64,10,222,plugin,128,14.140625,14.5625,136.3086882414192,135.82210759116043,135.26177154870206,58.09069382872079
outcome-lag-64,10,222,plugin,160,17.203125,16.8125,158.04113663798674,159.58824487210046,156.9942199452696,65.45183094214148
outcome-lag-64,10,222,plugin,192,20.703125,16.8125,173.91698494682493,177.43422408938545,172.8700682541078,70.59519795457976
outcome-lag-64,10,222,plugin,224,24.203125,16.8125,187.93169055850828,194.00005069863013,186.88477386579115,75.48235020569138
outcome-lag-64,10,222,plugin,256,27.703125,16.8125,200.59410013112893,209.49683674904364,199.5471834384118,80.11064865441874
outcome-lag-64,10,222,plugin,288,31.203125,16.8125,212.25039809884407,223.65678891281146,211.20348140612694,84.06395365586154
outcome-lag-64,10,222,plugin,320,34.703125,16.8125,223.1030067235982,237.079779590133,222.05609003088108,87.83419655856407
outcome-lag-64,10,222,plugin,352,38.203125,16.8125,233.29344489660522,249.52714670973833,232.2465282038881,91.10126924439133
outcome-lag-64,10,222,plugin,384,41.703125,16.8125,242.93727015365002,260.9413105219644,241.8903534609329,93.74434192656885
outcome-lag-64,10,222,plugin,416,45.203125,16.8125,252.0968862856889,272.1298166939048,251.04996959297176,96.52067746597297
outcome-lag-64,10,222,plugin,448,48.703125,16.8125,260.85964525965073,282.8179644473763,259.8127285669337,99.1148172596368
outcome-lag-64,10,222,plugin,480,52.203125,16.8125,269.2630297476654,292.63773601270503,268.2161130549484,101.12516114254824
outcome-lag-64,10,222,plugin,512,55.703125,16.8125,277.34543975944274,302.0705225236153,276.2985230667257,103.00504020713693
outcome-lag-64,10,222,safe,32,3.5,0.0,32.0,32.0,32.0,16.40989939298266
outcome-lag-64,10,222,safe,64,7.0,0.0,64.0,64.0,64.0,35.037181687317634
outcome-lag-64,10,222,safe,96,10.5,0.0,95.82914677857879,95.08995854580114,95.08995854580114,49.04557257701098
outcome-lag-64,10,222,safe,128,14.0,0.0,120.30868824141923,119.82210759116042,119.26177154870211,57.816451404478364
outcome-lag-64,10,222,safe,160,17.5,0.0,139.04113663798677,140.5882448721004,137.99421994526966,64.52758851789906
outcome-lag-64,10,222,safe,192,21.0,0.0,154.91698494682495,158.4342240893854,153.87006825410785,69.67095553033734
outcome-lag-64,10,222,safe,224,24.5,0.0,168.9316905585083,175.00005069863008,167.8847738657912,74.55810778144895
outcome-lag-64,10,222,safe,256,28.0,0.0,181.59410013112895,190.49683674904358,180.54718343841185,79.18640623017632
outcome-lag-64,10,222,safe,288,31.5,0.0,193.2503980988441,204.6567889128114,192.203481406127,83.13971123161912
outcome-lag-64,10,222,safe,320,35.0,0.0,204.10300672359824,218.07977959013294,203.05609003088114,86.90995413432165
outcome-lag-64,10,222,safe,352,38.5,0.0,214.29344489660525,230.52714670973828,213.24652820388815,90.17702682014891
outcome-lag-64,10,222,safe,384,42.0,0.0,223.93727015365005,241.94131052196445,222.89035346093294,92.82009950232643
outcome-lag-64,10,222,safe,416,45.5,0.0,233.09688628568892,253.12981669390484,232.04996959297182,95.59643504173054
outcome-lag-64,10,222,safe,448,49.0,0.0,241.85964525965088,263.8179644473763,240.81272856693377,98.19057483539437
outcome-lag-64,10,222,safe,480,52.5,0.0,250.26302974766577,273.63773601270503,249.21611305494866,100.20091871830581
outcome-lag-64,10,222,safe,512,56.0,0.0,258.345439759443,283.0705225236153,257.29852306672603,102.0807977828945
outcome-lag-64,10,222,known,32,0.0,18.0,58.0,58.0,58.0,27.391430202961786
outcome-lag-64,10,222,known,64,0.0,36.0,114.0,114.0,114.0,59.01759547245648
outcome-lag-64,10,222,known,96,0.0,54.0,170.8291467785788,170.08995854580112,170.08995854580112,85.36308272559485
outcome-lag-64,10,222,known,128,0.0,72.0,216.11409374307084,217.36176394999208,215.06717705035373,103.11516737876809
outcome-lag-64,10,222,known,160,0.0,90.0,249.63081332846068,255.49596114339778,248.58389663574357,116.13592508641155
outcome-lag-64,10,222,known,192,0.0,108.0,280.2198010087977,291.02615609295975,279.17288431608057,127.1282423677231
outcome-lag-64,10,222,known,224,0.0,126.0,305.8050066909358,321.44631854938154,304.7580899982187,136.25103106481853
outcome-lag-64,10,222,known,256,0.0,144.0,329.35530110574837,349.19793425455225,328.30838441303126,143.77062824841684
outcome-lag-64,10,222,known,288,0.0,162.0,351.802664906933,375.1811735939574,350.7557482142159,150.0377153744049
outcome-lag-64,10,222,known,320,0.0,180.0,373.15136345690047,400.92005537036243,372.10444676418336,156.82782041171828
outcome-lag-64,10,222,known,352,0.0,198.0,392.84920743542153,424.87386632468264,391.80229074270443,163.11988360054735
outcome-lag-64,10,222,known,384,0.0,216.0,411.4124695199792,446.80564953432634,410.3655528272621,168.19497644605147
outcome-lag-64,10,222,known,416,0.0,234.0,429.03041983300585,468.0911795356597,427.98350314028875,173.32784966269278
outcome-lag-64,10,222,known,448,0.0,252.0,445.2528971135368,487.7944577317944,444.2059804208197,178.06300002548923
outcome-lag-64,10,222,known,480,0.0,270.0,461.37995557111213,506.6104442029711,460.33303887839503,181.88469112718474
outcome-lag-64,10,222,known,512,0.0,288.0,476.03741650537216,523.3816260281013,474.99049981265506,184.95244689314697
outcome-lag-64,10,222,product,32,0.0,18.0,58.0,58.0,58.0,27.391430202961786
outcome-lag-64,10,222,product,64,0.0,36.0,114.0,114.0,114.0,59.01759547245648
outcome-lag-64,10,222,product,96,0.0,54.0,170.8291467785788,170.08995854580112,170.08995854580112,85.36308272559485
outcome-lag-64,10,222,product,128,0.0,72.0,216.11409374307084,217.36176394999208,215.06717705035373,103.11516737876809
outcome-lag-64,10,222,product,160,0.0,90.0,249.63081332846068,255.49596114339778,248.58389663574357,116.13592508641155
outcome-lag-64,10,222,product,192,0.0,108.0,280.2198010087977,291.02615609295975,279.17288431608057,127.1282423677231
outcome-lag-64,10,222,product,224,0.0,126.0,305.8050066909358,321.44631854938154,304.7580899982187,136.25103106481853
outcome-lag-64,10,222,product,256,0.0,144.0,329.35530110574837,349.19793425455225,328.30838441303126,143.77062824841684
outcome-lag-64,10,222,product,288,0.0,162.0,351.802664906933,375.1811735939574,350.7557482142159,150.0377153744049
outcome-lag-64,10,222,product,320,0.0,180.0,373.15136345690047,400.92005537036243,372.10444676418336,156.82782041171828
outcome-lag-64,10,222,product,352,0.0,198.0,392.84920743542153,424.87386632468264,391.80229074270443,163.11988360054735
outcome-lag-64,10,222,product,384,0.0,216.0,411.4124695199792,446.80564953432634,410.3655528272621,168.19497644605147
outcome-lag-64,10,222,product,416,0.0,234.0,429.03041983300585,468.0911795356597,427.98350314028875,173.32784966269278
outcome-lag-64,10,222,product,448,0.0,252.0,445.2528971135368,487.7944577317944,444.2059804208197,178.06300002548923
outcome-lag-64,10,222,product,480,0.0,270.0,461.37995557111213,506.6104442029711,460.33303887839503,181.88469112718474
outcome-lag-64,10,222,product,512,0.0,288.0,476.03741650537216,523.3816260281013,474.99049981265506,184.95244689314697
single-blocker,10,222,prefix,32,4.25,27.0,64.0,63.96821681185914,63.96821681185914,10.435915588510937
single-blocker,10,222,prefix,64,8.5,54.0,128.0,119.66268332084158,119.66268332084158,12.562766541897853
single-blocker,10,222,prefix,96,12.75,81.0,192.0,163.07667230043515,163.07667230043515,13.687969884675274
single-blocker,10,222,prefix,128,17.0,108.0,256.0,200.90692562115905,200.90692562115905,14.5440608160822
single-blocker,10,222,prefix,160,21.25,135.0,320.0,235.37901319205426,235.37901319205426,15.246031525588494
single-blocker,10,222,prefix,192,25.5,162.0,384.0,266.0526922370242,266.0526922370242,15.799289023636964
single-blocker,10,222,prefix,224,29.75,189.0,448.0,293.8790055884721,293.8790055884721,16.25360983029276
single-blocker,10,222,prefix,256,34.0,216.0,512.0,319.44193424153326,319.44193424153326,16.63641959359686
single-blocker,10,222,prefix,288,38.25,243.0,576.0,344.3333667495514,344.3333667495514,17.006499871138804
single-blocker,10,222,prefix,320,42.5,270.0,640.0,369.5810442620955,369.5810442620955,17.392618391974484
single-blocker,10,222,prefix,352,46.75,297.0,704.0,391.31754681518845,391.31754681518845,17.668958313482733
single-blocker,10,222,prefix,384,51.0,324.0,768.0,412.5225055458746,412.5225055458746,17.934827824240273
single-blocker,10,222,prefix,416,55.25,351.0,832.0,432.6331425866576,432.6331425866576,18.173101761584807
single-blocker,10,222,prefix,448,59.5,378.0,896.0,451.7719708942618,451.7719708942618,18.388225582571305
single-blocker,10,222,prefix,480,63.75,405.0,960.0,470.0324574588318,470.0324574588318,18.58344384365993
single-blocker,10,222,prefix,512,68.0,432.0,1024.0,487.69043865258504,487.69043865258504,18.76645357115488
single-blocker,10,222,intersection,32,4.25,27.0,64.0,63.96821681185914,63.96821681185914,10.435915588510937
single-blocker,10,222,intersection,64,7.296875,53.3125,128.0,120.81662176040324,120.81662176040324,12.73212609475463
single-blocker,10,222,intersection,96,9.6875,79.25,192.0,168.00974926006975,168.00974926006975,13.990319913569419
single-blocker,10,222,intersection,128,10.4375,104.25,256.0,207.8767285526305,207.8767285526305,14.881618384127693
single-blocker,10,222,intersection,160,11.1875,129.25,320.0,242.3323478357466,242.3323478357466,15.547437025952975
single-blocker,10,222,intersection,192,11.9375,154.25,384.0,272.9104771908834,272.9104771908834,16.0725978394864
single-blocker,10,222,intersection,224,12.6875,179.25,448.0,301.09180966988043,301.09180966988043,16.52167738799478
single-blocker,10,222,intersection,256,13.546875,204.3125,512.0,327.2525878903052,327.2525878903052,16.91017377713635
single-blocker,10,222,intersection,288,17.6875,231.25,576.0,353.19272506009264,353.19272506009264,17.29717448452285
single-blocker,10,222,intersection,320,20.515625,257.4375,640.0,376.67743337973906,376.67743337973906,17.61119396843753
single-blocker,10,222,intersection,352,24.765625,284.4375,704.0,399.7794138728924,399.7794138728924,17.9173480188453
single-blocker,10,222,intersection,384,29.015625,311.4375,768.0,421.49906892712943,421.49906892712943,18.18683041094485
single-blocker,10,222,intersection,416,32.734375,337.3125,830.0,441.4301279715323,441.4301279715323,18.420888044652354
single-blocker,10,222,intersection,448,32.734375,355.3125,886.0,458.12292090632224,458.12292090632224,18.60208797658451
single-blocker,10,222,intersection,480,32.734375,373.3125,944.0,474.75569317087457,474.75569317087457,18.775458040186578
single-blocker,10,222,intersection,512,32.734375,391.3125,999.0,489.75811377799374,489.75811377799374,18.924052562850814
single-blocker,10,222,completed,32,4.25,27.0,64.0,63.96821681185914,63.96821681185914,10.435915588510937
single-blocker,10,222,completed,64,7.40625,53.375,128.0,120.68345867134035,120.68345867134035,12.716100453728984
single-blocker,10,222,completed,96,8.59375,78.625,192.0,168.4190544210669,168.4190544210669,14.011830901939001
single-blocker,10,222,completed,128,9.34375,103.625,256.0,207.61462795729722,207.61462795729722,14.869640705010475
single-blocker,10,222,completed,160,10.09375,128.625,320.0,241.8635118905393,241.8635118905393,15.528117438236565
single-blocker,10,222,completed,192,10.84375,153.625,384.0,272.18782043306334,272.18782043306334,16.04504635595218
single-blocker,10,222,completed,224,11.59375,178.625,448.0,300.3131283750253,300.3131283750253,16.49397033402486
single-blocker,10,222,completed,256,12.34375,203.625,512.0,326.29598478468773,326.29598478468773,16.878086585486194
single-blocker,10,222,completed,288,14.078125,229.1875,576.0,350.9606406878141,350.9606406878141,17.226812242364552
single-blocker,10,222,completed,320,17.34375,255.625,640.0,374.8200411222001,374.8200411222001,17.555657768585938
single-blocker,10,222,completed,352,21.59375,282.625,704.0,398.5864573218352,398.5864573218352,17.883672452031565
single-blocker,10,222,completed,384,25.84375,309.625,768.0,420.7220821814462,420.7220821814462,18.165917077724842
single-blocker,10,222,completed,416,29.828125,336.0625,832.0,441.7237396092467,441.7237396092467,18.41903218453528
single-blocker,10,222,completed,448,29.828125,354.0625,888.0,458.0897346592041,458.0897346592041,18.592275907289782
single-blocker,10,222,completed,480,29.828125,372.0625,946.0,474.41901317731714,474.41901317731714,18.75861601229677
single-blocker,10,222,completed,512,29.828125,390.0625,1001.0,489.18745737987194,489.18745737987194,18.90202748971353
single-blocker,10,222,plugin,32,2.9140625,5.90625,40.0,39.96821681185914,39.96821681185914,7.610578528769851
single-blocker,10,222,plugin,64,6.4140625,5.90625,72.0,65.42435623340212,65.42435623340212,8.311599237039102
single-blocker,10,222,plugin,96,9.9140625,5.90625,104.0,84.7831968278086,84.7831968278086,8.719679814222108
single-blocker,10,222,plugin,128,13.4140625,5.90625,136.0,101.03345515740088,101.03345515740088,9.008667925922502
single-blocker,10,222,plugin,160,16.9140625,5.90625,168.0,115.31238195727079,115.31238195727079,9.23259455827307
single-blocker,10,222,plugin,192,20.4140625,5.90625,200.0,128.1978375468853,128.1978375468853,9.415437943040763
single-blocker,10,222,plugin,224,23.9140625,5.90625,232.0,140.0310352083931,140.0310352083931,9.569961246415486
single-blocker,10,222,plugin,256,27.4140625,5.90625,264.0,151.03333360981438,151.03333360981438,9.703772046150608
single-blocker,10,222,plugin,288,30.9140625,5.90625,296.0,161.35798108855585,161.35798108855585,9.821772362566978
single-blocker,10,222,plugin,320,34.4140625,5.90625,328.0,171.1162631808352,171.1162631808352,9.927306680227348
single-blocker,10,222,plugin,352,37.9140625,5.90625,360.0,180.39200998111025,180.39200998111025,10.022759046724346
single-blocker,10,222,plugin,384,41.4140625,5.90625,392.0,189.25023096678382,189.25023096678382,10.109888902349308
single-blocker,10,222,plugin,416,44.9140625,5.90625,424.0,197.74254455085054,197.74254455085054,10.190031853879791
single-blocker,10,222,plugin,448,48.4140625,5.90625,456.0,205.91074640079475,205.91074640079475,10.264225744016343
single-blocker,10,222,plugin,480,51.9140625,5.90625,488.0,213.78924141297622,213.78924141297622,10.333293073780482
single-blocker,10,222,plugin,512,55.4140625,5.90625,520.0,221.40675252840046,221.40675252840046,10.397896742883058
single-blocker,10,222,safe,32,3.5,0.0,32.0,31.968216811859147,31.968216811859147,4.02724519543652
single-blocker,10,222,safe,64,7.0,0.0,64.0,57.42435623340214,57.42435623340214,4.7282659037057675
single-blocker,10,222,safe,96,10.5,0.0,96.0,76.78319682780861,76.78319682780861,5.136346480888775
single-blocker,10,222,safe,128,14.0,0.0,128.0,93.03345515740088,93.03345515740088,5.425334592589174
single-blocker,10,222,safe,160,17.5,0.0,160.0,107.31238195727079,107.31238195727079,5.649261224939744
single-blocker,10,222,safe,192,21.0,0.0,192.0,120.1978375468853,120.1978375468853,5.832104609707439
single-blocker,10,222,safe,224,24.5,0.0,224.0,132.0310352083931,132.0310352083931,5.986627913082163
single-blocker,10,222,safe,256,28.0,0.0,256.0,143.03333360981438,143.03333360981438,6.120438712817281
single-blocker,10,222,safe,288,31.5,0.0,288.0,153.35798108855585,153.35798108855585,6.238439029233648
single-blocker,10,222,safe,320,35.0,0.0,320.0,163.1162631808352,163.1162631808352,6.343973346894013
single-blocker,10,222,safe,352,38.5,0.0,352.0,172.39200998111025,172.39200998111025,6.43942571339101
single-blocker,10,222,safe,384,42.0,0.0,384.0,181.25023096678382,181.25023096678382,6.5265555690159704
single-blocker,10,222,safe,416,45.5,0.0,416.0,189.74254455085054,189.74254455085054,6.6066985205464555
single-blocker,10,222,safe,448,49.0,0.0,448.0,197.91074640079475,197.91074640079475,6.680892410683006
single-blocker,10,222,safe,480,52.5,0.0,480.0,205.78924141297622,205.78924141297622,6.7499597404471405
single-blocker,10,222,safe,512,56.0,0.0,512.0,213.40675252840046,213.40675252840046,6.81456340954972
single-blocker,10,222,known,32,0.0,18.0,58.0,57.96821681185914,57.96821681185914,7.8432033731900255
single-blocker,10,222,known,64,0.0,36.0,114.0,104.79647052539586,104.79647052539586,9.207471242035194
single-blocker,10,222,known,96,0.0,54.0,171.0,141.32941263606912,141.32941263606912,10.02436877810849
single-blocker,10,222,known,128,0.0,72.0,227.0,171.44778976712553,171.44778976712553,10.592611100127785
single-blocker,10,222,known,160,0.0,90.0,281.0,196.9867476650531,196.9867476650531,11.01812951229314
single-blocker,10,222,known,192,0.0,108.0,339.0,221.9028434654537,221.9028434654537,11.396347644443486
single-blocker,10,222,known,224,0.0,126.0,394.0,243.50056753540363,243.50056753540363,11.696697955067004
single-blocker,10,222,known,256,0.0,144.0,450.0,263.99882110491734,263.99882110491734,11.962933003008313
single-blocker,10,222,known,288,0.0,162.0,508.0,283.95904810678155,283.95904810678155,12.207007791455291
single-blocker,10,222,known,320,0.0,180.0,567.0,303.1293687454273,303.1293687454273,12.428551691009103
single-blocker,10,222,known,352,0.0,198.0,625.0,320.986845373424,320.986845373424,12.624280553514518
single-blocker,10,222,known,384,0.0,216.0,683.0,338.0217968184259,338.0217968184259,12.80254163437679
single-blocker,10,222,known,416,0.0,234.0,741.0,354.3381120860265,354.3381120860265,12.966200117285371
single-blocker,10,222,known,448,0.0,252.0,797.0,369.4517864509344,369.4517864509344,13.111746648854973
single-blocker,10,222,known,480,0.0,270.0,855.0,384.58710267695426,384.58710267695426,13.25276750539358
single-blocker,10,222,known,512,0.0,288.0,910.0,398.4147355029765,398.4147355029765,13.376974272247992
single-blocker,10,222,product,32,0.0,18.0,58.0,57.96821681185914,57.96821681185914,7.8432033731900255
single-blocker,10,222,product,64,0.0,36.0,114.0,104.79647052539586,104.79647052539586,9.207471242035194
single-blocker,10,222,product,96,0.0,54.0,171.0,141.32941263606912,141.32941263606912,10.02436877810849
single-blocker,10,222,product,128,0.0,72.0,227.0,171.44778976712553,171.44778976712553,10.592611100127785
single-blocker,10,222,product,160,0.0,90.0,281.0,196.9867476650531,196.9867476650531,11.01812951229314
single-blocker,10,222,product,192,0.0,108.0,339.0,221.9028434654537,221.9028434654537,11.396347644443486
single-blocker,10,222,product,224,0.0,126.0,394.0,243.50056753540363,243.50056753540363,11.696697955067004
single-blocker,10,222,product,256,0.0,144.0,450.0,263.99882110491734,263.99882110491734,11.962933003008313
single-blocker,10,222,product,288,0.0,162.0,508.0,283.95904810678155,283.95904810678155,12.207007791455291
single-blocker,10,222,product,320,0.0,180.0,567.0,303.1293687454273,303.1293687454273,12.428551691009103
single-blocker,10,222,product,352,0.0,198.0,625.0,320.986845373424,320.986845373424,12.624280553514518
single-blocker,10,222,product,384,0.0,216.0,683.0,338.0217968184259,338.0217968184259,12.80254163437679
single-blocker,10,222,product,416,0.0,234.0,741.0,354.3381120860265,354.3381120860265,12.966200117285371
single-blocker,10,222,product,448,0.0,252.0,797.0,369.4517864509344,369.4517864509344,13.111746648854973
single-blocker,10,222,product,480,0.0,270.0,855.0,384.58710267695426,384.58710267695426,13.25276750539358
single-blocker,10,222,product,512,0.0,288.0,910.0,398.4147355029765,398.4147355029765,13.376974272247992
outcome-lag-64,12,222,prefix,32,0.75,25.0,64.0,64.0,64.0,26.615116657407842
outcome-lag-64,12,222,prefix,64,1.5,50.0,128.0,128.0,128.0,55.67661679051679
outcome-lag-64,12,222,prefix,96,2.25,75.0,191.77995804233697,190.80090714011826,190.80090714011826,79.0581596331782
outcome-lag-64,12,222,prefix,128,3.0,100.0,245.48219415100797,244.16062425271,242.9205133310386,95.31460998218691
outcome-lag-64,12,222,prefix,160,3.75,125.0,287.29794544746863,289.6861067466049,284.7025021399981,108.66824806700197
outcome-lag-64,12,222,prefix,192,4.5,150.0,323.1090439679401,330.58448095236804,320.39458225249564,120.46802523656035
outcome-lag-64,12,222,prefix,224,5.25,175.0,357.90724243058975,369.0554729773532,354.60411339081594,129.69936539310214
outcome-lag-64,12,222,prefix,256,6.0,200.0,387.5337517914114,403.17659806308393,383.95393630157866,138.32168708104572
outcome-lag-64,12,222,prefix,288,6.75,225.0,414.8447577490985,434.83103127932003,411.1579975472917,146.02445085774968
outcome-lag-64,12,222,prefix,320,7.5,250.0,441.6923389917682,465.2236493477449,438.00289553658035,152.43251935608322
outcome-lag-64,12,222,prefix,352,8.25,275.0,465.806684235981,492.7984768020367,462.11396916802073,158.2622242045502
outcome-lag-64,12,222,prefix,384,9.0,300.0,488.12520561456654,518.6085584478376,484.4220808639023,163.767589720059
outcome-lag-64,12,222,prefix,416,9.75,325.0,509.7754507284392,543.4144157628969,506.07232597777494,168.6318008941785
outcome-lag-64,12,222,prefix,448,10.5,350.0,531.0696282012008,567.2818464885992,527.310923542107,172.67051049470925
outcome-lag-64,12,222,prefix,480,11.25,375.0,551.1123775269074,590.142260393063,547.3270157418361,176.84377636842711
outcome-lag-64,12,222,prefix,512,12.0,400.0,570.6290707579445,612.7340951142187,566.8437089728733,181.1794627343652
outcome-lag-64,12,222,intersection,32,0.75,25.0,64.0,64.0,64.0,26.615116657407842
outcome-lag-64,12,222,intersection,64,1.5,50.0,128.0,128.0,128.0,55.67661679051679
outcome-lag-64,12,222,intersection,96,2.25,75.0,191.77995804233697,190.80090714011826,190.80090714011826,79.0581596331782
outcome-lag-64,12,222,intersection,128,3.0,100.0,245.48219415100797,244.16062425271,242.9205133310386,95.31460998218691
outcome-lag-64,12,222,intersection,160,3.75,125.0,287.29794544746863,289.6861067466049,284.7025021399981,108.66824806700197
outcome-lag-64,12,222,intersection,192,4.5,150.0,323.1090439679401,330.58448095236804,320.39458225249564,120.46802523656035
outcome-lag-64,12,222,intersection,224,5.25,175.0,357.90724243058975,369.0554729773532,354.60411339081594,129.69936539310214
outcome-lag-64,12,222,intersection,256,6.0,200.0,387.5337517914114,403.17659806308393,383.95393630157866,138.32168708104572
outcome-lag-64,12,222,intersection,288,6.75,225.0,414.8447577490985,434.83103127932003,411.1579975472917,146.02445085774968
outcome-lag-64,12,222,intersection,320,7.5,250.0,441.6923389917682,465.2236493477449,438.00289553658035,152.43251935608322
outcome-lag-64,12,222,intersection,352,8.25,275.0,465.806684235981,492.7984768020367,462.11396916802073,158.2622242045502
outcome-lag-64,12,222,intersection,384,9.0,300.0,488.12520561456654,518.6085584478376,484.4220808639023,163.767589720059
outcome-lag-64,12,222,intersection,416,9.75,325.0,509.7754507284392,543.4144157628969,506.07232597777494,168.6318008941785
outcome-lag-64,12,222,intersection,448,10.5,350.0,531.0696282012008,567.2818464885992,527.310923542107,172.67051049470925
outcome-lag-64,12,222,intersection,480,11.25,375.0,551.1123775269074,590.142260393063,547.3270157418361,176.84377636842711
outcome-lag-64,12,222,intersection,512,12.0,400.0,570.6290707579445,612.7340951142187,566.8437089728733,181.1794627343652
outcome-lag-64,12,222,completed,32,0.859375,25.0625,64.0,64.0,64.0,26.615116657407842
outcome-lag-64,12,222,completed,64,4.2109375,39.09375,113.0,113.0,113.0,48.367100519954
outcome-lag-64,12,222,completed,96,5.734375,57.0625,167.77995804233697,166.9084435684685,166.9084435684685,67.97799687114804
outcome-lag-64,12,222,completed,128,6.703125,82.1875,223.68985082283677,222.39229181257792,221.16817649724933,83.40719995411756
outcome-lag-64,12,222,completed,160,7.453125,107.1875,271.56180874322945,271.31268107696616,267.522947929179,98.19429096520079
outcome-lag-64,12,222,completed,192,8.203125,132.1875,310.5291884811916,314.8745065441691,306.4066132620077,111.37110848921802
outcome-lag-64,12,222,completed,224,8.953125,157.1875,346.2542239276907,354.3176901386781,341.7040735092916,121.16767621112184
outcome-lag-64,12,222,completed,256,9.703125,182.1875,376.9336440154155,389.58092495943066,372.18248559436347,130.26050581435766
outcome-lag-64,12,222,completed,288,10.453125,207.1875,405.0634183718819,422.18430857420265,400.2384236098694,138.3742526343
outcome-lag-64,12,222,completed,320,11.203125,232.1875,432.2729512535801,453.04001238015684,427.44795649156765,145.00728287310693
outcome-lag-64,12,222,completed,352,11.953125,257.1875,456.89149583204505,481.2155230594094,452.0655431196423,151.07213787205805
outcome-lag-64,12,222,completed,384,12.703125,282.1875,479.7133990469697,507.649517705774,474.88289008679567,156.82487240298278
outcome-lag-64,12,222,completed,416,13.453125,307.1875,501.73141149145835,532.911624861112,496.9009025312843,161.87710079408959
outcome-lag-64,12,222,completed,448,14.203125,332.1875,523.2534298621259,557.0943500425656,518.3732460772003,166.06620373072082
outcome-lag-64,12,222,completed,480,14.765625,355.4375,543.5407591732961,580.2912377337395,538.6401312488235,170.37815901755403
outcome-lag-64,12,222,completed,512,14.953125,375.1875,559.3160797433318,599.1436898900121,554.4154518188592,174.47957690589524
outcome-lag-64,12,222,plugin,32,3.3359375,6.84375,40.0,40.0,40.0,16.447591849054863
outcome-lag-64,12,222,plugin,64,6.1796875,9.46875,78.0,78.0,78.0,32.68831647083034
outcome-lag-64,12,222,plugin,96,9.2109375,11.34375,112.77995804233696,111.9084435684685,111.9084435684685,45.99961728706438
outcome-lag-64,12,222,plugin,128,12.7109375,11.34375,137.15408303605597,137.17947155086094,135.95535623553226,55.30937505156489
outcome-lag-64,12,222,plugin,160,16.2109375,11.34375,156.00647319706547,158.46045235822572,154.80774639654177,62.53535569141036
outcome-lag-64,12,222,plugin,192,19.7109375,11.34375,171.87609577514007,177.22639639857627,170.67736897461637,68.59868752691406
outcome-lag-64,12,222,plugin,224,23.2109375,11.34375,185.88516723856202,194.21522489858052,184.68644043803832,73.90884166878527
outcome-lag-64,12,222,plugin,256,26.7109375,11.34375,198.56199749533215,210.32426959588113,197.36327069480845,79.14939876439975
outcome-lag-64,12,222,plugin,288,30.2109375,11.34375,210.22891048461938,224.7833731162865,209.03018368409568,83.40185512248019
outcome-lag-64,12,222,plugin,320,33.7109375,11.34375,221.07305418427458,237.8955992473478,219.87432738375088,86.8613334789224
outcome-lag-64,12,222,plugin,352,37.2109375,11.34375,231.26350007695567,250.26800041092426,230.06477327643196,90.05344020872086
outcome-lag-64,12,222,plugin,384,40.7109375,11.34375,240.9065660575476,261.89385953834903,239.7078392570239,92.90820820609697
outcome-lag-64,12,222,plugin,416,44.2109375,11.34375,250.07519719309192,272.76156406402737,248.87647039256822,95.36374209923903
outcome-lag-64,12,222,plugin,448,47.7109375,11.34375,258.8344693913121,282.94969881143436,257.6357425907884,97.45786888683828
outcome-lag-64,12,222,plugin,480,51.2109375,11.34375,267.2380230082556,292.97672218573916,266.0392962077319,99.67546457872567
outcome-lag-64,12,222,plugin,512,54.7109375,11.34375,275.32520742628947,302.9097967366056,274.1264806257658,102.05563168327053
outcome-lag-64,12,222,safe,32,3.5,0.0,32.0,32.0,32.0,13.864258515721529
outcome-lag-64,12,222,safe,64,7.0,0.0,64.0,64.0,64.0,28.252602185116054
outcome-lag-64,12,222,safe,96,10.5,0.0,95.77995804233696,94.9084435684685,94.9084435684685,41.059862597309696
outcome-lag-64,12,222,safe,128,14.0,0.0,120.15408303605597,120.17947155086094,118.95535623553228,50.369620361810206
outcome-lag-64,12,222,safe,160,17.5,0.0,139.00647319706545,141.46045235822567,137.80774639654177,57.59560100165567
outcome-lag-64,12,222,safe,192,21.0,0.0,154.87609577514004,160.2263963985762,153.67736897461637,63.6589328371594
outcome-lag-64,12,222,safe,224,24.5,0.0,168.885167238562,177.21522489858046,167.68644043803832,68.9690869790306
outcome-lag-64,12,222,safe,256,28.0,0.0,181.56199749533212,193.32426959588108,180.36327069480845,74.20964407464508
outcome-lag-64,12,222,safe,288,31.5,0.0,193.22891048461935,207.78337311628644,192.03018368409568,78.46210043272552
outcome-lag-64,12,222,safe,320,35.0,0.0,204.07305418427455,220.89559924734775,202.87432738375088,81.92157878916774
outcome-lag-64,12,222,safe,352,38.5,0.0,214.26350007695564,233.2680004109242,213.06477327643196,85.1136855189662
outcome-lag-64,12,222,safe,384,42.0,0.0,223.90656605754756,244.8938595383489,222.7078392570239,87.96845351634231
outcome-lag-64,12,222,safe,416,45.5,0.0,233.0751971930919,255.76156406402728,231.87647039256822,90.42398740948437
outcome-lag-64,12,222,safe,448,49.0,0.0,241.83446939131207,265.9496988114343,240.6357425907884,92.51811419708362
outcome-lag-64,12,222,safe,480,52.5,0.0,250.23802300825562,275.9767221857391,249.03929620773195,94.735709888971
outcome-lag-64,12,222,safe,512,56.0,0.0,258.3252074262893,285.90979673660553,257.1264806257657,97.11587699351587
outcome-lag-64,12,222,known,32,0.0,18.0,54.0,54.0,54.0,23.625434117725305
outcome-lag-64,12,222,known,64,0.0,36.0,114.0,114.0,114.0,51.28227224617224
outcome-lag-64,12,222,known,96,0.0,54.0,168.77995804233697,167.80090714011826,167.80090714011826,73.09786606967255
outcome-lag-64,12,222,known,128,0.0,72.0,214.48219415100797,213.16062425271,211.9205133310386,88.74596865727501
outcome-lag-64,12,222,known,160,0.0,90.0,251.4406352223001,253.8150109278439,248.87895440233072,101.79601816589714
outcome-lag-64,12,222,known,192,0.0,108.0,282.60845817985035,290.18668309903273,280.046777359881,113.33227209561647
outcome-lag-64,12,222,known,224,0.0,126.0,306.59945379779964,318.4391396036469,304.0377729778303,121.60883746138445
outcome-lag-64,12,222,known,256,0.0,144.0,330.4116624723264,347.0226504531416,327.84998165235703,129.60988014746314
outcome-lag-64,12,222,known,288,0.0,162.0,352.41381530337384,373.40810518877504,349.8521344834045,136.67836430571572
outcome-lag-64,12,222,known,320,0.0,180.0,371.00405351284553,395.4291661475014,368.4423726928762,142.1247671914605
outcome-lag-64,12,222,known,352,0.0,198.0,389.9603838771311,417.80360051821197,387.39870305716175,147.38234360876356
outcome-lag-64,12,222,known,384,0.0,216.0,408.5892835758298,439.913456011846,406.02760275586047,152.5196633247941
outcome-lag-64,12,222,known,416,0.0,234.0,425.67819555157064,460.00412783418454,423.1165147316013,156.94774181994566
outcome-lag-64,12,222,known,448,0.0,252.0,441.0644438726181,477.97864946411215,438.50276305264873,160.70808367069117
outcome-lag-64,12,222,known,480,0.0,270.0,456.40140821719206,496.147795261345,453.8397273972227,164.58067958677094
outcome-lag-64,12,222,known,512,0.0,288.0,470.89316924417,513.6289419964498,468.33148842420064,168.49589496465921
outcome-lag-64,12,222,product,32,0.0,18.0,54.0,54.0,54.0,23.625434117725305
outcome-lag-64,12,222,product,64,0.0,36.0,114.0,114.0,114.0,51.28227224617224
outcome-lag-64,12,222,product,96,0.0,54.0,168.77995804233697,167.80090714011826,167.80090714011826,73.09786606967255
outcome-lag-64,12,222,product,128,0.0,72.0,214.48219415100797,213.16062425271,211.9205133310386,88.74596865727501
outcome-lag-64,12,222,product,160,0.0,90.0,251.4406352223001,253.8150109278439,248.87895440233072,101.79601816589714
outcome-lag-64,12,222,product,192,0.0,108.0,282.60845817985035,290.18668309903273,280.046777359881,113.33227209561647
outcome-lag-64,12,222,product,224,0.0,126.0,306.59945379779964,318.4391396036469,304.0377729778303,121.60883746138445
outcome-lag-64,12,222,product,256,0.0,144.0,330.4116624723264,347.0226504531416,327.84998165235703,129.60988014746314
outcome-lag-64,12,222,product,288,0.0,162.0,352.41381530337384,373.40810518877504,349.8521344834045,136.67836430571572
outcome-lag-64,12,222,product,320,0.0,180.0,371.00405351284553,395.4291661475014,368.4423726928762,142.1247671914605
outcome-lag-64,12,222,product,352,0.0,198.0,389.9603838771311,417.80360051821197,387.39870305716175,147.38234360876356
outcome-lag-64,12,222,product,384,0.0,216.0,408.5892835758298,439.913456011846,406.02760275586047,152.5196633247941
outcome-lag-64,12,222,product,416,0.0,234.0,425.67819555157064,460.00412783418454,423.1165147316013,156.94774181994566
outcome-lag-64,12,222,product,448,0.0,252.0,441.0644438726181,477.97864946411215,438.50276305264873,160.70808367069117
outcome-lag-64,12,222,product,480,0.0,270.0,456.40140821719206,496.147795261345,453.8397273972227,164.58067958677094
outcome-lag-64,12,222,product,512,0.0,288.0,470.89316924417,513.6289419964498,468.33148842420064,168.49589496465921
single-blocker,12,222,prefix,32,0.75,25.0,64.0,63.96821681185914,63.96821681185914,10.501572154167505
single-blocker,12,222,prefix,64,1.5,50.0,128.0,118.79647052539585,118.79647052539585,12.387604997168948
single-blocker,12,222,prefix,96,2.25,75.0,192.0,163.07667230043523,163.07667230043523,13.68796988467526
single-blocker,12,222,prefix,128,3.0,100.0,256.0,201.35567214055342,201.35567214055342,14.567084871065001
single-blocker,12,222,prefix,160,3.75,125.0,320.0,234.15796454223337,234.15796454223337,15.189502196732196
single-blocker,12,222,prefix,192,4.5,150.0,384.0,263.7688876189937,263.7688876189937,15.701828237287684
single-blocker,12,222,prefix,224,5.25,175.0,448.0,293.54733550885476,293.54733550885476,16.240624258705616
single-blocker,12,222,prefix,256,6.0,200.0,512.0,319.44193424153315,319.44193424153315,16.636419593596838
single-blocker,12,222,prefix,288,6.75,225.0,576.0,343.7431643677112,343.7431643677112,16.985980280242632
single-blocker,12,222,prefix,320,7.5,250.0,640.0,368.08596453037137,368.08596453037137,17.344230872811533
single-blocker,12,222,prefix,352,8.25,275.0,704.0,390.1187051359943,390.1187051359943,17.63184887260972
single-blocker,12,222,prefix,384,9.0,300.0,768.0,410.67137687667804,410.67137687667804,17.879804483001276
single-blocker,12,222,prefix,416,9.75,325.0,832.0,430.8554947351014,430.8554947351014,18.122276200484666
single-blocker,12,222,prefix,448,10.5,350.0,896.0,450.9269136692088,450.9269136692088,18.36497400942079
single-blocker,12,222,prefix,480,11.25,375.0,960.0,469.8270603674733,469.8270603674733,18.577972676939357
single-blocker,12,222,prefix,512,12.0,400.0,1024.0,488.2870929235626,488.2870929235626,18.78185687781107
single-blocker,12,222,intersection,32,0.75,25.0,64.0,63.96821681185914,63.96821681185914,10.501572154167505
single-blocker,12,222,intersection,64,2.046875,50.3125,128.0,119.66268332084157,119.66268332084157,12.56276654189785
single-blocker,12,222,intersection,96,2.90625,75.375,192.0,164.86530650807578,164.86530650807578,13.817155641517084
single-blocker,12,222,intersection,128,3.65625,100.375,256.0,203.32040538380136,203.32040538380136,14.665675625443566
single-blocker,12,222,intersection,160,4.40625,125.375,320.0,236.1236061925171,236.1236061925171,15.279935856551644
single-blocker,12,222,intersection,192,5.15625,150.375,384.0,265.69955779891916,265.69955779891916,15.784446444926319
single-blocker,12,222,intersection,224,5.90625,175.375,448.0,295.12462578269685,295.12462578269685,16.301829508446023
single-blocker,12,222,intersection,256,6.65625,200.375,512.0,320.94246208339797,320.94246208339797,16.69119862413625
single-blocker,12,222,intersection,288,7.40625,225.375,576.0,345.17630652490226,345.17630652490226,17.035537765566144
single-blocker,12,222,intersection,320,8.15625,250.375,640.0,369.34290176915704,369.34290176915704,17.384968949218656
single-blocker,12,222,intersection,352,8.90625,275.375,704.0,391.31754681518873,391.31754681518873,17.668958313482733
single-blocker,12,222,intersection,384,9.65625,300.375,768.0,411.8539790039328,411.8539790039328,17.915086200101577
single-blocker,12,222,intersection,416,10.40625,325.375,832.0,431.98925357502605,431.98925357502605,18.15480307386052
single-blocker,12,222,intersection,448,11.15625,350.375,896.0,451.9765783492597,451.9765783492597,18.39382512419019
single-blocker,12,222,intersection,480,11.90625,375.375,960.0,470.8300227993855,470.8300227993855,18.604583293023484
single-blocker,12,222,intersection,512,12.65625,400.375,1024.0,489.23813848436447,489.23813848436447,18.806227415757856
single-blocker,12,222,completed,32,0.75,25.0,64.0,63.96821681185914,63.96821681185914,10.501572154167505
single-blocker,12,222,completed,64,2.046875,50.3125,128.0,119.66268332084157,119.66268332084157,12.56276654189785
single-blocker,12,222,completed,96,2.796875,75.3125,192.0,164.51706454200294,164.51706454200294,13.79482448683299
single-blocker,12,222,completed,128,3.546875,100.3125,256.0,202.9624302990057,202.9624302990057,14.647973762089523
single-blocker,12,222,completed,160,4.296875,125.3125,320.0,235.75796133160335,235.75796133160335,15.26333921789618
single-blocker,12,222,completed,192,5.046875,150.3125,384.0,265.33583757959724,265.33583757959724,15.769073537772579
single-blocker,12,222,completed,224,5.796875,175.3125,448.0,294.8250264224675,294.8250264224675,16.290309745182444
single-blocker,12,222,completed,256,6.546875,200.3125,512.0,320.65552739010167,320.65552739010167,16.680809226230494
single-blocker,12,222,completed,288,7.296875,225.3125,576.0,344.90084311996526,344.90084311996526,17.026082888153514
single-blocker,12,222,completed,320,8.046875,250.3125,640.0,369.10042847162595,369.10042847162595,17.377158044583144
single-blocker,12,222,completed,352,8.796875,275.3125,704.0,391.0855057494167,391.0855057494167,17.66181545633985
single-blocker,12,222,completed,384,9.546875,300.3125,768.0,411.6244099845607,411.6244099845607,17.908273425247547
single-blocker,12,222,completed,416,10.296875,325.3125,832.0,431.7686547387165,431.7686547387165,18.148505070788314
single-blocker,12,222,completed,448,11.046875,350.3125,896.0,451.77197089426136,451.77197089426136,18.38822558257127
single-blocker,12,222,completed,480,11.796875,375.3125,960.0,470.63418917820087,470.63418917820087,18.59940815178054
single-blocker,12,222,completed,512,12.546875,400.3125,1024.0,489.05217798869,489.05217798869,18.801479582818533
single-blocker,12,222,plugin,32,3.390625,7.0625,40.0,39.96821681185914,39.96821681185914,7.610578528769851
single-blocker,12,222,plugin,64,6.890625,7.0625,72.0,65.42435623340212,65.42435623340212,8.311599237039102
single-blocker,12,222,plugin,96,10.390625,7.0625,104.0,84.7831968278086,84.7831968278086,8.719679814222108
single-blocker,12,222,plugin,128,13.890625,7.0625,136.0,101.03345515740088,101.03345515740088,9.008667925922502
single-blocker,12,222,plugin,160,17.390625,7.0625,168.0,115.31238195727079,115.31238195727079,9.23259455827307
single-blocker,12,222,plugin,192,20.890625,7.0625,200.0,128.1978375468853,128.1978375468853,9.415437943040763
single-blocker,12,222,plugin,224,24.390625,7.0625,232.0,140.0310352083931,140.0310352083931,9.569961246415486
single-blocker,12,222,plugin,256,27.890625,7.0625,264.0,151.03333360981438,151.03333360981438,9.703772046150608
single-blocker,12,222,plugin,288,31.390625,7.0625,296.0,161.35798108855585,161.35798108855585,9.821772362566978
single-blocker,12,222,plugin,320,34.890625,7.0625,328.0,171.1162631808352,171.1162631808352,9.927306680227348
single-blocker,12,222,plugin,352,38.390625,7.0625,360.0,180.39200998111025,180.39200998111025,10.022759046724346
single-blocker,12,222,plugin,384,41.890625,7.0625,392.0,189.25023096678382,189.25023096678382,10.109888902349308
single-blocker,12,222,plugin,416,45.390625,7.0625,424.0,197.74254455085054,197.74254455085054,10.190031853879791
single-blocker,12,222,plugin,448,48.890625,7.0625,456.0,205.91074640079475,205.91074640079475,10.264225744016343
single-blocker,12,222,plugin,480,52.390625,7.0625,488.0,213.78924141297622,213.78924141297622,10.333293073780482
single-blocker,12,222,plugin,512,55.890625,7.0625,520.0,221.40675252840046,221.40675252840046,10.397896742883058
single-blocker,12,222,safe,32,3.5,0.0,32.0,31.968216811859147,31.968216811859147,4.02724519543652
single-blocker,12,222,safe,64,7.0,0.0,64.0,57.42435623340214,57.42435623340214,4.7282659037057675
single-blocker,12,222,safe,96,10.5,0.0,96.0,76.78319682780861,76.78319682780861,5.136346480888775
single-blocker,12,222,safe,128,14.0,0.0,128.0,93.03345515740088,93.03345515740088,5.425334592589174
single-blocker,12,222,safe,160,17.5,0.0,160.0,107.31238195727079,107.31238195727079,5.649261224939744
single-blocker,12,222,safe,192,21.0,0.0,192.0,120.1978375468853,120.1978375468853,5.832104609707439
single-blocker,12,222,safe,224,24.5,0.0,224.0,132.0310352083931,132.0310352083931,5.986627913082163
single-blocker,12,222,safe,256,28.0,0.0,256.0,143.03333360981438,143.03333360981438,6.120438712817281
single-blocker,12,222,safe,288,31.5,0.0,288.0,153.35798108855585,153.35798108855585,6.238439029233648
single-blocker,12,222,safe,320,35.0,0.0,320.0,163.1162631808352,163.1162631808352,6.343973346894013
single-blocker,12,222,safe,352,38.5,0.0,352.0,172.39200998111025,172.39200998111025,6.43942571339101
single-blocker,12,222,safe,384,42.0,0.0,384.0,181.25023096678382,181.25023096678382,6.5265555690159704
single-blocker,12,222,safe,416,45.5,0.0,416.0,189.74254455085054,189.74254455085054,6.6066985205464555
single-blocker,12,222,safe,448,49.0,0.0,448.0,197.91074640079475,197.91074640079475,6.680892410683006
single-blocker,12,222,safe,480,52.5,0.0,480.0,205.78924141297622,205.78924141297622,6.7499597404471405
single-blocker,12,222,safe,512,56.0,0.0,512.0,213.40675252840046,213.40675252840046,6.81456340954972
single-blocker,12,222,known,32,0.0,18.0,54.0,53.96821681185914,53.96821681185914,7.672603900199249
single-blocker,12,222,known,64,0.0,36.0,114.0,104.79647052539583,104.79647052539583,9.207471242035192
single-blocker,12,222,known,96,0.0,54.0,169.0,140.07667230043518,140.07667230043518,9.997156634457983
single-blocker,12,222,known,128,0.0,72.0,225.0,170.36322793111094,170.36322793111094,10.572097740144608
single-blocker,12,222,known,160,0.0,90.0,284.0,198.4381881351935,198.4381881351935,11.042720777715335
single-blocker,12,222,known,192,0.0,108.0,343.0,223.654170797299,223.654170797299,11.423285198351307
single-blocker,12,222,known,224,0.0,126.0,395.0,243.9093570458021,243.9093570458021,11.702580308008162
single-blocker,12,222,known,256,0.0,144.0,452.0,264.76246074852156,264.76246074852156,11.973215847311756
single-blocker,12,222,known,288,0.0,162.0,509.0,284.31776872459136,284.31776872459136,12.211553246000728
single-blocker,12,222,known,320,0.0,180.0,561.0,301.0847833732862,301.0847833732862,12.403909821714114
single-blocker,12,222,known,352,0.0,198.0,617.0,318.39221473014516,318.39221473014516,12.594483225165696
single-blocker,12,222,known,384,0.0,216.0,675.0,335.5456425865293,335.5456425865293,12.775375303946356
single-blocker,12,222,known,416,0.0,234.0,731.0,351.36775929261495,351.36775929261495,12.93489868284504
single-blocker,12,222,known,448,0.0,252.0,784.0,365.7207707911198,365.7207707911198,13.073730402167808
single-blocker,12,222,known,480,0.0,270.0,839.0,380.152694659691,380.152694659691,13.209104389585972
single-blocker,12,222,known,512,0.0,288.0,893.0,393.84278716686663,393.84278716686663,13.333265539545108
single-blocker,12,222,product,32,0.0,18.0,54.0,53.96821681185914,53.96821681185914,7.672603900199249
single-blocker,12,222,product,64,0.0,36.0,114.0,104.79647052539583,104.79647052539583,9.207471242035192
single-blocker,12,222,product,96,0.0,54.0,169.0,140.07667230043518,140.07667230043518,9.997156634457983
single-blocker,12,222,product,128,0.0,72.0,225.0,170.36322793111094,170.36322793111094,10.572097740144608
single-blocker,12,222,product,160,0.0,90.0,284.0,198.4381881351935,198.4381881351935,11.042720777715335
single-blocker,12,222,product,192,0.0,108.0,343.0,223.654170797299,223.654170797299,11.423285198351307
single-blocker,12,222,product,224,0.0,126.0,395.0,243.9093570458021,243.9093570458021,11.702580308008162
single-blocker,12,222,product,256,0.0,144.0,452.0,264.76246074852156,264.76246074852156,11.973215847311756
single-blocker,12,222,product,288,0.0,162.0,509.0,284.31776872459136,284.31776872459136,12.211553246000728
single-blocker,12,222,product,320,0.0,180.0,561.0,301.0847833732862,301.0847833732862,12.403909821714114
single-blocker,12,222,product,352,0.0,198.0,617.0,318.39221473014516,318.39221473014516,12.594483225165696
single-blocker,12,222,product,384,0.0,216.0,675.0,335.5456425865293,335.5456425865293,12.775375303946356
single-blocker,12,222,product,416,0.0,234.0,731.0,351.36775929261495,351.36775929261495,12.93489868284504
single-blocker,12,222,product,448,0.0,252.0,784.0,365.7207707911198,365.7207707911198,13.073730402167808
single-blocker,12,222,product,480,0.0,270.0,839.0,380.152694659691,380.152694659691,13.209104389585972
single-blocker,12,222,product,512,0.0,288.0,893.0,393.84278716686663,393.84278716686663,13.333265539545108
outcome-lag-64,14,222,prefix,32,3.5,23.0,64.0,64.0,64.0,37.52638827237129
outcome-lag-64,14,222,prefix,64,7.0,46.0,128.0,128.0,128.0,76.70118334487816
outcome-lag-64,14,222,prefix,96,9.625,68.5,191.83363249648556,191.5218064194248,191.5218064194248,109.14610471994722
outcome-lag-64,14,222,prefix,128,9.625,89.5,247.35568374441593,249.30397520494728,246.90525351371647,136.95248412141638
outcome-lag-64,14,222,prefix,160,10.9375,111.25,293.0633837786287,298.1722668170964,292.5637212447003,155.5898528306399
outcome-lag-64,14,222,prefix,192,14.4375,134.25,330.1519929767256,337.6432306292843,329.57774130915374,165.0024535847027
outcome-lag-64,14,222,prefix,224,17.828125,157.1875,363.8573561311446,374.7176904530203,363.2831044635728,174.03672843896283
outcome-lag-64,14,222,prefix,256,17.828125,178.1875,395.20700711088307,412.611800754814,394.6327554433112,184.92242915249417
outcome-lag-64,14,222,prefix,288,17.828125,199.1875,424.65852138205673,449.73463015025976,424.0842697144849,197.26736132704582
outcome-lag-64,14,222,prefix,320,17.828125,220.1875,451.17690266955566,481.90350080664047,450.6026510019838,206.2024473990691
outcome-lag-64,14,222,prefix,352,17.828125,241.1875,475.9407586924133,512.6190633077737,475.36650702484144,215.18891483813866
outcome-lag-64,14,222,prefix,384,17.828125,262.1875,499.0522550905489,541.5145527604618,498.47800342297705,223.3751032759149
outcome-lag-64,14,222,prefix,416,17.828125,283.1875,520.8285849384049,569.8498336733389,520.2543332708331,232.01735850862875
outcome-lag-64,14,222,prefix,448,17.828125,304.1875,541.7088669376277,596.4183584836155,541.1346152700559,239.30797569631426
outcome-lag-64,14,222,prefix,480,17.828125,325.1875,561.7234863460026,620.6803175296816,561.1492346784307,244.97386376913158
outcome-lag-64,14,222,prefix,512,17.828125,346.1875,580.7458971586154,643.4051686803767,580.1716454910436,249.96671073127044
outcome-lag-64,14,222,intersection,32,3.5,23.0,64.0,64.0,64.0,37.52638827237129
outcome-lag-64,14,222,intersection,64,7.0,46.0,128.0,128.0,128.0,76.70118334487816
outcome-lag-64,14,222,intersection,96,9.515625,68.4375,191.83363249648556,191.5218064194248,191.5218064194248,109.14610471994722
outcome-lag-64,14,222,intersection,128,9.515625,89.4375,247.35568374441593,249.30397520494728,246.90525351371647,136.95248412141638
outcome-lag-64,14,222,intersection,160,10.828125,111.1875,293.0633837786287,298.1722668170964,292.5637212447003,155.5898528306399
outcome-lag-64,14,222,intersection,192,11.046875,132.3125,332.078022553149,341.41631040683563,331.5783600192206,168.048630716681
outcome-lag-64,14,222,intersection,224,11.046875,153.3125,366.00868577644263,380.4751678471747,365.5090232425142,179.03572437551733
outcome-lag-64,14,222,intersection,256,11.046875,174.3125,396.88971798826447,418.96928547914285,396.39005545433605,191.79515137448186
outcome-lag-64,14,222,intersection,288,11.046875,195.3125,424.7843293485489,454.49889032671274,424.2846668146205,203.59679112163866
outcome-lag-64,14,222,intersection,320,11.046875,216.3125,450.73108100039684,485.83494017532206,450.23141846646837,211.8441454222893
outcome-lag-64,14,222,intersection,352,11.046875,237.3125,474.4447268142598,515.1506933911221,473.94506428033134,220.07026900931564
outcome-lag-64,14,222,intersection,384,11.046875,258.3125,496.9997887496511,543.2352165963172,496.5001262157226,227.75549210278547
outcome-lag-64,14,222,intersection,416,11.046875,279.3125,518.2810711820257,570.754094943184,517.7814086480972,235.8771622910398
outcome-lag-64,14,222,intersection,448,11.046875,300.3125,539.0958520107328,597.0192549527725,538.5961894768043,242.83771049090433
outcome-lag-64,14,222,intersection,480,11.046875,321.3125,559.1094973488906,621.133826220606,558.6098348149621,248.3250544512905
outcome-lag-64,14,222,intersection,512,11.046875,342.3125,577.996663650475,643.6137206151428,577.4970011165466,253.1680577383327
outcome-lag-64,14,222,completed,32,3.5,23.0,64.0,64.0,64.0,37.52638827237129
outcome-lag-64,14,222,completed,64,5.90625,40.5,122.0,122.0,122.0,74.17459847846787
outcome-lag-64,14,222,completed,96,6.453125,60.1875,183.83363249648556,183.5920389989123,183.5920389989123,108.55030994828637
outcome-lag-64,14,222,completed,128,7.0,81.5,238.97558367280703,241.23854982238652,238.7153223071312,134.66588951688078
outcome-lag-64,14,222,completed,160,10.390625,104.4375,284.5467872629433,291.0146039993835,284.2865258972675,151.11140433961089
outcome-lag-64,14,222,completed,192,10.390625,125.4375,323.66990215789485,334.41265589425683,323.409640792219,163.24777322694663
outcome-lag-64,14,222,completed,224,11.265625,146.9375,357.94670741873426,373.8036103942914,357.68644605305843,174.20643722656925
outcome-lag-64,14,222,completed,256,11.265625,167.9375,389.1971496120254,412.577975106563,388.93688824634955,186.96969557233493
outcome-lag-64,14,222,completed,288,11.921875,189.3125,417.4702541574384,447.8448124121573,417.20999279176255,197.9155050988417
outcome-lag-64,14,222,completed,320,11.921875,210.3125,443.67995717626104,479.4413738753491,443.4196958105852,206.24255990537748
outcome-lag-64,14,222,completed,352,11.921875,231.3125,467.64935878318437,509.0403791503458,467.38909741750854,214.52579965445972
outcome-lag-64,14,222,completed,384,11.921875,252.3125,490.44400575398384,537.4475678975145,490.183744388308,222.37236835220568
outcome-lag-64,14,222,completed,416,11.921875,273.3125,511.9310732086603,565.2715796689619,511.6708118429845,230.65550193935445
outcome-lag-64,14,222,completed,448,11.921875,294.3125,532.874380618796,591.7448092726877,532.6141192531202,237.73144405507892
outcome-lag-64,14,222,completed,480,11.921875,315.3125,552.99475517669,616.0198096081191,552.7344938110142,243.2964678172372
outcome-lag-64,14,222,completed,512,11.921875,336.3125,571.993685442952,638.6529622197661,571.7334240772763,248.20331368133935
outcome-lag-64,14,222,plugin,32,6.03125,6.625,41.0,41.0,41.0,21.42699544734885
outcome-lag-64,14,222,plugin,64,14.78125,6.625,73.0,73.0,73.0,38.231550857044745
outcome-lag-64,14,222,plugin,96,17.4375,18.375,123.83363249648554,123.59203899891229,123.59203899891229,59.979166500276634
outcome-lag-64,14,222,plugin,128,26.1875,18.375,148.39274377148686,150.48479991216152,148.15115027391363,70.910657195634
outcome-lag-64,14,222,plugin,160,28.46875,34.0,186.2910488389955,191.38195675077964,186.04945534142223,83.60385631347337
outcome-lag-64,14,222,plugin,192,28.96875,49.0,225.18520908154395,231.9604288544209,224.94361558397068,94.37281050253604
outcome-lag-64,14,222,plugin,224,30.6875,67.25,266.65924090165,276.24229222387396,266.4176474040767,107.15177302240185
outcome-lag-64,14,222,plugin,256,31.1875,82.25,300.7839957334191,317.38635430251605,300.5424022358458,122.35017029055658
outcome-lag-64,14,222,plugin,288,32.34375,99.0,333.361355242848,356.71687201393235,333.11976174527473,134.50656217973318
outcome-lag-64,14,222,plugin,320,32.84375,114.0,355.8205470794781,384.39586205394016,355.57895358190484,143.0660119060312
outcome-lag-64,14,222,plugin,352,33.71875,131.375,383.72415766424757,417.45731762507245,383.4825641666743,151.2169138527367
outcome-lag-64,14,222,plugin,384,34.21875,146.375,405.066254261493,444.2412294790816,404.8246607639197,159.14052068497207
outcome-lag-64,14,222,plugin,416,34.53125,163.625,427.3162373327035,473.0822992783532,427.07464383513025,167.98770397089723
outcome-lag-64,14,222,plugin,448,34.625,183.5,452.7241877719913,504.66060057437375,452.48259427441803,176.4355401955908
outcome-lag-64,14,222,plugin,480,34.953125,200.5625,471.75822551619086,527.84220766864,471.51191545042565,182.26593445378262
outcome-lag-64,14,222,plugin,512,34.953125,221.5625,494.2011508154419,554.0486521270466,493.9548407496767,187.916742793802
outcome-lag-64,14,222,safe,32,8.75,0.0,32.0,32.0,32.0,15.843662114015515
outcome-lag-64,14,222,safe,64,17.5,0.0,64.0,64.0,64.0,32.648217523711416
outcome-lag-64,14,222,safe,96,26.25,0.0,95.83363249648554,95.59203899891229,95.59203899891229,47.08424521499156
outcome-lag-64,14,222,safe,128,35.0,0.0,120.39274377148693,122.48479991216156,120.15115027391369,58.01573591034893
outcome-lag-64,14,222,safe,160,43.75,0.0,139.29104883899558,144.38195675077972,139.04945534142234,65.85789258144776
outcome-lag-64,14,222,safe,192,52.5,0.0,155.18520908154403,161.960428854421,154.9436155839708,70.73375248024222
outcome-lag-64,14,222,safe,224,61.25,0.0,169.17960879100815,178.24297819678475,168.93801529343492,75.3376274644729
outcome-lag-64,14,222,safe,256,70.0,0.0,181.82764444468106,193.81680036859194,181.58605094710782,80.04296203459397
outcome-lag-64,14,222,safe,288,78.75,0.0,193.4936537769871,208.01754671182206,193.25206027941385,84.037061215499
outcome-lag-64,14,222,safe,320,87.5,0.0,204.3322491592115,220.86506463595487,204.09065566163827,87.23183136501272
outcome-lag-64,14,222,safe,352,96.25,0.0,214.528065536419,232.99089738869375,214.28647203884577,90.17736968397354
outcome-lag-64,14,222,safe,384,105.0,0.0,224.14954450977532,244.97066535234265,223.9079510122021,93.38604651757372
outcome-lag-64,14,222,safe,416,113.75,0.0,233.32386867062826,256.73391787609546,233.08227517305502,96.73712840879023
outcome-lag-64,14,222,safe,448,122.5,0.0,242.08431887571973,267.72430756602165,241.8427253781465,99.6335101389086
outcome-lag-64,14,222,safe,480,131.25,0.0,250.4909713994912,277.6942826236518,250.24937790191797,101.79405751412135
outcome-lag-64,14,222,safe,512,140.0,0.0,258.5746668965268,287.19670862632427,258.3330733989536,103.7435760704721
outcome-lag-64,14,222,known,32,0.0,21.0,64.0,64.0,64.0,39.6794474715888
outcome-lag-64,14,222,known,64,0.0,42.0,128.0,128.0,128.0,78.44942113106146
outcome-lag-64,14,222,known,96,0.0,63.0,191.83363249648556,191.5920389989123,191.5920389989123,110.15423630427556
outcome-lag-64,14,222,known,128,0.0,84.0,246.30820241197787,250.47323969276428,246.0666089144046,134.85026385307125
outcome-lag-64,14,222,known,160,0.0,105.0,291.4951913334796,302.21844907045977,290.73715237320846,152.38376717219452
outcome-lag-64,14,222,known,192,0.0,126.0,329.16495365003595,344.45922031928353,328.0997086444664,164.45300950654973
outcome-lag-64,14,222,known,224,0.0,147.0,362.1347421399684,382.51904482974317,361.05785232442094,175.00291596151638
outcome-lag-64,14,222,known,256,0.0,168.0,391.2145923731227,418.56397978323054,390.0948445275766,186.14648312795615
outcome-lag-64,14,222,known,288,0.0,189.0,417.443334013276,451.79033825375444,416.3235861677299,196.51627257017108
outcome-lag-64,14,222,known,320,0.0,210.0,443.6727432407577,483.1004735603179,442.5529953952116,204.2700774146695
outcome-lag-64,14,222,known,352,0.0,231.0,466.51317185098594,511.12327517556315,465.39342400543984,211.76395558646834
outcome-lag-64,14,222,known,384,0.0,252.0,488.81381295862445,538.6590844897721,487.69406511307835,218.99504877038524
outcome-lag-64,14,222,known,416,0.0,273.0,509.78322846801467,565.4931991339082,508.66348062246857,226.58491693380435
outcome-lag-64,14,222,known,448,0.0,294.0,530.922847222423,591.8264420722973,529.8030993768767,233.25639273967988
outcome-lag-64,14,222,known,480,0.0,315.0,551.3038753135631,616.1511048136642,550.1841274680169,238.64366180207875
outcome-lag-64,14,222,known,512,0.0,336.0,570.2600502837217,638.5834164526693,569.1403024381755,243.38778958793333
outcome-lag-64,14,222,product,32,0.0,21.0,64.0,64.0,64.0,39.6794474715888
outcome-lag-64,14,222,product,64,0.0,42.0,128.0,128.0,128.0,78.44942113106146
outcome-lag-64,14,222,product,96,0.0,63.0,191.83363249648556,191.5920389989123,191.5920389989123,110.15423630427556
outcome-lag-64,14,222,product,128,0.0,84.0,246.30820241197787,250.47323969276428,246.0666089144046,134.85026385307125
outcome-lag-64,14,222,product,160,0.0,105.0,291.4951913334796,302.21844907045977,290.73715237320846,152.38376717219452
outcome-lag-64,14,222,product,192,0.0,126.0,329.16495365003595,344.45922031928353,328.0997086444664,164.45300950654973
outcome-lag-64,14,222,product,224,0.0,147.0,362.1347421399684,382.51904482974317,361.05785232442094,175.00291596151638
outcome-lag-64,14,222,product,256,0.0,168.0,391.2145923731227,418.56397978323054,390.0948445275766,186.14648312795615
outcome-lag-64,14,222,product,288,0.0,189.0,417.443334013276,451.79033825375444,416.3235861677299,196.51627257017108
outcome-lag-64,14,222,product,320,0.0,210.0,443.6727432407577,483.1004735603179,442.5529953952116,204.2700774146695
outcome-lag-64,14,222,product,352,0.0,231.0,466.51317185098594,511.12327517556315,465.39342400543984,211.76395558646834
outcome-lag-64,14,222,product,384,0.0,252.0,488.81381295862445,538.6590844897721,487.69406511307835,218.99504877038524
outcome-lag-64,14,222,product,416,0.0,273.0,509.78322846801467,565.4931991339082,508.66348062246857,226.58491693380435
outcome-lag-64,14,222,product,448,0.0,294.0,530.922847222423,591.8264420722973,529.8030993768767,233.25639273967988
outcome-lag-64,14,222,product,480,0.0,315.0,551.3038753135631,616.1511048136642,550.1841274680169,238.64366180207875
outcome-lag-64,14,222,product,512,0.0,336.0,570.2600502837217,638.5834164526693,569.1403024381755,243.38778958793333
single-blocker,14,222,prefix,32,3.5,23.0,64.0,63.96821681185914,63.96821681185914,10.12653670652336
single-blocker,14,222,prefix,64,7.0,46.0,128.0,119.45897435792276,119.45897435792276,12.52568214292087
single-blocker,14,222,prefix,96,10.5,69.0,192.0,165.2085924709284,165.2085924709284,13.837944554097046
single-blocker,14,222,prefix,128,14.0,92.0,256.0,202.19527381088486,202.19527381088486,14.609649953124993
single-blocker,14,222,prefix,160,17.5,115.0,320.0,236.12360619251703,236.12360619251703,15.279935856551639
single-blocker,14,222,prefix,192,21.0,138.0,384.0,265.69955779891916,265.69955779891916,15.784446444926312
single-blocker,14,222,prefix,224,24.5,161.0,448.0,294.8250264224677,294.8250264224677,16.290309745182448
single-blocker,14,222,prefix,256,28.0,184.0,512.0,319.7554722710952,319.7554722710952,16.64795805513531
single-blocker,14,222,prefix,288,31.5,207.0,576.0,344.6198952200438,344.6198952200438,17.01640546879868
single-blocker,14,222,prefix,320,35.0,230.0,640.0,367.82087073069323,367.82087073069323,17.33555973758438
single-blocker,14,222,prefix,352,38.5,253.0,704.0,390.36630459890773,390.36630459890773,17.639555246695405
single-blocker,14,222,prefix,384,42.0,276.0,768.0,412.7387525275468,412.7387525275468,17.94118271504848
single-blocker,14,222,prefix,416,45.5,299.0,832.0,432.4214646024509,432.4214646024509,18.16709983131576
single-blocker,14,222,prefix,448,49.0,322.0,896.0,451.3548229261716,451.3548229261716,18.376773051768584
single-blocker,14,222,prefix,480,52.5,345.0,960.0,470.03245745883197,470.03245745883197,18.58344384365992
single-blocker,14,222,prefix,512,56.0,368.0,1024.0,488.6739213004839,488.6739213004839,18.79179612179831
single-blocker,14,222,intersection,32,2.84375,22.625,64.0,63.96821681185914,63.96821681185914,10.354393849380504
single-blocker,14,222,intersection,64,2.84375,43.625,128.0,121.29725752745715,121.29725752745715,12.778717927032382
single-blocker,14,222,intersection,96,4.15625,65.375,192.0,168.42752165004518,168.42752165004518,14.012274164350352
single-blocker,14,222,intersection,128,7.65625,88.375,256.0,207.08984996602038,207.08984996602038,14.845503404608909
single-blocker,14,222,intersection,160,11.15625,111.375,320.0,240.9442642307754,240.9442642307754,15.489842488864443
single-blocker,14,222,intersection,192,11.921875,132.8125,384.0,272.9104771908832,272.9104771908832,16.072597839486416
single-blocker,14,222,intersection,224,11.921875,153.8125,448.0,302.255711739655,302.255711739655,16.562578629742827
single-blocker,14,222,intersection,256,11.921875,174.8125,512.0,329.0926995108072,329.0926995108072,16.970861812295603
single-blocker,14,222,intersection,288,11.921875,195.8125,576.0,353.7530578090294,353.7530578090294,17.314558038586483
single-blocker,14,222,intersection,320,11.921875,216.8125,640.0,377.2010213946008,377.2010213946008,17.6266479201599
single-blocker,14,222,intersection,352,11.921875,237.8125,704.0,398.92040197780733,398.92040197780733,17.893141094499367
single-blocker,14,222,intersection,384,11.921875,258.8125,768.0,419.73184871026984,419.73184871026984,18.139030092092764
single-blocker,14,222,intersection,416,11.921875,279.8125,832.0,439.51392100239207,439.51392100239207,18.36126707855236
single-blocker,14,222,intersection,448,11.921875,300.8125,896.0,459.00177014365187,459.00177014365187,18.57935093106759
single-blocker,14,222,intersection,480,11.921875,321.8125,960.0,477.7975102883918,477.7975102883918,18.782520278854403
single-blocker,14,222,intersection,512,11.921875,342.8125,1024.0,495.6635167549242,495.6635167549242,18.965333836760614
single-blocker,14,222,completed,32,2.734375,22.5625,64.0,63.96821681185914,63.96821681185914,10.354393849380504
single-blocker,14,222,completed,64,2.734375,43.5625,128.0,121.29725752745715,121.29725752745715,12.778717927032382
single-blocker,14,222,completed,96,4.265625,65.4375,192.0,168.41905442106696,168.41905442106696,14.011830901939003
single-blocker,14,222,completed,128,7.765625,88.4375,256.0,206.95038656363675,206.95038656363675,14.83905345620849
single-blocker,14,222,completed,160,11.265625,111.4375,320.0,240.77872467988539,240.77872467988539,15.482893336322062
single-blocker,14,222,completed,192,12.03125,132.875,384.0,272.8058766744414,272.8058766744414,16.068626884188024
single-blocker,14,222,completed,224,12.03125,153.875,448.0,302.21159106998476,302.21159106998476,16.561039170984106
single-blocker,14,222,completed,256,12.03125,174.875,512.0,329.0983579320706,329.0983579320706,16.971046382247593
single-blocker,14,222,completed,288,12.03125,195.875,576.0,353.7990775162385,353.7990775162385,17.315980862646914
single-blocker,14,222,completed,320,12.03125,216.875,640.0,377.2539121407391,377.2539121407391,17.62820418512398
single-blocker,14,222,completed,352,12.03125,237.875,704.0,398.99763901311593,398.99763901311593,17.89532640918467
single-blocker,14,222,completed,384,12.03125,258.875,768.0,419.8212342034799,419.8212342034799,18.14146799721522
single-blocker,14,222,completed,416,12.03125,279.875,832.0,439.61473433860294,439.61473433860294,18.36392916742132
single-blocker,14,222,completed,448,12.03125,300.875,896.0,459.10227105384735,459.10227105384735,18.58191492313859
single-blocker,14,222,completed,480,12.03125,321.875,960.0,477.8974266693731,477.8974266693731,18.7849887167666
single-blocker,14,222,completed,512,12.03125,342.875,1024.0,495.7673007366449,495.7673007366449,18.967828395608766
single-blocker,14,222,plugin,32,1.53125,21.875,64.0,63.96821681185914,63.96821681185914,10.659536515227838
single-blocker,14,222,plugin,64,1.53125,42.875,128.0,121.04745485487554,121.04745485487554,12.757244816715458
single-blocker,14,222,plugin,96,1.53125,63.875,192.0,167.18244672786003,167.18244672786003,13.946331646190712
single-blocker,14,222,plugin,128,1.53125,84.875,256.0,205.39421751327887,205.39421751327887,14.766050433822448
single-blocker,14,222,plugin,160,1.53125,105.875,320.0,240.02659742763467,240.02659742763467,15.45109817047074
single-blocker,14,222,plugin,192,1.53125,126.875,384.0,270.65564893768817,270.65564893768817,15.985705106002381
single-blocker,14,222,plugin,224,1.53125,147.875,448.0,298.5819789253262,298.5819789253262,16.43135228296265
single-blocker,14,222,plugin,256,1.53125,168.875,512.0,323.9210325732247,323.9210325732247,16.796757811933833
single-blocker,14,222,plugin,288,1.53125,189.875,576.0,347.1929682740913,347.1929682740913,17.10376628047383
single-blocker,14,222,plugin,320,1.53125,210.875,640.0,370.92215212884463,370.92215212884463,17.43529662300036
single-blocker,14,222,plugin,352,1.53125,231.875,704.0,391.77038517448347,391.77038517448347,17.68284359401889
single-blocker,14,222,plugin,384,1.53125,252.875,768.0,412.3029867397804,412.3029867397804,17.928361393144836
single-blocker,14,222,plugin,416,1.53125,273.875,832.0,431.76865473871635,431.76865473871635,18.148505070788314
single-blocker,14,222,plugin,448,1.53125,294.875,896.0,451.5647281136071,451.5647281136071,18.38254197859013
single-blocker,14,222,plugin,480,1.53125,315.875,960.0,470.6341891782009,470.6341891782009,18.599408151780533
single-blocker,14,222,plugin,512,1.53125,336.875,1024.0,488.48158807656813,488.48158807656813,18.786858886649963
single-blocker,14,222,safe,32,8.75,0.0,32.0,31.968216811859147,31.968216811859147,4.02724519543652
single-blocker,14,222,safe,64,17.5,0.0,64.0,57.42435623340214,57.42435623340214,4.7282659037057675
single-blocker,14,222,safe,96,26.25,0.0,96.0,76.78319682780861,76.78319682780861,5.136346480888775
single-blocker,14,222,safe,128,35.0,0.0,128.0,93.03345515740088,93.03345515740088,5.425334592589174
single-blocker,14,222,safe,160,43.75,0.0,160.0,107.31238195727079,107.31238195727079,5.649261224939744
single-blocker,14,222,safe,192,52.5,0.0,192.0,120.1978375468853,120.1978375468853,5.832104609707439
single-blocker,14,222,safe,224,61.25,0.0,224.0,132.0310352083931,132.0310352083931,5.986627913082163
single-blocker,14,222,safe,256,70.0,0.0,256.0,143.03333360981438,143.03333360981438,6.120438712817281
single-blocker,14,222,safe,288,78.75,0.0,288.0,153.35798108855585,153.35798108855585,6.238439029233648
single-blocker,14,222,safe,320,87.5,0.0,320.0,163.1162631808352,163.1162631808352,6.343973346894013
single-blocker,14,222,safe,352,96.25,0.0,352.0,172.39200998111025,172.39200998111025,6.43942571339101
single-blocker,14,222,safe,384,105.0,0.0,384.0,181.25023096678382,181.25023096678382,6.5265555690159704
single-blocker,14,222,safe,416,113.75,0.0,416.0,189.74254455085054,189.74254455085054,6.6066985205464555
single-blocker,14,222,safe,448,122.5,0.0,448.0,197.91074640079475,197.91074640079475,6.680892410683006
single-blocker,14,222,safe,480,131.25,0.0,480.0,205.78924141297622,205.78924141297622,6.7499597404471405
single-blocker,14,222,safe,512,140.0,0.0,512.0,213.40675252840046,213.40675252840046,6.81456340954972
single-blocker,14,222,known,32,0.0,21.0,64.0,63.96821681185914,63.96821681185914,10.501572154167503
single-blocker,14,222,known,64,0.0,42.0,128.0,120.04266333381736,120.04266333381736,12.626004181451274
single-blocker,14,222,known,96,0.0,63.0,192.0,165.2085924709284,165.2085924709284,13.837944554097033
single-blocker,14,222,known,128,0.0,84.0,256.0,203.32040538380133,203.32040538380133,14.665675625443557
single-blocker,14,222,known,160,0.0,105.0,320.0,238.34068724647813,238.34068724647813,15.37846867392351
single-blocker,14,222,known,192,0.0,126.0,384.0,269.05610361870146,269.05610361870146,15.922356131678303
single-blocker,14,222,known,224,0.0,147.0,448.0,297.0171562760678,297.0171562760678,16.373490733551563
single-blocker,14,222,known,256,0.0,168.0,512.0,322.2842948435559,322.2842948435559,16.739261513992005
single-blocker,14,222,known,288,0.0,189.0,576.0,345.44637784953727,345.44637784953727,17.044775491664318
single-blocker,14,222,known,320,0.0,210.0,640.0,369.3429017691567,369.3429017691567,17.38496894921864
single-blocker,14,222,known,352,0.0,231.0,704.0,390.1187051359942,390.1187051359942,17.631848872609716
single-blocker,14,222,known,384,0.0,252.0,768.0,410.6713768766781,410.6713768766781,17.879804483001266
single-blocker,14,222,known,416,0.0,273.0,832.0,430.1372837174139,430.1372837174139,18.101464843020118
single-blocker,14,222,known,448,0.0,294.0,896.0,450.03787850895816,450.03787850895816,18.340292502050666
single-blocker,14,222,known,480,0.0,315.0,960.0,469.1960744680665,469.1960744680665,18.561094782190903
single-blocker,14,222,known,512,0.0,336.0,1024.0,487.0735988293358,487.0735988293358,18.7504352903095
single-blocker,14,222,product,32,0.0,21.0,64.0,63.96821681185914,63.96821681185914,10.501572154167503
single-blocker,14,222,product,64,0.0,42.0,128.0,120.04266333381736,120.04266333381736,12.626004181451274
single-blocker,14,222,product,96,0.0,63.0,192.0,165.2085924709284,165.2085924709284,13.837944554097033
single-blocker,14,222,product,128,0.0,84.0,256.0,203.32040538380133,203.32040538380133,14.665675625443557
single-blocker,14,222,product,160,0.0,105.0,320.0,238.34068724647813,238.34068724647813,15.37846867392351
single-blocker,14,222,product,192,0.0,126.0,384.0,269.05610361870146,269.05610361870146,15.922356131678303
single-blocker,14,222,product,224,0.0,147.0,448.0,297.0171562760678,297.0171562760678,16.373490733551563
single-blocker,14,222,product,256,0.0,168.0,512.0,322.2842948435559,322.2842948435559,16.739261513992005
single-blocker,14,222,product,288,0.0,189.0,576.0,345.44637784953727,345.44637784953727,17.044775491664318
single-blocker,14,222,product,320,0.0,210.0,640.0,369.3429017691567,369.3429017691567,17.38496894921864
single-blocker,14,222,product,352,0.0,231.0,704.0,390.1187051359942,390.1187051359942,17.631848872609716
single-blocker,14,222,product,384,0.0,252.0,768.0,410.6713768766781,410.6713768766781,17.879804483001266
single-blocker,14,222,product,416,0.0,273.0,832.0,430.1372837174139,430.1372837174139,18.101464843020118
single-blocker,14,222,product,448,0.0,294.0,896.0,450.03787850895816,450.03787850895816,18.340292502050666
single-blocker,14,222,product,480,0.0,315.0,960.0,469.1960744680665,469.1960744680665,18.561094782190903
single-blocker,14,222,product,512,0.0,336.0,1024.0,487.0735988293358,487.0735988293358,18.7504352903095
outcome-lag-64,16,222,prefix,32,0.0,21.0,64.0,64.0,64.0,45.948246178217055
outcome-lag-64,16,222,prefix,64,0.0,42.0,128.0,128.0,128.0,84.3936848916004
outcome-lag-64,16,222,prefix,96,0.0,63.0,191.717572689503,190.70301843718923,190.70301843718923,114.22127848924576
outcome-lag-64,16,222,prefix,128,0.0,84.0,246.8683067525214,247.51263875337025,245.49862969739166,134.4649339368543
outcome-lag-64,16,222,prefix,160,0.0,105.0,291.1097515272248,297.85173159961346,289.7289703558127,151.56595340754896
outcome-lag-64,16,222,prefix,192,0.0,126.0,326.9835460427358,342.72019818546573,325.5741739829044,167.92382712985645
outcome-lag-64,16,222,prefix,224,0.0,147.0,360.56538909448204,382.80726476976747,359.1557369442336,179.79007140096147
outcome-lag-64,16,222,prefix,256,0.0,168.0,389.86015786813465,418.829233012112,388.4505057178862,190.66310756470654
outcome-lag-64,16,222,prefix,288,0.0,189.0,418.05702628092143,453.42912864967974,416.647374130673,200.56550446894073
outcome-lag-64,16,222,prefix,320,0.0,210.0,444.05442123240897,485.48955399372426,442.6447690821605,209.4931053199209
outcome-lag-64,16,222,prefix,352,0.0,231.0,467.81721208372466,514.6736965159848,466.4075599334762,217.24673734360803
outcome-lag-64,16,222,prefix,384,0.0,252.0,490.68330623063974,542.4970211945391,489.2736540803913,224.2175294890999
outcome-lag-64,16,222,prefix,416,0.0,273.0,512.2731747220831,569.0197721831212,510.86352257183466,230.91939485523017
outcome-lag-64,16,222,prefix,448,0.0,294.0,533.1005670135099,594.0200317788498,531.6909148632615,236.66976124530328
outcome-lag-64,16,222,prefix,480,0.0,315.0,553.2463032270948,617.7812745577032,551.8366510768464,241.69120599972115
outcome-lag-64,16,222,prefix,512,0.0,336.0,573.5113606225336,641.7842669218417,572.1017084722852,246.8053633149709
outcome-lag-64,16,222,intersection,32,0.0,21.0,64.0,64.0,64.0,45.948246178217055
outcome-lag-64,16,222,intersection,64,0.0,42.0,128.0,128.0,128.0,84.3936848916004
outcome-lag-64,16,222,intersection,96,0.0,63.0,191.717572689503,190.70301843718923,190.70301843718923,114.22127848924576
outcome-lag-64,16,222,intersection,128,0.0,84.0,246.8683067525214,247.51263875337025,245.49862969739166,134.4649339368543
outcome-lag-64,16,222,intersection,160,0.0,105.0,291.1097515272248,297.85173159961346,289.7289703558127,151.56595340754896
outcome-lag-64,16,222,intersection,192,0.0,126.0,326.9835460427358,342.72019818546573,325.5741739829044,167.92382712985645
outcome-lag-64,16,222,intersection,224,0.0,147.0,360.56538909448204,382.80726476976747,359.1557369442336,179.79007140096147
outcome-lag-64,16,222,intersection,256,0.0,168.0,389.86015786813465,418.829233012112,388.4505057178862,190.66310756470654
outcome-lag-64,16,222,intersection,288,0.0,189.0,418.05702628092143,453.42912864967974,416.647374130673,200.56550446894073
outcome-lag-64,16,222,intersection,320,0.0,210.0,444.05442123240897,485.48955399372426,442.6447690821605,209.4931053199209
outcome-lag-64,16,222,intersection,352,0.0,231.0,467.81721208372466,514.6736965159848,466.4075599334762,217.24673734360803
outcome-lag-64,16,222,intersection,384,0.0,252.0,490.68330623063974,542.4970211945391,489.2736540803913,224.2175294890999
outcome-lag-64,16,222,intersection,416,0.0,273.0,512.2731747220831,569.0197721831212,510.86352257183466,230.91939485523017
outcome-lag-64,16,222,intersection,448,0.0,294.0,533.1005670135099,594.0200317788498,531.6909148632615,236.66976124530328
outcome-lag-64,16,222,intersection,480,0.0,315.0,553.2463032270948,617.7812745577032,551.8366510768464,241.69120599972115
outcome-lag-64,16,222,intersection,512,0.0,336.0,573.5113606225336,641.7842669218417,572.1017084722852,246.8053633149709
outcome-lag-64,16,222,completed,32,0.0,21.0,64.0,64.0,64.0,45.948246178217055
outcome-lag-64,16,222,completed,64,3.0078125,34.78125,117.0,117.0,117.0,77.6361479877787
outcome-lag-64,16,222,completed,96,4.703125,54.3125,177.717572689503,176.70301843718923,176.70301843718923,104.70352432973652
outcome-lag-64,16,222,completed,128,4.703125,75.3125,232.94317938845657,233.7372317794104,231.57350233332684,124.47564420528042
outcome-lag-64,16,222,completed,160,4.703125,96.3125,278.66483387481645,285.51085326526635,277.2951568196867,142.54530251825835
outcome-lag-64,16,222,completed,192,4.703125,117.3125,315.87078959482903,331.7966201646302,314.4556608323431,159.67610755715012
outcome-lag-64,16,222,completed,224,4.703125,138.3125,350.48755945113675,372.9981567402104,349.0672541340992,172.03565091944967
outcome-lag-64,16,222,completed,256,4.703125,159.3125,380.48364614603406,409.84641126560615,379.0633408289965,183.29972792970395
outcome-lag-64,16,222,completed,288,4.703125,180.3125,409.3030797507886,445.1566352816729,407.882774433751,193.49909925368485
outcome-lag-64,16,222,completed,320,4.703125,201.3125,435.7839780302133,477.79045753941176,434.36367271317573,202.6637511408847
outcome-lag-64,16,222,completed,352,4.703125,222.3125,459.90886782491793,507.4219841216018,458.4885625078804,210.5985950441352
outcome-lag-64,16,222,completed,384,4.703125,243.3125,483.0977405661891,535.6448296327,481.67743524915153,217.72305559481248
outcome-lag-64,16,222,completed,416,4.703125,264.3125,504.96020008302247,562.5177906996142,503.5398947659849,224.56458650271372
outcome-lag-64,16,222,completed,448,4.703125,285.3125,526.0326277989894,587.8230896593792,524.6123224819519,230.42697471064227
outcome-lag-64,16,222,completed,480,4.703125,306.3125,546.3999894628496,611.8500392161645,544.979684145812,235.5363611722962
outcome-lag-64,16,222,completed,512,4.703125,327.3125,566.8892096529161,636.1170366358293,565.4689043358785,240.73492089900984
outcome-lag-64,16,222,plugin,32,0.4765625,18.15625,59.0,59.0,59.0,41.373747431349884
outcome-lag-64,16,222,plugin,64,3.5390625,26.90625,101.0,101.0,101.0,66.0077132465309
outcome-lag-64,16,222,plugin,96,3.8984375,46.96875,161.717572689503,160.70301843718923,160.70301843718923,94.01174236094809
outcome-lag-64,16,222,plugin,128,3.8984375,67.96875,218.2241304671968,218.19005203930146,216.85445341206707,116.28158154032607
outcome-lag-64,16,222,plugin,160,4.3203125,83.90625,258.59258125780156,264.0276654841323,257.2229042026718,133.3126521165763
outcome-lag-64,16,222,plugin,192,4.3203125,104.90625,296.7228876638754,311.31647159732563,295.35321060874566,150.88654445632423
outcome-lag-64,16,222,plugin,224,4.3203125,125.90625,333.4890126166431,354.73107184937055,332.10616058101385,163.62087596890154
outcome-lag-64,16,222,plugin,256,4.3203125,146.90625,364.82836886154354,392.97414365527834,363.4455168259143,175.4081618021602
outcome-lag-64,16,222,plugin,288,4.3203125,167.90625,395.5370606447115,430.1335226652955,394.1542086090823,186.31019601685642
outcome-lag-64,16,222,plugin,320,4.3203125,188.90625,423.3313340272496,464.11247036729645,421.9484819916204,195.97570818421696
outcome-lag-64,16,222,plugin,352,4.3203125,209.90625,448.18985785251704,494.5277176879108,446.8070058168878,204.15634926772464
outcome-lag-64,16,222,plugin,384,4.3203125,230.90625,472.12974274058035,523.5601227413173,470.7468907049511,211.52011940694746
outcome-lag-64,16,222,plugin,416,4.3203125,251.90625,494.5862629149107,551.1080230760123,493.2034108792815,218.58356864601834
outcome-lag-64,16,222,plugin,448,4.3203125,272.90625,516.2282411940336,577.0393095465107,514.8453891584044,224.63182974175618
outcome-lag-64,16,222,plugin,480,4.3203125,293.90625,537.1333575645311,601.6341831623789,535.750505528902,229.88563057600723
outcome-lag-64,16,222,plugin,512,4.3203125,314.90625,558.2887366028474,626.6341287580839,556.9058845672182,235.30052469722844
outcome-lag-64,16,222,safe,32,8.75,0.0,32.0,32.0,32.0,17.40496662065731
outcome-lag-64,16,222,safe,64,17.5,0.0,64.0,64.0,64.0,33.4435869266141
outcome-lag-64,16,222,safe,96,26.25,0.0,95.71757268950292,94.70301843718919,94.70301843718919,46.699354297991974
outcome-lag-64,16,222,safe,128,35.0,0.0,120.25303416803546,120.19005203930139,118.88335711290567,56.22511768221231
outcome-lag-64,16,222,safe,160,43.75,0.0,138.97221614265186,142.1910725830525,137.60253908752205,64.17113805844409
outcome-lag-64,16,222,safe,192,52.5,0.0,154.90722949097398,161.79789139755894,153.53755243584416,71.07534466810368
outcome-lag-64,16,222,safe,224,61.25,0.0,168.92576761460202,178.24091893802685,167.5560905594722,75.83969785043843
outcome-lag-64,16,222,safe,256,70.0,0.0,181.5192971544929,193.3420289825566,180.1496200993631,80.07232029328198
outcome-lag-64,16,222,safe,288,78.75,0.0,193.18079162950704,208.0712306374349,191.81111457437723,84.59487478583519
outcome-lag-64,16,222,safe,320,87.5,0.0,204.02962054617288,221.7665737404968,202.65994349104307,88.63747011427807
outcome-lag-64,16,222,safe,352,96.25,0.0,214.22924266883248,234.33227281495815,212.85956561370267,92.0228747549614
outcome-lag-64,16,222,safe,384,105.0,0.0,223.8704086999462,246.05711340783319,222.5007316448164,94.97662421778779
outcome-lag-64,16,222,safe,416,113.75,0.0,233.03579381218307,257.2083776474463,231.66611675705326,97.71571782486465
outcome-lag-64,16,222,safe,448,122.5,0.0,241.79639315448338,267.6342126729942,240.42671609935357,100.04754489060461
outcome-lag-64,16,222,safe,480,131.25,0.0,250.19048594586437,277.57707344614647,248.82080889073455,102.18097798133937
outcome-lag-64,16,222,safe,512,140.0,0.0,258.2766273612315,287.49623430142947,256.9069503061016,104.54723139030068
outcome-lag-64,16,222,known,32,0.0,21.0,64.0,64.0,64.0,45.948246178217055
outcome-lag-64,16,222,known,64,0.0,42.0,128.0,128.0,128.0,84.3936848916004
outcome-lag-64,16,222,known,96,0.0,63.0,191.717572689503,190.70301843718923,190.70301843718923,114.22127848924576
outcome-lag-64,16,222,known,128,0.0,84.0,246.8683067525214,247.51263875337025,245.49862969739166,134.4649339368543
outcome-lag-64,16,222,known,160,0.0,105.0,291.1097515272248,297.85173159961346,289.7289703558127,151.56595340754896
outcome-lag-64,16,222,known,192,0.0,126.0,326.9835460427358,342.72019818546573,325.5741739829044,167.92382712985645
outcome-lag-64,16,222,known,224,0.0,147.0,360.56538909448204,382.80726476976747,359.1557369442336,179.79007140096147
outcome-lag-64,16,222,known,256,0.0,168.0,389.86015786813465,418.829233012112,388.4505057178862,190.66310756470654
outcome-lag-64,16,222,known,288,0.0,189.0,418.05702628092143,453.42912864967974,416.647374130673,200.56550446894073
outcome-lag-64,16,222,known,320,0.0,210.0,444.05442123240897,485.48955399372426,442.6447690821605,209.4931053199209
outcome-lag-64,16,222,known,352,0.0,231.0,467.81721208372466,514.6736965159848,466.4075599334762,217.24673734360803
outcome-lag-64,16,222,known,384,0.0,252.0,490.68330623063974,542.4970211945391,489.2736540803913,224.2175294890999
outcome-lag-64,16,222,known,416,0.0,273.0,512.2731747220831,569.0197721831212,510.86352257183466,230.91939485523017
outcome-lag-64,16,222,known,448,0.0,294.0,533.1005670135099,594.0200317788498,531.6909148632615,236.66976124530328
outcome-lag-64,16,222,known,480,0.0,315.0,553.2463032270948,617.7812745577032,551.8366510768464,241.69120599972115
outcome-lag-64,16,222,known,512,0.0,336.0,573.5113606225336,641.7842669218417,572.1017084722852,246.8053633149709
outcome-lag-64,16,222,product,32,0.0,21.0,64.0,64.0,64.0,45.948246178217055
outcome-lag-64,16,222,product,64,0.0,42.0,128.0,128.0,128.0,84.3936848916004
outcome-lag-64,16,222,product,96,0.0,63.0,191.717572689503,190.70301843718923,190.70301843718923,114.22127848924576
outcome-lag-64,16,222,product,128,0.0,84.0,246.8683067525214,247.51263875337025,245.49862969739166,134.4649339368543
outcome-lag-64,16,222,product,160,0.0,105.0,291.1097515272248,297.85173159961346,289.7289703558127,151.56595340754896
outcome-lag-64,16,222,product,192,0.0,126.0,326.9835460427358,342.72019818546573,325.5741739829044,167.92382712985645
outcome-lag-64,16,222,product,224,0.0,147.0,360.56538909448204,382.80726476976747,359.1557369442336,179.79007140096147
outcome-lag-64,16,222,product,256,0.0,168.0,389.86015786813465,418.829233012112,388.4505057178862,190.66310756470654
outcome-lag-64,16,222,product,288,0.0,189.0,418.05702628092143,453.42912864967974,416.647374130673,200.56550446894073
outcome-lag-64,16,222,product,320,0.0,210.0,444.05442123240897,485.48955399372426,442.6447690821605,209.4931053199209
outcome-lag-64,16,222,product,352,0.0,231.0,467.81721208372466,514.6736965159848,466.4075599334762,217.24673734360803
outcome-lag-64,16,222,product,384,0.0,252.0,490.68330623063974,542.4970211945391,489.2736540803913,224.2175294890999
outcome-lag-64,16,222,product,416,0.0,273.0,512.2731747220831,569.0197721831212,510.86352257183466,230.91939485523017
outcome-lag-64,16,222,product,448,0.0,294.0,533.1005670135099,594.0200317788498,531.6909148632615,236.66976124530328
outcome-lag-64,16,222,product,480,0.0,315.0,553.2463032270948,617.7812745577032,551.8366510768464,241.69120599972115
outcome-lag-64,16,222,product,512,0.0,336.0,573.5113606225336,641.7842669218417,572.1017084722852,246.8053633149709
single-blocker,16,222,prefix,32,0.0,21.0,64.0,63.96821681185914,63.96821681185914,10.501572154167503
single-blocker,16,222,prefix,64,0.0,42.0,128.0,120.53907305509675,120.53907305509675,12.697622192859422
single-blocker,16,222,prefix,96,0.0,63.0,192.0,165.8722805981451,165.8722805981451,13.875224515514939
single-blocker,16,222,prefix,128,0.0,84.0,256.0,205.85952373301075,205.85952373301075,14.78808056582736
single-blocker,16,222,prefix,160,0.0,105.0,320.0,239.81539000742174,239.81539000742174,15.442103461476034
single-blocker,16,222,prefix,192,0.0,126.0,384.0,268.79578580571894,268.79578580571894,15.911906396228579
single-blocker,16,222,prefix,224,0.0,147.0,448.0,297.49603004609924,297.49603004609924,16.391328323412072
single-blocker,16,222,prefix,256,0.0,168.0,512.0,323.018849756607,323.018849756607,16.76521595532046
single-blocker,16,222,prefix,288,0.0,189.0,576.0,348.0845225124574,348.0845225124574,17.133389977837275
single-blocker,16,222,prefix,320,0.0,210.0,640.0,371.53864888504654,371.53864888504654,17.454691857361887
single-blocker,16,222,prefix,352,0.0,231.0,704.0,393.2419460067214,393.2419460067214,17.727478480463223
single-blocker,16,222,prefix,384,0.0,252.0,768.0,414.3552171612759,414.3552171612759,17.988217101955556
single-blocker,16,222,prefix,416,0.0,273.0,832.0,434.41087157938557,434.41087157938557,18.22298589761363
single-blocker,16,222,prefix,448,0.0,294.0,896.0,453.88323022184557,453.88323022184557,18.445451334418163
single-blocker,16,222,prefix,480,0.0,315.0,960.0,472.83456684588066,472.83456684588066,18.656989934017567
single-blocker,16,222,prefix,512,0.0,336.0,1024.0,491.9407086399607,491.9407086399607,18.874296679209074
single-blocker,16,222,intersection,32,0.0,21.0,64.0,63.96821681185914,63.96821681185914,10.501572154167503
single-blocker,16,222,intersection,64,0.0,42.0,128.0,120.53907305509675,120.53907305509675,12.697622192859422
single-blocker,16,222,intersection,96,0.0,63.0,192.0,165.8722805981451,165.8722805981451,13.875224515514939
single-blocker,16,222,intersection,128,0.0,84.0,256.0,205.85952373301075,205.85952373301075,14.78808056582736
single-blocker,16,222,intersection,160,0.0,105.0,320.0,239.81539000742174,239.81539000742174,15.442103461476034
single-blocker,16,222,intersection,192,0.0,126.0,384.0,268.79578580571894,268.79578580571894,15.911906396228579
single-blocker,16,222,intersection,224,0.0,147.0,448.0,297.49603004609924,297.49603004609924,16.391328323412072
single-blocker,16,222,intersection,256,0.0,168.0,512.0,323.018849756607,323.018849756607,16.76521595532046
single-blocker,16,222,intersection,288,0.0,189.0,576.0,348.0845225124574,348.0845225124574,17.133389977837275
single-blocker,16,222,intersection,320,0.0,210.0,640.0,371.53864888504654,371.53864888504654,17.454691857361887
single-blocker,16,222,intersection,352,0.0,231.0,704.0,393.2419460067214,393.2419460067214,17.727478480463223
single-blocker,16,222,intersection,384,0.0,252.0,768.0,414.3552171612759,414.3552171612759,17.988217101955556
single-blocker,16,222,intersection,416,0.0,273.0,832.0,434.41087157938557,434.41087157938557,18.22298589761363
single-blocker,16,222,intersection,448,0.0,294.0,896.0,453.88323022184557,453.88323022184557,18.445451334418163
single-blocker,16,222,intersection,480,0.0,315.0,960.0,472.83456684588066,472.83456684588066,18.656989934017567
single-blocker,16,222,intersection,512,0.0,336.0,1024.0,491.9407086399607,491.9407086399607,18.874296679209074
single-blocker,16,222,completed,32,0.0,21.0,64.0,63.96821681185914,63.96821681185914,10.501572154167503
single-blocker,16,222,completed,64,0.0,42.0,128.0,120.53907305509675,120.53907305509675,12.697622192859422
single-blocker,16,222,completed,96,0.0,63.0,192.0,165.8722805981451,165.8722805981451,13.875224515514939
single-blocker,16,222,completed,128,0.0,84.0,256.0,205.85952373301075,205.85952373301075,14.78808056582736
single-blocker,16,222,completed,160,0.0,105.0,320.0,239.81539000742174,239.81539000742174,15.442103461476034
single-blocker,16,222,completed,192,0.0,126.0,384.0,268.79578580571894,268.79578580571894,15.911906396228579
single-blocker,16,222,completed,224,0.0,147.0,448.0,297.49603004609924,297.49603004609924,16.391328323412072
single-blocker,16,222,completed,256,0.0,168.0,512.0,323.018849756607,323.018849756607,16.76521595532046
single-blocker,16,222,completed,288,0.0,189.0,576.0,348.0845225124574,348.0845225124574,17.133389977837275
single-blocker,16,222,completed,320,0.0,210.0,640.0,371.53864888504654,371.53864888504654,17.454691857361887
single-blocker,16,222,completed,352,0.0,231.0,704.0,393.2419460067214,393.2419460067214,17.727478480463223
single-blocker,16,222,completed,384,0.0,252.0,768.0,414.3552171612759,414.3552171612759,17.988217101955556
single-blocker,16,222,completed,416,0.0,273.0,832.0,434.41087157938557,434.41087157938557,18.22298589761363
single-blocker,16,222,completed,448,0.0,294.0,896.0,453.88323022184557,453.88323022184557,18.445451334418163
single-blocker,16,222,completed,480,0.0,315.0,960.0,472.83456684588066,472.83456684588066,18.656989934017567
single-blocker,16,222,completed,512,0.0,336.0,1024.0,491.9407086399607,491.9407086399607,18.874296679209074
single-blocker,16,222,plugin,32,0.0,21.0,64.0,63.96821681185914,63.96821681185914,10.501572154167503
single-blocker,16,222,plugin,64,0.0,42.0,128.0,120.53907305509675,120.53907305509675,12.697622192859422
single-blocker,16,222,plugin,96,0.0,63.0,192.0,165.8722805981451,165.8722805981451,13.875224515514939
single-blocker,16,222,plugin,128,0.0,84.0,256.0,205.85952373301075,205.85952373301075,14.78808056582736
single-blocker,16,222,plugin,160,0.0,105.0,320.0,239.81539000742174,239.81539000742174,15.442103461476034
single-blocker,16,222,plugin,192,0.0,126.0,384.0,268.79578580571894,268.79578580571894,15.911906396228579
single-blocker,16,222,plugin,224,0.0,147.0,448.0,297.49603004609924,297.49603004609924,16.391328323412072
single-blocker,16,222,plugin,256,0.0,168.0,512.0,323.018849756607,323.018849756607,16.76521595532046
single-blocker,16,222,plugin,288,0.0,189.0,576.0,348.0845225124574,348.0845225124574,17.133389977837275
single-blocker,16,222,plugin,320,0.0,210.0,640.0,371.53864888504654,371.53864888504654,17.454691857361887
single-blocker,16,222,plugin,352,0.0,231.0,704.0,393.2419460067214,393.2419460067214,17.727478480463223
single-blocker,16,222,plugin,384,0.0,252.0,768.0,414.3552171612759,414.3552171612759,17.988217101955556
single-blocker,16,222,plugin,416,0.0,273.0,832.0,434.41087157938557,434.41087157938557,18.22298589761363
single-blocker,16,222,plugin,448,0.0,294.0,896.0,453.88323022184557,453.88323022184557,18.445451334418163
single-blocker,16,222,plugin,480,0.0,315.0,960.0,472.83456684588066,472.83456684588066,18.656989934017567
single-blocker,16,222,plugin,512,0.0,336.0,1024.0,491.9407086399607,491.9407086399607,18.874296679209074
single-blocker,16,222,safe,32,8.75,0.0,32.0,31.968216811859147,31.968216811859147,4.02724519543652
single-blocker,16,222,safe,64,17.5,0.0,64.0,57.42435623340214,57.42435623340214,4.7282659037057675
single-blocker,16,222,safe,96,26.25,0.0,96.0,76.78319682780861,76.78319682780861,5.136346480888775
single-blocker,16,222,safe,128,35.0,0.0,128.0,93.03345515740088,93.03345515740088,5.425334592589174
single-blocker,16,222,safe,160,43.75,0.0,160.0,107.31238195727079,107.31238195727079,5.649261224939744
single-blocker,16,222,safe,192,52.5,0.0,192.0,120.1978375468853,120.1978375468853,5.832104609707439
single-blocker,16,222,safe,224,61.25,0.0,224.0,132.0310352083931,132.0310352083931,5.986627913082163
single-blocker,16,222,safe,256,70.0,0.0,256.0,143.03333360981438,143.03333360981438,6.120438712817281
single-blocker,16,222,safe,288,78.75,0.0,288.0,153.35798108855585,153.35798108855585,6.238439029233648
single-blocker,16,222,safe,320,87.5,0.0,320.0,163.1162631808352,163.1162631808352,6.343973346894013
single-blocker,16,222,safe,352,96.25,0.0,352.0,172.39200998111025,172.39200998111025,6.43942571339101
single-blocker,16,222,safe,384,105.0,0.0,384.0,181.25023096678382,181.25023096678382,6.5265555690159704
single-blocker,16,222,safe,416,113.75,0.0,416.0,189.74254455085054,189.74254455085054,6.6066985205464555
single-blocker,16,222,safe,448,122.5,0.0,448.0,197.91074640079475,197.91074640079475,6.680892410683006
single-blocker,16,222,safe,480,131.25,0.0,480.0,205.78924141297622,205.78924141297622,6.7499597404471405
single-blocker,16,222,safe,512,140.0,0.0,512.0,213.40675252840046,213.40675252840046,6.81456340954972
single-blocker,16,222,known,32,0.0,21.0,64.0,63.96821681185914,63.96821681185914,10.501572154167503
single-blocker,16,222,known,64,0.0,42.0,128.0,120.53907305509675,120.53907305509675,12.697622192859422
single-blocker,16,222,known,96,0.0,63.0,192.0,165.8722805981451,165.8722805981451,13.875224515514939
single-blocker,16,222,known,128,0.0,84.0,256.0,205.85952373301075,205.85952373301075,14.78808056582736
single-blocker,16,222,known,160,0.0,105.0,320.0,239.81539000742174,239.81539000742174,15.442103461476034
single-blocker,16,222,known,192,0.0,126.0,384.0,268.79578580571894,268.79578580571894,15.911906396228579
single-blocker,16,222,known,224,0.0,147.0,448.0,297.49603004609924,297.49603004609924,16.391328323412072
single-blocker,16,222,known,256,0.0,168.0,512.0,323.018849756607,323.018849756607,16.76521595532046
single-blocker,16,222,known,288,0.0,189.0,576.0,348.0845225124574,348.0845225124574,17.133389977837275
single-blocker,16,222,known,320,0.0,210.0,640.0,371.53864888504654,371.53864888504654,17.454691857361887
single-blocker,16,222,known,352,0.0,231.0,704.0,393.2419460067214,393.2419460067214,17.727478480463223
single-blocker,16,222,known,384,0.0,252.0,768.0,414.3552171612759,414.3552171612759,17.988217101955556
single-blocker,16,222,known,416,0.0,273.0,832.0,434.41087157938557,434.41087157938557,18.22298589761363
single-blocker,16,222,known,448,0.0,294.0,896.0,453.88323022184557,453.88323022184557,18.445451334418163
single-blocker,16,222,known,480,0.0,315.0,960.0,472.83456684588066,472.83456684588066,18.656989934017567
single-blocker,16,222,known,512,0.0,336.0,1024.0,491.9407086399607,491.9407086399607,18.874296679209074
single-blocker,16,222,product,32,0.0,21.0,64.0,63.96821681185914,63.96821681185914,10.501572154167503
single-blocker,16,222,product,64,0.0,42.0,128.0,120.53907305509675,120.53907305509675,12.697622192859422
single-blocker,16,222,product,96,0.0,63.0,192.0,165.8722805981451,165.8722805981451,13.875224515514939
single-blocker,16,222,product,128,0.0,84.0,256.0,205.85952373301075,205.85952373301075,14.78808056582736
single-blocker,16,222,product,160,0.0,105.0,320.0,239.81539000742174,239.81539000742174,15.442103461476034
single-blocker,16,222,product,192,0.0,126.0,384.0,268.79578580571894,268.79578580571894,15.911906396228579
single-blocker,16,222,product,224,0.0,147.0,448.0,297.49603004609924,297.49603004609924,16.391328323412072
single-blocker,16,222,product,256,0.0,168.0,512.0,323.018849756607,323.018849756607,16.76521595532046
single-blocker,16,222,product,288,0.0,189.0,576.0,348.0845225124574,348.0845225124574,17.133389977837275
single-blocker,16,222,product,320,0.0,210.0,640.0,371.53864888504654,371.53864888504654,17.454691857361887
single-blocker,16,222,product,352,0.0,231.0,704.0,393.2419460067214,393.2419460067214,17.727478480463223
single-blocker,16,222,product,384,0.0,252.0,768.0,414.3552171612759,414.3552171612759,17.988217101955556
single-blocker,16,222,product,416,0.0,273.0,832.0,434.41087157938557,434.41087157938557,18.22298589761363
single-blocker,16,222,product,448,0.0,294.0,896.0,453.88323022184557,453.88323022184557,18.445451334418163
single-blocker,16,222,product,480,0.0,315.0,960.0,472.83456684588066,472.83456684588066,18.656989934017567
single-blocker,16,222,product,512,0.0,336.0,1024.0,491.9407086399607,491.9407086399607,18.874296679209074
outcome-lag-64,18,222,prefix,32,6.75,29.5,64.0,64.0,64.0,25.5315753440438
outcome-lag-64,18,222,prefix,64,13.5,59.0,128.0,125.75581376494091,125.75581376494091,49.50099354695086
outcome-lag-64,18,222,prefix,96,16.640625,86.4375,189.69870857992467,182.90031729186774,182.90031729186774,67.58932531743885
outcome-lag-64,18,222,prefix,128,17.56640625,107.578125,240.2345028110844,232.71220073269296,232.30933013450132,79.30255236152927
outcome-lag-64,18,222,prefix,160,17.75390625,121.828125,282.9418525263638,275.861847591862,272.45699690599406,89.95392429447531
outcome-lag-64,18,222,prefix,192,17.94140625,136.078125,314.6619808320338,309.196580206249,301.9191491407455,99.73493495185744
outcome-lag-64,18,222,prefix,224,18.12890625,150.328125,341.4227858307641,337.8478089030202,327.7669417471001,107.00882530584539
outcome-lag-64,18,222,prefix,256,18.181640625,163.3203125,362.1351452711157,360.5504838682867,348.2993393352721,112.01017415727476
outcome-lag-64,18,222,prefix,288,18.193359375,175.9296875,384.42604476222425,384.766133254216,370.4885256452742,116.7440880318232
outcome-lag-64,18,222,prefix,320,18.193359375,188.4296875,404.61737610016155,407.37888765837,390.60526382193774,121.54609782675287
outcome-lag-64,18,222,prefix,352,18.193359375,200.9296875,423.020671283655,428.52534941858795,409.0085590054312,126.26580440833047
outcome-lag-64,18,222,prefix,384,18.193359375,213.4296875,441.21543237153827,449.37546008343384,427.1945434983695,130.6866039195954
outcome-lag-64,18,222,prefix,416,18.193359375,225.9296875,456.70248282098925,466.9280526023482,442.53114622819254,134.06351798588534
outcome-lag-64,18,222,prefix,448,18.193359375,238.4296875,471.0582461902167,482.9568282250104,456.88638961546593,136.81643175659133
outcome-lag-64,18,222,prefix,480,18.193359375,250.9296875,485.9537706440021,499.59045467792,471.7819140692513,139.57701647685292
outcome-lag-64,18,222,prefix,512,18.193359375,263.4296875,501.027185565633,516.4286998566677,486.8551989307186,142.3500056387661
outcome-lag-64,18,222,intersection,32,5.4375,28.75,64.0,64.0,64.0,24.995404937183746
outcome-lag-64,18,222,intersection,64,6.9375,55.25,128.0,128.0,128.0,51.971522534649324
outcome-lag-64,18,222,intersection,96,8.765625,81.9375,190.66477316939816,188.55545406156628,188.55545406156628,71.6763653901823
outcome-lag-64,18,222,intersection,128,10.265625,108.4375,246.0265588881573,239.95914760310416,239.55627700491254,84.20249705073027
outcome-lag-64,18,222,intersection,160,11.748046875,134.7734375,291.30814972825607,284.04148281892475,280.6366321330568,94.4310795845728
outcome-lag-64,18,222,intersection,192,11.96484375,149.296875,319.70460350447917,315.6936420618663,308.41621099636285,103.46292476284076
outcome-lag-64,18,222,intersection,224,11.96484375,161.796875,343.3877847951998,342.08527880570784,331.99250102671994,110.13819120934885
outcome-lag-64,18,222,intersection,256,11.96484375,174.296875,362.9746278556337,363.8900295645874,351.55733322645125,114.93951337785141
outcome-lag-64,18,222,intersection,288,11.96484375,186.796875,384.0544996276581,387.05330315314086,372.63040202773016,119.45562898412813
outcome-lag-64,18,222,intersection,320,11.96484375,199.296875,403.31075800676456,408.8509392883493,391.8767524614006,124.08667604922621
outcome-lag-64,18,222,intersection,352,11.96484375,211.796875,420.98876324563315,429.3236688754184,409.55475770026914,128.64549555508998
outcome-lag-64,18,222,intersection,384,11.96484375,224.296875,438.5163083269595,449.5589196893052,427.0814524319919,132.94142224955326
outcome-lag-64,18,222,intersection,416,11.96484375,236.796875,453.5657426442156,466.72775350651193,442.03429646010727,136.2724852102737
outcome-lag-64,18,222,intersection,448,11.96484375,249.296875,467.5692292590163,482.4194752089587,456.03778307490796,138.97200171640256
outcome-lag-64,18,222,intersection,480,11.96484375,261.796875,482.08842883346966,498.6771738353735,470.5569826493613,141.66670571134583
outcome-lag-64,18,222,intersection,512,11.96484375,274.296875,496.7833573250103,515.1377941127575,485.25191114090194,144.3713578114687
outcome-lag-64,18,222,completed,32,4.2890625,28.09375,64.0,64.0,64.0,26.64396902247552
outcome-lag-64,18,222,completed,64,5.7890625,54.59375,128.0,128.0,128.0,53.68077803666386
outcome-lag-64,18,222,completed,96,7.515625,76.875,184.4038592942558,182.92460736925457,182.92460736925457,72.46294059680457
outcome-lag-64,18,222,completed,128,8.060546875,94.4609375,232.49078534602782,228.19396672129517,227.7910961231036,84.37501320836756
outcome-lag-64,18,222,completed,160,9.25,118.0625,277.43385966062846,272.64793184729433,269.2400025985824,94.41342390878329
outcome-lag-64,18,222,completed,192,9.49609375,132.859375,306.56996248821054,305.0593932578531,297.7696276208307,103.28366805062409
outcome-lag-64,18,222,completed,224,10.111328125,151.1015625,335.1492442925482,336.35434270651166,326.1823819027033,110.30050199268781
outcome-lag-64,18,222,completed,256,10.31640625,165.515625,357.37690225077864,360.86900148016133,348.3950774658332,115.31554989366418
outcome-lag-64,18,222,completed,288,10.767578125,182.2265625,382.3411619526006,387.8356256630013,373.2685190060737,120.01258582597458
outcome-lag-64,18,222,completed,320,11.013671875,197.0234375,402.78567180843606,410.814959876341,393.69401544081944,124.6631060875001
outcome-lag-64,18,222,completed,352,11.13671875,210.671875,421.60851772534465,432.4338934561777,412.51686135772803,129.2161707072991
outcome-lag-64,18,222,completed,384,11.13671875,223.171875,439.1115465670569,452.6461845574891,430.0191755520402,133.50756330126126
outcome-lag-64,18,222,completed,416,11.13671875,235.671875,454.1446698936395,469.8005145245719,444.9575157300318,136.83694178167823
outcome-lag-64,18,222,completed,448,11.13671875,248.171875,468.1348884486895,485.47942721868867,458.94773428508176,139.53447920187648
outcome-lag-64,18,222,completed,480,11.13671875,260.671875,482.63979560001707,501.72275789612684,473.45264143640935,142.22672243332005
outcome-lag-64,18,222,completed,512,11.13671875,273.171875,497.32025934433887,518.1688550544714,488.13310518073115,144.92879984912724
outcome-lag-64,18,222,plugin,32,0.9765625,12.25,52.0,52.0,52.0,19.983912824803223
outcome-lag-64,18,222,plugin,64,1.30859375,22.796875,102.0,102.0,102.0,43.57563271559491
outcome-lag-64,18,222,plugin,96,1.646484375,34.9921875,146.85363965705577,145.99803489458012,145.99803489458012,60.74935511814117
outcome-lag-64,18,222,plugin,128,1.646484375,47.4921875,191.27296617100433,187.34065483626352,186.93778423807194,71.45587844757628
outcome-lag-64,18,222,plugin,160,1.646484375,59.9921875,228.76479333413155,225.01096068735043,221.60611000148245,80.89032719851163
outcome-lag-64,18,222,plugin,192,1.646484375,72.4921875,254.53016465811342,254.24038425612255,246.96295319061883,89.49187077227438
outcome-lag-64,18,222,plugin,224,1.646484375,84.9921875,277.8508373684006,280.2473487237646,270.15829159991523,95.96036735172261
outcome-lag-64,18,222,plugin,256,1.646484375,97.4921875,297.2100373608392,301.87540160426755,289.5114649697198,100.70521722732386
outcome-lag-64,18,222,plugin,288,1.646484375,109.9921875,318.0864202530211,324.85527864035265,310.3857474444744,105.18506268309658
outcome-lag-64,18,222,plugin,320,1.646484375,122.4921875,337.1809452420248,346.50766036199934,329.4740240985175,109.786817371089
outcome-lag-64,18,222,plugin,352,1.646484375,134.9921875,354.73069466042045,366.85849021507835,347.02377351691314,114.31749950812376
outcome-lag-64,18,222,plugin,384,1.646484375,147.4921875,372.13789712686736,386.9807961959367,364.43077886747716,118.59121258720606
outcome-lag-64,18,222,plugin,416,1.646484375,159.9921875,387.1071107217268,404.07816145299284,379.31215433544185,121.91400957639273
outcome-lag-64,18,222,plugin,448,1.646484375,172.4921875,401.0452485132812,419.7067176115607,393.2502921269962,124.60380252286005
outcome-lag-64,18,222,plugin,480,1.646484375,184.9921875,415.49397221015244,435.8935060346303,407.69901582386746,127.28640323061374
outcome-lag-64,18,222,plugin,512,1.646484375,197.4921875,430.1175121415646,452.28238656620454,422.3225557552796,129.9783761846949
outcome-lag-64,18,222,safe,32,2.125,0.0,32.0,32.0,32.0,18.369280235170635
outcome-lag-64,18,222,safe,64,4.25,0.0,64.0,64.0,64.0,38.086087999146756
outcome-lag-64,18,222,safe,96,6.375,0.0,95.85363965705575,95.04821486740047,95.04821486740047,52.40071246114437
outcome-lag-64,18,222,safe,128,8.5,0.0,120.39563127579225,119.48142808914375,119.07855749095211,60.87265546499579
outcome-lag-64,18,222,safe,160,10.625,0.0,139.1029809910712,141.19075789209913,137.7859072062311,68.52698510043186
outcome-lag-64,18,222,safe,192,12.75,0.0,155.0177381713218,160.9780954519854,153.7006643864817,75.61171045547131
outcome-lag-64,18,222,safe,224,14.875,0.0,169.0508635802894,177.8146569513696,167.73378979544927,80.76959759672243
outcome-lag-64,18,222,safe,256,17.0,0.0,181.72018672396607,192.65310883581617,180.40311293912595,84.7395618794829
outcome-lag-64,18,222,safe,288,19.125,0.0,193.37441192542568,206.32566628627083,192.05733814058556,88.20547216761258
outcome-lag-64,18,222,safe,320,21.25,0.0,204.2188588621738,219.6515398585447,202.90178507733367,91.87859796526747
outcome-lag-64,18,222,safe,352,23.375,0.0,214.41159134687462,232.3732006443905,213.0945175620345,95.4199643173352
outcome-lag-64,18,222,safe,384,25.5,0.0,224.05216501281393,244.55776370176307,222.7350912279738,98.83343624465911
outcome-lag-64,18,222,safe,416,27.625,0.0,233.223209193362,255.94479767140274,231.9061354085219,101.80829958176248
outcome-lag-64,18,222,safe,448,29.75,0.0,241.98600159737154,266.2903147205978,240.66892781253142,104.0598086711496
outcome-lag-64,18,222,safe,480,31.875,0.0,250.38960148780095,276.20012809572023,249.07252770296083,106.1601943638545
outcome-lag-64,18,222,safe,512,34.0,0.0,258.4722232730589,285.78528827572364,257.15514948821885,108.19244709753633
outcome-lag-64,18,222,known,32,0.0,12.5,52.0,52.0,52.0,19.983519852622326
outcome-lag-64,18,222,known,64,0.0,25.0,104.0,104.0,104.0,44.39932222861634
outcome-lag-64,18,222,known,96,0.0,37.5,147.85363965705577,146.8977783071479,146.8977783071479,61.7461039141606
outcome-lag-64,18,222,known,128,0.0,50.0,191.92151930298763,187.7360300068136,187.33315940862192,72.56185758300711
outcome-lag-64,18,222,known,160,0.0,62.5,228.43955010898992,224.87144358508948,221.4665928992215,81.89192668666637
outcome-lag-64,18,222,known,192,0.0,75.0,253.8400168910833,253.83436221409087,246.55583334257054,90.42034346613953
outcome-lag-64,18,222,known,224,0.0,87.5,276.8881246324194,279.6194659352453,269.5178079529377,96.83355153518534
outcome-lag-64,18,222,known,256,0.0,100.0,296.09224482369984,301.105175405034,288.7180956361764,101.54947621183473
outcome-lag-64,18,222,known,288,0.0,112.5,316.77778316890834,323.91152556553465,309.4029516858149,105.995476233944
outcome-lag-64,18,222,known,320,0.0,125.0,335.7195652900113,345.4256062850849,328.3414596509717,110.56967852603532
outcome-lag-64,18,222,known,352,0.0,137.5,353.1474433547522,365.65986527053957,345.7693377157126,115.07373869505308
outcome-lag-64,18,222,known,384,0.0,150.0,370.4396512217237,385.6736808234022,363.06154558268406,119.32632981943277
outcome-lag-64,18,222,known,416,0.0,162.5,385.33184646831756,402.7021119441185,377.87398691430906,122.6412359334029
outcome-lag-64,18,222,known,448,0.0,175.0,399.20702354260993,418.2696282219774,391.7491639886014,125.32171855573637
outcome-lag-64,18,222,known,480,0.0,187.5,413.5876536823016,434.3877575194548,406.1297941282931,127.99269927852443
outcome-lag-64,18,222,known,512,0.0,200.0,428.1420689157001,450.7070239791532,420.6842093616916,130.67246258297115
outcome-lag-64,18,222,product,32,2.125,0.0,32.0,32.0,32.0,18.369280235170635
outcome-lag-64,18,222,product,64,4.25,0.0,64.0,64.0,64.0,38.086087999146756
outcome-lag-64,18,222,product,96,6.375,0.0,95.85363965705575,95.04821486740047,95.04821486740047,52.40071246114437
outcome-lag-64,18,222,product,128,8.5,0.0,120.39563127579225,119.48142808914375,119.07855749095211,60.87265546499579
outcome-lag-64,18,222,product,160,10.625,0.0,139.1029809910712,141.19075789209913,137.7859072062311,68.52698510043186
outcome-lag-64,18,222,product,192,12.75,0.0,155.0177381713218,160.9780954519854,153.7006643864817,75.61171045547131
outcome-lag-64,18,222,product,224,14.875,0.0,169.0508635802894,177.8146569513696,167.73378979544927,80.76959759672243
outcome-lag-64,18,222,product,256,17.0,0.0,181.72018672396607,192.65310883581617,180.40311293912595,84.7395618794829
outcome-lag-64,18,222,product,288,19.125,0.0,193.37441192542568,206.32566628627083,192.05733814058556,88.20547216761258
outcome-lag-64,18,222,product,320,21.25,0.0,204.2188588621738,219.6515398585447,202.90178507733367,91.87859796526747
outcome-lag-64,18,222,product,352,23.375,0.0,214.41159134687462,232.3732006443905,213.0945175620345,95.4199643173352
outcome-lag-64,18,222,product,384,25.5,0.0,224.05216501281393,244.55776370176307,222.7350912279738,98.83343624465911
outcome-lag-64,18,222,product,416,27.625,0.0,233.223209193362,255.94479767140274,231.9061354085219,101.80829958176248
outcome-lag-64,18,222,product,448,29.75,0.0,241.98600159737154,266.2903147205978,240.66892781253142,104.0598086711496
outcome-lag-64,18,222,product,480,31.875,0.0,250.38960148780095,276.20012809572023,249.07252770296083,106.1601943638545
outcome-lag-64,18,222,product,512,34.0,0.0,258.4722232730589,285.78528827572364,257.15514948821885,108.19244709753633
single-blocker,18,222,prefix,32,6.75,29.5,64.0,63.96821681185914,63.96821681185914,8.988898993023579
single-blocker,18,222,prefix,64,13.5,59.0,128.0,116.1038297264138,116.1038297264138,11.224802983324174
single-blocker,18,222,prefix,96,20.25,88.5,192.0,156.22383562847136,156.22383562847136,12.491139305959518
single-blocker,18,222,prefix,128,27.0,118.0,256.0,189.70782086518332,189.70782086518332,13.244202879942568
single-blocker,18,222,prefix,160,33.75,147.5,320.0,218.63551763455663,218.63551763455663,13.703643277508336
single-blocker,18,222,prefix,192,40.5,177.0,384.0,245.88987822105142,245.88987822105142,14.33392884149854
single-blocker,18,222,prefix,224,47.25,206.5,448.0,270.4621776863223,270.4621776863223,14.75644957871563
single-blocker,18,222,prefix,256,54.0,236.0,512.0,294.0273332669555,294.0273332669555,15.21264936785051
single-blocker,18,222,prefix,288,60.75,265.5,576.0,314.91585298181474,314.91585298181474,15.454120216570374
single-blocker,18,222,prefix,320,67.5,295.0,640.0,336.02708433663344,336.02708433663344,15.82327299198345
single-blocker,18,222,prefix,352,74.25,324.5,704.0,357.62159270839624,357.62159270839624,16.265837140913693
single-blocker,18,222,prefix,384,81.0,354.0,768.0,377.00998138188174,377.00998138188174,16.54729050337499
single-blocker,18,222,prefix,416,87.75,383.5,832.0,395.6837969120971,395.6837969120971,16.804354227158967
single-blocker,18,222,prefix,448,94.5,413.0,896.0,413.7242718345297,413.7242718345297,17.040953333080783
single-blocker,18,222,prefix,480,101.25,442.5,960.0,431.1983379396318,431.1983379396318,17.260129055254758
single-blocker,18,222,prefix,512,108.0,472.0,1024.0,446.6433704308658,446.6433704308658,17.39291671670673
single-blocker,18,222,intersection,32,3.46875,27.625,64.0,63.96821681185914,63.96821681185914,10.625563951843509
single-blocker,18,222,intersection,64,4.96875,54.125,128.0,121.22759708485825,121.22759708485825,12.773646933117572
single-blocker,18,222,intersection,96,6.46875,80.625,192.0,168.4190544210669,168.4190544210669,14.011830901939
single-blocker,18,222,intersection,128,7.96875,107.125,256.0,207.61462795729722,207.61462795729722,14.869640705010474
single-blocker,18,222,intersection,160,9.46875,133.625,320.0,241.64271824720532,241.64271824720532,15.518972293744815
single-blocker,18,222,intersection,192,10.88671875,159.359375,384.0,273.00885848135033,273.00885848135033,16.076327495905943
single-blocker,18,222,intersection,224,12.2109375,184.21875,448.0,301.7703271511268,301.7703271511268,16.545595170770643
single-blocker,18,222,intersection,256,13.5234375,208.96875,510.0,327.7208165647384,327.7208165647384,16.941199783055115
single-blocker,18,222,intersection,288,13.5234375,221.46875,561.0,346.298063115794,346.298063115794,17.185193861426384
single-blocker,18,222,intersection,320,13.5234375,233.96875,611.0,363.42821199816063,363.42821199816063,17.39702252797368
single-blocker,18,222,intersection,352,13.5234375,246.46875,660.0,379.3272799979069,379.3272799979069,17.583446455138503
single-blocker,18,222,intersection,384,13.5234375,258.96875,711.0,395.2512951332281,395.2512951332281,17.76332548513044
single-blocker,18,222,intersection,416,13.5234375,271.46875,758.0,409.10059598445895,409.10059598445895,17.91106161328437
single-blocker,18,222,intersection,448,13.5234375,283.96875,804.0,422.11088893602533,422.11088893602533,18.044469328091875
single-blocker,18,222,intersection,480,13.5234375,296.46875,853.0,435.6833872250945,435.6833872250945,18.18102248780048
single-blocker,18,222,intersection,512,13.5234375,308.96875,904.0,449.44660448071164,449.44660448071164,18.316025507663966
single-blocker,18,222,completed,32,3.3046875,27.53125,64.0,63.96821681185914,63.96821681185914,10.646931473211033
single-blocker,18,222,completed,64,4.8046875,54.03125,128.0,121.14413264044192,121.14413264044192,12.76650407597471
single-blocker,18,222,completed,96,6.3046875,80.53125,192.0,168.3936382072417,168.3936382072417,14.010499934769522
single-blocker,18,222,completed,128,7.8046875,107.03125,256.0,207.532306088026,207.532306088026,14.865868069195583
single-blocker,18,222,completed,160,9.3046875,133.53125,320.0,241.5199350184815,241.5199350184815,15.513873609534285
single-blocker,18,222,completed,192,10.72265625,159.265625,384.0,272.91047719088346,272.91047719088346,16.072597839486406
single-blocker,18,222,completed,224,11.677734375,180.6796875,445.0,300.01239953001794,300.01239953001794,16.510097546504333
single-blocker,18,222,completed,256,11.677734375,193.1796875,490.0,316.96805311620966,316.96805311620966,16.73956903217175
single-blocker,18,222,completed,288,11.677734375,205.6796875,541.0,335.51763966109905,335.51763966109905,16.982732037146125
single-blocker,18,222,completed,320,11.677734375,218.1796875,591.0,352.6257961288602,352.6257961288602,17.193936115747974
single-blocker,18,222,completed,352,11.677734375,230.6796875,640.0,368.50696532490724,368.50696532490724,17.37987549155035
single-blocker,18,222,completed,384,11.677734375,243.1796875,691.0,384.41356606206,384.41356606206,17.559303643516657
single-blocker,18,222,completed,416,11.677734375,255.6796875,738.0,398.2506839098074,398.2506839098074,17.706736434966853
single-blocker,18,222,completed,448,11.677734375,268.1796875,784.0,411.25064318660594,411.25064318660594,17.83989468434315
single-blocker,18,222,completed,480,11.677734375,280.6796875,833.0,424.8117376394157,424.8117376394157,17.976180901020545
single-blocker,18,222,completed,512,11.677734375,293.1796875,884.0,438.56346859330233,438.56346859330233,18.110923931830946
single-blocker,18,222,plugin,32,0.94921875,15.609375,55.0,54.96821681185914,54.96821681185914,9.550131051410608
single-blocker,18,222,plugin,64,0.94921875,28.109375,107.0,99.9381135942649,99.9381135942649,11.013185460860766
single-blocker,18,222,plugin,96,0.94921875,40.609375,151.0,129.15531111980232,129.15531111980232,11.698885152551531
single-blocker,18,222,plugin,128,0.94921875,53.109375,204.0,160.05640577869272,160.05640577869272,12.341504683560574
single-blocker,18,222,plugin,160,0.94921875,65.609375,260.0,188.54607868631132,188.54607868631132,12.858414723372373
single-blocker,18,222,plugin,192,0.94921875,78.109375,307.0,209.3863831859172,209.3863831859172,13.188581632193834
single-blocker,18,222,plugin,224,0.94921875,90.609375,355.0,229.11452962203933,229.11452962203933,13.47948531532012
single-blocker,18,222,plugin,256,0.94921875,103.109375,400.0,246.1612812060603,246.1612812060603,13.71186020880671
single-blocker,18,222,plugin,288,0.94921875,115.609375,451.0,264.82320602889166,264.82320602889166,13.958415165406564
single-blocker,18,222,plugin,320,0.94921875,128.109375,501.0,282.02053105721654,282.02053105721654,14.172162740829982
single-blocker,18,222,plugin,352,0.94921875,140.609375,550.0,297.9741777234717,297.9741777234717,14.360071989765112
single-blocker,18,222,plugin,384,0.94921875,153.109375,601.0,313.95121789738715,313.95121789738715,14.541330497201686
single-blocker,18,222,plugin,416,0.94921875,165.609375,648.0,327.83757178063667,327.83757178063667,14.68999327588174
single-blocker,18,222,plugin,448,0.94921875,178.109375,694.0,340.87926659324586,340.87926659324586,14.824162218836445
single-blocker,18,222,plugin,480,0.94921875,190.609375,743.0,354.4863912555882,354.4863912555882,14.961529087181413
single-blocker,18,222,plugin,512,0.94921875,203.109375,794.0,368.2844571018296,368.2844571018296,15.097323773748224
single-blocker,18,222,safe,32,2.125,0.0,32.0,31.968216811859147,31.968216811859147,4.02724519543652
single-blocker,18,222,safe,64,4.25,0.0,64.0,57.42435623340214,57.42435623340214,4.7282659037057675
single-blocker,18,222,safe,96,6.375,0.0,96.0,76.78319682780861,76.78319682780861,5.136346480888775
single-blocker,18,222,safe,128,8.5,0.0,128.0,93.03345515740088,93.03345515740088,5.425334592589174
single-blocker,18,222,safe,160,10.625,0.0,160.0,107.31238195727079,107.31238195727079,5.649261224939744
single-blocker,18,222,safe,192,12.75,0.0,192.0,120.1978375468853,120.1978375468853,5.832104609707439
single-blocker,18,222,safe,224,14.875,0.0,224.0,132.0310352083931,132.0310352083931,5.986627913082163
single-blocker,18,222,safe,256,17.0,0.0,256.0,143.03333360981438,143.03333360981438,6.120438712817281
single-blocker,18,222,safe,288,19.125,0.0,288.0,153.35798108855585,153.35798108855585,6.238439029233648
single-blocker,18,222,safe,320,21.25,0.0,320.0,163.1162631808352,163.1162631808352,6.343973346894013
single-blocker,18,222,safe,352,23.375,0.0,352.0,172.39200998111025,172.39200998111025,6.43942571339101
single-blocker,18,222,safe,384,25.5,0.0,384.0,181.25023096678382,181.25023096678382,6.5265555690159704
single-blocker,18,222,safe,416,27.625,0.0,416.0,189.74254455085054,189.74254455085054,6.6066985205464555
single-blocker,18,222,safe,448,29.75,0.0,448.0,197.91074640079475,197.91074640079475,6.680892410683006
single-blocker,18,222,safe,480,31.875,0.0,480.0,205.78924141297622,205.78924141297622,6.7499597404471405
single-blocker,18,222,safe,512,34.0,0.0,512.0,213.40675252840046,213.40675252840046,6.81456340954972
single-blocker,18,222,known,32,0.0,12.5,52.0,51.96821681185914,51.96821681185914,7.574984852580201
single-blocker,18,222,known,64,0.0,25.0,104.0,96.68345867134032,96.68345867134032,8.981808942642147
single-blocker,18,222,known,96,0.0,37.5,148.0,125.67344751540536,125.67344751540536,9.655159662355455
single-blocker,18,222,known,128,0.0,50.0,201.0,156.3269306300275,156.3269306300275,10.286144746158387
single-blocker,18,222,known,160,0.0,62.5,257.0,184.64215473098082,184.64215473098082,10.796024372495184
single-blocker,18,222,known,192,0.0,75.0,304.0,205.40398042497432,205.40398042497432,11.123348216960418
single-blocker,18,222,known,224,0.0,87.5,352.0,225.06449036579397,225.06449036579397,11.411962505671328
single-blocker,18,222,known,256,0.0,100.0,397.0,242.06517663048226,242.06517663048226,11.642863977220554
single-blocker,18,222,known,288,0.0,112.5,448.0,260.67036304582655,260.67036304582655,11.887700254173387
single-blocker,18,222,known,320,0.0,125.0,498.0,277.82270216230455,277.82270216230455,12.100160943192593
single-blocker,18,222,known,352,0.0,137.5,547.0,293.7398146783062,293.7398146783062,12.287074642757293
single-blocker,18,222,known,384,0.0,150.0,598.0,309.6813734447128,309.6813734447128,12.467408980681178
single-blocker,18,222,known,416,0.0,162.5,645.0,323.5429406645821,323.5429406645821,12.615451193804297
single-blocker,18,222,known,448,0.0,175.0,691.0,336.56363362080447,336.56363362080447,12.749110494501434
single-blocker,18,222,known,480,0.0,187.5,740.0,350.1476044276938,350.1476044276938,12.885932726701332
single-blocker,18,222,known,512,0.0,200.0,791.0,363.92237252726454,363.92237252726454,13.021197671020296
single-blocker,18,222,product,32,2.125,0.0,32.0,31.968216811859147,31.968216811859147,4.02724519543652
single-blocker,18,222,product,64,4.25,0.0,64.0,57.42435623340214,57.42435623340214,4.7282659037057675
single-blocker,18,222,product,96,6.375,0.0,96.0,76.78319682780861,76.78319682780861,5.136346480888775
single-blocker,18,222,product,128,8.5,0.0,128.0,93.03345515740088,93.03345515740088,5.425334592589174
single-blocker,18,222,product,160,10.625,0.0,160.0,107.31238195727079,107.31238195727079,5.649261224939744
single-blocker,18,222,product,192,12.75,0.0,192.0,120.1978375468853,120.1978375468853,5.832104609707439
single-blocker,18,222,product,224,14.875,0.0,224.0,132.0310352083931,132.0310352083931,5.986627913082163
single-blocker,18,222,product,256,17.0,0.0,256.0,143.03333360981438,143.03333360981438,6.120438712817281
single-blocker,18,222,product,288,19.125,0.0,288.0,153.35798108855585,153.35798108855585,6.238439029233648
single-blocker,18,222,product,320,21.25,0.0,320.0,163.1162631808352,163.1162631808352,6.343973346894013
single-blocker,18,222,product,352,23.375,0.0,352.0,172.39200998111025,172.39200998111025,6.43942571339101
single-blocker,18,222,product,384,25.5,0.0,384.0,181.25023096678382,181.25023096678382,6.5265555690159704
single-blocker,18,222,product,416,27.625,0.0,416.0,189.74254455085054,189.74254455085054,6.6066985205464555
single-blocker,18,222,product,448,29.75,0.0,448.0,197.91074640079475,197.91074640079475,6.680892410683006
single-blocker,18,222,product,480,31.875,0.0,480.0,205.78924141297622,205.78924141297622,6.7499597404471405
single-blocker,18,222,product,512,34.0,0.0,512.0,213.40675252840046,213.40675252840046,6.81456340954972
outcome-lag-64,20,222,prefix,32,18.8125,29.0,64.0,64.0,64.0,18.722908121616364
outcome-lag-64,20,222,prefix,64,37.625,58.0,128.0,127.05077678689747,127.05077678689747,41.840635194730616
outcome-lag-64,20,222,prefix,96,44.40625,80.125,191.21925941381295,187.14789666402228,187.14789666402228,71.54157726237695
outcome-lag-64,20,222,prefix,128,45.71875,99.125,244.38719905152854,239.92456785947624,239.06806737264733,95.6159149132258
outcome-lag-64,20,222,prefix,160,47.03125,118.125,290.10683386578893,287.47409268346314,284.29395831877804,117.03338316794225
outcome-lag-64,20,222,prefix,192,47.1953125,126.40625,321.7009210675775,321.69568514297663,315.75452209587223,130.16601616607244
outcome-lag-64,20,222,prefix,224,47.1953125,133.15625,353.24955291061667,357.6176513587106,347.3031539389114,141.55403622636334
outcome-lag-64,20,222,prefix,256,47.1953125,139.90625,380.0545924987566,389.93626031126416,374.10819352705136,152.12298474701896
outcome-lag-64,20,222,prefix,288,47.1953125,146.65625,401.70784282618126,416.8600572448727,395.761443854476,160.8750406707627
outcome-lag-64,20,222,prefix,320,47.1953125,153.40625,422.3278651079533,441.7550362723485,416.38146613624804,167.77054222420767
outcome-lag-64,20,222,prefix,352,47.1953125,160.15625,440.89441355286726,463.79042155328153,434.948014581162,173.2315294061997
outcome-lag-64,20,222,prefix,384,47.1953125,166.90625,458.3470902500917,484.3382896554732,452.40069127838643,178.01098494386585
outcome-lag-64,20,222,prefix,416,47.1953125,173.65625,475.3233913440739,504.3479108991168,469.37699237236865,182.56802444814895
outcome-lag-64,20,222,prefix,448,47.1953125,180.40625,491.49926639854795,523.8793289669435,485.5528674268427,187.2921812875531
outcome-lag-64,20,222,prefix,480,47.1953125,187.15625,506.9250418135736,542.7956635593472,500.97864284186835,191.9712256441965
outcome-lag-64,20,222,prefix,512,47.1953125,193.90625,520.9550108334034,559.9115159831657,515.0086118616981,196.03281796392298
outcome-lag-64,20,222,intersection,32,16.625,27.75,64.0,64.0,64.0,18.722908121616364
outcome-lag-64,20,222,intersection,64,17.9375,46.75,128.0,128.0,128.0,54.63536489398836
outcome-lag-64,20,222,intersection,96,19.25,65.75,191.51017483088242,190.79229907876626,190.79229907876626,85.39691755190898
outcome-lag-64,20,222,intersection,128,20.5625,84.75,246.37060326217437,245.32752799535598,244.4710275085271,106.41963185733916
outcome-lag-64,20,222,intersection,160,21.875,103.75,292.41529322502856,294.22777128699806,289.37353565077456,122.47929605990629
outcome-lag-64,20,222,intersection,192,22.3671875,115.09375,323.3590307532585,329.8573589398246,320.01200310511473,133.3846038479729
outcome-lag-64,20,222,intersection,224,22.3671875,121.84375,350.7751542778015,361.95830338301573,347.42812662965775,142.81489689362428
outcome-lag-64,20,222,intersection,256,22.3671875,128.59375,374.94996416500504,391.5278113835282,371.6029365168613,151.97612210920062
outcome-lag-64,20,222,intersection,288,22.3671875,135.34375,395.0641543541384,416.71219274976255,391.71712670599464,159.8345057552001
outcome-lag-64,20,222,intersection,320,22.3671875,142.09375,414.4867188584916,440.20269981781524,411.13969121034785,166.1104860673504
outcome-lag-64,20,222,intersection,352,22.3671875,148.84375,432.17867894419834,461.18782400539044,428.8316512960546,171.14306622919452
outcome-lag-64,20,222,intersection,384,22.3671875,155.59375,448.90812670101604,480.8760655389521,445.5610990528723,175.59669953489214
outcome-lag-64,20,222,intersection,416,22.3671875,162.34375,465.229771664322,500.1312567212278,461.88274401617826,179.8895914837492
outcome-lag-64,20,222,intersection,448,22.3671875,169.09375,480.8387736103912,518.9676497347251,477.4917459622474,184.34772813999456
outcome-lag-64,20,222,intersection,480,22.3671875,175.84375,495.7779067666487,537.2321875751094,492.43087911850495,188.75450266249493
outcome-lag-64,20,222,intersection,512,22.3671875,182.59375,509.4307686104923,553.8340614750886,506.08374096234854,192.60513480308495
outcome-lag-64,20,222,completed,32,8.96875,23.375,64.0,64.0,64.0,23.91007685138987
outcome-lag-64,20,222,completed,64,12.8125,38.8125,122.0,122.0,122.0,55.96309229708225
outcome-lag-64,20,222,completed,96,15.8125,55.4375,181.71462045033695,181.3853008456105,181.3853008456105,82.90661388702296
outcome-lag-64,20,222,completed,128,16.6328125,69.84375,234.15842537911996,233.78119230897485,232.8885621960978,101.36003224934781
outcome-lag-64,20,222,completed,160,17.6171875,85.78125,279.4163502251403,282.1399212269971,277.0800995784273,117.16131673510195
outcome-lag-64,20,222,completed,192,17.86328125,94.828125,309.51437671810305,316.8750538281893,306.8241119811333,127.9757010971127
outcome-lag-64,20,222,completed,224,18.2734375,105.40625,340.04999998262,352.0701959765563,337.3201156754565,137.44637425972317
outcome-lag-64,20,222,completed,256,18.2734375,112.15625,364.22480986982356,381.6397039770688,361.49492556266006,146.6075994752995
outcome-lag-64,20,222,completed,288,18.4375,120.4375,386.127295980859,408.621262849697,383.3974116736955,154.4786413491471
outcome-lag-64,20,222,completed,320,18.4375,127.1875,405.5498604852122,432.1117699177497,402.8199761780487,160.7546216612974
outcome-lag-64,20,222,completed,352,18.560546875,135.0859375,423.24182057091895,453.0968941053249,420.51193626375544,165.78720182314152
outcome-lag-64,20,222,completed,384,18.84765625,144.515625,442.89338655545754,475.7580963386112,440.16350224829404,170.31284092204683
outcome-lag-64,20,222,completed,416,18.84765625,151.265625,459.2150315187635,495.01328752088693,456.4851472116,174.6057328709039
outcome-lag-64,20,222,completed,448,19.421875,163.375,478.2211856628117,517.2776454186956,475.4913013556482,179.12176586397857
outcome-lag-64,20,222,completed,480,19.421875,170.125,493.16031881906923,535.5421832590798,490.43043451190573,183.52854038647894
outcome-lag-64,20,222,completed,512,19.5859375,178.40625,507.911563542577,553.2424400387232,505.1816792354135,187.37917252706896
outcome-lag-64,20,222,plugin,32,1.298828125,7.7890625,46.0,46.0,46.0,22.556107519208464
outcome-lag-64,20,222,plugin,64,1.736328125,13.2890625,100.0,100.0,100.0,55.59077258287299
outcome-lag-64,20,222,plugin,96,1.96875,19.375,148.71462045033695,148.3981386848665,148.3981386848665,81.8671902516697
outcome-lag-64,20,222,plugin,128,1.96875,26.125,189.07488977025048,189.7748370059026,188.68076341032594,98.872179678216
outcome-lag-64,20,222,plugin,160,1.96875,32.875,223.325970666712,229.30681605011043,222.93184430678747,113.06990846744789
outcome-lag-64,20,222,plugin,192,1.96875,39.625,248.86773800514976,259.8269103968939,248.47361164522522,123.23500979693155
outcome-lag-64,20,222,plugin,224,1.96875,46.375,275.4715549579311,291.05099333615124,275.0774285980065,132.24995222047997
outcome-lag-64,20,222,plugin,256,1.96875,53.125,299.0692809008243,319.9609397650035,298.6751545408997,141.08749071181066
outcome-lag-64,20,222,plugin,288,1.96875,59.875,318.8222206426505,344.7105139803323,318.4280942827259,148.73050970258072
outcome-lag-64,20,222,plugin,320,1.96875,66.625,337.9445515102627,367.8378017882145,337.5504251503381,154.85207336847927
outcome-lag-64,20,222,plugin,352,1.96875,73.375,355.40874798953826,388.54429924829236,355.01462162961366,159.77484564346415
outcome-lag-64,20,222,plugin,384,1.96875,80.125,371.9452302265805,408.0000188672632,371.5511038666559,164.14319740958643
outcome-lag-64,20,222,plugin,416,1.96875,86.875,388.08904004130414,427.0477081649003,387.69491368137955,168.3656599268811
outcome-lag-64,20,222,plugin,448,1.96875,93.625,403.5417205243654,445.6906707734113,403.1475941644408,172.7517081026471
outcome-lag-64,20,222,plugin,480,1.96875,100.375,418.3447104340935,463.7720649619062,417.9505840741689,177.08374615936833
outcome-lag-64,20,222,plugin,512,1.96875,107.125,431.89080967621413,480.2281699788827,431.49668331628953,180.87585872270708
outcome-lag-64,20,222,safe,32,14.8125,0.0,32.0,32.0,32.0,12.933560621661565
outcome-lag-64,20,222,safe,64,29.625,0.0,64.0,64.0,64.0,28.72454099109469
outcome-lag-64,20,222,safe,96,44.4375,0.0,95.71462045033695,95.39813868486645,95.39813868486645,43.434220526443376
outcome-lag-64,20,222,safe,128,59.25,0.0,120.31246287899845,120.7748370059026,119.91833651907379,52.8496486295876
outcome-lag-64,20,222,safe,160,74.0625,0.0,139.17141050510466,141.95741850986497,138.77728414518,59.97722996603075
outcome-lag-64,20,222,safe,192,88.875,0.0,155.06735374138293,160.582671624876,154.67322738145828,65.89987087619487
outcome-lag-64,20,222,safe,224,103.6875,0.0,169.0840418827749,176.64558394209203,168.68991552285024,70.28410883527788
outcome-lag-64,20,222,safe,256,118.5,0.0,181.74332212689524,191.9875597077161,181.34919576697058,74.75759699921572
outcome-lag-64,20,222,safe,288,133.3125,0.0,193.40358682714503,206.510242729503,193.00946046722038,79.07363285867763
outcome-lag-64,20,222,safe,320,148.125,0.0,204.2603145663303,219.60828979855256,203.86618820640564,82.51893215310821
outcome-lag-64,20,222,safe,352,162.9375,0.0,214.4486081189135,231.59062881580834,214.05448175898886,85.32097673658599
outcome-lag-64,20,222,safe,384,177.75,0.0,224.08913741521232,242.92584628409307,223.69501105528767,87.88510307482201
outcome-lag-64,20,222,safe,416,192.5625,0.0,233.2527234499075,253.93141641581911,232.85859708998285,90.4785025740119
outcome-lag-64,20,222,safe,448,207.375,0.0,242.0114484109056,264.5939169553167,241.61732205098093,93.04699515370166
outcome-lag-64,20,222,safe,480,222.1875,0.0,250.41579789753206,274.7048795802316,250.0216715376074,95.34853009619906
outcome-lag-64,20,222,safe,512,237.0,0.0,258.5019560179291,284.3516094218621,258.1078296580045,97.44235249150788
outcome-lag-64,20,222,known,32,0.0,6.75,47.0,47.0,47.0,22.19117522927617
outcome-lag-64,20,222,known,64,0.0,13.5,102.0,102.0,102.0,55.67086414182429
outcome-lag-64,20,222,known,96,0.0,20.25,150.71462045033695,150.3981386848665,150.3981386848665,81.92694423693186
outcome-lag-64,20,222,known,128,0.0,27.0,190.59375906099618,191.7748370059026,190.1996327010716,98.59319167699513
outcome-lag-64,20,222,known,160,0.0,33.75,224.15511798123447,230.8241601710649,223.7609916213099,112.43425577084213
outcome-lag-64,20,222,known,192,0.0,40.5,249.380186019706,261.00677243459046,248.98605965978143,122.42258700361133
outcome-lag-64,20,222,known,224,0.0,47.25,275.66766515054366,291.8802779822808,275.27353879061906,131.27416243390584
outcome-lag-64,20,222,known,256,0.0,54.0,299.03538413401435,320.52202550026834,298.64125777408975,139.98178684663006
outcome-lag-64,20,222,known,288,0.0,60.75,318.6420201702432,345.09285446501684,318.2478938103186,147.53728012251906
outcome-lag-64,20,222,known,320,0.0,67.5,337.64069715764583,368.06939342334556,337.24657079772123,153.5954988650286
outcome-lag-64,20,222,known,352,0.0,74.25,355.01011859191976,388.65940467552,354.61599223199516,158.47286604462164
outcome-lag-64,20,222,known,384,0.0,81.0,371.4657569747589,408.01735968550577,371.0716306148343,162.8057387602769
outcome-lag-64,20,222,known,416,0.0,87.75,387.53467572401166,426.9773697639205,387.14054936408706,166.99874016154314
outcome-lag-64,20,222,known,448,0.0,94.5,402.9212343287487,445.53831156515537,402.5271079688241,171.35448588103995
outcome-lag-64,20,222,known,480,0.0,101.25,417.6663894247608,463.5418225464848,417.2722630648362,175.65498523197513
outcome-lag-64,20,222,known,512,0.0,108.0,431.1669713753976,479.9357604733419,430.772845015473,179.422322596505
outcome-lag-64,20,222,product,32,0.0,6.75,47.0,47.0,47.0,22.19117522927617
outcome-lag-64,20,222,product,64,0.0,13.5,102.0,102.0,102.0,55.67086414182429
outcome-lag-64,20,222,product,96,0.0,20.25,150.71462045033695,150.3981386848665,150.3981386848665,81.92694423693186
outcome-lag-64,20,222,product,128,0.0,27.0,190.59375906099618,191.7748370059026,190.1996327010716,98.59319167699513
outcome-lag-64,20,222,product,160,0.0,33.75,224.15511798123447,230.8241601710649,223.7609916213099,112.43425577084213
outcome-lag-64,20,222,product,192,0.0,40.5,249.380186019706,261.00677243459046,248.98605965978143,122.42258700361133
outcome-lag-64,20,222,product,224,0.0,47.25,275.66766515054366,291.8802779822808,275.27353879061906,131.27416243390584
outcome-lag-64,20,222,product,256,0.0,54.0,299.03538413401435,320.52202550026834,298.64125777408975,139.98178684663006
outcome-lag-64,20,222,product,288,0.0,60.75,318.6420201702432,345.09285446501684,318.2478938103186,147.53728012251906
outcome-lag-64,20,222,product,320,0.0,67.5,337.64069715764583,368.06939342334556,337.24657079772123,153.5954988650286
outcome-lag-64,20,222,product,352,0.0,74.25,355.01011859191976,388.65940467552,354.61599223199516,158.47286604462164
outcome-lag-64,20,222,product,384,0.0,81.0,371.4657569747589,408.01735968550577,371.0716306148343,162.8057387602769
outcome-lag-64,20,222,product,416,0.0,87.75,387.53467572401166,426.9773697639205,387.14054936408706,166.99874016154314
outcome-lag-64,20,222,product,448,0.0,94.5,402.9212343287487,445.53831156515537,402.5271079688241,171.35448588103995
outcome-lag-64,20,222,product,480,0.0,101.25,417.6663894247608,463.5418225464848,417.2722630648362,175.65498523197513
outcome-lag-64,20,222,product,512,0.0,108.0,431.1669713753976,479.9357604733419,430.772845015473,179.422322596505
single-blocker,20,222,prefix,32,18.8125,29.0,64.0,63.96821681185914,63.96821681185914,8.988898993023579
single-blocker,20,222,prefix,64,37.625,58.0,128.0,115.79869019748698,115.79869019748698,10.908136316657508
single-blocker,20,222,prefix,96,56.4375,87.0,192.0,155.35037064716923,155.35037064716923,12.063239428059632
single-blocker,20,222,prefix,128,75.25,116.0,256.0,188.6774601546221,188.6774601546221,12.893997397397293
single-blocker,20,222,prefix,160,94.0625,145.0,320.0,218.06675501665177,218.06675501665177,13.543512558554083
single-blocker,20,222,prefix,192,112.875,174.0,384.0,244.67638608060278,244.67638608060278,14.076970962124404
single-blocker,20,222,prefix,224,131.6875,203.0,448.0,270.4621776863223,270.4621776863223,14.756449578715621
single-blocker,20,222,prefix,256,150.5,232.0,512.0,294.0273332669555,294.0273332669555,15.212649367850501
single-blocker,20,222,prefix,288,169.3125,261.0,576.0,315.59543272177797,315.59543272177797,15.533817186267328
single-blocker,20,222,prefix,320,188.125,290.0,640.0,338.1133268865928,338.1133268865928,16.013999737836873
single-blocker,20,222,prefix,352,206.9375,319.0,704.0,356.912032680824,356.912032680824,16.210007623477967
single-blocker,20,222,prefix,384,225.75,348.0,768.0,377.73150157029556,377.73150157029556,16.594535682438337
single-blocker,20,222,prefix,416,244.5625,377.0,832.0,395.6837969120971,395.6837969120971,16.804354227158946
single-blocker,20,222,prefix,448,263.375,406.0,896.0,413.7242718345298,413.7242718345298,17.04095333308076
single-blocker,20,222,prefix,480,282.1875,435.0,960.0,429.6955633414126,429.6955633414126,17.18286283395769
single-blocker,20,222,prefix,512,301.0,464.0,1024.0,448.1619190637397,448.1619190637397,17.464287320832707
single-blocker,20,222,intersection,32,7.875,22.75,64.0,63.96821681185914,63.96821681185914,10.501572154167508
single-blocker,20,222,intersection,64,9.1875,41.75,128.0,121.34492236728798,121.34492236728798,12.781748230062684
single-blocker,20,222,intersection,96,10.5,60.75,192.0,168.39363820724176,168.39363820724176,14.010499934769529
single-blocker,20,222,intersection,128,11.8125,79.75,256.0,207.86040613878947,207.86040613878947,14.880873967254248
single-blocker,20,222,intersection,160,13.125,98.75,320.0,242.42542448406374,242.42542448406374,15.551256556744391
single-blocker,20,222,intersection,192,13.86328125,112.390625,376.0,269.1789988751423,269.1789988751423,16.01335415183098
single-blocker,20,222,intersection,224,13.86328125,119.140625,429.0,291.78433886332004,291.78433886332004,16.361135901687145
single-blocker,20,222,intersection,256,13.86328125,125.890625,481.0,312.1808784283657,312.1808784283657,16.649694154662622
single-blocker,20,222,intersection,288,13.86328125,132.640625,529.0,329.53739880261617,329.53739880261617,16.876275183496308
single-blocker,20,222,intersection,320,13.86328125,139.390625,579.0,346.78053761898474,346.78053761898474,17.091341029930497
single-blocker,20,222,intersection,352,13.86328125,146.140625,628.0,362.77132561233213,362.77132561233213,17.280267755589115
single-blocker,20,222,intersection,384,13.86328125,152.890625,677.0,378.04716681447604,378.04716681447604,17.452876575895562
single-blocker,20,222,intersection,416,13.86328125,159.640625,727.0,393.0505316228322,393.0505316228322,17.61620819837225
single-blocker,20,222,intersection,448,13.86328125,166.390625,777.0,407.471572776468,407.471572776468,17.767198755423788
single-blocker,20,222,intersection,480,13.86328125,173.140625,827.0,421.37307152366935,421.37307152366935,17.907583332756914
single-blocker,20,222,intersection,512,13.86328125,179.890625,875.0,434.1705321291007,434.1705321291007,18.031573583303047
single-blocker,20,222,completed,32,7.328125,22.4375,64.0,63.96821681185914,63.96821681185914,10.501572154167508
single-blocker,20,222,completed,64,8.640625,41.4375,128.0,121.34492236728798,121.34492236728798,12.781748230062684
single-blocker,20,222,completed,96,9.953125,60.4375,192.0,168.39363820724176,168.39363820724176,14.010499934769529
single-blocker,20,222,completed,128,11.265625,79.4375,256.0,207.86040613878947,207.86040613878947,14.880873967254248
single-blocker,20,222,completed,160,12.578125,98.4375,320.0,242.42542448406374,242.42542448406374,15.551256556744391
single-blocker,20,222,completed,192,13.193359375,110.9296875,374.0,268.00524661807606,268.00524661807606,15.989401197155136
single-blocker,20,222,completed,224,13.193359375,117.6796875,427.0,290.6105866062538,290.6105866062538,16.3371829470113
single-blocker,20,222,completed,256,13.193359375,124.4296875,479.0,311.00712617129943,311.00712617129943,16.625741199986777
single-blocker,20,222,completed,288,13.193359375,131.1796875,527.0,328.3636465455499,328.3636465455499,16.852322228820462
single-blocker,20,222,completed,320,13.193359375,137.9296875,577.0,345.60678536191847,345.60678536191847,17.06738807525465
single-blocker,20,222,completed,352,13.193359375,144.6796875,626.0,361.59757335526587,361.59757335526587,17.25631480091327
single-blocker,20,222,completed,384,13.193359375,151.4296875,675.0,376.8734145574098,376.8734145574098,17.428923621219717
single-blocker,20,222,completed,416,13.193359375,158.1796875,725.0,391.8767793657659,391.8767793657659,17.592255243696403
single-blocker,20,222,completed,448,13.193359375,164.9296875,775.0,406.29782051940174,406.29782051940174,17.743245800747943
single-blocker,20,222,completed,480,13.193359375,171.6796875,825.0,420.1993192666031,420.1993192666031,17.883630378081072
single-blocker,20,222,completed,512,13.193359375,178.4296875,873.0,432.99677987203444,432.99677987203444,18.007620628627205
single-blocker,20,222,plugin,32,1.763671875,8.8359375,49.0,48.96821681185914,48.96821681185914,8.707378950570277
single-blocker,20,222,plugin,64,1.763671875,15.5859375,104.0,97.04745485487551,97.04745485487551,10.402825100500415
single-blocker,20,222,plugin,96,1.763671875,22.3359375,153.0,130.16163488087687,130.16163488087687,11.193258356114532
single-blocker,20,222,plugin,128,1.763671875,29.0859375,201.0,157.41423460874634,157.41423460874634,11.743885635941536
single-blocker,20,222,plugin,160,1.763671875,35.8359375,252.0,183.18493965485345,183.18493965485345,12.209484761620972
single-blocker,20,222,plugin,192,1.763671875,42.5859375,298.0,203.74814837036485,203.74814837036485,12.539187039014697
single-blocker,20,222,plugin,224,1.763671875,49.3359375,351.0,226.15684138631588,226.15684138631588,12.880087465857763
single-blocker,20,222,plugin,256,1.763671875,56.0859375,403.0,246.4088535126602,246.4088535126602,13.163991436316257
single-blocker,20,222,plugin,288,1.763671875,62.8359375,451.0,263.67036304582643,263.67036304582643,13.387700254173401
single-blocker,20,222,plugin,320,1.763671875,69.5859375,501.0,280.8227021623044,280.8227021623044,13.600160943192611
single-blocker,20,222,plugin,352,1.763671875,76.3359375,550.0,296.739814678306,296.739814678306,13.787074642757315
single-blocker,20,222,plugin,384,1.763671875,83.0859375,599.0,311.95121789738704,311.95121789738704,13.957997163868368
single-blocker,20,222,plugin,416,1.763671875,89.8359375,649.0,326.89445310636927,326.89445310636927,14.11981800603139
single-blocker,20,222,plugin,448,1.763671875,96.5859375,699.0,341.2621578989936,341.2621578989936,14.269519337794053
single-blocker,20,222,plugin,480,1.763671875,103.3359375,749.0,355.11592535012176,355.11592535012176,14.40879083712751
single-blocker,20,222,plugin,512,1.763671875,110.0859375,797.0,367.87491809088516,367.87491809088516,14.531912047843624
single-blocker,20,222,safe,32,14.8125,0.0,32.0,31.968216811859147,31.968216811859147,4.02724519543652
single-blocker,20,222,safe,64,29.625,0.0,64.0,57.42435623340214,57.42435623340214,4.7282659037057675
single-blocker,20,222,safe,96,44.4375,0.0,96.0,76.78319682780861,76.78319682780861,5.136346480888775
single-blocker,20,222,safe,128,59.25,0.0,128.0,93.03345515740088,93.03345515740088,5.425334592589174
single-blocker,20,222,safe,160,74.0625,0.0,160.0,107.31238195727079,107.31238195727079,5.649261224939744
single-blocker,20,222,safe,192,88.875,0.0,192.0,120.1978375468853,120.1978375468853,5.832104609707439
single-blocker,20,222,safe,224,103.6875,0.0,224.0,132.0310352083931,132.0310352083931,5.986627913082163
single-blocker,20,222,safe,256,118.5,0.0,256.0,143.03333360981438,143.03333360981438,6.120438712817281
single-blocker,20,222,safe,288,133.3125,0.0,288.0,153.35798108855585,153.35798108855585,6.238439029233648
single-blocker,20,222,safe,320,148.125,0.0,320.0,163.1162631808352,163.1162631808352,6.343973346894013
single-blocker,20,222,safe,352,162.9375,0.0,352.0,172.39200998111025,172.39200998111025,6.43942571339101
single-blocker,20,222,safe,384,177.75,0.0,384.0,181.25023096678382,181.25023096678382,6.5265555690159704
single-blocker,20,222,safe,416,192.5625,0.0,416.0,189.74254455085054,189.74254455085054,6.6066985205464555
single-blocker,20,222,safe,448,207.375,0.0,448.0,197.91074640079475,197.91074640079475,6.680892410683006
single-blocker,20,222,safe,480,222.1875,0.0,480.0,205.78924141297622,205.78924141297622,6.7499597404471405
single-blocker,20,222,safe,512,237.0,0.0,512.0,213.40675252840046,213.40675252840046,6.81456340954972
single-blocker,20,222,known,32,0.0,6.75,47.0,46.96821681185914,46.96821681185914,7.278807521998845
single-blocker,20,222,known,64,0.0,13.5,102.0,94.93811359426489,94.93811359426489,8.929852127527429
single-blocker,20,222,known,96,0.0,20.25,151.0,127.89503243837515,127.89503243837515,9.711776874633038
single-blocker,20,222,known,128,0.0,27.0,199.0,155.05640577869272,155.05640577869272,10.25817135022724
single-blocker,20,222,known,160,0.0,33.75,250.0,180.75302075793346,180.75302075793346,10.720720716677144
single-blocker,20,222,known,192,0.0,40.5,296.0,201.27547684889137,201.27547684889137,11.048895776878766
single-blocker,20,222,known,224,0.0,47.25,349.0,223.63666317139513,223.63666317139513,11.388151981986786
single-blocker,20,222,known,256,0.0,54.0,401.0,243.8535701754325,243.8535701754325,11.670935880760691
single-blocker,20,222,known,288,0.0,60.75,449.0,261.09192023770476,261.09192023770476,11.893950254173388
single-blocker,20,222,known,320,0.0,67.5,499.0,278.2220691200711,278.2220691200711,12.105778920720688
single-blocker,20,222,known,352,0.0,74.25,548.0,294.1211371198174,294.1211371198174,12.292202847885505
single-blocker,20,222,known,384,0.0,81.0,597.0,309.3167307112629,309.3167307112629,12.462714145000435
single-blocker,20,222,known,416,0.0,87.75,647.0,324.24519107552936,324.24519107552936,12.624165832118331
single-blocker,20,222,known,448,0.0,94.5,697.0,338.59977292100757,338.59977292100757,12.77355159585856
single-blocker,20,222,known,480,0.0,101.25,747.0,352.44178319116725,352.44178319116725,12.912550235623742
single-blocker,20,222,known,512,0.0,108.0,795.0,365.191291665005,365.191291665005,13.035458147134397
single-blocker,20,222,product,32,0.0,6.75,47.0,46.96821681185914,46.96821681185914,7.278807521998845
single-blocker,20,222,product,64,0.0,13.5,102.0,94.93811359426489,94.93811359426489,8.929852127527429
single-blocker,20,222,product,96,0.0,20.25,151.0,127.89503243837515,127.89503243837515,9.711776874633038
single-blocker,20,222,product,128,0.0,27.0,199.0,155.05640577869272,155.05640577869272,10.25817135022724
single-blocker,20,222,product,160,0.0,33.75,250.0,180.75302075793346,180.75302075793346,10.720720716677144
single-blocker,20,222,product,192,0.0,40.5,296.0,201.27547684889137,201.27547684889137,11.048895776878766
single-blocker,20,222,product,224,0.0,47.25,349.0,223.63666317139513,223.63666317139513,11.388151981986786
single-blocker,20,222,product,256,0.0,54.0,401.0,243.8535701754325,243.8535701754325,11.670935880760691
single-blocker,20,222,product,288,0.0,60.75,449.0,261.09192023770476,261.09192023770476,11.893950254173388
single-blocker,20,222,product,320,0.0,67.5,499.0,278.2220691200711,278.2220691200711,12.105778920720688
single-blocker,20,222,product,352,0.0,74.25,548.0,294.1211371198174,294.1211371198174,12.292202847885505
single-blocker,20,222,product,384,0.0,81.0,597.0,309.3167307112629,309.3167307112629,12.462714145000435
single-blocker,20,222,product,416,0.0,87.75,647.0,324.24519107552936,324.24519107552936,12.624165832118331
single-blocker,20,222,product,448,0.0,94.5,697.0,338.59977292100757,338.59977292100757,12.77355159585856
single-blocker,20,222,product,480,0.0,101.25,747.0,352.44178319116725,352.44178319116725,12.912550235623742
single-blocker,20,222,product,512,0.0,108.0,795.0,365.191291665005,365.191291665005,13.035458147134397
outcome-lag-64,22,222,prefix,32,10.5,27.0,64.0,64.0,64.0,29.258192233838706
outcome-lag-64,22,222,prefix,64,21.0,54.0,128.0,128.0,128.0,63.11808367307115
outcome-lag-64,22,222,prefix,96,23.953125,76.6875,191.73906891844607,190.91034539971713,190.91034539971713,90.56155023627734
outcome-lag-64,22,222,prefix,128,23.953125,97.6875,245.08255215263446,244.88628932989363,243.9846589794887,110.98273484355586
outcome-lag-64,22,222,prefix,160,23.953125,118.6875,289.69855565074687,292.66167312356043,288.6006624776011,128.01453479252564
outcome-lag-64,22,222,prefix,192,23.953125,139.6875,331.98146711475744,338.60081345664554,330.75209292961284,142.56804066667047
outcome-lag-64,22,222,prefix,224,23.953125,160.6875,367.97595486844625,378.80567067010355,366.6984651197258,153.86972888849277
outcome-lag-64,22,222,prefix,256,23.953125,181.6875,399.94266231138,415.192485657177,398.66517256265956,163.39629299373163
outcome-lag-64,22,222,prefix,288,23.953125,202.6875,429.2189775345425,449.21444209226314,427.94148778582206,172.2973874192348
outcome-lag-64,22,222,prefix,320,23.953125,223.6875,455.6207990427971,479.6945473305572,454.3433092940767,179.37365007793824
outcome-lag-64,22,222,prefix,352,23.953125,244.6875,480.4429945574621,508.05941969095784,479.1655048087417,185.5007126131586
outcome-lag-64,22,222,prefix,384,23.953125,265.6875,503.81573655756546,534.8818017113072,502.53824680884503,191.0681599521034
outcome-lag-64,22,222,prefix,416,23.953125,286.6875,525.9875219423277,560.4289433787234,524.7100321936072,196.26696007822528
outcome-lag-64,22,222,prefix,448,23.953125,307.6875,547.2537206913864,585.3856998814138,545.9762309426659,201.61678263475213
outcome-lag-64,22,222,prefix,480,23.953125,328.6875,567.6218787514418,609.086685615238,566.3443890027213,206.43271012454068
outcome-lag-64,22,222,prefix,512,23.953125,349.6875,587.0571738916984,631.1403053650353,585.7796841429779,210.29588688586156
outcome-lag-64,22,222,intersection,32,10.5,27.0,64.0,64.0,64.0,29.258192233838706
outcome-lag-64,22,222,intersection,64,14.109375,50.0625,128.0,128.0,128.0,58.976623278981144
outcome-lag-64,22,222,intersection,96,14.109375,71.0625,191.73906891844607,191.13053905629906,191.11518101721583,86.10388499854302
outcome-lag-64,22,222,intersection,128,14.109375,92.0625,245.7813550426642,245.86972403850868,245.0343581553342,105.16842004478103
outcome-lag-64,22,222,intersection,160,14.109375,113.0625,291.45102655255397,294.6745999850269,290.6939463179812,120.30423909953838
outcome-lag-64,22,222,intersection,192,14.109375,134.0625,331.0923820180845,339.0046570399612,330.33530178351174,133.53885960318163
outcome-lag-64,22,222,intersection,224,14.109375,155.0625,365.3604396792758,378.1040002106259,364.6033594447031,144.30427735324224
outcome-lag-64,22,222,intersection,256,14.109375,176.0625,396.20188829586,413.43438808059096,395.4442710036145,153.28670843788063
outcome-lag-64,22,222,intersection,288,14.109375,197.0625,424.5685988546249,446.45306615749354,423.8109815623794,161.64837702488887
outcome-lag-64,22,222,intersection,320,14.109375,218.0625,450.7000985637747,476.61066762327056,449.94248127152923,168.498036943836
outcome-lag-64,22,222,intersection,352,14.109375,239.0625,475.33387390686914,504.738486249703,474.5762566146237,174.46036278303714
outcome-lag-64,22,222,intersection,384,14.109375,260.0625,498.5511542792342,531.3436188149651,497.79353698698867,179.9020983168404
outcome-lag-64,22,222,intersection,416,14.109375,281.0625,520.6513807853053,556.7963881890227,519.8937634930597,185.04632025313936
outcome-lag-64,22,222,intersection,448,14.109375,302.0625,541.7460602017447,581.5307656763666,540.9884429094992,190.2904322359441
outcome-lag-64,22,222,intersection,480,14.109375,323.0625,561.9783768652115,605.0587836938344,561.220759572966,195.0272333958115
outcome-lag-64,22,222,intersection,512,14.109375,344.0625,581.6269634972449,627.3567253575966,580.8693462049994,198.95589534782255
outcome-lag-64,22,222,completed,32,6.5625,24.75,64.0,64.0,64.0,28.777198531833005
outcome-lag-64,22,222,completed,64,9.7421875,38.53125,117.0,117.0,117.0,55.551281537330645
outcome-lag-64,22,222,completed,96,16.6796875,43.78125,156.82084716622788,156.19695926499764,156.19695926499764,70.67275375568309
outcome-lag-64,22,222,completed,128,16.6796875,64.78125,212.78054119483244,212.33398608966854,211.7324977738612,85.25632753339859
outcome-lag-64,22,222,completed,160,16.6796875,85.78125,262.1909278681682,263.9245564062879,260.8851476402714,100.9533961150149
outcome-lag-64,22,222,completed,192,16.6796875,106.78125,305.80680111765514,311.43882996691985,304.43513412238667,115.58920156628237
outcome-lag-64,22,222,completed,224,16.6796875,127.78125,342.7418078479385,352.9679149351982,341.37014085267003,127.29836161559045
outcome-lag-64,22,222,completed,256,16.6796875,148.78125,375.37561724555883,390.0045501431902,373.98819215224614,136.87133617373775
outcome-lag-64,22,222,completed,288,16.6796875,169.78125,405.03910809173493,424.29625288674634,403.6470856904283,145.64956301939927
outcome-lag-64,22,222,completed,320,16.6796875,190.78125,432.3715864395907,455.66707505864036,430.9795640382841,152.8360468546939
outcome-lag-64,22,222,completed,352,16.6796875,211.78125,458.0149913047814,484.84009074272933,456.62296890347477,159.09667972962598
outcome-lag-64,22,222,completed,384,16.6796875,232.78125,482.05911424569155,512.3417120392618,480.6670918443849,164.8100285969432
outcome-lag-64,22,222,completed,416,16.6796875,253.78125,504.8973308420211,538.6321704644038,503.5053084407145,170.22264691016622
outcome-lag-64,22,222,completed,448,16.6796875,274.78125,526.5628243095324,564.0523083176118,525.1708019082258,175.700487928859
outcome-lag-64,22,222,completed,480,16.6796875,295.78125,547.3029942449584,588.172735509081,545.9109718436519,180.62207296611393
outcome-lag-64,22,222,completed,512,16.6796875,316.78125,567.604446567283,611.2054362669405,566.2124241659765,184.75668826554153
outcome-lag-64,22,222,plugin,32,2.3828125,10.40625,49.0,49.0,49.0,16.839833781934605
outcome-lag-64,22,222,plugin,64,3.3828125,19.40625,101.0,101.0,101.0,41.01918260113445
outcome-lag-64,22,222,plugin,96,4.35546875,28.734375,150.82084716622788,150.19695926499764,150.19695926499764,60.73544485502054
outcome-lag-64,22,222,plugin,128,5.35546875,37.734375,191.0422001509927,190.94859378544152,190.27101060391803,74.63224300632169
outcome-lag-64,22,222,plugin,160,6.3203125,47.15625,220.34858521326345,223.24775217641394,219.57739566618878,84.8754710612222
outcome-lag-64,22,222,plugin,192,7.203125,57.5625,250.08798116534646,257.15056014986567,249.3167916182718,94.9525343444042
outcome-lag-64,22,222,plugin,224,8.078125,68.0625,275.1279005201871,286.2045341520788,274.35671097311246,103.24209182159797
outcome-lag-64,22,222,plugin,256,8.953125,78.5625,298.74869429810593,313.9408659112883,297.9775047510313,110.79803772707476
outcome-lag-64,22,222,plugin,288,9.828125,89.0625,321.41690610421193,341.08511567275457,320.6457165571373,118.2451912756714
outcome-lag-64,22,222,plugin,320,10.703125,99.5625,340.0992933654233,363.4187613589763,339.32810381834867,124.03381823332572
outcome-lag-64,22,222,plugin,352,11.578125,110.0625,357.6859149962429,384.04275117092766,356.91472544916826,128.90991209286622
outcome-lag-64,22,222,plugin,384,12.453125,120.5625,374.6113646894788,403.7851714493855,373.8401751424042,133.2346891104364
outcome-lag-64,22,222,plugin,416,13.328125,131.0625,390.3194642353992,422.03409559199406,389.54827468832457,137.04934451578578
outcome-lag-64,22,222,plugin,448,14.203125,141.5625,406.46115494255554,441.06242341046527,405.6899653954809,141.17894047988582
outcome-lag-64,22,222,plugin,480,15.078125,152.0625,421.91927399736414,459.2050626917672,421.1480844502895,144.97617910267837
outcome-lag-64,22,222,plugin,512,15.953125,162.5625,433.0588610740603,472.02091010223336,432.28767152698566,147.3775436349525
outcome-lag-64,22,222,safe,32,9.25,0.0,32.0,32.0,32.0,9.161509328610151
outcome-lag-64,22,222,safe,64,18.5,0.0,64.0,64.0,64.0,23.854895004396283
outcome-lag-64,22,222,safe,96,27.75,0.0,95.82084716622786,95.1969592649977,95.1969592649977,37.08994051965646
outcome-lag-64,22,222,safe,128,37.0,0.0,120.42196382674159,120.2809246995929,119.67943638378559,46.21263573635979
outcome-lag-64,22,222,safe,160,46.25,0.0,139.1863114024433,141.34628183739088,138.4437839594873,53.22299270663846
outcome-lag-64,22,222,safe,192,55.5,0.0,155.0608124556053,160.15474862874473,154.31828501264928,59.32884729314542
outcome-lag-64,22,222,safe,224,64.75,0.0,169.07462092921116,177.2648731824516,168.33209348625516,64.76029748871923
outcome-lag-64,22,222,safe,256,74.0,0.0,181.75747851247164,192.44077151737022,181.01495106951563,69.06770822195175
outcome-lag-64,22,222,safe,288,83.25,0.0,193.40928302540047,206.49747080079288,192.66675558244447,72.91776034304941
outcome-lag-64,22,222,safe,320,92.5,0.0,204.2488030117209,219.69113240893773,203.5062755687649,76.45867417657523
outcome-lag-64,22,222,safe,352,101.75,0.0,214.44412522418162,231.7036464082734,213.70159778122562,79.29089374213287
outcome-lag-64,22,222,safe,384,111.0,0.0,224.07230880391916,242.87323311844617,223.32978136096315,81.68938932225694
outcome-lag-64,22,222,safe,416,120.25,0.0,233.23400881953427,253.52520659009897,232.49148137657826,83.92919216137354
outcome-lag-64,22,222,safe,448,129.5,0.0,241.99215904896477,263.72078204377834,241.24963160600876,86.03075965524509
outcome-lag-64,22,222,safe,480,138.75,0.0,250.39034651913448,273.60279051798966,249.64781907617848,88.103340447039
outcome-lag-64,22,222,safe,512,148.0,0.0,258.47705674788904,283.0325757936334,257.73452930493306,89.98021827636111
outcome-lag-64,22,222,known,32,0.0,21.0,64.0,64.0,64.0,28.192411759512584
outcome-lag-64,22,222,known,64,0.0,42.0,128.0,128.0,128.0,60.00577553141942
outcome-lag-64,22,222,known,96,0.0,63.0,191.82084716622788,191.19695926499764,191.19695926499764,86.55265420279432
outcome-lag-64,22,222,known,128,0.0,84.0,247.54019495018204,247.41816503980948,246.59160996378438,104.84918610486686
outcome-lag-64,22,222,known,160,0.0,105.0,292.91545620994486,296.07488630611675,291.6994766441858,119.48553647612624
outcome-lag-64,22,222,known,192,0.0,126.0,330.9632697144446,339.2818058249829,329.7472901486855,132.14871782515525
outcome-lag-64,22,222,known,224,0.0,147.0,364.7153234584741,378.045364005187,363.499343892715,142.73751384539818
outcome-lag-64,22,222,known,256,0.0,168.0,395.06904991650043,412.8107874067265,393.8449546489646,151.3949610830689
outcome-lag-64,22,222,known,288,0.0,189.0,422.92132561417975,445.1580229883577,421.6972303466439,159.36352484612829
outcome-lag-64,22,222,known,320,0.0,210.0,449.0500512554101,475.2353570163024,447.82595598787424,166.075073795342
outcome-lag-64,22,222,known,352,0.0,231.0,473.6954930495074,503.31425608328396,472.4713977819715,171.94135871965423
outcome-lag-64,22,222,known,384,0.0,252.0,496.9036824516041,529.8505825900047,495.6795871840682,177.31329893854993
outcome-lag-64,22,222,known,416,0.0,273.0,519.0496174541925,555.3346787281251,517.8255221866566,182.45128204583278
outcome-lag-64,22,222,known,448,0.0,294.0,540.0585259942235,579.9450894015479,538.8344307266876,187.63039305513533
outcome-lag-64,22,222,known,480,0.0,315.0,560.2249667448115,603.3781828730313,559.0008714772756,192.31783466775033
outcome-lag-64,22,222,known,512,0.0,336.0,580.1678326433503,626.0085005358491,578.9437373758144,196.3405903949512
outcome-lag-64,22,222,product,32,10.5,27.0,64.0,64.0,64.0,29.258192233838706
outcome-lag-64,22,222,product,64,21.0,54.0,128.0,128.0,128.0,63.11808367307115
outcome-lag-64,22,222,product,96,31.5,81.0,191.7318429932364,189.8481283578916,189.8481283578916,89.67339611786815
outcome-lag-64,22,222,product,128,42.0,108.0,241.39435569287645,239.6766596159667,238.68942765290385,107.43273029684477
outcome-lag-64,22,222,product,160,52.5,135.0,280.38896846436813,282.7458070916653,277.68404042439556,120.80407260281645
outcome-lag-64,22,222,product,192,63.0,162.0,313.83867588329235,321.1587892541014,311.1337478433198,133.113383107949
outcome-lag-64,22,222,product,224,73.5,189.0,343.75178865209125,356.1980680269328,341.0468606121187,143.07616369324123
outcome-lag-64,22,222,product,256,84.0,216.0,370.5357495527943,387.5351328123312,367.83082151282173,151.522231091075
outcome-lag-64,22,222,product,288,94.5,243.0,395.3614682969488,416.802289836351,392.6565402569762,159.27940755874909
outcome-lag-64,22,222,product,320,105.0,270.0,417.96380762634493,443.999653111794,415.25887958637236,166.49111168842268
outcome-lag-64,22,222,product,352,115.5,297.0,439.2963556692109,469.091542335275,436.5914276292383,172.34459528527685
outcome-lag-64,22,222,product,384,126.0,324.0,459.49540681010666,492.61922382114903,456.79047877013403,177.39428575696667
outcome-lag-64,22,222,product,416,136.5,351.0,480.88259003733066,517.2428488656162,478.17766199735803,182.2517241506775
outcome-lag-64,22,222,product,448,147.0,378.0,500.06022979816106,539.6976829837301,497.35530175818843,187.1240263257982
outcome-lag-64,22,222,product,480,157.5,405.0,517.8055148261124,560.5724638683629,515.1005867861397,191.62403547550585
outcome-lag-64,22,222,product,512,168.0,432.0,535.6934737546816,581.115782655284,532.988545714709,195.37865753916324
single-blocker,22,222,prefix,32,10.5,27.0,64.0,63.960661021301576,63.960661021301576,8.02223232635691
single-blocker,22,222,prefix,64,21.0,54.0,128.0,115.48769550758203,115.48769550758203,10.424529759280457
single-blocker,22,222,prefix,96,31.5,81.0,192.0,154.4644221785706,154.4644221785706,11.251528348115732
single-blocker,22,222,prefix,128,42.0,108.0,256.0,187.11694957104712,187.11694957104712,11.834858661493803
single-blocker,22,222,prefix,160,52.5,135.0,320.0,217.4965688109944,217.4965688109944,13.350006065047591
single-blocker,22,222,prefix,192,63.0,162.0,384.0,245.28367534467083,245.28367534467083,14.214393322372857
single-blocker,22,222,prefix,224,73.5,189.0,448.0,271.0975349528721,271.0975349528721,14.851754743034876
single-blocker,22,222,prefix,256,84.0,216.0,512.0,294.68622082982415,294.68622082982415,15.291867474846393
single-blocker,22,222,prefix,288,94.5,243.0,576.0,316.9528164808693,316.9528164808693,15.674856195919485
single-blocker,22,222,prefix,320,105.0,270.0,640.0,337.418419498589,337.418419498589,15.954800067869883
single-blocker,22,222,prefix,352,115.5,297.0,704.0,356.91203268082387,356.91203268082387,16.21000762347797
single-blocker,22,222,prefix,384,126.0,324.0,768.0,375.5657828897651,375.5657828897651,16.444590347646713
single-blocker,22,222,prefix,416,136.5,351.0,832.0,395.6837969120972,395.6837969120972,16.804354227158964
single-blocker,22,222,prefix,448,147.0,378.0,896.0,413.72427183453,413.72427183453,17.040953333080775
single-blocker,22,222,prefix,480,157.5,405.0,960.0,430.4470886014674,430.4470886014674,17.222331698426558
single-blocker,22,222,prefix,512,168.0,432.0,1024.0,447.40277002580274,447.40277002580274,17.429316399498155
single-blocker,22,222,intersection,32,5.578125,24.1875,64.0,63.96821681185914,63.96821681185914,10.435915588510937
single-blocker,22,222,intersection,64,5.578125,45.1875,128.0,121.29725752745716,121.29725752745716,12.778717927032377
single-blocker,22,222,intersection,96,5.578125,66.1875,192.0,168.419054421067,168.419054421067,14.011830901938998
single-blocker,22,222,intersection,128,5.578125,87.1875,256.0,207.87672855263068,207.87672855263068,14.881618384127691
single-blocker,22,222,intersection,160,5.578125,108.1875,320.0,242.5182742340374,242.5182742340374,15.555061554982673
single-blocker,22,222,intersection,192,5.578125,129.1875,384.0,273.7379064467589,273.7379064467589,16.103810296300967
single-blocker,22,222,intersection,224,5.578125,150.1875,448.0,302.3855002944339,302.3855002944339,16.567102244514167
single-blocker,22,222,intersection,256,5.578125,171.1875,512.0,328.9472383644471,328.9472383644471,16.96611282126431
single-blocker,22,222,intersection,288,5.578125,192.1875,576.0,353.75305780902977,353.75305780902977,17.31455803858645
single-blocker,22,222,intersection,320,5.578125,213.1875,640.0,377.3960509600626,377.3960509600626,17.632382130995616
single-blocker,22,222,intersection,352,5.578125,234.1875,704.0,399.8636592302526,399.8636592302526,17.919710573195403
single-blocker,22,222,intersection,384,5.578125,255.1875,768.0,421.27709767993775,421.27709767993775,18.18087212900621
single-blocker,22,222,intersection,416,5.578125,276.1875,832.0,441.84089943751593,441.84089943751593,18.422060924383292
single-blocker,22,222,intersection,448,5.578125,297.1875,896.0,461.5067795301634,461.5067795301634,18.642550285915473
single-blocker,22,222,intersection,480,5.578125,318.1875,960.0,480.4680101362312,480.4680101362312,18.847737148828163
single-blocker,22,222,intersection,512,5.578125,339.1875,1024.0,499.18241146455716,499.18241146455716,19.048662450910406
single-blocker,22,222,completed,32,5.25,24.0,64.0,63.96821681185914,63.96821681185914,10.501572154167505
single-blocker,22,222,completed,64,5.25,45.0,128.0,121.34492236728799,121.34492236728799,12.78174823006268
single-blocker,22,222,completed,96,5.25,66.0,192.0,168.42752165004518,168.42752165004518,14.01227416435035
single-blocker,22,222,completed,128,5.25,87.0,256.0,207.88216762420515,207.88216762420515,14.881866400000716
single-blocker,22,222,completed,160,5.25,108.0,320.0,242.52213807002275,242.52213807002275,15.555219782830779
single-blocker,22,222,completed,192,5.25,129.0,384.0,273.71742014673873,273.71742014673873,16.10304174118459
single-blocker,22,222,completed,224,5.25,150.0,448.0,302.36003565161957,302.36003565161957,16.566215290797043
single-blocker,22,222,completed,256,5.25,171.0,512.0,328.9112775235888,328.9112775235888,16.964937515066147
single-blocker,22,222,completed,288,5.25,192.0,576.0,353.7038182032269,353.7038182032269,17.313034846762577
single-blocker,22,222,completed,320,5.25,213.0,640.0,377.35141941801544,377.35141941801544,17.631070942184458
single-blocker,22,222,completed,352,5.25,234.0,704.0,399.82272241654886,399.82272241654886,17.918562806421654
single-blocker,22,222,completed,384,5.25,255.0,768.0,421.23711502695573,421.23711502695573,18.17979751201078
single-blocker,22,222,completed,416,5.25,276.0,832.0,441.80368698819,441.80368698819,18.421099295712732
single-blocker,22,222,completed,448,5.25,297.0,896.0,461.4669752293713,461.4669752293713,18.64155741835189
single-blocker,22,222,completed,480,5.25,318.0,960.0,480.42624668645624,480.42624668645624,18.84672915561891
single-blocker,22,222,completed,512,5.25,339.0,1024.0,499.1539694869054,499.1539694869054,19.047999054940203
single-blocker,22,222,plugin,32,1.77734375,12.046875,50.0,49.96821681185914,49.96821681185914,8.778807521998848
single-blocker,22,222,plugin,64,2.65234375,22.546875,103.0,96.1441326404419,96.1441326404419,10.375047322722635
single-blocker,22,222,plugin,96,3.52734375,33.046875,152.0,129.42117529086147,129.42117529086147,11.174390431586223
single-blocker,22,222,plugin,128,4.40234375,43.546875,200.0,156.76732287159524,156.76732287159524,11.729392882318338
single-blocker,22,222,plugin,160,5.27734375,54.046875,248.0,180.8792086758032,180.8792086758032,12.163234259524664
single-blocker,22,222,plugin,192,6.15234375,64.546875,300.0,204.80021740668278,204.80021740668278,12.558511161494149
single-blocker,22,222,plugin,224,7.02734375,75.046875,350.0,225.6750402056142,225.6750402056142,12.871957384556945
single-blocker,22,222,plugin,256,7.90234375,85.546875,402.0,245.96256028193133,245.96256028193133,13.156998429323243
single-blocker,22,222,plugin,288,8.77734375,96.046875,456.0,265.76496660500396,265.76496660500396,13.41856680410455
single-blocker,22,222,plugin,320,9.65234375,106.546875,505.0,282.4134113202802,282.4134113202802,13.622445930333472
single-blocker,22,222,plugin,352,10.52734375,117.046875,554.0,298.2592122894743,298.2592122894743,13.807431535884323
single-blocker,22,222,plugin,384,11.40234375,127.546875,604.0,313.7701423769015,313.7701423769015,13.981362670297782
single-blocker,22,222,plugin,416,12.27734375,138.046875,653.0,328.2928086271874,328.2928086271874,14.137097026768501
single-blocker,22,222,plugin,448,13.15234375,148.546875,705.0,343.27762985395094,343.27762985395094,14.293472546998835
single-blocker,22,222,plugin,480,14.02734375,159.046875,757.0,357.7056819684364,357.7056819684364,14.438477584233667
single-blocker,22,222,plugin,512,14.90234375,169.546875,798.0,368.1912916650049,368.1912916650049,14.535458147134406
single-blocker,22,222,safe,32,9.25,0.0,32.0,31.968216811859147,31.968216811859147,4.02724519543652
single-blocker,22,222,safe,64,18.5,0.0,64.0,57.42435623340214,57.42435623340214,4.7282659037057675
single-blocker,22,222,safe,96,27.75,0.0,96.0,76.78319682780861,76.78319682780861,5.136346480888775
single-blocker,22,222,safe,128,37.0,0.0,128.0,93.03345515740088,93.03345515740088,5.425334592589174
single-blocker,22,222,safe,160,46.25,0.0,160.0,107.31238195727079,107.31238195727079,5.649261224939744
single-blocker,22,222,safe,192,55.5,0.0,192.0,120.1978375468853,120.1978375468853,5.832104609707439
single-blocker,22,222,safe,224,64.75,0.0,224.0,132.0310352083931,132.0310352083931,5.986627913082163
single-blocker,22,222,safe,256,74.0,0.0,256.0,143.03333360981438,143.03333360981438,6.120438712817281
single-blocker,22,222,safe,288,83.25,0.0,288.0,153.35798108855585,153.35798108855585,6.238439029233648
single-blocker,22,222,safe,320,92.5,0.0,320.0,163.1162631808352,163.1162631808352,6.343973346894013
single-blocker,22,222,safe,352,101.75,0.0,352.0,172.39200998111025,172.39200998111025,6.43942571339101
single-blocker,22,222,safe,384,111.0,0.0,384.0,181.25023096678382,181.25023096678382,6.5265555690159704
single-blocker,22,222,safe,416,120.25,0.0,416.0,189.74254455085054,189.74254455085054,6.6066985205464555
single-blocker,22,222,safe,448,129.5,0.0,448.0,197.91074640079475,197.91074640079475,6.680892410683006
single-blocker,22,222,safe,480,138.75,0.0,480.0,205.78924141297622,205.78924141297622,6.7499597404471405
single-blocker,22,222,safe,512,148.0,0.0,512.0,213.40675252840046,213.40675252840046,6.81456340954972
single-blocker,22,222,known,32,0.0,21.0,64.0,63.96821681185914,63.96821681185914,10.66370318189451
single-blocker,22,222,known,64,0.0,42.0,128.0,121.04745485487554,121.04745485487554,12.757244816715462
single-blocker,22,222,known,96,0.0,63.0,192.0,168.12116435671297,168.12116435671297,13.996191638953349
single-blocker,22,222,known,128,0.0,84.0,256.0,207.68581280883927,207.68581280883927,14.872898850373884
single-blocker,22,222,known,160,0.0,105.0,320.0,242.38279260262635,242.38279260262635,15.549507749113223
single-blocker,22,222,known,192,0.0,126.0,384.0,273.4707957348356,273.4707957348356,16.093772711485247
single-blocker,22,222,known,224,0.0,147.0,448.0,302.1092501668091,302.1092501668091,16.557464983497383
single-blocker,22,222,known,256,0.0,168.0,512.0,328.61499639074947,328.61499639074947,16.955235043569253
single-blocker,22,222,known,288,0.0,189.0,576.0,353.34019332608034,353.34019332608034,17.30176016032849
single-blocker,22,222,known,320,0.0,210.0,640.0,377.0257011960823,377.0257011960823,17.6214829515995
single-blocker,22,222,known,352,0.0,231.0,704.0,399.5270921538647,399.5270921538647,17.91025976671263
single-blocker,22,222,known,384,0.0,252.0,768.0,420.95337802113744,420.95337802113744,18.172159346160157
single-blocker,22,222,known,416,0.0,273.0,832.0,441.54164995841785,441.54164995841785,18.41431825260299
single-blocker,22,222,known,448,0.0,294.0,896.0,461.19335386784866,461.19335386784866,18.634722497913607
single-blocker,22,222,known,480,0.0,315.0,960.0,480.1441950847813,480.1441950847813,18.839911855977903
single-blocker,22,222,known,512,0.0,336.0,1024.0,498.9552035888049,498.9552035888049,19.043358424384557
single-blocker,22,222,product,32,10.5,27.0,64.0,63.960661021301576,63.960661021301576,8.02223232635691
single-blocker,22,222,product,64,21.0,54.0,128.0,115.48769550758203,115.48769550758203,10.424529759280457
single-blocker,22,222,product,96,31.5,81.0,192.0,154.4644221785706,154.4644221785706,11.251528348115732
single-blocker,22,222,product,128,42.0,108.0,256.0,187.11694957104712,187.11694957104712,11.834858661493803
single-blocker,22,222,product,160,52.5,135.0,320.0,217.4965688109944,217.4965688109944,13.350006065047591
single-blocker,22,222,product,192,63.0,162.0,384.0,245.28367534467083,245.28367534467083,14.214393322372857
single-blocker,22,222,product,224,73.5,189.0,448.0,271.0975349528721,271.0975349528721,14.851754743034876
single-blocker,22,222,product,256,84.0,216.0,512.0,294.68622082982415,294.68622082982415,15.291867474846393
single-blocker,22,222,product,288,94.5,243.0,576.0,316.9528164808693,316.9528164808693,15.674856195919485
single-blocker,22,222,product,320,105.0,270.0,640.0,337.418419498589,337.418419498589,15.954800067869883
single-blocker,22,222,product,352,115.5,297.0,704.0,356.91203268082387,356.91203268082387,16.21000762347797
single-blocker,22,222,product,384,126.0,324.0,768.0,375.5657828897651,375.5657828897651,16.444590347646713
single-blocker,22,222,product,416,136.5,351.0,832.0,395.6837969120972,395.6837969120972,16.804354227158964
single-blocker,22,222,product,448,147.0,378.0,896.0,413.72427183453,413.72427183453,17.040953333080775
single-blocker,22,222,product,480,157.5,405.0,960.0,430.4470886014674,430.4470886014674,17.222331698426558
single-blocker,22,222,product,512,168.0,432.0,1024.0,447.40277002580274,447.40277002580274,17.429316399498155
outcome-lag-64,24,222,prefix,32,3.6875,25.0,64.0,64.0,64.0,37.51045309242615
outcome-lag-64,24,222,prefix,64,7.375,50.0,128.0,128.0,128.0,77.17759241074667
outcome-lag-64,24,222,prefix,96,8.875,73.75,191.75339106880133,191.6128581967428,191.51742800574712,109.52113580640946
outcome-lag-64,24,222,prefix,128,9.0625,96.75,245.57343697990333,246.8661618365005,244.74903729238065,127.20051317071797
outcome-lag-64,24,222,prefix,160,9.25,119.75,290.7403301760419,295.58361732063406,289.83018540371546,140.38233911238294
outcome-lag-64,24,222,prefix,192,9.4375,142.75,331.0106987581318,338.4537179507638,328.274156780158,151.472355656825
outcome-lag-64,24,222,prefix,224,9.625,165.75,368.9272109386117,377.4748348466976,363.6225276946434,160.62616513004565
outcome-lag-64,24,222,prefix,256,9.8125,188.75,400.42792480663576,412.24011110280634,394.5355205640296,168.75629389776554
outcome-lag-64,24,222,prefix,288,10.0,211.75,429.04070804626406,444.14767115568765,423.07577019402976,175.74318029096375
outcome-lag-64,24,222,prefix,320,10.1875,234.75,456.03048314374945,474.70874550022216,450.06554529151515,182.57409725545284
outcome-lag-64,24,222,prefix,352,10.375,257.75,481.2536431706979,503.60178367821896,475.28870531846354,189.01269121385076
outcome-lag-64,24,222,prefix,384,10.5625,280.75,504.48579401300714,529.9944848442854,498.3874007858059,194.2538435845992
outcome-lag-64,24,222,prefix,416,10.62109375,302.546875,526.1484918291926,554.1895832069342,519.7981701592387,198.514769687089
outcome-lag-64,24,222,prefix,448,10.62109375,323.796875,546.8794338882229,577.5501722462368,540.529112218269,202.60445426250195
outcome-lag-64,24,222,prefix,480,10.62109375,345.046875,565.2918831489834,598.9720564629561,558.9415614790295,206.86730297113147
outcome-lag-64,24,222,prefix,512,10.62109375,366.296875,584.5266527064418,621.2453748788859,578.1763310364879,211.10636797632225
outcome-lag-64,24,222,intersection,32,2.484375,24.3125,64.0,64.0,64.0,32.611434483508965
outcome-lag-64,24,222,intersection,64,4.640625,48.4375,128.0,128.0,128.0,65.26398299401622
outcome-lag-64,24,222,intersection,96,4.9375,71.5,191.84882125979703,191.6128581967428,191.6128581967428,93.17135425087504
outcome-lag-64,24,222,intersection,128,5.125,94.5,247.1571087936855,245.93378836280198,245.0745244812333,109.47156373420869
outcome-lag-64,24,222,intersection,160,5.3125,117.5,292.0233229481656,292.9712863282876,288.51394894959196,122.320653356244
outcome-lag-64,24,222,intersection,192,5.48828125,140.390625,330.3491991744563,334.8846229256236,325.7378203348856,133.46872770687258
outcome-lag-64,24,222,intersection,224,5.529296875,162.0234375,364.1319952438862,371.5821720207365,358.6359873127093,142.2349981836874
outcome-lag-64,24,222,intersection,256,5.529296875,183.2734375,394.67492314771715,406.0802631038311,389.0791308729046,150.43588552583125
outcome-lag-64,24,222,intersection,288,5.529296875,204.5234375,420.6100088120515,435.5344914590492,415.00783688108004,156.97805857163306
outcome-lag-64,24,222,intersection,320,5.529296875,225.7734375,445.8901587915588,464.5538218249182,440.28798686058735,163.40111029137418
outcome-lag-64,24,222,intersection,352,5.529296875,247.0234375,469.25019820220473,491.7413453915339,463.6480262712333,169.5214474808006
outcome-lag-64,24,222,intersection,384,5.529296875,268.2734375,492.63507340137727,518.5207904602539,486.9745124635376,174.9183573570202
outcome-lag-64,24,222,intersection,416,5.529296875,289.5234375,514.0701387842288,542.6572396744052,508.2268103447196,179.31282357522116
outcome-lag-64,24,222,intersection,448,5.529296875,310.7734375,534.8804364729389,566.1356245385,529.0328405460858,183.44374384769898
outcome-lag-64,24,222,intersection,480,5.529296875,332.0234375,553.4589768082934,587.8192835336082,547.6113808814404,187.82758157431317
outcome-lag-64,24,222,intersection,512,5.529296875,353.2734375,572.7697291034386,610.2655400168386,566.9221331765856,192.17433796644997
outcome-lag-64,24,222,completed,32,1.828125,23.9375,64.0,64.0,64.0,32.479268269127786
outcome-lag-64,24,222,completed,64,2.640625,44.0625,124.0,124.0,124.0,60.0621069841368
outcome-lag-64,24,222,completed,96,5.328125,55.5625,171.84882125979703,171.6128581967428,171.6128581967428,81.37707772394606
outcome-lag-64,24,222,completed,128,5.515625,78.5625,227.99219028998272,226.76718053812016,226.60414108284613,97.96355978110648
outcome-lag-64,24,222,completed,160,5.703125,101.5625,275.8911822863192,275.61620033266485,272.8229008500268,111.8369022112741
outcome-lag-64,24,222,completed,192,5.873046875,124.3984375,315.4867283839141,318.8301089034867,311.2026078188759,123.79912932163809
outcome-lag-64,24,222,completed,224,5.87890625,145.703125,350.2834521164879,356.6041461305765,345.08790747166813,132.99089769559922
outcome-lag-64,24,222,completed,256,5.87890625,166.953125,381.87183459961534,392.28548281917773,376.5813586639029,141.66476333269327
outcome-lag-64,24,222,completed,288,5.87890625,188.203125,408.61038634221865,422.62326861650286,403.3110117242124,148.53063809393387
outcome-lag-64,24,222,completed,320,5.87890625,209.453125,434.4579481178922,452.2795024226867,429.15857349988596,155.1812276423582
outcome-lag-64,24,222,completed,352,5.87890625,230.703125,458.26208854747466,479.96906704369314,452.9627139294684,161.46792495249255
outcome-lag-64,24,222,completed,384,5.87890625,251.953125,482.2093941329676,507.3887429495055,476.84557161732226,167.06428713125786
outcome-lag-64,24,222,completed,416,5.87890625,273.203125,504.1109658383846,532.0729393468038,498.55609624152663,171.64757084271895
outcome-lag-64,24,222,completed,448,5.87890625,294.453125,525.2835409166959,555.9852257834497,519.7239303104465,175.92882594479306
outcome-lag-64,24,222,completed,480,5.87890625,315.703125,544.1842857762382,578.0804014259584,538.6246751699888,180.47007277170374
outcome-lag-64,24,222,completed,512,5.87890625,336.953125,563.7762811762257,600.8923703614128,558.2166705699763,184.95110815281427
outcome-lag-64,24,222,plugin,32,2.53515625,17.203125,55.0,55.0,55.0,23.677633586301155
outcome-lag-64,24,222,plugin,64,5.59765625,29.703125,107.0,107.0,107.0,45.97871502929969
outcome-lag-64,24,222,plugin,96,5.7890625,50.40625,169.84882125979703,169.46648150025445,169.46648150025445,70.01797312285272
outcome-lag-64,24,222,plugin,128,5.7890625,71.65625,224.7371571423646,221.93684437564093,221.82279067732082,87.29281747096645
outcome-lag-64,24,222,plugin,160,5.7890625,92.90625,270.1211380707364,268.0239081223889,266.4826547087571,102.60483555082487
outcome-lag-64,24,222,plugin,192,5.7890625,114.15625,309.0197536287401,310.6630323497996,304.7927505585019,115.07744386968876
outcome-lag-64,24,222,plugin,224,5.7890625,135.40625,343.44319220137936,348.5615266249913,338.7576671468842,124.39600311406126
outcome-lag-64,24,222,plugin,256,5.7890625,156.65625,375.51980193736614,384.95474567108255,370.8155822779443,133.44984205190354
outcome-lag-64,24,222,plugin,288,5.7890625,177.90625,402.7325252581028,415.85526327368524,398.0236109417539,140.56944972905598
outcome-lag-64,24,222,plugin,320,5.7890625,199.15625,428.716286069637,445.7176548421468,424.0073717532881,147.33142789562325
outcome-lag-64,24,222,plugin,352,5.7890625,220.40625,452.6001124391484,473.53711427495745,447.8911981227995,153.67727088665893
outcome-lag-64,24,222,plugin,384,5.7890625,241.65625,476.87613780502767,501.3781108081352,472.11294211319245,159.43562220584434
outcome-lag-64,24,222,plugin,416,5.7890625,262.90625,499.0605360538368,526.4415772784246,494.1204562751178,164.1945699456863
outcome-lag-64,24,222,plugin,448,5.7890625,284.15625,520.391202707803,550.578831769708,515.4471904994718,168.59333433582677
outcome-lag-64,24,222,plugin,480,5.7890625,305.40625,539.4754125513524,572.930396827498,534.5314003430212,173.25612182669
outcome-lag-64,24,222,plugin,512,5.7890625,326.65625,559.1737111766107,595.9230187133937,554.2296989682795,177.8340884214285
outcome-lag-64,24,222,safe,32,5.1875,0.0,32.0,32.0,32.0,10.536183369850935
outcome-lag-64,24,222,safe,64,10.375,0.0,64.0,64.0,64.0,26.880679007573708
outcome-lag-64,24,222,safe,96,15.5625,0.0,95.84882125979703,95.61285819674286,95.61285819674286,41.47580867777668
outcome-lag-64,24,222,safe,128,20.75,0.0,120.46130352457465,119.75095753537198,119.63690383705195,49.65263779851392
outcome-lag-64,24,222,safe,160,25.9375,0.0,139.2229583207792,139.93981204688828,138.39855863325653,55.78649214251099
outcome-lag-64,24,222,safe,192,31.125,0.0,155.09196157444492,158.1486231760131,154.26756188692224,61.292691066788876
outcome-lag-64,24,222,safe,224,36.3125,0.0,169.10187291273925,174.8231584810621,168.27747322521657,66.28855201370476
outcome-lag-64,24,222,safe,256,41.5,0.0,181.75656037846215,189.87356831793082,180.93216069093947,70.4704742488873
outcome-lag-64,24,222,safe,288,46.6875,0.0,193.400005741805,203.53304632279665,192.5756060542823,73.92330509142816
outcome-lag-64,24,222,safe,320,51.875,0.0,204.2266367492977,216.5592452040255,203.40223706177503,77.29675619803803
outcome-lag-64,24,222,safe,352,57.0625,0.0,214.41910694463562,229.1648154658726,213.59470725711293,80.72203202610714
outcome-lag-64,24,222,safe,384,62.25,0.0,224.05923733263944,241.00308662110612,223.23483764511676,83.78921205129203
outcome-lag-64,24,222,safe,416,67.4375,0.0,233.23015053302746,251.7375033785323,232.40575084550477,86.11145817618197
outcome-lag-64,24,222,safe,448,72.625,0.0,241.98123990316572,261.85803700942955,241.15684021564303,88.1379838472713
outcome-lag-64,24,222,safe,480,77.8125,0.0,250.37701584976915,271.6871715364633,249.55261616224647,90.15769069188775
outcome-lag-64,24,222,safe,512,83.0,0.0,258.4633545183352,281.3368100461862,257.63895483081257,92.25442175528889
outcome-lag-64,24,222,known,32,0.0,21.25,63.0,63.0,63.0,30.220353937845037
outcome-lag-64,24,222,known,64,0.0,42.5,122.0,122.0,122.0,58.51221841550534
outcome-lag-64,24,222,known,96,0.0,63.75,185.84882125979703,185.46648150025445,185.46648150025445,87.05957707252621
outcome-lag-64,24,222,known,128,0.0,85.0,240.7371571423646,237.93684437564093,237.82279067732082,103.81448089452523
outcome-lag-64,24,222,known,160,0.0,106.25,284.81907433779594,283.97513537717543,281.1805909758166,117.24175939697297
outcome-lag-64,24,222,known,192,0.0,127.5,321.4211660584029,324.8123187885759,317.19416298816463,128.5528651553424
outcome-lag-64,24,222,known,224,0.0,148.75,354.98055402465513,361.7923230685416,350.29502897015993,137.4305963220037
outcome-lag-64,24,222,known,256,0.0,170.0,386.0069749197975,397.00629309885375,381.30275526037565,145.96011594066093
outcome-lag-64,24,222,known,288,0.0,191.25,412.4249982879705,427.0301549849658,407.7160839716215,152.73098011248487
outcome-lag-64,24,222,known,320,0.0,212.5,437.9408999807272,456.3512384036317,433.2319856643782,159.27972287451783
outcome-lag-64,24,222,known,352,0.0,233.75,461.4747386812576,483.7613132745819,456.7658243649086,165.4804937425341
outcome-lag-64,24,222,known,384,0.0,255.0,485.218967251873,510.98103963221723,480.45577156003765,171.02894241745884
outcome-lag-64,24,222,known,416,0.0,276.25,506.96148962762476,535.5097471087366,502.02140984890565,175.58222293244182
outcome-lag-64,24,222,known,448,0.0,297.5,527.9764345366348,559.2564828716597,523.0324223283035,179.82766302216083
outcome-lag-64,24,222,known,480,0.0,318.75,546.7646607542315,581.2225075894124,541.8206485459002,184.33160709103967
outcome-lag-64,24,222,known,512,0.0,340.0,566.2279174198661,603.8928747755715,561.2839052115348,188.77755294482384
outcome-lag-64,24,222,product,32,3.5,23.25,63.0,63.0,63.0,37.51045309242615
outcome-lag-64,24,222,product,64,7.0,46.5,122.0,122.0,122.0,75.94425907741332
outcome-lag-64,24,222,product,96,10.5,69.75,185.75339106880133,185.6128581967428,185.51742800574712,110.85613736390418
outcome-lag-64,24,222,product,128,14.0,93.0,235.19682008291346,239.2217387444122,234.37242039539072,132.82359064013644
outcome-lag-64,24,222,product,160,17.5,116.25,272.44445385329277,283.59579651177796,271.62005416577006,149.5829929986419
outcome-lag-64,24,222,product,192,21.0,139.5,303.2117548983796,321.7904624372914,302.38735521085687,163.203551433337
outcome-lag-64,24,222,product,224,24.5,162.75,331.20885330207216,357.7851070466448,330.38445361454944,175.84827408511953
outcome-lag-64,24,222,product,256,28.0,186.0,356.93575817942326,390.69458281099645,356.11135849190055,186.71248865877263
outcome-lag-64,24,222,product,288,31.5,209.25,379.09939268476114,418.25770780883084,378.2749929972384,194.88129437519595
outcome-lag-64,24,222,product,320,35.0,232.5,400.3915453450427,445.51808694631825,399.56714565752,203.15858546455542
outcome-lag-64,24,222,product,352,38.5,255.75,420.1144135883482,471.1896062490858,419.2900139008255,211.0638841961516
outcome-lag-64,24,222,product,384,42.0,279.0,439.6976280604216,496.1236449785122,438.8732283728989,218.1805148781023
outcome-lag-64,24,222,product,416,45.5,302.25,457.7373734621914,518.2191794118116,456.91297377466867,223.74017018238055
outcome-lag-64,24,222,product,448,49.0,325.5,475.2389739632644,539.6008105472798,474.4145742757417,228.95409297932608
outcome-lag-64,24,222,product,480,52.5,348.75,490.9506039554947,559.0306061878636,490.126204267972,233.7808299076175
outcome-lag-64,24,222,product,512,56.0,372.0,507.1064470945441,579.327173078641,506.28204740702137,238.97139444919858
single-blocker,24,222,prefix,32,3.6875,25.0,64.0,63.960661021301576,63.960661021301576,8.02223232635691
single-blocker,24,222,prefix,64,7.375,50.0,128.0,116.69593443349515,116.69593443349515,11.640612451471455
single-blocker,24,222,prefix,96,11.0625,75.0,192.0,156.2238356284714,156.2238356284714,12.491139305959516
single-blocker,24,222,prefix,128,14.75,100.0,256.0,189.70782086518338,189.70782086518338,13.244202879942566
single-blocker,24,222,prefix,160,18.4375,125.0,320.0,219.76871520768464,219.76871520768464,13.95829895644076
single-blocker,24,222,prefix,192,22.125,150.0,384.0,247.70187766063236,247.70187766063236,14.61937412059022
single-blocker,24,222,prefix,224,25.8125,175.0,448.0,272.36563301393204,272.36563301393204,15.016540849652323
single-blocker,24,222,prefix,256,29.5,200.0,512.0,294.6862208298245,294.6862208298245,15.291867474846379
single-blocker,24,222,prefix,288,33.1875,225.0,576.0,318.3078106764684,318.3078106764684,15.796656355097536
single-blocker,24,222,prefix,320,36.875,250.0,640.0,339.50160858992143,339.50160858992143,16.121745305389826
single-blocker,24,222,prefix,352,40.5625,275.0,704.0,360.4554100499098,360.4554100499098,16.459576820773314
single-blocker,24,222,prefix,384,44.25,300.0,768.0,378.45263357573054,378.45263357573054,16.63939229911815
single-blocker,24,222,prefix,416,47.9375,325.0,832.0,397.148379083122,397.148379083122,16.888191483812793
single-blocker,24,222,prefix,448,51.625,350.0,896.0,414.466485204719,414.466485204719,17.080255933553566
single-blocker,24,222,prefix,480,55.3125,375.0,960.0,434.20055762669057,434.20055762669057,17.396965263066537
single-blocker,24,222,prefix,512,59.0,400.0,1024.0,450.4302992031802,450.4302992031802,17.561593614250565
single-blocker,24,222,intersection,32,1.9375,24.0,64.0,63.96821681185914,63.96821681185914,10.501572154167501
single-blocker,24,222,intersection,64,2.125,47.0,128.0,121.22759708485826,121.22759708485826,12.773646933117567
single-blocker,24,222,intersection,96,2.3125,70.0,192.0,168.42752165004524,168.42752165004524,14.012274164350345
single-blocker,24,222,intersection,128,2.5,93.0,256.0,207.87672855263054,207.87672855263054,14.881618384127696
single-blocker,24,222,intersection,160,2.6875,116.0,320.0,242.506680376534,242.506680376534,15.554586721174509
single-blocker,24,222,intersection,192,2.875,139.0,384.0,273.75253336140554,273.75253336140554,16.104358902840357
single-blocker,24,222,intersection,224,2.96875,161.125,447.0,301.7678229682674,301.7678229682674,16.55424529640947
single-blocker,24,222,intersection,256,2.96875,182.375,511.0,328.45516139703943,328.45516139703943,16.957638244993124
single-blocker,24,222,intersection,288,2.96875,203.625,571.0,351.75445355628324,351.75445355628324,17.286753634838856
single-blocker,24,222,intersection,320,2.98046875,224.984375,633.0,374.55130081862546,374.55130081862546,17.59167895261451
single-blocker,24,222,intersection,352,2.9921875,246.34375,694.0,395.7966338592567,395.7966338592567,17.861339409163307
single-blocker,24,222,intersection,384,2.9921875,267.59375,758.0,417.5327237548642,417.5327237548642,18.131361989657925
single-blocker,24,222,intersection,416,2.9921875,288.84375,820.0,437.5761696523338,437.5761696523338,18.368539673835382
single-blocker,24,222,intersection,448,2.9921875,310.09375,883.0,457.13452620059013,457.13452620059013,18.59064529413296
single-blocker,24,222,intersection,480,2.9921875,331.34375,942.0,474.6643757502603,474.6643757502603,18.781708446815706
single-blocker,24,222,intersection,512,2.9921875,352.59375,1005.0,492.9473705591034,492.9473705591034,18.976178865550953
single-blocker,24,222,completed,32,1.828125,23.9375,64.0,63.96821681185914,63.96821681185914,10.501572154167501
single-blocker,24,222,completed,64,2.015625,46.9375,128.0,121.22759708485826,121.22759708485826,12.773646933117567
single-blocker,24,222,completed,96,2.203125,69.9375,192.0,168.42752165004524,168.42752165004524,14.012274164350345
single-blocker,24,222,completed,128,2.390625,92.9375,256.0,207.87672855263054,207.87672855263054,14.881618384127696
single-blocker,24,222,completed,160,2.578125,115.9375,320.0,242.506680376534,242.506680376534,15.554586721174509
single-blocker,24,222,completed,192,2.765625,138.9375,384.0,273.75253336140554,273.75253336140554,16.104358902840357
single-blocker,24,222,completed,224,2.8359375,160.84375,447.0,301.7678229682674,301.7678229682674,16.55424529640947
single-blocker,24,222,completed,256,2.8359375,182.09375,511.0,328.45516139703943,328.45516139703943,16.957638244993124
single-blocker,24,222,completed,288,2.8359375,203.34375,571.0,351.75445355628324,351.75445355628324,17.286753634838856
single-blocker,24,222,completed,320,2.841796875,224.6484375,633.0,374.55130081862546,374.55130081862546,17.59167895261451
single-blocker,24,222,completed,352,2.84765625,245.953125,694.0,395.7966338592567,395.7966338592567,17.861339409163307
single-blocker,24,222,completed,384,2.84765625,267.203125,758.0,417.5327237548642,417.5327237548642,18.131361989657925
single-blocker,24,222,completed,416,2.84765625,288.453125,820.0,437.5761696523338,437.5761696523338,18.368539673835382
single-blocker,24,222,completed,448,2.84765625,309.703125,883.0,457.13452620059013,457.13452620059013,18.59064529413296
single-blocker,24,222,completed,480,2.84765625,330.953125,942.0,474.6643757502603,474.6643757502603,18.781708446815706
single-blocker,24,222,completed,512,2.84765625,352.203125,1005.0,492.9473705591034,492.9473705591034,18.976178865550953
single-blocker,24,222,plugin,32,0.734375,23.3125,64.0,63.96821681185914,63.96821681185914,10.62556395184351
single-blocker,24,222,plugin,64,0.751953125,44.7265625,124.0,117.29725752745718,117.29725752745718,12.633022307198829
single-blocker,24,222,plugin,96,0.751953125,65.9765625,188.0,165.25080906647278,165.25080906647278,13.925759620203984
single-blocker,24,222,plugin,128,0.751953125,87.2265625,251.0,204.4595624847482,204.4595624847482,14.800931226707002
single-blocker,24,222,plugin,160,0.751953125,108.4765625,313.0,238.25214309499694,238.25214309499694,15.464784060436363
single-blocker,24,222,plugin,192,0.751953125,129.7265625,374.0,268.2088232154415,268.2088232154415,15.997245815404474
single-blocker,24,222,plugin,224,0.751953125,150.9765625,437.0,296.6949024757988,296.6949024757988,16.464177609403343
single-blocker,24,222,plugin,256,0.751953125,172.2265625,501.0,323.7244843231447,323.7244843231447,16.879131409419188
single-blocker,24,222,plugin,288,0.751953125,193.4765625,561.0,347.26307924801944,347.26307924801944,17.215897776313277
single-blocker,24,222,plugin,320,0.751953125,214.7265625,623.0,370.3022719397683,370.3022719397683,17.528121016361258
single-blocker,24,222,plugin,352,0.751953125,235.9765625,684.0,391.74949427636335,391.74949427636335,17.803554023595883
single-blocker,24,222,plugin,384,0.751953125,257.2265625,748.0,413.6575533989246,413.6575533989246,18.078357380603773
single-blocker,24,222,plugin,416,0.751953125,278.4765625,810.0,433.84283546240675,433.84283546240675,18.319318250663503
single-blocker,24,222,plugin,448,0.751953125,299.7265625,873.0,453.54186616630653,453.54186616630653,18.54501555760089
single-blocker,24,222,plugin,480,0.751953125,320.9765625,932.0,471.17525353065605,471.17525353065605,18.738650667088663
single-blocker,24,222,plugin,512,0.751953125,342.2265625,995.0,489.57403209528866,489.57403209528866,18.93589621912336
single-blocker,24,222,safe,32,5.1875,0.0,32.0,31.968216811859147,31.968216811859147,4.02724519543652
single-blocker,24,222,safe,64,10.375,0.0,64.0,57.42435623340214,57.42435623340214,4.7282659037057675
single-blocker,24,222,safe,96,15.5625,0.0,96.0,76.78319682780861,76.78319682780861,5.136346480888775
single-blocker,24,222,safe,128,20.75,0.0,128.0,93.03345515740088,93.03345515740088,5.425334592589174
single-blocker,24,222,safe,160,25.9375,0.0,160.0,107.31238195727079,107.31238195727079,5.649261224939744
single-blocker,24,222,safe,192,31.125,0.0,192.0,120.1978375468853,120.1978375468853,5.832104609707439
single-blocker,24,222,safe,224,36.3125,0.0,224.0,132.0310352083931,132.0310352083931,5.986627913082163
single-blocker,24,222,safe,256,41.5,0.0,256.0,143.03333360981438,143.03333360981438,6.120438712817281
single-blocker,24,222,safe,288,46.6875,0.0,288.0,153.35798108855585,153.35798108855585,6.238439029233648
single-blocker,24,222,safe,320,51.875,0.0,320.0,163.1162631808352,163.1162631808352,6.343973346894013
single-blocker,24,222,safe,352,57.0625,0.0,352.0,172.39200998111025,172.39200998111025,6.43942571339101
single-blocker,24,222,safe,384,62.25,0.0,384.0,181.25023096678382,181.25023096678382,6.5265555690159704
single-blocker,24,222,safe,416,67.4375,0.0,416.0,189.74254455085054,189.74254455085054,6.6066985205464555
single-blocker,24,222,safe,448,72.625,0.0,448.0,197.91074640079475,197.91074640079475,6.680892410683006
single-blocker,24,222,safe,480,77.8125,0.0,480.0,205.78924141297622,205.78924141297622,6.7499597404471405
single-blocker,24,222,safe,512,83.0,0.0,512.0,213.40675252840046,213.40675252840046,6.81456340954972
single-blocker,24,222,known,32,0.0,21.25,63.0,62.96821681185914,62.96821681185914,10.570008396287953
single-blocker,24,222,known,64,0.0,42.5,122.0,115.35247815784555,115.35247815784555,12.562719276895796
single-blocker,24,222,known,96,0.0,63.75,186.0,163.63983101566322,163.63983101566322,13.881293217041923
single-blocker,24,222,known,128,0.0,85.0,249.0,203.0754017117088,203.0754017117088,14.767853041906557
single-blocker,24,222,known,160,0.0,106.25,311.0,237.0162974359332,237.0162974359332,15.438283533935833
single-blocker,24,222,known,192,0.0,127.5,372.0,267.0791151482107,267.0791151482107,15.975023593182245
single-blocker,24,222,known,224,0.0,148.75,435.0,295.65151269620674,295.65151269620674,16.445148027873763
single-blocker,24,222,known,256,0.0,170.0,499.0,322.75342262159785,322.75342262159785,16.862607541610146
single-blocker,24,222,known,288,0.0,191.25,559.0,346.3449163790834,346.3449163790834,17.201103584807672
single-blocker,24,222,known,320,0.0,212.5,621.0,369.430920430003,369.430920430003,17.514766979094194
single-blocker,24,222,known,352,0.0,233.75,682.0,390.9167892552163,390.9167892552163,17.79133180137368
single-blocker,24,222,known,384,0.0,255.0,746.0,412.8639854970292,412.8639854970292,18.06725036047615
single-blocker,24,222,known,416,0.0,276.25,808.0,433.0812440254731,433.0812440254731,18.30908192738371
single-blocker,24,222,known,448,0.0,297.5,871.0,452.8089839175521,452.8089839175521,18.535526146258476
single-blocker,24,222,known,480,0.0,318.75,930.0,470.46527890192414,470.46527890192414,18.72974048175683
single-blocker,24,222,known,512,0.0,340.0,993.0,488.8875174375834,488.8875174375834,18.927557685041158
single-blocker,24,222,product,32,3.5,23.25,63.0,62.960661021301576,62.960661021301576,8.02223232635691
single-blocker,24,222,product,64,7.0,46.5,122.0,110.69593443349515,110.69593443349515,9.357279118138122
single-blocker,24,222,product,96,10.5,69.75,186.0,150.22383562847136,150.22383562847136,10.207805972626183
single-blocker,24,222,product,128,14.0,93.0,249.0,182.70782086518335,182.70782086518335,10.794202879942567
single-blocker,24,222,product,160,17.5,116.25,311.0,210.76871520768458,210.76871520768458,11.240441813583619
single-blocker,24,222,product,192,21.0,139.5,372.0,235.7018776606323,235.7018776606323,11.599496775712876
single-blocker,24,222,product,224,24.5,162.75,435.0,259.365633013932,259.365633013932,11.913330171441645
single-blocker,24,222,product,256,28.0,186.0,499.0,281.68622082982444,281.68622082982444,12.188656796635701
single-blocker,24,222,product,288,31.5,209.25,559.0,301.30781067646836,301.30781067646836,12.415927361868544
single-blocker,24,222,product,320,35.0,232.5,621.0,320.5016085899214,320.5016085899214,12.626637227193516
single-blocker,24,222,product,352,38.5,255.75,682.0,338.45541004990974,338.45541004990974,12.814218116010576
single-blocker,24,222,product,384,42.0,279.0,746.0,356.4526335757305,356.4526335757305,12.994033594355416
single-blocker,24,222,product,416,45.5,302.25,808.0,373.1483790831219,373.1483790831219,13.153899972725956
single-blocker,24,222,product,448,49.0,325.5,871.0,389.4664852047189,389.4664852047189,13.304297755800064
single-blocker,24,222,product,480,52.5,348.75,930.0,404.20055762669045,404.20055762669045,13.435311465479499
single-blocker,24,222,product,512,56.0,372.0,993.0,419.4378549937377,419.4378549937377,13.566606483330201
outcome-lag-64,26,222,prefix,32,15.75,24.5,64.0,64.0,64.0,40.27143261108644
outcome-lag-64,26,222,prefix,64,31.5,49.0,128.0,128.0,128.0,80.9452346343461
outcome-lag-64,26,222,prefix,96,35.9296875,67.03125,191.8464137318461,190.53589925827472,190.52867333306506,116.29311228868787
outcome-lag-64,26,222,prefix,128,35.9296875,82.53125,246.04297393744193,246.51231562896663,244.17714780831773,144.04651572420386
outcome-lag-64,26,222,prefix,160,35.9296875,98.03125,293.1474454156385,298.00669715119363,291.2816192865143,165.86862006331697
outcome-lag-64,26,222,prefix,192,35.9296875,113.53125,334.6011794981735,344.6687605348886,332.7353533690493,182.1002073928857
outcome-lag-64,26,222,prefix,224,35.9296875,129.03125,369.6609715431983,386.3427598617575,367.79514541407406,195.21207830296575
outcome-lag-64,26,222,prefix,256,35.9296875,144.53125,400.82212821287635,424.1199210025208,398.9563020837521,206.51842807803789
outcome-lag-64,26,222,prefix,288,35.9296875,160.03125,428.52220341312665,457.51574652416207,426.6563772840024,215.57936784576708
outcome-lag-64,26,222,prefix,320,35.9296875,175.53125,455.27785898891796,489.2333836901431,453.4120328597937,223.5597379883603
outcome-lag-64,26,222,prefix,352,35.9296875,191.03125,480.30161780725336,520.0063836177592,478.43579167812914,231.97602323644028
outcome-lag-64,26,222,prefix,384,35.9296875,206.53125,503.78926730948444,549.1023250195257,501.9234411803602,239.84066471410068
outcome-lag-64,26,222,prefix,416,35.9296875,222.03125,526.1382733212243,576.7858491630828,524.2724471921001,247.1840562345668
outcome-lag-64,26,222,prefix,448,35.9296875,237.53125,547.3138848195869,602.5346306964019,545.4480586904626,253.38544487607996
outcome-lag-64,26,222,prefix,480,35.9296875,253.03125,567.6426222204326,627.2083187747553,565.7767960913084,259.21647911752314
outcome-lag-64,26,222,prefix,512,35.9296875,268.53125,587.1644208915512,650.385783612139,585.2985947624269,264.1422899439752
outcome-lag-64,26,222,intersection,32,15.75,24.5,64.0,64.0,64.0,40.27143261108644
outcome-lag-64,26,222,intersection,64,28.546875,47.3125,128.0,128.0,128.0,81.29617075206988
outcome-lag-64,26,222,intersection,96,28.546875,62.8125,191.8464137318461,190.53589925827472,190.52867333306506,116.72165790476116
outcome-lag-64,26,222,intersection,128,28.546875,78.3125,246.05585569595124,246.493677530086,244.19002956682704,144.42541941174767
outcome-lag-64,26,222,intersection,160,28.546875,93.8125,293.4112466859281,298.26760426230067,291.54542055680395,165.1667250276786
outcome-lag-64,26,222,intersection,192,28.546875,109.3125,334.1874023704573,344.8849521874216,332.3215762413331,180.90861052627622
outcome-lag-64,26,222,intersection,224,28.546875,124.8125,368.7379022998995,386.1072657296275,366.8720761707753,193.73251485978562
outcome-lag-64,26,222,intersection,256,28.546875,140.3125,399.64609847558705,423.61018073879296,397.7802723464629,204.87375395961857
outcome-lag-64,26,222,intersection,288,28.546875,155.8125,427.4595575301896,457.1547748942417,425.59373140106544,213.9920761529576
outcome-lag-64,26,222,intersection,320,28.546875,171.3125,453.9770872609903,488.60988052480235,452.1112611318661,221.870667749762
outcome-lag-64,26,222,intersection,352,28.546875,186.8125,478.8302264417448,519.1745099750483,476.9644003126206,230.18342228015163
outcome-lag-64,26,222,intersection,384,28.546875,202.3125,502.2303306567759,548.1470942934486,500.3645045276517,237.9687452204425
outcome-lag-64,26,222,intersection,416,28.546875,217.8125,524.4735811954889,575.6797453224026,522.6077550663648,245.22725261368242
outcome-lag-64,26,222,intersection,448,28.546875,233.3125,545.6410097886909,601.405084076893,543.7751836595668,251.40074759399755
outcome-lag-64,26,222,intersection,480,28.546875,248.8125,565.9239404776087,626.0072992666331,564.0581143484845,257.19064984909664
outcome-lag-64,26,222,intersection,512,28.546875,264.3125,585.470824435521,649.2083693093915,583.6049983063969,262.118306761962
outcome-lag-64,26,222,completed,32,12.796875,22.8125,64.0,64.0,64.0,38.622071180690526
outcome-lag-64,26,222,completed,64,16.1484375,35.40625,122.0,122.0,122.0,75.28700572255107
outcome-lag-64,26,222,completed,96,17.82421875,49.453125,182.85363965705577,181.53589925827472,181.53589925827472,106.73131761757891
outcome-lag-64,26,222,completed,128,17.82421875,64.953125,238.46696455935225,238.11824540944104,236.6011384302281,130.4053129429136
outcome-lag-64,26,222,completed,160,17.82421875,80.453125,286.7907291950626,291.0285457424288,284.9249030659385,150.16951604977746
outcome-lag-64,26,222,completed,192,17.82421875,95.953125,326.87129689760496,337.62710561082224,325.00547076848085,165.5979612948155
outcome-lag-64,26,222,completed,224,17.82421875,111.453125,361.4315603450848,378.89726591263906,359.5657342159607,178.30280225446057
outcome-lag-64,26,222,completed,256,17.82421875,126.953125,392.5054263959198,416.5866541349774,390.6396002667957,189.46761072832692
outcome-lag-64,26,222,completed,288,17.82421875,142.453125,421.0902982483705,451.066580242009,419.2244721192464,198.99202178582627
outcome-lag-64,26,222,completed,320,17.82421875,157.953125,447.47794954491627,482.4006254834769,445.61212341579215,206.84075552813476
outcome-lag-64,26,222,completed,352,17.82421875,173.453125,472.27384237028656,512.8985332085283,470.40801624116244,215.1018276644361
outcome-lag-64,26,222,completed,384,17.82421875,188.953125,495.74407673250175,541.9291532595812,493.87825060337764,222.85430671100715
outcome-lag-64,26,222,completed,416,17.82421875,204.453125,517.9701225430609,569.4050887200691,516.1042964139367,230.04383485041245
outcome-lag-64,26,222,completed,448,17.82421875,219.953125,539.3117912009961,595.3237539767246,537.4459650718719,236.2522897265047
outcome-lag-64,26,222,completed,480,17.82421875,235.453125,559.6547093415043,619.976430379519,557.78888321238,242.0339361725375
outcome-lag-64,26,222,completed,512,17.82421875,250.953125,579.4083057813564,643.4202857442218,577.5424796522321,247.0356035144137
outcome-lag-64,26,222,plugin,32,9.36328125,7.765625,50.0,50.0,50.0,27.051169573548172
outcome-lag-64,26,222,plugin,64,12.86328125,13.265625,96.0,96.0,96.0,53.963819684876526
outcome-lag-64,26,222,plugin,96,13.478515625,27.0078125,156.85363965705577,155.53589925827467,155.53589925827467,81.84781060363133
outcome-lag-64,26,222,plugin,128,13.478515625,42.5078125,213.36968691505527,212.118245409441,211.50386078593112,107.53890192473992
outcome-lag-64,26,222,plugin,160,13.478515625,58.0078125,262.8771010227154,265.5011483422673,261.01127489359124,128.52534579421666
outcome-lag-64,26,222,plugin,192,13.478515625,73.5078125,305.9951316042662,314.58509865277466,304.129305475142,145.04964213883838
outcome-lag-64,26,222,plugin,224,13.478515625,89.0078125,343.13416821450335,358.1757275153009,341.2683420853792,158.6625490614874
outcome-lag-64,26,222,plugin,256,13.478515625,104.5078125,376.13186890592067,397.8481368628754,374.2660427767965,170.71122930054187
outcome-lag-64,26,222,plugin,288,13.478515625,120.0078125,407.28310272716413,435.2283045479983,405.41727659803996,181.58446455572332
outcome-lag-64,26,222,plugin,320,13.478515625,135.5078125,434.2056852549813,467.2152350965586,432.3398591258571,189.75851478581288
outcome-lag-64,26,222,plugin,352,13.478515625,151.0078125,459.50515550650977,498.33333325250936,457.6393293773856,198.2701389623658
outcome-lag-64,26,222,plugin,384,13.478515625,166.5078125,483.5795917051441,528.0681175450846,481.7137655760199,206.237162745275
outcome-lag-64,26,222,plugin,416,13.478515625,182.0078125,506.170756592639,555.9514141336253,504.30493046351484,213.53152588260502
outcome-lag-64,26,222,plugin,448,13.478515625,197.5078125,528.1455822212054,582.6260929528588,526.2797560920811,219.97899074164323
outcome-lag-64,26,222,plugin,480,13.478515625,213.0078125,548.8731093945823,607.7296378406456,547.0072832654581,225.8984024733297
outcome-lag-64,26,222,plugin,512,13.478515625,228.5078125,569.2262702540058,631.8956704056098,567.3604441248816,231.1483068802789
outcome-lag-64,26,222,safe,32,17.875,0.0,32.0,32.0,32.0,19.87158804396664
outcome-lag-64,26,222,safe,64,35.75,0.0,64.0,64.0,64.0,37.90408660069801
outcome-lag-64,26,222,safe,96,53.625,0.0,95.85363965705575,94.53589925827471,94.53589925827471,50.62312307351239
outcome-lag-64,26,222,safe,128,71.5,0.0,120.36968691505545,119.11824540944093,118.5038607859312,59.244199006786715
outcome-lag-64,26,222,safe,160,89.375,0.0,139.20557647862398,141.0664722802629,137.3397503494997,67.13742571008942
outcome-lag-64,26,222,safe,192,107.25,0.0,155.12370440299972,160.8170885998472,153.25787827387543,74.18542982482694
outcome-lag-64,26,222,safe,224,125.125,0.0,169.15357706929234,177.74579203456008,167.28775094016805,79.43545890140672
outcome-lag-64,26,222,safe,256,143.0,0.0,181.82812880278337,192.82476056543493,179.96230267365908,83.64593983059551
outcome-lag-64,26,222,safe,288,160.875,0.0,193.4857954752671,206.59501790674568,191.61996934614282,87.20955000958118
outcome-lag-64,26,222,safe,320,178.75,0.0,204.33932103670185,219.33686698931305,202.47349490757756,90.29865131752953
outcome-lag-64,26,222,safe,352,196.625,0.0,214.5130909414289,231.7303028232633,212.64726481230463,93.51179271770177
outcome-lag-64,26,222,safe,384,214.5,0.0,224.155195407874,243.665566321925,222.28936927874972,96.67596508631476
outcome-lag-64,26,222,safe,416,232.375,0.0,233.32691178223055,254.9205676745412,231.46108565310627,99.51879580639464
outcome-lag-64,26,222,safe,448,250.25,0.0,242.087277875185,265.48962763315006,240.22145174606072,101.99384780519584
outcome-lag-64,26,222,safe,480,268.125,0.0,250.4916967378012,275.5093004227447,248.6258706086769,104.20409291237304
outcome-lag-64,26,222,safe,512,286.0,0.0,258.57492375995645,284.9921614183627,256.7090976308321,106.13404646166931
outcome-lag-64,26,222,known,32,0.0,15.5,64.0,64.0,64.0,41.60261103284568
outcome-lag-64,26,222,known,64,0.0,31.0,128.0,128.0,128.0,83.07704420235225
outcome-lag-64,26,222,known,96,0.0,46.5,191.85363965705577,190.53589925827472,190.53589925827472,115.82726865478506
outcome-lag-64,26,222,known,128,0.0,62.0,247.22299828868344,247.0315303753144,245.35717215955933,139.08896628871818
outcome-lag-64,26,222,known,160,0.0,77.5,292.18601966204426,298.12842670803724,290.32019353292014,157.173499578705
outcome-lag-64,26,222,known,192,0.0,93.0,330.60703986868725,343.47115310800524,328.74121373956314,171.78503759736677
outcome-lag-64,26,222,known,224,0.0,108.5,364.46575696476566,383.8805471225426,362.59993083564154,183.95896544723743
outcome-lag-64,26,222,known,256,0.0,124.0,395.1220504468903,420.9934620775854,393.25622431776617,194.80683658604923
outcome-lag-64,26,222,known,288,0.0,139.5,424.1173280132635,455.9335919339608,422.2515018841394,204.54622644313287
outcome-lag-64,26,222,known,320,0.0,155.0,449.89356907034414,486.5573159564038,448.02774294122,212.14481316428572
outcome-lag-64,26,222,known,352,0.0,170.5,474.22340043568346,516.4585724920025,472.35757430655934,220.13116232122675
outcome-lag-64,26,222,known,384,0.0,186.0,497.43143291842944,545.1062193765259,495.5656067893053,227.66262779124872
outcome-lag-64,26,222,known,416,0.0,201.5,519.3330319547506,572.1130175192201,517.4672058256264,234.6079640453265
outcome-lag-64,26,222,known,448,0.0,217.0,540.6108241357085,597.9085012893316,538.7449980065843,240.7264995632065
outcome-lag-64,26,222,known,480,0.0,232.5,560.783966828036,622.3039375170212,558.9181406989118,246.3791603270453
outcome-lag-64,26,222,known,512,0.0,248.0,580.5607151502458,645.7521269819874,578.6948890211215,251.37072398633168
outcome-lag-64,26,222,product,32,15.75,24.5,64.0,64.0,64.0,40.27143261108644
outcome-lag-64,26,222,product,64,31.5,49.0,128.0,128.0,128.0,80.9452346343461
outcome-lag-64,26,222,product,96,47.25,73.5,191.8055246079552,190.53589925827472,190.48778420917415,113.73737411733363
outcome-lag-64,26,222,product,128,63.0,98.0,242.50385672578568,245.6029124286382,240.6380305966614,136.6800240179664
outcome-lag-64,26,222,product,160,78.75,122.5,282.6468531802619,294.29010286755886,280.78102705113764,155.71577080635063
outcome-lag-64,26,222,product,192,94.5,147.0,315.7295487230732,336.1438189132427,313.8637225939489,171.12403964067173
outcome-lag-64,26,222,product,224,110.25,171.5,346.66303858040345,374.0503171748794,344.79721245127917,183.49280829966037
outcome-lag-64,26,222,product,256,126.0,196.0,373.23612084899844,407.75625492338486,371.37029471987415,194.48407720241303
outcome-lag-64,26,222,product,288,141.75,220.5,397.7698987680466,438.8214648493692,395.9040726389223,204.1082673898361
outcome-lag-64,26,222,product,320,157.5,245.0,421.97550947357627,468.86192420524725,420.109683344452,212.6190706859662
outcome-lag-64,26,222,product,352,173.25,269.5,444.824031665283,497.3986315239244,442.9582055361587,220.58760951348398
outcome-lag-64,26,222,product,384,189.0,294.0,466.55842943825354,524.1875957512281,464.69260330912925,227.73737125256707
outcome-lag-64,26,222,product,416,204.75,318.5,485.98638629458696,548.4183173299043,484.1205601654627,234.17826045355108
outcome-lag-64,26,222,product,448,220.5,343.0,505.19439707875233,571.9494394068136,503.32857094962804,239.89392345764037
outcome-lag-64,26,222,product,480,236.25,367.5,526.2060052239527,596.9596180572314,524.3401790948284,245.32692557217098
outcome-lag-64,26,222,product,512,252.0,392.0,544.015270434012,618.5796822515484,542.1494443048877,250.4019617248123
single-blocker,26,222,prefix,32,15.75,24.5,64.0,63.960661021301576,63.960661021301576,8.02223232635691
single-blocker,26,222,prefix,64,31.5,49.0,128.0,116.4029635135302,116.4029635135302,11.457853830781799
single-blocker,26,222,prefix,96,47.25,73.5,192.0,157.50968723365776,157.50968723365776,12.891569271189946
single-blocker,26,222,prefix,128,63.0,98.0,256.0,192.2472996737643,192.2472996737643,13.771701255668676
single-blocker,26,222,prefix,160,78.75,122.5,320.0,223.68790186011654,223.68790186011654,14.511042941667705
single-blocker,26,222,prefix,192,94.5,147.0,384.0,250.69928150763636,250.69928150763636,14.95197537782478
single-blocker,26,222,prefix,224,110.25,171.5,448.0,277.4021999115143,277.4021999115143,15.472324137774898
single-blocker,26,222,prefix,256,126.0,196.0,512.0,300.5835976861515,300.5835976861515,15.796195923802035
single-blocker,26,222,prefix,288,141.75,220.5,576.0,322.35818583759095,322.35818583759095,16.084309791225614
single-blocker,26,222,prefix,320,157.5,245.0,640.0,344.34422408529235,344.34422408529235,16.419025312512282
single-blocker,26,222,prefix,352,173.25,269.5,704.0,365.3972474020146,365.3972474020146,16.71991595411102
single-blocker,26,222,prefix,384,189.0,294.0,768.0,385.61045775975344,385.61045775975344,16.993226477843507
single-blocker,26,222,prefix,416,204.75,318.5,832.0,403.6498570911279,403.6498570911279,17.189138318941506
single-blocker,26,222,prefix,448,220.5,343.0,896.0,421.6747323616838,421.6747323616838,17.39855451667742
single-blocker,26,222,prefix,480,236.25,367.5,960.0,441.5480472374422,441.5480472374422,17.689078472792417
single-blocker,26,222,prefix,512,252.0,392.0,1024.0,458.31248169237966,458.31248169237966,17.86805817260997
single-blocker,26,222,intersection,32,6.890625,19.4375,64.0,63.96821681185914,63.96821681185914,10.501572154167507
single-blocker,26,222,intersection,64,6.890625,34.9375,128.0,121.14413264044194,121.14413264044194,12.766504075974712
single-blocker,26,222,intersection,96,6.890625,50.4375,192.0,168.29175461582062,168.29175461582062,14.005158282957284
single-blocker,26,222,intersection,128,6.890625,65.9375,256.0,207.88216762420527,207.88216762420527,14.881866400000714
single-blocker,26,222,intersection,160,6.890625,81.4375,320.0,242.38279260262655,242.38279260262655,15.549507749113218
single-blocker,26,222,intersection,192,6.890625,96.9375,384.0,273.5766708068219,273.5766708068219,16.09775567719635
single-blocker,26,222,intersection,224,6.890625,112.4375,448.0,302.2115910699846,302.2115910699846,16.561039170984095
single-blocker,26,222,intersection,256,6.890625,127.9375,512.0,328.82789622619674,328.82789622619674,16.962210438279847
single-blocker,26,222,intersection,288,6.890625,143.4375,576.0,354.06959206556024,354.06959206556024,17.32432970447098
single-blocker,26,222,intersection,320,6.890625,158.9375,640.0,377.5472510782244,377.5472510782244,17.636819450860884
single-blocker,26,222,intersection,352,6.890625,174.4375,704.0,399.82272241654937,399.82272241654937,17.91856280642163
single-blocker,26,222,intersection,384,6.890625,189.9375,768.0,421.195052548672,421.195052548672,18.17866653992644
single-blocker,26,222,intersection,416,6.890625,205.4375,832.0,441.54164995841774,441.54164995841774,18.414318252602985
single-blocker,26,222,intersection,448,6.890625,220.9375,896.0,461.3824094934385,461.3824094934385,18.6394468354264
single-blocker,26,222,intersection,480,6.890625,236.4375,960.0,480.3382363254692,480.3382363254692,18.844603737684412
single-blocker,26,222,intersection,512,6.890625,251.9375,1024.0,498.9173719009587,498.9173719009587,19.0424742648015
single-blocker,26,222,completed,32,5.90625,18.875,64.0,63.96821681185914,63.96821681185914,10.594862197457548
single-blocker,26,222,completed,64,5.90625,34.375,128.0,121.29725752745716,121.29725752745716,12.77871792703238
single-blocker,26,222,completed,96,5.90625,49.875,192.0,168.39363820724174,168.39363820724174,14.010499934769525
single-blocker,26,222,completed,128,5.90625,65.375,256.0,207.86040613878936,207.86040613878936,14.880873967254251
single-blocker,26,222,completed,160,5.90625,80.875,320.0,242.27405909054931,242.27405909054931,15.545042389937663
single-blocker,26,222,completed,192,5.90625,96.375,384.0,273.47079573483563,273.47079573483563,16.093772711485258
single-blocker,26,222,completed,224,5.90625,111.875,448.0,302.10925016680886,302.10925016680886,16.557464983497393
single-blocker,26,222,completed,256,5.90625,127.375,512.0,328.7291674847396,328.7291674847396,16.958977912005807
single-blocker,26,222,completed,288,5.90625,142.875,576.0,354.03171168005025,354.03171168005025,17.32316213364905
single-blocker,26,222,completed,320,5.90625,158.375,640.0,377.4771040650468,377.4771040650468,17.634761715013155
single-blocker,26,222,completed,352,5.90625,173.875,704.0,399.7337281153454,399.7337281153454,17.91606596756325
single-blocker,26,222,completed,384,5.90625,189.375,768.0,421.1046699900834,421.1046699900834,18.176234760098964
single-blocker,26,222,completed,416,5.90625,204.875,832.0,441.4394413194111,441.4394413194111,18.411668712153183
single-blocker,26,222,completed,448,5.90625,220.375,896.0,461.2912119392737,461.2912119392737,18.637168907195143
single-blocker,26,222,completed,480,5.90625,235.875,960.0,480.24422774619507,480.24422774619507,18.842331634990924
single-blocker,26,222,completed,512,5.90625,251.375,1024.0,498.8376569068104,498.8376569068104,19.040610317022313
single-blocker,26,222,plugin,32,1.96875,16.625,64.0,63.96821681185914,63.96821681185914,10.646931473211035
single-blocker,26,222,plugin,64,1.96875,32.125,128.0,121.14413264044192,121.14413264044192,12.766504075974721
single-blocker,26,222,plugin,96,1.96875,47.625,192.0,168.2917546158205,168.2917546158205,14.00515828295729
single-blocker,26,222,plugin,128,1.96875,63.125,256.0,207.532306088026,207.532306088026,14.865868069195596
single-blocker,26,222,plugin,160,1.96875,78.625,320.0,241.7572190152413,241.7572190152413,15.523718611257099
single-blocker,26,222,plugin,192,1.96875,94.125,384.0,273.0088584813504,273.0088584813504,16.076327495905954
single-blocker,26,222,plugin,224,1.96875,109.625,448.0,301.6881320465017,301.6881320465017,16.542708810882797
single-blocker,26,222,plugin,256,1.96875,125.125,512.0,328.33986894410543,328.33986894410543,16.946194586608982
single-blocker,26,222,plugin,288,1.96875,140.625,576.0,353.841886039838,353.841886039838,17.31730374358765
single-blocker,26,222,plugin,320,1.96875,156.125,640.0,377.20102139460073,377.20102139460073,17.62664792015991
single-blocker,26,222,plugin,352,1.96875,171.625,704.0,399.40934479998083,399.40934479998083,17.90694570786782
single-blocker,26,222,plugin,384,1.96875,187.125,768.0,420.78309278618326,420.78309278618326,18.16756503035325
single-blocker,26,222,plugin,416,1.96875,202.625,832.0,441.08770067847513,441.08770067847513,18.40253090599569
single-blocker,26,222,plugin,448,1.96875,218.125,896.0,460.9775301197421,460.9775301197421,18.629319237503694
single-blocker,26,222,plugin,480,1.96875,233.625,960.0,479.9259450880428,479.9259450880428,18.83462495003921
single-blocker,26,222,plugin,512,1.96875,249.125,1024.0,498.5659192975363,498.5659192975363,19.034246780307235
single-blocker,26,222,safe,32,17.875,0.0,32.0,31.968216811859147,31.968216811859147,4.02724519543652
single-blocker,26,222,safe,64,35.75,0.0,64.0,57.42435623340214,57.42435623340214,4.7282659037057675
single-blocker,26,222,safe,96,53.625,0.0,96.0,76.78319682780861,76.78319682780861,5.136346480888775
single-blocker,26,222,safe,128,71.5,0.0,128.0,93.03345515740088,93.03345515740088,5.425334592589174
single-blocker,26,222,safe,160,89.375,0.0,160.0,107.31238195727079,107.31238195727079,5.649261224939744
single-blocker,26,222,safe,192,107.25,0.0,192.0,120.1978375468853,120.1978375468853,5.832104609707439
single-blocker,26,222,safe,224,125.125,0.0,224.0,132.0310352083931,132.0310352083931,5.986627913082163
single-blocker,26,222,safe,256,143.0,0.0,256.0,143.03333360981438,143.03333360981438,6.120438712817281
single-blocker,26,222,safe,288,160.875,0.0,288.0,153.35798108855585,153.35798108855585,6.238439029233648
single-blocker,26,222,safe,320,178.75,0.0,320.0,163.1162631808352,163.1162631808352,6.343973346894013
single-blocker,26,222,safe,352,196.625,0.0,352.0,172.39200998111025,172.39200998111025,6.43942571339101
single-blocker,26,222,safe,384,214.5,0.0,384.0,181.25023096678382,181.25023096678382,6.5265555690159704
single-blocker,26,222,safe,416,232.375,0.0,416.0,189.74254455085054,189.74254455085054,6.6066985205464555
single-blocker,26,222,safe,448,250.25,0.0,448.0,197.91074640079475,197.91074640079475,6.680892410683006
single-blocker,26,222,safe,480,268.125,0.0,480.0,205.78924141297622,205.78924141297622,6.7499597404471405
single-blocker,26,222,safe,512,286.0,0.0,512.0,213.40675252840046,213.40675252840046,6.81456340954972
single-blocker,26,222,known,32,0.0,15.5,64.0,63.96821681185914,63.96821681185914,10.594862197457545
single-blocker,26,222,known,64,0.0,31.0,128.0,120.93811359426492,120.93811359426492,12.745810305280946
single-blocker,26,222,known,96,0.0,46.5,192.0,168.121164356713,168.121164356713,13.996191638953347
single-blocker,26,222,known,128,0.0,62.0,256.0,207.33391566495712,207.33391566495712,14.856755251521134
single-blocker,26,222,known,160,0.0,77.5,320.0,241.51993501848153,241.51993501848153,15.513873609534302
single-blocker,26,222,known,192,0.0,93.0,384.0,272.80587667444144,272.80587667444144,16.06862688418803
single-blocker,26,222,known,224,0.0,108.5,448.0,301.5091284078921,301.5091284078921,16.536412452971938
single-blocker,26,222,known,256,0.0,124.0,512.0,328.17864276725624,328.17864276725624,16.940882996105035
single-blocker,26,222,known,288,0.0,139.5,576.0,353.75305780902954,353.75305780902954,17.314558038586473
single-blocker,26,222,known,320,0.0,155.0,640.0,377.08692478791113,377.08692478791113,17.62328771617799
single-blocker,26,222,known,352,0.0,170.5,704.0,399.2818985955298,399.2818985955298,17.903354145138948
single-blocker,26,222,known,384,0.0,186.0,768.0,420.65893626699733,420.65893626699733,18.164210402105162
single-blocker,26,222,known,416,0.0,201.5,832.0,440.9552703397927,440.9552703397927,18.39908258628412
single-blocker,26,222,known,448,0.0,217.0,896.0,460.85949565843174,460.85949565843174,18.62635965269179
single-blocker,26,222,known,480,0.0,232.5,960.0,479.8076669519639,479.8076669519639,18.83175548237317
single-blocker,26,222,known,512,0.0,248.0,1024.0,498.464402934511,498.464402934511,19.03186565924054
single-blocker,26,222,product,32,15.75,24.5,64.0,63.960661021301576,63.960661021301576,8.02223232635691
single-blocker,26,222,product,64,31.5,49.0,128.0,116.4029635135302,116.4029635135302,11.457853830781799
single-blocker,26,222,product,96,47.25,73.5,192.0,157.50968723365776,157.50968723365776,12.891569271189946
single-blocker,26,222,product,128,63.0,98.0,256.0,192.2472996737643,192.2472996737643,13.771701255668676
single-blocker,26,222,product,160,78.75,122.5,320.0,223.68790186011654,223.68790186011654,14.511042941667705
single-blocker,26,222,product,192,94.5,147.0,384.0,250.69928150763636,250.69928150763636,14.95197537782478
single-blocker,26,222,product,224,110.25,171.5,448.0,277.4021999115143,277.4021999115143,15.472324137774898
single-blocker,26,222,product,256,126.0,196.0,512.0,300.5835976861515,300.5835976861515,15.796195923802035
single-blocker,26,222,product,288,141.75,220.5,576.0,322.35818583759095,322.35818583759095,16.084309791225614
single-blocker,26,222,product,320,157.5,245.0,640.0,344.34422408529235,344.34422408529235,16.419025312512282
single-blocker,26,222,product,352,173.25,269.5,704.0,365.3972474020146,365.3972474020146,16.71991595411102
single-blocker,26,222,product,384,189.0,294.0,768.0,385.61045775975344,385.61045775975344,16.993226477843507
single-blocker,26,222,product,416,204.75,318.5,832.0,403.6498570911279,403.6498570911279,17.189138318941506
single-blocker,26,222,product,448,220.5,343.0,896.0,421.6747323616838,421.6747323616838,17.39855451667742
single-blocker,26,222,product,480,236.25,367.5,960.0,441.5480472374422,441.5480472374422,17.689078472792417
single-blocker,26,222,product,512,252.0,392.0,1024.0,458.31248169237966,458.31248169237966,17.86805817260997
