scenario,truth,seed,algorithm,episodes,pseudo_regret,expected_waste,realized_cost,confidence_exclusions,safe_fallbacks,maximum_prefix_debt,maximum_unreturned,prefix_exposure,completion_exposure,intersection_exposure,unresolved_mass_exposure
outcome-lag-64,0,111,prefix,512,11.4609375,306.96875,1768.0,0,0,64,42,520.7792683983458,536.3551160402301,508.7803394083766,141.3673668379026
outcome-lag-64,0,111,intersection,512,8.80078125,282.140625,1764.25,0,0,64,42,499.1794890972279,515.6476144339997,488.28171405856784,138.6038819148701
outcome-lag-64,0,111,completed,512,6.57421875,249.234375,1769.75,12,12,64,42,471.79643036880424,490.17678917760765,462.94320038539865,130.81847689897438
outcome-lag-64,0,111,plugin,512,0.296875,200.75,1753.5,0,0,64,42,419.7776679522888,439.91128494785164,412.7272895242656,127.01405609199062
outcome-lag-64,0,111,safe,512,34.0,0.0,1792.0,0,0,64,42,258.3932782051845,282.6658796909338,256.80210490709334,100.66840971697492
outcome-lag-64,0,111,known,512,0.0,200.0,1753.5,0,0,64,42,418.5561633699264,438.7565376771089,411.5504202446239,128.33241435571986
outcome-lag-64,0,111,product,512,34.0,0.0,1792.0,0,0,64,42,258.3932782051845,282.6658796909338,256.80210490709334,100.66840971697492
single-blocker,0,111,prefix,512,24.0,424.0,1785.0,0,0,511,1,1024.0,498.7957688253494,498.7957688253494,19.039630351865533
single-blocker,0,111,intersection,512,10.06640625,293.953125,1764.75,0,0,511,1,878.0,437.1273222108633,437.1273222108633,18.10384742872816
single-blocker,0,111,completed,512,9.263671875,286.4609375,1764.0,0,0,511,1,865.0,429.6064659770908,429.6064659770908,17.95239752861876
single-blocker,0,111,plugin,512,0.404296875,203.7734375,1754.75,0,0,511,1,773.0,360.1039023710127,360.1039023710127,14.442799422950674
single-blocker,0,111,safe,512,34.0,0.0,1792.0,0,0,511,1,512.0,213.40675252840046,213.40675252840046,6.81456340954972
single-blocker,0,111,known,512,0.0,200.0,1753.5,0,0,511,1,768.0,356.44008613821535,356.44008613821535,12.935002122367003
single-blocker,0,111,product,512,34.0,0.0,1792.0,0,0,511,1,512.0,213.40675252840046,213.40675252840046,6.81456340954972
outcome-lag-64,0,222,prefix,512,9.52734375,288.921875,1769.25,0,0,64,39,504.8218676726961,514.6332560381478,489.2900977958701,114.208954894126
outcome-lag-64,0,222,intersection,512,7.025390625,265.5703125,1765.25,0,0,64,39,480.7706880473061,494.01276214717285,468.5342827485767,112.41779651477955
outcome-lag-64,0,222,completed,512,10.23828125,236.953125,1774.5,58,58,64,39,464.2326096554263,479.7343505123493,454.36628664120946,102.48814516016783
outcome-lag-64,0,222,plugin,512,0.8359375,199.875,1756.25,0,0,64,39,421.34819956421524,438.202108719765,412.78518915798077,106.44735143654398
outcome-lag-64,0,222,safe,512,34.0,0.0,1793.0,0,0,64,39,258.30628158240734,278.2684276449072,253.92252216755207,84.47645819415861
outcome-lag-64,0,222,known,512,0.0,200.0,1755.25,0,0,64,39,420.7384251276376,437.1843302609935,411.70959401289656,107.61936705606966
outcome-lag-64,0,222,product,512,34.0,0.0,1793.0,0,0,64,39,258.30628158240734,278.2684276449072,253.92252216755207,84.47645819415861
single-blocker,0,222,prefix,512,24.0,424.0,1787.75,0,0,511,1,1024.0,498.61461953556517,498.61461953556517,19.035388332818624
single-blocker,0,222,intersection,512,7.599609375,270.9296875,1766.25,0,0,511,1,843.0,416.77249927052185,416.77249927052185,17.68089442193667
single-blocker,0,222,completed,512,7.125,266.5,1765.5,0,0,511,1,835.0,411.8976620618682,411.8976620618682,17.5707661166524
single-blocker,0,222,plugin,512,0.6640625,202.3125,1757.0,0,0,511,1,771.0,359.44008613821507,359.44008613821507,14.435002122367008
single-blocker,0,222,safe,512,34.0,0.0,1793.0,0,0,511,1,512.0,213.40675252840046,213.40675252840046,6.81456340954972
single-blocker,0,222,known,512,0.0,200.0,1755.25,0,0,511,1,769.0,356.77232155196066,356.77232155196066,12.938908372366997
single-blocker,0,222,product,512,34.0,0.0,1793.0,0,0,511,1,512.0,213.40675252840046,213.40675252840046,6.81456340954972
outcome-lag-64,0,333,prefix,512,13.400390625,325.0703125,1760.75,0,0,64,40,530.7848135433154,550.7424918788843,521.353632218814,156.69571340391622
outcome-lag-64,0,333,intersection,512,12.826171875,301.0234375,1758.0,0,0,64,40,521.9540649353258,542.1575172659793,513.1440716597159,156.28630964045243
outcome-lag-64,0,333,completed,512,13.91015625,318.171875,1761.25,3,3,64,40,525.1306250028955,546.5469731371722,517.2853404282282,151.53955587163756
outcome-lag-64,0,333,plugin,512,2.54296875,187.359375,1739.75,0,0,64,40,410.56033860269804,434.6763158801685,406.55582037644473,128.0684175519626
outcome-lag-64,0,333,safe,512,34.0,0.0,1782.0,0,0,64,40,258.58358081936524,285.3876506612112,258.1912188894895,104.73635074764572
outcome-lag-64,0,333,known,512,0.0,200.0,1741.5,0,0,64,40,413.5731204922326,438.25462546545134,409.8094901826297,132.19236777852046
outcome-lag-64,0,333,product,512,34.0,0.0,1782.0,0,0,64,40,258.58358081936524,285.3876506612112,258.1912188894895,104.73635074764572
single-blocker,0,333,prefix,512,24.0,424.0,1769.25,0,0,511,1,1024.0,498.7957688253496,498.7957688253496,19.03963035186551
single-blocker,0,333,intersection,512,11.4609375,306.96875,1756.5,0,0,511,1,893.0,445.3555850162597,445.3555850162597,18.259711156311468
single-blocker,0,333,completed,512,11.2265625,304.78125,1756.25,0,0,511,1,892.0,444.84082994080967,444.84082994080967,18.25045189705221
single-blocker,0,333,plugin,512,3.201171875,198.8671875,1744.75,0,0,511,1,757.0,357.9978433577255,357.9978433577255,15.450585170186917
single-blocker,0,333,safe,512,34.0,0.0,1782.0,0,0,511,1,512.0,213.40675252840046,213.40675252840046,6.81456340954972
single-blocker,0,333,known,512,0.0,200.0,1741.5,0,0,511,1,758.0,353.0808570059038,353.0808570059038,12.895076713014396
single-blocker,0,333,product,512,34.0,0.0,1782.0,0,0,511,1,512.0,213.40675252840046,213.40675252840046,6.81456340954972
outcome-lag-64,0,444,prefix,512,10.048828125,293.7890625,1778.75,0,0,64,38,508.28913345189517,521.928989182181,493.8712337815401,129.1102529588262
outcome-lag-64,0,444,intersection,512,10.30078125,277.453125,1778.0,0,0,64,38,495.95960351702985,512.4781863264583,484.45621537068376,128.84855320437904
outcome-lag-64,0,444,completed,512,10.27734375,277.734375,1775.75,18,18,64,38,491.7300866893449,509.09879860747276,481.0160285573982,126.93852782333573
outcome-lag-64,0,444,plugin,512,0.212890625,200.9765625,1772.5,0,0,64,38,416.32250398798004,435.68483764331495,407.6671158782971,112.47567198166173
outcome-lag-64,0,444,safe,512,34.0,0.0,1785.0,0,0,64,38,258.45624470098335,283.6577169915283,256.92667428147143,97.9408586597448
outcome-lag-64,0,444,known,512,0.0,200.0,1770.0,0,0,64,38,414.72326593742,434.0441472007338,406.024289255021,114.81373662581449
outcome-lag-64,0,444,product,512,34.0,0.0,1785.0,0,0,64,38,258.45624470098335,283.6577169915283,256.92667428147143,97.9408586597448
single-blocker,0,444,prefix,512,24.0,424.0,1795.75,0,0,511,1,1024.0,498.70791891090886,498.70791891090886,19.037573972262955
single-blocker,0,444,intersection,512,8.818359375,282.3046875,1777.0,0,0,511,1,854.0,427.33914827049335,427.33914827049335,17.95288140695193
single-blocker,0,444,completed,512,8.71875,281.375,1776.25,0,0,511,1,851.0,425.83316059968087,425.83316059968087,17.9250222022761
single-blocker,0,444,plugin,512,0.31640625,202.953125,1771.0,0,0,511,1,765.0,357.43270735802247,357.43270735802247,14.411238658982306
single-blocker,0,444,safe,512,34.0,0.0,1785.0,0,0,511,1,512.0,213.40675252840046,213.40675252840046,6.81456340954972
single-blocker,0,444,known,512,0.0,200.0,1770.0,0,0,511,1,761.0,354.0957790486131,354.0957790486131,12.907222594725296
single-blocker,0,444,product,512,34.0,0.0,1785.0,0,0,511,1,512.0,213.40675252840046,213.40675252840046,6.81456340954972
outcome-lag-64,1,111,prefix,512,1.412109375,381.1796875,1737.75,0,0,64,41,573.4295950104879,603.031966372434,565.2938178666632,177.26496272214388
outcome-lag-64,1,111,intersection,512,3.357421875,381.3671875,1740.0,0,0,64,41,573.5830065050139,603.3815262841745,565.6738251412042,177.83815031259363
outcome-lag-64,1,111,completed,512,0.6328125,373.90625,1737.25,0,0,64,41,572.3278525672474,602.3734448131489,564.6041903884685,177.25003430151497
outcome-lag-64,1,111,plugin,512,2.69140625,339.390625,1744.0,0,0,64,41,552.3062695684347,578.6842100046417,544.2914040019401,164.117714811053
outcome-lag-64,1,111,safe,512,48.0,0.0,1797.0,0,0,64,41,258.4554253287064,285.8112012367757,257.7614547305224,105.97827035388539
outcome-lag-64,1,111,known,512,0.0,368.0,1737.25,0,0,64,41,570.9527452772492,600.7061715571164,563.0163860233575,176.43886970003314
outcome-lag-64,1,111,product,512,70.0,408.0,1799.0,0,0,64,41,509.11387726902626,559.8344853165208,507.4964961210186,200.94725788808773
single-blocker,1,111,prefix,512,3.0,396.0,1738.25,0,0,511,1,1024.0,498.9173719009589,498.9173719009589,19.042474264801516
single-blocker,1,111,intersection,512,1.423828125,381.2890625,1738.0,0,0,511,1,1008.0,493.8041872261284,493.8041872261284,18.984591988363917
single-blocker,1,111,completed,512,1.306640625,380.1953125,1738.0,0,0,511,1,1008.0,493.8041872261284,493.8041872261284,18.984591988363917
single-blocker,1,111,plugin,512,13.55859375,207.515625,1754.5,0,0,511,1,784.0,369.7651155431181,369.7651155431181,15.970413740681256
single-blocker,1,111,safe,512,48.0,0.0,1797.0,0,0,511,1,512.0,213.40675252840046,213.40675252840046,6.81456340954972
single-blocker,1,111,known,512,0.0,368.0,1737.25,0,0,511,1,1000.0,491.1897826922156,491.1897826922156,18.95434397165202
single-blocker,1,111,product,512,70.0,408.0,1799.0,0,0,511,1,1000.0,421.1238226783731,421.1238226783731,13.581069540212305
outcome-lag-64,1,222,prefix,512,1.423828125,381.2890625,1752.25,0,0,64,38,569.0138002628307,594.3246246745869,560.846907690116,169.75343759176744
outcome-lag-64,1,222,intersection,512,1.259765625,379.7578125,1752.25,0,0,64,38,569.0138002628307,594.3246246745869,560.846907690116,169.75343759176744
outcome-lag-64,1,222,completed,512,2.666015625,365.7890625,1751.0,17,17,64,38,560.5563225927423,585.7733378960475,552.6799922344294,166.19626337383187
outcome-lag-64,1,222,plugin,512,5.857421875,304.9296875,1754.5,0,0,64,38,525.364277690318,545.2331416264503,516.3384546915113,148.44948817525832
outcome-lag-64,1,222,safe,512,48.0,0.0,1812.0,0,0,64,38,258.40088056958234,278.549939744396,255.38977431081224,97.6256821295709
outcome-lag-64,1,222,known,512,0.0,368.0,1754.0,0,0,64,38,563.1316899979158,586.9833295622078,553.82299184872,164.70902220661478
outcome-lag-64,1,222,product,512,70.0,408.0,1847.5,0,0,64,41,504.7193541437894,547.0379360806623,498.3225306990228,186.4001597613426
single-blocker,1,222,prefix,512,3.0,396.0,1756.75,0,0,511,1,1024.0,497.37620534273464,497.37620534273464,19.0062097902099
single-blocker,1,222,intersection,512,1.271484375,379.8671875,1752.5,0,0,511,1,1002.0,490.6348550656807,490.6348550656807,18.93296581673949
single-blocker,1,222,completed,512,1.189453125,379.1015625,1752.0,0,0,511,1,1000.0,490.00935524812587,490.00935524812587,18.9260333869048
single-blocker,1,222,plugin,512,0.302734375,368.4296875,1755.25,0,0,511,1,988.0,486.2652878378253,486.2652878378253,18.884761836494192
single-blocker,1,222,safe,512,48.0,0.0,1812.0,0,0,511,1,512.0,213.40675252840046,213.40675252840046,6.81456340954972
single-blocker,1,222,known,512,0.0,368.0,1754.0,0,0,511,1,988.0,486.20924605282914,486.20924605282914,18.883398200130507
single-blocker,1,222,product,512,70.0,408.0,1847.5,0,0,511,1,988.0,418.2259965953275,418.2259965953275,13.5561461407206
outcome-lag-64,1,333,prefix,512,1.201171875,379.2109375,1767.5,0,0,64,42,573.7174216059907,592.2293557685912,562.8371902641015,163.24041576898756
outcome-lag-64,1,333,intersection,512,1.431640625,376.5703125,1769.25,0,0,64,42,572.7891377386649,591.4406671891347,562.0344192471606,163.56180544937797
outcome-lag-64,1,333,completed,512,0.580078125,373.4140625,1765.5,0,0,64,42,569.1166627126803,589.2967968726797,559.9504989043636,162.8769578806774
outcome-lag-64,1,333,plugin,512,13.107421875,219.5859375,1771.25,0,0,64,42,444.7402152642802,461.7923115613867,437.4019761984792,125.63325810445312
outcome-lag-64,1,333,safe,512,48.0,0.0,1791.0,0,0,64,42,258.58485131633256,281.2728939082713,257.3275035691259,100.33878993504612
outcome-lag-64,1,333,known,512,0.0,368.0,1764.5,0,0,64,42,567.1933413716431,587.8219133894984,558.4991555264979,163.119446435904
outcome-lag-64,1,333,product,512,70.0,408.0,1818.75,0,0,64,42,507.1195873980749,549.546831087947,505.40240771855775,190.09778348946057
single-blocker,1,333,prefix,512,3.0,396.0,1767.25,0,0,511,1,1024.0,499.0606222837027,499.0606222837027,19.045820640554265
single-blocker,1,333,intersection,512,0.931640625,376.6953125,1767.0,0,0,511,1,1008.0,493.9096038021147,493.9096038021147,18.987088232896298
single-blocker,1,333,completed,512,0.890625,376.3125,1767.0,0,0,511,1,1008.0,493.9096038021147,493.9096038021147,18.987088232896298
single-blocker,1,333,plugin,512,14.109375,202.46875,1770.0,0,0,511,1,770.0,359.1071922530922,359.1071922530922,14.431080553739557
single-blocker,1,333,safe,512,48.0,0.0,1791.0,0,0,511,1,512.0,213.40675252840046,213.40675252840046,6.81456340954972
single-blocker,1,333,known,512,0.0,368.0,1764.5,0,0,511,1,998.0,490.6098387777712,490.6098387777712,18.94854786531143
single-blocker,1,333,product,512,70.0,408.0,1818.75,0,0,511,1,998.0,420.64337043086636,420.64337043086636,13.57695853895321
outcome-lag-64,1,444,prefix,512,1.546875,382.4375,1758.0,0,0,64,42,574.0706877202899,603.0437317798448,567.7782438829908,177.7356088973296
outcome-lag-64,1,444,intersection,512,1.23046875,379.484375,1757.25,0,0,64,42,572.5765045594891,601.5135247181253,566.1558232137598,177.16274475789174
outcome-lag-64,1,444,completed,512,1.9921875,367.46875,1765.25,12,12,64,42,566.2002542282045,594.0283924191676,558.8669969917951,170.3809670851849
outcome-lag-64,1,444,plugin,512,14.533203125,199.1953125,1764.5,0,0,64,42,417.52390930386224,442.1282545355966,412.7174720784522,130.18102937452318
outcome-lag-64,1,444,safe,512,48.0,0.0,1795.0,0,0,64,42,258.2698858881974,285.5072079004511,257.5616109636367,102.5662230995263
outcome-lag-64,1,444,known,512,0.0,368.0,1754.5,0,0,64,42,567.7599373051917,597.074916573359,561.865853755223,175.97772560159672
outcome-lag-64,1,444,product,512,70.0,408.0,1823.5,0,0,64,42,508.30084211189074,556.8341010334847,507.03327939309025,195.5041618798811
single-blocker,1,444,prefix,512,3.0,396.0,1759.75,0,0,511,1,1024.0,498.9173719009591,498.9173719009591,19.042474264801506
single-blocker,1,444,intersection,512,1.23046875,379.484375,1757.25,0,0,511,1,1009.0,494.12820201702607,494.12820201702607,18.988309460482856
single-blocker,1,444,completed,512,1.189453125,379.1015625,1757.25,0,0,511,1,1009.0,494.12820201702607,494.12820201702607,18.988309460482856
single-blocker,1,444,plugin,512,0.587890625,368.6953125,1757.25,0,0,511,1,999.0,490.9242301074794,490.9242301074794,18.952027857851924
single-blocker,1,444,safe,512,48.0,0.0,1795.0,0,0,511,1,512.0,213.40675252840046,213.40675252840046,6.81456340954972
single-blocker,1,444,known,512,0.0,368.0,1754.5,0,0,511,1,998.0,490.52985966400666,490.52985966400666,18.946636813944885
single-blocker,1,444,product,512,70.0,408.0,1823.5,0,0,511,1,998.0,420.6433704308665,420.6433704308665,13.576958538953225
outcome-lag-64,2,111,prefix,512,2.103515625,351.0078125,1710.25,0,0,64,41,568.2010565678,601.4099344009852,560.2089155514843,180.8302295757676
outcome-lag-64,2,111,intersection,512,3.310546875,350.7734375,1711.0,0,0,64,41,567.9138600220782,602.0711192085375,560.0752497802263,188.13323485693928
outcome-lag-64,2,111,completed,512,3.3046875,331.65625,1710.5,18,18,64,41,555.4717346579773,589.103884246708,548.5537479923203,173.88449365106092
outcome-lag-64,2,111,plugin,512,6.798828125,328.1640625,1700.0,0,0,64,41,556.0181014012246,590.0653084461875,549.3942343045637,177.63114008300502
outcome-lag-64,2,111,safe,512,83.0,0.0,1787.0,0,0,64,41,257.82755117098264,279.2949161051967,255.29644812421785,96.42154445841985
outcome-lag-64,2,111,known,512,0.0,340.0,1705.75,0,0,64,41,559.9244097075562,594.7553049595018,553.7699446984209,180.80476255724855
outcome-lag-64,2,111,product,512,56.0,372.0,1769.0,0,0,64,48,500.9644226453925,568.7230326375565,498.43331959862786,234.539284588598
single-blocker,2,111,prefix,512,3.0,368.0,1714.5,0,0,511,1,1024.0,498.4115806234788,498.4115806234788,19.03062586011933
single-blocker,2,111,intersection,512,0.92578125,348.640625,1708.25,0,0,511,1,994.0,488.8912787265445,488.8912787265445,18.923571977882226
single-blocker,2,111,completed,512,0.884765625,348.2578125,1708.0,0,0,511,1,993.0,488.56479953843325,488.56479953843325,18.919798392976592
single-blocker,2,111,plugin,512,0.173828125,340.6640625,1706.25,0,0,511,1,981.0,484.62443183423653,484.62443183423653,18.874029824009103
single-blocker,2,111,safe,512,83.0,0.0,1787.0,0,0,511,1,512.0,213.40675252840046,213.40675252840046,6.81456340954972
single-blocker,2,111,known,512,0.0,340.0,1705.75,0,0,511,1,979.0,483.92679537252354,483.92679537252354,18.865416130634475
single-blocker,2,111,product,512,56.0,372.0,1769.0,0,0,511,1,979.0,416.0283434516962,416.0283434516962,13.53703728620178
outcome-lag-64,2,222,prefix,512,2.525390625,363.5703125,1651.75,0,0,64,42,578.7010719370772,625.3626610131498,574.6583197087659,204.34277795575954
outcome-lag-64,2,222,intersection,512,2.1796875,360.34375,1654.0,0,0,64,42,576.420469882132,622.7977179860052,572.3777176538206,203.77735233711718
outcome-lag-64,2,222,completed,512,3.486328125,346.4140625,1654.0,12,12,64,42,568.2849800319153,614.2117620707425,564.0242039606966,197.70919021718666
outcome-lag-64,2,222,plugin,512,48.345703125,202.5078125,1711.5,0,0,64,42,411.22369953248426,438.5967725236046,408.0537902764721,133.62169526314574
outcome-lag-64,2,222,safe,512,83.0,0.0,1755.0,0,0,64,42,258.6523248923725,287.73870755969114,258.6516636701724,102.2316272133372
outcome-lag-64,2,222,known,512,0.0,340.0,1651.0,0,0,64,42,562.9314691834326,610.0830815944723,559.957678561097,201.4821103457238
outcome-lag-64,2,222,product,512,56.0,372.0,1721.75,0,0,64,52,503.4779446574271,582.0089009030008,503.4772834352269,239.45984425083418
single-blocker,2,222,prefix,512,3.0,368.0,1652.0,0,0,511,1,1024.0,499.47078582416833,499.47078582416833,19.05537955926647
single-blocker,2,222,intersection,512,2.28515625,361.328125,1654.25,0,0,511,1,1013.0,495.7867415461486,495.7867415461486,19.011721889980606
single-blocker,2,222,completed,512,2.19140625,360.453125,1654.0,0,0,511,1,1012.0,495.4477404590602,495.4477404590602,19.00765684933021
single-blocker,2,222,plugin,512,0.85546875,347.984375,1651.25,0,0,511,1,996.0,489.92554453707584,489.92554453707584,18.940263031350476
single-blocker,2,222,safe,512,83.0,0.0,1755.0,0,0,511,1,512.0,213.40675252840046,213.40675252840046,6.81456340954972
single-blocker,2,222,known,512,0.0,340.0,1651.0,0,0,511,1,985.0,486.01515392835796,486.01515392835796,18.891146098041514
single-blocker,2,222,product,512,56.0,372.0,1721.75,0,0,511,1,985.0,417.49579507551556,417.49579507551556,13.549817008016474
outcome-lag-64,2,333,prefix,512,1.224609375,351.4296875,1703.25,0,0,64,46,573.2440887708368,618.2383134158348,567.1955456763277,196.7163294565267
outcome-lag-64,2,333,intersection,512,1.79296875,348.109375,1710.5,0,0,64,46,572.4487421953132,616.9591804334129,565.8701004005655,198.59440709889967
outcome-lag-64,2,333,completed,512,4.65625,329.03125,1706.25,25,25,64,46,560.859010165623,606.2089854463118,554.6814767616733,183.94506529456285
outcome-lag-64,2,333,plugin,512,6.482421875,324.5546875,1710.0,0,0,64,46,560.0330090254163,605.600160057357,554.090872696232,185.23040562894448
outcome-lag-64,2,333,safe,512,83.0,0.0,1791.0,0,0,64,46,258.2953241451783,289.56723037149277,257.4623197908409,105.49457864881437
outcome-lag-64,2,333,known,512,0.0,340.0,1701.5,0,0,64,46,568.2212275625837,613.7725315224417,562.7794079488235,195.86596665592708
outcome-lag-64,2,333,product,512,56.0,372.0,1730.0,0,0,64,56,507.98564746978076,591.5715431622797,507.15264311544325,257.2199023286897
single-blocker,2,333,prefix,512,3.0,368.0,1705.75,0,0,511,1,1024.0,499.0268266464049,499.0268266464049,19.04503153332856
single-blocker,2,333,intersection,512,1.01953125,349.515625,1703.0,0,0,511,1,1008.0,493.8853450210661,493.8853450210661,18.98651399171501
single-blocker,2,333,completed,512,0.94921875,348.859375,1702.75,0,0,511,1,1007.0,493.5588658329545,493.5588658329545,18.98274040680938
single-blocker,2,333,plugin,512,0.54296875,341.234375,1703.0,0,0,511,1,999.0,490.9754552734206,490.9754552734206,18.953250206594028
single-blocker,2,333,safe,512,83.0,0.0,1791.0,0,0,511,1,512.0,213.40675252840046,213.40675252840046,6.81456340954972
single-blocker,2,333,known,512,0.0,340.0,1701.5,0,0,511,1,997.0,490.2591008086117,490.2591008086117,18.94420003922449
single-blocker,2,333,product,512,56.0,372.0,1730.0,0,0,511,1,997.0,420.40277002580285,420.40277002580285,13.57489668328311
outcome-lag-64,2,444,prefix,512,1.078125,350.0625,1745.5,0,0,64,38,567.1201072532615,600.3748208512296,560.5514842948314,178.33294214402602
outcome-lag-64,2,444,intersection,512,2.400390625,349.9453125,1740.75,0,0,64,38,567.6103520115502,600.8998043403698,560.6072778530947,183.18319153764875
outcome-lag-64,2,444,completed,512,2.458984375,334.6484375,1746.75,13,13,64,38,558.0869402422398,590.8756604784733,551.5499560848538,174.93776418025234
outcome-lag-64,2,444,plugin,512,48.52734375,201.578125,1776.75,0,0,64,38,423.7012639228365,442.78415956193226,416.6984717589882,122.77309471936506
outcome-lag-64,2,444,safe,512,83.0,0.0,1798.0,0,0,64,38,258.295053735177,281.8592552876658,257.09197482780746,97.59552197797375
outcome-lag-64,2,444,known,512,0.0,340.0,1744.75,0,0,64,38,561.63049912974,594.4447662956438,554.7628656030353,176.82880476329112
outcome-lag-64,2,444,product,512,56.0,372.0,1781.0,0,0,64,56,503.22601206656554,573.0255442075028,502.02293315919604,227.0567711533962
single-blocker,2,444,prefix,512,3.0,368.0,1748.5,0,0,511,1,1024.0,498.065539514691,498.065539514691,19.02248990258305
single-blocker,2,444,intersection,512,0.7265625,346.78125,1747.25,0,0,511,1,994.0,488.6467114382698,488.6467114382698,18.91768213268261
single-blocker,2,444,completed,512,1.015625,344.6875,1748.0,0,0,511,1,992.0,488.04375780188013,488.04375780188013,18.911332824721434
single-blocker,2,444,plugin,512,48.623046875,201.3046875,1776.5,0,0,511,1,776.0,361.0947554624294,361.0947554624294,14.45438254965007
single-blocker,2,444,safe,512,83.0,0.0,1798.0,0,0,511,1,512.0,213.40675252840046,213.40675252840046,6.81456340954972
single-blocker,2,444,known,512,0.0,340.0,1744.75,0,0,511,1,984.0,485.39108198449173,485.39108198449173,18.88015432087219
single-blocker,2,444,product,512,56.0,372.0,1781.0,0,0,511,1,984.0,417.25187523587977,417.25187523587977,13.54769836394868
outcome-lag-64,3,111,prefix,512,14.888671875,306.9609375,1649.0,0,0,64,40,552.7049039687553,587.8616536010998,547.9521956667307,157.8861879060823
outcome-lag-64,3,111,intersection,512,12.591796875,285.5234375,1645.75,0,0,64,40,539.082922035594,574.2924438882793,534.4236450822008,156.6975855043005
outcome-lag-64,3,111,completed,512,30.986328125,235.5390625,1672.5,80,80,64,40,506.39821642389427,539.5477153061466,501.2680238668361,135.63609973669574
outcome-lag-64,3,111,plugin,512,1.474609375,164.7734375,1640.25,0,0,64,40,432.04063717535587,469.3206885373881,430.144013131585,139.08649309925394
outcome-lag-64,3,111,safe,512,134.0,0.0,1800.0,0,0,64,40,257.99770443413615,282.5688591445672,256.1278494464161,86.14859644612842
outcome-lag-64,3,111,known,512,0.0,168.0,1638.75,0,0,64,40,434.6811045462561,472.4153060617444,432.8112495585361,140.12445555085986
outcome-lag-64,3,111,product,512,0.0,168.0,1638.75,0,0,64,40,434.6811045462561,472.4153060617444,432.8112495585361,140.12445555085986
single-blocker,3,111,prefix,512,21.0,364.0,1657.5,0,0,511,1,1024.0,498.3573779493433,498.3573779493433,19.029353075707036
single-blocker,3,111,intersection,512,12.87890625,288.203125,1645.75,0,0,511,1,942.0,464.9381899683567,464.9381899683567,18.547627450473563
single-blocker,3,111,completed,512,12.6328125,285.90625,1646.0,0,0,511,1,938.0,463.0680518746813,463.0680518746813,18.51697385943474
single-blocker,3,111,plugin,512,0.603515625,172.1328125,1639.25,0,0,511,1,811.0,372.25373836248104,372.25373836248104,14.580448388467175
single-blocker,3,111,safe,512,134.0,0.0,1800.0,0,0,511,1,512.0,213.40675252840046,213.40675252840046,6.81456340954972
single-blocker,3,111,known,512,0.0,168.0,1638.75,0,0,511,1,809.0,369.5624566609885,369.5624566609885,13.083826766845558
single-blocker,3,111,product,512,0.0,168.0,1638.75,0,0,511,1,809.0,369.5624566609885,369.5624566609885,13.083826766845558
outcome-lag-64,3,222,prefix,512,11.07421875,271.359375,1672.5,0,0,64,41,528.858062978507,563.5642340078297,525.468757466447,172.3610605210733
outcome-lag-64,3,222,intersection,512,9.26953125,254.515625,1672.0,0,0,64,41,516.0168734612565,551.0585987634818,512.9818184345121,171.23160572558749
outcome-lag-64,3,222,completed,512,21.19140625,230.015625,1683.25,49,49,64,41,494.8977376440863,530.5995373079393,492.8381893176163,153.21353954524085
outcome-lag-64,3,222,plugin,512,3.080078125,189.6640625,1662.75,0,0,64,41,460.67904009356266,498.508598106906,460.47624945332075,159.7261886171237
outcome-lag-64,3,222,safe,512,134.0,0.0,1797.0,0,0,64,41,258.5139156561161,285.1134931829544,258.47480452821395,92.4700890570701
outcome-lag-64,3,222,known,512,0.0,168.0,1661.25,0,0,64,41,433.3931937383853,471.1507219785081,433.0895548046225,153.14967752288968
outcome-lag-64,3,222,product,512,0.0,168.0,1661.25,0,0,64,41,433.3931937383853,471.1507219785081,433.0895548046225,153.14967752288968
single-blocker,3,222,prefix,512,21.0,364.0,1682.0,0,0,511,1,1024.0,498.75252369443774,498.75252369443774,19.038618269155045
single-blocker,3,222,intersection,512,9.26953125,254.515625,1672.0,0,0,511,1,894.0,442.20349183352187,442.20349183352187,18.160903840060538
single-blocker,3,222,completed,512,8.900390625,251.0703125,1671.5,0,0,511,1,892.0,441.0832503776513,441.0832503776513,18.139045263854136
single-blocker,3,222,plugin,512,0.73828125,174.890625,1661.25,0,0,511,1,806.0,372.0777575433733,372.0777575433733,15.139807994338947
single-blocker,3,222,safe,512,134.0,0.0,1797.0,0,0,511,1,512.0,213.40675252840046,213.40675252840046,6.81456340954972
single-blocker,3,222,known,512,0.0,168.0,1661.25,0,0,511,1,801.0,367.0777575433733,367.0777575433733,13.056474661005607
single-blocker,3,222,product,512,0.0,168.0,1661.25,0,0,511,1,801.0,367.0777575433733,367.0777575433733,13.056474661005607
outcome-lag-64,3,333,prefix,512,9.556640625,257.1953125,1666.0,0,0,64,43,530.9562028154395,567.3553508094251,526.5985137935559,170.8397345710576
outcome-lag-64,3,333,intersection,512,7.013671875,233.4609375,1662.75,0,0,64,43,516.9056245164304,554.2665497575977,513.509712741729,169.97721071070418
outcome-lag-64,3,333,completed,512,14.283203125,248.6640625,1663.5,19,19,64,43,517.826324875818,556.1491780787361,516.2486822662382,165.40658652438677
outcome-lag-64,3,333,plugin,512,1.318359375,163.8359375,1656.5,0,0,64,43,435.08126031281967,475.08111281582325,435.08126031281967,158.04948826876048
outcome-lag-64,3,333,safe,512,134.0,0.0,1800.0,0,0,64,43,258.56590473802595,286.0306601330467,258.56590473802595,104.51293027728053
outcome-lag-64,3,333,known,512,0.0,168.0,1654.75,0,0,64,43,434.7309835370464,475.48782055291525,434.7309835370464,159.1551299961692
outcome-lag-64,3,333,product,512,0.0,168.0,1654.75,0,0,64,43,434.7309835370464,475.48782055291525,434.7309835370464,159.1551299961692
single-blocker,3,333,prefix,512,21.0,364.0,1676.0,0,0,511,1,1024.0,498.61461953556494,498.61461953556494,19.035388332818627
single-blocker,3,333,intersection,512,7.423828125,237.2890625,1663.5,0,0,511,1,894.0,441.45419131800185,441.45419131800185,18.138279062334373
single-blocker,3,333,completed,512,7.30078125,236.140625,1663.0,0,0,511,1,892.0,440.3147464752696,440.3147464752696,18.115679470914554
single-blocker,3,333,plugin,512,0.287109375,170.6796875,1655.5,0,0,511,1,807.0,371.0135525173392,371.0135525173392,14.56681957059697
single-blocker,3,333,safe,512,134.0,0.0,1800.0,0,0,511,1,512.0,213.40675252840046,213.40675252840046,6.81456340954972
single-blocker,3,333,known,512,0.0,168.0,1654.75,0,0,511,1,804.0,368.01355251733906,368.01355251733906,13.066819570596966
single-blocker,3,333,product,512,0.0,168.0,1654.75,0,0,511,1,804.0,368.01355251733906,368.01355251733906,13.066819570596966
outcome-lag-64,3,444,prefix,512,13.576171875,294.7109375,1684.0,0,0,64,38,547.1115246435493,579.4185247685244,543.1629211330265,187.33857257538577
outcome-lag-64,3,444,intersection,512,11.443359375,274.8046875,1678.5,0,0,64,38,533.7818868791577,566.3123491551275,530.0569321296167,186.10675032371424
outcome-lag-64,3,444,completed,512,11.859375,270.375,1678.25,3,3,64,38,532.7188848677383,565.3375455718748,529.1538064794562,185.4066124681054
outcome-lag-64,3,444,plugin,512,2.724609375,162.8671875,1666.75,0,0,64,38,427.58697242556184,461.978398253373,427.1331012746888,156.41963846765165
outcome-lag-64,3,444,safe,512,134.0,0.0,1780.0,0,0,64,38,258.5175193866304,285.62319352735545,258.0808507912639,105.95232855914065
outcome-lag-64,3,444,known,512,0.0,168.0,1662.25,0,0,64,38,428.3228909947166,464.1010813064109,427.8827376942633,160.83987673169727
outcome-lag-64,3,444,product,512,0.0,168.0,1662.25,0,0,64,38,428.3228909947166,464.1010813064109,427.8827376942633,160.83987673169727
single-blocker,3,444,prefix,512,21.0,364.0,1689.25,0,0,511,1,1024.0,499.2597396585272,499.2597396585272,19.050465280399
single-blocker,3,444,intersection,512,11.443359375,274.8046875,1678.5,0,0,511,1,916.0,456.29906457120774,456.29906457120774,18.443980283909912
single-blocker,3,444,completed,512,11.279296875,273.2734375,1678.25,0,0,511,1,915.0,455.82878829755407,455.82878829755407,18.436228345925414
single-blocker,3,444,plugin,512,0.328125,169.3125,1664.0,0,0,511,1,788.0,365.0015879207147,365.0015879207147,14.499418249673225
single-blocker,3,444,safe,512,134.0,0.0,1780.0,0,0,511,1,512.0,213.40675252840046,213.40675252840046,6.81456340954972
single-blocker,3,444,known,512,0.0,168.0,1662.25,0,0,511,1,786.0,362.32319308386127,362.32319308386127,13.003081253336232
single-blocker,3,444,product,512,0.0,168.0,1662.25,0,0,511,1,786.0,362.32319308386127,362.32319308386127,13.003081253336232
outcome-lag-64,4,111,prefix,512,0.0,336.0,1643.0,0,0,64,36,579.7513328328071,616.1833694350105,576.7384481112198,202.81201305738
outcome-lag-64,4,111,intersection,512,0.0,336.0,1643.0,0,0,64,36,579.7513328328071,616.1833694350105,576.7384481112198,202.81201305738
outcome-lag-64,4,111,completed,512,6.9375,320.25,1655.5,24,24,64,36,569.5424726258556,604.6470088594621,566.2064992214823,190.5910434067131
outcome-lag-64,4,111,plugin,512,1.625,316.5,1642.5,0,0,64,36,570.2515311637513,606.5697298615021,567.4684970836731,194.2485634331604
outcome-lag-64,4,111,safe,512,148.0,0.0,1817.0,0,0,64,36,258.29723043383274,277.6091315532896,255.9751241610548,91.37651580564575
outcome-lag-64,4,111,known,512,0.0,336.0,1643.0,0,0,64,36,579.7513328328071,616.1833694350105,576.7384481112198,202.81201305738
outcome-lag-64,4,111,product,512,0.0,336.0,1643.0,0,0,64,36,579.7513328328071,616.1833694350105,576.7384481112198,202.81201305738
single-blocker,4,111,prefix,512,0.0,336.0,1643.0,0,0,511,1,1024.0,497.8068578274737,497.8068578274737,19.01639198499365
single-blocker,4,111,intersection,512,0.0,336.0,1643.0,0,0,511,1,1024.0,497.8068578274737,497.8068578274737,19.01639198499365
single-blocker,4,111,completed,512,0.0,336.0,1643.0,0,0,511,1,1024.0,497.8068578274737,497.8068578274737,19.01639198499365
single-blocker,4,111,plugin,512,1.67578125,336.515625,1642.0,0,0,511,1,1024.0,497.9390179753144,497.9390179753144,19.019509109591276
single-blocker,4,111,safe,512,148.0,0.0,1817.0,0,0,511,1,512.0,213.40675252840046,213.40675252840046,6.81456340954972
single-blocker,4,111,known,512,0.0,336.0,1643.0,0,0,511,1,1024.0,497.8068578274737,497.8068578274737,19.01639198499365
single-blocker,4,111,product,512,0.0,336.0,1643.0,0,0,511,1,1024.0,497.8068578274737,497.8068578274737,19.01639198499365
outcome-lag-64,4,222,prefix,512,0.0,336.0,1629.0,0,0,64,38,578.90658914,618.4548658587101,575.7917835175407,188.30937505866515
outcome-lag-64,4,222,intersection,512,0.0,336.0,1629.0,0,0,64,38,578.90658914,618.4548658587101,575.7917835175407,188.30937505866515
outcome-lag-64,4,222,completed,512,10.1171875,313.03125,1640.5,35,35,64,38,566.230473791624,604.4936058846714,562.2314801435062,174.2657013934182
outcome-lag-64,4,222,plugin,512,6.9765625,252.28125,1640.25,0,0,64,38,528.3069052648337,563.4718523398772,526.00456473791,168.09939908864297
outcome-lag-64,4,222,safe,512,148.0,0.0,1795.0,0,0,64,38,258.2963354860131,282.4780335689774,257.0746530213875,91.13924889761797
outcome-lag-64,4,222,known,512,0.0,336.0,1629.0,0,0,64,38,578.90658914,618.4548658587101,575.7917835175407,188.30937505866515
outcome-lag-64,4,222,product,512,0.0,336.0,1629.0,0,0,64,38,578.90658914,618.4548658587101,575.7917835175407,188.30937505866515
single-blocker,4,222,prefix,512,0.0,336.0,1629.0,0,0,511,1,1024.0,498.56591929753654,498.56591929753654,19.03424678030716
single-blocker,4,222,intersection,512,0.0,336.0,1629.0,0,0,511,1,1024.0,498.56591929753654,498.56591929753654,19.03424678030716
single-blocker,4,222,completed,512,0.0,336.0,1629.0,0,0,511,1,1024.0,498.56591929753654,498.56591929753654,19.03424678030716
single-blocker,4,222,plugin,512,13.6171875,172.59375,1644.25,0,0,511,1,810.0,373.3244013507353,373.3244013507353,15.153577561464553
single-blocker,4,222,safe,512,148.0,0.0,1795.0,0,0,511,1,512.0,213.40675252840046,213.40675252840046,6.81456340954972
single-blocker,4,222,known,512,0.0,336.0,1629.0,0,0,511,1,1024.0,498.56591929753654,498.56591929753654,19.03424678030716
single-blocker,4,222,product,512,0.0,336.0,1629.0,0,0,511,1,1024.0,498.56591929753654,498.56591929753654,19.03424678030716
outcome-lag-64,4,333,prefix,512,0.0,336.0,1656.25,0,0,64,46,581.6242597246966,624.3875957582958,577.5780459740996,192.44885503794754
outcome-lag-64,4,333,intersection,512,0.0,336.0,1656.25,0,0,64,46,581.6242597246966,624.3875957582958,577.5780459740996,192.44885503794754
outcome-lag-64,4,333,completed,512,5.78125,322.875,1658.75,20,20,64,46,573.5079690590419,615.6735852170644,569.0929756326619,183.18916504039316
outcome-lag-64,4,333,plugin,512,12.3828125,209.90625,1677.25,0,0,64,46,492.8931274778811,527.9541935288787,490.1322999890425,148.80268623783027
outcome-lag-64,4,333,safe,512,148.0,0.0,1771.0,0,0,64,46,258.45173553295945,286.88386518253714,257.6121606122262,97.10814849013195
outcome-lag-64,4,333,known,512,0.0,336.0,1656.25,0,0,64,46,581.6242597246966,624.3875957582958,577.5780459740996,192.44885503794754
outcome-lag-64,4,333,product,512,0.0,336.0,1656.25,0,0,64,46,581.6242597246966,624.3875957582958,577.5780459740996,192.44885503794754
single-blocker,4,333,prefix,512,0.0,336.0,1656.25,0,0,511,1,1024.0,499.3936982581243,499.3936982581243,19.05358557553789
single-blocker,4,333,intersection,512,0.0,336.0,1656.25,0,0,511,1,1024.0,499.3936982581243,499.3936982581243,19.05358557553789
single-blocker,4,333,completed,512,0.0,336.0,1656.25,0,0,511,1,1024.0,499.3936982581243,499.3936982581243,19.05358557553789
single-blocker,4,333,plugin,512,13.81640625,170.203125,1680.25,0,0,511,1,780.0,362.40695727743537,362.40695727743537,14.469620921324433
single-blocker,4,333,safe,512,148.0,0.0,1771.0,0,0,511,1,512.0,213.40675252840046,213.40675252840046,6.81456340954972
single-blocker,4,333,known,512,0.0,336.0,1656.25,0,0,511,1,1024.0,499.3936982581243,499.3936982581243,19.05358557553789
single-blocker,4,333,product,512,0.0,336.0,1656.25,0,0,511,1,1024.0,499.3936982581243,499.3936982581243,19.05358557553789
outcome-lag-64,4,444,prefix,512,0.0,336.0,1643.5,0,0,64,37,578.0410799483986,615.547516472548,574.3251278999659,174.33648484167117
outcome-lag-64,4,444,intersection,512,0.0,336.0,1643.5,0,0,64,37,578.0410799483986,615.547516472548,574.3251278999659,174.33648484167117
outcome-lag-64,4,444,completed,512,13.5859375,305.15625,1648.5,47,47,64,37,560.932098661954,597.1632822940892,556.7859342615836,158.03327468548767
outcome-lag-64,4,444,plugin,512,14.55078125,165.515625,1673.0,0,0,64,37,438.0251353076559,469.3441218335084,435.446385557982,138.1340106189395
outcome-lag-64,4,444,safe,512,148.0,0.0,1811.0,0,0,64,37,258.3495296672279,281.0084818064096,256.87666072084306,83.69405070767988
outcome-lag-64,4,444,known,512,0.0,336.0,1643.5,0,0,64,37,578.0410799483986,615.547516472548,574.3251278999659,174.33648484167117
outcome-lag-64,4,444,product,512,0.0,336.0,1643.5,0,0,64,37,578.0410799483986,615.547516472548,574.3251278999659,174.33648484167117
single-blocker,4,444,prefix,512,0.0,336.0,1643.5,0,0,511,1,1024.0,498.06553951469107,498.06553951469107,19.02248990258306
single-blocker,4,444,intersection,512,0.0,336.0,1643.5,0,0,511,1,1024.0,498.06553951469107,498.06553951469107,19.02248990258306
single-blocker,4,444,completed,512,0.0,336.0,1643.5,0,0,511,1,1024.0,498.06553951469107,498.06553951469107,19.02248990258306
single-blocker,4,444,plugin,512,13.40625,175.125,1671.75,0,0,511,1,822.0,379.0982134507602,379.0982134507602,15.693406691842576
single-blocker,4,444,safe,512,148.0,0.0,1811.0,0,0,511,1,512.0,213.40675252840046,213.40675252840046,6.81456340954972
single-blocker,4,444,known,512,0.0,336.0,1643.5,0,0,511,1,1024.0,498.06553951469107,498.06553951469107,19.02248990258306
single-blocker,4,444,product,512,0.0,336.0,1643.5,0,0,511,1,1024.0,498.06553951469107,498.06553951469107,19.02248990258306
outcome-lag-64,5,111,prefix,512,0.0,308.0,1672.5,0,0,64,40,581.258100364287,624.7241538586188,579.2885714410332,199.19296064554973
outcome-lag-64,5,111,intersection,512,0.0,308.0,1672.5,0,0,64,40,581.258100364287,624.7241538586188,579.2885714410332,199.19296064554973
outcome-lag-64,5,111,completed,512,5.361328125,298.9765625,1673.75,15,15,64,40,576.0174316629174,618.3296321476082,574.0716910961363,193.41336567315454
outcome-lag-64,5,111,plugin,512,22.205078125,238.9453125,1695.0,0,0,64,40,537.4926501621645,575.1949019917531,535.6433694336855,173.32773862055362
outcome-lag-64,5,111,safe,512,183.0,0.0,1797.0,0,0,64,40,258.4066275483327,281.7270357261417,257.0598426881788,94.47031272804463
outcome-lag-64,5,111,known,512,0.0,308.0,1672.5,0,0,64,40,581.258100364287,624.7241538586188,579.2885714410332,199.19296064554973
outcome-lag-64,5,111,product,512,154.0,396.0,1771.25,0,0,64,50,539.9947756533452,609.0484216723892,538.6479907931914,226.29597960524882
single-blocker,5,111,prefix,512,0.0,308.0,1672.5,0,0,511,1,1024.0,498.46440293451076,498.46440293451076,19.031865659240506
single-blocker,5,111,intersection,512,0.0,308.0,1672.5,0,0,511,1,1024.0,498.46440293451076,498.46440293451076,19.031865659240506
single-blocker,5,111,completed,512,0.0,308.0,1672.5,0,0,511,1,1024.0,498.46440293451076,498.46440293451076,19.031865659240506
single-blocker,5,111,plugin,512,47.755859375,171.5546875,1708.25,0,0,511,1,812.0,373.944491524393,373.944491524393,15.160391891292036
single-blocker,5,111,safe,512,183.0,0.0,1797.0,0,0,511,1,512.0,213.40675252840046,213.40675252840046,6.81456340954972
single-blocker,5,111,known,512,0.0,308.0,1672.5,0,0,511,1,1024.0,498.46440293451076,498.46440293451076,19.031865659240506
single-blocker,5,111,product,512,154.0,396.0,1771.25,0,0,511,1,1024.0,452.5844088016891,452.5844088016891,17.64914164285497
outcome-lag-64,5,222,prefix,512,0.0,308.0,1622.0,0,0,64,42,580.918704606478,632.7081372853647,579.8592334474471,198.4264204141492
outcome-lag-64,5,222,intersection,512,0.0,308.0,1622.0,0,0,64,42,580.918704606478,632.7081372853647,579.8592334474471,198.4264204141492
outcome-lag-64,5,222,completed,512,13.224609375,285.7421875,1638.25,37,37,64,42,566.9802735332848,616.2031414975382,566.0211683001255,183.32404171205673
outcome-lag-64,5,222,plugin,512,49.455078125,158.1640625,1666.75,0,0,64,42,428.68514256290246,464.893429570821,427.7478337949541,135.84502998748562
outcome-lag-64,5,222,safe,512,183.0,0.0,1794.0,0,0,64,42,258.49458473696376,284.6371461260229,257.57562850808546,94.07818065380451
outcome-lag-64,5,222,known,512,0.0,308.0,1622.0,0,0,64,42,580.918704606478,632.7081372853647,579.8592334474471,198.4264204141492
outcome-lag-64,5,222,product,512,154.0,396.0,1780.5,0,0,64,51,534.5442315435126,608.2461183062154,533.6252753146343,232.5930857518642
single-blocker,5,222,prefix,512,0.0,308.0,1622.0,0,0,511,1,1024.0,498.95520358880464,498.95520358880464,19.043358424384575
single-blocker,5,222,intersection,512,0.0,308.0,1622.0,0,0,511,1,1024.0,498.95520358880464,498.95520358880464,19.043358424384575
single-blocker,5,222,completed,512,0.0,308.0,1622.0,0,0,511,1,1024.0,498.95520358880464,498.95520358880464,19.043358424384575
single-blocker,5,222,plugin,512,47.880859375,168.3046875,1666.25,0,0,511,1,796.0,368.9223725272645,368.9223725272645,15.10453100435363
single-blocker,5,222,safe,512,183.0,0.0,1794.0,0,0,511,1,512.0,213.40675252840046,213.40675252840046,6.81456340954972
single-blocker,5,222,known,512,0.0,308.0,1622.0,0,0,511,1,1024.0,498.95520358880464,498.95520358880464,19.043358424384575
single-blocker,5,222,product,512,154.0,396.0,1780.5,0,0,511,1,1024.0,446.64337043086624,446.64337043086624,17.392916716706733
outcome-lag-64,5,333,prefix,512,0.0,308.0,1623.25,0,0,64,40,581.8769071337607,631.7922235573335,577.7024036512383,212.36317112396972
outcome-lag-64,5,333,intersection,512,0.0,308.0,1623.25,0,0,64,40,581.8769071337607,631.7922235573335,577.7024036512383,212.36317112396972
outcome-lag-64,5,333,completed,512,24.3046875,267.09375,1637.75,68,68,64,40,553.3939177725338,600.6331187328808,549.5077426296583,190.03068836963956
outcome-lag-64,5,333,plugin,512,3.310546875,295.9609375,1623.5,0,0,64,40,573.101153899308,622.3767002972991,569.317265536889,204.3581822434665
outcome-lag-64,5,333,safe,512,183.0,0.0,1792.0,0,0,64,40,258.10792222409407,281.40740891275084,254.5020251967076,88.9448004034605
outcome-lag-64,5,333,known,512,0.0,308.0,1623.25,0,0,64,40,581.8769071337607,631.7922235573335,577.7024036512383,212.36317112396972
outcome-lag-64,5,333,product,512,154.0,396.0,1780.25,0,0,64,52,538.1092409205439,609.9493398046196,534.5033438931576,241.84507657429884
single-blocker,5,333,prefix,512,0.0,308.0,1623.25,0,0,511,1,1024.0,498.75252369443785,498.75252369443785,19.038618269155037
single-blocker,5,333,intersection,512,0.0,308.0,1623.25,0,0,511,1,1024.0,498.75252369443785,498.75252369443785,19.038618269155037
single-blocker,5,333,completed,512,0.0,308.0,1623.25,0,0,511,1,1024.0,498.75252369443785,498.75252369443785,19.038618269155037
single-blocker,5,333,plugin,512,0.015625,307.8125,1623.25,0,0,511,1,1024.0,498.75252369443785,498.75252369443785,19.038618269155037
single-blocker,5,333,safe,512,183.0,0.0,1792.0,0,0,511,1,512.0,213.40675252840046,213.40675252840046,6.81456340954972
single-blocker,5,333,known,512,0.0,308.0,1623.25,0,0,511,1,1024.0,498.75252369443785,498.75252369443785,19.038618269155037
single-blocker,5,333,product,512,154.0,396.0,1780.25,0,0,511,1,1024.0,451.8820003047215,451.8820003047215,17.62093066276118
outcome-lag-64,5,444,prefix,512,0.0,308.0,1608.0,0,0,64,39,580.4306264501664,635.7967151605347,578.3381743365932,224.23391083894805
outcome-lag-64,5,444,intersection,512,0.0,308.0,1608.0,0,0,64,39,580.4306264501664,635.7967151605347,578.3381743365932,224.23391083894805
outcome-lag-64,5,444,completed,512,3.931640625,301.3828125,1613.5,11,11,64,39,575.5561646789024,630.1978472489695,573.3721713036713,218.09032523123534
outcome-lag-64,5,444,plugin,512,6.5390625,285.40625,1611.75,0,0,64,39,567.3986985494332,620.3917488667793,564.4635946274548,216.78502508706396
outcome-lag-64,5,444,safe,512,183.0,0.0,1787.0,0,0,64,39,258.5303222316062,285.7977891143119,257.2570943356267,104.27985029197622
outcome-lag-64,5,444,known,512,0.0,308.0,1608.0,0,0,64,39,580.4306264501664,635.7967151605347,578.3381743365932,224.23391083894805
outcome-lag-64,5,444,product,512,154.0,396.0,1744.75,0,0,64,52,538.4605654809659,615.7580372520808,537.1797817944287,246.88519405308045
single-blocker,5,444,prefix,512,0.0,308.0,1608.0,0,0,511,1,1024.0,498.99168777873734,498.99168777873734,19.04421082039223
single-blocker,5,444,intersection,512,0.0,308.0,1608.0,0,0,511,1,1024.0,498.99168777873734,498.99168777873734,19.04421082039223
single-blocker,5,444,completed,512,0.0,308.0,1608.0,0,0,511,1,1024.0,498.99168777873734,498.99168777873734,19.04421082039223
single-blocker,5,444,plugin,512,0.0,308.0,1608.0,0,0,511,1,1024.0,498.99168777873734,498.99168777873734,19.04421082039223
single-blocker,5,444,safe,512,183.0,0.0,1787.0,0,0,511,1,512.0,213.40675252840046,213.40675252840046,6.81456340954972
single-blocker,5,444,known,512,0.0,308.0,1608.0,0,0,511,1,1024.0,498.99168777873734,498.99168777873734,19.04421082039223
single-blocker,5,444,product,512,154.0,396.0,1744.75,0,0,511,1,1024.0,451.1642107532355,451.1642107532355,17.591768345433405
outcome-lag-64,6,111,prefix,512,9.43359375,196.046875,1576.0,0,0,64,37,518.7938355938913,563.5537144996729,515.1279774205399,181.59851458823204
outcome-lag-64,6,111,intersection,512,7.13671875,174.609375,1578.25,0,0,64,37,504.8022177225181,550.2795876090689,501.8538505299361,180.2426088333131
outcome-lag-64,6,111,completed,512,15.990234375,180.2109375,1581.0,22,17,64,37,507.15502089058407,553.1671090884311,504.61897522182153,174.68525410979822
outcome-lag-64,6,111,plugin,512,4.66796875,106.359375,1571.0,0,0,64,37,432.04895244603284,479.9976551310042,431.77951179044345,166.35309960983093
outcome-lag-64,6,111,safe,512,237.0,0.0,1784.0,0,0,64,37,258.2481856586089,283.9708254739602,257.97874500301936,95.97281768322232
outcome-lag-64,6,111,known,512,0.0,108.0,1568.0,0,0,64,37,432.90110454713226,481.05740097067576,432.6316638915428,169.4804453522714
outcome-lag-64,6,111,product,512,0.0,108.0,1568.0,0,0,64,37,432.90110454713226,481.05740097067576,432.6316638915428,169.4804453522714
single-blocker,6,111,prefix,512,21.0,304.0,1588.5,0,0,511,1,1024.0,498.9173719009586,498.9173719009586,19.04247426480153
single-blocker,6,111,intersection,512,7.546875,178.4375,1579.0,0,0,511,1,876.0,432.82352582825774,432.82352582825774,17.982833893897002
single-blocker,6,111,completed,512,7.21875,175.375,1578.5,0,0,511,1,874.0,431.60423769534725,431.60423769534725,17.957026368089476
single-blocker,6,111,plugin,512,2.529296875,114.3984375,1570.25,0,0,511,1,802.0,372.1912916650048,372.1912916650048,15.485458147134388
single-blocker,6,111,safe,512,237.0,0.0,1784.0,0,0,511,1,512.0,213.40675252840046,213.40675252840046,6.81456340954972
single-blocker,6,111,known,512,0.0,108.0,1568.0,0,0,511,1,797.0,365.82234467117246,365.82234467117246,13.042512842799566
single-blocker,6,111,product,512,0.0,108.0,1568.0,0,0,511,1,797.0,365.82234467117246,365.82234467117246,13.042512842799566
outcome-lag-64,6,222,prefix,512,10.74609375,208.296875,1592.75,0,0,64,41,528.3417977519282,572.3286534465891,521.5274695018111,190.35737172005537
outcome-lag-64,6,222,intersection,512,8.654296875,188.7734375,1591.25,0,0,64,41,516.271920885819,560.8863065052865,510.0851225605083,189.4939086589411
outcome-lag-64,6,222,completed,512,30.005859375,156.9609375,1603.5,51,51,64,41,488.95907629773706,535.4282650185754,484.16783331098384,167.8636130560158
outcome-lag-64,6,222,plugin,512,1.50390625,108.703125,1578.25,0,0,64,41,430.67331391567683,479.7292886547824,428.9087550165477,170.83254162749827
outcome-lag-64,6,222,safe,512,237.0,0.0,1782.0,0,0,64,41,258.53407712147003,287.5139986720068,256.9271454790265,96.84209099447702
outcome-lag-64,6,222,known,512,0.0,108.0,1577.75,0,0,64,41,427.575747651874,476.6379843259347,425.83680038115693,171.82458914190192
outcome-lag-64,6,222,product,512,0.0,108.0,1577.75,0,0,64,41,427.575747651874,476.6379843259347,425.83680038115693,171.82458914190192
single-blocker,6,222,prefix,512,21.0,304.0,1603.5,0,0,511,1,1024.0,499.2597396585268,499.2597396585268,19.050465280399003
single-blocker,6,222,intersection,512,8.859375,190.6875,1591.75,0,0,511,1,887.0,441.81092852634725,441.81092852634725,18.19045877097588
single-blocker,6,222,completed,512,8.77734375,189.921875,1591.5,0,0,511,1,886.0,441.27560186435375,441.27560186435375,18.18045877097588
single-blocker,6,222,plugin,512,0.4921875,112.59375,1577.75,0,0,511,1,791.0,367.3231930838609,367.3231930838609,15.086414586669543
single-blocker,6,222,safe,512,237.0,0.0,1782.0,0,0,511,1,512.0,213.40675252840046,213.40675252840046,6.81456340954972
single-blocker,6,222,known,512,0.0,108.0,1577.75,0,0,511,1,786.0,362.3231930838609,362.3231930838609,13.00308125333621
single-blocker,6,222,product,512,0.0,108.0,1577.75,0,0,511,1,786.0,362.3231930838609,362.3231930838609,13.00308125333621
outcome-lag-64,6,333,prefix,512,14.765625,245.8125,1544.25,0,0,64,38,551.8934736855343,595.3701954095612,546.9013147359085,202.00463226201336
outcome-lag-64,6,333,intersection,512,12.38671875,223.609375,1542.5,0,0,64,38,540.7433490325843,584.3181931874424,535.8946874775107,200.96369391182284
outcome-lag-64,6,333,completed,512,20.7890625,256.71875,1547.0,10,10,64,37,551.8246464200217,596.3201272029492,547.2798703616463,196.97435514203636
outcome-lag-64,6,333,plugin,512,3.490234375,105.0859375,1536.0,0,0,64,37,438.8304024932316,484.63721779463714,437.6897098726815,183.811354261564
outcome-lag-64,6,333,safe,512,237.0,0.0,1800.0,0,0,64,37,258.43155458838106,280.44972473764597,257.2908619678309,96.34720076949257
outcome-lag-64,6,333,known,512,0.0,108.0,1531.75,0,0,64,38,440.2632012651733,487.0062482045862,439.12250864462317,185.03392185759944
outcome-lag-64,6,333,product,512,0.0,108.0,1531.75,0,0,64,38,440.2632012651733,487.0062482045862,439.12250864462317,185.03392185759944
single-blocker,6,333,prefix,512,21.0,304.0,1549.5,0,0,511,1,1024.0,498.1266957430249,498.1266957430249,19.023929548208738
single-blocker,6,333,intersection,512,12.6328125,225.90625,1543.0,0,0,511,1,938.0,462.39772590048847,462.39772590048847,18.49875135875388
single-blocker,6,333,completed,512,12.55078125,225.140625,1542.75,0,0,511,1,937.0,461.9179041154092,461.9179041154092,18.490686842624847
single-blocker,6,333,plugin,512,0.205078125,109.9140625,1532.5,0,0,511,1,816.0,373.79209793748635,373.79209793748635,14.597227289849243
single-blocker,6,333,safe,512,237.0,0.0,1800.0,0,0,511,1,512.0,213.40675252840046,213.40675252840046,6.81456340954972
single-blocker,6,333,known,512,0.0,108.0,1531.75,0,0,511,1,813.0,370.79209793748635,370.79209793748635,13.09722728984924
single-blocker,6,333,product,512,0.0,108.0,1531.75,0,0,511,1,813.0,370.79209793748635,370.79209793748635,13.09722728984924
outcome-lag-64,6,444,prefix,512,10.0078125,201.40625,1560.5,0,0,64,42,528.6062110666005,572.0512564142463,520.5329572175275,200.85233685711228
outcome-lag-64,6,444,intersection,512,8.61328125,188.390625,1559.25,0,0,64,42,519.0181439786529,563.2966493749026,511.77835017818404,200.31990739667435
outcome-lag-64,6,444,completed,512,22.142578125,174.1953125,1581.0,31,31,64,42,508.3713776186225,552.3995666767503,501.65456498938084,183.5573998169111
outcome-lag-64,6,444,plugin,512,0.765625,108.3125,1556.25,0,0,64,42,440.95588402696654,488.7813466894805,437.3764800396797,184.16734833236598
outcome-lag-64,6,444,safe,512,237.0,0.0,1807.0,0,0,64,42,258.237058813225,281.2906787068345,254.65765482593812,92.25712209854102
outcome-lag-64,6,444,known,512,0.0,108.0,1554.25,0,0,64,42,440.60645253346877,488.545347742901,437.02704854618196,186.55950791562384
outcome-lag-64,6,444,product,512,0.0,108.0,1554.25,0,0,64,42,440.60645253346877,488.545347742901,437.02704854618196,186.55950791562384
single-blocker,6,444,prefix,512,21.0,304.0,1567.25,0,0,511,1,1024.0,497.8736447649517,497.8736447649517,19.01796766540109
single-blocker,6,444,intersection,512,8.94140625,191.453125,1559.25,0,0,511,1,907.0,445.45413262470953,445.45413262470953,18.181910102718188
single-blocker,6,444,completed,512,8.654296875,188.7734375,1559.5,0,0,511,1,903.0,443.16188201491445,443.16188201491445,18.136188351448062
single-blocker,6,444,plugin,512,0.287109375,110.6796875,1555.0,0,0,511,1,820.0,375.01349382404635,375.01349382404635,14.610450610980818
single-blocker,6,444,safe,512,237.0,0.0,1807.0,0,0,511,1,512.0,213.40675252840046,213.40675252840046,6.81456340954972
single-blocker,6,444,known,512,0.0,108.0,1554.25,0,0,511,1,817.0,372.01349382404646,372.01349382404646,13.110450610980813
single-blocker,6,444,product,512,0.0,108.0,1554.25,0,0,511,1,817.0,372.01349382404646,372.01349382404646,13.110450610980813
outcome-lag-64,7,111,prefix,512,0.0,276.0,1565.0,0,0,64,37,580.622727110614,635.4709946778954,578.5504822219489,242.01775843431673
outcome-lag-64,7,111,intersection,512,0.0,276.0,1565.0,0,0,64,37,580.622727110614,635.4709946778954,578.5504822219489,242.01775843431673
outcome-lag-64,7,111,completed,512,0.0,276.0,1565.0,0,0,64,37,580.622727110614,635.4709946778954,578.5504822219489,242.01775843431673
outcome-lag-64,7,111,plugin,512,4.29296875,231.984375,1573.5,0,0,64,37,553.1522531250608,605.9383951158319,551.7315374347367,221.2787326603494
outcome-lag-64,7,111,safe,512,251.0,0.0,1794.0,0,0,64,37,258.43350251550527,281.24273834179513,257.2899749225582,110.10567343293292
outcome-lag-64,7,111,known,512,0.0,276.0,1565.0,0,0,64,37,580.622727110614,635.4709946778954,578.5504822219489,242.01775843431673
outcome-lag-64,7,111,product,512,0.0,276.0,1565.0,0,0,64,37,580.622727110614,635.4709946778954,578.5504822219489,242.01775843431673
single-blocker,7,111,prefix,512,0.0,276.0,1565.0,0,0,511,1,1024.0,498.61461953556517,498.61461953556517,19.035388332818613
single-blocker,7,111,intersection,512,0.0,276.0,1565.0,0,0,511,1,1024.0,498.61461953556517,498.61461953556517,19.035388332818613
single-blocker,7,111,completed,512,0.0,276.0,1565.0,0,0,511,1,1024.0,498.61461953556517,498.61461953556517,19.035388332818613
single-blocker,7,111,plugin,512,0.51953125,276.296875,1565.0,0,0,511,1,1024.0,498.61461953556517,498.61461953556517,19.035388332818613
single-blocker,7,111,safe,512,251.0,0.0,1794.0,0,0,511,1,512.0,213.40675252840046,213.40675252840046,6.81456340954972
single-blocker,7,111,known,512,0.0,276.0,1565.0,0,0,511,1,1024.0,498.61461953556517,498.61461953556517,19.035388332818613
single-blocker,7,111,product,512,0.0,276.0,1565.0,0,0,511,1,1024.0,498.61461953556517,498.61461953556517,19.035388332818613
outcome-lag-64,7,222,prefix,512,0.0,276.0,1546.5,0,0,64,41,580.9493563308265,639.3943083483061,578.1251240816971,232.10034879504482
outcome-lag-64,7,222,intersection,512,0.0,276.0,1546.5,0,0,64,41,580.9493563308265,639.3943083483061,578.1251240816971,232.10034879504482
outcome-lag-64,7,222,completed,512,8.82421875,266.296875,1558.75,18,18,64,41,573.7633631730579,632.1805420806606,570.7696075598391,219.62077535089506
outcome-lag-64,7,222,plugin,512,14.478515625,107.3828125,1560.75,0,0,64,41,428.3892607026458,477.16876939693356,426.48456977196946,185.80566168932125
outcome-lag-64,7,222,safe,512,251.0,0.0,1774.0,0,0,64,41,258.1256917312665,285.08130156822574,256.22100080058993,100.04480285420904
outcome-lag-64,7,222,known,512,0.0,276.0,1546.5,0,0,64,41,580.9493563308265,639.3943083483061,578.1251240816971,232.10034879504482
outcome-lag-64,7,222,product,512,0.0,276.0,1546.5,0,0,64,41,580.9493563308265,639.3943083483061,578.1251240816971,232.10034879504482
single-blocker,7,222,prefix,512,0.0,276.0,1546.5,0,0,511,1,1024.0,499.2095194326781,499.2095194326781,19.049294581653562
single-blocker,7,222,intersection,512,0.0,276.0,1546.5,0,0,511,1,1024.0,499.2095194326781,499.2095194326781,19.049294581653562
single-blocker,7,222,completed,512,0.0,276.0,1546.5,0,0,511,1,1024.0,499.2095194326781,499.2095194326781,19.049294581653562
single-blocker,7,222,plugin,512,13.69921875,111.609375,1561.25,0,0,511,1,793.0,367.9646244216597,367.9646244216597,15.09370058534243
single-blocker,7,222,safe,512,251.0,0.0,1774.0,0,0,511,1,512.0,213.40675252840046,213.40675252840046,6.81456340954972
single-blocker,7,222,known,512,0.0,276.0,1546.5,0,0,511,1,1024.0,499.2095194326781,499.2095194326781,19.049294581653562
single-blocker,7,222,product,512,0.0,276.0,1546.5,0,0,511,1,1024.0,499.2095194326781,499.2095194326781,19.049294581653562
outcome-lag-64,7,333,prefix,512,0.0,276.0,1525.25,0,0,64,41,581.9542773198901,640.2399163740397,579.1945921835903,226.92661486915233
outcome-lag-64,7,333,intersection,512,0.0,276.0,1525.25,0,0,64,41,581.9542773198901,640.2399163740397,579.1945921835903,226.92661486915233
outcome-lag-64,7,333,completed,512,20.099609375,253.8984375,1543.25,41,41,64,41,563.9911868041112,621.6104877512374,561.0686857512661,207.56031181579655
outcome-lag-64,7,333,plugin,512,8.982421875,173.5859375,1537.25,0,0,64,41,505.3624201680788,557.1723006985723,502.2389443546431,194.87770197493361
outcome-lag-64,7,333,safe,512,251.0,0.0,1788.0,0,0,64,41,258.42844309894576,285.4698118858399,255.68209535639716,95.27040490621512
outcome-lag-64,7,333,known,512,0.0,276.0,1525.25,0,0,64,41,581.9542773198901,640.2399163740397,579.1945921835903,226.92661486915233
outcome-lag-64,7,333,product,512,0.0,276.0,1525.25,0,0,64,41,581.9542773198901,640.2399163740397,579.1945921835903,226.92661486915233
single-blocker,7,333,prefix,512,0.0,276.0,1525.25,0,0,511,1,1024.0,498.99168777873683,498.99168777873683,19.044210820392234
single-blocker,7,333,intersection,512,0.0,276.0,1525.25,0,0,511,1,1024.0,498.99168777873683,498.99168777873683,19.044210820392234
single-blocker,7,333,completed,512,0.0,276.0,1525.25,0,0,511,1,1024.0,498.99168777873683,498.99168777873683,19.044210820392234
single-blocker,7,333,plugin,512,13.453125,114.5625,1550.0,0,0,511,1,798.0,368.19129166500477,368.19129166500477,14.535458147134403
single-blocker,7,333,safe,512,251.0,0.0,1788.0,0,0,511,1,512.0,213.40675252840046,213.40675252840046,6.81456340954972
single-blocker,7,333,known,512,0.0,276.0,1525.25,0,0,511,1,1024.0,498.99168777873683,498.99168777873683,19.044210820392234
single-blocker,7,333,product,512,0.0,276.0,1525.25,0,0,511,1,1024.0,498.99168777873683,498.99168777873683,19.044210820392234
outcome-lag-64,7,444,prefix,512,0.0,276.0,1552.5,0,0,64,47,582.3980037139842,643.3157040688901,582.3677520008929,234.8437145245401
outcome-lag-64,7,444,intersection,512,0.0,276.0,1552.5,0,0,64,47,582.3980037139842,643.3157040688901,582.3677520008929,234.8437145245401
outcome-lag-64,7,444,completed,512,0.0,276.0,1552.5,0,0,64,47,582.3980037139842,643.3157040688901,582.3677520008929,234.8437145245401
outcome-lag-64,7,444,plugin,512,10.83203125,226.671875,1554.25,0,0,64,47,548.8446179716573,606.203956288846,548.8446179716573,218.03645830169606
outcome-lag-64,7,444,safe,512,251.0,0.0,1774.0,0,0,64,47,258.5662616755973,287.55059836177804,258.5662616755973,113.48460990696971
outcome-lag-64,7,444,known,512,0.0,276.0,1552.5,0,0,64,47,582.3980037139842,643.3157040688901,582.3677520008929,234.8437145245401
outcome-lag-64,7,444,product,512,0.0,276.0,1552.5,0,0,64,47,582.3980037139842,643.3157040688901,582.3677520008929,234.8437145245401
single-blocker,7,444,prefix,512,0.0,276.0,1552.5,0,0,511,1,1024.0,499.23529499094764,499.23529499094764,19.049895506152822
single-blocker,7,444,intersection,512,0.0,276.0,1552.5,0,0,511,1,1024.0,499.23529499094764,499.23529499094764,19.049895506152822
single-blocker,7,444,completed,512,0.0,276.0,1552.5,0,0,511,1,1024.0,499.23529499094764,499.23529499094764,19.049895506152822
single-blocker,7,444,plugin,512,14.328125,117.125,1569.5,0,0,511,1,797.0,373.3231930838611,373.3231930838611,15.932049507304491
single-blocker,7,444,safe,512,251.0,0.0,1774.0,0,0,511,1,512.0,213.40675252840046,213.40675252840046,6.81456340954972
single-blocker,7,444,known,512,0.0,276.0,1552.5,0,0,511,1,1024.0,499.23529499094764,499.23529499094764,19.049895506152822
single-blocker,7,444,product,512,0.0,276.0,1552.5,0,0,511,1,1024.0,499.23529499094764,499.23529499094764,19.049895506152822
outcome-lag-64,8,111,prefix,512,0.0,248.0,1517.25,0,0,64,40,580.6630616953546,644.8252102789694,580.1379772431791,227.6318003741887
outcome-lag-64,8,111,intersection,512,0.0,248.0,1517.25,0,0,64,40,580.6630616953546,644.8252102789694,580.1379772431791,227.6318003741887
outcome-lag-64,8,111,completed,512,22.90234375,228.140625,1537.0,41,41,64,40,565.6635881001001,627.9293308341265,565.1385036479246,206.30681763792617
outcome-lag-64,8,111,plugin,512,12.205078125,228.8515625,1538.5,0,0,64,40,567.5000202962262,629.1584771610277,566.9749358440508,210.39841643974222
outcome-lag-64,8,111,safe,512,286.0,0.0,1798.0,0,0,64,40,258.46432057811353,283.7863342051584,257.939236125938,86.45137805238086
outcome-lag-64,8,111,known,512,0.0,248.0,1517.25,0,0,64,40,580.6630616953546,644.8252102789694,580.1379772431791,227.6318003741887
outcome-lag-64,8,111,product,512,0.0,248.0,1517.25,0,0,64,40,580.6630616953546,644.8252102789694,580.1379772431791,227.6318003741887
single-blocker,8,111,prefix,512,0.0,248.0,1517.25,0,0,511,1,1024.0,498.5659192975364,498.5659192975364,19.034246780307175
single-blocker,8,111,intersection,512,0.0,248.0,1517.25,0,0,511,1,1024.0,498.5659192975364,498.5659192975364,19.034246780307175
single-blocker,8,111,completed,512,0.0,248.0,1517.25,0,0,511,1,1024.0,498.5659192975364,498.5659192975364,19.034246780307175
single-blocker,8,111,plugin,512,0.0,248.0,1517.25,0,0,511,1,1024.0,498.5659192975364,498.5659192975364,19.034246780307175
single-blocker,8,111,safe,512,286.0,0.0,1798.0,0,0,511,1,512.0,213.40675252840046,213.40675252840046,6.81456340954972
single-blocker,8,111,known,512,0.0,248.0,1517.25,0,0,511,1,1024.0,498.5659192975364,498.5659192975364,19.034246780307175
single-blocker,8,111,product,512,0.0,248.0,1517.25,0,0,511,1,1024.0,498.5659192975364,498.5659192975364,19.034246780307175
outcome-lag-64,8,222,prefix,512,0.0,248.0,1526.0,0,0,64,45,581.4425121116047,646.049295344248,581.2033190471537,258.3879929526666
outcome-lag-64,8,222,intersection,512,0.0,248.0,1526.0,0,0,64,45,581.4425121116047,646.049295344248,581.2033190471537,258.3879929526666
outcome-lag-64,8,222,completed,512,0.0,248.0,1526.0,0,0,64,45,581.4425121116047,646.049295344248,581.2033190471537,258.3879929526666
outcome-lag-64,8,222,plugin,512,5.291015625,232.8828125,1531.0,0,0,64,45,572.7900767976088,636.8923800122597,572.5508837331578,245.4547911125079
outcome-lag-64,8,222,safe,512,286.0,0.0,1783.0,0,0,64,45,258.55019364481467,286.8196109471495,258.3110005803636,108.49643430085874
outcome-lag-64,8,222,known,512,0.0,248.0,1526.0,0,0,64,45,581.4425121116047,646.049295344248,581.2033190471537,258.3879929526666
outcome-lag-64,8,222,product,512,0.0,248.0,1526.0,0,0,64,45,581.4425121116047,646.049295344248,581.2033190471537,258.3879929526666
single-blocker,8,222,prefix,512,0.0,248.0,1526.0,0,0,511,1,1024.0,498.9916877787369,498.9916877787369,19.044210820392262
single-blocker,8,222,intersection,512,0.0,248.0,1526.0,0,0,511,1,1024.0,498.9916877787369,498.9916877787369,19.044210820392262
single-blocker,8,222,completed,512,0.0,248.0,1526.0,0,0,511,1,1024.0,498.9916877787369,498.9916877787369,19.044210820392262
single-blocker,8,222,plugin,512,0.0,248.0,1526.0,0,0,511,1,1024.0,498.9916877787369,498.9916877787369,19.044210820392262
single-blocker,8,222,safe,512,286.0,0.0,1783.0,0,0,511,1,512.0,213.40675252840046,213.40675252840046,6.81456340954972
single-blocker,8,222,known,512,0.0,248.0,1526.0,0,0,511,1,1024.0,498.9916877787369,498.9916877787369,19.044210820392262
single-blocker,8,222,product,512,0.0,248.0,1526.0,0,0,511,1,1024.0,498.9916877787369,498.9916877787369,19.044210820392262
outcome-lag-64,8,333,prefix,512,0.0,248.0,1529.75,0,0,64,39,580.2049849796001,640.168955499552,578.0077658083421,229.30991568857013
outcome-lag-64,8,333,intersection,512,0.0,248.0,1529.75,0,0,64,39,580.2049849796001,640.168955499552,578.0077658083421,229.30991568857013
outcome-lag-64,8,333,completed,512,15.640625,234.4375,1548.5,28,28,64,39,569.3648403427713,628.8591139736794,567.1676211715132,211.805041339646
outcome-lag-64,8,333,plugin,512,8.380859375,225.7421875,1537.75,0,0,64,39,565.0699772459252,624.2847449800577,562.8673943908296,218.45384594848008
outcome-lag-64,8,333,safe,512,286.0,0.0,1807.0,0,0,64,37,258.13405467097635,279.738106052557,255.93683549971817,91.48156327981488
outcome-lag-64,8,333,known,512,0.0,248.0,1529.75,0,0,64,39,580.2049849796001,640.168955499552,578.0077658083421,229.30991568857013
outcome-lag-64,8,333,product,512,0.0,248.0,1529.75,0,0,64,39,580.2049849796001,640.168955499552,578.0077658083421,229.30991568857013
single-blocker,8,333,prefix,512,0.0,248.0,1529.75,0,0,511,1,1024.0,498.0655395146906,498.0655395146906,19.02248990258302
single-blocker,8,333,intersection,512,0.0,248.0,1529.75,0,0,511,1,1024.0,498.0655395146906,498.0655395146906,19.02248990258302
single-blocker,8,333,completed,512,0.0,248.0,1529.75,0,0,511,1,1024.0,498.0655395146906,498.0655395146906,19.02248990258302
single-blocker,8,333,plugin,512,0.0,248.0,1529.75,0,0,511,1,1024.0,498.0655395146906,498.0655395146906,19.02248990258302
single-blocker,8,333,safe,512,286.0,0.0,1807.0,0,0,511,1,512.0,213.40675252840046,213.40675252840046,6.81456340954972
single-blocker,8,333,known,512,0.0,248.0,1529.75,0,0,511,1,1024.0,498.0655395146906,498.0655395146906,19.02248990258302
single-blocker,8,333,product,512,0.0,248.0,1529.75,0,0,511,1,1024.0,498.0655395146906,498.0655395146906,19.02248990258302
outcome-lag-64,8,444,prefix,512,0.0,248.0,1553.25,0,0,64,40,580.4228949648559,647.4978386004292,579.9995780037169,246.74171086361105
outcome-lag-64,8,444,intersection,512,0.0,248.0,1553.25,0,0,64,40,580.4228949648559,647.4978386004292,579.9995780037169,246.74171086361105
outcome-lag-64,8,444,completed,512,7.8203125,241.21875,1558.5,14,14,64,40,575.1701610829174,642.111000818679,574.7468441217783,239.487455361565
outcome-lag-64,8,444,plugin,512,3.322265625,238.5078125,1556.75,0,0,64,40,574.7070245121175,641.3251580222974,574.2837075509785,238.52813972850979
outcome-lag-64,8,444,safe,512,286.0,0.0,1805.0,0,0,64,40,258.4148443241799,285.8764601038409,257.991527363041,99.34775269056509
outcome-lag-64,8,444,known,512,0.0,248.0,1553.25,0,0,64,40,580.4228949648559,647.4978386004292,579.9995780037169,246.74171086361105
outcome-lag-64,8,444,product,512,0.0,248.0,1553.25,0,0,64,40,580.4228949648559,647.4978386004292,579.9995780037169,246.74171086361105
single-blocker,8,444,prefix,512,0.0,248.0,1553.25,0,0,511,1,1024.0,498.79576882534917,498.79576882534917,19.03963035186552
single-blocker,8,444,intersection,512,0.0,248.0,1553.25,0,0,511,1,1024.0,498.79576882534917,498.79576882534917,19.03963035186552
single-blocker,8,444,completed,512,0.0,248.0,1553.25,0,0,511,1,1024.0,498.79576882534917,498.79576882534917,19.03963035186552
single-blocker,8,444,plugin,512,0.0,248.0,1553.25,0,0,511,1,1024.0,498.79576882534917,498.79576882534917,19.03963035186552
single-blocker,8,444,safe,512,286.0,0.0,1805.0,0,0,511,1,512.0,213.40675252840046,213.40675252840046,6.81456340954972
single-blocker,8,444,known,512,0.0,248.0,1553.25,0,0,511,1,1024.0,498.79576882534917,498.79576882534917,19.03963035186552
single-blocker,8,444,product,512,0.0,248.0,1553.25,0,0,511,1,1024.0,498.79576882534917,498.79576882534917,19.03963035186552
outcome-lag-64,9,111,prefix,512,15.734375,233.1875,1822.75,0,0,64,41,482.01708222204223,498.7241843520875,468.0764496905811,135.18501126405891
outcome-lag-64,9,111,intersection,512,9.265625,137.8125,1816.0,0,0,64,41,410.51291785521295,429.9593463703212,399.89793361970334,123.45795271942595
outcome-lag-64,9,111,completed,512,11.203125,173.6875,1803.0,31,31,64,41,420.33653129679834,443.9957151422051,413.106350034906,117.50325847116221
outcome-lag-64,9,111,plugin,512,0.75,16.625,1798.75,0,0,64,41,279.1810323600631,307.49007529385216,277.42866254323326,96.40731439510304
outcome-lag-64,9,111,safe,512,0.0,0.0,1797.0,0,0,64,41,258.1810323600634,286.49007529385193,256.42866254323354,95.2964627467514
outcome-lag-64,9,111,known,512,0.0,0.0,1797.0,0,0,64,41,258.1810323600634,286.49007529385193,256.42866254323354,95.2964627467514
outcome-lag-64,9,111,product,512,0.0,0.0,1797.0,0,0,64,41,258.1810323600634,286.49007529385193,256.42866254323354,95.2964627467514
single-blocker,9,111,prefix,512,32.0,448.0,1836.75,0,0,511,1,1024.0,488.28709292356325,488.28709292356325,18.781856877811105
single-blocker,9,111,intersection,512,8.921875,131.6875,1814.25,0,0,511,1,664.0,343.22988249514367,343.22988249514367,16.595819960699533
single-blocker,9,111,completed,512,8.7578125,129.28125,1814.5,0,0,511,1,660.0,340.38741997934267,340.38741997934267,16.526627056152407
single-blocker,9,111,plugin,512,0.4609375,7.21875,1798.5,0,0,511,1,518.0,219.40675252840046,219.40675252840046,9.814563409549722
single-blocker,9,111,safe,512,0.0,0.0,1797.0,0,0,511,1,512.0,213.40675252840046,213.40675252840046,6.81456340954972
single-blocker,9,111,known,512,0.0,0.0,1797.0,0,0,511,1,512.0,213.40675252840046,213.40675252840046,6.81456340954972
single-blocker,9,111,product,512,0.0,0.0,1797.0,0,0,511,1,512.0,213.40675252840046,213.40675252840046,6.81456340954972
outcome-lag-64,9,222,prefix,512,19.9140625,292.90625,1789.25,0,0,64,38,515.1797171868458,527.2742768951457,504.19262053646594,139.3620404648198
outcome-lag-64,9,222,intersection,512,15.796875,232.3125,1783.5,0,0,64,38,475.81529915990575,489.3034289603329,466.5428404523276,134.10680898393485
outcome-lag-64,9,222,completed,512,15.7578125,238.65625,1782.75,32,32,64,38,464.78388857883186,482.7178133588465,459.383189432223,122.2782149216838
outcome-lag-64,9,222,plugin,512,1.2421875,28.21875,1772.0,0,0,64,38,290.28960843726907,311.759023453511,289.0679919500932,99.60574720174624
outcome-lag-64,9,222,safe,512,0.0,0.0,1776.0,0,0,64,38,258.2896084372694,279.7590234535109,257.06799195009364,88.92707490348617
outcome-lag-64,9,222,known,512,0.0,0.0,1776.0,0,0,64,38,258.2896084372694,279.7590234535109,257.06799195009364,88.92707490348617
outcome-lag-64,9,222,product,512,0.0,0.0,1776.0,0,0,64,38,258.2896084372694,279.7590234535109,257.06799195009364,88.92707490348617
single-blocker,9,222,prefix,512,32.0,448.0,1796.75,0,0,511,1,1024.0,488.0904163279166,488.0904163279166,18.77678924203481
single-blocker,9,222,intersection,512,15.3671875,225.96875,1784.0,0,0,511,1,765.0,397.87655179873764,397.87655179873764,17.63586299200211
single-blocker,9,222,completed,512,13.1796875,190.09375,1780.25,0,0,511,1,726.0,377.24413274656285,377.24413274656285,17.253174827724788
single-blocker,9,222,plugin,512,0.484375,7.4375,1775.5,0,0,511,1,520.0,221.40675252840046,221.40675252840046,10.397896742883058
single-blocker,9,222,safe,512,0.0,0.0,1776.0,0,0,511,1,512.0,213.40675252840046,213.40675252840046,6.81456340954972
single-blocker,9,222,known,512,0.0,0.0,1776.0,0,0,511,1,512.0,213.40675252840046,213.40675252840046,6.81456340954972
single-blocker,9,222,product,512,0.0,0.0,1776.0,0,0,511,1,512.0,213.40675252840046,213.40675252840046,6.81456340954972
outcome-lag-64,9,333,prefix,512,16.546875,238.4375,1823.25,0,0,64,43,486.1546220860557,502.26150121164824,474.5662636233669,140.49807745703615
outcome-lag-64,9,333,intersection,512,12.53125,177.625,1818.0,0,0,64,43,440.4268441645346,458.54555161058204,430.9041826487236,135.0160750022201
outcome-lag-64,9,333,completed,512,11.921875,180.6875,1821.5,4,4,64,43,439.14822075908546,459.2549892477775,431.51529019853194,133.93876410120205
outcome-lag-64,9,333,plugin,512,0.8828125,21.65625,1808.75,0,0,64,43,286.47827139235466,313.1737185559738,285.53472959120785,108.62712107252771
outcome-lag-64,9,333,safe,512,0.0,0.0,1811.0,0,0,64,43,258.47827139235454,285.1737185559736,257.53472959120785,105.35119722143527
outcome-lag-64,9,333,known,512,0.0,0.0,1811.0,0,0,64,43,258.47827139235454,285.1737185559736,257.53472959120785,105.35119722143527
outcome-lag-64,9,333,product,512,0.0,0.0,1811.0,0,0,64,43,258.47827139235454,285.1737185559736,257.53472959120785,105.35119722143527
single-blocker,9,333,prefix,512,32.0,448.0,1834.5,0,0,511,1,1024.0,489.9612759870164,489.9612759870164,18.824610647774684
single-blocker,9,333,intersection,512,12.484375,177.1875,1819.25,0,0,511,1,715.0,369.5917286750772,369.5917286750772,17.07518001838669
single-blocker,9,333,completed,512,11.4296875,163.84375,1822.25,0,0,511,1,704.0,365.5332054290328,365.5332054290328,17.03272920966027
single-blocker,9,333,plugin,512,0.328125,4.8125,1812.5,0,0,511,1,518.0,219.40675252840046,219.40675252840046,9.814563409549722
single-blocker,9,333,safe,512,0.0,0.0,1811.0,0,0,511,1,512.0,213.40675252840046,213.40675252840046,6.81456340954972
single-blocker,9,333,known,512,0.0,0.0,1811.0,0,0,511,1,512.0,213.40675252840046,213.40675252840046,6.81456340954972
single-blocker,9,333,product,512,0.0,0.0,1811.0,0,0,511,1,512.0,213.40675252840046,213.40675252840046,6.81456340954972
outcome-lag-64,9,444,prefix,512,19.7421875,281.09375,1777.5,0,0,64,40,497.42041392685053,517.179138430937,490.000006193892,154.93515670057883
outcome-lag-64,9,444,intersection,512,16.65625,237.125,1779.5,0,0,64,40,475.7899442235663,496.1698152261689,469.23960242203907,153.27128777511908
outcome-lag-64,9,444,completed,512,13.515625,203.4375,1782.0,0,0,64,40,448.281977330467,467.04827392442985,441.20045602196086,142.2501214750456
outcome-lag-64,9,444,plugin,512,0.2890625,5.03125,1777.5,0,0,64,40,264.4627185010099,289.3916389621973,264.1312611353525,107.68341678451691
outcome-lag-64,9,444,safe,512,0.0,0.0,1776.0,0,0,64,40,258.4627185010096,283.3916389621974,258.13126113535213,107.68341678451691
outcome-lag-64,9,444,known,512,0.0,0.0,1776.0,0,0,64,40,258.4627185010096,283.3916389621974,258.13126113535213,107.68341678451691
outcome-lag-64,9,444,product,512,0.0,0.0,1776.0,0,0,64,40,258.4627185010096,283.3916389621974,258.13126113535213,107.68341678451691
single-blocker,9,444,prefix,512,32.0,448.0,1792.5,0,0,511,1,1024.0,488.86411170146863,488.86411170146863,18.796669416145292
single-blocker,9,444,intersection,512,16.9609375,240.84375,1777.5,0,0,511,1,789.0,405.61832461633503,405.61832461633503,17.70842415841291
single-blocker,9,444,completed,512,16.7734375,238.21875,1776.5,0,0,511,1,785.0,403.70939350212393,403.70939350212393,17.67560659583769
single-blocker,9,444,plugin,512,0.359375,5.6875,1777.75,0,0,511,1,519.0,220.40675252840046,220.40675252840046,10.147896742883056
single-blocker,9,444,safe,512,0.0,0.0,1776.0,0,0,511,1,512.0,213.40675252840046,213.40675252840046,6.81456340954972
single-blocker,9,444,known,512,0.0,0.0,1776.0,0,0,511,1,512.0,213.40675252840046,213.40675252840046,6.81456340954972
single-blocker,9,444,product,512,0.0,0.0,1776.0,0,0,511,1,512.0,213.40675252840046,213.40675252840046,6.81456340954972
outcome-lag-64,10,111,prefix,512,30.125,363.125,1768.25,0,0,64,43,565.1043666063202,590.7794554694822,551.139351655713,165.9798611569417
outcome-lag-64,10,111,intersection,512,19.0703125,338.53125,1762.0,0,0,64,43,536.5443927342995,574.5068114604107,532.2533627436492,172.36568647462317
outcome-lag-64,10,111,completed,512,16.4921875,322.84375,1772.5,5,5,64,43,521.5657334588087,558.9484110369995,517.9354809178949,160.74704434626372
outcome-lag-64,10,111,plugin,512,56.9609375,27.21875,1778.75,0,0,64,43,287.4693246448096,314.482742992302,286.7880803618444,109.72808201319295
outcome-lag-64,10,111,safe,512,56.0,0.0,1782.0,0,0,64,43,258.46932464480943,285.48274299230206,257.78808036184415,100.32664378289454
outcome-lag-64,10,111,known,512,0.0,288.0,1754.75,0,0,64,43,469.5392753976372,510.2777082318662,467.4890306714703,166.75768782696298
outcome-lag-64,10,111,product,512,0.0,288.0,1754.75,0,0,64,43,469.5392753976372,510.2777082318662,467.4890306714703,166.75768782696298
single-blocker,10,111,prefix,512,68.0,432.0,1815.75,0,0,511,1,1024.0,488.8641117014687,488.8641117014687,18.79666941614525
single-blocker,10,111,intersection,512,20.8203125,345.28125,1772.25,0,0,511,1,946.0,464.83243537593114,464.83243537593114,18.525025424503188
single-blocker,10,111,completed,512,20.1796875,344.09375,1771.75,0,0,511,1,944.0,463.5048485642521,463.5048485642521,18.498831695358284
single-blocker,10,111,plugin,512,56.203125,6.5625,1781.75,0,0,511,1,520.0,221.40675252840046,221.40675252840046,10.397896742883058
single-blocker,10,111,safe,512,56.0,0.0,1782.0,0,0,511,1,512.0,213.40675252840046,213.40675252840046,6.81456340954972
single-blocker,10,111,known,512,0.0,288.0,1754.75,0,0,511,1,892.0,393.5706686964303,393.5706686964303,13.330633960597769
single-blocker,10,111,product,512,0.0,288.0,1754.75,0,0,511,1,892.0,393.5706686964303,393.5706686964303,13.330633960597769
outcome-lag-64,10,222,prefix,512,44.375,418.5,1778.75,0,0,64,38,592.9394146970948,625.686709843506,588.9961320451994,193.9825689487335
outcome-lag-64,10,222,intersection,512,33.3046875,397.59375,1767.5,0,0,64,38,577.6567248858465,615.9816738134971,575.426928923527,199.89954300240646
outcome-lag-64,10,222,completed,512,32.34375,385.75,1753.25,0,0,64,38,569.8000295076909,607.327314767288,567.2660238778031,190.85674364650635
outcome-lag-64,10,222,plugin,512,55.703125,16.8125,1806.25,0,0,64,38,277.34543975944274,302.0705225236153,276.2985230667257,103.00504020713693
outcome-lag-64,10,222,safe,512,56.0,0.0,1806.0,0,0,64,38,258.345439759443,283.0705225236153,257.29852306672603,102.0807977828945
outcome-lag-64,10,222,known,512,0.0,288.0,1752.5,0,0,64,38,476.03741650537216,523.3816260281013,474.99049981265506,184.95244689314697
outcome-lag-64,10,222,product,512,0.0,288.0,1752.5,0,0,64,38,476.03741650537216,523.3816260281013,474.99049981265506,184.95244689314697
single-blocker,10,222,prefix,512,68.0,432.0,1792.75,0,0,511,1,1024.0,487.69043865258504,487.69043865258504,18.76645357115488
single-blocker,10,222,intersection,512,32.734375,391.3125,1773.75,0,0,511,1,999.0,489.75811377799374,489.75811377799374,18.924052562850814
single-blocker,10,222,completed,512,29.828125,390.0625,1769.5,0,0,511,1,1001.0,489.18745737987194,489.18745737987194,18.90202748971353
single-blocker,10,222,plugin,512,55.4140625,5.90625,1808.0,0,0,511,1,520.0,221.40675252840046,221.40675252840046,10.397896742883058
single-blocker,10,222,safe,512,56.0,0.0,1806.0,0,0,511,1,512.0,213.40675252840046,213.40675252840046,6.81456340954972
single-blocker,10,222,known,512,0.0,288.0,1752.5,0,0,511,1,910.0,398.4147355029765,398.4147355029765,13.376974272247992
single-blocker,10,222,product,512,0.0,288.0,1752.5,0,0,511,1,910.0,398.4147355029765,398.4147355029765,13.376974272247992
outcome-lag-64,10,333,prefix,512,27.0625,364.25,1722.75,0,0,64,42,562.1662017839213,590.5018729475117,552.425998245521,168.30570760485287
outcome-lag-64,10,333,intersection,512,16.734375,349.3125,1711.25,0,0,64,42,537.2896046365647,575.2802145918666,534.1595007626524,175.39090534438148
outcome-lag-64,10,333,completed,512,13.15625,316.625,1703.0,5,5,64,42,511.73713884266044,550.5441428139819,509.51628260020027,168.365044046391
outcome-lag-64,10,333,plugin,512,15.96875,224.375,1716.25,0,0,64,42,437.4087963478601,475.5436012880396,436.0876036981201,144.83064468177676
outcome-lag-64,10,333,safe,512,56.0,0.0,1766.0,0,0,64,42,258.5110066319304,284.005916899753,257.85181509992395,96.47783303120761
outcome-lag-64,10,333,known,512,0.0,288.0,1688.0,0,0,64,42,462.53932254585436,503.77211460267165,461.6377899756883,166.29345522492784
outcome-lag-64,10,333,product,512,0.0,288.0,1688.0,0,0,64,42,462.53932254585436,503.77211460267165,461.6377899756883,166.29345522492784
single-blocker,10,333,prefix,512,68.0,432.0,1774.75,0,0,511,1,1024.0,488.0904163279171,488.0904163279171,18.77678924203482
single-blocker,10,333,intersection,512,17.9609375,341.59375,1711.75,0,0,511,1,926.0,454.6065308574995,454.6065308574995,18.34352876872463
single-blocker,10,333,completed,512,18.7734375,342.46875,1712.0,0,0,511,1,927.0,455.78259548875775,455.78259548875775,18.37170739132882
single-blocker,10,333,plugin,512,55.75,9.0,1763.75,0,0,511,1,522.0,223.4067525284005,223.4067525284005,10.981230076216395
single-blocker,10,333,safe,512,56.0,0.0,1766.0,0,0,511,1,512.0,213.40675252840046,213.40675252840046,6.81456340954972
single-blocker,10,333,known,512,0.0,288.0,1688.0,0,0,511,1,872.0,388.0502480983757,388.0502480983757,13.276493574008915
single-blocker,10,333,product,512,0.0,288.0,1688.0,0,0,511,1,872.0,388.0502480983757,388.0502480983757,13.276493574008915
outcome-lag-64,10,444,prefix,512,15.125,335.25,1727.0,0,0,64,43,545.182185934934,584.7015896917466,538.4197831249041,187.01290546252534
outcome-lag-64,10,444,intersection,512,11.921875,337.9375,1721.25,0,0,64,43,532.4119794863959,577.4458662848705,530.1481670141364,184.9111572906767
outcome-lag-64,10,444,completed,512,16.1171875,311.34375,1734.0,27,27,64,43,520.3052506822165,561.87915784999,516.5720527078922,163.0607600408688
outcome-lag-64,10,444,plugin,512,54.5234375,14.21875,1796.25,0,0,64,43,271.55157924580294,301.4745192929343,270.8007914637459,102.55245449634658
outcome-lag-64,10,444,safe,512,56.0,0.0,1793.0,0,0,64,43,258.55157924580334,288.4745192929342,257.80079146374624,99.55840687729895
outcome-lag-64,10,444,known,512,0.0,288.0,1707.75,0,0,64,43,472.31629259373426,520.7876194419949,471.535123679168,172.93828200223996
outcome-lag-64,10,444,product,512,0.0,288.0,1707.75,0,0,64,43,472.31629259373426,520.7876194419949,471.535123679168,172.93828200223996
single-blocker,10,444,prefix,512,68.0,432.0,1788.5,0,0,511,1,1024.0,487.48709641003137,487.48709641003137,18.761183722073465
single-blocker,10,444,intersection,512,13.2265625,340.53125,1724.0,0,0,511,1,944.0,454.9452491117993,454.9452491117993,18.25363527470783
single-blocker,10,444,completed,512,14.765625,339.5625,1729.5,0,0,511,1,942.0,457.6752277889403,457.6752277889403,18.34518245898412
single-blocker,10,444,plugin,512,55.4609375,7.59375,1795.0,0,0,511,1,520.0,221.40675252840046,221.40675252840046,10.397896742883058
single-blocker,10,444,safe,512,56.0,0.0,1793.0,0,0,511,1,512.0,213.40675252840046,213.40675252840046,6.81456340954972
single-blocker,10,444,known,512,0.0,288.0,1707.75,0,0,511,1,896.0,394.65698349518465,394.65698349518465,13.341118978565715
single-blocker,10,444,product,512,0.0,288.0,1707.75,0,0,511,1,896.0,394.65698349518465,394.65698349518465,13.341118978565715
outcome-lag-64,11,111,prefix,512,23.921875,298.4375,1673.75,0,0,64,46,547.0272387715225,604.3786129356067,543.5858542236642,203.6047492415269
outcome-lag-64,11,111,intersection,512,8.9453125,273.65625,1660.25,0,0,64,46,515.019534556979,576.6660246758062,513.8181818817952,208.63212563812573
outcome-lag-64,11,111,completed,512,13.3984375,257.71875,1661.25,24,24,64,46,503.69357966356733,564.8461488837464,502.86287354557,201.07729166860508
outcome-lag-64,11,111,plugin,512,10.3515625,222.40625,1659.0,0,0,64,46,465.36265349173556,526.6355264636121,464.90884875226476,197.30685961983986
outcome-lag-64,11,111,safe,512,132.0,0.0,1791.0,0,0,64,39,258.5639592881838,285.94103871506996,258.11015454871296,95.17361458432282
outcome-lag-64,11,111,known,512,0.0,240.0,1650.5,0,0,64,46,472.68764166495146,535.5346385490511,472.23383692548066,208.28523870201553
outcome-lag-64,11,111,product,512,0.0,240.0,1650.5,0,0,64,46,472.68764166495146,535.5346385490511,472.23383692548066,208.28523870201553
single-blocker,11,111,prefix,512,124.0,416.0,1787.5,0,0,511,1,1024.0,487.8915383579274,487.8915383579274,18.77165510509741
single-blocker,11,111,intersection,512,10.5234375,280.71875,1662.0,0,0,511,1,940.0,442.7674508558277,442.7674508558277,17.88744680630154
single-blocker,11,111,completed,512,9.421875,276.1875,1660.5,0,0,511,1,934.0,437.2392319168987,437.2392319168987,17.734058420482285
single-blocker,11,111,plugin,512,2.421875,243.4375,1652.25,0,0,511,1,899.0,399.1145448405705,399.1145448405705,15.419223544794466
single-blocker,11,111,safe,512,132.0,0.0,1791.0,0,0,511,1,512.0,213.40675252840046,213.40675252840046,6.81456340954972
single-blocker,11,111,known,512,0.0,240.0,1650.5,0,0,511,1,896.0,394.65698349518425,394.65698349518425,13.341118978565701
single-blocker,11,111,product,512,0.0,240.0,1650.5,0,0,511,1,896.0,394.65698349518425,394.65698349518425,13.341118978565701
outcome-lag-64,11,222,prefix,512,27.5859375,342.21875,1704.25,0,0,64,43,572.5441769978909,622.0587586523286,566.0589051840232,206.74214029628894
outcome-lag-64,11,222,intersection,512,16.7578125,350.40625,1693.5,0,0,64,43,571.8857675992236,626.6637732075568,567.3152925928537,211.64139281341863
outcome-lag-64,11,222,completed,512,19.6484375,340.96875,1696.75,16,16,64,43,566.8632756548875,619.979620526458,562.3985238415829,206.704369406131
outcome-lag-64,11,222,plugin,512,15.9609375,231.09375,1690.5,0,0,64,43,481.405205540226,533.1939944212927,477.71466207766343,199.7327040362384
outcome-lag-64,11,222,safe,512,132.0,0.0,1796.0,0,0,64,36,258.3510478711403,279.4925653827172,254.66050440857757,97.90283506375796
outcome-lag-64,11,222,known,512,0.0,240.0,1680.5,0,0,64,43,469.1071136697108,525.3517125342552,465.41657020714825,200.80182128942255
outcome-lag-64,11,222,product,512,0.0,240.0,1680.5,0,0,64,43,469.1071136697108,525.3517125342552,465.41657020714825,200.80182128942255
single-blocker,11,222,prefix,512,124.0,416.0,1795.25,0,0,511,1,1024.0,485.325417476405,485.325417476405,18.704508490322834
single-blocker,11,222,intersection,512,16.3671875,350.59375,1693.75,0,0,511,1,1021.0,490.1514162965068,490.1514162965068,18.842197585495953
single-blocker,11,222,completed,512,16.1484375,350.46875,1693.75,0,0,511,1,1021.0,489.82011608613857,489.82011608613857,18.83385866301126
single-blocker,11,222,plugin,512,1.2109375,241.71875,1682.75,0,0,511,1,889.0,394.93030004544346,394.93030004544346,14.814697377704718
single-blocker,11,222,safe,512,132.0,0.0,1796.0,0,0,511,1,512.0,213.40675252840046,213.40675252840046,6.81456340954972
single-blocker,11,222,known,512,0.0,240.0,1680.5,0,0,511,1,889.0,392.7521340954792,392.7521340954792,13.322697415630918
single-blocker,11,222,product,512,0.0,240.0,1680.5,0,0,511,1,889.0,392.7521340954792,392.7521340954792,13.322697415630918
outcome-lag-64,11,333,prefix,512,25.171875,290.9375,1665.5,0,0,64,47,540.9083006944434,593.3603945933522,533.9520167534548,206.69636982821655
outcome-lag-64,11,333,intersection,512,14.734375,275.9375,1651.0,0,0,64,47,517.5626410139506,572.9220092818894,512.6520876076384,208.18236319009492
outcome-lag-64,11,333,completed,512,24.0859375,308.59375,1672.0,17,17,64,47,541.1637799054961,597.3019658699758,537.7379454389185,200.69248986258162
outcome-lag-64,11,333,plugin,512,18.6640625,229.40625,1657.0,0,0,64,47,480.6619068041002,536.9595168889265,478.65326934929624,200.76420435806548
outcome-lag-64,11,333,safe,512,132.0,0.0,1803.0,0,0,64,45,258.29653015711136,281.5199180888308,256.28789270230754,99.38674042886511
outcome-lag-64,11,333,known,512,0.0,240.0,1635.5,0,0,64,47,471.7609449472182,530.9726466647086,469.7523074924143,214.97005015524803
outcome-lag-64,11,333,product,512,0.0,240.0,1635.5,0,0,64,47,471.7609449472182,530.9726466647086,469.7523074924143,214.97005015524803
single-blocker,11,333,prefix,512,124.0,416.0,1787.75,0,0,511,1,1024.0,485.77697552679837,485.77697552679837,18.716447474812874
single-blocker,11,333,intersection,512,18.59375,285.125,1655.5,0,0,511,1,940.0,450.9649066305336,450.9649066305336,18.155344753493786
single-blocker,11,333,completed,512,18.3515625,284.78125,1655.25,0,0,511,1,939.0,450.00362592473334,450.00362592473334,18.13133881573782
single-blocker,11,333,plugin,512,3.34375,244.375,1638.5,0,0,511,1,900.0,401.57066869643006,401.57066869643006,15.92349110345491
single-blocker,11,333,safe,512,132.0,0.0,1803.0,0,0,511,1,512.0,213.40675252840046,213.40675252840046,6.81456340954972
single-blocker,11,333,known,512,0.0,240.0,1635.5,0,0,511,1,898.0,395.19799596193826,395.19799596193826,13.346320547829778
single-blocker,11,333,product,512,0.0,240.0,1635.5,0,0,511,1,898.0,395.19799596193826,395.19799596193826,13.346320547829778
outcome-lag-64,11,444,prefix,512,9.0390625,291.78125,1691.25,0,0,64,42,530.4310041685342,588.5624373124417,528.0766131796775,214.2265252818295
outcome-lag-64,11,444,intersection,512,8.265625,284.5625,1691.75,0,0,64,42,528.0816719153133,586.4276960565578,525.9418719237937,214.1265067581655
outcome-lag-64,11,444,completed,512,14.453125,293.4375,1694.5,17,17,64,42,531.8655358544785,590.736665031267,530.0554437661511,207.15859114345594
outcome-lag-64,11,444,plugin,512,28.3984375,199.59375,1710.0,0,0,64,42,459.84748246236194,513.7070166076377,458.62806109898474,183.63910057065573
outcome-lag-64,11,444,safe,512,132.0,0.0,1802.0,0,0,64,39,258.5421226315592,285.66677451146546,257.322701268182,102.50905017865645
outcome-lag-64,11,444,known,512,0.0,240.0,1675.25,0,0,64,42,474.4375058043334,534.6363071883267,473.21808444095615,211.8827847183136
outcome-lag-64,11,444,product,512,0.0,240.0,1675.25,0,0,64,42,474.4375058043334,534.6363071883267,473.21808444095615,211.8827847183136
single-blocker,11,444,prefix,512,124.0,416.0,1786.5,0,0,511,1,1024.0,487.073598829336,487.073598829336,18.750435290309568
single-blocker,11,444,intersection,512,8.984375,287.4375,1692.0,0,0,511,1,953.0,449.3615272672955,449.3615272672955,18.024259293745036
single-blocker,11,444,completed,512,8.484375,284.6875,1691.75,0,0,511,1,952.0,448.25014218944176,448.25014218944176,17.993837706882843
single-blocker,11,444,plugin,512,1.4765625,242.28125,1675.75,0,0,511,1,905.0,399.2757868055421,399.2757868055421,14.856643214408106
single-blocker,11,444,safe,512,132.0,0.0,1802.0,0,0,511,1,512.0,213.40675252840046,213.40675252840046,6.81456340954972
single-blocker,11,444,known,512,0.0,240.0,1675.25,0,0,511,1,903.0,396.5443604036957,396.5443604036957,13.35920731697218
single-blocker,11,444,product,512,0.0,240.0,1675.25,0,0,511,1,903.0,396.5443604036957,396.5443604036957,13.35920731697218
outcome-lag-64,12,111,prefix,512,14.609375,373.5625,1750.0,0,0,64,38,559.5105714085621,594.6851682482716,554.4670569771494,186.0597166181283
outcome-lag-64,12,111,intersection,512,12.3359375,378.21875,1744.75,0,0,64,38,558.7047017882786,598.8204704726976,556.4978509851194,187.24182264540246
outcome-lag-64,12,111,completed,512,10.484375,369.5625,1737.75,0,0,64,38,552.7254140020945,590.4220030154493,548.8024078112807,183.62388128111894
outcome-lag-64,12,111,plugin,512,28.6484375,139.96875,1752.25,0,0,64,38,393.4715874673632,425.48782950368746,392.64167315425095,140.22247414165173
outcome-lag-64,12,111,safe,512,56.0,0.0,1801.0,0,0,64,38,258.3486487013264,280.5535342337908,257.62204684367583,105.78098553026884
outcome-lag-64,12,111,known,512,0.0,288.0,1724.0,0,0,64,38,472.6915217773898,512.237362470294,470.57493846053336,174.92322290000374
outcome-lag-64,12,111,product,512,0.0,288.0,1724.0,0,0,64,38,472.6915217773898,512.237362470294,470.57493846053336,174.92322290000374
single-blocker,12,111,prefix,512,12.0,400.0,1740.5,0,0,511,1,1024.0,486.2187261114785,486.2187261114785,18.728075604325596
single-blocker,12,111,intersection,512,10.109375,360.3125,1745.5,0,0,511,1,981.0,467.60429227095585,467.60429227095585,18.424467020217737
single-blocker,12,111,completed,512,9.4375,355.0,1744.25,0,0,511,1,976.0,464.7797519387376,464.7797519387376,18.368897741480406
single-blocker,12,111,plugin,512,55.640625,7.3125,1800.0,0,0,511,1,522.0,223.4067525284005,223.4067525284005,10.981230076216393
single-blocker,12,111,safe,512,56.0,0.0,1801.0,0,0,511,1,512.0,213.40675252840046,213.40675252840046,6.81456340954972
single-blocker,12,111,known,512,0.0,288.0,1724.0,0,0,511,1,903.0,396.54436040369603,396.54436040369603,13.359207316972197
single-blocker,12,111,product,512,0.0,288.0,1724.0,0,0,511,1,903.0,396.54436040369603,396.54436040369603,13.359207316972197
outcome-lag-64,12,222,prefix,512,12.0,400.0,1763.75,0,0,64,41,570.6290707579445,612.7340951142187,566.8437089728733,181.1794627343652
outcome-lag-64,12,222,intersection,512,12.0,400.0,1763.75,0,0,64,41,570.6290707579445,612.7340951142187,566.8437089728733,181.1794627343652
outcome-lag-64,12,222,completed,512,14.953125,375.1875,1766.5,24,24,64,41,559.3160797433318,599.1436898900121,554.4154518188592,174.47957690589524
outcome-lag-64,12,222,plugin,512,54.7109375,11.34375,1808.0,0,0,64,41,275.32520742628947,302.9097967366056,274.1264806257658,102.05563168327053
outcome-lag-64,12,222,safe,512,56.0,0.0,1805.0,0,0,64,41,258.3252074262893,285.90979673660553,257.1264806257657,97.11587699351587
outcome-lag-64,12,222,known,512,0.0,288.0,1753.5,0,0,64,41,470.89316924417,513.6289419964498,468.33148842420064,168.49589496465921
outcome-lag-64,12,222,product,512,0.0,288.0,1753.5,0,0,64,41,470.89316924417,513.6289419964498,468.33148842420064,168.49589496465921
single-blocker,12,222,prefix,512,12.0,400.0,1763.75,0,0,511,1,1024.0,488.2870929235626,488.2870929235626,18.78185687781107
single-blocker,12,222,intersection,512,12.65625,400.375,1767.0,0,0,511,1,1024.0,489.23813848436447,489.23813848436447,18.806227415757856
single-blocker,12,222,completed,512,12.546875,400.3125,1764.75,0,0,511,1,1024.0,489.05217798869,489.05217798869,18.801479582818533
single-blocker,12,222,plugin,512,55.890625,7.0625,1805.75,0,0,511,1,520.0,221.40675252840046,221.40675252840046,10.397896742883058
single-blocker,12,222,safe,512,56.0,0.0,1805.0,0,0,511,1,512.0,213.40675252840046,213.40675252840046,6.81456340954972
single-blocker,12,222,known,512,0.0,288.0,1753.5,0,0,511,1,893.0,393.84278716686663,393.84278716686663,13.333265539545108
single-blocker,12,222,product,512,0.0,288.0,1753.5,0,0,511,1,893.0,393.84278716686663,393.84278716686663,13.333265539545108
outcome-lag-64,12,333,prefix,512,12.25,389.875,1755.75,0,0,64,43,564.580382850133,604.2232067797206,561.474829374664,195.12586092826982
outcome-lag-64,12,333,intersection,512,12.21875,400.125,1752.25,0,0,64,43,572.9293333189739,614.0124854819547,570.352055341158,196.36547984212564
outcome-lag-64,12,333,completed,512,14.171875,385.0625,1754.25,18,18,64,43,563.7065489537683,604.2327148331874,561.3235115280489,188.17852512531488
outcome-lag-64,12,333,plugin,512,12.3984375,228.84375,1752.25,0,0,64,43,441.01392234192923,474.37427039099487,437.3983332245477,154.29317272595048
outcome-lag-64,12,333,safe,512,56.0,0.0,1781.0,0,0,64,43,258.1550045341858,284.94017994431334,256.70137906497405,103.31228838098203
outcome-lag-64,12,333,known,512,0.0,288.0,1746.25,0,0,64,43,466.2339240552392,507.6537593532349,464.78029858602724,178.41869211406998
outcome-lag-64,12,333,product,512,0.0,288.0,1746.25,0,0,64,43,466.2339240552392,507.6537593532349,464.78029858602724,178.41869211406998
single-blocker,12,333,prefix,512,12.0,400.0,1752.25,0,0,511,1,1024.0,490.6520923207792,490.6520923207792,18.842055425116158
single-blocker,12,333,intersection,512,12.21875,400.125,1752.25,0,0,511,1,1024.0,490.9856976159764,490.9856976159764,18.850439385207224
single-blocker,12,333,completed,512,12.109375,400.0625,1752.25,0,0,511,1,1024.0,490.8198659024788,490.8198659024788,18.846275073920292
single-blocker,12,333,plugin,512,0.75,295.0,1746.5,0,0,511,1,891.0,401.2765724179333,401.2765724179333,16.227470955585453
single-blocker,12,333,safe,512,56.0,0.0,1781.0,0,0,511,1,512.0,213.40675252840046,213.40675252840046,6.81456340954972
single-blocker,12,333,known,512,0.0,288.0,1746.25,0,0,511,1,880.0,390.2765724179334,390.2765724179334,13.29850270161718
single-blocker,12,333,product,512,0.0,288.0,1746.25,0,0,511,1,880.0,390.2765724179334,390.2765724179334,13.29850270161718
outcome-lag-64,12,444,prefix,512,7.5,358.0,1715.75,0,0,64,40,544.7775464272536,588.0479958776529,540.5965370943552,190.44451075575972
outcome-lag-64,12,444,intersection,512,6.609375,349.6875,1713.25,0,0,64,40,538.6290629100106,582.0580114430562,534.6065526597583,190.20600037607656
outcome-lag-64,12,444,completed,512,8.6171875,333.59375,1719.75,22,22,64,40,526.9171327345922,571.3097816841445,523.3013358694787,179.19771515487366
outcome-lag-64,12,444,plugin,512,15.0,214.5,1727.75,0,0,64,40,430.27398117452526,467.4323572054726,428.381390827264,145.83866518719256
outcome-lag-64,12,444,safe,512,56.0,0.0,1767.0,0,0,64,40,258.46595873457426,283.75352021793293,256.5789893542539,95.62977093596042
outcome-lag-64,12,444,known,512,0.0,288.0,1709.75,0,0,64,40,467.2962769451979,512.6270098129997,465.2226680878194,181.98855589444807
outcome-lag-64,12,444,product,512,0.0,288.0,1709.75,0,0,64,40,467.2962769451979,512.6270098129997,465.2226680878194,181.98855589444807
single-blocker,12,444,prefix,512,12.0,400.0,1722.5,0,0,511,1,1024.0,490.1369694763029,490.1369694763029,18.829058087127766
single-blocker,12,444,intersection,512,7.171875,354.9375,1714.75,0,0,511,1,968.0,461.671953174167,461.671953174167,18.320605857309424
single-blocker,12,444,completed,512,7.0546875,353.84375,1714.25,0,0,511,1,966.0,460.4982009171008,460.4982009171008,18.29665290263358
single-blocker,12,444,plugin,512,0.1640625,289.53125,1710.5,0,0,511,1,886.0,394.1051264556345,394.1051264556345,14.806632822724495
single-blocker,12,444,safe,512,56.0,0.0,1767.0,0,0,511,1,512.0,213.40675252840046,213.40675252840046,6.81456340954972
single-blocker,12,444,known,512,0.0,288.0,1709.75,0,0,511,1,883.0,391.1051264556344,391.1051264556344,13.306632822724493
single-blocker,12,444,product,512,0.0,288.0,1709.75,0,0,511,1,883.0,391.1051264556344,391.1051264556344,13.306632822724493
outcome-lag-64,13,111,prefix,512,0.0,384.0,1722.75,0,0,64,37,580.7696722421688,620.6630050606949,579.5205242080687,202.00988727945418
outcome-lag-64,13,111,intersection,512,0.0,384.0,1729.25,0,0,64,37,580.7470703662591,618.7530477512641,579.5047902525386,202.58795905927605
outcome-lag-64,13,111,completed,512,1.25,376.5,1709.75,10,10,64,37,575.8861422626587,613.2624506231206,573.504074234486,199.35848694576495
outcome-lag-64,13,111,plugin,512,7.96875,323.625,1728.0,0,0,64,37,542.9807755324804,579.4990116681182,541.6505204996571,174.720186757522
outcome-lag-64,13,111,safe,512,64.0,0.0,1770.0,0,0,64,37,258.4749111088785,280.9105617769455,257.500230114308,97.9200246079995
outcome-lag-64,13,111,known,512,0.0,384.0,1716.75,0,0,64,37,568.5481220765098,609.9773227788728,567.0720413851506,198.83938493447144
outcome-lag-64,13,111,product,512,0.0,384.0,1716.75,0,0,64,37,568.5481220765098,609.9773227788728,567.0720413851506,198.83938493447144
single-blocker,13,111,prefix,512,0.0,384.0,1716.75,0,0,511,1,1024.0,487.69043865258516,487.69043865258516,18.76645357115482
single-blocker,13,111,intersection,512,0.0,384.0,1713.0,0,0,511,1,1024.0,497.8068578274746,497.8068578274746,19.01639198499365
single-blocker,13,111,completed,512,0.0,384.0,1729.0,0,0,511,1,1024.0,495.767300736645,495.767300736645,18.96782839560875
single-blocker,13,111,plugin,512,0.0,384.0,1714.5,0,0,511,1,1024.0,489.0521779886906,489.0521779886906,18.801479582818548
single-blocker,13,111,safe,512,64.0,0.0,1770.0,0,0,511,1,512.0,213.40675252840046,213.40675252840046,6.81456340954972
single-blocker,13,111,known,512,0.0,384.0,1716.75,0,0,511,1,1024.0,487.69043865258516,487.69043865258516,18.76645357115482
single-blocker,13,111,product,512,0.0,384.0,1716.75,0,0,511,1,1024.0,487.69043865258516,487.69043865258516,18.76645357115482
outcome-lag-64,13,222,prefix,512,0.0,384.0,1712.75,0,0,64,39,587.4859973154988,624.4590211820721,582.6151341790332,193.75828137629782
outcome-lag-64,13,222,intersection,512,0.0,384.0,1720.75,0,0,64,39,583.7968556402263,623.0014857342064,579.9200106492801,196.93218205127906
outcome-lag-64,13,222,completed,512,4.75,355.5,1703.25,38,38,64,39,561.6189678962129,605.9090112137711,559.386913768934,181.0109634485623
outcome-lag-64,13,222,plugin,512,20.859375,216.9375,1736.75,0,0,64,39,437.9074426596325,476.2812934304447,435.6800971549306,145.41026751334684
outcome-lag-64,13,222,safe,512,64.0,0.0,1796.0,0,0,64,39,258.1175297396867,279.7718577504772,256.23621301028066,89.16299662156743
outcome-lag-64,13,222,known,512,0.0,384.0,1707.0,0,0,64,39,568.134738207926,610.7039706250195,564.6501454239294,191.0212018068123
outcome-lag-64,13,222,product,512,0.0,384.0,1707.0,0,0,64,39,568.134738207926,610.7039706250195,564.6501454239294,191.0212018068123
single-blocker,13,222,prefix,512,0.0,384.0,1707.0,0,0,511,1,1024.0,484.86384194337245,484.86384194337245,18.692249046588568
single-blocker,13,222,intersection,512,0.0,384.0,1722.0,0,0,511,1,1024.0,494.5386014671991,494.5386014671991,18.938146954346795
single-blocker,13,222,completed,512,0.0,384.0,1719.75,0,0,511,1,1024.0,494.417224845072,494.417224845072,18.935197152725234
single-blocker,13,222,plugin,512,7.953125,288.5625,1719.0,0,0,511,1,912.0,401.1485627173889,401.1485627173889,14.874455380560345
single-blocker,13,222,safe,512,64.0,0.0,1796.0,0,0,511,1,512.0,213.40675252840046,213.40675252840046,6.81456340954972
single-blocker,13,222,known,512,0.0,384.0,1707.0,0,0,511,1,1024.0,484.86384194337245,484.86384194337245,18.692249046588568
single-blocker,13,222,product,512,0.0,384.0,1707.0,0,0,511,1,1024.0,484.86384194337245,484.86384194337245,18.692249046588568
outcome-lag-64,13,333,prefix,512,0.0,384.0,1714.0,0,0,64,41,591.8572029959101,639.5059871766741,590.1483775365587,209.9873375024213
outcome-lag-64,13,333,intersection,512,0.0,384.0,1722.5,0,0,64,41,591.9997247803287,634.3356626825846,589.9792769851679,206.8300145159959
outcome-lag-64,13,333,completed,512,3.625,362.25,1731.5,29,29,64,41,558.1519033119721,602.3825682414584,555.9645783140573,186.01592890668408
outcome-lag-64,13,333,plugin,512,3.234375,350.4375,1720.75,0,0,64,41,555.1876367388644,596.6574143169549,552.190695335641,188.0848587723075
outcome-lag-64,13,333,safe,512,64.0,0.0,1799.0,0,0,64,41,258.36951198279985,282.4728268031992,257.0807168108213,93.38155510385235
outcome-lag-64,13,333,known,512,0.0,384.0,1718.5,0,0,64,41,570.6291270123552,615.169166703022,568.8516865780443,197.10021152065445
outcome-lag-64,13,333,product,512,0.0,384.0,1718.5,0,0,64,41,570.6291270123552,615.169166703022,568.8516865780443,197.10021152065445
single-blocker,13,333,prefix,512,0.0,384.0,1718.5,0,0,511,1,1024.0,487.28149037558416,487.28149037558416,18.755844616734386
single-blocker,13,333,intersection,512,0.0,384.0,1725.5,0,0,511,1,1024.0,499.0606222837029,499.0606222837029,19.045820640554286
single-blocker,13,333,completed,512,0.0,384.0,1722.5,0,0,511,1,1024.0,497.2211419716917,497.2211419716917,19.002534175915343
single-blocker,13,333,plugin,512,7.6875,291.75,1739.0,0,0,511,1,901.0,398.19799596193786,398.19799596193786,14.846320547829732
single-blocker,13,333,safe,512,64.0,0.0,1799.0,0,0,511,1,512.0,213.40675252840046,213.40675252840046,6.81456340954972
single-blocker,13,333,known,512,0.0,384.0,1718.5,0,0,511,1,1024.0,487.28149037558416,487.28149037558416,18.755844616734386
single-blocker,13,333,product,512,0.0,384.0,1718.5,0,0,511,1,1024.0,487.28149037558416,487.28149037558416,18.755844616734386
outcome-lag-64,13,444,prefix,512,0.0,384.0,1706.25,0,0,64,44,587.4280969554637,628.4027377372158,581.9631739105565,193.99534589328266
outcome-lag-64,13,444,intersection,512,0.0,384.0,1726.0,0,0,64,44,577.526651339694,620.3312958215638,572.396534632853,190.38797237467344
outcome-lag-64,13,444,completed,512,4.125,359.25,1730.5,33,33,64,44,558.3605464613047,605.2110365016674,554.6638567914449,180.77533709579828
outcome-lag-64,13,444,plugin,512,17.84375,257.625,1739.5,0,0,64,44,499.38580154919674,540.2112979349404,496.68449059697645,153.9231787669485
outcome-lag-64,13,444,safe,512,64.0,0.0,1801.0,0,0,64,44,258.2168500185905,282.6100528024093,255.53108853247366,91.96804378860833
outcome-lag-64,13,444,known,512,0.0,384.0,1722.5,0,0,64,44,571.61618329393,617.1512848282412,567.1607210486584,189.65983394707018
outcome-lag-64,13,444,product,512,0.0,384.0,1722.5,0,0,64,44,571.61618329393,617.1512848282412,567.1607210486584,189.65983394707018
single-blocker,13,444,prefix,512,0.0,384.0,1722.5,0,0,511,1,1024.0,487.07359882933565,487.07359882933565,18.750435290309486
single-blocker,13,444,intersection,512,0.0,384.0,1728.25,0,0,511,1,1024.0,491.7862305878196,491.7862305878196,18.870451940430556
single-blocker,13,444,completed,512,0.0,384.0,1727.25,0,0,511,1,1024.0,491.9407086399608,491.9407086399608,18.87429667920907
single-blocker,13,444,plugin,512,7.765625,290.8125,1735.75,0,0,511,1,902.0,398.46797086633364,398.46797086633364,14.848911221404892
single-blocker,13,444,safe,512,64.0,0.0,1801.0,0,0,511,1,512.0,213.40675252840046,213.40675252840046,6.81456340954972
single-blocker,13,444,known,512,0.0,384.0,1722.5,0,0,511,1,1024.0,487.07359882933565,487.07359882933565,18.750435290309486
single-blocker,13,444,product,512,0.0,384.0,1722.5,0,0,511,1,1024.0,487.07359882933565,487.07359882933565,18.750435290309486
outcome-lag-64,14,111,prefix,512,15.09375,344.625,1654.5,0,0,64,41,583.4562793970357,642.9198341695648,580.2588055015755,223.76257660673164
outcome-lag-64,14,111,intersection,512,11.265625,342.4375,1651.0,0,0,64,44,584.3784890657565,644.4114890434198,581.3238118977289,228.16354537109032
outcome-lag-64,14,111,completed,512,18.59375,317.375,1665.75,36,36,64,41,567.2623335981149,624.2743698276033,564.5468933371255,209.24781863550078
outcome-lag-64,14,111,plugin,512,22.609375,215.0625,1658.0,0,0,64,45,460.43287544072024,516.8751108303222,458.15036192532244,186.72187374932656
outcome-lag-64,14,111,safe,512,140.0,0.0,1775.0,0,0,64,39,258.30133425922435,281.6849648487827,256.0188207438263,88.54896376113176
outcome-lag-64,14,111,known,512,0.0,336.0,1637.25,0,0,64,45,572.7569284067669,635.5855866483822,570.471326346061,223.28670121374216
outcome-lag-64,14,111,product,512,0.0,336.0,1637.25,0,0,64,45,572.7569284067669,635.5855866483822,570.471326346061,223.28670121374216
single-blocker,14,111,prefix,512,56.0,368.0,1686.0,0,0,511,1,1024.0,488.67392130048336,488.67392130048336,18.791796121798313
single-blocker,14,111,intersection,512,12.25,343.0,1653.25,0,0,511,1,1024.0,496.977618505556,496.977618505556,18.99675166135124
single-blocker,14,111,completed,512,11.703125,342.6875,1657.0,0,0,511,1,1024.0,496.6322961535774,496.6322961535774,18.988530764056904
single-blocker,14,111,plugin,512,5.140625,338.9375,1643.25,0,0,511,1,1024.0,493.2494540273788,493.2494540273788,18.906651345031474
single-blocker,14,111,safe,512,140.0,0.0,1775.0,0,0,511,1,512.0,213.40675252840046,213.40675252840046,6.81456340954972
single-blocker,14,111,known,512,0.0,336.0,1637.25,0,0,511,1,1024.0,489.9612759870165,489.9612759870165,18.824610647774694
single-blocker,14,111,product,512,0.0,336.0,1637.25,0,0,511,1,1024.0,489.9612759870165,489.9612759870165,18.824610647774694
outcome-lag-64,14,222,prefix,512,17.828125,346.1875,1656.0,0,0,64,51,580.7458971586154,643.4051686803767,580.1716454910436,249.96671073127044
outcome-lag-64,14,222,intersection,512,11.046875,342.3125,1644.0,0,0,64,51,577.996663650475,643.6137206151428,577.4970011165466,253.1680577383327
outcome-lag-64,14,222,completed,512,11.921875,336.3125,1645.0,8,8,64,51,571.993685442952,638.6529622197661,571.7334240772763,248.20331368133935
outcome-lag-64,14,222,plugin,512,34.953125,221.5625,1674.0,0,0,64,51,494.2011508154419,554.0486521270466,493.9548407496767,187.916742793802
outcome-lag-64,14,222,safe,512,140.0,0.0,1790.0,0,0,64,43,258.5746668965268,287.19670862632427,258.3330733989536,103.7435760704721
outcome-lag-64,14,222,known,512,0.0,336.0,1617.5,0,0,64,51,570.2600502837217,638.5834164526693,569.1403024381755,243.38778958793333
outcome-lag-64,14,222,product,512,0.0,336.0,1617.5,0,0,64,51,570.2600502837217,638.5834164526693,569.1403024381755,243.38778958793333
single-blocker,14,222,prefix,512,56.0,368.0,1706.25,0,0,511,1,1024.0,488.6739213004839,488.6739213004839,18.79179612179831
single-blocker,14,222,intersection,512,11.921875,342.8125,1649.25,0,0,511,1,1024.0,495.6635167549242,495.6635167549242,18.965333836760614
single-blocker,14,222,completed,512,12.03125,342.875,1651.5,0,0,511,1,1024.0,495.7673007366449,495.7673007366449,18.967828395608766
single-blocker,14,222,plugin,512,1.53125,336.875,1626.5,0,0,511,1,1024.0,488.48158807656813,488.48158807656813,18.786858886649963
single-blocker,14,222,safe,512,140.0,0.0,1790.0,0,0,511,1,512.0,213.40675252840046,213.40675252840046,6.81456340954972
single-blocker,14,222,known,512,0.0,336.0,1617.5,0,0,511,1,1024.0,487.0735988293358,487.0735988293358,18.7504352903095
single-blocker,14,222,product,512,0.0,336.0,1617.5,0,0,511,1,1024.0,487.0735988293358,487.0735988293358,18.7504352903095
outcome-lag-64,14,333,prefix,512,22.3125,348.75,1669.0,0,0,64,40,583.7752618186707,638.3863495893237,582.5608054076013,226.8554672579102
outcome-lag-64,14,333,intersection,512,14.109375,344.0625,1662.0,0,0,64,40,581.0806762254979,637.0752435030321,579.8662198144284,227.2825480720633
outcome-lag-64,14,333,completed,512,24.171875,317.3125,1667.0,40,40,64,40,566.9563894955925,622.6469163254582,565.6827560790989,209.45692700030202
outcome-lag-64,14,333,plugin,512,15.9765625,295.90625,1660.75,0,0,64,41,546.0860340003111,604.260775294459,544.7414206276433,206.30034719118476
outcome-lag-64,14,333,safe,512,140.0,0.0,1782.0,0,0,64,38,258.20755665623795,282.23049627479975,256.9931002451684,90.75842032796984
outcome-lag-64,14,333,known,512,0.0,336.0,1645.25,0,0,64,42,573.5866251306741,634.8163374489083,572.2968102813812,230.16215934600368
outcome-lag-64,14,333,product,512,0.0,336.0,1645.25,0,0,64,42,573.5866251306741,634.8163374489083,572.2968102813812,230.16215934600368
single-blocker,14,333,prefix,512,56.0,368.0,1683.5,0,0,511,1,1024.0,486.6508699180253,486.6508699180253,18.739401991795457
single-blocker,14,333,intersection,512,18.8125,346.75,1669.75,0,0,511,1,1024.0,498.8376569068109,498.8376569068109,19.040610317022345
single-blocker,14,333,completed,512,18.265625,346.4375,1668.5,0,0,511,1,1024.0,498.70791891090835,498.70791891090835,19.037573972262983
single-blocker,14,333,plugin,512,4.265625,338.4375,1645.5,0,0,511,1,1024.0,493.249454027379,493.249454027379,18.906651345031467
single-blocker,14,333,safe,512,140.0,0.0,1782.0,0,0,511,1,512.0,213.40675252840046,213.40675252840046,6.81456340954972
single-blocker,14,333,known,512,0.0,336.0,1645.25,0,0,511,1,1024.0,490.4823619341404,490.4823619341404,18.837779809427502
single-blocker,14,333,product,512,0.0,336.0,1645.25,0,0,511,1,1024.0,490.4823619341404,490.4823619341404,18.837779809427502
outcome-lag-64,14,444,prefix,512,26.90625,351.375,1679.25,0,0,64,41,592.4642692167466,657.7315933153058,591.8648941318281,253.1693914452398
outcome-lag-64,14,444,intersection,512,28.546875,352.3125,1666.5,0,0,64,41,592.0964577279585,655.17089638072,591.4970826430399,250.66530575425227
outcome-lag-64,14,444,completed,512,27.34375,351.625,1666.0,0,0,64,40,583.2360782258585,646.5893566011993,582.9088890034386,249.3895347577998
outcome-lag-64,14,444,plugin,512,10.828125,317.0625,1649.75,0,0,64,41,563.2559246479258,629.793491381917,562.6720685962705,243.56238905225658
outcome-lag-64,14,444,safe,512,140.0,0.0,1788.0,0,0,64,40,258.65099381652783,288.51901888277405,258.3238045941079,113.56678221434895
outcome-lag-64,14,444,known,512,0.0,336.0,1635.25,0,0,64,47,567.6530137671886,637.3437660994394,567.1957429518754,262.5355262106808
outcome-lag-64,14,444,product,512,0.0,336.0,1635.25,0,0,64,47,567.6530137671886,637.3437660994394,567.1957429518754,262.5355262106808
single-blocker,14,444,prefix,512,56.0,368.0,1699.25,0,0,511,1,1024.0,490.9856976159766,490.9856976159766,18.850439385207252
single-blocker,14,444,intersection,512,30.515625,353.4375,1675.25,0,0,511,1,1024.0,499.4734197480296,499.4734197480296,19.055440835184328
single-blocker,14,444,completed,512,29.96875,353.125,1672.75,0,0,511,1,1024.0,499.4707858241687,499.4707858241687,19.05537955926649
single-blocker,14,444,plugin,512,8.546875,241.6875,1646.75,0,0,511,1,911.0,402.3480048896477,402.3480048896477,15.450193744732783
single-blocker,14,444,safe,512,140.0,0.0,1788.0,0,0,511,1,512.0,213.40675252840046,213.40675252840046,6.81456340954972
single-blocker,14,444,known,512,0.0,336.0,1635.25,0,0,511,1,1024.0,484.62922930106635,484.62922930106635,18.68599600845169
single-blocker,14,444,product,512,0.0,336.0,1635.25,0,0,511,1,1024.0,484.62922930106635,484.62922930106635,18.68599600845169
outcome-lag-64,15,111,prefix,512,10.8203125,331.40625,1692.0,0,0,64,42,556.6487075529894,612.1757509130501,554.230255889089,221.75635173498944
outcome-lag-64,15,111,intersection,512,10.8203125,331.40625,1692.0,0,0,64,42,556.6487075529894,612.1757509130501,554.230255889089,221.75635173498944
outcome-lag-64,15,111,completed,512,12.65625,317.875,1692.0,14,14,64,42,545.9387631949484,603.4879592243108,544.0642745670275,215.02515255479415
outcome-lag-64,15,111,plugin,512,7.484375,229.3125,1698.25,0,0,64,42,469.75932330598187,526.0454178474572,468.8383052745156,200.04019394334918
outcome-lag-64,15,111,safe,512,132.0,0.0,1799.0,0,0,64,42,258.3211711685978,284.9492514040226,257.4001531371316,100.00584440525583
outcome-lag-64,15,111,known,512,0.0,240.0,1682.0,0,0,64,42,472.72757027111436,530.2796772219992,471.80655223964817,212.6057967077356
outcome-lag-64,15,111,product,512,0.0,240.0,1682.0,0,0,64,42,472.72757027111436,530.2796772219992,471.80655223964817,212.6057967077356
single-blocker,15,111,prefix,512,12.0,352.0,1695.5,0,0,511,1,1024.0,486.8633995732904,486.8633995732904,18.74495475350865
single-blocker,15,111,intersection,512,12.3828125,330.65625,1700.75,0,0,511,1,997.0,475.66958993049747,475.66958993049747,18.57071425909947
single-blocker,15,111,completed,512,12.171875,322.9375,1697.25,0,0,511,1,992.0,473.80699365217623,473.80699365217623,18.543777726282883
single-blocker,15,111,plugin,512,1.7890625,243.28125,1684.75,0,0,511,1,902.0,399.1979959619386,399.1979959619386,15.179653881163107
single-blocker,15,111,safe,512,132.0,0.0,1799.0,0,0,511,1,512.0,213.40675252840046,213.40675252840046,6.81456340954972
single-blocker,15,111,known,512,0.0,240.0,1682.0,0,0,511,1,900.0,395.7375933953676,395.7375933953676,13.351495200733074
single-blocker,15,111,product,512,0.0,240.0,1682.0,0,0,511,1,900.0,395.7375933953676,395.7375933953676,13.351495200733074
outcome-lag-64,15,222,prefix,512,10.359375,336.6875,1687.25,0,0,64,43,564.1432075333845,620.903617526132,561.2472864037277,210.11881887387744
outcome-lag-64,15,222,intersection,512,9.3046875,326.84375,1687.0,0,0,64,43,555.3801530442538,612.2358657580759,552.5808869749189,209.6014945635908
outcome-lag-64,15,222,completed,512,12.515625,313.6875,1692.0,15,15,64,43,546.0652038570885,603.8614051734841,543.341064680726,200.7102652762067
outcome-lag-64,15,222,plugin,512,6.7421875,224.84375,1683.25,0,0,64,43,464.1189919073641,521.8488281440921,462.98369840535827,189.76694256850453
outcome-lag-64,15,222,safe,512,132.0,0.0,1800.0,0,0,64,39,258.5086186939047,283.709621793292,257.37332519189874,95.49855447820777
outcome-lag-64,15,222,known,512,0.0,240.0,1676.0,0,0,64,43,472.0153822501847,530.2786978656565,470.8800887481789,201.59107538055423
outcome-lag-64,15,222,product,512,0.0,240.0,1676.0,0,0,64,43,472.0153822501847,530.2786978656565,470.8800887481789,201.59107538055423
single-blocker,15,222,prefix,512,12.0,352.0,1687.5,0,0,511,1,1024.0,488.28709292356297,488.28709292356297,18.78185687781111
single-blocker,15,222,intersection,512,10.03125,333.625,1687.75,0,0,511,1,1000.0,476.48703348612736,476.48703348612736,18.57862986311981
single-blocker,15,222,completed,512,9.3515625,327.28125,1687.25,0,0,511,1,993.0,472.79519594736,472.79519594736,18.51064305718475
single-blocker,15,222,plugin,512,0.1640625,241.53125,1676.75,0,0,511,1,896.0,396.842787166867,396.842787166867,14.833265539545126
single-blocker,15,222,safe,512,132.0,0.0,1800.0,0,0,511,1,512.0,213.40675252840046,213.40675252840046,6.81456340954972
single-blocker,15,222,known,512,0.0,240.0,1676.0,0,0,511,1,893.0,393.84278716686714,393.84278716686714,13.333265539545126
single-blocker,15,222,product,512,0.0,240.0,1676.0,0,0,511,1,893.0,393.84278716686714,393.84278716686714,13.333265539545126
outcome-lag-64,15,333,prefix,512,9.6328125,329.90625,1641.0,0,0,64,44,556.9055994737174,615.3411828093067,553.5010085857597,225.34915166770412
outcome-lag-64,15,333,intersection,512,8.859375,322.6875,1639.75,0,0,64,44,554.1540752896311,612.6276799230197,550.7875056994726,225.2494388140658
outcome-lag-64,15,333,completed,512,14.25,286.75,1647.75,30,30,64,41,524.0623690372001,584.6350685606188,521.3702262799507,207.83296629908264
outcome-lag-64,15,333,plugin,512,5.59375,230.375,1647.75,0,0,64,41,466.88725219179497,526.0201300295255,465.4177565939383,203.7830936249436
outcome-lag-64,15,333,safe,512,132.0,0.0,1799.0,0,0,64,37,258.37064680942876,282.52538596682973,256.90115121157214,94.54394512398976
outcome-lag-64,15,333,known,512,0.0,240.0,1633.75,0,0,64,44,470.7723326166794,531.0540093364867,469.3028370188228,215.1489557086024
outcome-lag-64,15,333,product,512,0.0,240.0,1633.75,0,0,64,44,470.7723326166794,531.0540093364867,469.3028370188228,215.1489557086024
single-blocker,15,333,prefix,512,12.0,352.0,1644.75,0,0,511,1,1024.0,487.8915383579276,487.8915383579276,18.771655105097388
single-blocker,15,333,intersection,512,12.0,352.0,1644.75,0,0,511,1,1024.0,487.8915383579276,487.8915383579276,18.771655105097388
single-blocker,15,333,completed,512,9.09375,324.875,1640.0,0,0,511,1,995.0,473.33835192472765,473.33835192472765,18.515885530147838
single-blocker,15,333,plugin,512,0.6953125,242.65625,1636.5,0,0,511,1,897.0,397.1145448405702,397.1145448405702,14.835890211461132
single-blocker,15,333,safe,512,132.0,0.0,1799.0,0,0,511,1,512.0,213.40675252840046,213.40675252840046,6.81456340954972
single-blocker,15,333,known,512,0.0,240.0,1633.75,0,0,511,1,895.0,394.38594314423443,394.38594314423443,13.33850801250827
single-blocker,15,333,product,512,0.0,240.0,1633.75,0,0,511,1,895.0,394.38594314423443,394.38594314423443,13.33850801250827
outcome-lag-64,15,444,prefix,512,11.5078125,335.90625,1652.5,0,0,64,45,561.6293822945381,620.5890804312951,559.1552897238118,214.91899197697228
outcome-lag-64,15,444,intersection,512,10.359375,325.1875,1650.5,0,0,64,45,551.8026788356167,610.9994881393635,549.5656974318805,214.3734175810701
outcome-lag-64,15,444,completed,512,14.0078125,329.53125,1645.75,23,9,64,45,557.7183032816638,618.3623541290734,555.5868973340965,211.42966720305665
outcome-lag-64,15,444,plugin,512,12.171875,215.4375,1650.75,0,0,64,45,458.5139334458549,516.1551089362692,458.0894018501144,192.91870596480484
outcome-lag-64,15,444,safe,512,132.0,0.0,1772.0,0,0,64,38,258.5182937255745,284.0098144955337,258.09376212983403,100.65109813712638
outcome-lag-64,15,444,known,512,0.0,240.0,1638.75,0,0,64,45,469.0500863117202,530.8321020167059,468.62555471597966,204.51908560226633
outcome-lag-64,15,444,product,512,0.0,240.0,1638.75,0,0,64,45,469.0500863117202,530.8321020167059,468.62555471597966,204.51908560226633
single-blocker,15,444,prefix,512,12.0,352.0,1646.75,0,0,511,1,1024.0,489.4220111334587,489.4220111334587,18.810913690267682
single-blocker,15,444,intersection,512,11.328125,332.3125,1645.0,0,0,511,1,996.0,476.5867007650867,476.5867007650867,18.600571847767252
single-blocker,15,444,completed,512,11.125,328.5,1645.0,0,0,511,1,991.0,474.266571022105,474.266571022105,18.56134294069171
single-blocker,15,444,plugin,512,0.140625,241.3125,1639.5,0,0,511,1,890.0,395.20461379237764,395.20461379237764,14.817371174496161
single-blocker,15,444,safe,512,132.0,0.0,1772.0,0,0,511,1,512.0,213.40675252840046,213.40675252840046,6.81456340954972
single-blocker,15,444,known,512,0.0,240.0,1638.75,0,0,511,1,887.0,392.20461379237764,392.20461379237764,13.317371174496165
single-blocker,15,444,product,512,0.0,240.0,1638.75,0,0,511,1,887.0,392.20461379237764,392.20461379237764,13.317371174496165
outcome-lag-64,16,111,prefix,512,3.9375,338.25,1655.0,0,0,64,45,575.0696732151576,640.5765787262551,574.0316172635731,250.07095624375813
outcome-lag-64,16,111,intersection,512,3.9375,338.25,1655.0,0,0,64,45,575.0696732151576,640.5765787262551,574.0316172635731,250.07095624375813
outcome-lag-64,16,111,completed,512,3.5546875,335.59375,1643.75,3,3,64,45,569.1700638162204,641.2760893879152,568.7200489413534,250.30962122728812
outcome-lag-64,16,111,plugin,512,10.546875,306.3125,1657.75,0,0,64,45,556.344238467671,623.552081308508,555.970405035594,240.44255095891998
outcome-lag-64,16,111,safe,512,140.0,0.0,1786.0,0,0,64,41,258.54774625902445,286.6807661336953,258.17414719030864,108.94697588204681
outcome-lag-64,16,111,known,512,0.0,336.0,1648.0,0,0,64,45,571.8302365612241,642.3504481501939,571.4072193569962,253.40807089215198
outcome-lag-64,16,111,product,512,0.0,336.0,1648.0,0,0,64,45,571.8302365612241,642.3504481501939,571.4072193569962,253.40807089215198
single-blocker,16,111,prefix,512,0.0,336.0,1648.0,0,0,511,1,1024.0,487.6904386525853,487.6904386525853,18.766453571154873
single-blocker,16,111,intersection,512,3.171875,337.8125,1639.75,0,0,511,1,1024.0,490.31065950270494,490.31065950270494,18.83344758300664
single-blocker,16,111,completed,512,3.28125,337.875,1639.75,0,0,511,1,1024.0,490.31065950270494,490.31065950270494,18.83344758300664
single-blocker,16,111,plugin,512,0.109375,336.0625,1648.0,0,0,511,1,1024.0,487.6904386525853,487.6904386525853,18.766453571154873
single-blocker,16,111,safe,512,140.0,0.0,1786.0,0,0,511,1,512.0,213.40675252840046,213.40675252840046,6.81456340954972
single-blocker,16,111,known,512,0.0,336.0,1648.0,0,0,511,1,1024.0,487.6904386525853,487.6904386525853,18.766453571154873
single-blocker,16,111,product,512,0.0,336.0,1648.0,0,0,511,1,1024.0,487.6904386525853,487.6904386525853,18.766453571154873
outcome-lag-64,16,222,prefix,512,0.0,336.0,1625.25,0,0,64,44,573.5113606225336,641.7842669218417,572.1017084722852,246.8053633149709
outcome-lag-64,16,222,intersection,512,0.0,336.0,1625.25,0,0,64,44,573.5113606225336,641.7842669218417,572.1017084722852,246.8053633149709
outcome-lag-64,16,222,completed,512,4.703125,327.3125,1625.25,14,14,64,44,566.8892096529161,636.1170366358293,565.4689043358785,240.73492089900984
outcome-lag-64,16,222,plugin,512,4.3203125,314.90625,1628.25,0,0,64,44,558.2887366028474,626.6341287580839,556.9058845672182,235.30052469722844
outcome-lag-64,16,222,safe,512,140.0,0.0,1778.0,0,0,64,43,258.2766273612315,287.49623430142947,256.9069503061016,104.54723139030068
outcome-lag-64,16,222,known,512,0.0,336.0,1625.25,0,0,64,44,573.5113606225336,641.7842669218417,572.1017084722852,246.8053633149709
outcome-lag-64,16,222,product,512,0.0,336.0,1625.25,0,0,64,44,573.5113606225336,641.7842669218417,572.1017084722852,246.8053633149709
single-blocker,16,222,prefix,512,0.0,336.0,1625.25,0,0,511,1,1024.0,491.9407086399607,491.9407086399607,18.874296679209074
single-blocker,16,222,intersection,512,0.0,336.0,1625.25,0,0,511,1,1024.0,491.9407086399607,491.9407086399607,18.874296679209074
single-blocker,16,222,completed,512,0.0,336.0,1625.25,0,0,511,1,1024.0,491.9407086399607,491.9407086399607,18.874296679209074
single-blocker,16,222,plugin,512,0.0,336.0,1625.25,0,0,511,1,1024.0,491.9407086399607,491.9407086399607,18.874296679209074
single-blocker,16,222,safe,512,140.0,0.0,1778.0,0,0,511,1,512.0,213.40675252840046,213.40675252840046,6.81456340954972
single-blocker,16,222,known,512,0.0,336.0,1625.25,0,0,511,1,1024.0,491.9407086399607,491.9407086399607,18.874296679209074
single-blocker,16,222,product,512,0.0,336.0,1625.25,0,0,511,1,1024.0,491.9407086399607,491.9407086399607,18.874296679209074
outcome-lag-64,16,333,prefix,512,0.0,336.0,1654.25,0,0,64,44,570.4209896926197,642.2305840000267,569.7007824907007,250.26325815973254
outcome-lag-64,16,333,intersection,512,0.0,336.0,1654.25,0,0,64,44,570.4209896926197,642.2305840000267,569.7007824907007,250.26325815973254
outcome-lag-64,16,333,completed,512,3.5546875,327.46875,1657.0,13,13,64,44,563.6444471519025,636.0662047091312,562.9322967389891,243.9145714684084
outcome-lag-64,16,333,plugin,512,5.71875,318.625,1658.25,0,0,64,43,560.2799613342032,630.6561741583774,559.5678109212898,241.27761447350687
outcome-lag-64,16,333,safe,512,140.0,0.0,1812.0,0,0,64,42,258.56918021240887,288.75915428411884,257.85702979949554,102.19707255541302
outcome-lag-64,16,333,known,512,0.0,336.0,1654.25,0,0,64,44,570.4209896926197,642.2305840000267,569.7007824907007,250.26325815973254
outcome-lag-64,16,333,product,512,0.0,336.0,1654.25,0,0,64,44,570.4209896926197,642.2305840000267,569.7007824907007,250.26325815973254
single-blocker,16,333,prefix,512,0.0,336.0,1654.25,0,0,511,1,1024.0,486.8633995732905,486.8633995732905,18.74495475350863
single-blocker,16,333,intersection,512,0.0,336.0,1654.25,0,0,511,1,1024.0,486.8633995732905,486.8633995732905,18.74495475350863
single-blocker,16,333,completed,512,0.0,336.0,1654.25,0,0,511,1,1024.0,486.8633995732905,486.8633995732905,18.74495475350863
single-blocker,16,333,plugin,512,0.0,336.0,1654.25,0,0,511,1,1024.0,486.8633995732905,486.8633995732905,18.74495475350863
single-blocker,16,333,safe,512,140.0,0.0,1812.0,0,0,511,1,512.0,213.40675252840046,213.40675252840046,6.81456340954972
single-blocker,16,333,known,512,0.0,336.0,1654.25,0,0,511,1,1024.0,486.8633995732905,486.8633995732905,18.74495475350863
single-blocker,16,333,product,512,0.0,336.0,1654.25,0,0,511,1,1024.0,486.8633995732905,486.8633995732905,18.74495475350863
outcome-lag-64,16,444,prefix,512,6.234375,339.5625,1649.25,0,0,64,41,573.3434207848566,634.2262981914163,571.1138305446785,231.37222093160463
outcome-lag-64,16,444,intersection,512,6.453125,339.6875,1648.0,0,0,64,41,573.5315365915712,634.876112992724,571.3131124288973,231.73580942056142
outcome-lag-64,16,444,completed,512,13.0703125,319.90625,1657.25,35,29,64,41,559.7650969772436,623.3927713235904,557.5473982240532,218.89204112999874
outcome-lag-64,16,444,plugin,512,34.203125,243.9375,1700.5,0,0,64,41,516.2717727928795,567.3125853293081,513.8380421919871,185.99438843215788
outcome-lag-64,16,444,safe,512,140.0,0.0,1788.0,0,0,64,41,258.28727380847175,285.60432156712835,256.06969231331414,98.94072289462834
outcome-lag-64,16,444,known,512,0.0,336.0,1660.5,0,0,64,42,570.7657408985306,633.5551069910733,568.5393135209291,227.10406294501558
outcome-lag-64,16,444,product,512,0.0,336.0,1660.5,0,0,64,42,570.7657408985306,633.5551069910733,568.5393135209291,227.10406294501558
single-blocker,16,444,prefix,512,0.0,336.0,1660.5,0,0,511,1,1024.0,488.0904163279174,488.0904163279174,18.77678924203478
single-blocker,16,444,intersection,512,5.359375,339.0625,1672.0,0,0,511,1,1024.0,491.9407086399608,491.9407086399608,18.874296679209028
single-blocker,16,444,completed,512,5.6875,339.25,1671.0,0,0,511,1,1024.0,492.24414177032315,492.24414177032315,18.881832762880215
single-blocker,16,444,plugin,512,82.6875,288.75,1725.0,0,0,511,1,895.0,399.47855798080747,399.47855798080747,15.770037841162837
single-blocker,16,444,safe,512,140.0,0.0,1788.0,0,0,511,1,512.0,213.40675252840046,213.40675252840046,6.81456340954972
single-blocker,16,444,known,512,0.0,336.0,1660.5,0,0,511,1,1024.0,488.0904163279174,488.0904163279174,18.77678924203478
single-blocker,16,444,product,512,0.0,336.0,1660.5,0,0,511,1,1024.0,488.0904163279174,488.0904163279174,18.77678924203478
outcome-lag-64,17,111,prefix,512,0.0,320.0,1642.5,0,0,64,43,574.8892405681776,640.6719908547282,573.3602043368871,251.6418951839892
outcome-lag-64,17,111,intersection,512,0.0,320.0,1641.25,0,0,64,43,574.5104777335298,640.5040043997706,572.9814415022394,251.32367064537866
outcome-lag-64,17,111,completed,512,7.5,305.0,1646.75,24,24,64,43,560.6036439081328,630.1897160259796,559.0746076768421,237.27670068574346
outcome-lag-64,17,111,plugin,512,34.3125,228.125,1675.25,0,0,64,43,468.09857080674624,529.5773336055674,466.5695345754557,198.501880389933
outcome-lag-64,17,111,safe,512,160.0,0.0,1797.0,0,0,64,43,258.4884914985112,285.4459270590885,256.9594552672205,94.61858514914839
outcome-lag-64,17,111,known,512,0.0,320.0,1636.5,0,0,64,43,571.2224099119929,640.0513583633943,569.6933736807024,247.39878834938378
outcome-lag-64,17,111,product,512,0.0,320.0,1636.5,0,0,64,43,571.2224099119929,640.0513583633943,569.6933736807024,247.39878834938378
single-blocker,17,111,prefix,512,0.0,320.0,1636.5,0,0,511,1,1024.0,487.89153835792774,487.89153835792774,18.771655105097427
single-blocker,17,111,intersection,512,0.0,320.0,1640.5,0,0,511,1,1024.0,491.9407086399609,491.9407086399609,18.874296679209067
single-blocker,17,111,completed,512,0.0,320.0,1639.25,0,0,511,1,1024.0,492.0933414524017,492.0933414524017,18.87809011125717
single-blocker,17,111,plugin,512,0.0,320.0,1636.5,0,0,511,1,1024.0,487.89153835792774,487.89153835792774,18.771655105097427
single-blocker,17,111,safe,512,160.0,0.0,1797.0,0,0,511,1,512.0,213.40675252840046,213.40675252840046,6.81456340954972
single-blocker,17,111,known,512,0.0,320.0,1636.5,0,0,511,1,1024.0,487.89153835792774,487.89153835792774,18.771655105097427
single-blocker,17,111,product,512,0.0,320.0,1636.5,0,0,511,1,1024.0,487.89153835792774,487.89153835792774,18.771655105097427
outcome-lag-64,17,222,prefix,512,0.0,320.0,1613.75,0,0,64,46,574.3328963672745,643.9890368536912,574.3328963672745,272.0272929775777
outcome-lag-64,17,222,intersection,512,0.0,320.0,1616.0,0,0,64,46,573.8477410925364,643.6902204123049,573.8477410925364,271.5396053510198
outcome-lag-64,17,222,completed,512,0.0,320.0,1609.25,2,0,64,46,567.4169984833777,640.9655532600041,567.4169984833777,261.82968774661765
outcome-lag-64,17,222,plugin,512,12.2421875,289.84375,1609.0,0,0,64,46,556.5165644102948,627.9143805499339,556.5152105867409,246.9894578936111
outcome-lag-64,17,222,safe,512,160.0,0.0,1806.0,0,0,64,43,258.63070764345275,284.8551133584309,258.63070764345275,105.64996059492316
outcome-lag-64,17,222,known,512,0.0,320.0,1608.0,0,0,64,46,567.4839595924709,640.2948153382952,567.4839595924709,258.71806432243267
outcome-lag-64,17,222,product,512,0.0,320.0,1608.0,0,0,64,46,567.4839595924709,640.2948153382952,567.4839595924709,258.71806432243267
single-blocker,17,222,prefix,512,0.0,320.0,1608.0,0,0,511,1,1024.0,486.2187261114789,486.2187261114789,18.7280756043256
single-blocker,17,222,intersection,512,0.0,320.0,1595.75,0,0,511,1,1024.0,491.7862305878198,491.7862305878198,18.870451940430556
single-blocker,17,222,completed,512,0.0,320.0,1598.0,0,0,511,1,1024.0,492.0933414524013,492.0933414524013,18.87809011125719
single-blocker,17,222,plugin,512,27.7265625,240.78125,1666.0,0,0,511,1,903.0,400.19799596193815,400.19799596193815,15.42965388116308
single-blocker,17,222,safe,512,160.0,0.0,1806.0,0,0,511,1,512.0,213.40675252840046,213.40675252840046,6.81456340954972
single-blocker,17,222,known,512,0.0,320.0,1608.0,0,0,511,1,1024.0,486.2187261114789,486.2187261114789,18.7280756043256
single-blocker,17,222,product,512,0.0,320.0,1608.0,0,0,511,1,1024.0,486.2187261114789,486.2187261114789,18.7280756043256
outcome-lag-64,17,333,prefix,512,0.0,320.0,1636.75,0,0,64,44,569.288076410178,636.3653166316514,567.0552391322756,238.242076921905
outcome-lag-64,17,333,intersection,512,0.0,320.0,1636.75,0,0,64,44,569.288076410178,636.3653166316514,567.0552391322756,238.242076921905
outcome-lag-64,17,333,completed,512,6.875,306.25,1648.25,22,22,64,44,559.4024333956083,627.0852075457442,557.1695961177059,225.43434469527816
outcome-lag-64,17,333,plugin,512,9.96875,295.0,1648.25,0,0,64,44,556.6093290285257,616.71582043945,554.3764917506231,223.26876395692912
outcome-lag-64,17,333,safe,512,160.0,0.0,1782.0,0,0,64,44,258.2800664622033,280.7201843212863,256.04722918430076,91.42430439138501
outcome-lag-64,17,333,known,512,0.0,320.0,1636.75,0,0,64,44,569.288076410178,636.3653166316514,567.0552391322756,238.242076921905
outcome-lag-64,17,333,product,512,0.0,320.0,1636.75,0,0,64,44,569.288076410178,636.3653166316514,567.0552391322756,238.242076921905
single-blocker,17,333,prefix,512,0.0,320.0,1636.75,0,0,511,1,1024.0,486.2187261114781,486.2187261114781,18.728075604325607
single-blocker,17,333,intersection,512,0.0,320.0,1636.75,0,0,511,1,1024.0,486.2187261114781,486.2187261114781,18.728075604325607
single-blocker,17,333,completed,512,0.0,320.0,1636.75,0,0,511,1,1024.0,486.2187261114781,486.2187261114781,18.728075604325607
single-blocker,17,333,plugin,512,0.0,320.0,1636.75,0,0,511,1,1024.0,486.2187261114781,486.2187261114781,18.728075604325607
single-blocker,17,333,safe,512,160.0,0.0,1782.0,0,0,511,1,512.0,213.40675252840046,213.40675252840046,6.81456340954972
single-blocker,17,333,known,512,0.0,320.0,1636.75,0,0,511,1,1024.0,486.2187261114781,486.2187261114781,18.728075604325607
single-blocker,17,333,product,512,0.0,320.0,1636.75,0,0,511,1,1024.0,486.2187261114781,486.2187261114781,18.728075604325607
outcome-lag-64,17,444,prefix,512,0.0,320.0,1640.5,0,0,64,42,573.314658904698,637.3793652595634,572.8228593520912,255.50564481562816
outcome-lag-64,17,444,intersection,512,0.0,320.0,1639.25,0,0,64,42,573.1015599852569,637.1116826462084,572.6097604326501,255.31721279988767
outcome-lag-64,17,444,completed,512,0.9375,318.125,1645.5,3,3,64,41,571.4901835146411,636.199235294756,570.9983839620343,249.80469759734575
outcome-lag-64,17,444,plugin,512,11.53125,295.625,1651.5,0,0,64,44,559.7568707120656,620.191769092684,559.2650711594588,236.6429947398744
outcome-lag-64,17,444,safe,512,160.0,0.0,1774.0,0,0,64,40,258.42344776221023,284.1279918161483,257.9316482096034,103.95062091244432
outcome-lag-64,17,444,known,512,0.0,320.0,1641.75,0,0,64,44,574.1671586342331,638.5046870128521,573.6753590816263,255.8929742014143
outcome-lag-64,17,444,product,512,0.0,320.0,1641.75,0,0,64,44,574.1671586342331,638.5046870128521,573.6753590816263,255.8929742014143
single-blocker,17,444,prefix,512,0.0,320.0,1641.75,0,0,511,1,1024.0,488.86411170146886,488.86411170146886,18.796669416145274
single-blocker,17,444,intersection,512,0.0,320.0,1642.75,0,0,511,1,1024.0,489.7835628415068,489.7835628415068,18.820104575213396
single-blocker,17,444,completed,512,0.0,320.0,1644.0,0,0,511,1,1024.0,489.7835628415068,489.7835628415068,18.820104575213396
single-blocker,17,444,plugin,512,0.0,320.0,1641.75,0,0,511,1,1024.0,488.86411170146886,488.86411170146886,18.796669416145274
single-blocker,17,444,safe,512,160.0,0.0,1774.0,0,0,511,1,512.0,213.40675252840046,213.40675252840046,6.81456340954972
single-blocker,17,444,known,512,0.0,320.0,1641.75,0,0,511,1,1024.0,488.86411170146886,488.86411170146886,18.796669416145274
single-blocker,17,444,product,512,0.0,320.0,1641.75,0,0,511,1,1024.0,488.86411170146886,488.86411170146886,18.796669416145274
outcome-lag-64,18,111,prefix,512,21.263671875,286.3359375,1755.75,0,0,64,40,506.4724968130068,524.8491637879736,495.49205106026227,140.87722471032524
outcome-lag-64,18,111,intersection,512,15.017578125,292.7265625,1747.75,0,0,64,40,508.1383540918567,528.583743443103,498.95641508509897,139.33484534427922
outcome-lag-64,18,111,completed,512,11.29296875,241.984375,1742.5,40,40,64,40,469.44801962400703,492.87657285481396,463.4848579560793,126.30405217861733
outcome-lag-64,18,111,plugin,512,0.97265625,201.734375,1731.25,0,0,64,40,419.62087217912216,443.5891854938161,413.8710302754571,116.97009110031172
outcome-lag-64,18,111,safe,512,34.0,0.0,1783.0,0,0,64,40,258.513480222858,285.7267963656839,257.97801507881945,94.82933667383861
outcome-lag-64,18,111,known,512,0.0,200.0,1729.25,0,0,64,40,416.0594581760124,439.93039523792686,410.19353120846426,117.53310968868882
outcome-lag-64,18,111,product,512,34.0,0.0,1783.0,0,0,64,40,258.513480222858,285.7267963656839,257.97801507881945,94.82933667383861
single-blocker,18,111,prefix,512,108.0,472.0,1851.5,0,0,511,1,1024.0,457.12241116669105,457.12241116669105,17.82411826063453
single-blocker,18,111,intersection,512,9.71484375,267.671875,1743.5,0,0,511,1,836.0,416.19771719508054,416.19771719508054,17.713335406608923
single-blocker,18,111,completed,512,9.1640625,263.96875,1742.25,0,0,511,1,831.0,413.1867199725507,413.1867199725507,17.64739501019977
single-blocker,18,111,plugin,512,0.697265625,202.1953125,1730.0,0,0,511,1,762.0,356.4198580929923,356.4198580929923,14.399141753664813
single-blocker,18,111,safe,512,34.0,0.0,1783.0,0,0,511,1,512.0,213.40675252840046,213.40675252840046,6.81456340954972
single-blocker,18,111,known,512,0.0,200.0,1729.25,0,0,511,1,759.0,353.4198580929924,353.4198580929924,12.899141753664813
single-blocker,18,111,product,512,34.0,0.0,1783.0,0,0,511,1,512.0,213.40675252840046,213.40675252840046,6.81456340954972
outcome-lag-64,18,222,prefix,512,18.193359375,263.4296875,1798.25,0,0,64,41,501.027185565633,516.4286998566677,486.8551989307186,142.3500056387661
outcome-lag-64,18,222,intersection,512,11.96484375,274.296875,1786.25,0,0,64,41,496.7833573250103,515.1377941127575,485.25191114090194,144.3713578114687
outcome-lag-64,18,222,completed,512,11.13671875,273.171875,1785.75,2,2,64,41,497.32025934433887,518.1688550544714,488.13310518073115,144.92879984912724
outcome-lag-64,18,222,plugin,512,1.646484375,197.4921875,1775.75,0,0,64,41,430.1175121415646,452.28238656620454,422.3225557552796,129.9783761846949
outcome-lag-64,18,222,safe,512,34.0,0.0,1815.0,0,0,64,41,258.4722232730589,285.78528827572364,257.15514948821885,108.19244709753633
outcome-lag-64,18,222,known,512,0.0,200.0,1772.75,0,0,64,41,428.1420689157001,450.7070239791532,420.6842093616916,130.67246258297115
outcome-lag-64,18,222,product,512,34.0,0.0,1815.0,0,0,64,41,258.4722232730589,285.78528827572364,257.15514948821885,108.19244709753633
single-blocker,18,222,prefix,512,108.0,472.0,1887.0,0,0,511,1,1024.0,446.6433704308658,446.6433704308658,17.39291671670673
single-blocker,18,222,intersection,512,13.5234375,308.96875,1783.5,0,0,511,1,904.0,449.44660448071164,449.44660448071164,18.316025507663966
single-blocker,18,222,completed,512,11.677734375,293.1796875,1781.0,0,0,511,1,884.0,438.56346859330233,438.56346859330233,18.110923931830946
single-blocker,18,222,plugin,512,0.94921875,203.109375,1772.25,0,0,511,1,794.0,368.2844571018296,368.2844571018296,15.097323773748224
single-blocker,18,222,safe,512,34.0,0.0,1815.0,0,0,511,1,512.0,213.40675252840046,213.40675252840046,6.81456340954972
single-blocker,18,222,known,512,0.0,200.0,1772.75,0,0,511,1,791.0,363.92237252726454,363.92237252726454,13.021197671020296
single-blocker,18,222,product,512,34.0,0.0,1815.0,0,0,511,1,512.0,213.40675252840046,213.40675252840046,6.81456340954972
outcome-lag-64,18,333,prefix,512,20.51953125,280.828125,1775.75,0,0,64,43,511.7619708354394,524.0317830608712,498.0658994602201,141.39771510880357
outcome-lag-64,18,333,intersection,512,12.990234375,279.5546875,1771.0,0,0,64,43,503.2100360279632,519.1268227701353,492.7570541401956,134.35358427695846
outcome-lag-64,18,333,completed,512,15.783203125,314.7890625,1771.0,8,8,64,43,518.8513715278058,538.5870996716177,511.4887328289789,134.63772280078663
outcome-lag-64,18,333,plugin,512,0.982421875,198.2109375,1754.25,0,0,64,43,417.659314834254,438.3865208585865,412.0385705333109,125.12244484128259
outcome-lag-64,18,333,safe,512,34.0,0.0,1791.0,0,0,64,43,258.5660991454541,282.6049550692268,257.53555666867913,99.34350705829975
outcome-lag-64,18,333,known,512,0.0,200.0,1752.75,0,0,64,43,416.72476714989733,437.87278231419896,411.4735772672439,123.93675121666126
outcome-lag-64,18,333,product,512,34.0,0.0,1791.0,0,0,64,43,258.5660991454541,282.6049550692268,257.53555666867913,99.34350705829975
single-blocker,18,333,prefix,512,108.0,472.0,1864.5,0,0,511,1,1024.0,449.679462335973,449.679462335973,17.530339282996287
single-blocker,18,333,intersection,512,11.296875,282.4375,1772.25,0,0,511,1,862.0,432.5568328093651,432.5568328093651,18.063490026754334
single-blocker,18,333,completed,512,10.828125,279.5,1771.75,0,0,511,1,860.0,431.4548613323186,431.4548613323186,18.04232541309252
single-blocker,18,333,plugin,512,0.740234375,201.5859375,1757.5,0,0,511,1,768.0,358.4394133696832,358.4394133696832,14.423190976695576
single-blocker,18,333,safe,512,34.0,0.0,1791.0,0,0,511,1,512.0,213.40675252840046,213.40675252840046,6.81456340954972
single-blocker,18,333,known,512,0.0,200.0,1752.75,0,0,511,1,767.0,356.1071922530921,356.1071922530921,12.931080553739546
single-blocker,18,333,product,512,34.0,0.0,1791.0,0,0,511,1,512.0,213.40675252840046,213.40675252840046,6.81456340954972
outcome-lag-64,18,444,prefix,512,24.5390625,322.65625,1751.0,0,0,64,39,533.0483571700485,545.8283293752138,519.8181592924939,149.06358372763614
outcome-lag-64,18,444,intersection,512,18.404296875,311.3984375,1747.5,0,0,64,39,519.9457689518948,533.9162950561913,508.31416823430646,146.29548693413952
outcome-lag-64,18,444,completed,512,19.302734375,310.8359375,1742.75,43,43,64,39,514.7754033528176,528.5283636831696,502.46244360772766,131.60037074808784
outcome-lag-64,18,444,plugin,512,0.505859375,200.8359375,1733.75,0,0,64,39,408.8824707162205,427.5636748321644,402.1091758522307,113.52304663848483
outcome-lag-64,18,444,safe,512,34.0,0.0,1767.0,0,0,64,39,258.4025485114954,279.0758724222652,255.3903257660584,89.40950795493609
outcome-lag-64,18,444,known,512,0.0,200.0,1733.5,0,0,64,39,407.25066177140405,425.9909565350555,400.53466938840126,112.7168318727362
outcome-lag-64,18,444,product,512,34.0,0.0,1767.0,0,0,64,39,258.4025485114954,279.0758724222652,255.3903257660584,89.40950795493609
single-blocker,18,444,prefix,512,108.0,472.0,1833.0,0,0,511,1,1024.0,458.31248169237927,458.31248169237927,17.86805817260998
single-blocker,18,444,intersection,512,14.9765625,319.65625,1746.0,0,0,511,1,893.0,448.7448245988721,448.7448245988721,18.35613768955598
single-blocker,18,444,completed,512,14.63671875,317.921875,1745.75,0,0,511,1,892.0,448.27454832521835,448.27454832521835,18.348385751571506
single-blocker,18,444,plugin,512,0.873046875,203.8359375,1733.0,0,0,511,1,746.0,350.90939905307897,350.90939905307897,14.332030721121601
single-blocker,18,444,safe,512,34.0,0.0,1767.0,0,0,511,1,512.0,213.40675252840046,213.40675252840046,6.81456340954972
single-blocker,18,444,known,512,0.0,200.0,1733.5,0,0,511,1,743.0,347.9093990530791,347.9093990530791,12.832030721121598
single-blocker,18,444,product,512,34.0,0.0,1767.0,0,0,511,1,512.0,213.40675252840046,213.40675252840046,6.81456340954972
outcome-lag-64,19,111,prefix,512,33.00390625,248.671875,1716.5,0,0,64,38,526.2892962507609,554.5335322094619,519.0715681853537,169.48038830937256
outcome-lag-64,19,111,intersection,512,16.953125,254.59375,1704.5,0,0,64,38,522.4579935889706,556.3950121283756,518.1556828666465,160.20644711589628
outcome-lag-64,19,111,completed,512,24.7578125,264.375,1702.5,34,34,64,38,528.7398302119007,563.0584030023824,525.7159811285168,160.16179490833164
outcome-lag-64,19,111,plugin,512,2.66796875,160.265625,1687.0,0,0,64,38,434.81790227361097,471.4589805886217,433.40566545572614,140.10317963609913
outcome-lag-64,19,111,safe,512,134.0,0.0,1800.0,0,0,64,38,258.56587704630095,285.10503631272775,257.67976009657787,94.64507966880322
outcome-lag-64,19,111,known,512,0.0,168.0,1684.25,0,0,64,38,439.5020679276612,476.7097621366855,438.0131017378054,141.66032444978555
outcome-lag-64,19,111,product,512,0.0,168.0,1684.25,0,0,64,38,439.5020679276612,476.7097621366855,438.0131017378054,141.66032444978555
single-blocker,19,111,prefix,512,203.0,468.0,1863.0,0,0,511,1,1024.0,454.60595355027726,454.60595355027726,17.728600074357352
single-blocker,19,111,intersection,512,15.544921875,275.7109375,1699.75,0,0,511,1,925.0,456.96395712926056,456.96395712926056,18.415558396324542
single-blocker,19,111,completed,512,15.107421875,274.7421875,1699.5,0,0,511,1,924.0,456.46758287884387,456.46758287884387,18.406937706669368
single-blocker,19,111,plugin,512,2.001953125,171.4765625,1685.25,0,0,511,1,817.0,377.5624566609883,377.5624566609883,15.676683909702696
single-blocker,19,111,safe,512,134.0,0.0,1800.0,0,0,511,1,512.0,213.40675252840046,213.40675252840046,6.81456340954972
single-blocker,19,111,known,512,0.0,168.0,1684.25,0,0,511,1,813.0,370.7920979374866,370.7920979374866,13.097227289849227
single-blocker,19,111,product,512,0.0,168.0,1684.25,0,0,511,1,813.0,370.7920979374866,370.7920979374866,13.097227289849227
outcome-lag-64,19,222,prefix,512,39.5390625,303.4375,1693.5,0,0,64,40,548.6083807480114,580.4896708932489,543.5631183330256,175.62105368112137
outcome-lag-64,19,222,intersection,512,19.71484375,283.484375,1671.25,0,0,64,40,535.5850483541947,569.8390959855259,532.2501458128248,174.71522649382266
outcome-lag-64,19,222,completed,512,19.373046875,295.8671875,1668.25,0,0,64,40,544.4390988014218,579.1575744801974,541.1899204687228,175.0481283825441
outcome-lag-64,19,222,plugin,512,6.197265625,157.4765625,1659.25,0,0,64,40,428.047909813957,463.5910639543682,426.6521007194802,155.3577943328355
outcome-lag-64,19,222,safe,512,134.0,0.0,1798.0,0,0,64,40,258.46702647203733,285.46456628155636,257.5043380202432,103.69818267726096
outcome-lag-64,19,222,known,512,0.0,168.0,1654.0,0,0,64,40,433.8588810237481,470.7387201390392,432.7528335055886,161.32717792743773
outcome-lag-64,19,222,product,512,0.0,168.0,1654.0,0,0,64,40,433.8588810237481,470.7387201390392,432.7528335055886,161.32717792743773
single-blocker,19,222,prefix,512,203.0,468.0,1875.75,0,0,511,1,1024.0,445.88372105702865,445.88372105702865,17.354974329875446
single-blocker,19,222,intersection,512,19.017578125,295.6640625,1667.5,0,0,511,1,933.0,463.53293208268576,463.53293208268576,18.554160265224112
single-blocker,19,222,completed,512,18.662109375,295.4609375,1667.5,0,0,511,1,933.0,463.40371260409967,463.40371260409967,18.55071513400515
single-blocker,19,222,plugin,512,1.58984375,170.296875,1654.0,0,0,511,1,799.0,368.5070995209046,368.5070995209046,14.538991716039
single-blocker,19,222,safe,512,134.0,0.0,1798.0,0,0,511,1,512.0,213.40675252840046,213.40675252840046,6.81456340954972
single-blocker,19,222,known,512,0.0,168.0,1654.0,0,0,511,1,799.0,366.451158772468,366.451158772468,13.04951811822589
single-blocker,19,222,product,512,0.0,168.0,1654.0,0,0,511,1,799.0,366.451158772468,366.451158772468,13.04951811822589
outcome-lag-64,19,333,prefix,512,33.1953125,247.34375,1699.0,0,0,64,37,508.6658067780457,529.0316902866505,500.2430339171046,148.8497558941863
outcome-lag-64,19,333,intersection,512,12.1953125,219.53125,1678.0,0,0,64,37,483.65035631529787,506.7351518665407,477.7621660565654,148.92195068915652
outcome-lag-64,19,333,completed,512,12.869140625,235.8515625,1679.25,2,2,64,37,496.5794805487974,520.4643593855734,491.3502660899792,144.7166256525523
outcome-lag-64,19,333,plugin,512,1.87109375,156.234375,1666.0,0,0,64,37,415.87597094663926,441.95050281650526,413.4594068573371,136.07147919979752
outcome-lag-64,19,333,safe,512,134.0,0.0,1774.0,0,0,64,37,258.4694711852449,278.8008591780471,257.5439073015216,96.69276927608912
outcome-lag-64,19,333,known,512,0.0,168.0,1665.5,0,0,64,37,420.43454292462474,447.05125493254525,418.1114185918057,140.96413452703638
outcome-lag-64,19,333,product,512,0.0,168.0,1665.5,0,0,64,37,420.43454292462474,447.05125493254525,418.1114185918057,140.96413452703638
single-blocker,19,333,prefix,512,203.0,468.0,1850.0,0,0,511,1,1024.0,442.0817544583683,442.0817544583683,17.136980843663213
single-blocker,19,333,intersection,512,11.306640625,233.0390625,1677.5,0,0,511,1,844.0,423.23346044782045,423.23346044782045,17.889063616940174
single-blocker,19,333,completed,512,9.734375,224.59375,1675.75,0,0,511,1,832.0,415.1866301043858,415.1866301043858,17.708575130103586
single-blocker,19,333,plugin,512,1.189453125,169.7578125,1667.0,0,0,511,1,771.0,359.4400861382153,359.4400861382153,14.435002122367
single-blocker,19,333,safe,512,134.0,0.0,1774.0,0,0,511,1,512.0,213.40675252840046,213.40675252840046,6.81456340954972
single-blocker,19,333,known,512,0.0,168.0,1665.5,0,0,511,1,770.0,357.1039023710125,357.1039023710125,12.942799422950648
single-blocker,19,333,product,512,0.0,168.0,1665.5,0,0,511,1,770.0,357.1039023710125,357.1039023710125,12.942799422950648
outcome-lag-64,19,444,prefix,512,36.0390625,267.65625,1690.75,0,0,64,39,538.9508460393507,566.4830237098001,529.7022881233021,174.96165293456232
outcome-lag-64,19,444,intersection,512,23.4609375,265.5,1678.25,0,0,64,39,534.8483912285454,564.7426253740243,527.619018661381,177.89665730449545
outcome-lag-64,19,444,completed,512,19.51171875,252.484375,1679.75,15,15,64,39,516.082025250498,547.192604607272,509.7700231017828,161.40250244434995
outcome-lag-64,19,444,plugin,512,2.970703125,162.4453125,1661.0,0,0,64,39,431.87366720483556,465.65223939704725,428.1643749478736,153.86233444504958
outcome-lag-64,19,444,safe,512,134.0,0.0,1792.0,0,0,64,39,258.25604206490124,278.3391996017346,254.6085240224059,96.65540017287428
outcome-lag-64,19,444,known,512,0.0,168.0,1660.75,0,0,64,39,432.1647961297305,466.2678900443979,428.51538810651306,152.1744348886426
outcome-lag-64,19,444,product,512,0.0,168.0,1660.75,0,0,64,39,432.1647961297305,466.2678900443979,428.51538810651306,152.1744348886426
single-blocker,19,444,prefix,512,203.0,468.0,1859.0,0,0,511,1,1024.0,451.1642107532355,451.1642107532355,17.591768345433376
single-blocker,19,444,intersection,512,15.681640625,261.4140625,1673.75,0,0,511,1,912.0,453.92846209905116,453.92846209905116,18.39931991188966
single-blocker,19,444,completed,512,14.9296875,260.625,1673.5,0,0,511,1,911.0,453.278071118351,453.278071118351,18.386468836071522
single-blocker,19,444,plugin,512,1.7109375,168.84375,1662.0,0,0,511,1,800.0,368.82234467117235,368.82234467117235,14.542512842799557
single-blocker,19,444,safe,512,134.0,0.0,1792.0,0,0,511,1,512.0,213.40675252840046,213.40675252840046,6.81456340954972
single-blocker,19,444,known,512,0.0,168.0,1660.75,0,0,511,1,800.0,366.7647336169563,366.7647336169563,13.053002438783372
single-blocker,19,444,product,512,0.0,168.0,1660.75,0,0,511,1,800.0,366.7647336169563,366.7647336169563,13.053002438783372
outcome-lag-64,20,111,prefix,512,49.669921875,197.8359375,1617.5,0,0,64,37,520.8077224359515,554.1469198480985,514.5564718025989,192.5469836475119
outcome-lag-64,20,111,intersection,512,26.482421875,201.8359375,1588.25,0,0,64,37,517.690453071236,555.9742893054952,512.6432313590743,192.94234187840735
outcome-lag-64,20,111,completed,512,22.0703125,209.875,1580.25,5,5,64,37,521.4032101782218,560.8223546226369,516.8797067242818,191.5741962527808
outcome-lag-64,20,111,plugin,512,3.294921875,108.5859375,1571.25,0,0,64,37,431.8530653327173,474.7751982400835,431.0542224029268,176.13354194238437
outcome-lag-64,20,111,safe,512,237.0,0.0,1783.0,0,0,64,37,258.5609673977589,278.99507256300177,257.7621244679683,91.68447715863472
outcome-lag-64,20,111,known,512,0.0,108.0,1569.0,0,0,64,37,429.85595220945237,472.97349880137216,429.05710927966186,173.15858565478456
outcome-lag-64,20,111,product,512,0.0,108.0,1569.0,0,0,64,37,429.85595220945237,472.97349880137216,429.05710927966186,173.15858565478456
single-blocker,20,111,prefix,512,301.0,464.0,1826.25,0,0,511,1,1024.0,451.8820003047215,451.8820003047215,17.620930662761154
single-blocker,20,111,intersection,512,21.109375,223.5625,1579.5,0,0,511,1,919.0,457.6989263912288,457.6989263912288,18.466881936964246
single-blocker,20,111,completed,512,18.361328125,197.9140625,1576.25,0,0,511,1,886.0,441.2756018643535,441.2756018643535,18.180458770975875
single-blocker,20,111,plugin,512,2.392578125,111.1640625,1568.5,0,0,511,1,795.0,368.6037054105687,368.6037054105687,15.100933882051466
single-blocker,20,111,safe,512,237.0,0.0,1783.0,0,0,511,1,512.0,213.40675252840046,213.40675252840046,6.81456340954972
single-blocker,20,111,known,512,0.0,108.0,1569.0,0,0,511,1,792.0,364.2404616026218,364.2404616026218,13.024781900410984
single-blocker,20,111,product,512,0.0,108.0,1569.0,0,0,511,1,792.0,364.2404616026218,364.2404616026218,13.024781900410984
outcome-lag-64,20,222,prefix,512,47.1953125,193.90625,1601.25,0,0,64,40,520.9550108334034,559.9115159831657,515.0086118616981,196.03281796392298
outcome-lag-64,20,222,intersection,512,22.3671875,182.59375,1569.75,0,0,64,40,509.4307686104923,553.8340614750886,506.08374096234854,192.60513480308495
outcome-lag-64,20,222,completed,512,19.5859375,178.40625,1570.5,10,10,64,40,507.911563542577,553.2424400387232,505.1816792354135,187.37917252706896
outcome-lag-64,20,222,plugin,512,1.96875,107.125,1552.0,0,0,64,40,431.89080967621413,480.2281699788827,431.49668331628953,180.87585872270708
outcome-lag-64,20,222,safe,512,237.0,0.0,1791.0,0,0,64,40,258.5019560179291,284.3516094218621,258.1078296580045,97.44235249150788
outcome-lag-64,20,222,known,512,0.0,108.0,1551.25,0,0,64,40,431.1669713753976,479.9357604733419,430.772845015473,179.422322596505
outcome-lag-64,20,222,product,512,0.0,108.0,1551.25,0,0,64,40,431.1669713753976,479.9357604733419,430.772845015473,179.422322596505
single-blocker,20,222,prefix,512,301.0,464.0,1857.75,0,0,511,1,1024.0,448.1619190637397,448.1619190637397,17.464287320832707
single-blocker,20,222,intersection,512,13.86328125,179.890625,1561.0,0,0,511,1,875.0,434.1705321291007,434.1705321291007,18.031573583303047
single-blocker,20,222,completed,512,13.193359375,178.4296875,1560.5,0,0,511,1,873.0,432.99677987203444,432.99677987203444,18.007620628627205
single-blocker,20,222,plugin,512,1.763671875,110.0859375,1551.75,0,0,511,1,797.0,367.87491809088516,367.87491809088516,14.531912047843624
single-blocker,20,222,safe,512,237.0,0.0,1791.0,0,0,511,1,512.0,213.40675252840046,213.40675252840046,6.81456340954972
single-blocker,20,222,known,512,0.0,108.0,1551.25,0,0,511,1,795.0,365.191291665005,365.191291665005,13.035458147134397
single-blocker,20,222,product,512,0.0,108.0,1551.25,0,0,511,1,795.0,365.191291665005,365.191291665005,13.035458147134397
outcome-lag-64,20,333,prefix,512,56.65625,272.625,1593.25,0,0,64,41,560.7904752153581,606.3372899887388,555.3852474721064,208.1999187455555
outcome-lag-64,20,333,intersection,512,36.873046875,265.2734375,1577.75,0,0,64,41,557.7645269097977,606.2347101374237,554.6296544415324,212.0828807841156
outcome-lag-64,20,333,completed,512,32.546875,250.3125,1559.5,24,24,64,41,549.7358238462481,597.3279018363604,545.8753034348283,202.2045267384222
outcome-lag-64,20,333,plugin,512,4.6484375,122.71875,1539.25,0,0,64,41,452.9284647518488,503.67095966812803,451.39406571769706,189.23583301350192
outcome-lag-64,20,333,safe,512,237.0,0.0,1789.0,0,0,64,41,258.4160657716861,286.46543840123206,256.8816667375343,98.62443302421269
outcome-lag-64,20,333,known,512,0.0,108.0,1536.25,0,0,64,41,434.20808704954777,485.0921386273627,432.673688015396,186.23416991343652
outcome-lag-64,20,333,product,512,0.0,108.0,1536.25,0,0,64,41,434.20808704954777,485.0921386273627,432.673688015396,186.23416991343652
single-blocker,20,333,prefix,512,301.0,464.0,1852.75,0,0,511,1,1024.0,451.88200030472166,451.88200030472166,17.620930662761157
single-blocker,20,333,intersection,512,26.359375,286.9375,1557.5,0,0,511,1,999.0,490.04725990229906,490.04725990229906,18.93101601447065
single-blocker,20,333,completed,512,25.40234375,282.796875,1556.75,0,0,511,1,996.0,488.87151374939737,488.87151374939737,18.914918120343163
single-blocker,20,333,plugin,512,5.044921875,126.3359375,1541.25,0,0,511,1,818.0,386.8223446711723,386.8223446711723,16.640252499943237
single-blocker,20,333,safe,512,237.0,0.0,1789.0,0,0,511,1,512.0,213.40675252840046,213.40675252840046,6.81456340954972
single-blocker,20,333,known,512,0.0,108.0,1536.25,0,0,511,1,798.0,366.137030101791,366.137030101791,13.046021614729394
single-blocker,20,333,product,512,0.0,108.0,1536.25,0,0,511,1,798.0,366.137030101791,366.137030101791,13.046021614729394
outcome-lag-64,20,444,prefix,512,51.501953125,190.9765625,1598.75,0,0,64,41,516.6792634514176,555.6100630469616,508.9180616925648,211.5499545930248
outcome-lag-64,20,444,intersection,512,23.2421875,171.59375,1570.25,0,0,64,41,498.4143045595272,543.3753063510766,494.30205141236235,209.01869329406503
outcome-lag-64,20,444,completed,512,18.990234375,184.6171875,1564.5,0,0,64,41,507.86079643555615,553.7879612154013,504.03569969249844,208.57874743504325
outcome-lag-64,20,444,plugin,512,13.759765625,136.4140625,1556.5,0,0,64,41,466.6134323342014,514.7801271973143,465.4029954073386,195.97239131524347
outcome-lag-64,20,444,safe,512,237.0,0.0,1788.0,0,0,64,41,258.54187467005937,284.5294857043675,257.3632209313375,109.05570806027177
outcome-lag-64,20,444,known,512,0.0,108.0,1546.0,0,0,64,41,436.4389897731746,486.1512354456644,435.2603360344527,194.97973651129828
outcome-lag-64,20,444,product,512,0.0,108.0,1546.0,0,0,64,41,436.4389897731746,486.1512354456644,435.2603360344527,194.97973651129828
single-blocker,20,444,prefix,512,301.0,464.0,1845.25,0,0,511,1,1024.0,457.7227810412078,457.7227810412078,17.8463808449625
single-blocker,20,444,intersection,512,17.30859375,168.921875,1563.75,0,0,511,1,860.0,423.9833714021434,423.9833714021434,17.802780363224326
single-blocker,20,444,completed,512,16.76171875,168.609375,1562.5,0,0,511,1,860.0,423.6385297980934,423.6385297980934,17.791187566934028
single-blocker,20,444,plugin,512,7.642578125,117.0390625,1551.25,0,0,511,1,809.0,377.13703010179074,377.13703010179074,15.974989868697634
single-blocker,20,444,safe,512,237.0,0.0,1788.0,0,0,511,1,512.0,213.40675252840046,213.40675252840046,6.81456340954972
single-blocker,20,444,known,512,0.0,108.0,1546.0,0,0,511,1,806.0,368.63471343285727,368.63471343285727,13.073657197414484
single-blocker,20,444,product,512,0.0,108.0,1546.0,0,0,511,1,806.0,368.63471343285727,368.63471343285727,13.073657197414484
outcome-lag-64,21,111,prefix,512,12.16015625,390.453125,1756.75,0,0,64,42,575.2948074617934,602.2479588396158,567.2616190631544,191.17267682749056
outcome-lag-64,21,111,intersection,512,6.59765625,382.859375,1751.0,0,0,64,42,569.3088089677337,597.8617153018678,562.8497350205448,182.20439558993678
outcome-lag-64,21,111,completed,512,5.505859375,359.1796875,1751.5,25,25,64,42,557.9657266396403,585.2528634733744,550.714267097705,168.56178413115046
outcome-lag-64,21,111,plugin,512,5.861328125,309.6640625,1752.5,0,0,64,42,524.8775622144809,552.914363979712,519.9523857364684,153.0406455306307
outcome-lag-64,21,111,safe,512,48.0,0.0,1781.0,0,0,64,42,258.5950149410723,287.04630683932174,258.0425876125722,105.750175876081
outcome-lag-64,21,111,known,512,0.0,368.0,1741.0,0,0,64,42,560.8345445667012,589.6990200716068,555.0029837065886,174.06687399162868
outcome-lag-64,21,111,product,512,70.0,408.0,1807.5,0,0,64,42,501.9312549767882,544.7857777658338,498.53866513297635,195.7446866025688
single-blocker,21,111,prefix,512,73.0,436.0,1813.5,0,0,511,1,1024.0,458.8918840679031,458.8918840679031,17.88917723442672
single-blocker,21,111,intersection,512,3.263671875,380.4921875,1748.5,0,0,511,1,997.0,490.2591008086116,490.2591008086116,18.944200039224544
single-blocker,21,111,completed,512,2.955078125,380.0078125,1748.5,0,0,511,1,997.0,490.2591008086116,490.2591008086116,18.944200039224544
single-blocker,21,111,plugin,512,1.08984375,370.984375,1742.0,0,0,511,1,984.0,485.8361837097201,485.8361837097201,18.890956502363295
single-blocker,21,111,safe,512,48.0,0.0,1781.0,0,0,511,1,512.0,213.40675252840046,213.40675252840046,6.81456340954972
single-blocker,21,111,known,512,0.0,368.0,1741.0,0,0,511,1,980.0,484.41592263099767,484.41592263099767,18.87313868851078
single-blocker,21,111,product,512,70.0,408.0,1807.5,0,0,511,1,980.0,416.27357696748805,416.27357696748805,13.539178613824904
outcome-lag-64,21,222,prefix,512,12.169921875,391.7421875,1756.0,0,0,64,36,578.2656849657322,603.8670863485977,570.2361976952807,175.88393948252664
outcome-lag-64,21,222,intersection,512,8.470703125,383.5703125,1757.0,0,0,64,36,571.4499454349015,598.3535916144494,564.5317445040536,168.44700628624966
outcome-lag-64,21,222,completed,512,5.54296875,356.734375,1747.0,26,26,64,36,555.2125088154733,583.2865758318891,549.7128456772441,159.35897834888215
outcome-lag-64,21,222,plugin,512,4.044921875,327.4609375,1745.25,0,0,64,36,544.6519734992733,570.547964530516,538.5047407102736,149.05825517245495
outcome-lag-64,21,222,safe,512,48.0,0.0,1782.0,0,0,64,36,258.50022343708764,283.1093005936365,257.4181227702641,93.95677001346886
outcome-lag-64,21,222,known,512,0.0,368.0,1746.25,0,0,64,36,563.7861420720202,590.798011405181,557.1667455045141,163.9195038997099
outcome-lag-64,21,222,product,512,70.0,408.0,1809.5,0,0,64,37,505.46265544251884,549.1548106531003,500.95728609617237,188.7094669203286
single-blocker,21,222,prefix,512,73.0,436.0,1814.75,0,0,511,1,1024.0,453.9457730023674,453.9457730023674,17.702927559737457
single-blocker,21,222,intersection,512,3.1171875,379.125,1750.5,0,0,511,1,996.0,490.00305903761904,490.00305903761904,18.94211766630521
single-blocker,21,222,completed,512,2.7734375,378.3125,1750.25,0,0,511,1,995.0,489.6561183893283,489.6561183893283,18.93786234715629
single-blocker,21,222,plugin,512,0.6640625,369.40625,1746.5,0,0,511,1,989.0,487.5835035305829,487.5835035305829,18.912544024586275
single-blocker,21,222,safe,512,48.0,0.0,1782.0,0,0,511,1,512.0,213.40675252840046,213.40675252840046,6.81456340954972
single-blocker,21,222,known,512,0.0,368.0,1746.25,0,0,511,1,988.0,487.23276556142304,487.23276556142304,18.908196198499315
single-blocker,21,222,product,512,70.0,408.0,1809.5,0,0,511,1,988.0,418.2259965953276,418.2259965953276,13.556146140720605
outcome-lag-64,21,333,prefix,512,11.416015625,387.1015625,1776.5,0,0,64,40,578.2492503971143,609.3709069446857,568.3189845668625,175.46151147688448
outcome-lag-64,21,333,intersection,512,6.0703125,381.53125,1773.25,0,0,64,40,572.8209152089271,604.6197236006736,563.1154388949595,174.05161859574008
outcome-lag-64,21,333,completed,512,5.259765625,361.2578125,1776.75,20,20,64,40,560.1610525394594,592.3726541848375,551.2377595224201,166.4460357249916
outcome-lag-64,21,333,plugin,512,14.42578125,201.859375,1776.5,0,0,64,40,423.24362155303567,447.38815824980117,415.24209235169434,131.0196478637152
outcome-lag-64,21,333,safe,512,48.0,0.0,1795.0,0,0,64,40,258.44702934972395,286.7660063673626,256.3278165596516,102.87836892134739
outcome-lag-64,21,333,known,512,0.0,368.0,1765.0,0,0,64,40,561.4868829721643,593.8636232286638,553.3624798442875,164.07034911386407
outcome-lag-64,21,333,product,512,70.0,408.0,1823.75,0,0,64,40,501.07592881392543,552.0622382111488,498.2296843629457,184.70750986445657
single-blocker,21,333,prefix,512,73.0,436.0,1826.0,0,0,511,1,1024.0,455.8880606025166,455.8880606025166,17.77771902131186
single-blocker,21,333,intersection,512,2.783203125,379.6015625,1770.75,0,0,511,1,1005.0,492.67426759271035,492.67426759271035,18.96969084582953
single-blocker,21,333,completed,512,2.634765625,379.4140625,1770.75,0,0,511,1,1005.0,492.67426759271035,492.67426759271035,18.96969084582953
single-blocker,21,333,plugin,512,14.380859375,201.7109375,1776.5,0,0,511,1,772.0,359.7723215519611,359.7723215519611,14.438908372367008
single-blocker,21,333,safe,512,48.0,0.0,1795.0,0,0,511,1,512.0,213.40675252840046,213.40675252840046,6.81456340954972
single-blocker,21,333,known,512,0.0,368.0,1765.0,0,0,511,1,985.0,485.86597491214843,485.86597491214843,18.887528803608117
single-blocker,21,333,product,512,70.0,408.0,1823.75,0,0,511,1,985.0,417.4957950755153,417.4957950755153,13.5498170080165
outcome-lag-64,21,444,prefix,512,12.609375,388.65625,1767.0,0,0,64,41,582.2851416998359,608.6597173316864,573.3529377369209,181.41736825805032
outcome-lag-64,21,444,intersection,512,10.974609375,384.1796875,1764.75,0,0,64,41,577.6976896554668,604.1754523535095,568.8814462879886,175.89373108018444
outcome-lag-64,21,444,completed,512,6.708984375,376.7109375,1762.25,0,0,64,41,565.536509186988,595.8247566569022,560.4212901667499,172.3587554778144
outcome-lag-64,21,444,plugin,512,10.4296875,266.03125,1758.0,0,0,64,41,499.62604890750686,525.4275199425425,494.2660430325561,146.37527962694264
outcome-lag-64,21,444,safe,512,48.0,0.0,1797.0,0,0,64,41,258.5933430219337,285.7650230753361,257.62933803984055,108.34862243395405
outcome-lag-64,21,444,known,512,0.0,368.0,1748.25,0,0,64,41,559.4757851749869,589.0150470579905,554.5317303894976,176.4364874728621
outcome-lag-64,21,444,product,512,70.0,408.0,1820.0,0,0,64,41,501.6811602629363,551.3175231559893,499.2332159253987,194.6998262801452
single-blocker,21,444,prefix,512,73.0,436.0,1828.25,0,0,511,1,1024.0,458.31248169237927,458.31248169237927,17.868058172609974
single-blocker,21,444,intersection,512,3.60546875,378.890625,1756.75,0,0,511,1,1002.0,491.6689476323778,491.6689476323778,18.957744783129026
single-blocker,21,444,completed,512,3.421875,378.375,1756.75,0,0,511,1,1002.0,491.63424180546514,491.63424180546514,18.95691680070258
single-blocker,21,444,plugin,512,2.240234375,369.7421875,1755.5,0,0,511,1,983.0,485.3205480498264,485.3205480498264,18.882606372908267
single-blocker,21,444,safe,512,48.0,0.0,1797.0,0,0,511,1,512.0,213.40675252840046,213.40675252840046,6.81456340954972
single-blocker,21,444,known,512,0.0,368.0,1748.25,0,0,511,1,981.0,484.3248645915887,484.3248645915887,18.86673052194472
single-blocker,21,444,product,512,70.0,408.0,1820.0,0,0,511,1,981.0,416.51854605503354,416.51854605503354,13.541315365961648
outcome-lag-64,22,111,prefix,512,23.625,349.5,1682.75,0,0,64,42,584.5088101930606,625.5625695551638,582.3763057060173,195.08198405465615
outcome-lag-64,22,111,intersection,512,10.171875,341.8125,1666.5,0,0,64,42,580.0013039665093,620.9737516938081,577.9551541099712,189.95531847583644
outcome-lag-64,22,111,completed,512,11.28125,324.375,1675.0,22,22,64,42,571.9636295153722,612.1577373040146,569.5076874891048,181.75604252273087
outcome-lag-64,22,111,plugin,512,15.08984375,170.109375,1674.0,0,0,64,42,441.6950990648951,477.1632756505887,440.6524741942774,152.65349297503693
outcome-lag-64,22,111,safe,512,148.0,0.0,1799.0,0,0,64,42,258.40412014326034,284.2147098012446,257.60239629970437,95.86478741555115
outcome-lag-64,22,111,known,512,0.0,336.0,1656.25,0,0,64,42,580.714157341355,621.5805670451674,578.5466166573023,187.1785025962074
outcome-lag-64,22,111,product,512,168.0,432.0,1826.75,0,0,64,42,533.2804826144572,579.4167415033912,531.3274649241569,188.73382879285012
single-blocker,22,111,prefix,512,168.0,432.0,1826.75,0,0,511,1,1024.0,445.88372105702854,445.88372105702854,17.354974329875436
single-blocker,22,111,intersection,512,4.59375,338.625,1663.25,0,0,511,1,1024.0,498.9916877787364,498.9916877787364,19.044210820392262
single-blocker,22,111,completed,512,4.265625,338.4375,1663.25,0,0,511,1,1024.0,498.9916877787364,498.9916877787364,19.044210820392262
single-blocker,22,111,plugin,512,14.90234375,169.546875,1674.5,0,0,511,1,802.0,369.4511587724677,369.4511587724677,14.549518118225874
single-blocker,22,111,safe,512,148.0,0.0,1799.0,0,0,511,1,512.0,213.40675252840046,213.40675252840046,6.81456340954972
single-blocker,22,111,known,512,0.0,336.0,1656.25,0,0,511,1,1024.0,498.7957688253494,498.7957688253494,19.039630351865583
single-blocker,22,111,product,512,168.0,432.0,1826.75,0,0,511,1,1024.0,445.88372105702854,445.88372105702854,17.354974329875436
outcome-lag-64,22,222,prefix,512,23.953125,349.6875,1654.5,0,0,64,37,587.0571738916984,631.1403053650353,585.7796841429779,210.29588688586156
outcome-lag-64,22,222,intersection,512,14.109375,344.0625,1645.25,0,0,64,37,581.6269634972449,627.3567253575966,580.8693462049994,198.95589534782255
outcome-lag-64,22,222,completed,512,16.6796875,316.78125,1655.0,35,35,64,37,567.604446567283,611.2054362669405,566.2124241659765,184.75668826554153
outcome-lag-64,22,222,plugin,512,15.953125,162.5625,1656.5,0,0,64,37,433.0588610740603,472.02091010223336,432.28767152698566,147.3775436349525
outcome-lag-64,22,222,safe,512,148.0,0.0,1793.0,0,0,64,37,258.47705674788904,283.0325757936334,257.73452930493306,89.98021827636111
outcome-lag-64,22,222,known,512,0.0,336.0,1640.25,0,0,64,37,580.1678326433503,626.0085005358491,578.9437373758144,196.3405903949512
outcome-lag-64,22,222,product,512,168.0,432.0,1793.0,0,0,64,37,535.6934737546816,581.115782655284,532.988545714709,195.37865753916324
single-blocker,22,222,prefix,512,168.0,432.0,1793.0,0,0,511,1,1024.0,447.40277002580274,447.40277002580274,17.429316399498155
single-blocker,22,222,intersection,512,5.578125,339.1875,1634.75,0,0,511,1,1024.0,499.18241146455716,499.18241146455716,19.048662450910406
single-blocker,22,222,completed,512,5.25,339.0,1637.0,0,0,511,1,1024.0,499.1539694869054,499.1539694869054,19.047999054940203
single-blocker,22,222,plugin,512,14.90234375,169.546875,1656.25,0,0,511,1,798.0,368.1912916650049,368.1912916650049,14.535458147134406
single-blocker,22,222,safe,512,148.0,0.0,1793.0,0,0,511,1,512.0,213.40675252840046,213.40675252840046,6.81456340954972
single-blocker,22,222,known,512,0.0,336.0,1640.25,0,0,511,1,1024.0,498.9552035888049,498.9552035888049,19.043358424384557
single-blocker,22,222,product,512,168.0,432.0,1793.0,0,0,511,1,1024.0,447.40277002580274,447.40277002580274,17.429316399498155
outcome-lag-64,22,333,prefix,512,25.59375,350.625,1673.75,0,0,64,37,587.5095663307566,625.9965601659308,583.9401537387181,207.33038345642345
outcome-lag-64,22,333,intersection,512,21.984375,348.5625,1671.25,0,0,64,37,585.5778778013124,624.6496381479643,582.2317750693308,208.2433460648073
outcome-lag-64,22,333,completed,512,9.6875,338.25,1657.75,4,4,64,37,579.2370631088531,619.0293047219275,575.5031891201157,207.56020756330895
outcome-lag-64,22,333,plugin,512,9.2109375,280.96875,1658.5,0,0,64,37,546.3191459362581,580.812241519184,542.5847191855767,178.89045802203597
outcome-lag-64,22,333,safe,512,148.0,0.0,1794.0,0,0,64,37,258.4103454128543,278.82804347772316,255.8311062912381,101.7155212968009
outcome-lag-64,22,333,known,512,0.0,336.0,1651.75,0,0,64,37,580.169987563824,618.2300403057944,576.5055268905375,194.2068846576576
outcome-lag-64,22,333,product,512,168.0,432.0,1824.0,0,0,64,41,533.5943279635635,575.7969174307132,529.1678519903942,199.09634723242777
single-blocker,22,333,prefix,512,168.0,432.0,1824.0,0,0,511,1,1024.0,446.6433704308662,446.6433704308662,17.39291671670669
single-blocker,22,333,intersection,512,5.25,339.0,1655.25,0,0,511,1,1024.0,499.3046419979202,499.3046419979202,19.05151158723845
single-blocker,22,333,completed,512,4.921875,338.8125,1655.25,0,0,511,1,1024.0,499.3046419979202,499.3046419979202,19.05151158723845
single-blocker,22,333,plugin,512,3.37109375,336.796875,1653.75,0,0,511,1,1023.0,498.86257878438704,498.86257878438704,19.045039262504645
single-blocker,22,333,safe,512,148.0,0.0,1794.0,0,0,511,1,512.0,213.40675252840046,213.40675252840046,6.81456340954972
single-blocker,22,333,known,512,0.0,336.0,1651.75,0,0,511,1,1024.0,498.95520358880464,498.95520358880464,19.04335842438459
single-blocker,22,333,product,512,168.0,432.0,1824.0,0,0,511,1,1024.0,446.6433704308662,446.6433704308662,17.39291671670669
outcome-lag-64,22,444,prefix,512,28.875,352.5,1649.75,0,0,64,39,589.1481287570136,629.295971299347,585.9208928474527,201.09782505436763
outcome-lag-64,22,444,intersection,512,23.625,349.5,1644.75,0,0,64,39,584.7363227322801,625.5240601342708,581.7982279256327,201.27579266712982
outcome-lag-64,22,444,completed,512,11.34375,332.625,1634.75,12,12,64,39,575.8468838517737,616.5106568691165,572.5574031967865,197.29290714696543
outcome-lag-64,22,444,plugin,512,15.5859375,222.84375,1649.25,0,0,64,39,499.9965338956274,536.183205731434,497.7585294039413,168.3023103035528
outcome-lag-64,22,444,safe,512,148.0,0.0,1795.0,0,0,64,39,258.22338277988507,279.8181906887961,256.2823262645784,97.61285029374656
outcome-lag-64,22,444,known,512,0.0,336.0,1626.0,0,0,64,39,580.8490528658057,622.1899393391011,577.7828528848427,200.2318415708138
outcome-lag-64,22,444,product,512,168.0,432.0,1808.0,0,0,64,39,536.8030861311202,576.5422530083649,532.9649192964159,187.75348361369657
single-blocker,22,444,prefix,512,168.0,432.0,1808.0,0,0,511,1,1024.0,450.43029920318037,450.43029920318037,17.561593614250587
single-blocker,22,444,intersection,512,8.53125,340.875,1628.5,0,0,511,1,1024.0,499.1539694869054,499.1539694869054,19.047999054940167
single-blocker,22,444,completed,512,8.203125,340.6875,1628.5,0,0,511,1,1024.0,499.1241918191282,499.1241918191282,19.047304331748762
single-blocker,22,444,plugin,512,14.90234375,169.546875,1644.5,0,0,511,1,803.0,369.7647336169562,369.7647336169562,14.553002438783384
single-blocker,22,444,safe,512,148.0,0.0,1795.0,0,0,511,1,512.0,213.40675252840046,213.40675252840046,6.81456340954972
single-blocker,22,444,known,512,0.0,336.0,1626.0,0,0,511,1,1024.0,498.7079189109092,498.7079189109092,19.037573972262972
single-blocker,22,444,product,512,168.0,432.0,1808.0,0,0,511,1,1024.0,450.43029920318037,450.43029920318037,17.561593614250587
outcome-lag-64,23,111,prefix,512,37.92578125,297.671875,1542.5,0,0,64,43,584.6914094162793,646.2282465143965,583.1456072598497,245.00576715635006
outcome-lag-64,23,111,intersection,512,16.625,285.5,1524.0,0,0,64,43,579.5024531015368,641.3830958144425,578.0055899721913,244.41181246349447
outcome-lag-64,23,111,completed,512,22.09765625,267.328125,1529.25,26,26,64,43,568.9335584097512,630.6176144794764,567.3653340759892,228.2704915396362
outcome-lag-64,23,111,plugin,512,10.240234375,199.1796875,1539.5,0,0,64,43,526.9766418426059,583.6945896778676,525.3303076547312,203.58093508927064
outcome-lag-64,23,111,safe,512,251.0,0.0,1799.0,0,0,64,43,258.0651707323282,285.485705824305,256.56830760298254,98.11618013736083
outcome-lag-64,23,111,known,512,0.0,276.0,1510.75,0,0,64,43,579.8981169777095,641.025907405671,578.3606004613234,237.09408781388925
outcome-lag-64,23,111,product,512,0.0,276.0,1510.75,0,0,64,43,579.8981169777095,641.025907405671,578.3606004613234,237.09408781388925
single-blocker,23,111,prefix,512,266.0,428.0,1791.25,0,0,511,1,1024.0,453.94577300236745,453.94577300236745,17.702927559737464
single-blocker,23,111,intersection,512,8.3125,280.75,1516.75,0,0,511,1,1024.0,498.6619517841813,498.6619517841813,19.036497361247246
single-blocker,23,111,completed,512,7.79296875,280.453125,1515.5,0,0,511,1,1024.0,498.6146195355647,498.6146195355647,19.035388332818638
single-blocker,23,111,plugin,512,2.078125,277.1875,1516.5,0,0,511,1,1024.0,498.41158062347887,498.41158062347887,19.030625860119347
single-blocker,23,111,safe,512,251.0,0.0,1799.0,0,0,511,1,512.0,213.40675252840046,213.40675252840046,6.81456340954972
single-blocker,23,111,known,512,0.0,276.0,1510.75,0,0,511,1,1024.0,498.24481812452143,498.24481812452143,19.02670805089503
single-blocker,23,111,product,512,0.0,276.0,1510.75,0,0,511,1,1024.0,498.24481812452143,498.24481812452143,19.02670805089503
outcome-lag-64,23,222,prefix,512,38.96484375,298.265625,1588.0,0,0,64,39,586.5767743495309,637.2869461889397,585.4821098774277,223.26713292800517
outcome-lag-64,23,222,intersection,512,23.37890625,289.359375,1569.25,0,0,64,39,581.1747216111678,632.6529287281356,580.0748676395725,217.76959795382726
outcome-lag-64,23,222,completed,512,26.65625,266.65625,1581.75,30,30,64,39,568.9899625858166,618.3428324062602,567.402547103929,200.77095633237846
outcome-lag-64,23,222,plugin,512,16.693359375,111.4296875,1570.5,0,0,64,39,437.87667722049713,483.6546432892774,436.9036181033104,173.12484468624294
outcome-lag-64,23,222,safe,512,251.0,0.0,1793.0,0,0,64,39,258.41933996493685,282.90154387399235,257.44628084775013,94.60311259889735
outcome-lag-64,23,222,known,512,0.0,276.0,1554.0,0,0,64,39,581.2939947918187,632.0585479158575,579.7516219616639,213.7495487265955
outcome-lag-64,23,222,product,512,0.0,276.0,1554.0,0,0,64,39,581.2939947918187,632.0585479158575,579.7516219616639,213.7495487265955
single-blocker,23,222,prefix,512,266.0,428.0,1824.75,0,0,511,1,1024.0,445.8837210570284,445.8837210570284,17.354974329875436
single-blocker,23,222,intersection,512,8.3125,280.75,1558.5,0,0,511,1,1024.0,499.28285487443816,499.28285487443816,19.051003957408273
single-blocker,23,222,completed,512,7.79296875,280.453125,1558.5,0,0,511,1,1024.0,499.2597396585276,499.2597396585276,19.050465280399024
single-blocker,23,222,plugin,512,4.15625,278.375,1556.25,0,0,511,1,1024.0,499.18241146455745,499.18241146455745,19.04866245091041
single-blocker,23,222,safe,512,251.0,0.0,1793.0,0,0,511,1,512.0,213.40675252840046,213.40675252840046,6.81456340954972
single-blocker,23,222,known,512,0.0,276.0,1554.0,0,0,511,1,1024.0,499.0268266464044,499.0268266464044,19.04503153332855
single-blocker,23,222,product,512,0.0,276.0,1554.0,0,0,511,1,1024.0,499.0268266464044,499.0268266464044,19.04503153332855
outcome-lag-64,23,333,prefix,512,38.96484375,298.265625,1569.0,0,0,64,39,588.983109493947,634.9597833455018,584.1382672289404,222.25382017207122
outcome-lag-64,23,333,intersection,512,29.09375,292.625,1564.25,0,0,64,39,586.4281206942591,632.9794035778806,581.4758168266462,219.2438123708005
outcome-lag-64,23,333,completed,512,22.91015625,275.984375,1549.5,16,16,64,39,575.6176698895954,622.061782366287,570.4056947120779,211.79122456484305
outcome-lag-64,23,333,plugin,512,13.251953125,206.5703125,1551.0,0,0,64,39,537.7751743690521,581.1993942334631,532.4917689483386,194.63768094821756
outcome-lag-64,23,333,safe,512,251.0,0.0,1789.0,0,0,64,39,258.12069025601437,277.3273608545322,254.13414906392447,92.61201939494647
outcome-lag-64,23,333,known,512,0.0,276.0,1540.5,0,0,64,39,580.7814624919121,628.3427160127488,575.5030780289728,220.2634429521385
outcome-lag-64,23,333,product,512,0.0,276.0,1540.5,0,0,64,39,580.7814624919121,628.3427160127488,575.5030780289728,220.2634429521385
single-blocker,23,333,prefix,512,266.0,428.0,1789.25,0,0,511,1,1024.0,447.40277002580285,447.40277002580285,17.429316399498145
single-blocker,23,333,intersection,512,8.3125,280.75,1551.0,0,0,511,1,1024.0,499.3620472163521,499.3620472163521,19.05284865018042
single-blocker,23,333,completed,512,7.79296875,280.453125,1548.75,0,0,511,1,1024.0,499.34423700763193,499.34423700763193,19.052433890894413
single-blocker,23,333,plugin,512,3.63671875,278.078125,1544.0,0,0,511,1,1024.0,499.2352949909475,499.2352949909475,19.049895506152797
single-blocker,23,333,safe,512,251.0,0.0,1789.0,0,0,511,1,512.0,213.40675252840046,213.40675252840046,6.81456340954972
single-blocker,23,333,known,512,0.0,276.0,1540.5,0,0,511,1,1024.0,499.093076699296,499.093076699296,19.046578216311822
single-blocker,23,333,product,512,0.0,276.0,1540.5,0,0,511,1,1024.0,499.093076699296,499.093076699296,19.046578216311822
outcome-lag-64,23,444,prefix,512,38.4453125,297.96875,1581.25,0,0,64,42,584.0615146706828,637.1878492981742,583.3731666579924,241.56835204710066
outcome-lag-64,23,444,intersection,512,38.4453125,297.96875,1581.25,0,0,64,42,584.0615146706828,637.1878492981742,583.3731666579924,241.56835204710066
outcome-lag-64,23,444,completed,512,11.4296875,282.53125,1548.5,0,0,64,42,581.1747867745001,635.6568862237681,580.1489489043269,232.93434034462936
outcome-lag-64,23,444,plugin,512,17.740234375,106.9921875,1549.5,0,0,64,42,436.3323083573309,486.73432812054915,436.07777772650314,203.19280259851814
outcome-lag-64,23,444,safe,512,251.0,0.0,1798.0,0,0,64,42,258.4563941992965,285.75118871907074,258.20186356846875,118.21445635152531
outcome-lag-64,23,444,known,512,0.0,276.0,1528.5,0,0,64,42,581.915368258802,637.911703104394,581.3861941410495,246.26905435208016
outcome-lag-64,23,444,product,512,0.0,276.0,1528.5,0,0,64,42,581.915368258802,637.911703104394,581.3861941410495,246.26905435208016
single-blocker,23,444,prefix,512,266.0,428.0,1820.25,0,0,511,1,1024.0,451.164210753236,451.164210753236,17.591768345433376
single-blocker,23,444,intersection,512,7.2734375,280.15625,1545.0,0,0,511,1,1024.0,498.99168777873683,498.99168777873683,19.044210820392244
single-blocker,23,444,completed,512,6.234375,279.5625,1543.75,0,0,511,1,1024.0,498.955203588805,498.955203588805,19.043358424384525
single-blocker,23,444,plugin,512,15.9140625,111.15625,1544.5,0,0,511,1,808.0,372.7021641481462,372.7021641481462,15.146716477813467
single-blocker,23,444,safe,512,251.0,0.0,1798.0,0,0,511,1,512.0,213.40675252840046,213.40675252840046,6.81456340954972
single-blocker,23,444,known,512,0.0,276.0,1528.5,0,0,511,1,1024.0,498.51584811300046,498.51584811300046,19.033072593627153
single-blocker,23,444,product,512,0.0,276.0,1528.5,0,0,511,1,1024.0,498.51584811300046,498.51584811300046,19.033072593627153
outcome-lag-64,24,111,prefix,512,10.1171875,358.71875,1720.5,0,0,64,48,579.9946865042506,613.9207660183554,571.572597729712,194.6761469542359
outcome-lag-64,24,111,intersection,512,4.22265625,349.703125,1713.5,0,0,64,40,571.3328428485307,606.9534997523148,563.7082736557076,175.9935104975132
outcome-lag-64,24,111,completed,512,7.15625,327.625,1728.25,28,28,64,40,558.2685050779652,593.2418256908622,550.7493297627308,163.42746679142266
outcome-lag-64,24,111,plugin,512,49.0625,201.0,1774.0,0,0,64,40,419.4466336291564,437.1043089463407,412.2047369413068,105.3280821535204
outcome-lag-64,24,111,safe,512,83.0,0.0,1789.0,0,0,64,40,258.4270933321807,281.7559794794049,257.57355966832785,88.77778263707563
outcome-lag-64,24,111,known,512,0.0,340.0,1717.25,0,0,64,40,567.9165333311315,602.6821264937986,560.6800344341285,169.87628956082938
outcome-lag-64,24,111,product,512,56.0,372.0,1747.25,0,0,64,50,507.8893019367494,576.9671982801835,507.0357682728965,225.55204181745017
single-blocker,24,111,prefix,512,59.0,400.0,1751.75,0,0,511,1,1024.0,448.1619190637396,448.1619190637396,17.464287320832707
single-blocker,24,111,intersection,512,2.69140625,348.828125,1718.0,0,0,511,1,1004.0,492.7101825562234,492.7101825562234,18.97452757292831
single-blocker,24,111,completed,512,2.66796875,348.609375,1718.0,0,0,511,1,1004.0,492.7101825562234,492.7101825562234,18.97452757292831
single-blocker,24,111,plugin,512,0.927734375,340.9921875,1717.5,0,0,511,1,997.0,490.31921718786236,490.31921718786236,18.94563716520433
single-blocker,24,111,safe,512,83.0,0.0,1789.0,0,0,511,1,512.0,213.40675252840046,213.40675252840046,6.81456340954972
single-blocker,24,111,known,512,0.0,340.0,1717.25,0,0,511,1,996.0,489.9420598943622,489.9420598943622,18.940658288267453
single-blocker,24,111,product,512,56.0,372.0,1747.25,0,0,511,1,996.0,420.1619190637396,420.1619190637396,13.572830567580647
outcome-lag-64,24,222,prefix,512,10.62109375,366.296875,1705.0,0,0,64,48,584.5266527064418,621.2453748788859,578.1763310364879,211.10636797632225
outcome-lag-64,24,222,intersection,512,5.529296875,353.2734375,1700.0,0,0,64,39,572.7697291034386,610.2655400168386,566.9221331765856,192.17433796644997
outcome-lag-64,24,222,completed,512,5.87890625,336.953125,1691.5,20,20,64,39,563.7762811762257,600.8923703614128,558.2166705699763,184.95110815281427
outcome-lag-64,24,222,plugin,512,5.7890625,326.65625,1698.25,0,0,64,39,559.1737111766107,595.9230187133937,554.2296989682795,177.8340884214285
outcome-lag-64,24,222,safe,512,83.0,0.0,1789.0,0,0,64,39,258.4633545183352,281.3368100461862,257.63895483081257,92.25442175528889
outcome-lag-64,24,222,known,512,0.0,340.0,1693.5,0,0,64,39,566.2279174198661,603.8928747755715,561.2839052115348,188.77755294482384
outcome-lag-64,24,222,product,512,56.0,372.0,1753.75,0,0,64,52,507.1064470945441,579.327173078641,506.28204740702137,238.97139444919858
single-blocker,24,222,prefix,512,59.0,400.0,1757.75,0,0,511,1,1024.0,450.4302992031802,450.4302992031802,17.561593614250565
single-blocker,24,222,intersection,512,2.9921875,352.59375,1693.0,0,0,511,1,1005.0,492.9473705591034,492.9473705591034,18.976178865550953
single-blocker,24,222,completed,512,2.84765625,352.203125,1693.0,0,0,511,1,1005.0,492.9473705591034,492.9473705591034,18.976178865550953
single-blocker,24,222,plugin,512,0.751953125,342.2265625,1694.0,0,0,511,1,995.0,489.57403209528866,489.57403209528866,18.93589621912336
single-blocker,24,222,safe,512,83.0,0.0,1789.0,0,0,511,1,512.0,213.40675252840046,213.40675252840046,6.81456340954972
single-blocker,24,222,known,512,0.0,340.0,1693.5,0,0,511,1,993.0,488.8875174375834,488.8875174375834,18.927557685041158
single-blocker,24,222,product,512,56.0,372.0,1753.75,0,0,511,1,993.0,419.4378549937377,419.4378549937377,13.566606483330201
outcome-lag-64,24,333,prefix,512,10.041015625,363.7578125,1703.0,0,0,64,46,582.2393899494238,619.7107798493417,575.3746021320236,200.41000562142017
outcome-lag-64,24,333,intersection,512,4.611328125,357.1640625,1690.75,0,0,64,45,575.5991541933631,613.1143647846525,567.5522013337929,194.86121552218083
outcome-lag-64,24,333,completed,512,14.1484375,304.0625,1707.5,71,71,64,45,544.4747732879787,582.3869841980979,537.6980474021739,169.38918766515528
outcome-lag-64,24,333,plugin,512,5.359375,326.6875,1698.0,0,0,64,45,556.5387227516079,593.2915768077625,549.6520989400469,172.48875758825807
outcome-lag-64,24,333,safe,512,83.0,0.0,1784.0,0,0,64,45,258.321147862044,282.1763603593946,255.9691555621851,90.54257576221
outcome-lag-64,24,333,known,512,0.0,340.0,1689.5,0,0,64,45,566.8014673120222,604.7071113941868,559.9550137502841,180.83203273714201
outcome-lag-64,24,333,product,512,56.0,372.0,1756.75,0,0,64,55,507.3637208540678,580.4911162278293,505.0117285542089,232.61004155065748
single-blocker,24,333,prefix,512,59.0,400.0,1759.25,0,0,511,1,1024.0,449.6794623359736,449.6794623359736,17.530339282996273
single-blocker,24,333,intersection,512,2.91796875,355.734375,1693.0,0,0,511,1,1009.0,494.39757817554187,494.39757817554187,18.99467818052045
single-blocker,24,333,completed,512,2.73828125,355.015625,1693.5,0,0,511,1,1006.0,493.39889260513803,493.39889260513803,18.982913354018994
single-blocker,24,333,plugin,512,0.49609375,340.796875,1689.5,0,0,511,1,994.0,489.31781245572034,489.31781245572034,18.93381376416035
single-blocker,24,333,safe,512,83.0,0.0,1784.0,0,0,511,1,512.0,213.40675252840046,213.40675252840046,6.81456340954972
single-blocker,24,333,known,512,0.0,340.0,1689.5,0,0,511,1,994.0,489.3084281029373,489.3084281029373,18.93358884288282
single-blocker,24,333,product,512,56.0,372.0,1756.75,0,0,511,1,994.0,419.6794623359736,419.6794623359736,13.568685485409208
outcome-lag-64,24,444,prefix,512,9.814453125,356.8515625,1733.25,0,0,64,45,576.4387304740962,610.3323808269139,566.8218301527781,187.82488984522044
outcome-lag-64,24,444,intersection,512,4.5703125,351.03125,1732.0,0,0,64,39,569.5353733419088,604.2892139793545,559.5409456470387,177.35600614653345
outcome-lag-64,24,444,completed,512,15.580078125,294.2578125,1747.0,79,79,64,39,535.6373105101927,570.4007571146424,526.9845116531634,153.69513122664526
outcome-lag-64,24,444,plugin,512,10.0390625,313.5625,1747.5,0,0,64,39,546.4838729336539,578.7566914303898,537.5429868393545,147.99273238369096
outcome-lag-64,24,444,safe,512,83.0,0.0,1783.0,0,0,64,39,257.9923863353469,280.88220328269756,254.98462195388157,85.2482961969159
outcome-lag-64,24,444,known,512,0.0,340.0,1736.5,0,0,64,39,564.4997174661595,599.5824902216934,555.5077648820939,171.6346033502422
outcome-lag-64,24,444,product,512,56.0,372.0,1767.5,0,0,64,52,507.10796868373797,577.3290523303842,504.1002043022726,218.7815429943419
single-blocker,24,444,prefix,512,59.0,400.0,1768.75,0,0,511,1,1024.0,449.67946233597297,449.67946233597297,17.53033928299627
single-blocker,24,444,intersection,512,2.33984375,348.421875,1736.5,0,0,511,1,1000.0,491.38837828544365,491.38837828544365,18.95907822848493
single-blocker,24,444,completed,512,2.201171875,348.0859375,1736.25,0,0,511,1,999.0,491.0451147165742,491.0451147165742,18.954911561818264
single-blocker,24,444,plugin,512,0.51953125,341.015625,1736.5,0,0,511,1,995.0,489.6719478352287,489.6719478352287,18.938241330794476
single-blocker,24,444,safe,512,83.0,0.0,1783.0,0,0,511,1,512.0,213.40675252840046,213.40675252840046,6.81456340954972
single-blocker,24,444,known,512,0.0,340.0,1736.5,0,0,511,1,994.0,489.3178124557205,489.3178124557205,18.933813764160366
single-blocker,24,444,product,512,56.0,372.0,1767.5,0,0,511,1,994.0,419.67946233597297,419.67946233597297,13.568685485409222
outcome-lag-64,25,111,prefix,512,23.4609375,321.40625,1630.0,0,0,64,47,588.1231447153443,636.0773007379698,585.4275300540725,223.0134413373386
outcome-lag-64,25,111,intersection,512,12.03125,314.875,1614.25,0,0,64,43,583.8359254228669,631.7934361064328,580.2941106917426,216.8156275889346
outcome-lag-64,25,111,completed,512,19.052734375,287.4609375,1630.75,39,39,64,43,566.6398525471831,614.2839601706314,563.3053260227509,189.64604559470456
outcome-lag-64,25,111,plugin,512,14.560546875,262.3046875,1620.25,0,0,64,43,551.0561471406843,594.9704962771186,547.9449877181061,178.19260673291134
outcome-lag-64,25,111,safe,512,183.0,0.0,1791.0,0,0,64,43,258.29479916404097,282.81932162663713,256.55870458016915,93.4573134538873
outcome-lag-64,25,111,known,512,0.0,308.0,1610.75,0,0,64,43,580.4719068358655,629.1419198518502,578.166231324633,202.37224964499717
outcome-lag-64,25,111,product,512,154.0,396.0,1777.0,0,0,64,53,534.8537673180728,607.3690911024847,533.1176727342012,236.0017801048899
single-blocker,25,111,prefix,512,154.0,396.0,1777.0,0,0,511,1,1024.0,447.4027700258027,447.4027700258027,17.429316399498138
single-blocker,25,111,intersection,512,5.11328125,310.921875,1608.5,0,0,511,1,1024.0,499.2095194326784,499.2095194326784,19.04929458165358
single-blocker,25,111,completed,512,5.11328125,310.921875,1608.5,0,0,511,1,1024.0,499.2095194326784,499.2095194326784,19.04929458165358
single-blocker,25,111,plugin,512,4.2109375,310.40625,1608.5,0,0,511,1,1024.0,499.2095194326784,499.2095194326784,19.04929458165358
single-blocker,25,111,safe,512,183.0,0.0,1791.0,0,0,511,1,512.0,213.40675252840046,213.40675252840046,6.81456340954972
single-blocker,25,111,known,512,0.0,308.0,1610.75,0,0,511,1,1024.0,499.02682664640486,499.02682664640486,19.04503153332854
single-blocker,25,111,product,512,154.0,396.0,1777.0,0,0,511,1,1024.0,447.4027700258027,447.4027700258027,17.429316399498138
outcome-lag-64,25,222,prefix,512,22.859375,321.0625,1616.25,0,0,64,46,584.5812605810693,638.0808366739922,584.579447948018,228.13689511092628
outcome-lag-64,25,222,intersection,512,22.859375,321.0625,1616.25,0,0,64,46,584.5812605810693,638.0808366739922,584.579447948018,228.13689511092628
outcome-lag-64,25,222,completed,512,9.92578125,313.671875,1601.0,0,0,64,42,580.3958766189472,634.0371253486736,579.642252314162,219.8694590818754
outcome-lag-64,25,222,plugin,512,16.19140625,271.390625,1609.5,0,0,64,42,559.5218690232736,609.2593791996333,558.8782484889724,204.03551776326324
outcome-lag-64,25,222,safe,512,183.0,0.0,1793.0,0,0,64,42,258.5970368676437,284.70055632101935,258.59522423459237,104.98727507256083
outcome-lag-64,25,222,known,512,0.0,308.0,1595.25,0,0,64,42,582.6146895946157,633.5216593323083,581.4103879636955,214.53251941897585
outcome-lag-64,25,222,product,512,154.0,396.0,1784.5,0,0,64,50,541.3920551299643,611.0575048927186,541.3902424969131,240.76397036985907
single-blocker,25,222,prefix,512,154.0,396.0,1784.5,0,0,511,1,1024.0,453.9457730023675,453.9457730023675,17.702927559737443
single-blocker,25,222,intersection,512,4.8125,310.75,1603.25,0,0,511,1,1024.0,498.91737190095847,498.91737190095847,19.04247426480153
single-blocker,25,222,completed,512,4.2109375,310.40625,1603.25,0,0,511,1,1024.0,498.91737190095847,498.91737190095847,19.04247426480153
single-blocker,25,222,plugin,512,1.26953125,307.890625,1596.0,0,0,511,1,1022.0,498.0375451794087,498.0375451794087,19.0295888777727
single-blocker,25,222,safe,512,183.0,0.0,1793.0,0,0,511,1,512.0,213.40675252840046,213.40675252840046,6.81456340954972
single-blocker,25,222,known,512,0.0,308.0,1595.25,0,0,511,1,1024.0,498.56591929753705,498.56591929753705,19.034246780307193
single-blocker,25,222,product,512,154.0,396.0,1784.5,0,0,511,1,1024.0,453.9457730023675,453.9457730023675,17.702927559737443
outcome-lag-64,25,333,prefix,512,22.2578125,320.71875,1628.75,0,0,64,52,586.4199962294178,636.4637724590611,583.5341528112485,242.09295546910468
outcome-lag-64,25,333,intersection,512,14.13671875,316.078125,1620.75,0,0,64,43,583.1007290764286,634.517147645149,581.1893051832035,230.09341038881408
outcome-lag-64,25,333,completed,512,12.994140625,301.7265625,1628.5,17,17,64,42,574.927658603027,626.6370988441296,573.0869310496255,216.53709330280338
outcome-lag-64,25,333,plugin,512,50.7265625,161.53125,1663.5,0,0,64,42,428.0692854842331,465.5788472736281,426.41115899711724,156.12271352069186
outcome-lag-64,25,333,safe,512,183.0,0.0,1770.0,0,0,64,42,258.0721549563322,286.31279529980014,256.42658557790935,104.79995320752559
outcome-lag-64,25,333,known,512,0.0,308.0,1610.25,0,0,64,42,580.5531646007222,635.051732118285,578.9075952222994,229.78849756385998
outcome-lag-64,25,333,product,512,154.0,396.0,1736.5,0,0,64,52,548.6976790416481,618.1463808161891,546.8848574564499,244.42996492899843
single-blocker,25,333,prefix,512,154.0,396.0,1736.5,0,0,511,1,1024.0,464.18763787284433,464.18763787284433,18.07446803346275
single-blocker,25,333,intersection,512,5.4140625,311.09375,1617.25,0,0,511,1,1024.0,499.0930766992964,499.0930766992964,19.04657821631187
single-blocker,25,333,completed,512,4.8125,310.75,1617.25,0,0,511,1,1024.0,499.0930766992964,499.0930766992964,19.04657821631187
single-blocker,25,333,plugin,512,49.615234375,169.3359375,1662.5,0,0,511,1,800.0,368.82234467117235,368.82234467117235,14.542512842799551
single-blocker,25,333,safe,512,183.0,0.0,1770.0,0,0,511,1,512.0,213.40675252840046,213.40675252840046,6.81456340954972
single-blocker,25,333,known,512,0.0,308.0,1610.25,0,0,511,1,1024.0,498.79576882534906,498.79576882534906,19.0396303518655
single-blocker,25,333,product,512,154.0,396.0,1736.5,0,0,511,1,1024.0,464.18763787284433,464.18763787284433,18.07446803346275
outcome-lag-64,25,444,prefix,512,22.55859375,320.890625,1616.75,0,0,64,46,586.9137429747115,640.0911510162596,583.8523346399709,239.1827276464959
outcome-lag-64,25,444,intersection,512,17.14453125,317.796875,1620.25,0,0,64,43,583.6775006688249,637.451182034992,581.0390582047022,238.4913789568301
outcome-lag-64,25,444,completed,512,8.2734375,306.28125,1601.25,8,8,64,43,576.9997995175406,632.185746625621,574.6784761168258,226.30472531695932
outcome-lag-64,25,444,plugin,512,12.7578125,273.9375,1612.0,0,0,64,43,559.1365221379904,610.8243482319987,556.8011070032945,211.69528188496992
outcome-lag-64,25,444,safe,512,183.0,0.0,1803.0,0,0,64,43,258.31151457276894,286.1150733172121,256.12789386210414,109.25651507843855
outcome-lag-64,25,444,known,512,0.0,308.0,1591.0,0,0,64,43,579.0591043072384,634.5111342679743,576.7393336727756,230.51963718935264
outcome-lag-64,25,444,product,512,154.0,396.0,1771.5,0,0,64,52,541.525816464408,615.4763803065625,539.3421957537432,247.6087387264445
single-blocker,25,444,prefix,512,154.0,396.0,1771.5,0,0,511,1,1024.0,455.2532120578109,455.2532120578109,17.753517396743025
single-blocker,25,444,intersection,512,4.2109375,310.40625,1598.25,0,0,511,1,1024.0,498.41158062347904,498.41158062347904,19.030625860119372
single-blocker,25,444,completed,512,3.91015625,310.234375,1598.25,0,0,511,1,1024.0,498.35737794934363,498.35737794934363,19.02935307570703
single-blocker,25,444,plugin,512,2.14453125,308.734375,1595.5,0,0,511,1,1023.0,497.87930531064535,497.87930531064535,19.021991069762926
single-blocker,25,444,safe,512,183.0,0.0,1803.0,0,0,511,1,512.0,213.40675252840046,213.40675252840046,6.81456340954972
single-blocker,25,444,known,512,0.0,308.0,1591.0,0,0,511,1,1024.0,497.87364476495134,497.87364476495134,19.017967665401105
single-blocker,25,444,product,512,154.0,396.0,1771.5,0,0,511,1,1024.0,455.2532120578109,455.2532120578109,17.753517396743025
outcome-lag-64,26,111,prefix,512,38.8828125,270.21875,1568.75,0,0,64,48,587.1881220764639,649.8263252784899,586.7724613015007,246.63860115356982
outcome-lag-64,26,111,intersection,512,15.75,257.0,1536.75,0,0,64,40,581.555885908553,647.3405647296146,581.14022513359,243.4932197503665
outcome-lag-64,26,111,completed,512,23.94140625,239.984375,1548.25,27,27,64,40,571.3290378361671,635.7342154815038,570.9133770612041,223.1428131459118
outcome-lag-64,26,111,plugin,512,10.30859375,223.609375,1542.0,0,0,64,40,570.9084743935888,633.6702896634397,570.4928136186257,224.59842041093415
outcome-lag-64,26,111,safe,512,286.0,0.0,1792.0,0,0,64,40,258.55136601428313,286.7832996620461,258.13570523932003,94.12351716023417
outcome-lag-64,26,111,known,512,0.0,248.0,1526.5,0,0,64,40,582.1398657313316,647.1731770613433,581.7242049563685,234.74827637987104
outcome-lag-64,26,111,product,512,252.0,392.0,1781.25,0,0,64,50,535.5665097756171,610.1760211002024,535.1508490006539,237.0280774164297
single-blocker,26,111,prefix,512,252.0,392.0,1781.25,0,0,511,1,1024.0,447.4027700258035,447.4027700258035,17.42931639949815
single-blocker,26,111,intersection,512,8.3671875,252.78125,1529.75,0,0,511,1,1024.0,499.20951943267784,499.20951943267784,19.04929458165353
single-blocker,26,111,completed,512,8.3671875,252.78125,1529.75,0,0,511,1,1024.0,499.20951943267784,499.20951943267784,19.04929458165353
single-blocker,26,111,plugin,512,3.9375,250.25,1527.75,0,0,511,1,1024.0,499.06062228370297,499.06062228370297,19.045820640554275
single-blocker,26,111,safe,512,286.0,0.0,1792.0,0,0,511,1,512.0,213.40675252840046,213.40675252840046,6.81456340954972
single-blocker,26,111,known,512,0.0,248.0,1526.5,0,0,511,1,1024.0,498.9916877787372,498.9916877787372,19.044210820392244
single-blocker,26,111,product,512,252.0,392.0,1781.25,0,0,511,1,1024.0,447.4027700258035,447.4027700258035,17.42931639949815
outcome-lag-64,26,222,prefix,512,35.9296875,268.53125,1536.25,0,0,64,44,587.1644208915512,650.385783612139,585.2985947624269,264.1422899439752
outcome-lag-64,26,222,intersection,512,28.546875,264.3125,1531.5,0,0,64,41,585.470824435521,649.2083693093915,583.6049983063969,262.118306761962
outcome-lag-64,26,222,completed,512,17.82421875,250.953125,1519.0,9,9,64,41,579.4083057813564,643.4202857442218,577.5424796522321,247.0356035144137
outcome-lag-64,26,222,plugin,512,13.478515625,228.5078125,1513.5,0,0,64,41,569.2262702540058,631.8956704056098,567.3604441248816,231.1483068802789
outcome-lag-64,26,222,safe,512,286.0,0.0,1788.0,0,0,64,41,258.57492375995645,284.9921614183627,256.7090976308321,106.13404646166931
outcome-lag-64,26,222,known,512,0.0,248.0,1501.25,0,0,64,41,580.5607151502458,645.7521269819874,578.6948890211215,251.37072398633168
outcome-lag-64,26,222,product,512,252.0,392.0,1744.75,0,0,64,51,544.015270434012,618.5796822515484,542.1494443048877,250.4019617248123
single-blocker,26,222,prefix,512,252.0,392.0,1744.75,0,0,511,1,1024.0,458.31248169237966,458.31248169237966,17.86805817260997
single-blocker,26,222,intersection,512,6.890625,251.9375,1508.5,0,0,511,1,1024.0,498.9173719009587,498.9173719009587,19.0424742648015
single-blocker,26,222,completed,512,5.90625,251.375,1508.5,0,0,511,1,1024.0,498.8376569068104,498.8376569068104,19.040610317022313
single-blocker,26,222,plugin,512,1.96875,249.125,1502.5,0,0,511,1,1024.0,498.5659192975363,498.5659192975363,19.034246780307235
single-blocker,26,222,safe,512,286.0,0.0,1788.0,0,0,511,1,512.0,213.40675252840046,213.40675252840046,6.81456340954972
single-blocker,26,222,known,512,0.0,248.0,1501.25,0,0,511,1,1024.0,498.464402934511,498.464402934511,19.03186565924054
single-blocker,26,222,product,512,252.0,392.0,1744.75,0,0,511,1,1024.0,458.31248169237966,458.31248169237966,17.86805817260997
outcome-lag-64,26,333,prefix,512,36.9140625,269.09375,1525.5,0,0,64,41,585.7653527328201,645.879384607694,583.9040081745543,249.4352333398633
outcome-lag-64,26,333,intersection,512,22.1484375,260.65625,1517.25,0,0,64,41,583.3672964782768,645.1140915089404,581.505951920011,244.0688944139423
outcome-lag-64,26,333,completed,512,24.56640625,238.734375,1518.75,29,29,64,41,570.5847794090965,632.4902063748254,568.7234348508304,229.49175101661686
outcome-lag-64,26,333,plugin,512,27.603515625,174.1953125,1533.0,0,0,64,41,521.9844160171039,575.4526112068614,520.1230714588379,208.39631428289883
outcome-lag-64,26,333,safe,512,286.0,0.0,1799.0,0,0,64,41,258.4353658808204,284.23096668142733,256.5740213225544,95.98116086353143
outcome-lag-64,26,333,known,512,0.0,248.0,1493.75,0,0,64,41,581.9528565688622,646.3662664870008,580.0915120105964,250.96895372001134
outcome-lag-64,26,333,product,512,252.0,392.0,1750.0,0,0,64,51,536.4589541998645,611.719287748626,534.5976096415984,236.315612120689
single-blocker,26,333,prefix,512,252.0,392.0,1750.0,0,0,511,1,1024.0,448.9208167625347,448.9208167625347,17.497931213172237
single-blocker,26,333,intersection,512,7.875,252.5,1503.0,0,0,511,1,1024.0,498.917371900959,498.917371900959,19.04247426480153
single-blocker,26,333,completed,512,6.890625,251.9375,1503.0,0,0,511,1,1024.0,498.917371900959,498.917371900959,19.04247426480153
single-blocker,26,333,plugin,512,50.189453125,109.6640625,1558.75,0,0,511,1,805.0,370.3902334345119,370.3902334345119,14.559934868618075
single-blocker,26,333,safe,512,286.0,0.0,1799.0,0,0,511,1,512.0,213.40675252840046,213.40675252840046,6.81456340954972
single-blocker,26,333,known,512,0.0,248.0,1493.75,0,0,511,1,1024.0,498.6146195355651,498.6146195355651,19.03538833281858
single-blocker,26,333,product,512,252.0,392.0,1750.0,0,0,511,1,1024.0,448.9208167625347,448.9208167625347,17.497931213172237
outcome-lag-64,26,444,prefix,512,37.8984375,269.65625,1574.0,0,0,64,43,587.3747319962165,647.3316119235526,585.4060810889746,254.3456853927089
outcome-lag-64,26,444,intersection,512,30.0234375,265.15625,1571.75,0,0,64,41,584.8023231347928,645.3208604779046,582.8336722275507,249.5651459079333
outcome-lag-64,26,444,completed,512,22.16015625,248.609375,1558.25,22,15,64,39,574.9447430133009,636.5637102321928,572.9282062351882,238.84596677934587
outcome-lag-64,26,444,plugin,512,18.759765625,218.9765625,1554.5,0,0,64,39,563.2026121619807,623.5897869119568,561.231872913765,224.39487560830952
outcome-lag-64,26,444,safe,512,286.0,0.0,1799.0,0,0,64,39,258.48320134014625,283.63283509021176,256.5145504329041,99.21789836115721
outcome-lag-64,26,444,known,512,0.0,248.0,1542.0,0,0,64,39,580.9454941946866,644.2223732251404,578.9754744641605,236.6228233364269
outcome-lag-64,26,444,product,512,252.0,392.0,1775.25,0,0,64,51,535.1932496410328,606.8992317086254,533.2245987337907,240.20962516737967
single-blocker,26,444,prefix,512,252.0,392.0,1775.25,0,0,511,1,1024.0,448.16191906373996,448.16191906373996,17.464287320832685
single-blocker,26,444,intersection,512,9.3515625,253.34375,1549.0,0,0,511,1,1024.0,499.12419181912827,499.12419181912827,19.047304331748762
single-blocker,26,444,completed,512,8.859375,253.0625,1549.0,0,0,511,1,1024.0,499.0930766992957,499.0930766992957,19.04657821631186
single-blocker,26,444,plugin,512,4.4296875,250.53125,1551.25,0,0,511,1,1024.0,498.9173719009584,498.9173719009584,19.042474264801502
single-blocker,26,444,safe,512,286.0,0.0,1799.0,0,0,511,1,512.0,213.40675252840046,213.40675252840046,6.81456340954972
single-blocker,26,444,known,512,0.0,248.0,1542.0,0,0,511,1,1024.0,498.6619517841819,498.6619517841819,19.036497361247232
single-blocker,26,444,product,512,252.0,392.0,1775.25,0,0,511,1,1024.0,448.16191906373996,448.16191906373996,17.464287320832685
