scenario,truth,seed,algorithm,episode,pseudo_regret,expected_waste,prefix_exposure,completion_exposure,intersection_exposure,unresolved_mass_exposure
outcome-lag-64,1,111,prefix,32,0.1875,24.75,64.0,64.0,64.0,28.84033327760325
outcome-lag-64,1,111,prefix,64,0.375,49.5,128.0,128.0,128.0,59.350251886142935
outcome-lag-64,1,111,prefix,96,0.5625,74.25,191.7289771675064,190.89920501195346,190.89920501195346,84.43318397107006
outcome-lag-64,1,111,prefix,128,0.75,99.0,247.52661903293486,245.05523864605328,243.9780231789084,100.80740372998565
outcome-lag-64,1,111,prefix,160,0.9375,123.75,293.2700214535347,290.21080868382404,286.4907386934599,111.99041228393214
outcome-lag-64,1,111,prefix,192,1.125,148.5,331.393565961274,331.2278727073647,323.67263794712113,122.40158022618982
outcome-lag-64,1,111,prefix,224,1.27734375,172.921875,365.01933453597223,369.74736894171724,357.2564629489861,132.71430977298706
outcome-lag-64,1,111,prefix,256,1.341796875,196.5234375,394.5525332954982,404.0190349154208,386.7896617085121,141.58344732971466
outcome-lag-64,1,111,prefix,288,1.412109375,220.1796875,422.5705165688356,434.97858546351085,414.65507884534566,147.90432627186252
outcome-lag-64,1,111,prefix,320,1.412109375,243.1796875,447.6124959710429,462.4087988690955,439.4831569154104,152.87207855406618
outcome-lag-64,1,111,prefix,352,1.412109375,266.1796875,471.26045247245673,489.1472392034004,463.13111341682423,158.09103009868525
outcome-lag-64,1,111,prefix,384,1.412109375,289.1796875,493.6529217935312,514.7192416305434,485.5235827378987,163.172675316093
outcome-lag-64,1,111,prefix,416,1.412109375,312.1796875,514.638852706029,538.280095234303,506.5032912930956,167.37987235379384
outcome-lag-64,1,111,prefix,448,1.412109375,335.1796875,534.66658000101,560.3929263090133,526.5308028571852,170.8834087320207
outcome-lag-64,1,111,prefix,480,1.412109375,358.1796875,554.1529086051786,581.7179777195246,546.0171314613539,174.0185268002765
outcome-lag-64,1,111,prefix,512,1.412109375,381.1796875,573.4295950104879,603.031966372434,565.2938178666632,177.26496272214388
outcome-lag-64,1,111,intersection,32,0.1875,24.75,64.0,64.0,64.0,28.84033327760325
outcome-lag-64,1,111,intersection,64,0.921875,49.8125,128.0,128.0,128.0,59.58512583572277
outcome-lag-64,1,111,intersection,96,2.61328125,75.421875,191.7289771675064,191.07249807773493,191.07249807773493,85.31812368259658
outcome-lag-64,1,111,intersection,128,2.80078125,100.171875,247.397401722127,245.42922692271094,244.33999677884339,101.6721363515032
outcome-lag-64,1,111,intersection,160,2.98828125,124.921875,293.14443268482296,290.61790193307183,286.8345937763839,112.72163166497025
outcome-lag-64,1,111,intersection,192,3.1171875,149.125,331.5275243515604,331.7182869569663,324.0924571845046,123.12593588565913
outcome-lag-64,1,111,intersection,224,3.28125,173.65625,365.17793911257473,370.1986828160955,357.67940157322386,133.40038308339277
outcome-lag-64,1,111,intersection,256,3.357421875,197.3671875,394.6126958289308,404.3529109727106,387.1141582895799,142.2119023995275
outcome-lag-64,1,111,intersection,288,3.357421875,220.3671875,422.6873753389995,435.35341472677294,415.01688932737517,148.52907373728638
outcome-lag-64,1,111,intersection,320,3.357421875,243.3671875,447.7595959304565,462.8006392555035,439.8588904744445,153.49216240547304
outcome-lag-64,1,111,intersection,352,3.357421875,266.3671875,471.36793841385094,489.4861855839871,463.4672329578389,158.68910678448185
outcome-lag-64,1,111,intersection,384,3.357421875,289.3671875,493.76732945520394,515.049657354924,485.8666239991919,163.75344625330598
outcome-lag-64,1,111,intersection,416,3.357421875,312.3671875,514.7383708521318,538.58052361943,506.8297528863276,167.942141312193
outcome-lag-64,1,111,intersection,448,3.357421875,335.3671875,534.7699699560713,560.6902759346741,526.8607885922617,171.43882973629596
outcome-lag-64,1,111,intersection,480,3.357421875,358.3671875,554.3022635030054,582.062257602282,546.3930821391957,174.5851677876974
outcome-lag-64,1,111,intersection,512,3.357421875,381.3671875,573.5830065050139,603.3815262841745,565.6738251412042,177.83815031259363
outcome-lag-64,1,111,completed,32,0.1875,24.75,64.0,64.0,64.0,28.84033327760325
outcome-lag-64,1,111,completed,64,0.375,49.5,128.0,128.0,128.0,59.350251886142935
outcome-lag-64,1,111,completed,96,0.5625,74.25,191.7289771675064,190.89920501195346,190.89920501195346,84.43318397107006
outcome-lag-64,1,111,completed,128,0.6328125,97.90625,246.52661903293486,244.2815030884152,243.20428762127028,100.70628003981969
outcome-lag-64,1,111,completed,160,0.6328125,120.90625,292.27002145353475,289.5528873037749,285.83281731341066,111.91618719498695
outcome-lag-64,1,111,completed,192,0.6328125,143.90625,329.7930218022493,330.0511678758128,322.4959331155691,122.2729216223238
outcome-lag-64,1,111,completed,224,0.6328125,166.90625,363.48734848108523,368.68432600452365,356.15529838496224,132.62053389774672
outcome-lag-64,1,111,completed,256,0.6328125,189.90625,393.083828685884,403.02051726844473,385.751778589761,141.50819598006493
outcome-lag-64,1,111,completed,288,0.6328125,212.90625,421.1928147044911,434.0583592174319,413.6990718830795,147.84339181937634
outcome-lag-64,1,111,completed,320,0.6328125,235.90625,446.2995035151061,461.54378490928434,438.5832722544466,152.81887288882535
outcome-lag-64,1,111,completed,352,0.6328125,258.90625,469.986138338452,488.3188190026075,462.26990707779254,158.04463750615656
outcome-lag-64,1,111,completed,384,0.6328125,281.90625,492.42188078517466,513.9321718361839,484.7056495245152,163.133218673396
outcome-lag-64,1,111,completed,416,0.6328125,304.90625,513.439333474189,537.5223510113142,505.71605772060826,167.34457375211986
outcome-lag-64,1,111,completed,448,0.6328125,327.90625,533.4986944924661,559.6654568130513,525.7750323136872,170.85251686874767
outcome-lag-64,1,111,completed,480,0.6328125,350.90625,553.0238434457323,581.0301811440247,545.3001812669534,173.99588822343048
outcome-lag-64,1,111,completed,512,0.6328125,373.90625,572.3278525672474,602.3734448131489,564.6041903884685,177.25003430151497
outcome-lag-64,1,111,plugin,32,0.88671875,16.046875,51.0,51.0,51.0,22.603971028741007
outcome-lag-64,1,111,plugin,64,1.76171875,28.546875,93.0,93.0,93.0,43.13078705562078
outcome-lag-64,1,111,plugin,96,1.84375,50.5625,152.7289771675064,152.15570117758753,152.15570117758753,65.04782986626908
outcome-lag-64,1,111,plugin,128,2.58203125,64.703125,195.30510772051707,193.99387769334953,192.99402313060622,77.52751502047028
outcome-lag-64,1,111,plugin,160,2.69140625,86.390625,244.15789802321783,241.27144572415764,238.20167486447576,89.63690112965284
outcome-lag-64,1,111,plugin,192,2.69140625,109.390625,286.3896894050695,285.28903806862314,279.2413836609638,101.34197959598903
outcome-lag-64,1,111,plugin,224,2.69140625,132.390625,326.05516609604683,328.5706215623792,318.83494467619107,114.32832480277091
outcome-lag-64,1,111,plugin,256,2.69140625,155.390625,361.1081064847597,367.71880041345395,353.8878850649039,125.20532407638878
outcome-lag-64,1,111,plugin,288,2.69140625,178.390625,391.9851252725735,401.03559460833577,384.36769584502673,132.20176094622929
outcome-lag-64,1,111,plugin,320,2.69140625,201.390625,419.0720111062274,430.2494567513606,411.0684606797314,137.56355343220866
outcome-lag-64,1,111,plugin,352,2.69140625,224.390625,444.8127643225503,459.1420282424063,436.8092138960543,143.4138811109301
outcome-lag-64,1,111,plugin,384,2.69140625,247.390625,468.67345496039786,486.30798984899315,460.66990453390184,149.03395731651162
outcome-lag-64,1,111,plugin,416,2.69140625,270.390625,490.9942582160601,511.3265554756409,482.98047882503374,153.6826600017015
outcome-lag-64,1,111,plugin,448,2.69140625,293.390625,512.052102092124,534.5064313652836,504.037236525629,157.44743470111723
outcome-lag-64,1,111,plugin,480,2.69140625,316.390625,532.18197553463,556.4824022178019,524.1671099681355,160.70245279110742
outcome-lag-64,1,111,plugin,512,2.69140625,339.390625,552.3062695684347,578.6842100046417,544.2914040019401,164.117714811053
outcome-lag-64,1,111,safe,32,3.0,0.0,32.0,32.0,32.0,16.87330724807723
outcome-lag-64,1,111,safe,64,6.0,0.0,64.0,64.0,64.0,35.190349659339724
outcome-lag-64,1,111,safe,96,9.0,0.0,95.72897716750644,95.17192985355443,95.17192985355443,50.28433774259524
outcome-lag-64,1,111,safe,128,12.0,0.0,120.30510772051724,120.61099168507657,119.61113712233329,59.76212935622549
outcome-lag-64,1,111,safe,160,15.0,0.0,139.1548201345516,141.53062039604956,138.46084953636768,66.62675789967913
outcome-lag-64,1,111,safe,192,18.0,0.0,155.06523991033743,160.4189237198129,154.3712693121535,72.81244901859561
outcome-lag-64,1,111,safe,224,21.0,0.0,169.03119026278947,177.7794341817046,168.33721966460553,78.49428512235421
outcome-lag-64,1,111,safe,256,24.0,0.0,181.69737973246868,193.60327479102753,181.00340913428474,83.44963812999094
outcome-lag-64,1,111,safe,288,27.0,0.0,193.35709332976046,208.07261711643287,192.66312273157652,87.71233329307134
outcome-lag-64,1,111,safe,320,30.0,0.0,204.2107175247175,221.34852285906067,203.51674692653356,91.33549126108014
outcome-lag-64,1,111,safe,352,33.0,0.0,214.39891287958645,233.72900741400207,213.7049422814025,94.53568138224352
outcome-lag-64,1,111,safe,384,36.0,0.0,224.03694871733427,245.57181734164845,223.34297811915033,97.60740017984119
outcome-lag-64,1,111,safe,416,39.0,0.0,233.21056807324118,256.50846091238174,232.51659747505724,100.13187311803829
outcome-lag-64,1,111,safe,448,42.0,0.0,241.96995996224305,266.83118308316153,241.27598936405911,102.36058732901012
outcome-lag-64,1,111,safe,480,45.0,0.0,250.37265278923294,276.50530261632457,249.678682191049,104.22527917975577
outcome-lag-64,1,111,safe,512,48.0,0.0,258.4554253287064,285.8112012367757,257.7614547305224,105.97827035388539
outcome-lag-64,1,111,known,32,0.0,23.0,64.0,64.0,64.0,28.84033327760325
outcome-lag-64,1,111,known,64,0.0,46.0,124.0,124.0,124.0,58.11365812014513
outcome-lag-64,1,111,known,96,0.0,69.0,186.7289771675064,186.12135312395057,186.12135312395057,82.89897688021006
outcome-lag-64,1,111,known,128,0.0,92.0,241.86553180553128,240.2214202125289,239.14420474538397,99.33234477972867
outcome-lag-64,1,111,known,160,0.0,115.0,288.7430170570106,286.1150066438402,282.3949366534761,110.68918949333138
outcome-lag-64,1,111,known,192,0.0,138.0,326.91561031246545,327.03729145601994,319.4820566957764,121.16263950945616
outcome-lag-64,1,111,known,224,0.0,161.0,360.97487670223416,365.9705670633079,353.48407905805124,131.6034240526308
outcome-lag-64,1,111,known,256,0.0,184.0,390.7569479274839,400.4759531802037,383.266150283301,140.5401729957938
outcome-lag-64,1,111,known,288,0.0,207.0,419.10484846850017,431.7177002154349,411.4242755149599,146.9130661142229
outcome-lag-64,1,111,known,320,0.0,230.0,444.3802038250482,459.34611232816786,436.4539621416505,151.90875314067392
outcome-lag-64,1,111,known,352,0.0,253.0,468.167140809647,486.21565726318823,460.24089912624925,157.15226113662933
outcome-lag-64,1,111,known,384,0.0,276.0,490.71468757487094,511.9355117506997,482.7884458914732,162.2588485929555
outcome-lag-64,1,111,known,416,0.0,299.0,511.81336666737195,535.6010290217342,503.87784864169026,166.48096545994653
outcome-lag-64,1,111,known,448,0.0,322.0,531.9540384324911,557.8217680532999,524.0176791785995,170.00028715204147
outcome-lag-64,1,111,known,480,0.0,345.0,551.5787619476179,579.2880641851619,543.6424026937262,173.1649118606331
outcome-lag-64,1,111,known,512,0.0,368.0,570.9527452772492,600.7061715571164,563.0163860233575,176.43886970003314
outcome-lag-64,1,111,product,32,4.375,25.5,64.0,64.0,64.0,34.932446309775564
outcome-lag-64,1,111,product,64,8.75,51.0,124.0,124.0,124.0,66.10682820613128
outcome-lag-64,1,111,product,96,13.125,76.5,186.56180975678652,185.3085695865119,185.3085695865119,93.39432271788998
outcome-lag-64,1,111,product,128,17.5,102.0,235.63944033495696,235.6257328281416,234.02205918694935,111.8900708599071
outcome-lag-64,1,111,product,160,21.875,127.5,273.92070761181765,277.8940591588549,272.30332646381,125.7430090771515
outcome-lag-64,1,111,product,192,26.25,153.0,305.5751060368342,315.41586455218334,303.95772488882653,138.02197514343263
outcome-lag-64,1,111,product,224,30.625,178.5,333.8624672635413,350.09225094810046,332.24508611553364,149.13826505368115
outcome-lag-64,1,111,product,256,35.0,204.0,358.6339447822106,380.6495166557154,357.01656363420295,158.46362024796886
outcome-lag-64,1,111,product,288,39.375,229.5,382.15828889307926,409.2131977171713,380.5409077450716,166.44019563018318
outcome-lag-64,1,111,product,320,43.75,255.0,403.36352743848374,434.5967511133584,401.7461462904761,172.96887005066506
outcome-lag-64,1,111,product,352,48.125,280.5,423.2680635784114,458.51717511114083,421.6506824304037,178.94443726275964
outcome-lag-64,1,111,product,384,52.5,306.0,442.077702971584,481.4104403787252,440.46032182357635,184.68256464043392
outcome-lag-64,1,111,product,416,56.875,331.5,459.71953962911016,502.56382380887374,458.1021584811025,189.6379313764197
outcome-lag-64,1,111,product,448,61.25,357.0,476.57972940225136,522.3018396274458,474.9623482542437,193.775291684664
outcome-lag-64,1,111,product,480,65.625,382.5,493.0162845631748,541.217914278461,491.3989034151671,197.3804412206123
outcome-lag-64,1,111,product,512,70.0,408.0,509.11387726902626,559.8344853165208,507.4964961210186,200.94725788808773
single-blocker,1,111,prefix,32,0.1875,24.75,64.0,63.96821681185914,63.96821681185914,10.659536515227838
single-blocker,1,111,prefix,64,0.375,49.5,128.0,121.22759708485825,121.22759708485825,12.77364693311757
single-blocker,1,111,prefix,96,0.5625,74.25,192.0,168.39363820724176,168.39363820724176,14.010499934769523
single-blocker,1,111,prefix,128,0.75,99.0,256.0,207.8604061387895,207.8604061387895,14.880873967254246
single-blocker,1,111,prefix,160,0.9375,123.75,320.0,242.50668037653406,242.50668037653406,15.554586721174504
single-blocker,1,111,prefix,192,1.125,148.5,384.0,273.65883234582606,273.65883234582606,16.10084260918347
single-blocker,1,111,prefix,224,1.3125,173.25,448.0,302.32992248174247,302.32992248174247,16.565166057544403
single-blocker,1,111,prefix,256,1.5,198.0,512.0,329.0530719144042,329.0530719144042,16.969568867920053
single-blocker,1,111,prefix,288,1.6875,222.75,576.0,353.9811606590534,353.9811606590534,17.32160324898987
single-blocker,1,111,prefix,320,1.875,247.5,640.0,377.513538007019,377.513538007019,17.635830683260824
single-blocker,1,111,prefix,352,2.0625,272.25,704.0,400.0329375502289,400.0329375502289,17.92445162277759
single-blocker,1,111,prefix,384,2.25,297.0,768.0,421.4163114727528,421.4163114727528,18.184610502220718
single-blocker,1,111,prefix,416,2.4375,321.75,832.0,441.9714173061291,441.9714173061291,18.42543104333606
single-blocker,1,111,prefix,448,2.625,346.5,896.0,461.68113565938734,461.68113565938734,18.6468951312092
single-blocker,1,111,prefix,480,2.8125,371.25,960.0,480.50828293564643,480.50828293564643,18.848708811608212
single-blocker,1,111,prefix,512,3.0,396.0,1024.0,498.9173719009589,498.9173719009589,19.042474264801516
single-blocker,1,111,intersection,32,0.1875,24.75,64.0,63.96821681185914,63.96821681185914,10.659536515227838
single-blocker,1,111,intersection,64,0.375,49.5,128.0,121.22759708485825,121.22759708485825,12.77364693311757
single-blocker,1,111,intersection,96,0.5625,74.25,192.0,168.39363820724176,168.39363820724176,14.010499934769523
single-blocker,1,111,intersection,128,0.75,99.0,256.0,207.8604061387895,207.8604061387895,14.880873967254246
single-blocker,1,111,intersection,160,0.9375,123.75,320.0,242.50668037653406,242.50668037653406,15.554586721174504
single-blocker,1,111,intersection,192,1.08984375,148.171875,384.0,273.65883234582606,273.65883234582606,16.10084260918347
single-blocker,1,111,intersection,224,1.27734375,172.921875,448.0,302.32992248174247,302.32992248174247,16.565166057544403
single-blocker,1,111,intersection,256,1.423828125,197.2890625,511.0,328.58825798717413,328.58825798717413,16.961993110344295
single-blocker,1,111,intersection,288,1.423828125,220.2890625,575.0,353.5484855233526,353.5484855233526,17.31502430162145
single-blocker,1,111,intersection,320,1.423828125,243.2890625,637.0,376.2908014264146,376.2908014264146,17.618286423614897
single-blocker,1,111,intersection,352,1.423828125,266.2890625,699.0,398.0747274056296,398.0747274056296,17.89742301622025
single-blocker,1,111,intersection,384,1.423828125,289.2890625,761.0,418.80078216301706,418.80078216301706,18.15012439592187
single-blocker,1,111,intersection,416,1.423828125,312.2890625,822.0,438.3715245756653,438.3715245756653,18.3796565419191
single-blocker,1,111,intersection,448,1.423828125,335.2890625,883.0,457.1801569948965,457.1801569948965,18.591796532875684
single-blocker,1,111,intersection,480,1.423828125,358.2890625,945.0,475.5535090531736,475.5535090531736,18.790777629609206
single-blocker,1,111,intersection,512,1.423828125,381.2890625,1008.0,493.8041872261284,493.8041872261284,18.984591988363917
single-blocker,1,111,completed,32,0.1875,24.75,64.0,63.96821681185914,63.96821681185914,10.659536515227838
single-blocker,1,111,completed,64,0.375,49.5,128.0,121.22759708485825,121.22759708485825,12.77364693311757
single-blocker,1,111,completed,96,0.5625,74.25,192.0,168.39363820724176,168.39363820724176,14.010499934769523
single-blocker,1,111,completed,128,0.75,99.0,256.0,207.8604061387895,207.8604061387895,14.880873967254246
single-blocker,1,111,completed,160,0.9375,123.75,320.0,242.50668037653406,242.50668037653406,15.554586721174504
single-blocker,1,111,completed,192,1.060546875,147.8984375,384.0,273.65883234582606,273.65883234582606,16.10084260918347
single-blocker,1,111,completed,224,1.212890625,172.3203125,448.0,302.32992248174247,302.32992248174247,16.565166057544403
single-blocker,1,111,completed,256,1.306640625,196.1953125,511.0,328.58825798717413,328.58825798717413,16.961993110344295
single-blocker,1,111,completed,288,1.306640625,219.1953125,575.0,353.5484855233526,353.5484855233526,17.31502430162145
single-blocker,1,111,completed,320,1.306640625,242.1953125,637.0,376.2908014264146,376.2908014264146,17.618286423614897
single-blocker,1,111,completed,352,1.306640625,265.1953125,699.0,398.0747274056296,398.0747274056296,17.89742301622025
single-blocker,1,111,completed,384,1.306640625,288.1953125,761.0,418.80078216301706,418.80078216301706,18.15012439592187
single-blocker,1,111,completed,416,1.306640625,311.1953125,822.0,438.3715245756653,438.3715245756653,18.3796565419191
single-blocker,1,111,completed,448,1.306640625,334.1953125,883.0,457.1801569948965,457.1801569948965,18.591796532875684
single-blocker,1,111,completed,480,1.306640625,357.1953125,945.0,475.5535090531736,475.5535090531736,18.790777629609206
single-blocker,1,111,completed,512,1.306640625,380.1953125,1008.0,493.8041872261284,493.8041872261284,18.984591988363917
single-blocker,1,111,plugin,32,0.43359375,20.015625,58.0,57.96821681185914,57.96821681185914,10.227256295447617
single-blocker,1,111,plugin,64,1.30859375,32.515625,100.0,93.42435623340215,93.42435623340215,11.482434759669953
single-blocker,1,111,plugin,96,2.18359375,45.015625,148.0,128.0422992657468,128.0422992657468,12.409766864702496
single-blocker,1,111,plugin,128,3.05859375,57.515625,195.0,156.14529076796748,156.14529076796748,13.020642331210786
single-blocker,1,111,plugin,160,3.93359375,70.015625,247.0,183.85859776553139,183.85859776553139,13.557160867036798
single-blocker,1,111,plugin,192,4.80859375,82.515625,298.0,207.87906289764732,207.87906289764732,13.967163821811736
single-blocker,1,111,plugin,224,5.68359375,95.015625,347.0,228.72955107586014,228.72955107586014,14.288739856203476
single-blocker,1,111,plugin,256,6.55859375,107.515625,391.0,245.67733860703564,245.67733860703564,14.525645529169408
single-blocker,1,111,plugin,288,7.43359375,120.015625,443.0,265.2872077606729,265.2872077606729,14.794876090616954
single-blocker,1,111,plugin,320,8.30859375,132.515625,493.0,282.85020232998426,282.85020232998426,15.019361916711105
single-blocker,1,111,plugin,352,9.18359375,145.015625,538.0,297.4894577007274,297.4894577007274,15.192697706719933
single-blocker,1,111,plugin,384,10.05859375,157.515625,587.0,313.06271987947326,313.06271987947326,15.373301921506517
single-blocker,1,111,plugin,416,10.93359375,170.015625,633.0,326.86004658943284,326.86004658943284,15.524360502131561
single-blocker,1,111,plugin,448,11.80859375,182.515625,681.0,340.87053403683046,340.87053403683046,15.673883972327449
single-blocker,1,111,plugin,480,12.68359375,195.015625,735.0,356.4421286329862,356.4421286329862,15.838055169142919
single-blocker,1,111,plugin,512,13.55859375,207.515625,784.0,369.7651155431181,369.7651155431181,15.970413740681256
single-blocker,1,111,safe,32,3.0,0.0,32.0,31.968216811859147,31.968216811859147,4.02724519543652
single-blocker,1,111,safe,64,6.0,0.0,64.0,57.42435623340214,57.42435623340214,4.7282659037057675
single-blocker,1,111,safe,96,9.0,0.0,96.0,76.78319682780861,76.78319682780861,5.136346480888775
single-blocker,1,111,safe,128,12.0,0.0,128.0,93.03345515740088,93.03345515740088,5.425334592589174
single-blocker,1,111,safe,160,15.0,0.0,160.0,107.31238195727079,107.31238195727079,5.649261224939744
single-blocker,1,111,safe,192,18.0,0.0,192.0,120.1978375468853,120.1978375468853,5.832104609707439
single-blocker,1,111,safe,224,21.0,0.0,224.0,132.0310352083931,132.0310352083931,5.986627913082163
single-blocker,1,111,safe,256,24.0,0.0,256.0,143.03333360981438,143.03333360981438,6.120438712817281
single-blocker,1,111,safe,288,27.0,0.0,288.0,153.35798108855585,153.35798108855585,6.238439029233648
single-blocker,1,111,safe,320,30.0,0.0,320.0,163.1162631808352,163.1162631808352,6.343973346894013
single-blocker,1,111,safe,352,33.0,0.0,352.0,172.39200998111025,172.39200998111025,6.43942571339101
single-blocker,1,111,safe,384,36.0,0.0,384.0,181.25023096678382,181.25023096678382,6.5265555690159704
single-blocker,1,111,safe,416,39.0,0.0,416.0,189.74254455085054,189.74254455085054,6.6066985205464555
single-blocker,1,111,safe,448,42.0,0.0,448.0,197.91074640079475,197.91074640079475,6.680892410683006
single-blocker,1,111,safe,480,45.0,0.0,480.0,205.78924141297622,205.78924141297622,6.7499597404471405
single-blocker,1,111,safe,512,48.0,0.0,512.0,213.40675252840046,213.40675252840046,6.81456340954972
single-blocker,1,111,known,32,0.0,23.0,64.0,63.96821681185914,63.96821681185914,10.659536515227838
single-blocker,1,111,known,64,0.0,46.0,124.0,117.22759708485825,117.22759708485825,12.622434071904706
single-blocker,1,111,known,96,0.0,69.0,187.0,164.27002794149692,164.27002794149692,13.894094858154574
single-blocker,1,111,known,128,0.0,92.0,250.0,203.63543461988644,203.63543461988644,14.77822232360564
single-blocker,1,111,known,160,0.0,115.0,314.0,238.87207140775914,238.87207140775914,15.478117393769683
single-blocker,1,111,known,192,0.0,138.0,377.0,269.8721730765887,269.8721730765887,16.029384266544135
single-blocker,1,111,known,224,0.0,161.0,441.0,298.8395579462798,298.8395579462798,16.50427807212186
single-blocker,1,111,known,256,0.0,184.0,503.0,324.80314478495836,324.80314478495836,16.899227737067662
single-blocker,1,111,known,288,0.0,207.0,567.0,350.03354488461326,350.03354488461326,17.26077391992025
single-blocker,1,111,known,320,0.0,230.0,629.0,372.9754348376689,372.9754348376689,17.569938786694028
single-blocker,1,111,known,352,0.0,253.0,691.0,394.8841306922143,394.8841306922143,17.852597702174656
single-blocker,1,111,known,384,0.0,276.0,753.0,415.7539980787328,415.7539980787328,18.109198057507864
single-blocker,1,111,known,416,0.0,299.0,814.0,435.4296662410104,435.4296662410104,18.341465815742136
single-blocker,1,111,known,448,0.0,322.0,875.0,454.3459339157745,454.3459339157745,18.55631615103568
single-blocker,1,111,known,480,0.0,345.0,937.0,472.84974081459666,472.84974081459666,18.75845162658748
single-blocker,1,111,known,512,0.0,368.0,1000.0,491.1897826922156,491.1897826922156,18.95434397165202
single-blocker,1,111,product,32,4.375,25.5,64.0,63.936433623718294,63.936433623718294,8.05449039087304
single-blocker,1,111,product,64,8.75,51.0,124.0,112.1038297264138,112.1038297264138,9.391469649990846
single-blocker,1,111,product,96,13.125,76.5,187.0,150.7886896620867,150.7886896620867,10.218917083737297
single-blocker,1,111,product,128,17.5,102.0,250.0,183.19365502071463,183.19365502071463,10.802467342752491
single-blocker,1,111,product,160,21.875,127.5,314.0,212.0667550166519,212.0667550166519,11.26017922522076
single-blocker,1,111,product,192,26.25,153.0,377.0,237.67638608060287,237.67638608060287,11.626970962124416
single-blocker,1,111,product,224,30.625,178.5,441.0,261.5509466185109,261.5509466185109,11.94143501436397
single-blocker,1,111,product,256,35.0,204.0,503.0,283.0464391744065,283.0464391744065,12.205017056932373
single-blocker,1,111,product,288,39.375,229.5,567.0,303.8736010874199,303.8736010874199,12.445073290704233
single-blocker,1,111,product,320,43.75,255.0,629.0,322.93631806536365,322.93631806536365,12.652911292942887
single-blocker,1,111,product,352,48.125,280.5,691.0,341.0694293923928,341.0694293923928,12.841165834284142
single-blocker,1,111,product,384,52.5,306.0,753.0,358.39661370040636,358.39661370040636,13.013212252387794
single-blocker,1,111,product,416,56.875,331.5,814.0,374.75052752542615,374.75052752542615,13.169109383244754
single-blocker,1,111,product,448,61.25,357.0,875.0,390.49579432408603,390.49579432408603,13.313720671576833
single-blocker,1,111,product,480,65.625,382.5,937.0,405.9437630729032,405.9437630729032,13.45076430532701
single-blocker,1,111,product,512,70.0,408.0,1000.0,421.1238226783731,421.1238226783731,13.581069540212305
outcome-lag-64,3,111,prefix,32,1.3125,22.75,64.0,64.0,64.0,18.493992556968752
outcome-lag-64,3,111,prefix,64,2.625,45.5,128.0,127.95272743624736,127.95272743624736,40.3352238829888
outcome-lag-64,3,111,prefix,96,3.9375,68.25,191.48685803585147,189.7247682853653,189.7247682853653,62.13006056372368
outcome-lag-64,3,111,prefix,128,5.25,91.0,245.61940611263762,246.6646659323225,243.67068162519902,80.91221144588648
outcome-lag-64,3,111,prefix,160,6.5625,113.75,290.8720312683522,293.65392178199494,287.43555644777797,93.91231345298607
outcome-lag-64,3,111,prefix,192,7.875,136.5,329.204821753071,334.017525572052,324.92519613009955,103.40535462813098
outcome-lag-64,3,111,prefix,224,9.1875,159.25,362.3362633330934,370.84169725282464,357.78053558243914,112.36087337288009
outcome-lag-64,3,111,prefix,256,10.5,182.0,392.89533298257896,404.9268903137975,388.332838107272,120.10114462791317
outcome-lag-64,3,111,prefix,288,11.8125,204.75,420.77635981521433,436.603716332575,416.20057323173745,127.27632567462899
outcome-lag-64,3,111,prefix,320,13.125,227.5,446.81288050777295,466.0869336606284,442.15360355438025,133.369177267477
outcome-lag-64,3,111,prefix,352,14.4375,250.25,471.4597907550348,493.59576035679333,466.7557675497305,138.58525333965522
outcome-lag-64,3,111,prefix,384,14.888671875,264.9609375,490.6263716988068,515.5961827318106,485.8736633967824,143.09815613854227
outcome-lag-64,3,111,prefix,416,14.888671875,275.4609375,508.4427601873661,536.5525915338418,503.6900518853417,147.67293333468388
outcome-lag-64,3,111,prefix,448,14.888671875,285.9609375,523.0147731543846,553.4789519236923,518.26206485236,151.18334830349497
outcome-lag-64,3,111,prefix,480,14.888671875,296.4609375,537.9789822492369,571.0502022920341,533.2262739472123,154.83580727606667
outcome-lag-64,3,111,prefix,512,14.888671875,306.9609375,552.7049039687553,587.8616536010998,547.9521956667307,157.8861879060823
outcome-lag-64,3,111,intersection,32,1.3125,22.75,64.0,64.0,64.0,18.493992556968752
outcome-lag-64,3,111,intersection,64,2.625,45.5,128.0,127.95272743624736,127.95272743624736,40.3352238829888
outcome-lag-64,3,111,intersection,96,3.9375,68.25,191.48685803585147,189.7247682853653,189.7247682853653,62.13006056372368
outcome-lag-64,3,111,intersection,128,5.25,91.0,245.61940611263762,246.6646659323225,243.67068162519902,80.91221144588648
outcome-lag-64,3,111,intersection,160,6.5625,113.75,290.8720312683522,293.65392178199494,287.43555644777797,93.91231345298607
outcome-lag-64,3,111,intersection,192,7.875,136.5,329.204821753071,334.017525572052,324.92519613009955,103.40535462813098
outcome-lag-64,3,111,intersection,224,9.1875,159.25,362.3362633330934,370.84169725282464,357.78053558243914,112.36087337288009
outcome-lag-64,3,111,intersection,256,10.5,182.0,392.89533298257896,404.9268903137975,388.332838107272,120.10114462791317
outcome-lag-64,3,111,intersection,288,11.8125,204.75,420.77635981521433,436.603716332575,416.20057323173745,127.27632567462899
outcome-lag-64,3,111,intersection,320,12.591796875,222.5234375,443.86079951936085,463.1132456136563,439.20152256596816,133.15481726530498
outcome-lag-64,3,111,intersection,352,12.591796875,233.0234375,460.68773048037576,482.8284818009778,456.02845352698307,137.64607945740997
outcome-lag-64,3,111,intersection,384,12.591796875,243.5234375,477.0043897656457,502.02697301899013,472.34511281225303,141.90955373676044
outcome-lag-64,3,111,intersection,416,12.591796875,254.0234375,494.820778254205,522.9833818210213,490.1615013008123,146.48433093290205
outcome-lag-64,3,111,intersection,448,12.591796875,264.5234375,509.39279122122343,539.9097422108719,504.73351426783074,149.99474590171315
outcome-lag-64,3,111,intersection,480,12.591796875,275.0234375,524.3570003160756,557.4809925792136,519.6977233626824,153.64720487428485
outcome-lag-64,3,111,intersection,512,12.591796875,285.5234375,539.082922035594,574.2924438882793,534.4236450822008,156.6975855043005
outcome-lag-64,3,111,completed,32,1.3125,22.75,64.0,64.0,64.0,18.493992556968752
outcome-lag-64,3,111,completed,64,7.701171875,29.1484375,105.0,104.95272743624736,104.95272743624736,31.19903607270969
outcome-lag-64,3,111,completed,96,16.076171875,29.1484375,136.48685803585147,134.72476828536537,134.72476828536537,42.020725232096154
outcome-lag-64,3,111,completed,128,22.90625,34.125,167.7271960359342,168.15921698128568,165.8417390392754,52.7585446334363
outcome-lag-64,3,111,completed,160,24.21875,56.875,218.17550836997236,220.58079896952327,215.84451217444084,63.39967451937083
outcome-lag-64,3,111,completed,192,25.53125,79.625,265.5686282428422,269.01278391577875,261.8232429591051,74.69376850568808
outcome-lag-64,3,111,completed,224,26.310546875,97.3984375,301.88805489981405,308.19904283790953,297.5932194238214,85.20734678481236
outcome-lag-64,3,111,completed,256,27.623046875,120.1484375,338.8829145293713,348.2273346282454,334.21195323406454,94.83100579506728
outcome-lag-64,3,111,completed,288,28.361328125,137.5390625,367.0193914603416,380.1746492263204,362.24469354965555,102.9489773153824
outcome-lag-64,3,111,completed,320,29.673828125,160.2890625,396.83753490359777,413.4300115246721,391.803959571,109.90035864149884
outcome-lag-64,3,111,completed,352,29.673828125,170.7890625,414.78695674550386,434.3439117005908,409.7533814129061,114.78012174923353
outcome-lag-64,3,111,completed,384,30.453125,188.5625,437.3313714274534,459.790615893927,432.2022938300643,119.55760647321843
outcome-lag-64,3,111,completed,416,30.453125,199.0625,456.29334747178393,482.0637507525396,451.1642698743949,124.57878602920287
outcome-lag-64,3,111,completed,448,30.822265625,213.0078125,474.289810909561,502.5377995770265,469.15961835250283,128.4414737013473
outcome-lag-64,3,111,completed,480,30.822265625,223.5078125,489.9660998630089,520.946413122082,484.8359073059507,132.37018897336415
outcome-lag-64,3,111,completed,512,30.986328125,235.5390625,506.39821642389427,539.5477153061466,501.2680238668361,135.63609973669574
outcome-lag-64,3,111,plugin,32,1.185546875,10.7421875,52.0,52.0,52.0,16.515054729790922
outcome-lag-64,3,111,plugin,64,1.310546875,19.7421875,104.0,103.95272743624736,103.95272743624736,37.0992401670317
outcome-lag-64,3,111,plugin,96,1.435546875,28.7421875,146.48685803585147,144.72476828536531,144.72476828536531,53.482613209134115
outcome-lag-64,3,111,plugin,128,1.474609375,38.7734375,185.584520599251,186.4532181591322,183.68899836907264,68.34916198605988
outcome-lag-64,3,111,plugin,160,1.474609375,49.2734375,218.90078827728573,222.73219737622418,217.00526604710737,79.52283531126356
outcome-lag-64,3,111,plugin,192,1.474609375,59.7734375,246.0243727944329,252.52421595904846,244.12774875066205,87.76823796861214
outcome-lag-64,3,111,plugin,224,1.474609375,70.2734375,273.24733902738654,283.689454958262,271.35071498361566,96.19636329144959
outcome-lag-64,3,111,plugin,256,1.474609375,80.7734375,295.2456468823413,309.078316057884,293.3490228385704,102.8495625280281
outcome-lag-64,3,111,plugin,288,1.474609375,91.2734375,316.9367720945273,334.5665257626965,315.04014805075644,109.47521461480547
outcome-lag-64,3,111,plugin,320,1.474609375,101.7734375,335.6362066592255,356.7973820925171,333.7395826154546,115.11960312164064
outcome-lag-64,3,111,plugin,352,1.474609375,112.2734375,352.70333248289904,376.7741620315739,350.80670843912816,119.69277090770571
outcome-lag-64,3,111,plugin,384,1.474609375,122.7734375,369.23568140144044,396.21297697965264,367.33905735766956,124.02835347394682
outcome-lag-64,3,111,plugin,416,1.474609375,133.2734375,387.30649817423927,417.46483818701626,385.4098741304684,128.7006259925325
outcome-lag-64,3,111,plugin,448,1.474609375,143.7734375,402.03767549794276,434.5769127687355,400.1410514541719,132.27534460707398
outcome-lag-64,3,111,plugin,480,1.474609375,154.2734375,417.1639730628507,452.33994182450255,415.2673490190798,135.98962036043514
outcome-lag-64,3,111,plugin,512,1.474609375,164.7734375,432.04063717535587,469.3206885373881,430.144013131585,139.08649309925394
outcome-lag-64,3,111,safe,32,8.375,0.0,32.0,32.0,32.0,11.716124411742957
outcome-lag-64,3,111,safe,64,16.75,0.0,64.0,63.952727436247365,63.952727436247365,21.428155199471167
outcome-lag-64,3,111,safe,96,25.125,0.0,95.48685803585155,93.72476828536543,93.72476828536543,32.2498443588576
outcome-lag-64,3,111,safe,128,33.5,0.0,119.82516754984233,120.25558793531938,117.95531256212226,42.819393790919705
outcome-lag-64,3,111,safe,160,41.875,0.0,138.7143516964658,141.55671748993794,136.8444967087457,50.065523178019035
outcome-lag-64,3,111,safe,192,50.25,0.0,154.59306164284462,159.88868159790812,152.72320665512453,55.694875081142364
outcome-lag-64,3,111,safe,224,58.625,0.0,168.58812148928675,176.5072280951908,166.71826650156666,60.63474722029199
outcome-lag-64,3,111,safe,256,67.0,0.0,181.26525737581622,191.15939792034874,179.39540238809613,64.4184294437638
outcome-lag-64,3,111,safe,288,75.375,0.0,192.90564940545588,204.77253261539067,191.0357944177358,67.82491697648074
outcome-lag-64,3,111,safe,320,83.75,0.0,203.7512114561545,217.80105797004788,201.8813564684344,71.20069455651894
outcome-lag-64,3,111,safe,352,92.125,0.0,213.94242276205668,230.1166813970716,212.0725677743366,74.33602354976463
outcome-lag-64,3,111,safe,384,100.5,0.0,223.57951247532304,241.8470046753962,221.70965748760295,77.29525569804055
outcome-lag-64,3,111,safe,416,108.875,0.0,232.74913711275894,252.89252241048408,230.87928212503886,79.92860280059224
outcome-lag-64,3,111,safe,448,117.25,0.0,241.50999352717682,263.10473623014246,239.64013853945673,82.0468086604427
outcome-lag-64,3,111,safe,480,125.625,0.0,249.90958923870699,273.1304340735359,248.0397342509869,84.26307882141884
outcome-lag-64,3,111,safe,512,134.0,0.0,257.99770443413615,282.5688591445672,256.1278494464161,86.14859644612842
outcome-lag-64,3,111,known,32,0.0,10.5,56.0,56.0,56.0,18.184468747444946
outcome-lag-64,3,111,known,64,0.0,21.0,108.0,107.95272743624736,107.95272743624736,38.01142438097722
outcome-lag-64,3,111,known,96,0.0,31.5,154.48685803585147,152.72476828536531,152.72476828536531,55.88176999979242
outcome-lag-64,3,111,known,128,0.0,42.0,193.61940611263762,194.743535432041,191.74955112491756,71.05840576001835
outcome-lag-64,3,111,known,160,0.0,52.5,225.8413159044648,230.1898262509616,223.97146091674475,82.14844141835425
outcome-lag-64,3,111,known,192,0.0,63.0,252.01139449619527,259.23386895042756,250.14153950847523,90.14051344662941
outcome-lag-64,3,111,known,224,0.0,73.5,278.37010266704533,289.56140934971074,276.5002476793253,98.25008698357246
outcome-lag-64,3,111,known,256,0.0,84.0,299.8546258643207,314.4084264309985,297.9847708766007,104.67745004908292
outcome-lag-64,3,111,known,288,0.0,94.5,321.073961523165,339.3657256046578,319.20410653544496,111.07859807587123
outcome-lag-64,3,111,known,320,0.0,105.0,339.4589820300235,361.2361077871206,337.58912704230346,116.58168731186426
outcome-lag-64,3,111,known,352,0.0,115.5,356.2859129910384,380.95134397444207,354.41605800331837,121.07294950396927
outcome-lag-64,3,111,known,384,0.0,126.0,372.60257227630836,400.1498351924544,370.73271728858833,125.33642378331983
outcome-lag-64,3,111,known,416,0.0,136.5,390.4189607648677,421.106243994486,388.54910577714764,129.91120097946143
outcome-lag-64,3,111,known,448,0.0,147.0,404.99097373188613,438.0326043843367,403.1211187441661,133.42161594827252
outcome-lag-64,3,111,known,480,0.0,157.5,419.95518282673765,455.60385475267867,418.0853278390176,137.07407492084423
outcome-lag-64,3,111,known,512,0.0,168.0,434.6811045462561,472.4153060617444,432.8112495585361,140.12445555085986
outcome-lag-64,3,111,product,32,0.0,10.5,56.0,56.0,56.0,18.184468747444946
outcome-lag-64,3,111,product,64,0.0,21.0,108.0,107.95272743624736,107.95272743624736,38.01142438097722
outcome-lag-64,3,111,product,96,0.0,31.5,154.48685803585147,152.72476828536531,152.72476828536531,55.88176999979242
outcome-lag-64,3,111,product,128,0.0,42.0,193.61940611263762,194.743535432041,191.74955112491756,71.05840576001835
outcome-lag-64,3,111,product,160,0.0,52.5,225.8413159044648,230.1898262509616,223.97146091674475,82.14844141835425
outcome-lag-64,3,111,product,192,0.0,63.0,252.01139449619527,259.23386895042756,250.14153950847523,90.14051344662941
outcome-lag-64,3,111,product,224,0.0,73.5,278.37010266704533,289.56140934971074,276.5002476793253,98.25008698357246
outcome-lag-64,3,111,product,256,0.0,84.0,299.8546258643207,314.4084264309985,297.9847708766007,104.67745004908292
outcome-lag-64,3,111,product,288,0.0,94.5,321.073961523165,339.3657256046578,319.20410653544496,111.07859807587123
outcome-lag-64,3,111,product,320,0.0,105.0,339.4589820300235,361.2361077871206,337.58912704230346,116.58168731186426
outcome-lag-64,3,111,product,352,0.0,115.5,356.2859129910384,380.95134397444207,354.41605800331837,121.07294950396927
outcome-lag-64,3,111,product,384,0.0,126.0,372.60257227630836,400.1498351924544,370.73271728858833,125.33642378331983
outcome-lag-64,3,111,product,416,0.0,136.5,390.4189607648677,421.106243994486,388.54910577714764,129.91120097946143
outcome-lag-64,3,111,product,448,0.0,147.0,404.99097373188613,438.0326043843367,403.1211187441661,133.42161594827252
outcome-lag-64,3,111,product,480,0.0,157.5,419.95518282673765,455.60385475267867,418.0853278390176,137.07407492084423
outcome-lag-64,3,111,product,512,0.0,168.0,434.6811045462561,472.4153060617444,432.8112495585361,140.12445555085986
single-blocker,3,111,prefix,32,1.3125,22.75,64.0,63.96821681185914,63.96821681185914,10.3543938493805
single-blocker,3,111,prefix,64,2.625,45.5,128.0,120.04266333381734,120.04266333381734,12.626004181451274
single-blocker,3,111,prefix,96,3.9375,68.25,192.0,167.38490272941007,167.38490272941007,13.957160271426105
single-blocker,3,111,prefix,128,5.25,91.0,256.0,207.0898499660204,207.0898499660204,14.845503404608895
single-blocker,3,111,prefix,160,6.5625,113.75,320.0,241.75721901524136,241.75721901524136,15.523718611257085
single-blocker,3,111,prefix,192,7.875,136.5,384.0,273.18713627571475,273.18713627571475,16.083073256818366
single-blocker,3,111,prefix,224,9.1875,159.25,448.0,301.5091284078921,301.5091284078921,16.536412452971923
single-blocker,3,111,prefix,256,10.5,182.0,512.0,328.2612433098331,328.2612433098331,16.94360554897321
single-blocker,3,111,prefix,288,11.8125,204.75,576.0,353.11400623705214,353.11400623705214,17.29472350413072
single-blocker,3,111,prefix,320,13.125,227.5,640.0,376.8252130534637,376.8252130534637,17.61556458533688
single-blocker,3,111,prefix,352,14.4375,250.25,704.0,399.40934479998094,399.40934479998094,17.90694570786779
single-blocker,3,111,prefix,384,15.75,273.0,768.0,420.8987344300333,420.8987344300333,18.170685896062864
single-blocker,3,111,prefix,416,17.0625,295.75,832.0,441.1510544908601,441.1510544908601,18.40417902141151
single-blocker,3,111,prefix,448,18.375,318.5,896.0,461.03400998137533,461.03400998137533,18.63073427380242
single-blocker,3,111,prefix,480,19.6875,341.25,960.0,480.0381106895262,480.0381106895262,18.837343338861384
single-blocker,3,111,prefix,512,21.0,364.0,1024.0,498.3573779493433,498.3573779493433,19.029353075707036
single-blocker,3,111,intersection,32,1.3125,22.75,64.0,63.96821681185914,63.96821681185914,10.3543938493805
single-blocker,3,111,intersection,64,2.625,45.5,128.0,120.04266333381734,120.04266333381734,12.626004181451274
single-blocker,3,111,intersection,96,3.9375,68.25,192.0,167.38490272941007,167.38490272941007,13.957160271426105
single-blocker,3,111,intersection,128,5.25,91.0,256.0,207.0898499660204,207.0898499660204,14.845503404608895
single-blocker,3,111,intersection,160,6.5625,113.75,320.0,241.75721901524136,241.75721901524136,15.523718611257085
single-blocker,3,111,intersection,192,7.875,136.5,384.0,273.18713627571475,273.18713627571475,16.083073256818366
single-blocker,3,111,intersection,224,9.1875,159.25,448.0,301.5091284078921,301.5091284078921,16.536412452971923
single-blocker,3,111,intersection,256,10.5,182.0,512.0,328.2612433098331,328.2612433098331,16.94360554897321
single-blocker,3,111,intersection,288,11.8125,204.75,576.0,353.11400623705214,353.11400623705214,17.29472350413072
single-blocker,3,111,intersection,320,12.87890625,225.203125,639.0,376.3621782705998,376.3621782705998,17.608045788344402
single-blocker,3,111,intersection,352,12.87890625,235.703125,687.0,391.7643389469903,391.7643389469903,17.786232469518577
single-blocker,3,111,intersection,384,12.87890625,246.203125,736.0,406.8674822209533,406.8674822209533,17.95435880481996
single-blocker,3,111,intersection,416,12.87890625,256.703125,791.0,423.4293400786112,423.4293400786112,18.134585056587934
single-blocker,3,111,intersection,448,12.87890625,267.203125,839.0,436.98362955077476,436.98362955077476,18.272929107711956
single-blocker,3,111,intersection,480,12.87890625,277.703125,890.0,451.0426792937734,451.0426792937734,18.413187454940314
single-blocker,3,111,intersection,512,12.87890625,288.203125,942.0,464.9381899683567,464.9381899683567,18.547627450473563
single-blocker,3,111,completed,32,1.3125,22.75,64.0,63.96821681185914,63.96821681185914,10.3543938493805
single-blocker,3,111,completed,64,2.625,45.5,128.0,120.04266333381734,120.04266333381734,12.626004181451274
single-blocker,3,111,completed,96,3.9375,68.25,192.0,167.38490272941007,167.38490272941007,13.957160271426105
single-blocker,3,111,completed,128,5.25,91.0,256.0,207.0898499660204,207.0898499660204,14.845503404608895
single-blocker,3,111,completed,160,6.5625,113.75,320.0,241.75721901524136,241.75721901524136,15.523718611257085
single-blocker,3,111,completed,192,7.875,136.5,384.0,273.18713627571475,273.18713627571475,16.083073256818366
single-blocker,3,111,completed,224,9.1875,159.25,448.0,301.5091284078921,301.5091284078921,16.536412452971923
single-blocker,3,111,completed,256,10.5,182.0,512.0,328.2612433098331,328.2612433098331,16.94360554897321
single-blocker,3,111,completed,288,11.8125,204.75,576.0,353.11400623705214,353.11400623705214,17.29472350413072
single-blocker,3,111,completed,320,12.6328125,222.90625,635.0,374.49204017692443,374.49204017692443,17.577392197305578
single-blocker,3,111,completed,352,12.6328125,233.40625,683.0,389.8942008533149,389.8942008533149,17.755578878479753
single-blocker,3,111,completed,384,12.6328125,243.90625,732.0,404.9973441272779,404.9973441272779,17.923705213781137
single-blocker,3,111,completed,416,12.6328125,254.40625,787.0,421.5592019849358,421.5592019849358,18.10393146554911
single-blocker,3,111,completed,448,12.6328125,264.90625,835.0,435.11349145709937,435.11349145709937,18.242275516673132
single-blocker,3,111,completed,480,12.6328125,275.40625,886.0,449.172541200098,449.172541200098,18.38253386390149
single-blocker,3,111,completed,512,12.6328125,285.90625,938.0,463.0680518746813,463.0680518746813,18.51697385943474
single-blocker,3,111,plugin,32,0.603515625,14.6328125,58.0,57.96821681185914,57.96821681185914,9.218058445653792
single-blocker,3,111,plugin,64,0.603515625,25.1328125,110.0,102.2182918707478,102.2182918707478,10.555008710354107
single-blocker,3,111,plugin,96,0.603515625,35.6328125,157.0,133.05477502790163,133.05477502790163,11.265359695321123
single-blocker,3,111,plugin,128,0.603515625,46.1328125,206.0,160.57967096566153,160.57967096566153,11.813356889808878
single-blocker,3,111,plugin,160,0.603515625,56.6328125,256.0,185.43811624741957,185.43811624741957,12.253690403994648
single-blocker,3,111,plugin,192,0.603515625,67.1328125,304.0,206.87403718880597,206.87403718880597,12.596073986933888
single-blocker,3,111,plugin,224,0.603515625,77.6328125,358.0,229.4753409650895,229.4753409650895,12.935219251348125
single-blocker,3,111,plugin,256,0.603515625,88.1328125,407.0,248.17842437763508,248.17842437763508,13.19148446864175
single-blocker,3,111,plugin,288,0.603515625,98.6328125,459.0,267.00624812369847,267.00624812369847,13.436639530502786
single-blocker,3,111,plugin,320,0.603515625,109.1328125,508.0,283.59481171455303,283.59481171455303,13.638839699310976
single-blocker,3,111,plugin,352,0.603515625,119.6328125,556.0,299.0130936573134,299.0130936573134,13.817456661512448
single-blocker,3,111,plugin,384,0.603515625,130.1328125,605.0,314.1313656469268,314.1313656469268,13.985970965228638
single-blocker,3,111,plugin,416,0.603515625,140.6328125,660.0,330.7110647433018,330.7110647433018,14.166634995366561
single-blocker,3,111,plugin,448,0.603515625,151.1328125,708.0,344.2763154243556,344.2763154243556,14.305237373500287
single-blocker,3,111,plugin,480,0.603515625,161.6328125,759.0,358.3471133062359,358.3471133062359,14.445763582906514
single-blocker,3,111,plugin,512,0.603515625,172.1328125,811.0,372.25373836248104,372.25373836248104,14.580448388467175
single-blocker,3,111,safe,32,8.375,0.0,32.0,31.968216811859147,31.968216811859147,4.02724519543652
single-blocker,3,111,safe,64,16.75,0.0,64.0,57.42435623340214,57.42435623340214,4.7282659037057675
single-blocker,3,111,safe,96,25.125,0.0,96.0,76.78319682780861,76.78319682780861,5.136346480888775
single-blocker,3,111,safe,128,33.5,0.0,128.0,93.03345515740088,93.03345515740088,5.425334592589174
single-blocker,3,111,safe,160,41.875,0.0,160.0,107.31238195727079,107.31238195727079,5.649261224939744
single-blocker,3,111,safe,192,50.25,0.0,192.0,120.1978375468853,120.1978375468853,5.832104609707439
single-blocker,3,111,safe,224,58.625,0.0,224.0,132.0310352083931,132.0310352083931,5.986627913082163
single-blocker,3,111,safe,256,67.0,0.0,256.0,143.03333360981438,143.03333360981438,6.120438712817281
single-blocker,3,111,safe,288,75.375,0.0,288.0,153.35798108855585,153.35798108855585,6.238439029233648
single-blocker,3,111,safe,320,83.75,0.0,320.0,163.1162631808352,163.1162631808352,6.343973346894013
single-blocker,3,111,safe,352,92.125,0.0,352.0,172.39200998111025,172.39200998111025,6.43942571339101
single-blocker,3,111,safe,384,100.5,0.0,384.0,181.25023096678382,181.25023096678382,6.5265555690159704
single-blocker,3,111,safe,416,108.875,0.0,416.0,189.74254455085054,189.74254455085054,6.6066985205464555
single-blocker,3,111,safe,448,117.25,0.0,448.0,197.91074640079475,197.91074640079475,6.680892410683006
single-blocker,3,111,safe,480,125.625,0.0,480.0,205.78924141297622,205.78924141297622,6.7499597404471405
single-blocker,3,111,safe,512,134.0,0.0,512.0,213.40675252840046,213.40675252840046,6.81456340954972
single-blocker,3,111,known,32,0.0,10.5,56.0,55.96821681185914,55.96821681185914,7.7615367065233585
single-blocker,3,111,known,64,0.0,21.0,108.0,100.04266333381734,100.04266333381734,9.078264524307597
single-blocker,3,111,known,96,0.0,31.5,155.0,130.76180410793668,130.76180410793668,9.782601074631469
single-blocker,3,111,known,128,0.0,42.0,204.0,158.1995992784237,158.1995992784237,10.326690223142213
single-blocker,3,111,known,160,0.0,52.5,254.0,182.9936073080328,182.9936073080328,10.764443092166697
single-blocker,3,111,known,192,0.0,63.0,302.0,204.38638318591737,204.38638318591737,11.105248298860497
single-blocker,3,111,known,224,0.0,73.5,356.0,226.94195458853144,226.94195458853144,11.442852839134387
single-blocker,3,111,known,256,0.0,84.0,405.0,245.6169969905728,245.6169969905728,11.69824122539851
single-blocker,3,111,known,288,0.0,94.5,457.0,264.41749882350064,264.41749882350064,11.942591911455162
single-blocker,3,111,known,320,0.0,105.0,506.0,280.98644496323163,280.98644496323163,12.144245104716381
single-blocker,3,111,known,352,0.0,115.5,554.0,296.3886056396221,296.3886056396221,12.322431785890558
single-blocker,3,111,known,384,0.0,126.0,603.0,311.4917489135851,311.4917489135851,12.49055812119194
single-blocker,3,111,known,416,0.0,136.5,658.0,328.053606771243,328.053606771243,12.670784372959922
single-blocker,3,111,known,448,0.0,147.0,706.0,341.60789624340657,341.60789624340657,12.809128424083942
single-blocker,3,111,known,480,0.0,157.5,757.0,355.6669459864052,355.6669459864052,12.94938677131231
single-blocker,3,111,known,512,0.0,168.0,809.0,369.5624566609885,369.5624566609885,13.083826766845558
single-blocker,3,111,product,32,0.0,10.5,56.0,55.96821681185914,55.96821681185914,7.7615367065233585
single-blocker,3,111,product,64,0.0,21.0,108.0,100.04266333381734,100.04266333381734,9.078264524307597
single-blocker,3,111,product,96,0.0,31.5,155.0,130.76180410793668,130.76180410793668,9.782601074631469
single-blocker,3,111,product,128,0.0,42.0,204.0,158.1995992784237,158.1995992784237,10.326690223142213
single-blocker,3,111,product,160,0.0,52.5,254.0,182.9936073080328,182.9936073080328,10.764443092166697
single-blocker,3,111,product,192,0.0,63.0,302.0,204.38638318591737,204.38638318591737,11.105248298860497
single-blocker,3,111,product,224,0.0,73.5,356.0,226.94195458853144,226.94195458853144,11.442852839134387
single-blocker,3,111,product,256,0.0,84.0,405.0,245.6169969905728,245.6169969905728,11.69824122539851
single-blocker,3,111,product,288,0.0,94.5,457.0,264.41749882350064,264.41749882350064,11.942591911455162
single-blocker,3,111,product,320,0.0,105.0,506.0,280.98644496323163,280.98644496323163,12.144245104716381
single-blocker,3,111,product,352,0.0,115.5,554.0,296.3886056396221,296.3886056396221,12.322431785890558
single-blocker,3,111,product,384,0.0,126.0,603.0,311.4917489135851,311.4917489135851,12.49055812119194
single-blocker,3,111,product,416,0.0,136.5,658.0,328.053606771243,328.053606771243,12.670784372959922
single-blocker,3,111,product,448,0.0,147.0,706.0,341.60789624340657,341.60789624340657,12.809128424083942
single-blocker,3,111,product,480,0.0,157.5,757.0,355.6669459864052,355.6669459864052,12.94938677131231
single-blocker,3,111,product,512,0.0,168.0,809.0,369.5624566609885,369.5624566609885,13.083826766845558
outcome-lag-64,5,111,prefix,32,0.0,19.25,64.0,64.0,64.0,26.93929717964845
outcome-lag-64,5,111,prefix,64,0.0,38.5,128.0,128.0,128.0,60.62373110380171
outcome-lag-64,5,111,prefix,96,0.0,57.75,191.8480843469049,190.90839782041786,190.90839782041786,88.59039328046543
outcome-lag-64,5,111,prefix,128,0.0,77.0,247.73061201549186,246.3136804904048,245.80482784109137,107.87001166246338
outcome-lag-64,5,111,prefix,160,0.0,96.25,292.83523242677944,294.28414819814105,290.8657035035257,122.58084987469239
outcome-lag-64,5,111,prefix,192,0.0,115.5,330.8996320160381,336.01458863343044,328.93010309278435,133.7731586185204
outcome-lag-64,5,111,prefix,224,0.0,134.75,365.0635639293272,373.93599364371147,363.09403500607345,143.1593345236763
outcome-lag-64,5,111,prefix,256,0.0,154.0,396.0379657144879,409.67053535591407,394.06843679123415,152.4178585513376
outcome-lag-64,5,111,prefix,288,0.0,173.25,424.03448975063105,442.1934124063862,422.0649608273773,160.4377362078596
outcome-lag-64,5,111,prefix,320,0.0,192.5,450.13082393297674,471.85952285193565,448.161295009723,166.84909673517234
outcome-lag-64,5,111,prefix,352,0.0,211.75,474.70865557143577,500.0456194992275,472.73912664818204,172.84465095749758
outcome-lag-64,5,111,prefix,384,0.0,231.0,498.24440999988406,527.7966246847606,496.2748810766303,179.20324288207033
outcome-lag-64,5,111,prefix,416,0.0,250.25,520.2806478239137,553.469927152355,518.31111890066,184.62439574510768
outcome-lag-64,5,111,prefix,448,0.0,269.5,541.417135299399,577.9375771802846,539.4476063761452,189.5474221006365
outcome-lag-64,5,111,prefix,480,0.0,288.75,561.8064446186278,601.9766202977967,559.836915695374,194.62469946599364
outcome-lag-64,5,111,prefix,512,0.0,308.0,581.258100364287,624.7241538586188,579.2885714410332,199.19296064554973
outcome-lag-64,5,111,intersection,32,0.0,19.25,64.0,64.0,64.0,26.93929717964845
outcome-lag-64,5,111,intersection,64,0.0,38.5,128.0,128.0,128.0,60.62373110380171
outcome-lag-64,5,111,intersection,96,0.0,57.75,191.8480843469049,190.90839782041786,190.90839782041786,88.59039328046543
outcome-lag-64,5,111,intersection,128,0.0,77.0,247.73061201549186,246.3136804904048,245.80482784109137,107.87001166246338
outcome-lag-64,5,111,intersection,160,0.0,96.25,292.83523242677944,294.28414819814105,290.8657035035257,122.58084987469239
outcome-lag-64,5,111,intersection,192,0.0,115.5,330.8996320160381,336.01458863343044,328.93010309278435,133.7731586185204
outcome-lag-64,5,111,intersection,224,0.0,134.75,365.0635639293272,373.93599364371147,363.09403500607345,143.1593345236763
outcome-lag-64,5,111,intersection,256,0.0,154.0,396.0379657144879,409.67053535591407,394.06843679123415,152.4178585513376
outcome-lag-64,5,111,intersection,288,0.0,173.25,424.03448975063105,442.1934124063862,422.0649608273773,160.4377362078596
outcome-lag-64,5,111,intersection,320,0.0,192.5,450.13082393297674,471.85952285193565,448.161295009723,166.84909673517234
outcome-lag-64,5,111,intersection,352,0.0,211.75,474.70865557143577,500.0456194992275,472.73912664818204,172.84465095749758
outcome-lag-64,5,111,intersection,384,0.0,231.0,498.24440999988406,527.7966246847606,496.2748810766303,179.20324288207033
outcome-lag-64,5,111,intersection,416,0.0,250.25,520.2806478239137,553.469927152355,518.31111890066,184.62439574510768
outcome-lag-64,5,111,intersection,448,0.0,269.5,541.417135299399,577.9375771802846,539.4476063761452,189.5474221006365
outcome-lag-64,5,111,intersection,480,0.0,288.75,561.8064446186278,601.9766202977967,559.836915695374,194.62469946599364
outcome-lag-64,5,111,intersection,512,0.0,308.0,581.258100364287,624.7241538586188,579.2885714410332,199.19296064554973
outcome-lag-64,5,111,completed,32,0.0,19.25,64.0,64.0,64.0,26.93929717964845
outcome-lag-64,5,111,completed,64,3.57421875,32.484375,118.0,118.0,118.0,55.207300650423264
outcome-lag-64,5,111,completed,96,5.361328125,48.7265625,176.8480843469049,175.90839782041786,175.90839782041786,79.98986282519434
outcome-lag-64,5,111,completed,128,5.361328125,67.9765625,233.06705967940078,231.94948214334278,231.47716558118913,98.6159769281201
outcome-lag-64,5,111,completed,160,5.361328125,87.2265625,280.6706919926455,281.0219293634538,278.72495142586445,114.23925581900154
outcome-lag-64,5,111,completed,192,5.361328125,106.4765625,320.43739082649194,324.18891444228575,318.49165025971087,126.03300794078073
outcome-lag-64,5,111,completed,224,5.361328125,125.7265625,355.87179947889064,363.27266992655615,353.92605891210957,135.85838458939486
outcome-lag-64,5,111,completed,256,5.361328125,144.9765625,387.78720681498805,399.9482069388551,385.841466248207,145.49780960005376
outcome-lag-64,5,111,completed,288,5.361328125,164.2265625,416.4350091596468,433.13552321460344,414.48926859286576,153.7645787178269
outcome-lag-64,5,111,completed,320,5.361328125,183.4765625,443.04605102997476,463.33677646198134,441.1003104631937,160.35082029335507
outcome-lag-64,5,111,completed,352,5.361328125,202.7265625,468.0543457430563,491.9926545082688,466.1086051762752,166.501100947204
outcome-lag-64,5,111,completed,384,5.361328125,221.9765625,491.9823307655543,520.1893689891558,490.03659019877324,173.0167495410221
outcome-lag-64,5,111,completed,416,5.361328125,241.2265625,514.3221662786042,546.2081418381847,512.3764257118231,178.5506638260665
outcome-lag-64,5,111,completed,448,5.361328125,260.4765625,535.7268475276818,570.9905155109274,533.7811069609007,183.57745466263418
outcome-lag-64,5,111,completed,480,5.361328125,279.7265625,556.3607980142922,595.3339352073751,554.4150574475111,188.76343758320147
outcome-lag-64,5,111,completed,512,5.361328125,298.9765625,576.0174316629174,618.3296321476082,574.0716910961363,193.41336567315454
outcome-lag-64,5,111,plugin,32,4.078125,11.09375,50.0,50.0,50.0,19.724205327056595
outcome-lag-64,5,111,plugin,64,7.265625,20.09375,97.0,97.0,97.0,42.550845161193834
outcome-lag-64,5,111,plugin,96,10.357421875,29.3671875,149.8480843469049,148.9083978204179,148.9083978204179,63.660113537434675
outcome-lag-64,5,111,plugin,128,13.544921875,38.3671875,195.16395750616738,194.05284489652777,193.5829369761107,78.94525777563739
outcome-lag-64,5,111,plugin,160,14.33984375,54.203125,238.8884464542424,239.21838992811243,237.04453164552524,91.85332504324374
outcome-lag-64,5,111,plugin,192,17.048828125,64.5703125,266.90737146644125,269.5368704192548,265.0634566577241,100.127234495289
outcome-lag-64,5,111,plugin,224,18.9609375,77.5,298.38128445344375,303.38319665671776,296.53200372496474,108.39702324397774
outcome-lag-64,5,111,plugin,256,20.54296875,91.765625,325.0592808628339,333.081208580046,323.21000013435486,115.81133433172393
outcome-lag-64,5,111,plugin,288,22.056640625,105.9765625,350.5504697953071,361.9030009964054,348.7011890668281,122.84943294980548
outcome-lag-64,5,111,plugin,320,22.107421875,124.6171875,382.4821977490938,396.72139874091243,380.6329170206148,130.3148284867895
outcome-lag-64,5,111,plugin,352,22.193359375,142.8359375,412.50990307073414,429.8451757768059,410.6606223422551,138.5570708799429
outcome-lag-64,5,111,plugin,384,22.193359375,162.0859375,442.52413712131056,464.17269831889166,440.67485639283154,147.68978561285977
outcome-lag-64,5,111,plugin,416,22.193359375,181.3359375,468.36266522423523,493.92261271585045,466.5133844957562,154.69756810378507
outcome-lag-64,5,111,plugin,448,22.205078125,200.4453125,492.6678394782369,522.1185479414899,490.81855874975787,161.10343646631483
outcome-lag-64,5,111,plugin,480,22.205078125,219.6953125,515.9567535135336,549.8524341053114,514.1074727850546,167.74412950078764
outcome-lag-64,5,111,plugin,512,22.205078125,238.9453125,537.4926501621645,575.1949019917531,535.6433694336855,173.32773862055362
outcome-lag-64,5,111,safe,32,11.4375,0.0,32.0,32.0,32.0,12.746649549500816
outcome-lag-64,5,111,safe,64,22.875,0.0,64.0,64.0,64.0,29.20781069341816
outcome-lag-64,5,111,safe,96,34.3125,0.0,95.84808434690487,94.90839782041789,94.90839782041789,42.59701359425183
outcome-lag-64,5,111,safe,128,45.75,0.0,120.24573575394925,119.36885881421247,118.89895089379533,51.09620437015453
outcome-lag-64,5,111,safe,160,57.1875,0.0,139.0937740888183,139.67127090564145,137.7469892286644,57.34361629406427
outcome-lag-64,5,111,safe,192,68.625,0.0,154.96900390437528,157.53059907723244,153.6222190442214,62.500332260808385
outcome-lag-64,5,111,safe,224,80.0625,0.0,168.9798410249354,173.72949245051166,167.63305616478152,67.02055127595449
outcome-lag-64,5,111,safe,256,91.5,0.0,181.65678317145236,188.98312784511327,180.30999831129847,71.40569906886999
outcome-lag-64,5,111,safe,288,102.9375,0.0,193.31143438560673,203.3358051543654,191.96464952545284,75.55172921579714
outcome-lag-64,5,111,safe,320,114.375,0.0,204.16281851697326,216.2750876461964,202.81603365681937,78.838263933009
outcome-lag-64,5,111,safe,352,125.8125,0.0,214.34289676496417,228.45879694391567,212.99611190481028,81.84167879695018
outcome-lag-64,5,111,safe,384,137.25,0.0,223.98420212086043,240.40893205253198,222.63741726070654,85.0207227755178
outcome-lag-64,5,111,safe,416,148.6875,0.0,233.15478707790294,251.5839138376981,231.80800221774905,87.78353392814776
outcome-lag-64,5,111,safe,448,160.125,0.0,241.91763328208913,261.996139239771,240.57084842193524,90.10175137041291
outcome-lag-64,5,111,safe,480,171.5625,0.0,250.32005022131557,272.0258173958368,248.97326536116168,92.3220018440613
outcome-lag-64,5,111,safe,512,183.0,0.0,258.4066275483327,281.7270357261417,257.0598426881788,94.47031272804463
outcome-lag-64,5,111,known,32,0.0,19.25,64.0,64.0,64.0,26.93929717964845
outcome-lag-64,5,111,known,64,0.0,38.5,128.0,128.0,128.0,60.62373110380171
outcome-lag-64,5,111,known,96,0.0,57.75,191.8480843469049,190.90839782041786,190.90839782041786,88.59039328046543
outcome-lag-64,5,111,known,128,0.0,77.0,247.73061201549186,246.3136804904048,245.80482784109137,107.87001166246338
outcome-lag-64,5,111,known,160,0.0,96.25,292.83523242677944,294.28414819814105,290.8657035035257,122.58084987469239
outcome-lag-64,5,111,known,192,0.0,115.5,330.8996320160381,336.01458863343044,328.93010309278435,133.7731586185204
outcome-lag-64,5,111,known,224,0.0,134.75,365.0635639293272,373.93599364371147,363.09403500607345,143.1593345236763
outcome-lag-64,5,111,known,256,0.0,154.0,396.0379657144879,409.67053535591407,394.06843679123415,152.4178585513376
outcome-lag-64,5,111,known,288,0.0,173.25,424.03448975063105,442.1934124063862,422.0649608273773,160.4377362078596
outcome-lag-64,5,111,known,320,0.0,192.5,450.13082393297674,471.85952285193565,448.161295009723,166.84909673517234
outcome-lag-64,5,111,known,352,0.0,211.75,474.70865557143577,500.0456194992275,472.73912664818204,172.84465095749758
outcome-lag-64,5,111,known,384,0.0,231.0,498.24440999988406,527.7966246847606,496.2748810766303,179.20324288207033
outcome-lag-64,5,111,known,416,0.0,250.25,520.2806478239137,553.469927152355,518.31111890066,184.62439574510768
outcome-lag-64,5,111,known,448,0.0,269.5,541.417135299399,577.9375771802846,539.4476063761452,189.5474221006365
outcome-lag-64,5,111,known,480,0.0,288.75,561.8064446186278,601.9766202977967,559.836915695374,194.62469946599364
outcome-lag-64,5,111,known,512,0.0,308.0,581.258100364287,624.7241538586188,579.2885714410332,199.19296064554973
outcome-lag-64,5,111,product,32,9.625,24.75,64.0,64.0,64.0,29.126017479206265
outcome-lag-64,5,111,product,64,19.25,49.5,128.0,128.0,128.0,66.87216374376584
outcome-lag-64,5,111,product,96,28.875,74.25,191.77547641932736,190.90839782041786,190.83578989284032,98.72635194871876
outcome-lag-64,5,111,product,128,38.5,99.0,241.73474665415242,245.77499584681107,240.38796179399853,121.11696080630419
outcome-lag-64,5,111,product,160,48.125,123.75,280.41243080729487,291.13077166099015,279.065645947141,137.64871660806375
outcome-lag-64,5,111,product,192,57.75,148.5,315.0478745196403,331.4600938112088,313.7010896594864,150.25442977730873
outcome-lag-64,5,111,product,224,67.375,173.25,343.96146024626177,367.13502145755064,342.6146753861079,161.82943546607976
outcome-lag-64,5,111,product,256,77.0,198.0,370.30063615398973,400.6970141203276,368.95385129383584,172.76078278329413
outcome-lag-64,5,111,product,288,86.625,222.75,395.2659576404275,432.22966111299127,393.9191727802736,182.380399743304
outcome-lag-64,5,111,product,320,96.25,247.5,420.51420604536344,462.3637827912285,419.16742118520955,189.73715900095888
outcome-lag-64,5,111,product,352,105.875,272.25,443.2110488317012,489.6690416489992,441.8642639715473,196.29225889473864
outcome-lag-64,5,111,product,384,115.5,297.0,463.5093125544338,515.0052744461209,462.1625276942799,203.1036812082659
outcome-lag-64,5,111,product,416,125.125,321.75,483.57656334588165,539.8891033253406,482.22977848572776,209.53596784781615
outcome-lag-64,5,111,product,448,134.75,346.5,504.99325188299156,565.5565802165329,503.64646702283767,215.40494312858618
outcome-lag-64,5,111,product,480,144.375,371.25,522.8136794358633,587.7741214260503,521.4668945757095,221.0612696808655
outcome-lag-64,5,111,product,512,154.0,396.0,539.9947756533452,609.0484216723892,538.6479907931914,226.29597960524882
single-blocker,5,111,prefix,32,0.0,19.25,64.0,63.96821681185914,63.96821681185914,10.659536515227844
single-blocker,5,111,prefix,64,0.0,38.5,128.0,121.22759708485826,121.22759708485826,12.773646933117574
single-blocker,5,111,prefix,96,0.0,57.75,192.0,167.88066702102373,167.88066702102373,13.983501731751247
single-blocker,5,111,prefix,128,0.0,77.0,256.0,206.7991147788602,206.7991147788602,14.83204046919551
single-blocker,5,111,prefix,160,0.0,96.25,320.0,241.10105053108026,241.10105053108026,15.496408145430099
single-blocker,5,111,prefix,192,0.0,115.5,384.0,272.18782043306345,272.18782043306345,16.045046355952184
single-blocker,5,111,prefix,224,0.0,134.75,448.0,301.20363679918717,301.20363679918717,16.525633616951033
single-blocker,5,111,prefix,256,0.0,154.0,512.0,328.09204672002534,328.09204672002534,16.93802585324788
single-blocker,5,111,prefix,288,0.0,173.25,576.0,352.94652169274445,352.94652169274445,17.289501432017005
single-blocker,5,111,prefix,320,0.0,192.5,640.0,376.51824840615046,376.51824840615046,17.606478227186155
single-blocker,5,111,prefix,352,0.0,211.75,704.0,398.99763901311564,398.99763901311564,17.895326409184662
single-blocker,5,111,prefix,384,0.0,231.0,768.0,420.65893626699676,420.65893626699676,18.16421040210514
single-blocker,5,111,prefix,416,0.0,250.25,832.0,441.15105449085996,441.15105449085996,18.404179021411498
single-blocker,5,111,prefix,448,0.0,269.5,896.0,460.9193602342777,460.9193602342777,18.627861092428493
single-blocker,5,111,prefix,480,0.0,288.75,960.0,480.0919111528342,480.0919111528342,18.838646258829964
single-blocker,5,111,prefix,512,0.0,308.0,1024.0,498.46440293451076,498.46440293451076,19.031865659240506
single-blocker,5,111,intersection,32,0.0,19.25,64.0,63.96821681185914,63.96821681185914,10.659536515227844
single-blocker,5,111,intersection,64,0.0,38.5,128.0,121.22759708485826,121.22759708485826,12.773646933117574
single-blocker,5,111,intersection,96,0.0,57.75,192.0,167.88066702102373,167.88066702102373,13.983501731751247
single-blocker,5,111,intersection,128,0.0,77.0,256.0,206.7991147788602,206.7991147788602,14.83204046919551
single-blocker,5,111,intersection,160,0.0,96.25,320.0,241.10105053108026,241.10105053108026,15.496408145430099
single-blocker,5,111,intersection,192,0.0,115.5,384.0,272.18782043306345,272.18782043306345,16.045046355952184
single-blocker,5,111,intersection,224,0.0,134.75,448.0,301.20363679918717,301.20363679918717,16.525633616951033
single-blocker,5,111,intersection,256,0.0,154.0,512.0,328.09204672002534,328.09204672002534,16.93802585324788
single-blocker,5,111,intersection,288,0.0,173.25,576.0,352.94652169274445,352.94652169274445,17.289501432017005
single-blocker,5,111,intersection,320,0.0,192.5,640.0,376.51824840615046,376.51824840615046,17.606478227186155
single-blocker,5,111,intersection,352,0.0,211.75,704.0,398.99763901311564,398.99763901311564,17.895326409184662
single-blocker,5,111,intersection,384,0.0,231.0,768.0,420.65893626699676,420.65893626699676,18.16421040210514
single-blocker,5,111,intersection,416,0.0,250.25,832.0,441.15105449085996,441.15105449085996,18.404179021411498
single-blocker,5,111,intersection,448,0.0,269.5,896.0,460.9193602342777,460.9193602342777,18.627861092428493
single-blocker,5,111,intersection,480,0.0,288.75,960.0,480.0919111528342,480.0919111528342,18.838646258829964
single-blocker,5,111,intersection,512,0.0,308.0,1024.0,498.46440293451076,498.46440293451076,19.031865659240506
single-blocker,5,111,completed,32,0.0,19.25,64.0,63.96821681185914,63.96821681185914,10.659536515227844
single-blocker,5,111,completed,64,0.0,38.5,128.0,121.22759708485826,121.22759708485826,12.773646933117574
single-blocker,5,111,completed,96,0.0,57.75,192.0,167.88066702102373,167.88066702102373,13.983501731751247
single-blocker,5,111,completed,128,0.0,77.0,256.0,206.7991147788602,206.7991147788602,14.83204046919551
single-blocker,5,111,completed,160,0.0,96.25,320.0,241.10105053108026,241.10105053108026,15.496408145430099
single-blocker,5,111,completed,192,0.0,115.5,384.0,272.18782043306345,272.18782043306345,16.045046355952184
single-blocker,5,111,completed,224,0.0,134.75,448.0,301.20363679918717,301.20363679918717,16.525633616951033
single-blocker,5,111,completed,256,0.0,154.0,512.0,328.09204672002534,328.09204672002534,16.93802585324788
single-blocker,5,111,completed,288,0.0,173.25,576.0,352.94652169274445,352.94652169274445,17.289501432017005
single-blocker,5,111,completed,320,0.0,192.5,640.0,376.51824840615046,376.51824840615046,17.606478227186155
single-blocker,5,111,completed,352,0.0,211.75,704.0,398.99763901311564,398.99763901311564,17.895326409184662
single-blocker,5,111,completed,384,0.0,231.0,768.0,420.65893626699676,420.65893626699676,18.16421040210514
single-blocker,5,111,completed,416,0.0,250.25,832.0,441.15105449085996,441.15105449085996,18.404179021411498
single-blocker,5,111,completed,448,0.0,269.5,896.0,460.9193602342777,460.9193602342777,18.627861092428493
single-blocker,5,111,completed,480,0.0,288.75,960.0,480.0919111528342,480.0919111528342,18.838646258829964
single-blocker,5,111,completed,512,0.0,308.0,1024.0,498.46440293451076,498.46440293451076,19.031865659240506
single-blocker,5,111,plugin,32,1.818359375,14.0546875,54.0,53.96821681185914,53.96821681185914,9.491307521998849
single-blocker,5,111,plugin,64,4.880859375,24.5546875,104.0,97.22759708485825,97.22759708485825,10.929809227484538
single-blocker,5,111,plugin,96,7.943359375,35.0546875,157.0,133.62156458308556,133.62156458308556,11.8132920261482
single-blocker,5,111,plugin,128,11.005859375,45.5546875,211.0,164.4270004868665,164.4270004868665,12.436168464199415
single-blocker,5,111,plugin,160,14.068359375,56.0546875,264.0,190.72671656699538,190.72671656699538,12.899871065811693
single-blocker,5,111,plugin,192,17.130859375,66.5546875,316.0,213.8943449604369,213.8943449604369,13.267569535716301
single-blocker,5,111,plugin,224,20.193359375,77.0546875,364.0,233.33107910160473,233.33107910160473,13.54874341360314
single-blocker,5,111,plugin,256,23.255859375,87.5546875,412.0,251.48966686022797,251.48966686022797,13.7949526347945
single-blocker,5,111,plugin,288,26.318359375,98.0546875,464.0,270.23630292596454,270.23630292596454,14.037724757493004
single-blocker,5,111,plugin,320,29.380859375,108.5546875,515.0,287.542376918804,287.542376918804,14.248912529945816
single-blocker,5,111,plugin,352,32.443359375,119.0546875,565.0,303.62211911027003,303.62211911027003,14.435107019019036
single-blocker,5,111,plugin,384,35.505859375,129.5546875,612.0,317.92499711784785,317.92499711784785,14.592032510498743
single-blocker,5,111,plugin,416,38.568359375,140.0546875,663.0,333.05360677124287,333.05360677124287,14.754117706293268
single-blocker,5,111,plugin,448,41.630859375,150.5546875,713.0,347.26910941551233,347.26910941551233,14.900198730270537
single-blocker,5,111,plugin,480,44.693359375,161.0546875,761.0,360.3471133062355,360.3471133062355,15.02909691623985
single-blocker,5,111,plugin,512,47.755859375,171.5546875,812.0,373.944491524393,373.944491524393,15.160391891292036
single-blocker,5,111,safe,32,11.4375,0.0,32.0,31.968216811859147,31.968216811859147,4.02724519543652
single-blocker,5,111,safe,64,22.875,0.0,64.0,57.42435623340214,57.42435623340214,4.7282659037057675
single-blocker,5,111,safe,96,34.3125,0.0,96.0,76.78319682780861,76.78319682780861,5.136346480888775
single-blocker,5,111,safe,128,45.75,0.0,128.0,93.03345515740088,93.03345515740088,5.425334592589174
single-blocker,5,111,safe,160,57.1875,0.0,160.0,107.31238195727079,107.31238195727079,5.649261224939744
single-blocker,5,111,safe,192,68.625,0.0,192.0,120.1978375468853,120.1978375468853,5.832104609707439
single-blocker,5,111,safe,224,80.0625,0.0,224.0,132.0310352083931,132.0310352083931,5.986627913082163
single-blocker,5,111,safe,256,91.5,0.0,256.0,143.03333360981438,143.03333360981438,6.120438712817281
single-blocker,5,111,safe,288,102.9375,0.0,288.0,153.35798108855585,153.35798108855585,6.238439029233648
single-blocker,5,111,safe,320,114.375,0.0,320.0,163.1162631808352,163.1162631808352,6.343973346894013
single-blocker,5,111,safe,352,125.8125,0.0,352.0,172.39200998111025,172.39200998111025,6.43942571339101
single-blocker,5,111,safe,384,137.25,0.0,384.0,181.25023096678382,181.25023096678382,6.5265555690159704
single-blocker,5,111,safe,416,148.6875,0.0,416.0,189.74254455085054,189.74254455085054,6.6066985205464555
single-blocker,5,111,safe,448,160.125,0.0,448.0,197.91074640079475,197.91074640079475,6.680892410683006
single-blocker,5,111,safe,480,171.5625,0.0,480.0,205.78924141297622,205.78924141297622,6.7499597404471405
single-blocker,5,111,safe,512,183.0,0.0,512.0,213.40675252840046,213.40675252840046,6.81456340954972
single-blocker,5,111,known,32,0.0,19.25,64.0,63.96821681185914,63.96821681185914,10.659536515227844
single-blocker,5,111,known,64,0.0,38.5,128.0,121.22759708485826,121.22759708485826,12.773646933117574
single-blocker,5,111,known,96,0.0,57.75,192.0,167.88066702102373,167.88066702102373,13.983501731751247
single-blocker,5,111,known,128,0.0,77.0,256.0,206.7991147788602,206.7991147788602,14.83204046919551
single-blocker,5,111,known,160,0.0,96.25,320.0,241.10105053108026,241.10105053108026,15.496408145430099
single-blocker,5,111,known,192,0.0,115.5,384.0,272.18782043306345,272.18782043306345,16.045046355952184
single-blocker,5,111,known,224,0.0,134.75,448.0,301.20363679918717,301.20363679918717,16.525633616951033
single-blocker,5,111,known,256,0.0,154.0,512.0,328.09204672002534,328.09204672002534,16.93802585324788
single-blocker,5,111,known,288,0.0,173.25,576.0,352.94652169274445,352.94652169274445,17.289501432017005
single-blocker,5,111,known,320,0.0,192.5,640.0,376.51824840615046,376.51824840615046,17.606478227186155
single-blocker,5,111,known,352,0.0,211.75,704.0,398.99763901311564,398.99763901311564,17.895326409184662
single-blocker,5,111,known,384,0.0,231.0,768.0,420.65893626699676,420.65893626699676,18.16421040210514
single-blocker,5,111,known,416,0.0,250.25,832.0,441.15105449085996,441.15105449085996,18.404179021411498
single-blocker,5,111,known,448,0.0,269.5,896.0,460.9193602342777,460.9193602342777,18.627861092428493
single-blocker,5,111,known,480,0.0,288.75,960.0,480.0919111528342,480.0919111528342,18.838646258829964
single-blocker,5,111,known,512,0.0,308.0,1024.0,498.46440293451076,498.46440293451076,19.031865659240506
single-blocker,5,111,product,32,9.625,24.75,64.0,63.960661021301576,63.960661021301576,8.02223232635691
single-blocker,5,111,product,64,19.25,49.5,128.0,116.10382972641385,116.10382972641385,11.224802983324171
single-blocker,5,111,product,96,28.875,74.25,192.0,155.7886896620867,155.7886896620867,12.302250417070622
single-blocker,5,111,product,128,38.5,99.0,256.0,189.19365502071463,189.19365502071463,13.085800676085816
single-blocker,5,111,product,160,48.125,123.75,320.0,218.6355176345566,218.6355176345566,13.703643277508334
single-blocker,5,111,product,192,57.75,148.5,384.0,247.70187766063222,247.70187766063222,14.619374120590226
single-blocker,5,111,product,224,67.375,173.25,448.0,272.365633013932,272.365633013932,15.01654084965233
single-blocker,5,111,product,256,77.0,198.0,512.0,295.3443958302069,295.3443958302069,15.364658320364502
single-blocker,5,111,product,288,86.625,222.75,576.0,317.63061393449425,317.63061393449425,15.737846391997907
single-blocker,5,111,product,320,96.25,247.5,640.0,340.8878290324775,340.8878290324775,16.217699069398506
single-blocker,5,111,product,352,105.875,272.25,704.0,361.8696366669281,361.8696366669281,16.542421332931795
single-blocker,5,111,product,384,115.5,297.0,768.0,380.61368421349886,380.61368421349886,16.761658395908317
single-blocker,5,111,product,416,125.125,321.75,832.0,399.34265694325387,399.34265694325387,17.000627347532458
single-blocker,5,111,product,448,134.75,346.5,896.0,419.6215077635047,419.6215077635047,17.314836126665977
single-blocker,5,111,product,480,144.375,371.25,960.0,436.37740161676203,436.37740161676203,17.48711021010134
single-blocker,5,111,product,512,154.0,396.0,1024.0,452.5844088016891,452.5844088016891,17.64914164285497
outcome-lag-64,7,111,prefix,32,0.0,17.25,64.0,64.0,64.0,47.482993676151224
outcome-lag-64,7,111,prefix,64,0.0,34.5,128.0,128.0,128.0,88.9104243051232
outcome-lag-64,7,111,prefix,96,0.0,51.75,191.79367842380572,190.84496802817637,190.84496802817637,120.06474640578632
outcome-lag-64,7,111,prefix,128,0.0,69.0,247.74115176280336,247.14309923079395,245.74691836722857,140.0381766913299
outcome-lag-64,7,111,prefix,160,0.0,86.25,293.1777837109992,298.1790699230828,291.10553882233387,157.43089695493117
outcome-lag-64,7,111,prefix,192,0.0,103.5,331.5568889840623,342.7754668571885,329.48464409539696,171.42254668673078
outcome-lag-64,7,111,prefix,224,0.0,120.75,365.2924147638475,382.4306271786689,363.22016987518214,183.18723668464915
outcome-lag-64,7,111,prefix,256,0.0,138.0,395.6053041501808,418.5165035190779,393.53305926151546,193.3248607173857
outcome-lag-64,7,111,prefix,288,0.0,155.25,423.9068096450526,451.18376435136366,421.83456475638724,201.08093441831784
outcome-lag-64,7,111,prefix,320,0.0,172.5,449.988671521053,481.49451187752913,447.91642663238764,208.1568697649641
outcome-lag-64,7,111,prefix,352,0.0,189.75,474.2788102470205,509.9588298330352,472.20656535835514,214.7062803418126
outcome-lag-64,7,111,prefix,384,0.0,207.0,497.70167658937135,537.1123042052978,495.629431700706,220.51025063049516
outcome-lag-64,7,111,prefix,416,0.0,224.25,519.7395724069663,563.0675555810636,517.6673275183011,226.2182905771529
outcome-lag-64,7,111,prefix,448,0.0,241.5,540.7549608472615,588.2953772877015,538.6827159585963,232.0180965392962
outcome-lag-64,7,111,prefix,480,0.0,258.75,560.9510884637896,612.4193442211517,558.8788435751244,237.3445718296547
outcome-lag-64,7,111,prefix,512,0.0,276.0,580.622727110614,635.4709946778954,578.5504822219489,242.01775843431673
outcome-lag-64,7,111,intersection,32,0.0,17.25,64.0,64.0,64.0,47.482993676151224
outcome-lag-64,7,111,intersection,64,0.0,34.5,128.0,128.0,128.0,88.9104243051232
outcome-lag-64,7,111,intersection,96,0.0,51.75,191.79367842380572,190.84496802817637,190.84496802817637,120.06474640578632
outcome-lag-64,7,111,intersection,128,0.0,69.0,247.74115176280336,247.14309923079395,245.74691836722857,140.0381766913299
outcome-lag-64,7,111,intersection,160,0.0,86.25,293.1777837109992,298.1790699230828,291.10553882233387,157.43089695493117
outcome-lag-64,7,111,intersection,192,0.0,103.5,331.5568889840623,342.7754668571885,329.48464409539696,171.42254668673078
outcome-lag-64,7,111,intersection,224,0.0,120.75,365.2924147638475,382.4306271786689,363.22016987518214,183.18723668464915
outcome-lag-64,7,111,intersection,256,0.0,138.0,395.6053041501808,418.5165035190779,393.53305926151546,193.3248607173857
outcome-lag-64,7,111,intersection,288,0.0,155.25,423.9068096450526,451.18376435136366,421.83456475638724,201.08093441831784
outcome-lag-64,7,111,intersection,320,0.0,172.5,449.988671521053,481.49451187752913,447.91642663238764,208.1568697649641
outcome-lag-64,7,111,intersection,352,0.0,189.75,474.2788102470205,509.9588298330352,472.20656535835514,214.7062803418126
outcome-lag-64,7,111,intersection,384,0.0,207.0,497.70167658937135,537.1123042052978,495.629431700706,220.51025063049516
outcome-lag-64,7,111,intersection,416,0.0,224.25,519.7395724069663,563.0675555810636,517.6673275183011,226.2182905771529
outcome-lag-64,7,111,intersection,448,0.0,241.5,540.7549608472615,588.2953772877015,538.6827159585963,232.0180965392962
outcome-lag-64,7,111,intersection,480,0.0,258.75,560.9510884637896,612.4193442211517,558.8788435751244,237.3445718296547
outcome-lag-64,7,111,intersection,512,0.0,276.0,580.622727110614,635.4709946778954,578.5504822219489,242.01775843431673
outcome-lag-64,7,111,completed,32,0.0,17.25,64.0,64.0,64.0,47.482993676151224
outcome-lag-64,7,111,completed,64,0.0,34.5,128.0,128.0,128.0,88.9104243051232
outcome-lag-64,7,111,completed,96,0.0,51.75,191.79367842380572,190.84496802817637,190.84496802817637,120.06474640578632
outcome-lag-64,7,111,completed,128,0.0,69.0,247.74115176280336,247.14309923079395,245.74691836722857,140.0381766913299
outcome-lag-64,7,111,completed,160,0.0,86.25,293.1777837109992,298.1790699230828,291.10553882233387,157.43089695493117
outcome-lag-64,7,111,completed,192,0.0,103.5,331.5568889840623,342.7754668571885,329.48464409539696,171.42254668673078
outcome-lag-64,7,111,completed,224,0.0,120.75,365.2924147638475,382.4306271786689,363.22016987518214,183.18723668464915
outcome-lag-64,7,111,completed,256,0.0,138.0,395.6053041501808,418.5165035190779,393.53305926151546,193.3248607173857
outcome-lag-64,7,111,completed,288,0.0,155.25,423.9068096450526,451.18376435136366,421.83456475638724,201.08093441831784
outcome-lag-64,7,111,completed,320,0.0,172.5,449.988671521053,481.49451187752913,447.91642663238764,208.1568697649641
outcome-lag-64,7,111,completed,352,0.0,189.75,474.2788102470205,509.9588298330352,472.20656535835514,214.7062803418126
outcome-lag-64,7,111,completed,384,0.0,207.0,497.70167658937135,537.1123042052978,495.629431700706,220.51025063049516
outcome-lag-64,7,111,completed,416,0.0,224.25,519.7395724069663,563.0675555810636,517.6673275183011,226.2182905771529
outcome-lag-64,7,111,completed,448,0.0,241.5,540.7549608472615,588.2953772877015,538.6827159585963,232.0180965392962
outcome-lag-64,7,111,completed,480,0.0,258.75,560.9510884637896,612.4193442211517,558.8788435751244,237.3445718296547
outcome-lag-64,7,111,completed,512,0.0,276.0,580.622727110614,635.4709946778954,578.5504822219489,242.01775843431673
outcome-lag-64,7,111,plugin,32,0.7109375,9.71875,52.0,52.0,52.0,40.09403451439794
outcome-lag-64,7,111,plugin,64,2.0234375,15.21875,100.0,100.0,100.0,71.89986951476604
outcome-lag-64,7,111,plugin,96,2.3515625,31.03125,161.79367842380572,160.84496802817637,160.84496802817637,99.74800116018429
outcome-lag-64,7,111,plugin,128,3.1171875,39.09375,204.25661020329,204.31531420913313,203.11308261034296,116.66337340113034
outcome-lag-64,7,111,plugin,160,3.30859375,54.046875,248.44157484182062,253.33472976946828,247.2980472488736,133.05765842938084
outcome-lag-64,7,111,plugin,192,3.7734375,65.71875,283.22293355377394,293.5051480165067,282.0794059608269,145.74863648993718
outcome-lag-64,7,111,plugin,224,4.01953125,80.015625,319.59105611129837,335.0545015842915,318.17034042097396,157.44035794490523
outcome-lag-64,7,111,plugin,256,4.01953125,97.265625,353.0753956777977,373.8556628685823,351.6546799874733,167.80875005755246
outcome-lag-64,7,111,plugin,288,4.29296875,111.234375,383.1976770408719,408.02282562972374,381.7769613505475,176.32126436897838
outcome-lag-64,7,111,plugin,320,4.29296875,128.484375,412.22329984299046,441.2922710579881,410.80258415266604,184.28774565962507
outcome-lag-64,7,111,plugin,352,4.29296875,145.734375,438.4973342041782,471.79941790004506,437.07661851385376,191.5095683793333
outcome-lag-64,7,111,plugin,384,4.29296875,162.984375,464.54407438098235,501.66343165317164,463.12335869065794,198.14087448889174
outcome-lag-64,7,111,plugin,416,4.29296875,180.234375,488.3096943009943,529.3617203996622,486.8889786106699,204.35775904029865
outcome-lag-64,7,111,plugin,448,4.29296875,197.484375,510.6907489842232,556.001673927265,509.2700332938988,210.56283165805675
outcome-lag-64,7,111,plugin,480,4.29296875,214.734375,532.1064192878757,581.4166212922182,530.6857035975514,216.21860728405642
outcome-lag-64,7,111,plugin,512,4.29296875,231.984375,553.1522531250608,605.9383951158319,551.7315374347367,221.2787326603494
outcome-lag-64,7,111,safe,32,15.6875,0.0,32.0,32.0,32.0,24.800455870819295
outcome-lag-64,7,111,safe,64,31.375,0.0,64.0,64.0,64.0,44.81046470603224
outcome-lag-64,7,111,safe,96,47.0625,0.0,95.79367842380573,94.8449680281764,94.8449680281764,58.653241891245166
outcome-lag-64,7,111,safe,128,62.75,0.0,120.27828797891904,120.31531420913313,119.13476038597192,68.16231785430996
outcome-lag-64,7,111,safe,160,78.4375,0.0,139.1326501554019,141.5223364999727,137.9891225624548,75.31433997763017
outcome-lag-64,7,111,safe,192,94.125,0.0,155.04054031306993,159.54459233668845,153.89701272012283,80.63398360949911
outcome-lag-64,7,111,safe,224,109.8125,0.0,169.04568107661137,175.7782878846181,167.90215348366428,85.18900479929563
outcome-lag-64,7,111,safe,256,125.5,0.0,181.72331641136321,190.65715487428628,180.57978881841612,89.19938418727772
outcome-lag-64,7,111,safe,288,141.1875,0.0,193.36537336829758,204.1586095957006,192.2218457753505,92.49419174636705
outcome-lag-64,7,111,safe,320,156.875,0.0,204.20411049151426,216.76839597628674,203.06058289856716,95.4512303523341
outcome-lag-64,7,111,safe,352,172.5625,0.0,214.3932753157151,228.5748837561776,213.249747722768,98.07742369844694
outcome-lag-64,7,111,safe,384,188.25,0.0,224.02898843023948,239.69152718869668,222.88546083729238,100.42297600091737
outcome-lag-64,7,111,safe,416,203.9375,0.0,233.1801242673385,250.68539007597005,232.0365966743914,103.00466825565454
outcome-lag-64,7,111,safe,448,219.625,0.0,241.94289475626115,261.3626193391787,240.79936716331406,105.58788955905541
outcome-lag-64,7,111,safe,480,235.3125,0.0,250.34561092265872,271.5223598252463,249.20208332971163,107.93820236270555
outcome-lag-64,7,111,safe,512,251.0,0.0,258.43350251550527,281.24273834179513,257.2899749225582,110.10567343293292
outcome-lag-64,7,111,known,32,0.0,17.25,64.0,64.0,64.0,47.482993676151224
outcome-lag-64,7,111,known,64,0.0,34.5,128.0,128.0,128.0,88.9104243051232
outcome-lag-64,7,111,known,96,0.0,51.75,191.79367842380572,190.84496802817637,190.84496802817637,120.06474640578632
outcome-lag-64,7,111,known,128,0.0,69.0,247.74115176280336,247.14309923079395,245.74691836722857,140.0381766913299
outcome-lag-64,7,111,known,160,0.0,86.25,293.1777837109992,298.1790699230828,291.10553882233387,157.43089695493117
outcome-lag-64,7,111,known,192,0.0,103.5,331.5568889840623,342.7754668571885,329.48464409539696,171.42254668673078
outcome-lag-64,7,111,known,224,0.0,120.75,365.2924147638475,382.4306271786689,363.22016987518214,183.18723668464915
outcome-lag-64,7,111,known,256,0.0,138.0,395.6053041501808,418.5165035190779,393.53305926151546,193.3248607173857
outcome-lag-64,7,111,known,288,0.0,155.25,423.9068096450526,451.18376435136366,421.83456475638724,201.08093441831784
outcome-lag-64,7,111,known,320,0.0,172.5,449.988671521053,481.49451187752913,447.91642663238764,208.1568697649641
outcome-lag-64,7,111,known,352,0.0,189.75,474.2788102470205,509.9588298330352,472.20656535835514,214.7062803418126
outcome-lag-64,7,111,known,384,0.0,207.0,497.70167658937135,537.1123042052978,495.629431700706,220.51025063049516
outcome-lag-64,7,111,known,416,0.0,224.25,519.7395724069663,563.0675555810636,517.6673275183011,226.2182905771529
outcome-lag-64,7,111,known,448,0.0,241.5,540.7549608472615,588.2953772877015,538.6827159585963,232.0180965392962
outcome-lag-64,7,111,known,480,0.0,258.75,560.9510884637896,612.4193442211517,558.8788435751244,237.3445718296547
outcome-lag-64,7,111,known,512,0.0,276.0,580.622727110614,635.4709946778954,578.5504822219489,242.01775843431673
outcome-lag-64,7,111,product,32,0.0,17.25,64.0,64.0,64.0,47.482993676151224
outcome-lag-64,7,111,product,64,0.0,34.5,128.0,128.0,128.0,88.9104243051232
outcome-lag-64,7,111,product,96,0.0,51.75,191.79367842380572,190.84496802817637,190.84496802817637,120.06474640578632
outcome-lag-64,7,111,product,128,0.0,69.0,247.74115176280336,247.14309923079395,245.74691836722857,140.0381766913299
outcome-lag-64,7,111,product,160,0.0,86.25,293.1777837109992,298.1790699230828,291.10553882233387,157.43089695493117
outcome-lag-64,7,111,product,192,0.0,103.5,331.5568889840623,342.7754668571885,329.48464409539696,171.42254668673078
outcome-lag-64,7,111,product,224,0.0,120.75,365.2924147638475,382.4306271786689,363.22016987518214,183.18723668464915
outcome-lag-64,7,111,product,256,0.0,138.0,395.6053041501808,418.5165035190779,393.53305926151546,193.3248607173857
outcome-lag-64,7,111,product,288,0.0,155.25,423.9068096450526,451.18376435136366,421.83456475638724,201.08093441831784
outcome-lag-64,7,111,product,320,0.0,172.5,449.988671521053,481.49451187752913,447.91642663238764,208.1568697649641
outcome-lag-64,7,111,product,352,0.0,189.75,474.2788102470205,509.9588298330352,472.20656535835514,214.7062803418126
outcome-lag-64,7,111,product,384,0.0,207.0,497.70167658937135,537.1123042052978,495.629431700706,220.51025063049516
outcome-lag-64,7,111,product,416,0.0,224.25,519.7395724069663,563.0675555810636,517.6673275183011,226.2182905771529
outcome-lag-64,7,111,product,448,0.0,241.5,540.7549608472615,588.2953772877015,538.6827159585963,232.0180965392962
outcome-lag-64,7,111,product,480,0.0,258.75,560.9510884637896,612.4193442211517,558.8788435751244,237.3445718296547
outcome-lag-64,7,111,product,512,0.0,276.0,580.622727110614,635.4709946778954,578.5504822219489,242.01775843431673
single-blocker,7,111,prefix,32,0.0,17.25,64.0,63.96821681185914,63.96821681185914,10.625563951843509
single-blocker,7,111,prefix,64,0.0,34.5,128.0,121.34492236728798,121.34492236728798,12.781748230062677
single-blocker,7,111,prefix,96,0.0,51.75,192.0,168.39363820724174,168.39363820724174,14.010499934769522
single-blocker,7,111,prefix,128,0.0,69.0,256.0,207.87672855263054,207.87672855263054,14.881618384127693
single-blocker,7,111,prefix,160,0.0,86.25,320.0,242.42542448406377,242.42542448406377,15.551256556744383
single-blocker,7,111,prefix,192,0.0,103.5,384.0,273.5766708068218,273.5766708068218,16.09775567719636
single-blocker,7,111,prefix,224,0.0,120.75,448.0,301.9202370906664,301.9202370906664,16.550851637478747
single-blocker,7,111,prefix,256,0.0,138.0,512.0,328.26124330983316,328.26124330983316,16.94360554897321
single-blocker,7,111,prefix,288,0.0,155.25,576.0,353.536683234922,353.536683234922,17.30785834270843
single-blocker,7,111,prefix,320,0.0,172.5,640.0,377.0869247879109,377.0869247879109,17.62328771617798
single-blocker,7,111,prefix,352,0.0,189.75,704.0,399.2818985955294,399.2818985955294,17.90335414513894
single-blocker,7,111,prefix,384,0.0,207.0,768.0,420.8987344300334,420.8987344300334,18.170685896062857
single-blocker,7,111,prefix,416,0.0,224.25,832.0,441.3855301069864,441.3855301069864,18.410270143907812
single-blocker,7,111,prefix,448,0.0,241.5,896.0,461.0340099813757,461.0340099813757,18.630734273802418
single-blocker,7,111,prefix,480,0.0,258.75,960.0,480.03811068952655,480.03811068952655,18.83734333886138
single-blocker,7,111,prefix,512,0.0,276.0,1024.0,498.61461953556517,498.61461953556517,19.035388332818613
single-blocker,7,111,intersection,32,0.0,17.25,64.0,63.96821681185914,63.96821681185914,10.625563951843509
single-blocker,7,111,intersection,64,0.0,34.5,128.0,121.34492236728798,121.34492236728798,12.781748230062677
single-blocker,7,111,intersection,96,0.0,51.75,192.0,168.39363820724174,168.39363820724174,14.010499934769522
single-blocker,7,111,intersection,128,0.0,69.0,256.0,207.87672855263054,207.87672855263054,14.881618384127693
single-blocker,7,111,intersection,160,0.0,86.25,320.0,242.42542448406377,242.42542448406377,15.551256556744383
single-blocker,7,111,intersection,192,0.0,103.5,384.0,273.5766708068218,273.5766708068218,16.09775567719636
single-blocker,7,111,intersection,224,0.0,120.75,448.0,301.9202370906664,301.9202370906664,16.550851637478747
single-blocker,7,111,intersection,256,0.0,138.0,512.0,328.26124330983316,328.26124330983316,16.94360554897321
single-blocker,7,111,intersection,288,0.0,155.25,576.0,353.536683234922,353.536683234922,17.30785834270843
single-blocker,7,111,intersection,320,0.0,172.5,640.0,377.0869247879109,377.0869247879109,17.62328771617798
single-blocker,7,111,intersection,352,0.0,189.75,704.0,399.2818985955294,399.2818985955294,17.90335414513894
single-blocker,7,111,intersection,384,0.0,207.0,768.0,420.8987344300334,420.8987344300334,18.170685896062857
single-blocker,7,111,intersection,416,0.0,224.25,832.0,441.3855301069864,441.3855301069864,18.410270143907812
single-blocker,7,111,intersection,448,0.0,241.5,896.0,461.0340099813757,461.0340099813757,18.630734273802418
single-blocker,7,111,intersection,480,0.0,258.75,960.0,480.03811068952655,480.03811068952655,18.83734333886138
single-blocker,7,111,intersection,512,0.0,276.0,1024.0,498.61461953556517,498.61461953556517,19.035388332818613
single-blocker,7,111,completed,32,0.0,17.25,64.0,63.96821681185914,63.96821681185914,10.625563951843509
single-blocker,7,111,completed,64,0.0,34.5,128.0,121.34492236728798,121.34492236728798,12.781748230062677
single-blocker,7,111,completed,96,0.0,51.75,192.0,168.39363820724174,168.39363820724174,14.010499934769522
single-blocker,7,111,completed,128,0.0,69.0,256.0,207.87672855263054,207.87672855263054,14.881618384127693
single-blocker,7,111,completed,160,0.0,86.25,320.0,242.42542448406377,242.42542448406377,15.551256556744383
single-blocker,7,111,completed,192,0.0,103.5,384.0,273.5766708068218,273.5766708068218,16.09775567719636
single-blocker,7,111,completed,224,0.0,120.75,448.0,301.9202370906664,301.9202370906664,16.550851637478747
single-blocker,7,111,completed,256,0.0,138.0,512.0,328.26124330983316,328.26124330983316,16.94360554897321
single-blocker,7,111,completed,288,0.0,155.25,576.0,353.536683234922,353.536683234922,17.30785834270843
single-blocker,7,111,completed,320,0.0,172.5,640.0,377.0869247879109,377.0869247879109,17.62328771617798
single-blocker,7,111,completed,352,0.0,189.75,704.0,399.2818985955294,399.2818985955294,17.90335414513894
single-blocker,7,111,completed,384,0.0,207.0,768.0,420.8987344300334,420.8987344300334,18.170685896062857
single-blocker,7,111,completed,416,0.0,224.25,832.0,441.3855301069864,441.3855301069864,18.410270143907812
single-blocker,7,111,completed,448,0.0,241.5,896.0,461.0340099813757,461.0340099813757,18.630734273802418
single-blocker,7,111,completed,480,0.0,258.75,960.0,480.03811068952655,480.03811068952655,18.83734333886138
single-blocker,7,111,completed,512,0.0,276.0,1024.0,498.61461953556517,498.61461953556517,19.035388332818613
single-blocker,7,111,plugin,32,0.51953125,17.546875,64.0,63.96821681185914,63.96821681185914,10.625563951843509
single-blocker,7,111,plugin,64,0.51953125,34.796875,128.0,121.34492236728798,121.34492236728798,12.781748230062677
single-blocker,7,111,plugin,96,0.51953125,52.046875,192.0,168.39363820724174,168.39363820724174,14.010499934769522
single-blocker,7,111,plugin,128,0.51953125,69.296875,256.0,207.87672855263054,207.87672855263054,14.881618384127693
single-blocker,7,111,plugin,160,0.51953125,86.546875,320.0,242.42542448406377,242.42542448406377,15.551256556744383
single-blocker,7,111,plugin,192,0.51953125,103.796875,384.0,273.5766708068218,273.5766708068218,16.09775567719636
single-blocker,7,111,plugin,224,0.51953125,121.046875,448.0,301.9202370906664,301.9202370906664,16.550851637478747
single-blocker,7,111,plugin,256,0.51953125,138.296875,512.0,328.26124330983316,328.26124330983316,16.94360554897321
single-blocker,7,111,plugin,288,0.51953125,155.546875,576.0,353.536683234922,353.536683234922,17.30785834270843
single-blocker,7,111,plugin,320,0.51953125,172.796875,640.0,377.0869247879109,377.0869247879109,17.62328771617798
single-blocker,7,111,plugin,352,0.51953125,190.046875,704.0,399.2818985955294,399.2818985955294,17.90335414513894
single-blocker,7,111,plugin,384,0.51953125,207.296875,768.0,420.8987344300334,420.8987344300334,18.170685896062857
single-blocker,7,111,plugin,416,0.51953125,224.546875,832.0,441.3855301069864,441.3855301069864,18.410270143907812
single-blocker,7,111,plugin,448,0.51953125,241.796875,896.0,461.0340099813757,461.0340099813757,18.630734273802418
single-blocker,7,111,plugin,480,0.51953125,259.046875,960.0,480.03811068952655,480.03811068952655,18.83734333886138
single-blocker,7,111,plugin,512,0.51953125,276.296875,1024.0,498.61461953556517,498.61461953556517,19.035388332818613
single-blocker,7,111,safe,32,15.6875,0.0,32.0,31.968216811859147,31.968216811859147,4.02724519543652
single-blocker,7,111,safe,64,31.375,0.0,64.0,57.42435623340214,57.42435623340214,4.7282659037057675
single-blocker,7,111,safe,96,47.0625,0.0,96.0,76.78319682780861,76.78319682780861,5.136346480888775
single-blocker,7,111,safe,128,62.75,0.0,128.0,93.03345515740088,93.03345515740088,5.425334592589174
single-blocker,7,111,safe,160,78.4375,0.0,160.0,107.31238195727079,107.31238195727079,5.649261224939744
single-blocker,7,111,safe,192,94.125,0.0,192.0,120.1978375468853,120.1978375468853,5.832104609707439
single-blocker,7,111,safe,224,109.8125,0.0,224.0,132.0310352083931,132.0310352083931,5.986627913082163
single-blocker,7,111,safe,256,125.5,0.0,256.0,143.03333360981438,143.03333360981438,6.120438712817281
single-blocker,7,111,safe,288,141.1875,0.0,288.0,153.35798108855585,153.35798108855585,6.238439029233648
single-blocker,7,111,safe,320,156.875,0.0,320.0,163.1162631808352,163.1162631808352,6.343973346894013
single-blocker,7,111,safe,352,172.5625,0.0,352.0,172.39200998111025,172.39200998111025,6.43942571339101
single-blocker,7,111,safe,384,188.25,0.0,384.0,181.25023096678382,181.25023096678382,6.5265555690159704
single-blocker,7,111,safe,416,203.9375,0.0,416.0,189.74254455085054,189.74254455085054,6.6066985205464555
single-blocker,7,111,safe,448,219.625,0.0,448.0,197.91074640079475,197.91074640079475,6.680892410683006
single-blocker,7,111,safe,480,235.3125,0.0,480.0,205.78924141297622,205.78924141297622,6.7499597404471405
single-blocker,7,111,safe,512,251.0,0.0,512.0,213.40675252840046,213.40675252840046,6.81456340954972
single-blocker,7,111,known,32,0.0,17.25,64.0,63.96821681185914,63.96821681185914,10.625563951843509
single-blocker,7,111,known,64,0.0,34.5,128.0,121.34492236728798,121.34492236728798,12.781748230062677
single-blocker,7,111,known,96,0.0,51.75,192.0,168.39363820724174,168.39363820724174,14.010499934769522
single-blocker,7,111,known,128,0.0,69.0,256.0,207.87672855263054,207.87672855263054,14.881618384127693
single-blocker,7,111,known,160,0.0,86.25,320.0,242.42542448406377,242.42542448406377,15.551256556744383
single-blocker,7,111,known,192,0.0,103.5,384.0,273.5766708068218,273.5766708068218,16.09775567719636
single-blocker,7,111,known,224,0.0,120.75,448.0,301.9202370906664,301.9202370906664,16.550851637478747
single-blocker,7,111,known,256,0.0,138.0,512.0,328.26124330983316,328.26124330983316,16.94360554897321
single-blocker,7,111,known,288,0.0,155.25,576.0,353.536683234922,353.536683234922,17.30785834270843
single-blocker,7,111,known,320,0.0,172.5,640.0,377.0869247879109,377.0869247879109,17.62328771617798
single-blocker,7,111,known,352,0.0,189.75,704.0,399.2818985955294,399.2818985955294,17.90335414513894
single-blocker,7,111,known,384,0.0,207.0,768.0,420.8987344300334,420.8987344300334,18.170685896062857
single-blocker,7,111,known,416,0.0,224.25,832.0,441.3855301069864,441.3855301069864,18.410270143907812
single-blocker,7,111,known,448,0.0,241.5,896.0,461.0340099813757,461.0340099813757,18.630734273802418
single-blocker,7,111,known,480,0.0,258.75,960.0,480.03811068952655,480.03811068952655,18.83734333886138
single-blocker,7,111,known,512,0.0,276.0,1024.0,498.61461953556517,498.61461953556517,19.035388332818613
single-blocker,7,111,product,32,0.0,17.25,64.0,63.96821681185914,63.96821681185914,10.625563951843509
single-blocker,7,111,product,64,0.0,34.5,128.0,121.34492236728798,121.34492236728798,12.781748230062677
single-blocker,7,111,product,96,0.0,51.75,192.0,168.39363820724174,168.39363820724174,14.010499934769522
single-blocker,7,111,product,128,0.0,69.0,256.0,207.87672855263054,207.87672855263054,14.881618384127693
single-blocker,7,111,product,160,0.0,86.25,320.0,242.42542448406377,242.42542448406377,15.551256556744383
single-blocker,7,111,product,192,0.0,103.5,384.0,273.5766708068218,273.5766708068218,16.09775567719636
single-blocker,7,111,product,224,0.0,120.75,448.0,301.9202370906664,301.9202370906664,16.550851637478747
single-blocker,7,111,product,256,0.0,138.0,512.0,328.26124330983316,328.26124330983316,16.94360554897321
single-blocker,7,111,product,288,0.0,155.25,576.0,353.536683234922,353.536683234922,17.30785834270843
single-blocker,7,111,product,320,0.0,172.5,640.0,377.0869247879109,377.0869247879109,17.62328771617798
single-blocker,7,111,product,352,0.0,189.75,704.0,399.2818985955294,399.2818985955294,17.90335414513894
single-blocker,7,111,product,384,0.0,207.0,768.0,420.8987344300334,420.8987344300334,18.170685896062857
single-blocker,7,111,product,416,0.0,224.25,832.0,441.3855301069864,441.3855301069864,18.410270143907812
single-blocker,7,111,product,448,0.0,241.5,896.0,461.0340099813757,461.0340099813757,18.630734273802418
single-blocker,7,111,product,480,0.0,258.75,960.0,480.03811068952655,480.03811068952655,18.83734333886138
single-blocker,7,111,product,512,0.0,276.0,1024.0,498.61461953556517,498.61461953556517,19.035388332818613
outcome-lag-64,9,111,prefix,32,2.0,28.0,64.0,64.0,64.0,18.81623172812737
outcome-lag-64,9,111,prefix,64,4.0,56.0,128.0,127.68247608050291,127.68247608050291,39.24772897609927
outcome-lag-64,9,111,prefix,96,6.0,84.0,191.57193067550543,187.34071554577415,187.34071554577415,57.405392111416376
outcome-lag-64,9,111,prefix,128,8.0,112.0,246.61083190820244,242.93593346242184,241.04497448735592,73.33739616752901
outcome-lag-64,9,111,prefix,160,9.6484375,136.71875,293.49927232423266,289.5388603520796,283.932252126792,86.63641916967258
outcome-lag-64,9,111,prefix,192,10.8984375,157.71875,329.54882766674075,325.1851576554718,316.42672449478727,95.70292066523443
outcome-lag-64,9,111,prefix,224,12.8984375,185.71875,362.899333888978,361.19960892779983,349.1954740524871,102.74244949314237
outcome-lag-64,9,111,prefix,256,14.171875,206.9375,390.1755624777265,391.2828660974785,376.39685693981545,109.759864928698
outcome-lag-64,9,111,prefix,288,15.421875,227.9375,414.40295671795144,418.02576409202993,400.4623241864903,116.07590644564334
outcome-lag-64,9,111,prefix,320,15.734375,233.1875,427.77311721029605,433.85522350231776,413.83248467883493,120.13594969919875
outcome-lag-64,9,111,prefix,352,15.734375,233.1875,437.9641642281218,446.23151913638065,424.02353169666065,123.33195089948363
outcome-lag-64,9,111,prefix,384,15.734375,233.1875,447.60012859769466,457.7991477526828,433.65949606623354,126.12848838573711
outcome-lag-64,9,111,prefix,416,15.734375,233.1875,456.7651919264157,468.8041692055981,442.8245593949546,128.72133920611608
outcome-lag-64,9,111,prefix,448,15.734375,233.1875,465.5258262442207,479.1727581385272,451.5851937127596,130.99592017923752
outcome-lag-64,9,111,prefix,480,15.734375,233.1875,473.9298226581425,488.9938146168851,459.98919012668136,133.00754897517828
outcome-lag-64,9,111,prefix,512,15.734375,233.1875,482.01708222204223,498.7241843520875,468.0764496905811,135.18501126405891
outcome-lag-64,9,111,intersection,32,2.0,28.0,64.0,64.0,64.0,19.12488973678538
outcome-lag-64,9,111,intersection,64,4.0,56.0,128.0,128.0,128.0,39.86948673616585
outcome-lag-64,9,111,intersection,96,6.0,84.0,191.57193067550543,188.35577205044459,188.35577205044459,56.94173200312403
outcome-lag-64,9,111,intersection,128,7.390625,106.3125,240.96799982188531,236.9003156714662,235.00935669640037,71.26297325819048
outcome-lag-64,9,111,intersection,160,8.640625,127.3125,281.1290278695017,277.497458554513,271.97253886409914,83.04954094192281
outcome-lag-64,9,111,intersection,192,9.265625,137.8125,307.07956392747815,305.1413243177792,296.4645796919685,90.86638684855673
outcome-lag-64,9,111,intersection,224,9.265625,137.8125,321.0868047373116,322.10996578347624,310.4718205018019,96.15635395612063
outcome-lag-64,9,111,intersection,256,9.265625,137.8125,333.75950702476786,337.5425387423232,323.1445227892582,100.72043931328163
outcome-lag-64,9,111,intersection,288,9.265625,137.8125,345.4195857128015,351.8126117768225,334.80460147729184,104.78386518545602
outcome-lag-64,9,111,intersection,320,9.265625,137.8125,356.2689528434668,365.0903855205515,345.65396860795715,108.4088911545659
outcome-lag-64,9,111,intersection,352,9.265625,137.8125,366.45999986129254,377.4666811546144,355.8450156257829,111.60489235485078
outcome-lag-64,9,111,intersection,384,9.265625,137.8125,376.09596423086543,389.03430977091654,365.48097999535577,114.40142984110426
outcome-lag-64,9,111,intersection,416,9.265625,137.8125,385.2610275595864,400.0393312238318,374.6460433240768,116.99428066148326
outcome-lag-64,9,111,intersection,448,9.265625,137.8125,394.0216618773914,410.4079201567609,383.4066776418818,119.26886163460462
outcome-lag-64,9,111,intersection,480,9.265625,137.8125,402.4256582913132,420.22897663511884,391.8106740558036,121.28049043054533
outcome-lag-64,9,111,intersection,512,9.265625,137.8125,410.51291785521295,429.9593463703212,399.89793361970334,123.45795271942595
outcome-lag-64,9,111,completed,32,2.0,28.0,64.0,64.0,64.0,19.881821839770115
outcome-lag-64,9,111,completed,64,3.125,43.75,114.0,114.0,114.0,38.02552497154356
outcome-lag-64,9,111,completed,96,4.0625,56.875,160.57193067550543,158.85953188845485,158.85953188845485,51.12173550352332
outcome-lag-64,9,111,completed,128,5.734375,81.8125,211.5717109926661,209.93110126116,208.04014228609412,63.361435828166556
outcome-lag-64,9,111,completed,160,6.90625,101.5,250.6949798995521,250.37872414908136,244.83671255781036,74.18735943614818
outcome-lag-64,9,111,completed,192,7.296875,108.0625,274.2789684602255,276.3176981266804,267.62386160001233,81.51018153116179
outcome-lag-64,9,111,completed,224,7.921875,118.5625,299.12477226270494,303.6187455433004,291.9635083607686,87.80296517780734
outcome-lag-64,9,111,completed,256,8.0390625,120.53125,313.0810518781871,320.32928224854203,305.9141743946196,92.48826710857986
outcome-lag-64,9,111,completed,288,8.8203125,133.65625,331.30832256705827,341.11245433772365,324.0810977378707,96.936590776118
outcome-lag-64,9,111,completed,320,8.8203125,133.65625,342.1576896977236,354.3902280814526,334.93046486853603,100.56161674522787
outcome-lag-64,9,111,completed,352,9.328125,142.1875,357.73847454533416,372.39084417293725,350.5112497161466,104.113841658865
outcome-lag-64,9,111,completed,384,9.328125,142.1875,367.37443891490705,383.9584727892394,360.1472140857195,106.91037914511848
outcome-lag-64,9,111,completed,416,10.0703125,154.65625,383.7990662727649,402.4884411109583,376.57184144357734,110.05977432143578
outcome-lag-64,9,111,completed,448,10.3046875,158.59375,394.61036590161495,415.0035082603194,387.3831410724274,112.56653380611894
outcome-lag-64,9,111,completed,480,10.8515625,167.78125,408.44421068895406,430.4266888025071,401.2169858597665,115.07151358202401
outcome-lag-64,9,111,completed,512,11.203125,173.6875,420.33653129679834,443.9957151422051,413.106350034906,117.50325847116221
outcome-lag-64,9,111,plugin,32,0.375,6.125,38.0,38.0,38.0,13.50704261572619
outcome-lag-64,9,111,plugin,64,0.484375,9.1875,74.0,74.0,74.0,27.403561092878256
outcome-lag-64,9,111,plugin,96,0.75,16.625,116.57193067550543,114.95451789884527,114.95451789884527,38.81709577202708
outcome-lag-64,9,111,plugin,128,0.75,16.625,140.9679998218854,141.10658898012144,139.21563000505563,49.00789663541139
outcome-lag-64,9,111,plugin,160,0.75,16.625,159.8624964585692,163.63504633215342,158.11012664173944,57.481353819924074
outcome-lag-64,9,111,plugin,192,0.75,16.625,175.74767843232874,182.67205324130992,173.99530861549897,63.81574852423382
outcome-lag-64,9,111,plugin,224,0.75,16.625,189.754919242162,199.6406947070069,188.00254942533223,69.10571563179772
outcome-lag-64,9,111,plugin,256,0.75,16.625,202.427621529618,215.0732676658541,200.67525171278822,73.66980098895873
outcome-lag-64,9,111,plugin,288,0.75,16.625,214.08770021765156,229.34334070035345,212.3353304008218,77.73322686113312
outcome-lag-64,9,111,plugin,320,0.75,16.625,224.93706734831682,242.62111444408237,223.18469753148705,81.35825283024299
outcome-lag-64,9,111,plugin,352,0.75,16.625,235.12811436614248,254.99741007814526,233.3757445493127,84.55425403052787
outcome-lag-64,9,111,plugin,384,0.75,16.625,244.76407873571523,266.5650386944475,243.01170891888546,87.35079151678136
outcome-lag-64,9,111,plugin,416,0.75,16.625,253.92914206443655,277.57006014736277,252.17677224760678,89.94364233716036
outcome-lag-64,9,111,plugin,448,0.75,16.625,262.6897763822416,287.93864908029184,260.9374065654117,92.21822331028172
outcome-lag-64,9,111,plugin,480,0.75,16.625,271.09377279616336,297.7597055586498,269.3414029793335,94.22985210622242
outcome-lag-64,9,111,plugin,512,0.75,16.625,279.1810323600631,307.49007529385216,277.42866254323326,96.40731439510304
outcome-lag-64,9,111,safe,32,0.0,0.0,32.0,32.0,32.0,12.673709282392858
outcome-lag-64,9,111,safe,64,0.0,0.0,64.0,64.0,64.0,26.570227759544927
outcome-lag-64,9,111,safe,96,0.0,0.0,95.57193067550543,93.95451789884527,93.95451789884527,37.70624412367544
outcome-lag-64,9,111,safe,128,0.0,0.0,119.96799982188534,120.10658898012147,118.21563000505556,47.89704498705975
outcome-lag-64,9,111,safe,160,0.0,0.0,138.86249645856918,142.63504633215345,137.1101266417394,56.37050217157243
outcome-lag-64,9,111,safe,192,0.0,0.0,154.7476784323287,161.67205324130995,152.99530861549894,62.70489687588218
outcome-lag-64,9,111,safe,224,0.0,0.0,168.75491924216198,178.64069470700693,167.0025494253322,67.99486398344608
outcome-lag-64,9,111,safe,256,0.0,0.0,181.42762152961797,194.07326766585413,179.6752517127882,72.55894934060709
outcome-lag-64,9,111,safe,288,0.0,0.0,193.08770021765153,208.34334070035348,191.33533040082176,76.62237521278148
outcome-lag-64,9,111,safe,320,0.0,0.0,203.9370673483168,221.6211144440824,202.18469753148702,80.24740118189135
outcome-lag-64,9,111,safe,352,0.0,0.0,214.12811436614246,233.9974100781453,212.37574454931269,83.44340238217623
outcome-lag-64,9,111,safe,384,0.0,0.0,223.7640787357152,245.5650386944474,222.01170891888543,86.23993986842972
outcome-lag-64,9,111,safe,416,0.0,0.0,232.92914206443652,256.57006014736254,231.17677224760675,88.83279068880871
outcome-lag-64,9,111,safe,448,0.0,0.0,241.68977638224166,266.9386490802916,239.9374065654119,91.10737166193007
outcome-lag-64,9,111,safe,480,0.0,0.0,250.0937727961637,276.75970555864956,248.34140297933394,93.11900045787078
outcome-lag-64,9,111,safe,512,0.0,0.0,258.1810323600634,286.49007529385193,256.42866254323354,95.2964627467514
outcome-lag-64,9,111,known,32,0.0,0.0,32.0,32.0,32.0,12.673709282392858
outcome-lag-64,9,111,known,64,0.0,0.0,64.0,64.0,64.0,26.570227759544927
outcome-lag-64,9,111,known,96,0.0,0.0,95.57193067550543,93.95451789884527,93.95451789884527,37.70624412367544
outcome-lag-64,9,111,known,128,0.0,0.0,119.96799982188534,120.10658898012147,118.21563000505556,47.89704498705975
outcome-lag-64,9,111,known,160,0.0,0.0,138.86249645856918,142.63504633215345,137.1101266417394,56.37050217157243
outcome-lag-64,9,111,known,192,0.0,0.0,154.7476784323287,161.67205324130995,152.99530861549894,62.70489687588218
outcome-lag-64,9,111,known,224,0.0,0.0,168.75491924216198,178.64069470700693,167.0025494253322,67.99486398344608
outcome-lag-64,9,111,known,256,0.0,0.0,181.42762152961797,194.07326766585413,179.6752517127882,72.55894934060709
outcome-lag-64,9,111,known,288,0.0,0.0,193.08770021765153,208.34334070035348,191.33533040082176,76.62237521278148
outcome-lag-64,9,111,known,320,0.0,0.0,203.9370673483168,221.6211144440824,202.18469753148702,80.24740118189135
outcome-lag-64,9,111,known,352,0.0,0.0,214.12811436614246,233.9974100781453,212.37574454931269,83.44340238217623
outcome-lag-64,9,111,known,384,0.0,0.0,223.7640787357152,245.5650386944474,222.01170891888543,86.23993986842972
outcome-lag-64,9,111,known,416,0.0,0.0,232.92914206443652,256.57006014736254,231.17677224760675,88.83279068880871
outcome-lag-64,9,111,known,448,0.0,0.0,241.68977638224166,266.9386490802916,239.9374065654119,91.10737166193007
outcome-lag-64,9,111,known,480,0.0,0.0,250.0937727961637,276.75970555864956,248.34140297933394,93.11900045787078
outcome-lag-64,9,111,known,512,0.0,0.0,258.1810323600634,286.49007529385193,256.42866254323354,95.2964627467514
outcome-lag-64,9,111,product,32,0.0,0.0,32.0,32.0,32.0,12.673709282392858
outcome-lag-64,9,111,product,64,0.0,0.0,64.0,64.0,64.0,26.570227759544927
outcome-lag-64,9,111,product,96,0.0,0.0,95.57193067550543,93.95451789884527,93.95451789884527,37.70624412367544
outcome-lag-64,9,111,product,128,0.0,0.0,119.96799982188534,120.10658898012147,118.21563000505556,47.89704498705975
outcome-lag-64,9,111,product,160,0.0,0.0,138.86249645856918,142.63504633215345,137.1101266417394,56.37050217157243
outcome-lag-64,9,111,product,192,0.0,0.0,154.7476784323287,161.67205324130995,152.99530861549894,62.70489687588218
outcome-lag-64,9,111,product,224,0.0,0.0,168.75491924216198,178.64069470700693,167.0025494253322,67.99486398344608
outcome-lag-64,9,111,product,256,0.0,0.0,181.42762152961797,194.07326766585413,179.6752517127882,72.55894934060709
outcome-lag-64,9,111,product,288,0.0,0.0,193.08770021765153,208.34334070035348,191.33533040082176,76.62237521278148
outcome-lag-64,9,111,product,320,0.0,0.0,203.9370673483168,221.6211144440824,202.18469753148702,80.24740118189135
outcome-lag-64,9,111,product,352,0.0,0.0,214.12811436614246,233.9974100781453,212.37574454931269,83.44340238217623
outcome-lag-64,9,111,product,384,0.0,0.0,223.7640787357152,245.5650386944474,222.01170891888543,86.23993986842972
outcome-lag-64,9,111,product,416,0.0,0.0,232.92914206443652,256.57006014736254,231.17677224760675,88.83279068880871
outcome-lag-64,9,111,product,448,0.0,0.0,241.68977638224166,266.9386490802916,239.9374065654119,91.10737166193007
outcome-lag-64,9,111,product,480,0.0,0.0,250.0937727961637,276.75970555864956,248.34140297933394,93.11900045787078
outcome-lag-64,9,111,product,512,0.0,0.0,258.1810323600634,286.49007529385193,256.42866254323354,95.2964627467514
single-blocker,9,111,prefix,32,2.0,28.0,64.0,63.96821681185914,63.96821681185914,10.435915588510937
single-blocker,9,111,prefix,64,4.0,56.0,128.0,118.3146069209989,118.3146069209989,12.266956430049792
single-blocker,9,111,prefix,96,6.0,84.0,192.0,162.70521928229647,162.70521928229647,13.6562139693577
single-blocker,9,111,prefix,128,8.0,112.0,256.0,202.1952738108849,202.1952738108849,14.609649953124988
single-blocker,9,111,prefix,160,10.0,140.0,320.0,236.81653636139657,236.81653636139657,15.311114039445403
single-blocker,9,111,prefix,192,12.0,168.0,384.0,267.3647189496143,267.3647189496143,15.853735212440133
single-blocker,9,111,prefix,224,14.0,196.0,448.0,295.12462578269674,295.12462578269674,16.301829508446012
single-blocker,9,111,prefix,256,16.0,224.0,512.0,321.22305905499184,321.22305905499184,16.701320081626115
single-blocker,9,111,prefix,288,18.0,252.0,576.0,345.9706966412955,345.9706966412955,17.062619902437813
single-blocker,9,111,prefix,320,20.0,280.0,640.0,369.81491544804,369.81491544804,17.400109593583313
single-blocker,9,111,prefix,352,22.0,308.0,704.0,391.9912757337113,391.9912757337113,17.689590841307584
single-blocker,9,111,prefix,384,24.0,336.0,768.0,413.3682308254455,413.3682308254455,17.95959638227326
single-blocker,9,111,prefix,416,26.0,364.0,832.0,433.0478017139632,433.0478017139632,18.184820320221505
single-blocker,9,111,prefix,448,28.0,392.0,896.0,452.96098952485136,452.96098952485136,18.420603680662158
single-blocker,9,111,prefix,480,30.0,420.0,960.0,471.21470655148744,471.21470655148744,18.614720046427333
single-blocker,9,111,prefix,512,32.0,448.0,1024.0,488.28709292356325,488.28709292356325,18.781856877811105
single-blocker,9,111,intersection,32,2.0,28.0,64.0,63.96821681185914,63.96821681185914,10.435915588510937
single-blocker,9,111,intersection,64,4.0,56.0,128.0,121.04745485487553,121.04745485487553,12.757244816715453
single-blocker,9,111,intersection,96,6.0,84.0,192.0,167.38490272941007,167.38490272941007,13.957160271426114
single-blocker,9,111,intersection,128,7.4375,106.75,250.0,203.6883168968995,203.6883168968995,14.780694851078177
single-blocker,9,111,intersection,160,8.6875,127.75,306.0,233.61373263784608,233.61373263784608,15.35863140759103
single-blocker,9,111,intersection,192,8.921875,131.6875,344.0,250.02096751362845,250.02096751362845,15.613361160857234
single-blocker,9,111,intersection,224,8.921875,131.6875,376.0,261.8541651751362,261.8541651751362,15.767884464231958
single-blocker,9,111,intersection,256,8.921875,131.6875,408.0,272.8564635765574,272.8564635765574,15.90169526396708
single-blocker,9,111,intersection,288,8.921875,131.6875,440.0,283.1811110552988,283.1811110552988,16.01969558038345
single-blocker,9,111,intersection,320,8.921875,131.6875,472.0,292.93939314757824,292.93939314757824,16.125229898043813
single-blocker,9,111,intersection,352,8.921875,131.6875,504.0,302.2151399478532,302.2151399478532,16.220682264540812
single-blocker,9,111,intersection,384,8.921875,131.6875,536.0,311.0733609335266,311.0733609335266,16.307812120165774
single-blocker,9,111,intersection,416,8.921875,131.6875,568.0,319.56567451759344,319.56567451759344,16.38795507169625
single-blocker,9,111,intersection,448,8.921875,131.6875,600.0,327.7338763675378,327.7338763675378,16.462148961832806
single-blocker,9,111,intersection,480,8.921875,131.6875,632.0,335.61237137971943,335.61237137971943,16.531216291596948
single-blocker,9,111,intersection,512,8.921875,131.6875,664.0,343.22988249514367,343.22988249514367,16.595819960699533
single-blocker,9,111,completed,32,2.0,28.0,64.0,63.96821681185914,63.96821681185914,10.553953106548455
single-blocker,9,111,completed,64,4.0,56.0,128.0,121.29725752745716,121.29725752745716,12.778717927032375
single-blocker,9,111,completed,96,6.0,84.0,192.0,167.88066702102378,167.88066702102378,13.98350173175124
single-blocker,9,111,completed,128,7.390625,106.3125,249.0,203.08726261449743,203.08726261449743,14.768408751825984
single-blocker,9,111,completed,160,8.640625,127.3125,305.0,232.55868216881487,232.55868216881487,15.326438005809747
single-blocker,9,111,completed,192,8.7578125,129.28125,340.0,247.17850499782736,247.17850499782736,15.544168256310101
single-blocker,9,111,completed,224,8.7578125,129.28125,372.0,259.0117026593352,259.0117026593352,15.698691559684825
single-blocker,9,111,completed,256,8.7578125,129.28125,404.0,270.0140010607564,270.0140010607564,15.832502359419946
single-blocker,9,111,completed,288,8.7578125,129.28125,436.0,280.3386485394978,280.3386485394978,15.950502675836317
single-blocker,9,111,completed,320,8.7578125,129.28125,468.0,290.09693063177724,290.09693063177724,16.056036993496686
single-blocker,9,111,completed,352,8.7578125,129.28125,500.0,299.37267743205217,299.37267743205217,16.151489359993686
single-blocker,9,111,completed,384,8.7578125,129.28125,532.0,308.2308984177256,308.2308984177256,16.238619215618648
single-blocker,9,111,completed,416,8.7578125,129.28125,564.0,316.72321200179243,316.72321200179243,16.318762167149124
single-blocker,9,111,completed,448,8.7578125,129.28125,596.0,324.8914138517368,324.8914138517368,16.39295605728568
single-blocker,9,111,completed,480,8.7578125,129.28125,628.0,332.76990886391843,332.76990886391843,16.462023387049822
single-blocker,9,111,completed,512,8.7578125,129.28125,660.0,340.38741997934267,340.38741997934267,16.526627056152407
single-blocker,9,111,plugin,32,0.4609375,7.21875,38.0,37.96821681185914,37.96821681185914,7.027245195436518
single-blocker,9,111,plugin,64,0.4609375,7.21875,70.0,63.42435623340213,63.42435623340213,7.728265903705766
single-blocker,9,111,plugin,96,0.4609375,7.21875,102.0,82.7831968278086,82.7831968278086,8.136346480888772
single-blocker,9,111,plugin,128,0.4609375,7.21875,134.0,99.03345515740088,99.03345515740088,8.425334592589167
single-blocker,9,111,plugin,160,0.4609375,7.21875,166.0,113.31238195727079,113.31238195727079,8.649261224939734
single-blocker,9,111,plugin,192,0.4609375,7.21875,198.0,126.1978375468853,126.1978375468853,8.832104609707427
single-blocker,9,111,plugin,224,0.4609375,7.21875,230.0,138.0310352083931,138.0310352083931,8.98662791308215
single-blocker,9,111,plugin,256,0.4609375,7.21875,262.0,149.03333360981438,149.03333360981438,9.120438712817272
single-blocker,9,111,plugin,288,0.4609375,7.21875,294.0,159.35798108855585,159.35798108855585,9.238439029233643
single-blocker,9,111,plugin,320,0.4609375,7.21875,326.0,169.1162631808352,169.1162631808352,9.343973346894012
single-blocker,9,111,plugin,352,0.4609375,7.21875,358.0,178.39200998111025,178.39200998111025,9.43942571339101
single-blocker,9,111,plugin,384,0.4609375,7.21875,390.0,187.25023096678382,187.25023096678382,9.526555569015972
single-blocker,9,111,plugin,416,0.4609375,7.21875,422.0,195.74254455085054,195.74254455085054,9.606698520546455
single-blocker,9,111,plugin,448,0.4609375,7.21875,454.0,203.91074640079475,203.91074640079475,9.680892410683008
single-blocker,9,111,plugin,480,0.4609375,7.21875,486.0,211.78924141297622,211.78924141297622,9.749959740447146
single-blocker,9,111,plugin,512,0.4609375,7.21875,518.0,219.40675252840046,219.40675252840046,9.814563409549722
single-blocker,9,111,safe,32,0.0,0.0,32.0,31.968216811859147,31.968216811859147,4.02724519543652
single-blocker,9,111,safe,64,0.0,0.0,64.0,57.42435623340214,57.42435623340214,4.7282659037057675
single-blocker,9,111,safe,96,0.0,0.0,96.0,76.78319682780861,76.78319682780861,5.136346480888775
single-blocker,9,111,safe,128,0.0,0.0,128.0,93.03345515740088,93.03345515740088,5.425334592589174
single-blocker,9,111,safe,160,0.0,0.0,160.0,107.31238195727079,107.31238195727079,5.649261224939744
single-blocker,9,111,safe,192,0.0,0.0,192.0,120.1978375468853,120.1978375468853,5.832104609707439
single-blocker,9,111,safe,224,0.0,0.0,224.0,132.0310352083931,132.0310352083931,5.986627913082163
single-blocker,9,111,safe,256,0.0,0.0,256.0,143.03333360981438,143.03333360981438,6.120438712817281
single-blocker,9,111,safe,288,0.0,0.0,288.0,153.35798108855585,153.35798108855585,6.238439029233648
single-blocker,9,111,safe,320,0.0,0.0,320.0,163.1162631808352,163.1162631808352,6.343973346894013
single-blocker,9,111,safe,352,0.0,0.0,352.0,172.39200998111025,172.39200998111025,6.43942571339101
single-blocker,9,111,safe,384,0.0,0.0,384.0,181.25023096678382,181.25023096678382,6.5265555690159704
single-blocker,9,111,safe,416,0.0,0.0,416.0,189.74254455085054,189.74254455085054,6.6066985205464555
single-blocker,9,111,safe,448,0.0,0.0,448.0,197.91074640079475,197.91074640079475,6.680892410683006
single-blocker,9,111,safe,480,0.0,0.0,480.0,205.78924141297622,205.78924141297622,6.7499597404471405
single-blocker,9,111,safe,512,0.0,0.0,512.0,213.40675252840046,213.40675252840046,6.81456340954972
single-blocker,9,111,known,32,0.0,0.0,32.0,31.968216811859147,31.968216811859147,4.02724519543652
single-blocker,9,111,known,64,0.0,0.0,64.0,57.42435623340214,57.42435623340214,4.7282659037057675
single-blocker,9,111,known,96,0.0,0.0,96.0,76.78319682780861,76.78319682780861,5.136346480888775
single-blocker,9,111,known,128,0.0,0.0,128.0,93.03345515740088,93.03345515740088,5.425334592589174
single-blocker,9,111,known,160,0.0,0.0,160.0,107.31238195727079,107.31238195727079,5.649261224939744
single-blocker,9,111,known,192,0.0,0.0,192.0,120.1978375468853,120.1978375468853,5.832104609707439
single-blocker,9,111,known,224,0.0,0.0,224.0,132.0310352083931,132.0310352083931,5.986627913082163
single-blocker,9,111,known,256,0.0,0.0,256.0,143.03333360981438,143.03333360981438,6.120438712817281
single-blocker,9,111,known,288,0.0,0.0,288.0,153.35798108855585,153.35798108855585,6.238439029233648
single-blocker,9,111,known,320,0.0,0.0,320.0,163.1162631808352,163.1162631808352,6.343973346894013
single-blocker,9,111,known,352,0.0,0.0,352.0,172.39200998111025,172.39200998111025,6.43942571339101
single-blocker,9,111,known,384,0.0,0.0,384.0,181.25023096678382,181.25023096678382,6.5265555690159704
single-blocker,9,111,known,416,0.0,0.0,416.0,189.74254455085054,189.74254455085054,6.6066985205464555
single-blocker,9,111,known,448,0.0,0.0,448.0,197.91074640079475,197.91074640079475,6.680892410683006
single-blocker,9,111,known,480,0.0,0.0,480.0,205.78924141297622,205.78924141297622,6.7499597404471405
single-blocker,9,111,known,512,0.0,0.0,512.0,213.40675252840046,213.40675252840046,6.81456340954972
single-blocker,9,111,product,32,0.0,0.0,32.0,31.968216811859147,31.968216811859147,4.02724519543652
single-blocker,9,111,product,64,0.0,0.0,64.0,57.42435623340214,57.42435623340214,4.7282659037057675
single-blocker,9,111,product,96,0.0,0.0,96.0,76.78319682780861,76.78319682780861,5.136346480888775
single-blocker,9,111,product,128,0.0,0.0,128.0,93.03345515740088,93.03345515740088,5.425334592589174
single-blocker,9,111,product,160,0.0,0.0,160.0,107.31238195727079,107.31238195727079,5.649261224939744
single-blocker,9,111,product,192,0.0,0.0,192.0,120.1978375468853,120.1978375468853,5.832104609707439
single-blocker,9,111,product,224,0.0,0.0,224.0,132.0310352083931,132.0310352083931,5.986627913082163
single-blocker,9,111,product,256,0.0,0.0,256.0,143.03333360981438,143.03333360981438,6.120438712817281
single-blocker,9,111,product,288,0.0,0.0,288.0,153.35798108855585,153.35798108855585,6.238439029233648
single-blocker,9,111,product,320,0.0,0.0,320.0,163.1162631808352,163.1162631808352,6.343973346894013
single-blocker,9,111,product,352,0.0,0.0,352.0,172.39200998111025,172.39200998111025,6.43942571339101
single-blocker,9,111,product,384,0.0,0.0,384.0,181.25023096678382,181.25023096678382,6.5265555690159704
single-blocker,9,111,product,416,0.0,0.0,416.0,189.74254455085054,189.74254455085054,6.6066985205464555
single-blocker,9,111,product,448,0.0,0.0,448.0,197.91074640079475,197.91074640079475,6.680892410683006
single-blocker,9,111,product,480,0.0,0.0,480.0,205.78924141297622,205.78924141297622,6.7499597404471405
single-blocker,9,111,product,512,0.0,0.0,512.0,213.40675252840046,213.40675252840046,6.81456340954972
outcome-lag-64,11,111,prefix,32,7.75,26.0,64.0,64.0,64.0,22.7595692860232
outcome-lag-64,11,111,prefix,64,15.5,52.0,128.0,128.0,128.0,46.65706720413242
outcome-lag-64,11,111,prefix,96,21.0625,76.75,191.8037943906881,189.54397453799467,189.54052972590372,68.72451201181521
outcome-lag-64,11,111,prefix,128,21.8125,98.75,247.33676800669397,245.56624769851672,244.39039384915088,90.26411249605285
outcome-lag-64,11,111,prefix,160,22.5625,120.75,295.19628420814604,295.2592140520659,292.01909553295496,109.24026857820877
outcome-lag-64,11,111,prefix,192,23.3125,142.75,335.72222918301657,341.4917160591697,332.3814941278985,125.2241610147464
outcome-lag-64,11,111,prefix,224,23.921875,163.4375,369.88399914770434,383.0950583537865,366.4426145998459,139.5107685406678
outcome-lag-64,11,111,prefix,256,23.921875,178.4375,394.9083533935746,413.991182540531,391.46696884571617,149.6017461359911
outcome-lag-64,11,111,prefix,288,23.921875,193.4375,420.02165143615343,444.99914383075253,416.580266888295,159.17977007655463
outcome-lag-64,11,111,prefix,320,23.921875,208.4375,441.3044168570146,471.573064167047,437.86303230915615,167.21341237518743
outcome-lag-64,11,111,prefix,352,23.921875,223.4375,460.6635331583138,495.63867773980934,457.22214861045535,174.07279945375433
outcome-lag-64,11,111,prefix,384,23.921875,238.4375,478.36423148289265,517.337053092527,474.9228469350342,179.70811225562113
outcome-lag-64,11,111,prefix,416,23.921875,253.4375,494.7980047478851,537.7273654396911,491.35662020002667,185.03335075721353
outcome-lag-64,11,111,prefix,448,23.921875,268.4375,513.295038407828,561.0834273092311,509.85365385996954,191.3982526360871
outcome-lag-64,11,111,prefix,480,23.921875,283.4375,531.0079649653429,583.929098737435,527.5665804174846,197.96103581939238
outcome-lag-64,11,111,prefix,512,23.921875,298.4375,547.0272387715225,604.3786129356067,543.5858542236642,203.6047492415269
outcome-lag-64,11,111,intersection,32,6.4375,25.25,64.0,64.0,64.0,24.105677887566586
outcome-lag-64,11,111,intersection,64,7.1875,47.25,128.0,128.0,128.0,56.5226055293058
outcome-lag-64,11,111,intersection,96,7.9375,69.25,191.8037943906881,191.31947450557777,191.31602969348683,86.78119635499203
outcome-lag-64,11,111,intersection,128,8.6875,91.25,247.53812409895158,248.30609943428928,246.65298179308428,108.8694028804028
outcome-lag-64,11,111,intersection,160,8.9453125,108.65625,288.4203362556229,294.31494380480507,287.218983580439,124.5897647027956
outcome-lag-64,11,111,intersection,192,8.9453125,123.65625,317.8801990599931,330.70439482395346,316.6788463848092,137.73731101289
outcome-lag-64,11,111,intersection,224,8.9453125,138.65625,346.25251544891216,366.2487522544757,345.05116277372827,149.81117894934837
outcome-lag-64,11,111,intersection,256,8.9453125,153.65625,369.4049594824653,394.86024045494145,368.2036068072814,158.67248581486677
outcome-lag-64,11,111,intersection,288,8.9453125,168.65625,392.83196790821376,423.8199860482806,391.63061523302986,167.23602641229414
outcome-lag-64,11,111,intersection,320,8.9453125,183.65625,412.99796522305684,449.0051381037724,411.79661254787294,174.60101263692525
outcome-lag-64,11,111,intersection,352,8.9453125,198.65625,431.50976024973846,471.96499863832037,430.30840757455456,180.94172467666502
outcome-lag-64,11,111,intersection,384,8.9453125,213.65625,448.5634876831224,492.79204475151045,447.3621350079385,186.19379022226994
outcome-lag-64,11,111,intersection,416,8.9453125,228.65625,464.4697132196235,512.4480018275992,463.2683605444396,191.19663226090398
outcome-lag-64,11,111,intersection,448,8.9453125,243.65625,482.31384309208033,534.8771222118146,481.11249041689643,197.14144668596728
outcome-lag-64,11,111,intersection,480,8.9453125,258.65625,499.45063837002124,556.878088063526,498.24928569483734,203.30076324409933
outcome-lag-64,11,111,intersection,512,8.9453125,273.65625,515.019534556979,576.6660246758062,513.8181818817952,208.63212563812573
outcome-lag-64,11,111,completed,32,5.125,24.5,64.0,64.0,64.0,25.780406040390712
outcome-lag-64,11,111,completed,64,9.625,35.5,112.0,112.0,112.0,48.419510765677686
outcome-lag-64,11,111,completed,96,12.25,52.0,167.8037943906881,167.38354002338195,167.380095211291,74.74614302262444
outcome-lag-64,11,111,completed,128,13.0,74.0,224.3593480603443,225.0417614315082,223.8737601327327,95.90561826868097
outcome-lag-64,11,111,completed,160,13.2578125,91.40625,269.08491749983614,273.19886501879853,268.2542113818388,113.14858912077821
outcome-lag-64,11,111,completed,192,13.3984375,107.71875,301.9486013143097,313.00652145095665,301.11789519631236,127.27057706408101
outcome-lag-64,11,111,completed,224,13.3984375,122.71875,331.5757169821096,350.0164145040594,330.74501086411226,140.14493733862668
outcome-lag-64,11,111,completed,256,13.3984375,137.71875,355.44240183125265,379.5254982373259,354.6116957132553,149.48167665627466
outcome-lag-64,11,111,completed,288,13.3984375,152.71875,379.5309669531003,409.3044572021512,378.70026083510294,158.4449576527332
outcome-lag-64,11,111,completed,320,13.3984375,167.71875,400.14345693973974,435.0524143660392,399.3127508217424,166.0773570519769
outcome-lag-64,11,111,completed,352,13.3984375,182.71875,418.9989781079406,458.46451042922297,418.16827198994326,172.62766092312503
outcome-lag-64,11,111,completed,384,13.3984375,197.71875,436.3183041994441,479.65058759072895,435.4875980814468,178.0358415787599
outcome-lag-64,11,111,completed,416,13.3984375,212.71875,452.44268025252575,499.61076703460594,451.6119741345284,183.17083257613345
outcome-lag-64,11,111,completed,448,13.3984375,227.71875,470.5582161690897,522.4258479430126,469.72751005109234,189.28892673205132
outcome-lag-64,11,111,completed,480,13.3984375,242.71875,487.93566892250374,544.7802379425877,487.1049628045064,195.6156837964278
outcome-lag-64,11,111,completed,512,13.3984375,257.71875,503.69357966356733,564.8461488837464,502.86287354557,201.07729166860508
outcome-lag-64,11,111,plugin,32,2.546875,11.9375,47.0,47.0,47.0,24.311946928123554
outcome-lag-64,11,111,plugin,64,9.578125,13.8125,82.0,82.0,82.0,39.683475537202355
outcome-lag-64,11,111,plugin,96,10.3515625,27.40625,139.8037943906881,139.38354002338193,139.38009521129098,67.66445571353799
outcome-lag-64,11,111,plugin,128,10.3515625,42.40625,189.3593480603443,190.07354461964903,188.90554332087353,90.04064853478
outcome-lag-64,11,111,plugin,160,10.3515625,57.40625,230.02130879427892,233.8817905899844,229.56750405480815,107.90440828360053
outcome-lag-64,11,111,plugin,192,10.3515625,72.40625,261.8921264390076,272.64228672565827,261.43832169953686,122.41657225251686
outcome-lag-64,11,111,plugin,224,10.3515625,87.40625,292.0174847443848,310.2102623412942,291.563680004914,135.60091334726596
outcome-lag-64,11,111,plugin,256,10.3515625,102.40625,316.156888194111,340.0538484821341,315.7030834546402,145.11744339580034
outcome-lag-64,11,111,plugin,288,10.3515625,117.40625,340.49216349422045,370.1332693558131,340.03835875474965,154.22938990808947
outcome-lag-64,11,111,plugin,320,10.3515625,132.40625,361.2684126022723,396.085188306445,360.8146078628015,161.95992066019704
outcome-lag-64,11,111,plugin,352,10.3515625,147.40625,380.2483540988332,419.65978905428176,379.7945493593624,168.5864098902997
outcome-lag-64,11,111,plugin,384,10.3515625,162.40625,397.6627664546534,440.97397639081436,397.2089617151826,174.0509154110787
outcome-lag-64,11,111,plugin,416,10.3515625,177.40625,413.86471113934346,461.0421571124939,413.41090639987266,179.23330610538866
outcome-lag-64,11,111,plugin,448,10.3515625,192.40625,432.07627324447446,483.99359397366385,431.62246850500367,185.4131829355006
outcome-lag-64,11,111,plugin,480,10.3515625,207.40625,449.53847846449656,506.4722655539768,449.08467372502577,191.79929395014062
outcome-lag-64,11,111,plugin,512,10.3515625,222.40625,465.36265349173556,526.6355264636121,464.90884875226476,197.30685961983986
outcome-lag-64,11,111,safe,32,8.25,0.0,32.0,32.0,32.0,13.915157606334239
outcome-lag-64,11,111,safe,64,16.5,0.0,64.0,64.0,64.0,26.716722845449667
outcome-lag-64,11,111,safe,96,24.75,0.0,95.80379439068811,95.38354002338191,95.38009521129098,39.561454664566185
outcome-lag-64,11,111,safe,128,33.0,0.0,120.3593480603444,121.07354461964908,119.90554332087355,49.29018904294145
outcome-lag-64,11,111,safe,160,41.25,0.0,139.2306038300222,141.99461320865257,138.77679909055135,56.15625746442564
outcome-lag-64,11,111,safe,192,49.5,0.0,155.11805025712366,161.03756289869304,154.6642455176528,62.49659494961926
outcome-lag-64,11,111,safe,224,57.75,0.0,169.13949770150128,177.89705535443187,168.68569296203043,67.67741304722496
outcome-lag-64,11,111,safe,256,66.0,0.0,181.81262235264657,192.74630894571192,181.35881761317572,71.65817903681885
outcome-lag-64,11,111,safe,288,74.25,0.0,193.46800358683774,206.7678908512656,193.01419884736688,75.4731137800475
outcome-lag-64,11,111,safe,320,82.5,0.0,204.31539410655785,220.15880755779605,203.861589367087,79.211282711959
outcome-lag-64,11,111,safe,352,90.75,0.0,214.50891126869976,232.51894509851212,214.0551065292289,82.39112581889698
outcome-lag-64,11,111,safe,384,99.0,0.0,224.14228326488808,243.9614388696166,223.68847852541722,85.06252845995266
outcome-lag-64,11,111,safe,416,107.25,0.0,233.3101762835194,255.01444233776644,232.85637154404856,87.70336129556631
outcome-lag-64,11,111,safe,448,115.5,0.0,242.07295315175148,265.6755942652458,241.61914841228062,90.27050526323791
outcome-lag-64,11,111,safe,480,123.75,0.0,250.47525576203782,276.0667312589428,250.02145102256696,92.85221457451745
outcome-lag-64,11,111,safe,512,132.0,0.0,258.5639592881838,285.94103871506996,258.11015454871296,95.17361458432282
outcome-lag-64,11,111,known,32,0.0,15.0,50.0,50.0,50.0,29.04951964951981
outcome-lag-64,11,111,known,64,0.0,30.0,108.0,108.0,108.0,61.98055386462815
outcome-lag-64,11,111,known,96,0.0,45.0,166.8037943906881,166.38354002338195,166.380095211291,90.88753742866095
outcome-lag-64,11,111,known,128,0.0,60.0,214.33934127602552,216.58581079821897,213.88553653655478,111.39730455607003
outcome-lag-64,11,111,known,160,0.0,75.0,249.29321828617708,257.2002578043439,248.83941354670634,126.2592259207194
outcome-lag-64,11,111,known,192,0.0,90.0,277.97677673296187,292.74000989327834,277.5229719934911,138.93132386941858
outcome-lag-64,11,111,known,224,0.0,105.0,305.7281211240963,327.52836033462256,305.27431638462554,150.60035117502116
outcome-lag-64,11,111,known,256,0.0,120.0,328.51261998744974,355.6658513176022,328.058815247979,159.21491320193755
outcome-lag-64,11,111,known,288,0.0,135.0,351.5901631983348,384.1853034240731,351.13635845886404,167.5671217254979
outcome-lag-64,11,111,known,320,0.0,150.0,371.51602038547014,409.06391690497225,371.0622156459994,174.78860492518635
outcome-lag-64,11,111,known,352,0.0,165.0,389.8402576346517,431.77510391736854,389.386452895181,181.01563148479616
outcome-lag-64,11,111,known,384,0.0,180.0,406.7472724523467,452.403153538232,406.29346771287595,186.18229841102726
outcome-lag-64,11,111,known,416,0.0,195.0,422.5320702420072,471.88951585126773,422.07826550253645,191.11236818250237
outcome-lag-64,11,111,known,448,0.0,210.0,440.2242798088801,494.10228621693585,439.7704750694093,196.9611064203722
outcome-lag-64,11,111,known,480,0.0,225.0,457.2256555449716,515.9040871436097,456.7718508055008,203.02696154308722
outcome-lag-64,11,111,known,512,0.0,240.0,472.68764166495146,535.5346385490511,472.23383692548066,208.28523870201553
outcome-lag-64,11,111,product,32,0.0,15.0,50.0,50.0,50.0,29.04951964951981
outcome-lag-64,11,111,product,64,0.0,30.0,108.0,108.0,108.0,61.98055386462815
outcome-lag-64,11,111,product,96,0.0,45.0,166.8037943906881,166.38354002338195,166.380095211291,90.88753742866095
outcome-lag-64,11,111,product,128,0.0,60.0,214.33934127602552,216.58581079821897,213.88553653655478,111.39730455607003
outcome-lag-64,11,111,product,160,0.0,75.0,249.29321828617708,257.2002578043439,248.83941354670634,126.2592259207194
outcome-lag-64,11,111,product,192,0.0,90.0,277.97677673296187,292.74000989327834,277.5229719934911,138.93132386941858
outcome-lag-64,11,111,product,224,0.0,105.0,305.7281211240963,327.52836033462256,305.27431638462554,150.60035117502116
outcome-lag-64,11,111,product,256,0.0,120.0,328.51261998744974,355.6658513176022,328.058815247979,159.21491320193755
outcome-lag-64,11,111,product,288,0.0,135.0,351.5901631983348,384.1853034240731,351.13635845886404,167.5671217254979
outcome-lag-64,11,111,product,320,0.0,150.0,371.51602038547014,409.06391690497225,371.0622156459994,174.78860492518635
outcome-lag-64,11,111,product,352,0.0,165.0,389.8402576346517,431.77510391736854,389.386452895181,181.01563148479616
outcome-lag-64,11,111,product,384,0.0,180.0,406.7472724523467,452.403153538232,406.29346771287595,186.18229841102726
outcome-lag-64,11,111,product,416,0.0,195.0,422.5320702420072,471.88951585126773,422.07826550253645,191.11236818250237
outcome-lag-64,11,111,product,448,0.0,210.0,440.2242798088801,494.10228621693585,439.7704750694093,196.9611064203722
outcome-lag-64,11,111,product,480,0.0,225.0,457.2256555449716,515.9040871436097,456.7718508055008,203.02696154308722
outcome-lag-64,11,111,product,512,0.0,240.0,472.68764166495146,535.5346385490511,472.23383692548066,208.28523870201553
single-blocker,11,111,prefix,32,7.75,26.0,64.0,63.96821681185914,63.96821681185914,10.253203373190027
single-blocker,11,111,prefix,64,15.5,52.0,128.0,119.02559570213984,119.02559570213984,12.438625405332212
single-blocker,11,111,prefix,96,23.25,78.0,192.0,162.7052192822965,162.7052192822965,13.656213969357701
single-blocker,11,111,prefix,128,31.0,104.0,256.0,200.4477897671255,200.4477897671255,14.519782139094142
single-blocker,11,111,prefix,160,38.75,130.0,320.0,234.9863391814472,234.9863391814472,15.22798019892471
single-blocker,11,111,prefix,192,46.5,156.0,384.0,267.0512919157139,267.0512919157139,15.84082741102169
single-blocker,11,111,prefix,224,54.25,182.0,448.0,294.20238855390454,294.20238855390454,16.266211189047947
single-blocker,11,111,prefix,256,62.0,208.0,512.0,320.655527390102,320.655527390102,16.680809226230483
single-blocker,11,111,prefix,288,69.75,234.0,576.0,345.44637784953744,345.44637784953744,17.044775491664332
single-blocker,11,111,prefix,320,77.5,260.0,640.0,368.3463978607922,368.3463978607922,17.352722433992973
single-blocker,11,111,prefix,352,85.25,286.0,704.0,390.84965217393386,390.84965217393386,17.654535762853275
single-blocker,11,111,prefix,384,93.0,312.0,768.0,411.8539790039326,411.8539790039326,17.915086200101566
single-blocker,11,111,prefix,416,100.75,338.0,832.0,431.0884715912986,431.0884715912986,18.128992477207873
single-blocker,11,111,prefix,448,108.5,364.0,896.0,450.7088520387259,450.7088520387259,18.35894119088798
single-blocker,11,111,prefix,480,116.25,390.0,960.0,469.61921391934646,469.61921391934646,18.572424858926368
single-blocker,11,111,prefix,512,124.0,416.0,1024.0,487.8915383579274,487.8915383579274,18.77165510509741
single-blocker,11,111,intersection,32,7.3125,25.75,64.0,63.96821681185914,63.96821681185914,10.253203373190027
single-blocker,11,111,intersection,64,8.0625,47.75,128.0,121.34492236728798,121.34492236728798,12.781748230062677
single-blocker,11,111,intersection,96,8.8125,69.75,192.0,167.18244672786003,167.18244672786003,13.946331646190707
single-blocker,11,111,intersection,128,9.5625,91.75,256.0,205.3942175132789,205.3942175132789,14.766050433822441
single-blocker,11,111,intersection,160,10.3125,113.75,320.0,239.36407721133799,239.36407721133799,15.422784524373624
single-blocker,11,111,intersection,192,10.5234375,130.71875,377.0,265.28554464479845,265.28554464479845,15.84843403402537
single-blocker,11,111,intersection,224,10.5234375,145.71875,436.0,289.1824700135457,289.1824700135457,16.192331682914425
single-blocker,11,111,intersection,256,10.5234375,160.71875,490.0,309.25097515961676,309.25097515961676,16.457674680388212
single-blocker,11,111,intersection,288,10.5234375,175.71875,549.0,329.9591008423967,329.9591008423967,16.71653210846615
single-blocker,11,111,intersection,320,10.5234375,190.71875,604.0,348.02849490513336,348.02849490513336,16.928156413896122
single-blocker,11,111,intersection,352,10.5234375,205.71875,658.0,364.8660461748012,364.8660461748012,17.115531356567846
single-blocker,11,111,intersection,384,10.5234375,220.71875,711.0,380.63469942328845,380.63469942328845,17.283164332295506
single-blocker,11,111,intersection,416,10.5234375,235.71875,763.0,395.46118015035535,395.46118015035535,17.434385075337957
single-blocker,11,111,intersection,448,10.5234375,250.71875,823.0,412.1388451921962,412.1388451921962,17.60029615132129
single-blocker,11,111,intersection,480,10.5234375,265.71875,883.0,428.15763886085983,428.15763886085983,17.753370809144993
single-blocker,11,111,intersection,512,10.5234375,280.71875,940.0,442.7674508558277,442.7674508558277,17.88744680630154
single-blocker,11,111,completed,32,6.65625,25.375,64.0,63.96821681185914,63.96821681185914,10.435915588510941
single-blocker,11,111,completed,64,7.40625,47.375,128.0,121.22759708485826,121.22759708485826,12.773646933117575
single-blocker,11,111,completed,96,8.15625,69.375,192.0,166.71943739604347,166.71943739604347,13.921408562203025
single-blocker,11,111,completed,128,8.90625,91.375,256.0,204.8746623849446,204.8746623849446,14.741243278969586
single-blocker,11,111,completed,160,9.421875,111.1875,317.0,236.53554572082328,236.53554572082328,15.339092160078925
single-blocker,11,111,completed,192,9.421875,126.1875,371.0,260.1433750515441,260.1433750515441,15.705016781745789
single-blocker,11,111,completed,224,9.421875,141.1875,430.0,283.95513483969427,283.95513483969427,16.046287075831913
single-blocker,11,111,completed,256,9.421875,156.1875,484.0,303.9691027791742,303.9691027791742,16.31007368036439
single-blocker,11,111,completed,288,9.421875,171.1875,543.0,324.62270834223614,324.62270834223614,16.567474247514443
single-blocker,11,111,completed,320,9.421875,186.1875,598.0,342.65352783003425,342.65352783003425,16.77812790445201
single-blocker,11,111,completed,352,9.421875,201.1875,652.0,359.4592889469135,359.4592889469135,16.96474052652298
single-blocker,11,111,completed,384,9.421875,216.1875,705.0,375.2012896467642,375.2012896467642,17.1317606587886
single-blocker,11,111,completed,416,9.421875,231.1875,757.0,390.0051235798276,390.0051235798276,17.28247955439733
single-blocker,11,111,completed,448,9.421875,246.1875,817.0,406.65474325294326,406.65474325294326,17.447793268360652
single-blocker,11,111,completed,480,9.421875,261.1875,877.0,422.64896583228057,422.64896583228057,17.600366554118132
single-blocker,11,111,completed,512,9.421875,276.1875,934.0,437.2392319168987,437.2392319168987,17.734058420482285
single-blocker,11,111,plugin,32,2.421875,18.4375,53.0,52.96821681185914,52.96821681185914,9.428807521998847
single-blocker,11,111,plugin,64,2.421875,33.4375,111.0,103.38388570923826,103.38388570923826,11.114532519877919
single-blocker,11,111,plugin,96,2.421875,48.4375,170.0,142.51706454200297,142.51706454200297,12.02373810395128
single-blocker,11,111,plugin,128,2.421875,63.4375,227.0,173.71468050816296,173.71468050816296,12.623849793149468
single-blocker,11,111,plugin,160,2.421875,78.4375,282.0,200.02260072405093,200.02260072405093,13.067704566130406
single-blocker,11,111,plugin,192,2.421875,93.4375,336.0,223.32578514313133,223.32578514313133,13.423526105696874
single-blocker,11,111,plugin,224,2.421875,108.4375,395.0,246.8530475826039,246.8530475826039,13.756149627347003
single-blocker,11,111,plugin,256,2.421875,123.4375,449.0,266.68358442857993,266.68358442857993,14.014767741641903
single-blocker,11,111,plugin,288,2.421875,138.4375,508.0,287.15290237691084,287.15290237691084,14.267298671428456
single-blocker,11,111,plugin,320,2.421875,153.4375,563.0,305.0528097555016,305.0528097555016,14.474690707290115
single-blocker,11,111,plugin,352,2.421875,168.4375,617.0,321.75037299582766,321.75037299582766,14.658732032978538
single-blocker,11,111,plugin,384,2.421875,183.4375,670.0,337.4014541974071,337.4014541974071,14.823678821781991
single-blocker,11,111,plugin,416,2.421875,198.4375,722.0,352.1278899599363,352.1278899599363,14.972695734179293
single-blocker,11,111,plugin,448,2.421875,213.4375,782.0,368.6814849919589,368.6814849919589,15.135978632958102
single-blocker,11,111,plugin,480,2.421875,228.4375,842.0,384.59142412209627,384.59142412209627,15.28684330638176
single-blocker,11,111,plugin,512,2.421875,243.4375,899.0,399.1145448405705,399.1145448405705,15.419223544794466
single-blocker,11,111,safe,32,8.25,0.0,32.0,31.968216811859147,31.968216811859147,4.02724519543652
single-blocker,11,111,safe,64,16.5,0.0,64.0,57.42435623340214,57.42435623340214,4.7282659037057675
single-blocker,11,111,safe,96,24.75,0.0,96.0,76.78319682780861,76.78319682780861,5.136346480888775
single-blocker,11,111,safe,128,33.0,0.0,128.0,93.03345515740088,93.03345515740088,5.425334592589174
single-blocker,11,111,safe,160,41.25,0.0,160.0,107.31238195727079,107.31238195727079,5.649261224939744
single-blocker,11,111,safe,192,49.5,0.0,192.0,120.1978375468853,120.1978375468853,5.832104609707439
single-blocker,11,111,safe,224,57.75,0.0,224.0,132.0310352083931,132.0310352083931,5.986627913082163
single-blocker,11,111,safe,256,66.0,0.0,256.0,143.03333360981438,143.03333360981438,6.120438712817281
single-blocker,11,111,safe,288,74.25,0.0,288.0,153.35798108855585,153.35798108855585,6.238439029233648
single-blocker,11,111,safe,320,82.5,0.0,320.0,163.1162631808352,163.1162631808352,6.343973346894013
single-blocker,11,111,safe,352,90.75,0.0,352.0,172.39200998111025,172.39200998111025,6.43942571339101
single-blocker,11,111,safe,384,99.0,0.0,384.0,181.25023096678382,181.25023096678382,6.5265555690159704
single-blocker,11,111,safe,416,107.25,0.0,416.0,189.74254455085054,189.74254455085054,6.6066985205464555
single-blocker,11,111,safe,448,115.5,0.0,448.0,197.91074640079475,197.91074640079475,6.680892410683006
single-blocker,11,111,safe,480,123.75,0.0,480.0,205.78924141297622,205.78924141297622,6.7499597404471405
single-blocker,11,111,safe,512,132.0,0.0,512.0,213.40675252840046,213.40675252840046,6.81456340954972
single-blocker,11,111,known,32,0.0,15.0,50.0,49.96821681185914,49.96821681185914,7.466797718077275
single-blocker,11,111,known,64,0.0,30.0,108.0,100.04266333381736,100.04266333381736,9.07826452430759
single-blocker,11,111,known,96,0.0,45.0,167.0,138.80614744910048,138.80614744910048,9.969183238526837
single-blocker,11,111,known,128,0.0,60.0,224.0,169.81665198520957,169.81665198520957,10.561681073477942
single-blocker,11,111,known,160,0.0,75.0,279.0,196.00888937082257,196.00888937082257,11.00139281761526
single-blocker,11,111,known,192,0.0,90.0,333.0,219.22968056755337,219.22968056755337,11.35452987411071
single-blocker,11,111,known,224,0.0,105.0,392.0,242.67930224353557,242.67930224353557,11.6848284143513
single-blocker,11,111,known,256,0.0,120.0,446.0,262.45944734778357,262.45944734778357,11.942044562535733
single-blocker,11,111,known,288,0.0,135.0,505.0,282.8778924986737,282.8778924986737,12.193246130515442
single-blocker,11,111,known,320,0.0,150.0,560.0,300.7415198044164,300.7415198044164,12.399743155047457
single-blocker,11,111,known,352,0.0,165.0,614.0,317.4090133732712,317.4090133732712,12.583076271115878
single-blocker,11,111,known,384,0.0,180.0,667.0,333.03477010338815,333.03477010338815,12.747450306600646
single-blocker,11,111,known,416,0.0,195.0,719.0,347.7396082566083,347.7396082566083,12.895995918260315
single-blocker,11,111,known,448,0.0,210.0,779.0,364.2663595824791,364.2663595824791,13.058715116332886
single-blocker,11,111,known,480,0.0,225.0,839.0,380.15269465969106,380.15269465969106,13.209104389585995
single-blocker,11,111,known,512,0.0,240.0,896.0,394.65698349518425,394.65698349518425,13.341118978565701
single-blocker,11,111,product,32,0.0,15.0,50.0,49.96821681185914,49.96821681185914,7.466797718077275
single-blocker,11,111,product,64,0.0,30.0,108.0,100.04266333381736,100.04266333381736,9.07826452430759
single-blocker,11,111,product,96,0.0,45.0,167.0,138.80614744910048,138.80614744910048,9.969183238526837
single-blocker,11,111,product,128,0.0,60.0,224.0,169.81665198520957,169.81665198520957,10.561681073477942
single-blocker,11,111,product,160,0.0,75.0,279.0,196.00888937082257,196.00888937082257,11.00139281761526
single-blocker,11,111,product,192,0.0,90.0,333.0,219.22968056755337,219.22968056755337,11.35452987411071
single-blocker,11,111,product,224,0.0,105.0,392.0,242.67930224353557,242.67930224353557,11.6848284143513
single-blocker,11,111,product,256,0.0,120.0,446.0,262.45944734778357,262.45944734778357,11.942044562535733
single-blocker,11,111,product,288,0.0,135.0,505.0,282.8778924986737,282.8778924986737,12.193246130515442
single-blocker,11,111,product,320,0.0,150.0,560.0,300.7415198044164,300.7415198044164,12.399743155047457
single-blocker,11,111,product,352,0.0,165.0,614.0,317.4090133732712,317.4090133732712,12.583076271115878
single-blocker,11,111,product,384,0.0,180.0,667.0,333.03477010338815,333.03477010338815,12.747450306600646
single-blocker,11,111,product,416,0.0,195.0,719.0,347.7396082566083,347.7396082566083,12.895995918260315
single-blocker,11,111,product,448,0.0,210.0,779.0,364.2663595824791,364.2663595824791,13.058715116332886
single-blocker,11,111,product,480,0.0,225.0,839.0,380.15269465969106,380.15269465969106,13.209104389585995
single-blocker,11,111,product,512,0.0,240.0,896.0,394.65698349518425,394.65698349518425,13.341118978565701
outcome-lag-64,13,111,prefix,32,0.0,24.0,64.0,64.0,64.0,32.58523180800569
outcome-lag-64,13,111,prefix,64,0.0,48.0,128.0,128.0,128.0,67.10640415976351
outcome-lag-64,13,111,prefix,96,0.0,72.0,191.84728443969945,190.95762812742942,190.95762812742942,95.06123454971248
outcome-lag-64,13,111,prefix,128,0.0,96.0,246.83181603456873,247.41124825006688,245.6248717873252,115.78793580950199
outcome-lag-64,13,111,prefix,160,0.0,120.0,290.7511481781728,294.38348666067634,289.5020001440728,129.50668125714455
outcome-lag-64,13,111,prefix,192,0.0,144.0,327.1876762212468,335.27263082884616,325.9385281871468,141.14001768487643
outcome-lag-64,13,111,prefix,224,0.0,168.0,361.34463758472685,373.1838866838235,360.09548955062684,150.23541757428399
outcome-lag-64,13,111,prefix,256,0.0,192.0,393.87918433475903,408.6921013662148,392.630036300659,158.2659174815553
outcome-lag-64,13,111,prefix,288,0.0,216.0,422.7186263694889,441.1112906647681,421.4694783353889,165.80069448113485
outcome-lag-64,13,111,prefix,320,0.0,240.0,449.76211163434385,471.8753401498906,448.51296360024384,172.88282865617737
outcome-lag-64,13,111,prefix,352,0.0,264.0,475.0062586018583,500.42439358323236,473.7571105677583,178.99391227977839
outcome-lag-64,13,111,prefix,384,0.0,288.0,498.50397503024305,526.8093219127721,497.25482699614304,184.1306048299514
outcome-lag-64,13,111,prefix,416,0.0,312.0,520.385026899815,551.3589001304429,519.1358788657149,188.51341374002183
outcome-lag-64,13,111,prefix,448,0.0,336.0,541.3978997671577,575.252268985784,540.1487517330576,193.04307121773982
outcome-lag-64,13,111,prefix,480,0.0,360.0,561.4447247864106,598.3543816417827,560.1955767523104,197.6803225126971
outcome-lag-64,13,111,prefix,512,0.0,384.0,580.7696722421688,620.6630050606949,579.5205242080687,202.00988727945418
outcome-lag-64,13,111,intersection,32,0.0,24.0,64.0,64.0,64.0,32.58523180800569
outcome-lag-64,13,111,intersection,64,0.0,48.0,128.0,128.0,128.0,67.10640415976351
outcome-lag-64,13,111,intersection,96,0.0,72.0,191.84728443969945,190.95762812742942,190.95762812742942,95.06123454971248
outcome-lag-64,13,111,intersection,128,0.0,96.0,246.83181603456873,247.41124825006688,245.6248717873252,115.78793580950199
outcome-lag-64,13,111,intersection,160,0.0,120.0,293.3158033198154,296.77711028890695,292.07394531842345,130.99541761499862
outcome-lag-64,13,111,intersection,192,0.0,144.0,333.08205578606567,340.08097630627117,331.83977567234496,143.25714628394613
outcome-lag-64,13,111,intersection,224,0.0,168.0,367.72899184169233,377.4248441060916,366.4867117279716,152.2870289476437
outcome-lag-64,13,111,intersection,256,0.0,192.0,398.28130416764475,410.9228599591582,397.03902405392404,159.54430646395062
outcome-lag-64,13,111,intersection,288,0.0,216.0,426.20068328317177,442.38482403547835,424.9584031694511,166.63588709620413
outcome-lag-64,13,111,intersection,320,0.0,240.0,452.3913820893399,471.6738286390089,451.14910197561926,172.94435128159316
outcome-lag-64,13,111,intersection,352,0.0,264.0,476.69929533362983,499.34083962848047,475.4570152199092,178.82979417236558
outcome-lag-64,13,111,intersection,384,0.0,288.0,499.5081915116753,525.5237222938842,498.26591139795465,184.4107303932759
outcome-lag-64,13,111,intersection,416,0.0,312.0,521.2674207768703,550.4110863478548,520.0251406631497,189.43338440254033
outcome-lag-64,13,111,intersection,448,0.0,336.0,542.0457344618386,574.1600340251119,540.8034543481181,193.99998915920088
outcome-lag-64,13,111,intersection,480,0.0,360.0,561.6031001510245,596.6720739083776,560.3608200373039,198.3912436131574
outcome-lag-64,13,111,intersection,512,0.0,384.0,580.7470703662591,618.7530477512641,579.5047902525386,202.58795905927605
outcome-lag-64,13,111,completed,32,0.0,24.0,64.0,64.0,64.0,32.70904133181521
outcome-lag-64,13,111,completed,64,0.75,43.5,122.0,122.0,122.0,65.13731715344304
outcome-lag-64,13,111,completed,96,1.25,64.5,181.84728443969945,180.97284479993755,180.97284479993755,92.58563095496358
outcome-lag-64,13,111,completed,128,1.25,88.5,237.7467172265831,238.3195407986946,236.5906531651605,112.26826612315782
outcome-lag-64,13,111,completed,160,1.25,112.5,284.9381184370925,287.6225220093314,282.9391240681525,127.21512289371748
outcome-lag-64,13,111,completed,192,1.25,136.5,324.47936105081004,329.9359253766132,322.1225083078093,138.04669544155632
outcome-lag-64,13,111,completed,224,1.25,160.5,359.24347282422394,367.463731962759,356.8614047960511,146.75581030288663
outcome-lag-64,13,111,completed,256,1.25,184.5,390.58555071572727,402.19553404550624,388.2034826875544,154.84168780702544
outcome-lag-64,13,111,completed,288,1.25,208.5,419.44727303911833,434.80497304451376,417.0652050109455,162.6815843927243
outcome-lag-64,13,111,completed,320,1.25,232.5,446.0977428512888,464.5312077620029,443.71567482311593,169.09661186166295
outcome-lag-64,13,111,completed,352,1.25,256.5,470.75200956447765,492.5955873289285,468.3699415363048,175.13511600888341
outcome-lag-64,13,111,completed,384,1.25,280.5,493.8762789410711,519.1420466091282,491.49421091289827,180.86012979903668
outcome-lag-64,13,111,completed,416,1.25,304.5,515.8817515762232,544.3069773080434,513.4996835480505,185.98888176818306
outcome-lag-64,13,111,completed,448,1.25,328.5,536.8519330112991,568.2748151377623,534.4698649831264,190.63171838061123
outcome-lag-64,13,111,completed,480,1.25,352.5,556.6001005091052,591.0140403931722,554.2180324809325,195.10406719112785
outcome-lag-64,13,111,completed,512,1.25,376.5,575.8861422626587,613.2624506231206,573.504074234486,199.35848694576495
outcome-lag-64,13,111,plugin,32,0.78125,15.375,51.0,51.0,51.0,25.97991485114074
outcome-lag-64,13,111,plugin,64,4.40625,16.875,85.0,85.0,85.0,44.56622243257324
outcome-lag-64,13,111,plugin,96,4.890625,35.8125,143.84728443969945,142.97284479993755,142.97284479993755,67.806472483664
outcome-lag-64,13,111,plugin,128,7.03125,45.375,180.36005408494665,180.92578516907284,179.38537309037622,80.92171617830405
outcome-lag-64,13,111,plugin,160,7.515625,65.0625,224.21494588740856,227.3550781057096,223.23530693198032,93.71633378330354
outcome-lag-64,13,111,plugin,192,7.796875,85.6875,264.6298693454817,270.7135443439842,263.63033765228687,105.11126553063635
outcome-lag-64,13,111,plugin,224,7.96875,107.625,306.7139227035752,314.97183788811543,305.49739799145465,116.48256595902961
outcome-lag-64,13,111,plugin,256,7.96875,131.625,342.8522772830145,353.4989577443119,341.5220222501911,125.38443854456399
outcome-lag-64,13,111,plugin,288,7.96875,155.625,375.2938047403243,389.2457112991313,373.963549707501,134.39390455959682
outcome-lag-64,13,111,plugin,320,7.96875,179.625,404.7156508924954,421.5513738584819,403.3853958596721,141.67079308534173
outcome-lag-64,13,111,plugin,352,7.96875,203.625,431.48146147508595,451.77173483854637,430.15120644226266,148.38783601564757
outcome-lag-64,13,111,plugin,384,7.96875,227.625,456.19502191614544,480.05089417637606,454.86476688332215,154.69308195878475
outcome-lag-64,13,111,plugin,416,7.96875,251.625,479.6634632647965,506.8136714790503,478.33320823197323,160.2917661177475
outcome-lag-64,13,111,plugin,448,7.96875,275.625,501.9644752858932,532.2387583351409,500.6342202530699,165.33464862245376
outcome-lag-64,13,111,plugin,480,7.96875,299.625,522.64400166518,556.0543293462609,521.3137466323567,170.14067200379864
outcome-lag-64,13,111,plugin,512,7.96875,323.625,542.9807755324804,579.4990116681182,541.6505204996571,174.720186757522
outcome-lag-64,13,111,safe,32,4.0,0.0,32.0,32.0,32.0,15.999900421126307
outcome-lag-64,13,111,safe,64,8.0,0.0,64.0,64.0,64.0,33.30415672050753
outcome-lag-64,13,111,safe,96,12.0,0.0,95.84728443969944,94.97284479993755,94.97284479993755,46.92764640292312
outcome-lag-64,13,111,safe,128,16.0,0.0,120.36005408494665,120.92578516907284,119.38537309037619,56.91931655416654
outcome-lag-64,13,111,safe,160,20.0,0.0,139.2149458874086,142.36003606656732,138.2402648928381,64.29856728414171
outcome-lag-64,13,111,safe,192,24.0,0.0,155.09706227201,160.7243696124429,154.1223812774395,69.96028862517032
outcome-lag-64,13,111,safe,224,28.0,0.0,169.11290283511744,176.78983156101742,168.13822184054695,74.3470762156117
outcome-lag-64,13,111,safe,256,32.0,0.0,181.773232526488,191.3333289410659,180.7985515319175,78.02208599397403
outcome-lag-64,13,111,safe,288,36.0,0.0,193.41530698922722,205.28649355872477,192.44062599465673,81.76860344930785
outcome-lag-64,13,111,safe,320,40.0,0.0,204.27317718410123,218.10587420037908,203.29849618953074,84.93523631634307
outcome-lag-64,13,111,safe,352,44.0,0.0,214.44232990816985,229.92254156004196,213.46764891359936,87.57160924222785
outcome-lag-64,13,111,safe,384,48.0,0.0,224.07949114405943,240.9366949554054,223.10481014948894,89.81467150754253
outcome-lag-64,13,111,safe,416,52.0,0.0,233.2397935338154,251.5221175985829,232.2651125392449,91.98792351818372
outcome-lag-64,13,111,safe,448,56.0,0.0,241.9992093252955,261.7610311172035,241.02452833072502,94.13282907699652
outcome-lag-64,13,111,safe,480,60.0,0.0,250.40175669825777,271.3945956678703,249.42707570368728,95.9569659452459
outcome-lag-64,13,111,safe,512,64.0,0.0,258.4749111088785,280.9105617769455,257.500230114308,97.9200246079995
outcome-lag-64,13,111,known,32,0.0,24.0,64.0,64.0,64.0,32.58523180800569
outcome-lag-64,13,111,known,64,0.0,48.0,128.0,128.0,128.0,67.10640415976351
outcome-lag-64,13,111,known,96,0.0,72.0,191.84728443969945,190.92770810827062,190.92770810827062,94.81087789407567
outcome-lag-64,13,111,known,128,0.0,96.0,245.36513585377563,246.0195579070593,243.9067416296798,114.2914542184139
outcome-lag-64,13,111,known,160,0.0,120.0,289.2809547553716,293.2109873106325,287.80622788756637,128.3046966285656
outcome-lag-64,13,111,known,192,0.0,144.0,325.40591079582464,333.7241253843266,323.9298301044654,139.9991888841822
outcome-lag-64,13,111,known,224,0.0,168.0,358.37147894754804,370.90571515655483,356.8953982561888,149.58814467031098
outcome-lag-64,13,111,known,256,0.0,192.0,389.0514038045296,405.2483053318669,387.5753231131704,157.48931923933256
outcome-lag-64,13,111,known,288,0.0,216.0,415.7059957133833,435.8025510164281,414.22991502202404,164.68052151460012
outcome-lag-64,13,111,known,320,0.0,240.0,441.2516072644043,464.5117571905368,439.77552657304506,170.57453400052344
outcome-lag-64,13,111,known,352,0.0,264.0,465.22298488298895,491.75500395673504,463.7469041916297,176.1173609006877
outcome-lag-64,13,111,known,384,0.0,288.0,487.48128000275943,517.2226910446615,486.0051993114002,181.29260172237753
outcome-lag-64,13,111,known,416,0.0,312.0,509.12397663761834,541.9017002735901,507.6478959462591,186.06759784269076
outcome-lag-64,13,111,known,448,0.0,336.0,530.0442134623582,565.7255115171813,528.568132770999,190.5335088798077
outcome-lag-64,13,111,known,480,0.0,360.0,549.2324027231887,587.7514869609762,547.7563220318294,194.6954398378318
outcome-lag-64,13,111,known,512,0.0,384.0,568.5481220765098,609.9773227788728,567.0720413851506,198.83938493447144
outcome-lag-64,13,111,product,32,0.0,24.0,64.0,64.0,64.0,32.58523180800569
outcome-lag-64,13,111,product,64,0.0,48.0,128.0,128.0,128.0,67.10640415976351
outcome-lag-64,13,111,product,96,0.0,72.0,191.84728443969945,190.92770810827062,190.92770810827062,94.81087789407567
outcome-lag-64,13,111,product,128,0.0,96.0,245.36513585377563,246.0195579070593,243.9067416296798,114.2914542184139
outcome-lag-64,13,111,product,160,0.0,120.0,289.2809547553716,293.2109873106325,287.80622788756637,128.3046966285656
outcome-lag-64,13,111,product,192,0.0,144.0,325.40591079582464,333.7241253843266,323.9298301044654,139.9991888841822
outcome-lag-64,13,111,product,224,0.0,168.0,358.37147894754804,370.90571515655483,356.8953982561888,149.58814467031098
outcome-lag-64,13,111,product,256,0.0,192.0,389.0514038045296,405.2483053318669,387.5753231131704,157.48931923933256
outcome-lag-64,13,111,product,288,0.0,216.0,415.7059957133833,435.8025510164281,414.22991502202404,164.68052151460012
outcome-lag-64,13,111,product,320,0.0,240.0,441.2516072644043,464.5117571905368,439.77552657304506,170.57453400052344
outcome-lag-64,13,111,product,352,0.0,264.0,465.22298488298895,491.75500395673504,463.7469041916297,176.1173609006877
outcome-lag-64,13,111,product,384,0.0,288.0,487.48128000275943,517.2226910446615,486.0051993114002,181.29260172237753
outcome-lag-64,13,111,product,416,0.0,312.0,509.12397663761834,541.9017002735901,507.6478959462591,186.06759784269076
outcome-lag-64,13,111,product,448,0.0,336.0,530.0442134623582,565.7255115171813,528.568132770999,190.5335088798077
outcome-lag-64,13,111,product,480,0.0,360.0,549.2324027231887,587.7514869609762,547.7563220318294,194.6954398378318
outcome-lag-64,13,111,product,512,0.0,384.0,568.5481220765098,609.9773227788728,567.0720413851506,198.83938493447144
single-blocker,13,111,prefix,32,0.0,24.0,64.0,63.96821681185914,63.96821681185914,10.501572154167505
single-blocker,13,111,prefix,64,0.0,48.0,128.0,119.85735034754569,119.85735034754569,12.596099875231179
single-blocker,13,111,prefix,96,0.0,72.0,192.0,165.20859247092847,165.20859247092847,13.83794455409704
single-blocker,13,111,prefix,128,0.0,96.0,256.0,203.9878513189264,203.9878513189264,14.698380308148236
single-blocker,13,111,prefix,160,0.0,120.0,320.0,238.05845856870425,238.05845856870425,15.366120649607392
single-blocker,13,111,prefix,192,0.0,144.0,384.0,267.3647189496143,267.3647189496143,15.853735212440128
single-blocker,13,111,prefix,224,0.0,168.0,448.0,295.4166280049693,295.4166280049693,16.313010281695746
single-blocker,13,111,prefix,256,0.0,192.0,512.0,322.284294843556,322.284294843556,16.73926151399199
single-blocker,13,111,prefix,288,0.0,216.0,576.0,345.9706966412954,345.9706966412954,17.062619902437802
single-blocker,13,111,prefix,320,0.0,240.0,640.0,369.1004284716261,369.1004284716261,17.37715804458313
single-blocker,13,111,prefix,352,0.0,264.0,704.0,391.08550574941705,391.08550574941705,17.66181545633983
single-blocker,13,111,prefix,384,0.0,288.0,768.0,411.62440998456117,411.62440998456117,17.908273425247526
single-blocker,13,111,prefix,416,0.0,312.0,832.0,431.7686547387171,431.7686547387171,18.148505070788293
single-blocker,13,111,prefix,448,0.0,336.0,896.0,451.35482292617155,451.35482292617155,18.376773051768538
single-blocker,13,111,prefix,480,0.0,360.0,960.0,469.408893635533,469.408893635533,18.566799275359575
single-blocker,13,111,prefix,512,0.0,384.0,1024.0,487.69043865258516,487.69043865258516,18.76645357115482
single-blocker,13,111,intersection,32,0.0,24.0,64.0,63.96821681185914,63.96821681185914,10.501572154167505
single-blocker,13,111,intersection,64,0.0,48.0,128.0,121.22759708485826,121.22759708485826,12.773646933117572
single-blocker,13,111,intersection,96,0.0,72.0,192.0,167.73368453341428,167.73368453341428,13.97571784896736
single-blocker,13,111,intersection,128,0.0,96.0,256.0,206.46049562489532,206.46049562489532,14.816277713265478
single-blocker,13,111,intersection,160,0.0,120.0,320.0,241.64271824720555,241.64271824720555,15.518972293744811
single-blocker,13,111,intersection,192,0.0,144.0,384.0,273.4089105846784,273.4089105846784,16.091441967867045
single-blocker,13,111,intersection,224,0.0,168.0,448.0,302.36003565162,302.36003565162,16.56621529079703
single-blocker,13,111,intersection,256,0.0,192.0,512.0,329.083267329513,329.083267329513,16.97055411998789
single-blocker,13,111,intersection,288,0.0,216.0,576.0,354.0837899563955,354.0837899563955,17.32476719231855
single-blocker,13,111,intersection,320,0.0,240.0,640.0,377.7396838367653,377.7396838367653,17.642456488597404
single-blocker,13,111,intersection,352,0.0,264.0,704.0,400.1435683902217,400.1435683902217,17.927545684546505
single-blocker,13,111,intersection,384,0.0,288.0,768.0,421.35084025211574,421.35084025211574,18.182853008506708
single-blocker,13,111,intersection,416,0.0,312.0,832.0,441.6364045168812,441.6364045168812,18.416772270208895
single-blocker,13,111,intersection,448,0.0,336.0,896.0,461.14191755749516,461.14191755749516,18.63343573320774
single-blocker,13,111,intersection,480,0.0,360.0,960.0,479.68324305910033,479.68324305910033,18.828733653342653
single-blocker,13,111,intersection,512,0.0,384.0,1024.0,497.8068578274746,497.8068578274746,19.01639198499365
single-blocker,13,111,completed,32,0.0,24.0,64.0,63.96821681185914,63.96821681185914,10.501572154167505
single-blocker,13,111,completed,64,0.0,48.0,128.0,121.29725752745715,121.29725752745715,12.778717927032384
single-blocker,13,111,completed,96,0.0,72.0,192.0,167.88066702102367,167.88066702102367,13.983501731751247
single-blocker,13,111,completed,128,0.0,96.0,256.0,206.63587578322378,206.63587578322378,14.824452818750714
single-blocker,13,111,completed,160,0.0,120.0,320.0,241.96166545689854,241.96166545689854,15.532173246153505
single-blocker,13,111,completed,192,0.0,144.0,384.0,273.62070606794737,273.62070606794737,16.099410575695934
single-blocker,13,111,completed,224,0.0,168.0,448.0,302.4340746455155,302.4340746455155,16.56879333843892
single-blocker,13,111,completed,256,0.0,192.0,512.0,329.07005916787557,329.07005916787557,16.970123191645133
single-blocker,13,111,completed,288,0.0,216.0,576.0,353.7530578090295,353.7530578090295,17.314558038586476
single-blocker,13,111,completed,320,0.0,240.0,640.0,377.025701196082,377.025701196082,17.62148295159949
single-blocker,13,111,completed,352,0.0,264.0,704.0,399.07239748763345,399.07239748763345,17.897439935754708
single-blocker,13,111,completed,384,0.0,288.0,768.0,419.9083835090614,419.9083835090614,18.143842818388315
single-blocker,13,111,completed,416,0.0,312.0,832.0,439.9975950811916,439.9975950811916,18.374015400127366
single-blocker,13,111,completed,448,0.0,336.0,896.0,459.3927225101589,459.3927225101589,18.589311402813397
single-blocker,13,111,completed,480,0.0,360.0,960.0,477.695908714478,477.695908714478,18.780007905889775
single-blocker,13,111,completed,512,0.0,384.0,1024.0,495.767300736645,495.767300736645,18.96782839560875
single-blocker,13,111,plugin,32,0.0,24.0,64.0,63.96821681185914,63.96821681185914,10.501572154167505
single-blocker,13,111,plugin,64,0.0,48.0,128.0,120.68345867134035,120.68345867134035,12.716100453728982
single-blocker,13,111,plugin,96,0.0,72.0,192.0,167.1824467278601,167.1824467278601,13.946331646190705
single-blocker,13,111,plugin,128,0.0,96.0,256.0,205.8595237330107,205.8595237330107,14.788080565827354
single-blocker,13,111,plugin,160,0.0,120.0,320.0,239.81539000742174,239.81539000742174,15.442103461476023
single-blocker,13,111,plugin,192,0.0,144.0,384.0,269.3081838372106,269.3081838372106,15.932437304760262
single-blocker,13,111,plugin,224,0.0,168.0,448.0,297.2598718559377,297.2598718559377,16.38254623501214
single-blocker,13,111,plugin,256,0.0,192.0,512.0,323.92103257322503,323.92103257322503,16.79675781193385
single-blocker,13,111,plugin,288,0.0,216.0,576.0,347.6480183216277,347.6480183216277,17.118926672679756
single-blocker,13,111,plugin,320,0.0,240.0,640.0,370.7088105370169,370.7088105370169,17.428552324116335
single-blocker,13,111,plugin,352,0.0,264.0,704.0,392.63236389802455,392.63236389802455,17.70907827561277
single-blocker,13,111,plugin,384,0.0,288.0,768.0,413.1615793430114,413.1615793430114,17.953565227048557
single-blocker,13,111,plugin,416,0.0,312.0,832.0,433.2508437466937,433.2508437466937,18.190539855546298
single-blocker,13,111,plugin,448,0.0,336.0,896.0,452.76917438252957,452.76917438252957,18.415406702514815
single-blocker,13,111,plugin,480,0.0,360.0,960.0,470.8300227993854,470.8300227993854,18.604583293023495
single-blocker,13,111,plugin,512,0.0,384.0,1024.0,489.0521779886906,489.0521779886906,18.801479582818548
single-blocker,13,111,safe,32,4.0,0.0,32.0,31.968216811859147,31.968216811859147,4.02724519543652
single-blocker,13,111,safe,64,8.0,0.0,64.0,57.42435623340214,57.42435623340214,4.7282659037057675
single-blocker,13,111,safe,96,12.0,0.0,96.0,76.78319682780861,76.78319682780861,5.136346480888775
single-blocker,13,111,safe,128,16.0,0.0,128.0,93.03345515740088,93.03345515740088,5.425334592589174
single-blocker,13,111,safe,160,20.0,0.0,160.0,107.31238195727079,107.31238195727079,5.649261224939744
single-blocker,13,111,safe,192,24.0,0.0,192.0,120.1978375468853,120.1978375468853,5.832104609707439
single-blocker,13,111,safe,224,28.0,0.0,224.0,132.0310352083931,132.0310352083931,5.986627913082163
single-blocker,13,111,safe,256,32.0,0.0,256.0,143.03333360981438,143.03333360981438,6.120438712817281
single-blocker,13,111,safe,288,36.0,0.0,288.0,153.35798108855585,153.35798108855585,6.238439029233648
single-blocker,13,111,safe,320,40.0,0.0,320.0,163.1162631808352,163.1162631808352,6.343973346894013
single-blocker,13,111,safe,352,44.0,0.0,352.0,172.39200998111025,172.39200998111025,6.43942571339101
single-blocker,13,111,safe,384,48.0,0.0,384.0,181.25023096678382,181.25023096678382,6.5265555690159704
single-blocker,13,111,safe,416,52.0,0.0,416.0,189.74254455085054,189.74254455085054,6.6066985205464555
single-blocker,13,111,safe,448,56.0,0.0,448.0,197.91074640079475,197.91074640079475,6.680892410683006
single-blocker,13,111,safe,480,60.0,0.0,480.0,205.78924141297622,205.78924141297622,6.7499597404471405
single-blocker,13,111,safe,512,64.0,0.0,512.0,213.40675252840046,213.40675252840046,6.81456340954972
single-blocker,13,111,known,32,0.0,24.0,64.0,63.96821681185914,63.96821681185914,10.501572154167505
single-blocker,13,111,known,64,0.0,48.0,128.0,119.85735034754569,119.85735034754569,12.596099875231179
single-blocker,13,111,known,96,0.0,72.0,192.0,165.20859247092847,165.20859247092847,13.83794455409704
single-blocker,13,111,known,128,0.0,96.0,256.0,203.9878513189264,203.9878513189264,14.698380308148236
single-blocker,13,111,known,160,0.0,120.0,320.0,238.05845856870425,238.05845856870425,15.366120649607392
single-blocker,13,111,known,192,0.0,144.0,384.0,267.3647189496143,267.3647189496143,15.853735212440128
single-blocker,13,111,known,224,0.0,168.0,448.0,295.4166280049693,295.4166280049693,16.313010281695746
single-blocker,13,111,known,256,0.0,192.0,512.0,322.284294843556,322.284294843556,16.73926151399199
single-blocker,13,111,known,288,0.0,216.0,576.0,345.9706966412954,345.9706966412954,17.062619902437802
single-blocker,13,111,known,320,0.0,240.0,640.0,369.1004284716261,369.1004284716261,17.37715804458313
single-blocker,13,111,known,352,0.0,264.0,704.0,391.08550574941705,391.08550574941705,17.66181545633983
single-blocker,13,111,known,384,0.0,288.0,768.0,411.62440998456117,411.62440998456117,17.908273425247526
single-blocker,13,111,known,416,0.0,312.0,832.0,431.7686547387171,431.7686547387171,18.148505070788293
single-blocker,13,111,known,448,0.0,336.0,896.0,451.35482292617155,451.35482292617155,18.376773051768538
single-blocker,13,111,known,480,0.0,360.0,960.0,469.408893635533,469.408893635533,18.566799275359575
single-blocker,13,111,known,512,0.0,384.0,1024.0,487.69043865258516,487.69043865258516,18.76645357115482
single-blocker,13,111,product,32,0.0,24.0,64.0,63.96821681185914,63.96821681185914,10.501572154167505
single-blocker,13,111,product,64,0.0,48.0,128.0,119.85735034754569,119.85735034754569,12.596099875231179
single-blocker,13,111,product,96,0.0,72.0,192.0,165.20859247092847,165.20859247092847,13.83794455409704
single-blocker,13,111,product,128,0.0,96.0,256.0,203.9878513189264,203.9878513189264,14.698380308148236
single-blocker,13,111,product,160,0.0,120.0,320.0,238.05845856870425,238.05845856870425,15.366120649607392
single-blocker,13,111,product,192,0.0,144.0,384.0,267.3647189496143,267.3647189496143,15.853735212440128
single-blocker,13,111,product,224,0.0,168.0,448.0,295.4166280049693,295.4166280049693,16.313010281695746
single-blocker,13,111,product,256,0.0,192.0,512.0,322.284294843556,322.284294843556,16.73926151399199
single-blocker,13,111,product,288,0.0,216.0,576.0,345.9706966412954,345.9706966412954,17.062619902437802
single-blocker,13,111,product,320,0.0,240.0,640.0,369.1004284716261,369.1004284716261,17.37715804458313
single-blocker,13,111,product,352,0.0,264.0,704.0,391.08550574941705,391.08550574941705,17.66181545633983
single-blocker,13,111,product,384,0.0,288.0,768.0,411.62440998456117,411.62440998456117,17.908273425247526
single-blocker,13,111,product,416,0.0,312.0,832.0,431.7686547387171,431.7686547387171,18.148505070788293
single-blocker,13,111,product,448,0.0,336.0,896.0,451.35482292617155,451.35482292617155,18.376773051768538
single-blocker,13,111,product,480,0.0,360.0,960.0,469.408893635533,469.408893635533,18.566799275359575
single-blocker,13,111,product,512,0.0,384.0,1024.0,487.69043865258516,487.69043865258516,18.76645357115482
outcome-lag-64,15,111,prefix,32,0.75,22.0,64.0,64.0,64.0,39.58634976677005
outcome-lag-64,15,111,prefix,64,1.5,44.0,128.0,128.0,128.0,76.51963960721221
outcome-lag-64,15,111,prefix,96,2.25,66.0,191.77375683151752,190.87544929172006,190.8527388000513,104.58334357503625
outcome-lag-64,15,111,prefix,128,4.09375,88.625,244.89869635465234,247.4738801083973,243.97767832318615,126.24852540803639
outcome-lag-64,15,111,prefix,160,4.84375,110.625,288.3201643848978,296.5148204596265,287.3991463534316,142.7302802459207
outcome-lag-64,15,111,prefix,192,5.59375,132.625,327.43493225823806,340.37695465499104,325.17832586410395,155.3316619923173
outcome-lag-64,15,111,prefix,224,6.34375,154.625,359.56244348196526,378.58855290863204,357.3011325065703,165.96854280352932
outcome-lag-64,15,111,prefix,256,7.09375,176.625,390.20675987142,414.1861512420808,387.91843430409114,174.92060167983115
outcome-lag-64,15,111,prefix,288,7.84375,198.625,417.6324634197719,446.5321794240949,415.325215197644,183.20029090387
outcome-lag-64,15,111,prefix,320,8.59375,220.625,443.3601454214843,476.56276896029345,441.05168946476226,190.25027922573685
outcome-lag-64,15,111,prefix,352,9.34375,242.625,466.23158423886184,503.8660636835846,463.9025474123106,196.9747886552717
outcome-lag-64,15,111,prefix,384,10.09375,264.625,488.47549887006545,529.5280435074924,486.05704720616524,202.34646417705426
outcome-lag-64,15,111,prefix,416,10.8203125,286.40625,509.5065605161608,554.1975044229284,507.0881088522606,207.55190798055568
outcome-lag-64,15,111,prefix,448,10.8203125,301.40625,526.2179436182379,574.7318924594886,523.7994919543374,212.69472821943182
outcome-lag-64,15,111,prefix,480,10.8203125,316.40625,540.38299480256,592.1949934716243,537.9645431386596,216.9819672351461
outcome-lag-64,15,111,prefix,512,10.8203125,331.40625,556.6487075529894,612.1757509130501,554.230255889089,221.75635173498944
outcome-lag-64,15,111,intersection,32,0.75,22.0,64.0,64.0,64.0,39.58634976677005
outcome-lag-64,15,111,intersection,64,1.5,44.0,128.0,128.0,128.0,76.51963960721221
outcome-lag-64,15,111,intersection,96,2.25,66.0,191.77375683151752,190.87544929172006,190.8527388000513,104.58334357503625
outcome-lag-64,15,111,intersection,128,4.09375,88.625,244.89869635465234,247.4738801083973,243.97767832318615,126.24852540803639
outcome-lag-64,15,111,intersection,160,4.84375,110.625,288.3201643848978,296.5148204596265,287.3991463534316,142.7302802459207
outcome-lag-64,15,111,intersection,192,5.59375,132.625,327.43493225823806,340.37695465499104,325.17832586410395,155.3316619923173
outcome-lag-64,15,111,intersection,224,6.34375,154.625,359.56244348196526,378.58855290863204,357.3011325065703,165.96854280352932
outcome-lag-64,15,111,intersection,256,7.09375,176.625,390.20675987142,414.1861512420808,387.91843430409114,174.92060167983115
outcome-lag-64,15,111,intersection,288,7.84375,198.625,417.6324634197719,446.5321794240949,415.325215197644,183.20029090387
outcome-lag-64,15,111,intersection,320,8.59375,220.625,443.3601454214843,476.56276896029345,441.05168946476226,190.25027922573685
outcome-lag-64,15,111,intersection,352,9.34375,242.625,466.23158423886184,503.8660636835846,463.9025474123106,196.9747886552717
outcome-lag-64,15,111,intersection,384,10.09375,264.625,488.47549887006545,529.5280435074924,486.05704720616524,202.34646417705426
outcome-lag-64,15,111,intersection,416,10.8203125,286.40625,509.5065605161608,554.1975044229284,507.0881088522606,207.55190798055568
outcome-lag-64,15,111,intersection,448,10.8203125,301.40625,526.2179436182379,574.7318924594886,523.7994919543374,212.69472821943182
outcome-lag-64,15,111,intersection,480,10.8203125,316.40625,540.38299480256,592.1949934716243,537.9645431386596,216.9819672351461
outcome-lag-64,15,111,intersection,512,10.8203125,331.40625,556.6487075529894,612.1757509130501,554.230255889089,221.75635173498944
outcome-lag-64,15,111,completed,32,0.75,22.0,64.0,64.0,64.0,39.58634976677005
outcome-lag-64,15,111,completed,64,4.3125,35.75,116.0,116.0,116.0,68.23971070837618
outcome-lag-64,15,111,completed,96,5.53125,56.375,177.77375683151752,176.87544929172006,176.8527388000513,95.67605097820713
outcome-lag-64,15,111,completed,128,6.28125,78.375,230.71133861957415,233.9027177326801,229.79032058810793,117.63725301683188
outcome-lag-64,15,111,completed,160,7.03125,100.375,275.43382657467913,284.49142264644,274.51280854321294,134.47881084495938
outcome-lag-64,15,111,completed,192,7.78125,122.375,315.1814722603548,329.7274593661174,313.5066814788953,147.37746070581062
outcome-lag-64,15,111,completed,224,8.53125,144.375,348.18378426041033,368.8824404836019,346.4992810735375,158.3167079788631
outcome-lag-64,15,111,completed,256,9.0703125,164.40625,378.173696390256,403.8374383096793,376.4530739616716,167.32284590132585
outcome-lag-64,15,111,completed,288,9.8203125,186.40625,406.2342319609133,436.9066408962163,404.5034995408325,175.84186736658464
outcome-lag-64,15,111,completed,320,10.5703125,208.40625,432.5376392513664,467.54744825279164,430.804578314477,183.0667874675348
outcome-lag-64,15,111,completed,352,11.3203125,230.40625,455.72258047845094,495.20948990039415,453.95739160334443,189.91775309840625
outcome-lag-64,15,111,completed,384,12.0703125,252.40625,478.3099267562376,521.2391134238566,476.4354381283167,195.38205324921924
outcome-lag-64,15,111,completed,416,12.65625,272.875,498.5339241351841,545.1453597013477,496.65943550726325,200.6652895871603
outcome-lag-64,15,111,completed,448,12.65625,287.875,515.3496326114252,565.8224569282787,513.4751439835044,205.8706252823185
outcome-lag-64,15,111,completed,480,12.65625,302.875,529.5830524632346,583.3810008661459,527.7085638353137,210.1981633919807
outcome-lag-64,15,111,completed,512,12.65625,317.875,545.9387631949484,603.4879592243108,544.0642745670275,215.02515255479415
outcome-lag-64,15,111,plugin,32,2.96875,14.0,56.0,56.0,56.0,33.00790516874979
outcome-lag-64,15,111,plugin,64,6.546875,21.1875,100.0,100.0,100.0,57.489561471339634
outcome-lag-64,15,111,plugin,96,7.484375,34.3125,152.77375683151752,151.87544929172006,151.8527388000513,83.0833592458038
outcome-lag-64,15,111,plugin,128,7.484375,49.3125,205.04722348947718,205.8164979542017,204.12620545801093,105.69321188832673
outcome-lag-64,15,111,plugin,160,7.484375,64.3125,240.7247474107672,246.95677098402157,239.80372937930096,121.14235866651622
outcome-lag-64,15,111,plugin,192,7.484375,79.3125,269.5110467866542,281.99869358068185,268.590028755188,133.47652956274757
outcome-lag-64,15,111,plugin,224,7.484375,94.3125,297.0204979465592,315.7450037488427,296.09947991509296,144.57992339552968
outcome-lag-64,15,111,plugin,256,7.484375,109.3125,319.6032844091718,343.4162564181581,318.68226637770556,152.92557011925624
outcome-lag-64,15,111,plugin,288,7.484375,124.3125,342.083751236808,370.89372237717646,341.16273320534174,160.7008576888263
outcome-lag-64,15,111,plugin,320,7.484375,139.3125,362.6966973323221,395.8602034721639,361.77567930085587,167.46743464214418
outcome-lag-64,15,111,plugin,352,7.484375,154.3125,384.35863744889224,422.1331533080521,383.437619417426,174.4210516623745
outcome-lag-64,15,111,plugin,384,7.484375,169.3125,403.63213460114855,445.0371789281935,402.7111165696823,179.9726185870841
outcome-lag-64,15,111,plugin,416,7.484375,184.3125,421.8811241300817,467.047050950344,420.9601060986154,185.39830325595895
outcome-lag-64,15,111,plugin,448,7.484375,199.3125,438.88564618436124,487.98184953980694,437.964628152895,190.71748708313012
outcome-lag-64,15,111,plugin,480,7.484375,214.3125,453.2421622396564,505.71211996895846,452.32114420819016,195.11812904759873
outcome-lag-64,15,111,plugin,512,7.484375,229.3125,469.75932330598187,526.0454178474572,468.8383052745156,200.04019394334918
outcome-lag-64,15,111,safe,32,8.25,0.0,32.0,32.0,32.0,17.111050471159803
outcome-lag-64,15,111,safe,64,16.5,0.0,64.0,64.0,64.0,31.989470458422673
outcome-lag-64,15,111,safe,96,24.75,0.0,95.77375683151752,94.87544929172013,94.85273880005136,44.877381064884815
outcome-lag-64,15,111,safe,128,33.0,0.0,120.22163206799553,120.81649795420176,119.30061403652937,54.857159509474556
outcome-lag-64,15,111,safe,160,41.25,0.0,139.08515850855895,143.03754472654313,138.1641404770928,63.02320611429665
outcome-lag-64,15,111,safe,192,49.5,0.0,154.97818702757405,162.5236366717229,154.0571689961079,69.80668585462954
outcome-lag-64,15,111,safe,224,57.75,0.0,169.00046534072993,179.1955936960972,168.07944730926377,74.79996852087062
outcome-lag-64,15,111,safe,256,66.0,0.0,181.64376803357666,194.4054507112824,180.7227500021105,79.14133793436966
outcome-lag-64,15,111,safe,288,74.25,0.0,193.2548080680522,208.7357102343116,192.33379003658604,83.26495029507389
outcome-lag-64,15,111,safe,320,82.5,0.0,204.10694285747223,221.6873984552968,203.18592482600607,86.56389074144005
outcome-lag-64,15,111,safe,352,90.75,0.0,214.2967083432853,233.5777372504874,213.37569031181914,89.27393510285255
outcome-lag-64,15,111,safe,384,99.0,0.0,223.93540724131034,244.40661111472693,223.01438920984418,91.33171783704351
outcome-lag-64,15,111,safe,416,107.25,0.0,233.07535880038526,254.79082245582052,232.1543407689191,93.30375854560087
outcome-lag-64,15,111,safe,448,115.5,0.0,241.82887135735243,265.196162764197,240.90785332588626,95.61509089416951
outcome-lag-64,15,111,safe,480,123.75,0.0,250.23414685916958,275.34330274354477,249.31312882770342,97.95280319109968
outcome-lag-64,15,111,safe,512,132.0,0.0,258.3211711685978,284.9492514040226,257.4001531371316,100.00584440525583
outcome-lag-64,15,111,known,32,0.0,15.0,58.0,58.0,58.0,39.58634976677005
outcome-lag-64,15,111,known,64,0.0,30.0,117.0,117.0,117.0,75.8740046865773
outcome-lag-64,15,111,known,96,0.0,45.0,170.77375683151752,169.87544929172006,169.8527388000513,102.6343206853013
outcome-lag-64,15,111,known,128,0.0,60.0,219.44031296999142,222.62054861816807,218.51929493852518,124.38141733955521
outcome-lag-64,15,111,known,160,0.0,75.0,251.86178100023676,261.0304439099799,250.9407629687705,138.34719423287288
outcome-lag-64,15,111,known,192,0.0,90.0,278.8513717795982,294.204450852488,277.930353748132,149.71896841633446
outcome-lag-64,15,111,known,224,0.0,105.0,304.8701957293235,326.1985623909448,303.9491776978573,159.91630624213198
outcome-lag-64,15,111,known,256,0.0,120.0,326.5637094274123,352.7812500092703,325.6426913959461,167.74131766937026
outcome-lag-64,15,111,known,288,0.0,135.0,348.2183096475919,379.2710711365907,347.29729161612573,175.09420142188867
outcome-lag-64,15,111,known,320,0.0,150.0,368.1715044015647,403.42638856804103,367.2504863700985,181.50303406223867
outcome-lag-64,15,111,known,352,0.0,165.0,389.15070574431087,428.82641727341155,388.2296877128447,188.06421965918295
outcome-lag-64,15,111,known,384,0.0,180.0,407.9156854585231,451.0743100930418,406.9946674270569,193.3247429286024
outcome-lag-64,15,111,known,416,0.0,195.0,425.73137649044514,472.5039851981238,424.81035845897895,198.48735422638728
outcome-lag-64,15,111,known,448,0.0,210.0,442.38493469870264,492.9591820395349,441.46391666723645,203.5956497782751
outcome-lag-64,15,111,known,480,0.0,225.0,456.5119831077892,510.369214812326,455.590965076323,207.86058541465138
outcome-lag-64,15,111,known,512,0.0,240.0,472.72757027111436,530.2796772219992,471.80655223964817,212.6057967077356
outcome-lag-64,15,111,product,32,0.0,15.0,58.0,58.0,58.0,39.58634976677005
outcome-lag-64,15,111,product,64,0.0,30.0,117.0,117.0,117.0,75.8740046865773
outcome-lag-64,15,111,product,96,0.0,45.0,170.77375683151752,169.87544929172006,169.8527388000513,102.6343206853013
outcome-lag-64,15,111,product,128,0.0,60.0,219.44031296999142,222.62054861816807,218.51929493852518,124.38141733955521
outcome-lag-64,15,111,product,160,0.0,75.0,251.86178100023676,261.0304439099799,250.9407629687705,138.34719423287288
outcome-lag-64,15,111,product,192,0.0,90.0,278.8513717795982,294.204450852488,277.930353748132,149.71896841633446
outcome-lag-64,15,111,product,224,0.0,105.0,304.8701957293235,326.1985623909448,303.9491776978573,159.91630624213198
outcome-lag-64,15,111,product,256,0.0,120.0,326.5637094274123,352.7812500092703,325.6426913959461,167.74131766937026
outcome-lag-64,15,111,product,288,0.0,135.0,348.2183096475919,379.2710711365907,347.29729161612573,175.09420142188867
outcome-lag-64,15,111,product,320,0.0,150.0,368.1715044015647,403.42638856804103,367.2504863700985,181.50303406223867
outcome-lag-64,15,111,product,352,0.0,165.0,389.15070574431087,428.82641727341155,388.2296877128447,188.06421965918295
outcome-lag-64,15,111,product,384,0.0,180.0,407.9156854585231,451.0743100930418,406.9946674270569,193.3247429286024
outcome-lag-64,15,111,product,416,0.0,195.0,425.73137649044514,472.5039851981238,424.81035845897895,198.48735422638728
outcome-lag-64,15,111,product,448,0.0,210.0,442.38493469870264,492.9591820395349,441.46391666723645,203.5956497782751
outcome-lag-64,15,111,product,480,0.0,225.0,456.5119831077892,510.369214812326,455.590965076323,207.86058541465138
outcome-lag-64,15,111,product,512,0.0,240.0,472.72757027111436,530.2796772219992,471.80655223964817,212.6057967077356
single-blocker,15,111,prefix,32,0.75,22.0,64.0,63.96821681185914,63.96821681185914,10.12653670652336
single-blocker,15,111,prefix,64,1.5,44.0,128.0,118.06233469645503,118.06233469645503,12.195278108371472
single-blocker,15,111,prefix,96,2.25,66.0,192.0,162.32941263606918,162.32941263606918,13.622108435252171
single-blocker,15,111,prefix,128,3.0,88.0,256.0,198.58376598088046,198.58376598088046,14.408375199649935
single-blocker,15,111,prefix,160,3.75,110.0,320.0,234.1579645422334,234.1579645422334,15.189502196732203
single-blocker,15,111,prefix,192,4.5,132.0,384.0,266.3955198608495,266.3955198608495,15.813621174937195
single-blocker,15,111,prefix,224,5.25,154.0,448.0,294.5176699988125,294.5176699988125,16.27844062627739
single-blocker,15,111,prefix,256,6.0,176.0,512.0,321.7656941088472,321.7656941088472,16.720786815684786
single-blocker,15,111,prefix,288,6.75,198.0,576.0,346.22511214018215,346.22511214018215,17.07123625463907
single-blocker,15,111,prefix,320,7.5,220.0,640.0,369.5810442620957,369.5810442620957,17.392618391974462
single-blocker,15,111,prefix,352,8.25,242.0,704.0,390.36630459890796,390.36630459890796,17.639555246695405
single-blocker,15,111,prefix,384,9.0,264.0,768.0,410.9149372236568,410.9149372236568,17.887108895311254
single-blocker,15,111,prefix,416,9.75,286.0,832.0,430.6193307186203,430.6193307186203,18.115450803659275
single-blocker,15,111,prefix,448,10.5,308.0,896.0,449.8085198214453,449.8085198214453,18.333887884128746
single-blocker,15,111,prefix,480,11.25,330.0,960.0,469.6192139193463,469.6192139193463,18.57242485892638
single-blocker,15,111,prefix,512,12.0,352.0,1024.0,486.8633995732904,486.8633995732904,18.74495475350865
single-blocker,15,111,intersection,32,0.75,22.0,64.0,63.96821681185914,63.96821681185914,10.12653670652336
single-blocker,15,111,intersection,64,4.34375,45.625,128.0,120.21829187074783,120.21829187074783,12.652748367497791
single-blocker,15,111,intersection,96,5.09375,67.625,192.0,165.8722805981451,165.8722805981451,13.875224515514933
single-blocker,15,111,intersection,128,5.84375,89.625,256.0,202.96243029900575,202.96243029900575,14.64797376208952
single-blocker,15,111,intersection,160,6.59375,111.625,320.0,237.7652028428008,237.7652028428008,15.353231076694746
single-blocker,15,111,intersection,192,7.34375,133.625,384.0,269.30818383721066,269.30818383721066,15.932437304760263
single-blocker,15,111,intersection,224,8.09375,155.625,448.0,297.2598718559377,297.2598718559377,16.382546235012132
single-blocker,15,111,intersection,256,8.84375,177.625,512.0,324.13331792074945,324.13331792074945,16.804126847392762
single-blocker,15,111,intersection,288,9.59375,199.625,576.0,348.5029649379353,348.5029649379353,17.14718284220048
single-blocker,15,111,intersection,320,10.34375,221.625,640.0,371.7364580442187,371.7364580442187,17.460885710789757
single-blocker,15,111,intersection,352,11.09375,243.625,704.0,392.63236389802483,392.63236389802483,17.709078275612775
single-blocker,15,111,intersection,384,11.84375,265.625,768.0,413.1615793430117,413.1615793430117,17.953565227048557
single-blocker,15,111,intersection,416,12.3828125,285.65625,829.0,431.29761202590953,431.29761202590953,18.15122873407679
single-blocker,15,111,intersection,448,12.3828125,300.65625,886.0,446.9106059017398,446.9106059017398,18.30407943990755
single-blocker,15,111,intersection,480,12.3828125,315.65625,937.0,460.258594027021,460.258594027021,18.429043631706676
single-blocker,15,111,intersection,512,12.3828125,330.65625,997.0,475.66958993049747,475.66958993049747,18.57071425909947
single-blocker,15,111,completed,32,0.75,22.0,64.0,63.96821681185914,63.96821681185914,10.12653670652336
single-blocker,15,111,completed,64,5.0,46.0,128.0,120.68345867134035,120.68345867134035,12.716100453728986
single-blocker,15,111,completed,96,5.75,68.0,192.0,166.7194373960435,166.7194373960435,13.921408562203018
single-blocker,15,111,completed,128,6.5,90.0,256.0,203.98785131892632,203.98785131892632,14.698380308148248
single-blocker,15,111,completed,160,7.25,112.0,320.0,238.61213729347529,238.61213729347529,15.390292998247846
single-blocker,15,111,completed,192,8.0,134.0,384.0,270.0164772676662,270.0164772676662,15.960566360925158
single-blocker,15,111,completed,224,8.75,156.0,448.0,297.94908977631087,297.94908977631087,16.408097709585856
single-blocker,15,111,completed,256,9.5,178.0,512.0,324.7394886902465,324.7394886902465,16.825059766651155
single-blocker,15,111,completed,288,10.25,200.0,576.0,349.09774109450245,349.09774109450245,17.166668388408183
single-blocker,15,111,completed,320,11.0,222.0,640.0,372.30741912099063,372.30741912099063,17.478684876444895
single-blocker,15,111,completed,352,11.75,244.0,704.0,393.2419460067214,393.2419460067214,17.727478480463216
single-blocker,15,111,completed,384,12.171875,262.9375,766.0,412.7303154000101,412.7303154000101,17.952389151667862
single-blocker,15,111,completed,416,12.171875,277.9375,824.0,429.34198811640596,429.34198811640596,18.122402470047042
single-blocker,15,111,completed,448,12.171875,292.9375,881.0,444.99075294641034,444.99075294641034,18.27600307092369
single-blocker,15,111,completed,480,12.171875,307.9375,932.0,458.3632911376399,458.3632911376399,18.40146512280705
single-blocker,15,111,completed,512,12.171875,322.9375,992.0,473.80699365217623,473.80699365217623,18.543777726282883
single-blocker,15,111,plugin,32,1.7890625,18.28125,60.0,59.96821681185914,59.96821681185914,9.594870039856692
single-blocker,15,111,plugin,64,1.7890625,33.28125,119.0,109.55939461546325,109.55939461546325,11.060804575368524
single-blocker,15,111,plugin,96,1.7890625,48.28125,173.0,144.07667230043518,144.07667230043518,11.830489967791317
single-blocker,15,111,plugin,128,1.7890625,63.28125,233.0,176.5211905998874,176.5211905998874,12.446045443562125
single-blocker,15,111,plugin,160,1.7890625,78.28125,286.0,201.4725818205844,201.4725818205844,12.859727308436387
single-blocker,15,111,plugin,192,1.7890625,93.28125,338.0,223.67917762372002,223.67917762372002,13.19495540602561
single-blocker,15,111,plugin,224,1.7890625,108.28125,394.0,245.85304758260378,245.85304758260378,13.506149627347005
single-blocker,15,111,plugin,256,1.7890625,123.28125,446.0,264.9035153922106,264.9035153922106,13.754043803972992
single-blocker,15,111,plugin,288,1.7890625,138.28125,502.0,284.32530715248646,284.32530715248646,13.993712716164575
single-blocker,15,111,plugin,320,1.7890625,153.28125,557.0,302.3180824726989,302.3180824726989,14.203413340955828
single-blocker,15,111,plugin,352,1.7890625,168.28125,618.0,321.4090133732711,321.4090133732711,14.41640960444922
single-blocker,15,111,plugin,384,1.7890625,183.28125,676.0,338.60821205533955,338.60821205533955,14.598327931582965
single-blocker,15,111,plugin,416,1.7890625,198.28125,734.0,355.0681155930205,355.0681155930205,14.765047302802605
single-blocker,15,111,plugin,448,1.7890625,213.28125,791.0,370.5881658120777,370.5881658120777,14.915965864909456
single-blocker,15,111,plugin,480,1.7890625,228.28125,842.0,383.8722575955185,383.8722575955185,15.039644426829943
single-blocker,15,111,plugin,512,1.7890625,243.28125,902.0,399.1979959619386,399.1979959619386,15.179653881163107
single-blocker,15,111,safe,32,8.25,0.0,32.0,31.968216811859147,31.968216811859147,4.02724519543652
single-blocker,15,111,safe,64,16.5,0.0,64.0,57.42435623340214,57.42435623340214,4.7282659037057675
single-blocker,15,111,safe,96,24.75,0.0,96.0,76.78319682780861,76.78319682780861,5.136346480888775
single-blocker,15,111,safe,128,33.0,0.0,128.0,93.03345515740088,93.03345515740088,5.425334592589174
single-blocker,15,111,safe,160,41.25,0.0,160.0,107.31238195727079,107.31238195727079,5.649261224939744
single-blocker,15,111,safe,192,49.5,0.0,192.0,120.1978375468853,120.1978375468853,5.832104609707439
single-blocker,15,111,safe,224,57.75,0.0,224.0,132.0310352083931,132.0310352083931,5.986627913082163
single-blocker,15,111,safe,256,66.0,0.0,256.0,143.03333360981438,143.03333360981438,6.120438712817281
single-blocker,15,111,safe,288,74.25,0.0,288.0,153.35798108855585,153.35798108855585,6.238439029233648
single-blocker,15,111,safe,320,82.5,0.0,320.0,163.1162631808352,163.1162631808352,6.343973346894013
single-blocker,15,111,safe,352,90.75,0.0,352.0,172.39200998111025,172.39200998111025,6.43942571339101
single-blocker,15,111,safe,384,99.0,0.0,384.0,181.25023096678382,181.25023096678382,6.5265555690159704
single-blocker,15,111,safe,416,107.25,0.0,416.0,189.74254455085054,189.74254455085054,6.6066985205464555
single-blocker,15,111,safe,448,115.5,0.0,448.0,197.91074640079475,197.91074640079475,6.680892410683006
single-blocker,15,111,safe,480,123.75,0.0,480.0,205.78924141297622,205.78924141297622,6.7499597404471405
single-blocker,15,111,safe,512,132.0,0.0,512.0,213.40675252840046,213.40675252840046,6.81456340954972
single-blocker,15,111,known,32,0.0,15.0,58.0,57.96821681185914,57.96821681185914,7.843203373190026
single-blocker,15,111,known,64,0.0,30.0,117.0,107.06233469645503,107.06233469645503,9.266309854403216
single-blocker,15,111,known,96,0.0,45.0,171.0,141.32941263606915,141.32941263606915,10.024368778108487
single-blocker,15,111,known,128,0.0,60.0,231.0,173.58376598088043,173.58376598088043,10.632417021896426
single-blocker,15,111,known,160,0.0,75.0,284.0,198.43818813519357,198.43818813519357,11.042720777715342
single-blocker,15,111,known,192,0.0,90.0,336.0,220.5733574497311,220.5733574497311,11.375657333206409
single-blocker,15,111,known,224,0.0,105.0,392.0,242.67930224353537,242.67930224353537,11.684828414351305
single-blocker,15,111,known,256,0.0,120.0,444.0,261.68358442857976,261.68358442857976,11.931434408308563
single-blocker,15,111,known,288,0.0,135.0,500.0,281.0589680191591,281.0589680191591,12.169880624086034
single-blocker,15,111,known,320,0.0,150.0,555.0,299.01421754356306,299.01421754356306,12.378645357389559
single-blocker,15,111,known,352,0.0,165.0,616.0,318.0651106409773,318.0651106409773,12.590695346377833
single-blocker,15,111,known,384,0.0,180.0,674.0,335.23371187289456,335.23371187289456,12.771927028084306
single-blocker,15,111,known,416,0.0,195.0,732.0,351.6669219381271,351.6669219381271,12.93807328601967
single-blocker,15,111,known,448,0.0,210.0,789.0,367.16427350218487,367.16427350218487,13.08852356055409
single-blocker,15,111,known,480,0.0,225.0,840.0,380.4327369829518,380.4327369829518,13.211889904906338
single-blocker,15,111,known,512,0.0,240.0,900.0,395.7375933953676,395.7375933953676,13.351495200733074
single-blocker,15,111,product,32,0.0,15.0,58.0,57.96821681185914,57.96821681185914,7.843203373190026
single-blocker,15,111,product,64,0.0,30.0,117.0,107.06233469645503,107.06233469645503,9.266309854403216
single-blocker,15,111,product,96,0.0,45.0,171.0,141.32941263606915,141.32941263606915,10.024368778108487
single-blocker,15,111,product,128,0.0,60.0,231.0,173.58376598088043,173.58376598088043,10.632417021896426
single-blocker,15,111,product,160,0.0,75.0,284.0,198.43818813519357,198.43818813519357,11.042720777715342
single-blocker,15,111,product,192,0.0,90.0,336.0,220.5733574497311,220.5733574497311,11.375657333206409
single-blocker,15,111,product,224,0.0,105.0,392.0,242.67930224353537,242.67930224353537,11.684828414351305
single-blocker,15,111,product,256,0.0,120.0,444.0,261.68358442857976,261.68358442857976,11.931434408308563
single-blocker,15,111,product,288,0.0,135.0,500.0,281.0589680191591,281.0589680191591,12.169880624086034
single-blocker,15,111,product,320,0.0,150.0,555.0,299.01421754356306,299.01421754356306,12.378645357389559
single-blocker,15,111,product,352,0.0,165.0,616.0,318.0651106409773,318.0651106409773,12.590695346377833
single-blocker,15,111,product,384,0.0,180.0,674.0,335.23371187289456,335.23371187289456,12.771927028084306
single-blocker,15,111,product,416,0.0,195.0,732.0,351.6669219381271,351.6669219381271,12.93807328601967
single-blocker,15,111,product,448,0.0,210.0,789.0,367.16427350218487,367.16427350218487,13.08852356055409
single-blocker,15,111,product,480,0.0,225.0,840.0,380.4327369829518,380.4327369829518,13.211889904906338
single-blocker,15,111,product,512,0.0,240.0,900.0,395.7375933953676,395.7375933953676,13.351495200733074
outcome-lag-64,17,111,prefix,32,0.0,20.0,64.0,64.0,64.0,36.501580867743705
outcome-lag-64,17,111,prefix,64,0.0,40.0,128.0,128.0,128.0,75.35896789175683
outcome-lag-64,17,111,prefix,96,0.0,60.0,191.77996692166323,190.5523414151496,190.5523414151496,108.15362498030599
outcome-lag-64,17,111,prefix,128,0.0,80.0,246.95570786021045,247.32117827870016,245.4266716289199,134.00523321320307
outcome-lag-64,17,111,prefix,160,0.0,100.0,292.92083825081363,297.14503250683,291.3918020195231,154.26617603303512
outcome-lag-64,17,111,prefix,192,0.0,120.0,331.4749890560934,340.84168322702794,329.9459528248029,168.86389803880695
outcome-lag-64,17,111,prefix,224,0.0,140.0,364.8697881574141,380.6167281661487,363.3407519261236,180.6736653445911
outcome-lag-64,17,111,prefix,256,0.0,160.0,394.29343986527823,417.6236220626677,392.7644036339877,192.56185770034466
outcome-lag-64,17,111,prefix,288,0.0,180.0,422.2022704680513,452.906201273235,420.6732342367608,203.35127295278247
outcome-lag-64,17,111,prefix,320,0.0,200.0,447.75546548635236,485.2900743050547,446.2264292550618,213.02565945370972
outcome-lag-64,17,111,prefix,352,0.0,220.0,471.9032147740485,515.1835529113673,470.37417854275793,221.16957730425824
outcome-lag-64,17,111,prefix,384,0.0,240.0,494.1180792223844,542.4292207672239,492.58904299109383,228.24926558142008
outcome-lag-64,17,111,prefix,416,0.0,260.0,515.9726116814606,568.7703848889141,514.4435754501702,234.48588247221582
outcome-lag-64,17,111,prefix,448,0.0,280.0,536.5584077019429,593.8725037062976,535.0293714706524,240.54370783136355
outcome-lag-64,17,111,prefix,480,0.0,300.0,556.3226700438964,617.8848049466828,554.793633812606,246.17885736372386
outcome-lag-64,17,111,prefix,512,0.0,320.0,574.8892405681776,640.6719908547282,573.3602043368871,251.6418951839892
outcome-lag-64,17,111,intersection,32,0.0,20.0,64.0,64.0,64.0,36.501580867743705
outcome-lag-64,17,111,intersection,64,0.0,40.0,128.0,128.0,128.0,75.35896789175683
outcome-lag-64,17,111,intersection,96,0.0,60.0,191.77996692166323,190.5523414151496,190.5523414151496,108.15362498030599
outcome-lag-64,17,111,intersection,128,0.0,80.0,246.95570786021045,247.32117827870016,245.4266716289199,134.00523321320307
outcome-lag-64,17,111,intersection,160,0.0,100.0,292.55789040238784,296.9381459337136,291.0288541710973,153.94850431491747
outcome-lag-64,17,111,intersection,192,0.0,120.0,331.11204120766763,340.7306133246234,329.5830049763771,168.60514181710343
outcome-lag-64,17,111,intersection,224,0.0,140.0,364.52713867399405,380.5443934834248,362.9981024427035,180.44486661120592
outcome-lag-64,17,111,intersection,256,0.0,160.0,393.9152206706446,417.4988136291547,392.38618443935405,192.29944198559676
outcome-lag-64,17,111,intersection,288,0.0,180.0,421.8340278258069,452.78534865416685,420.30499159451637,203.0819696906167
outcome-lag-64,17,111,intersection,320,0.0,200.0,447.38256532260766,485.15794210049205,445.8535290913171,212.74588572223988
outcome-lag-64,17,111,intersection,352,0.0,220.0,471.533089960992,515.0503352649094,470.00405372970147,220.88552982283952
outcome-lag-64,17,111,intersection,384,0.0,240.0,493.73630477072635,542.277353814732,492.2072685394358,227.95379852662822
outcome-lag-64,17,111,intersection,416,0.0,260.0,515.5966677769535,568.6184525914031,514.0676315456631,234.18369031683477
outcome-lag-64,17,111,intersection,448,0.0,280.0,536.1833069465046,593.716653568655,534.6542707152141,240.2359392788247
outcome-lag-64,17,111,intersection,480,0.0,300.0,555.9490680399933,617.7270359938373,554.4200318087029,245.86734712299028
outcome-lag-64,17,111,intersection,512,0.0,320.0,574.5104777335298,640.5040043997706,572.9814415022394,251.32367064537866
outcome-lag-64,17,111,completed,32,0.0,20.0,64.0,64.0,64.0,36.501580867743705
outcome-lag-64,17,111,completed,64,3.4375,33.125,117.0,117.0,117.0,66.92884541476728
outcome-lag-64,17,111,completed,96,7.5,45.0,167.77996692166323,166.5523414151496,166.5523414151496,89.46118258707277
outcome-lag-64,17,111,completed,128,7.5,65.0,223.05348308032126,222.93692539995925,221.5244468490307,114.97571881941424
outcome-lag-64,17,111,completed,160,7.5,85.0,268.24761226576777,273.32056394031673,266.71857603447717,133.26217913425089
outcome-lag-64,17,111,completed,192,7.5,105.0,309.2218348531142,320.40502202515916,307.6927986218236,149.67872409723563
outcome-lag-64,17,111,completed,224,7.5,125.0,344.70333676740796,362.7118598898958,343.17430053611736,162.98796880743726
outcome-lag-64,17,111,completed,256,7.5,145.0,375.44814390833966,401.34668211876317,373.91910767704906,175.7194374351091
outcome-lag-64,17,111,completed,288,7.5,165.0,404.38282460708217,437.92238683029973,402.85378837579157,187.12335848784525
outcome-lag-64,17,111,completed,320,7.5,185.0,430.73684352466415,471.33000767169295,429.20780729337355,197.2706617893582
outcome-lag-64,17,111,completed,352,7.5,205.0,455.5464937458884,502.0441467454008,454.0174575145978,205.75802653278902
outcome-lag-64,17,111,completed,384,7.5,225.0,478.2902955921558,529.9635421023264,476.7612593608652,213.1223681639304
outcome-lag-64,17,111,completed,416,7.5,245.0,500.62417312646664,556.8938384305412,499.09513689517604,219.575303788163
outcome-lag-64,17,111,completed,448,7.5,265.0,521.6147869583323,582.5119070388394,520.0857507270416,225.82951114367245
outcome-lag-64,17,111,completed,480,7.5,285.0,541.7365713876682,606.9940039861391,540.2075351563775,231.64785418184715
outcome-lag-64,17,111,completed,512,7.5,305.0,560.6036439081328,630.1897160259796,559.0746076768421,237.27670068574346
outcome-lag-64,17,111,plugin,32,3.8671875,11.09375,50.0,50.0,50.0,24.66587268042393
outcome-lag-64,17,111,plugin,64,10.0078125,17.03125,92.0,92.0,92.0,46.79707415597461
outcome-lag-64,17,111,plugin,96,11.8359375,32.34375,146.77996692166323,145.55234141514958,145.55234141514958,71.33767910033303
outcome-lag-64,17,111,plugin,128,13.3125,48.125,193.31980526194337,192.6076554320458,191.7907690306528,90.97411876293361
outcome-lag-64,17,111,plugin,160,15.0625,63.125,234.5404833603208,237.34296385326923,233.01144712903022,108.77563159035249
outcome-lag-64,17,111,plugin,192,16.8125,78.125,265.32897769703425,273.8256368419844,263.7999414657437,121.45262458524337
outcome-lag-64,17,111,plugin,224,18.5625,93.125,292.0582107747431,306.6769586065138,290.52917454345254,132.54495952308832
outcome-lag-64,17,111,plugin,256,20.3125,108.125,319.03204586607507,341.088590852209,317.5030096347845,144.25523644803096
outcome-lag-64,17,111,plugin,288,22.0625,123.125,340.69769971053285,369.24958789466825,339.1686634792423,153.69416810025245
outcome-lag-64,17,111,plugin,320,23.8125,138.125,362.0719931413756,396.88742665633583,360.542956910085,162.54005131713814
outcome-lag-64,17,111,plugin,352,25.5625,153.125,381.57246115556507,421.538991831004,380.0434249242745,169.74890648339183
outcome-lag-64,17,111,plugin,384,27.3125,168.125,401.4910990049461,446.3595618006661,399.96206277365553,176.61997575907657
outcome-lag-64,17,111,plugin,416,29.0625,183.125,418.5597511056343,467.7777909480771,417.03071487434374,182.50478339368928
outcome-lag-64,17,111,plugin,448,30.8125,198.125,435.46612823840854,488.9727412481729,433.937092007118,188.1554301020953
outcome-lag-64,17,111,plugin,480,32.5625,213.125,451.6343561775594,509.0181552457884,450.1053199462689,193.23507798442412
outcome-lag-64,17,111,plugin,512,34.3125,228.125,468.09857080674624,529.5773336055674,466.5695345754557,198.501880389933
outcome-lag-64,17,111,safe,32,10.0,0.0,32.0,32.0,32.0,11.209448548999799
outcome-lag-64,17,111,safe,64,20.0,0.0,64.0,64.0,64.0,26.277597283517853
outcome-lag-64,17,111,safe,96,30.0,0.0,95.77996692166326,94.55234141514958,94.55234141514958,38.67033827714058
outcome-lag-64,17,111,safe,128,40.0,0.0,120.3198052619435,119.60765543204572,118.79076903065277,47.76438207614482
outcome-lag-64,17,111,safe,160,50.0,0.0,139.17499756710737,140.52058653542787,137.64596133581665,54.622313012007716
outcome-lag-64,17,111,safe,192,60.0,0.0,155.07558746690717,158.79788141714891,153.54655123561645,60.196995688881906
outcome-lag-64,17,111,safe,224,70.0,0.0,169.0505920601352,175.338053605024,167.52155582884447,65.0584935186239
outcome-lag-64,17,111,safe,256,80.0,0.0,181.7307280740192,190.68717431290082,180.20169184272848,69.53912662481456
outcome-lag-64,17,111,safe,288,90.0,0.0,193.37954756845335,205.38234848240717,191.85051133716263,74.02765363199585
outcome-lag-64,17,111,safe,320,100.0,0.0,204.23460280920511,219.22157416971484,202.7055665779144,78.21413154468446
outcome-lag-64,17,111,safe,352,110.0,0.0,214.42898565789977,232.09314896559172,212.89994942660906,81.90541190678341
outcome-lag-64,17,111,safe,384,120.0,0.0,224.0663875632608,243.80435020111685,222.5373513319701,84.84552201225989
outcome-lag-64,17,111,safe,416,130.0,0.0,233.2339750394732,255.00617956351078,231.70493880818248,87.63518074211757
outcome-lag-64,17,111,safe,448,140.0,0.0,241.995119873211,265.76614064362525,240.46608364192028,90.30113386242418
outcome-lag-64,17,111,safe,480,150.0,0.0,250.40213738481899,275.8071649646553,248.87310115352827,92.53273050103691
outcome-lag-64,17,111,safe,512,160.0,0.0,258.4884914985112,285.4459270590885,256.9594552672205,94.61858514914839
outcome-lag-64,17,111,known,32,0.0,20.0,64.0,64.0,64.0,36.501580867743705
outcome-lag-64,17,111,known,64,0.0,40.0,128.0,128.0,128.0,75.35896789175683
outcome-lag-64,17,111,known,96,0.0,60.0,191.77996692166323,190.5523414151496,190.5523414151496,108.15362498030599
outcome-lag-64,17,111,known,128,0.0,80.0,244.88955766766918,247.02894082978693,243.36052143637858,132.44905776051343
outcome-lag-64,17,111,known,160,0.0,100.0,287.5287703692573,295.66452536631937,285.9997341379667,150.56195944774743
outcome-lag-64,17,111,known,192,0.0,120.0,326.1618018711889,339.8703065830019,324.6327656398983,165.43677763535808
outcome-lag-64,17,111,known,224,0.0,140.0,360.6100888115652,380.5734640513611,359.0810525802746,177.66345371168438
outcome-lag-64,17,111,known,256,0.0,160.0,389.60564440925987,416.7920418864801,388.07660817796926,189.00809166603713
outcome-lag-64,17,111,known,288,0.0,180.0,418.05481592667155,452.5057735485606,416.5257796953809,199.81921090183656
outcome-lag-64,17,111,known,320,0.0,200.0,443.70172669200605,484.8639887137097,442.1726904607154,209.37336913259045
outcome-lag-64,17,111,known,352,0.0,220.0,468.06677163438906,514.9051216098944,466.5377354030984,217.502577546474
outcome-lag-64,17,111,known,384,0.0,240.0,490.1208798057883,541.8523370853773,488.59184357449766,224.38075752036525
outcome-lag-64,17,111,known,416,0.0,260.0,512.1973927202628,568.2947423246341,510.6683564889721,230.50769079231748
outcome-lag-64,17,111,known,448,0.0,280.0,532.8718606122816,593.3925311212685,531.342824380991,236.4760990483968
outcome-lag-64,17,111,known,480,0.0,300.0,552.7272894974224,617.4342454270277,551.1982532661318,242.05972046566362
outcome-lag-64,17,111,known,512,0.0,320.0,571.2224099119929,640.0513583633943,569.6933736807024,247.39878834938378
outcome-lag-64,17,111,product,32,0.0,20.0,64.0,64.0,64.0,36.501580867743705
outcome-lag-64,17,111,product,64,0.0,40.0,128.0,128.0,128.0,75.35896789175683
outcome-lag-64,17,111,product,96,0.0,60.0,191.77996692166323,190.5523414151496,190.5523414151496,108.15362498030599
outcome-lag-64,17,111,product,128,0.0,80.0,244.88955766766918,247.02894082978693,243.36052143637858,132.44905776051343
outcome-lag-64,17,111,product,160,0.0,100.0,287.5287703692573,295.66452536631937,285.9997341379667,150.56195944774743
outcome-lag-64,17,111,product,192,0.0,120.0,326.1618018711889,339.8703065830019,324.6327656398983,165.43677763535808
outcome-lag-64,17,111,product,224,0.0,140.0,360.6100888115652,380.5734640513611,359.0810525802746,177.66345371168438
outcome-lag-64,17,111,product,256,0.0,160.0,389.60564440925987,416.7920418864801,388.07660817796926,189.00809166603713
outcome-lag-64,17,111,product,288,0.0,180.0,418.05481592667155,452.5057735485606,416.5257796953809,199.81921090183656
outcome-lag-64,17,111,product,320,0.0,200.0,443.70172669200605,484.8639887137097,442.1726904607154,209.37336913259045
outcome-lag-64,17,111,product,352,0.0,220.0,468.06677163438906,514.9051216098944,466.5377354030984,217.502577546474
outcome-lag-64,17,111,product,384,0.0,240.0,490.1208798057883,541.8523370853773,488.59184357449766,224.38075752036525
outcome-lag-64,17,111,product,416,0.0,260.0,512.1973927202628,568.2947423246341,510.6683564889721,230.50769079231748
outcome-lag-64,17,111,product,448,0.0,280.0,532.8718606122816,593.3925311212685,531.342824380991,236.4760990483968
outcome-lag-64,17,111,product,480,0.0,300.0,552.7272894974224,617.4342454270277,551.1982532661318,242.05972046566362
outcome-lag-64,17,111,product,512,0.0,320.0,571.2224099119929,640.0513583633943,569.6933736807024,247.39878834938378
single-blocker,17,111,prefix,32,0.0,20.0,64.0,63.96821681185914,63.96821681185914,10.126536706523353
single-blocker,17,111,prefix,64,0.0,40.0,128.0,118.06233469645501,118.06233469645501,12.195278108371467
single-blocker,17,111,prefix,96,0.0,60.0,192.0,161.5650898519833,161.5650898519833,13.545968084374978
single-blocker,17,111,prefix,128,0.0,80.0,256.0,200.90692562115908,200.90692562115908,14.544060816082188
single-blocker,17,111,prefix,160,0.0,100.0,320.0,234.98633918144728,234.98633918144728,15.227980198924723
single-blocker,17,111,prefix,192,0.0,120.0,384.0,266.72830368774015,266.72830368774015,15.827461501277524
single-blocker,17,111,prefix,224,0.0,140.0,448.0,295.70118545175796,295.70118545175796,16.32386187326253
single-blocker,17,111,prefix,256,0.0,160.0,512.0,320.94246208339814,320.94246208339814,16.691198624136256
single-blocker,17,111,prefix,288,0.0,180.0,576.0,346.22511214018243,346.22511214018243,17.07123625463909
single-blocker,17,111,prefix,320,0.0,200.0,640.0,369.34290176915727,369.34290176915727,17.38496894921866
single-blocker,17,111,prefix,352,0.0,220.0,704.0,391.54582417707894,391.54582417707894,17.675966874839123
single-blocker,17,111,prefix,384,0.0,240.0,768.0,411.8539790039329,411.8539790039329,17.915086200101584
single-blocker,17,111,prefix,416,0.0,260.0,832.0,432.42146460245146,432.42146460245146,18.167099831315756
single-blocker,17,111,prefix,448,0.0,280.0,896.0,451.77197089426227,451.77197089426227,18.38822558257129
single-blocker,17,111,prefix,480,0.0,300.0,960.0,470.43599873724366,470.43599873724366,18.59416053705998
single-blocker,17,111,prefix,512,0.0,320.0,1024.0,487.89153835792774,487.89153835792774,18.771655105097427
single-blocker,17,111,intersection,32,0.0,20.0,64.0,63.96821681185914,63.96821681185914,10.126536706523353
single-blocker,17,111,intersection,64,0.0,40.0,128.0,120.68345867134035,120.68345867134035,12.716100453728982
single-blocker,17,111,intersection,96,0.0,60.0,192.0,168.12116435671302,168.12116435671302,13.996191638953343
single-blocker,17,111,intersection,128,0.0,80.0,256.0,207.2176494287143,207.2176494287143,14.851400840506338
single-blocker,17,111,intersection,160,0.0,100.0,320.0,241.10105053108023,241.10105053108023,15.496408145430092
single-blocker,17,111,intersection,192,0.0,120.0,384.0,272.0447976586279,272.0447976586279,16.039560828407826
single-blocker,17,111,intersection,224,0.0,140.0,448.0,300.455952690527,300.455952690527,16.499073257394517
single-blocker,17,111,intersection,256,0.0,160.0,512.0,325.9827946028869,325.9827946028869,16.867499114403998
single-blocker,17,111,intersection,288,0.0,180.0,576.0,350.8110195114084,350.8110195114084,17.222030381199694
single-blocker,17,111,intersection,320,0.0,200.0,640.0,373.8270092445747,373.8270092445747,17.525496246453134
single-blocker,17,111,intersection,352,0.0,220.0,704.0,395.85074950849224,395.85074950849224,17.80484236123763
single-blocker,17,111,intersection,384,0.0,240.0,768.0,416.2699647562619,416.2699647562619,18.042891207987356
single-blocker,17,111,intersection,416,0.0,260.0,832.0,436.6024424503188,436.6024424503188,18.283239292062262
single-blocker,17,111,intersection,448,0.0,280.0,896.0,455.8587488815694,455.8587488815694,18.497918519387966
single-blocker,17,111,intersection,480,0.0,300.0,960.0,474.432949818374,474.432949818374,18.698058677062093
single-blocker,17,111,intersection,512,0.0,320.0,1024.0,491.9407086399609,491.9407086399609,18.874296679209067
single-blocker,17,111,completed,32,0.0,20.0,64.0,63.96821681185914,63.96821681185914,10.126536706523353
single-blocker,17,111,completed,64,0.0,40.0,128.0,120.81662176040325,120.81662176040325,12.732126094754623
single-blocker,17,111,completed,96,0.0,60.0,192.0,168.2151109282071,168.2151109282071,14.001133238234564
single-blocker,17,111,completed,128,0.0,80.0,256.0,207.33391566495712,207.33391566495712,14.856755251521129
single-blocker,17,111,completed,160,0.0,100.0,320.0,241.24919169520885,241.24919169520885,15.502597506420393
single-blocker,17,111,completed,192,0.0,120.0,384.0,272.1878204330636,272.1878204330636,16.04504635595218
single-blocker,17,111,completed,224,0.0,140.0,448.0,300.5934968857152,300.5934968857152,16.50397859302275
single-blocker,17,111,completed,256,0.0,160.0,512.0,326.1416603428673,326.1416603428673,16.872874726815564
single-blocker,17,111,completed,288,0.0,180.0,576.0,350.9606406878146,350.9606406878146,17.226812242364556
single-blocker,17,111,completed,320,0.0,200.0,640.0,373.97869467790963,373.97869467790963,17.53012505971361
single-blocker,17,111,completed,352,0.0,220.0,704.0,396.0001831106186,396.0001831106186,17.80920773174388
single-blocker,17,111,completed,384,0.0,240.0,768.0,416.42743422225897,416.42743422225897,18.047338876904156
single-blocker,17,111,completed,416,0.0,260.0,832.0,436.7538109234937,436.7538109234937,18.287351753087957
single-blocker,17,111,completed,448,0.0,280.0,896.0,456.0089399859441,456.0089399859441,18.501866010745545
single-blocker,17,111,completed,480,0.0,300.0,960.0,474.5817121579009,474.5817121579009,18.701849349957754
single-blocker,17,111,completed,512,0.0,320.0,1024.0,492.0933414524017,492.0933414524017,18.87809011125717
single-blocker,17,111,plugin,32,0.0,20.0,64.0,63.96821681185914,63.96821681185914,10.126536706523353
single-blocker,17,111,plugin,64,0.0,40.0,128.0,118.06233469645501,118.06233469645501,12.195278108371467
single-blocker,17,111,plugin,96,0.0,60.0,192.0,161.5650898519833,161.5650898519833,13.545968084374978
single-blocker,17,111,plugin,128,0.0,80.0,256.0,200.90692562115908,200.90692562115908,14.544060816082188
single-blocker,17,111,plugin,160,0.0,100.0,320.0,234.98633918144728,234.98633918144728,15.227980198924723
single-blocker,17,111,plugin,192,0.0,120.0,384.0,266.72830368774015,266.72830368774015,15.827461501277524
single-blocker,17,111,plugin,224,0.0,140.0,448.0,295.70118545175796,295.70118545175796,16.32386187326253
single-blocker,17,111,plugin,256,0.0,160.0,512.0,320.94246208339814,320.94246208339814,16.691198624136256
single-blocker,17,111,plugin,288,0.0,180.0,576.0,346.22511214018243,346.22511214018243,17.07123625463909
single-blocker,17,111,plugin,320,0.0,200.0,640.0,369.34290176915727,369.34290176915727,17.38496894921866
single-blocker,17,111,plugin,352,0.0,220.0,704.0,391.54582417707894,391.54582417707894,17.675966874839123
single-blocker,17,111,plugin,384,0.0,240.0,768.0,411.8539790039329,411.8539790039329,17.915086200101584
single-blocker,17,111,plugin,416,0.0,260.0,832.0,432.42146460245146,432.42146460245146,18.167099831315756
single-blocker,17,111,plugin,448,0.0,280.0,896.0,451.77197089426227,451.77197089426227,18.38822558257129
single-blocker,17,111,plugin,480,0.0,300.0,960.0,470.43599873724366,470.43599873724366,18.59416053705998
single-blocker,17,111,plugin,512,0.0,320.0,1024.0,487.89153835792774,487.89153835792774,18.771655105097427
single-blocker,17,111,safe,32,10.0,0.0,32.0,31.968216811859147,31.968216811859147,4.02724519543652
single-blocker,17,111,safe,64,20.0,0.0,64.0,57.42435623340214,57.42435623340214,4.7282659037057675
single-blocker,17,111,safe,96,30.0,0.0,96.0,76.78319682780861,76.78319682780861,5.136346480888775
single-blocker,17,111,safe,128,40.0,0.0,128.0,93.03345515740088,93.03345515740088,5.425334592589174
single-blocker,17,111,safe,160,50.0,0.0,160.0,107.31238195727079,107.31238195727079,5.649261224939744
single-blocker,17,111,safe,192,60.0,0.0,192.0,120.1978375468853,120.1978375468853,5.832104609707439
single-blocker,17,111,safe,224,70.0,0.0,224.0,132.0310352083931,132.0310352083931,5.986627913082163
single-blocker,17,111,safe,256,80.0,0.0,256.0,143.03333360981438,143.03333360981438,6.120438712817281
single-blocker,17,111,safe,288,90.0,0.0,288.0,153.35798108855585,153.35798108855585,6.238439029233648
single-blocker,17,111,safe,320,100.0,0.0,320.0,163.1162631808352,163.1162631808352,6.343973346894013
single-blocker,17,111,safe,352,110.0,0.0,352.0,172.39200998111025,172.39200998111025,6.43942571339101
single-blocker,17,111,safe,384,120.0,0.0,384.0,181.25023096678382,181.25023096678382,6.5265555690159704
single-blocker,17,111,safe,416,130.0,0.0,416.0,189.74254455085054,189.74254455085054,6.6066985205464555
single-blocker,17,111,safe,448,140.0,0.0,448.0,197.91074640079475,197.91074640079475,6.680892410683006
single-blocker,17,111,safe,480,150.0,0.0,480.0,205.78924141297622,205.78924141297622,6.7499597404471405
single-blocker,17,111,safe,512,160.0,0.0,512.0,213.40675252840046,213.40675252840046,6.81456340954972
single-blocker,17,111,known,32,0.0,20.0,64.0,63.96821681185914,63.96821681185914,10.126536706523353
single-blocker,17,111,known,64,0.0,40.0,128.0,118.06233469645501,118.06233469645501,12.195278108371467
single-blocker,17,111,known,96,0.0,60.0,192.0,161.5650898519833,161.5650898519833,13.545968084374978
single-blocker,17,111,known,128,0.0,80.0,256.0,200.90692562115908,200.90692562115908,14.544060816082188
single-blocker,17,111,known,160,0.0,100.0,320.0,234.98633918144728,234.98633918144728,15.227980198924723
single-blocker,17,111,known,192,0.0,120.0,384.0,266.72830368774015,266.72830368774015,15.827461501277524
single-blocker,17,111,known,224,0.0,140.0,448.0,295.70118545175796,295.70118545175796,16.32386187326253
single-blocker,17,111,known,256,0.0,160.0,512.0,320.94246208339814,320.94246208339814,16.691198624136256
single-blocker,17,111,known,288,0.0,180.0,576.0,346.22511214018243,346.22511214018243,17.07123625463909
single-blocker,17,111,known,320,0.0,200.0,640.0,369.34290176915727,369.34290176915727,17.38496894921866
single-blocker,17,111,known,352,0.0,220.0,704.0,391.54582417707894,391.54582417707894,17.675966874839123
single-blocker,17,111,known,384,0.0,240.0,768.0,411.8539790039329,411.8539790039329,17.915086200101584
single-blocker,17,111,known,416,0.0,260.0,832.0,432.42146460245146,432.42146460245146,18.167099831315756
single-blocker,17,111,known,448,0.0,280.0,896.0,451.77197089426227,451.77197089426227,18.38822558257129
single-blocker,17,111,known,480,0.0,300.0,960.0,470.43599873724366,470.43599873724366,18.59416053705998
single-blocker,17,111,known,512,0.0,320.0,1024.0,487.89153835792774,487.89153835792774,18.771655105097427
single-blocker,17,111,product,32,0.0,20.0,64.0,63.96821681185914,63.96821681185914,10.126536706523353
single-blocker,17,111,product,64,0.0,40.0,128.0,118.06233469645501,118.06233469645501,12.195278108371467
single-blocker,17,111,product,96,0.0,60.0,192.0,161.5650898519833,161.5650898519833,13.545968084374978
single-blocker,17,111,product,128,0.0,80.0,256.0,200.90692562115908,200.90692562115908,14.544060816082188
single-blocker,17,111,product,160,0.0,100.0,320.0,234.98633918144728,234.98633918144728,15.227980198924723
single-blocker,17,111,product,192,0.0,120.0,384.0,266.72830368774015,266.72830368774015,15.827461501277524
single-blocker,17,111,product,224,0.0,140.0,448.0,295.70118545175796,295.70118545175796,16.32386187326253
single-blocker,17,111,product,256,0.0,160.0,512.0,320.94246208339814,320.94246208339814,16.691198624136256
single-blocker,17,111,product,288,0.0,180.0,576.0,346.22511214018243,346.22511214018243,17.07123625463909
single-blocker,17,111,product,320,0.0,200.0,640.0,369.34290176915727,369.34290176915727,17.38496894921866
single-blocker,17,111,product,352,0.0,220.0,704.0,391.54582417707894,391.54582417707894,17.675966874839123
single-blocker,17,111,product,384,0.0,240.0,768.0,411.8539790039329,411.8539790039329,17.915086200101584
single-blocker,17,111,product,416,0.0,260.0,832.0,432.42146460245146,432.42146460245146,18.167099831315756
single-blocker,17,111,product,448,0.0,280.0,896.0,451.77197089426227,451.77197089426227,18.38822558257129
single-blocker,17,111,product,480,0.0,300.0,960.0,470.43599873724366,470.43599873724366,18.59416053705998
single-blocker,17,111,product,512,0.0,320.0,1024.0,487.89153835792774,487.89153835792774,18.771655105097427
outcome-lag-64,19,111,prefix,32,12.6875,29.25,64.0,64.0,64.0,21.777947294064056
outcome-lag-64,19,111,prefix,64,25.375,58.5,128.0,126.23171867620428,126.23171867620428,40.82977259834759
outcome-lag-64,19,111,prefix,96,29.88671875,83.078125,191.5306718981487,185.48575959371738,185.48575959371738,63.4175075208113
outcome-lag-64,19,111,prefix,128,31.19921875,105.828125,245.6908116857125,240.30346686564835,238.7024028747254,85.14785128433181
outcome-lag-64,19,111,prefix,160,32.51171875,128.578125,291.1913565018682,288.8111172113262,284.0666792257926,102.2966168520505
outcome-lag-64,19,111,prefix,192,33.00390625,143.671875,330.3087224363721,330.9606400396244,323.09099437096495,116.78840384920376
outcome-lag-64,19,111,prefix,224,33.00390625,154.171875,360.03720461207155,364.2851718875154,352.8194765466644,127.1186312116918
outcome-lag-64,19,111,prefix,256,33.00390625,164.671875,386.0777066409121,394.40617328425077,378.85997857550495,135.6933812031558
outcome-lag-64,19,111,prefix,288,33.00390625,175.171875,405.08914571177394,416.50634317615874,397.8714176463668,141.45196294404818
outcome-lag-64,19,111,prefix,320,33.00390625,185.671875,425.64587882916805,439.4150944109526,418.4281507637609,146.26745558427118
outcome-lag-64,19,111,prefix,352,33.00390625,196.171875,445.17694489925185,461.2411240227339,437.9592168338447,150.5899537156305
outcome-lag-64,19,111,prefix,384,33.00390625,206.671875,463.1715061712547,481.70039276294875,455.95377810584756,154.815204642122
outcome-lag-64,19,111,prefix,416,33.00390625,217.171875,481.0361821370124,502.2180690743084,473.81845407160534,159.09771357931288
outcome-lag-64,19,111,prefix,448,33.00390625,227.671875,494.8973966091973,518.4270362216344,487.6796685437902,162.56543593424968
outcome-lag-64,19,111,prefix,480,33.00390625,238.171875,511.08468948319126,536.961389387815,503.8669614177842,166.06131761394244
outcome-lag-64,19,111,prefix,512,33.00390625,248.671875,526.2892962507609,554.5335322094619,519.0715681853537,169.48038830937256
outcome-lag-64,19,111,intersection,32,9.48828125,27.421875,64.0,64.0,64.0,21.08280252822963
outcome-lag-64,19,111,intersection,64,10.80078125,50.171875,128.0,128.0,128.0,43.93266463970257
outcome-lag-64,19,111,intersection,96,12.11328125,72.921875,191.81309920864572,189.91634481144857,189.91634481144857,65.44364665882337
outcome-lag-64,19,111,intersection,128,13.42578125,95.671875,247.6583773395336,246.03778924545693,244.43672525453394,83.77069953096651
outcome-lag-64,19,111,intersection,160,14.73828125,118.421875,293.2033568664086,294.41519829486623,289.1895173521198,98.22005622448742
outcome-lag-64,19,111,intersection,192,16.05078125,141.171875,331.6624752986225,337.5198625117799,327.4779937606153,110.85528194547413
outcome-lag-64,19,111,intersection,224,16.953125,160.09375,364.14628329432946,374.1991479589859,359.84397257200516,120.54636242905836
outcome-lag-64,19,111,intersection,256,16.953125,170.59375,388.0115683113798,402.20586573272504,383.7092575890555,128.21780006202061
outcome-lag-64,19,111,intersection,288,16.953125,181.09375,406.0290482182808,423.3438887879874,401.7267374959565,133.62681810645944
outcome-lag-64,19,111,intersection,320,16.953125,191.59375,425.4765016152103,445.20473148477,421.174190892886,138.1540333955447
outcome-lag-64,19,111,intersection,352,16.953125,202.09375,444.0875283213153,466.10132992020505,439.785217598991,142.21514127674027
outcome-lag-64,19,111,intersection,384,16.953125,212.59375,461.34273152451766,485.80035466646444,457.04042080219335,146.22055209489173
outcome-lag-64,19,111,intersection,416,16.953125,223.09375,478.51556332957915,505.5797175479992,474.2132526072549,150.27978238183135
outcome-lag-64,19,111,intersection,448,16.953125,233.59375,492.006141516884,521.3792279240351,487.70383079455974,153.6218574615082
outcome-lag-64,19,111,intersection,480,16.953125,244.09375,507.68612413599107,539.3260139785206,503.3838134136668,156.9423438639265
outcome-lag-64,19,111,intersection,512,16.953125,254.59375,522.4579935889706,556.3950121283756,518.1556828666465,160.20644711589628
outcome-lag-64,19,111,completed,32,5.93359375,25.390625,64.0,64.0,64.0,24.88029217626276
outcome-lag-64,19,111,completed,64,10.3359375,38.1875,114.0,114.0,114.0,44.70808366139787
outcome-lag-64,19,111,completed,96,16.0625,46.71875,157.81309920864572,156.92273010061842,156.92273010061842,60.87582303921002
outcome-lag-64,19,111,completed,128,17.375,69.46875,213.88976465908965,213.87954539563017,212.27848140470726,77.83704379969171
outcome-lag-64,19,111,completed,160,18.27734375,88.390625,260.7594063954232,263.0286830455476,258.24417699881263,92.73159113068441
outcome-lag-64,19,111,completed,192,19.056640625,106.1640625,301.3292454402963,307.3651762587372,298.57551929271915,106.41462118385185
outcome-lag-64,19,111,completed,224,19.794921875,123.5546875,334.4315105655969,344.4001493052977,331.56076029568675,116.64303630699638
outcome-lag-64,19,111,completed,256,20.73828125,142.859375,366.20078585557786,380.387031408296,363.30289648435803,125.54901824679213
outcome-lag-64,19,111,completed,288,21.025390625,156.0390625,387.9430072512323,405.35105751547076,385.04511788001247,131.5477477862869
outcome-lag-64,19,111,completed,320,22.296875,178.40625,415.68645707758395,435.4018078350024,412.66634037639443,136.6824295997048
outcome-lag-64,19,111,completed,352,22.625,191.96875,436.481716259989,458.5372328315559,433.4615995587995,141.02736805268123
outcome-lag-64,19,111,completed,384,23.322265625,208.9765625,456.8606566645512,481.4415515367984,453.84053996336166,145.34793674487418
outcome-lag-64,19,111,completed,416,24.01953125,225.984375,478.06950696055037,505.3761206093425,475.04939025936085,149.75069486775183
outcome-lag-64,19,111,completed,448,24.224609375,238.3984375,494.3378080192271,523.993851656898,491.31633068673426,153.30169485451134
outcome-lag-64,19,111,completed,480,24.4296875,250.8125,512.2795358362373,544.251996068335,509.25568675285336,156.77850535535563
outcome-lag-64,19,111,completed,512,24.7578125,264.375,528.7398302119007,563.0584030023824,525.7159811285168,160.16179490833164
outcome-lag-64,19,111,plugin,32,1.810546875,10.4296875,46.0,46.0,46.0,15.644887818838287
outcome-lag-64,19,111,plugin,64,1.935546875,19.4296875,98.0,98.0,98.0,36.41418721289115
outcome-lag-64,19,111,plugin,96,2.18359375,29.578125,145.81309920864572,144.9877425881196,144.9877425881196,54.218335857881755
outcome-lag-64,19,111,plugin,128,2.30859375,38.578125,187.16323702260232,187.3764903788638,185.77542638794068,68.53416143289705
outcome-lag-64,19,111,plugin,160,2.43359375,47.578125,219.40122523623964,223.17624637237083,217.98898841835484,80.25229809939982
outcome-lag-64,19,111,plugin,192,2.55859375,56.578125,249.05060542803454,257.4098318741857,247.63836861014974,91.12773346450356
outcome-lag-64,19,111,plugin,224,2.66796875,65.765625,274.34852001178103,286.89872035399105,272.9362831938962,99.76699042586681
outcome-lag-64,19,111,plugin,256,2.66796875,76.265625,298.6004175744308,315.3946049131677,297.188180756546,107.55788775620928
outcome-lag-64,19,111,plugin,288,2.66796875,86.765625,316.8906769276521,336.82705711956373,315.4784401097673,113.07132238720764
outcome-lag-64,19,111,plugin,320,2.66796875,97.265625,336.67641638145295,359.0136118314156,335.2641795635681,117.68598971009926
outcome-lag-64,19,111,plugin,352,2.66796875,107.765625,355.57332803819315,380.20258078023807,354.1610912203083,121.827640109166
outcome-lag-64,19,111,plugin,384,2.66796875,118.265625,373.0608252733689,400.142975902484,371.64858845548406,125.90157191319886
outcome-lag-64,19,111,plugin,416,2.66796875,128.765625,390.4532039023625,420.15853037746666,389.04096708447764,130.03107347203667
outcome-lag-64,19,111,plugin,448,2.66796875,139.265625,404.06232007457265,436.0897665383422,402.6500832566878,133.41296874559922
outcome-lag-64,19,111,plugin,480,2.66796875,149.765625,419.9058479848289,454.2265208665025,418.49361116694405,136.78937102924357
outcome-lag-64,19,111,plugin,512,2.66796875,160.265625,434.81790227361097,471.4589805886217,433.40566545572614,140.10317963609913
outcome-lag-64,19,111,safe,32,8.375,0.0,32.0,32.0,32.0,13.203617977568442
outcome-lag-64,19,111,safe,64,16.75,0.0,64.0,64.0,64.0,26.834907832273853
outcome-lag-64,19,111,safe,96,25.125,0.0,95.81309920864571,94.98774258811962,94.98774258811962,39.47312471612628
outcome-lag-64,19,111,safe,128,33.5,0.0,120.38917887100001,121.10412591219979,119.50306192127684,49.628237822314546
outcome-lag-64,19,111,safe,160,41.875,0.0,139.25434724242336,143.10729439189453,138.3682302927002,57.57640613448996
outcome-lag-64,19,111,safe,192,50.25,0.0,155.17299808355867,162.12652686484753,154.2868811338355,63.89302640259607
outcome-lag-64,19,111,safe,224,58.625,0.0,169.15633897875264,179.11072890872845,168.27022202902947,69.19855408834387
outcome-lag-64,19,111,safe,256,67.0,0.0,181.83877564751057,194.32764739016784,180.9526586977874,73.54698496809712
outcome-lag-64,19,111,safe,288,75.375,0.0,193.497963154665,208.4589375016595,192.61184620494183,77.47162791726377
outcome-lag-64,19,111,safe,320,83.75,0.0,204.35028801486536,221.25530024057576,203.46417106514218,80.61524288156097
outcome-lag-64,19,111,safe,352,92.125,0.0,214.52544342949568,233.0570305976175,213.6393264797725,83.23667880482455
outcome-lag-64,19,111,safe,384,100.5,0.0,224.16293582661805,244.47781141858118,223.27681887689488,85.88636849573956
outcome-lag-64,19,111,safe,416,108.875,0.0,233.3316217559687,255.4185004635917,232.44550480624554,88.41488690821394
outcome-lag-64,19,111,safe,448,117.25,0.0,242.08184125044525,265.919474991609,241.19572430072208,90.82185347642341
outcome-lag-64,19,111,safe,480,125.625,0.0,250.48806040513546,275.64104578952976,249.60194345541228,92.73399659192684
outcome-lag-64,19,111,safe,512,134.0,0.0,258.56587704630095,285.10503631272775,257.67976009657787,94.64507966880322
outcome-lag-64,19,111,known,32,0.0,10.5,46.0,46.0,46.0,14.907475231425694
outcome-lag-64,19,111,known,64,0.0,21.0,99.0,99.0,99.0,35.00054038445174
outcome-lag-64,19,111,known,96,0.0,31.5,148.81309920864572,147.9877425881196,147.9877425881196,53.814350453318646
outcome-lag-64,19,111,known,128,0.0,42.0,193.76868403543622,193.91595176428706,192.2797178455804,69.90575048943079
outcome-lag-64,19,111,known,160,0.0,52.5,226.78021843158947,230.8873688576462,225.29125224173364,82.39606688052915
outcome-lag-64,19,111,known,192,0.0,63.0,257.34063179633546,266.40192808960626,255.8516656064796,93.77615605127865
outcome-lag-64,19,111,known,224,0.0,73.5,282.94204020468135,296.357850927092,281.4530740148255,102.59142798290631
outcome-lag-64,19,111,known,256,0.0,84.0,306.3731941176052,323.91219547048337,304.88422792774935,110.07795818727416
outcome-lag-64,19,111,known,288,0.0,94.5,324.1806487114941,344.837011608075,322.69168252163826,115.41283597561674
outcome-lag-64,19,111,known,320,0.0,105.0,343.3835603288335,366.45919811976574,341.89459413897765,119.87724302486218
outcome-lag-64,19,111,known,352,0.0,115.5,361.7850783361015,387.13960208584103,360.29611214624566,123.87981689237411
outcome-lag-64,19,111,known,384,0.0,126.0,378.86861418092434,406.65885116669625,377.3796479910685,127.83498501945704
outcome-lag-64,19,111,known,416,0.0,136.5,395.87794083028336,426.2612322774271,394.3889746404276,131.8422919873832
outcome-lag-64,19,111,known,448,0.0,147.0,409.2796936504734,441.96159040342485,407.79072746061763,135.15477934558683
outcome-lag-64,19,111,known,480,0.0,157.5,424.8363386287688,459.7648001653849,423.347372438913,138.43351814240214
outcome-lag-64,19,111,known,512,0.0,168.0,439.5020679276612,476.7097621366855,438.0131017378054,141.66032444978555
outcome-lag-64,19,111,product,32,0.0,10.5,46.0,46.0,46.0,14.907475231425694
outcome-lag-64,19,111,product,64,0.0,21.0,99.0,99.0,99.0,35.00054038445174
outcome-lag-64,19,111,product,96,0.0,31.5,148.81309920864572,147.9877425881196,147.9877425881196,53.814350453318646
outcome-lag-64,19,111,product,128,0.0,42.0,193.76868403543622,193.91595176428706,192.2797178455804,69.90575048943079
outcome-lag-64,19,111,product,160,0.0,52.5,226.78021843158947,230.8873688576462,225.29125224173364,82.39606688052915
outcome-lag-64,19,111,product,192,0.0,63.0,257.34063179633546,266.40192808960626,255.8516656064796,93.77615605127865
outcome-lag-64,19,111,product,224,0.0,73.5,282.94204020468135,296.357850927092,281.4530740148255,102.59142798290631
outcome-lag-64,19,111,product,256,0.0,84.0,306.3731941176052,323.91219547048337,304.88422792774935,110.07795818727416
outcome-lag-64,19,111,product,288,0.0,94.5,324.1806487114941,344.837011608075,322.69168252163826,115.41283597561674
outcome-lag-64,19,111,product,320,0.0,105.0,343.3835603288335,366.45919811976574,341.89459413897765,119.87724302486218
outcome-lag-64,19,111,product,352,0.0,115.5,361.7850783361015,387.13960208584103,360.29611214624566,123.87981689237411
outcome-lag-64,19,111,product,384,0.0,126.0,378.86861418092434,406.65885116669625,377.3796479910685,127.83498501945704
outcome-lag-64,19,111,product,416,0.0,136.5,395.87794083028336,426.2612322774271,394.3889746404276,131.8422919873832
outcome-lag-64,19,111,product,448,0.0,147.0,409.2796936504734,441.96159040342485,407.79072746061763,135.15477934558683
outcome-lag-64,19,111,product,480,0.0,157.5,424.8363386287688,459.7648001653849,423.347372438913,138.43351814240214
outcome-lag-64,19,111,product,512,0.0,168.0,439.5020679276612,476.7097621366855,438.0131017378054,141.66032444978555
single-blocker,19,111,prefix,32,12.6875,29.25,64.0,63.960661021301576,63.960661021301576,8.02223232635691
single-blocker,19,111,prefix,64,25.375,58.5,128.0,115.48769550758207,115.48769550758207,10.424529759280464
single-blocker,19,111,prefix,96,38.0625,87.75,192.0,155.7886896620867,155.7886896620867,12.302250417070626
single-blocker,19,111,prefix,128,50.75,117.0,256.0,190.72996257095255,190.72996257095255,13.495323328121836
single-blocker,19,111,prefix,160,63.4375,146.25,320.0,220.89604533802915,220.89604533802915,14.156031991489233
single-blocker,19,111,prefix,192,76.125,175.5,384.0,248.9042765283546,248.9042765283546,14.76842596113977
single-blocker,19,111,prefix,224,88.8125,204.75,448.0,274.26114433755293,274.26114433755293,15.217204878605834
single-blocker,19,111,prefix,256,101.5,234.0,512.0,297.9698801844806,297.9698801844806,15.607375262520806
single-blocker,19,111,prefix,288,114.1875,263.25,576.0,319.66038855649686,319.66038855649686,15.903614264242208
single-blocker,19,111,prefix,320,126.875,292.5,640.0,341.58015976322616,341.58015976322616,16.261962412319583
single-blocker,19,111,prefix,352,139.5625,321.75,704.0,363.2820532418531,363.2820532418531,16.617962410960367
single-blocker,19,111,prefix,384,152.25,351.0,768.0,383.4895507690068,383.4895507690068,16.90165095041114
single-blocker,19,111,prefix,416,164.9375,380.25,832.0,402.25590353336094,402.25590353336094,17.1308453871495
single-blocker,19,111,prefix,448,177.625,409.5,896.0,419.62150776350467,419.62150776350467,17.314836126666002
single-blocker,19,111,prefix,480,190.3125,438.75,960.0,437.0711894499699,437.0711894499699,17.515171087938025
single-blocker,19,111,prefix,512,203.0,468.0,1024.0,454.60595355027726,454.60595355027726,17.728600074357352
single-blocker,19,111,intersection,32,5.578125,25.1875,64.0,63.96821681185914,63.96821681185914,10.43591558851094
single-blocker,19,111,intersection,64,6.890625,47.9375,128.0,121.29725752745716,121.29725752745716,12.778717927032384
single-blocker,19,111,intersection,96,8.203125,70.6875,192.0,168.4275216500452,168.4275216500452,14.012274164350355
single-blocker,19,111,intersection,128,9.515625,93.4375,256.0,207.74593015172334,207.74593015172334,14.875647476061049
single-blocker,19,111,intersection,160,10.828125,116.1875,320.0,242.33234783574648,242.33234783574648,15.547437025952991
single-blocker,19,111,intersection,192,12.140625,138.9375,384.0,273.26711165027217,273.26711165027217,16.086094066842985
single-blocker,19,111,intersection,224,13.453125,161.6875,448.0,301.77032715112693,301.77032715112693,16.545595170770653
single-blocker,19,111,intersection,256,14.765625,184.4375,512.0,328.1786427672564,328.1786427672564,16.940882996105042
single-blocker,19,111,intersection,288,15.544921875,202.2109375,568.0,349.6412740387001,349.6412740387001,17.241444281661142
single-blocker,19,111,intersection,320,15.544921875,212.7109375,619.0,367.12363008706023,367.12363008706023,17.457555938190822
single-blocker,19,111,intersection,352,15.544921875,223.2109375,671.0,384.09882440640195,384.09882440640195,17.657541793747924
single-blocker,19,111,intersection,384,15.544921875,233.7109375,722.0,399.9202373695994,399.9202373695994,17.834779793640426
single-blocker,19,111,intersection,416,15.544921875,244.2109375,775.0,415.7638255380231,415.7638255380231,18.005894380817278
single-blocker,19,111,intersection,448,15.544921875,254.7109375,820.0,428.32140489226674,428.32140489226674,18.1325195627302
single-blocker,19,111,intersection,480,15.544921875,265.2109375,873.0,443.0573320730155,443.0573320730155,18.28087359076388
single-blocker,19,111,intersection,512,15.544921875,275.7109375,925.0,456.96395712926056,456.96395712926056,18.415558396324542
single-blocker,19,111,completed,32,5.22265625,24.984375,64.0,63.96821681185914,63.96821681185914,10.43591558851094
single-blocker,19,111,completed,64,6.53515625,47.734375,128.0,121.29725752745716,121.29725752745716,12.778717927032384
single-blocker,19,111,completed,96,7.84765625,70.484375,192.0,168.4275216500452,168.4275216500452,14.012274164350355
single-blocker,19,111,completed,128,9.16015625,93.234375,256.0,207.74593015172334,207.74593015172334,14.875647476061049
single-blocker,19,111,completed,160,10.47265625,115.984375,320.0,242.33234783574648,242.33234783574648,15.547437025952991
single-blocker,19,111,completed,192,11.78515625,138.734375,384.0,273.26711165027217,273.26711165027217,16.086094066842985
single-blocker,19,111,completed,224,13.09765625,161.484375,448.0,301.77032715112693,301.77032715112693,16.545595170770653
single-blocker,19,111,completed,256,14.41015625,184.234375,512.0,328.1786427672564,328.1786427672564,16.940882996105042
single-blocker,19,111,completed,288,15.107421875,201.2421875,567.0,349.1448997882834,349.1448997882834,17.232823592005968
single-blocker,19,111,completed,320,15.107421875,211.7421875,618.0,366.62725583664354,366.62725583664354,17.448935248535648
single-blocker,19,111,completed,352,15.107421875,222.2421875,670.0,383.60245015598525,383.60245015598525,17.64892110409275
single-blocker,19,111,completed,384,15.107421875,232.7421875,721.0,399.4238631191827,399.4238631191827,17.82615910398525
single-blocker,19,111,completed,416,15.107421875,243.2421875,774.0,415.26745128760643,415.26745128760643,17.997273691162103
single-blocker,19,111,completed,448,15.107421875,253.7421875,819.0,427.82503064185005,427.82503064185005,18.123898873075024
single-blocker,19,111,completed,480,15.107421875,264.2421875,872.0,442.5609578225988,442.5609578225988,18.272252901108704
single-blocker,19,111,completed,512,15.107421875,274.7421875,924.0,456.46758287884387,456.46758287884387,18.406937706669368
single-blocker,19,111,plugin,32,1.916015625,15.0078125,51.0,50.96821681185914,50.96821681185914,9.549070592261918
single-blocker,19,111,plugin,64,1.974609375,24.8046875,103.0,96.41680044284459,96.41680044284459,11.316110177483308
single-blocker,19,111,plugin,96,2.001953125,34.9765625,153.0,131.38443629654628,131.38443629654628,12.188000798810041
single-blocker,19,111,plugin,128,2.001953125,45.4765625,206.0,162.41423460874617,162.41423460874617,12.836742778798673
single-blocker,19,111,plugin,160,2.001953125,55.9765625,256.0,187.613575915201,187.613575915201,13.290978268114475
single-blocker,19,111,plugin,192,2.001953125,66.4765625,310.0,212.38638318591705,212.38638318591705,13.698105441717647
single-blocker,19,111,plugin,224,2.001953125,76.9765625,362.0,234.0069066957396,234.0069066957396,14.020384086512973
single-blocker,19,111,plugin,256,2.001953125,87.4765625,415.0,254.4896668602278,254.4896668602278,14.304476444318302
single-blocker,19,111,plugin,288,2.001953125,97.9765625,460.0,270.3486578389086,270.3486578389086,14.505326385986082
single-blocker,19,111,plugin,320,2.001953125,108.4765625,511.0,287.8083038550009,287.8083038550009,14.720797578685117
single-blocker,19,111,plugin,352,2.001953125,118.9765625,563.0,304.7631746842311,304.7631746842311,14.92023942379722
single-blocker,19,111,plugin,384,2.001953125,129.4765625,614.0,320.56791644318093,320.56791644318093,15.097051815518041
single-blocker,19,111,plugin,416,2.001953125,139.9765625,667.0,336.3954317708604,336.3954317708604,15.26777374722203
single-blocker,19,111,plugin,448,2.001953125,150.4765625,712.0,348.94408001060907,348.94408001060907,15.394188266357434
single-blocker,19,111,plugin,480,2.001953125,160.9765625,765.0,363.666945986405,363.666945986405,15.542243914169457
single-blocker,19,111,plugin,512,2.001953125,171.4765625,817.0,377.5624566609883,377.5624566609883,15.676683909702696
single-blocker,19,111,safe,32,8.375,0.0,32.0,31.968216811859147,31.968216811859147,4.02724519543652
single-blocker,19,111,safe,64,16.75,0.0,64.0,57.42435623340214,57.42435623340214,4.7282659037057675
single-blocker,19,111,safe,96,25.125,0.0,96.0,76.78319682780861,76.78319682780861,5.136346480888775
single-blocker,19,111,safe,128,33.5,0.0,128.0,93.03345515740088,93.03345515740088,5.425334592589174
single-blocker,19,111,safe,160,41.875,0.0,160.0,107.31238195727079,107.31238195727079,5.649261224939744
single-blocker,19,111,safe,192,50.25,0.0,192.0,120.1978375468853,120.1978375468853,5.832104609707439
single-blocker,19,111,safe,224,58.625,0.0,224.0,132.0310352083931,132.0310352083931,5.986627913082163
single-blocker,19,111,safe,256,67.0,0.0,256.0,143.03333360981438,143.03333360981438,6.120438712817281
single-blocker,19,111,safe,288,75.375,0.0,288.0,153.35798108855585,153.35798108855585,6.238439029233648
single-blocker,19,111,safe,320,83.75,0.0,320.0,163.1162631808352,163.1162631808352,6.343973346894013
single-blocker,19,111,safe,352,92.125,0.0,352.0,172.39200998111025,172.39200998111025,6.43942571339101
single-blocker,19,111,safe,384,100.5,0.0,384.0,181.25023096678382,181.25023096678382,6.5265555690159704
single-blocker,19,111,safe,416,108.875,0.0,416.0,189.74254455085054,189.74254455085054,6.6066985205464555
single-blocker,19,111,safe,448,117.25,0.0,448.0,197.91074640079475,197.91074640079475,6.680892410683006
single-blocker,19,111,safe,480,125.625,0.0,480.0,205.78924141297622,205.78924141297622,6.7499597404471405
single-blocker,19,111,safe,512,134.0,0.0,512.0,213.40675252840046,213.40675252840046,6.81456340954972
single-blocker,19,111,known,32,0.0,10.5,46.0,45.96821681185914,45.96821681185914,7.2073789505702734
single-blocker,19,111,known,64,0.0,21.0,99.0,92.22759708485822,92.22759708485822,8.846475894151201
single-blocker,19,111,known,96,0.0,31.5,149.0,126.42117529086147,126.42117529086147,9.674390431586223
single-blocker,19,111,known,128,0.0,42.0,202.0,156.9554776118888,156.9554776118888,10.299843376295373
single-blocker,19,111,known,160,0.0,52.5,252.0,181.87955577663155,181.87955577663155,10.74282083877727
single-blocker,19,111,known,192,0.0,63.0,306.0,206.41233134497588,206.41233134497588,11.141126345911118
single-blocker,19,111,known,224,0.0,73.5,358.0,227.8698032986255,227.8698032986255,11.457947393702636
single-blocker,19,111,known,256,0.0,84.0,411.0,248.2175204635381,248.2175204635381,11.737850219591797
single-blocker,19,111,known,288,0.0,94.5,456.0,264.00624812369824,264.00624812369824,11.936639530502797
single-blocker,19,111,known,320,0.0,105.0,507.0,281.3770095044434,281.3770095044434,12.149621448802414
single-blocker,19,111,known,352,0.0,115.5,559.0,298.25216092201555,298.25216092201555,12.346942767811298
single-blocker,19,111,known,384,0.0,126.0,610.0,313.99139132023356,313.99139132023356,12.522092212256869
single-blocker,19,111,known,416,0.0,136.5,663.0,329.7556501154429,329.7556501154429,12.691276864661539
single-blocker,19,111,known,448,0.0,147.0,708.0,342.2691094155127,342.2691094155127,12.816865396937201
single-blocker,19,111,known,480,0.0,157.5,761.0,356.9404646435999,356.9404646435999,12.96374965987983
single-blocker,19,111,known,512,0.0,168.0,813.0,370.7920979374866,370.7920979374866,13.097227289849227
single-blocker,19,111,product,32,0.0,10.5,46.0,45.96821681185914,45.96821681185914,7.2073789505702734
single-blocker,19,111,product,64,0.0,21.0,99.0,92.22759708485822,92.22759708485822,8.846475894151201
single-blocker,19,111,product,96,0.0,31.5,149.0,126.42117529086147,126.42117529086147,9.674390431586223
single-blocker,19,111,product,128,0.0,42.0,202.0,156.9554776118888,156.9554776118888,10.299843376295373
single-blocker,19,111,product,160,0.0,52.5,252.0,181.87955577663155,181.87955577663155,10.74282083877727
single-blocker,19,111,product,192,0.0,63.0,306.0,206.41233134497588,206.41233134497588,11.141126345911118
single-blocker,19,111,product,224,0.0,73.5,358.0,227.8698032986255,227.8698032986255,11.457947393702636
single-blocker,19,111,product,256,0.0,84.0,411.0,248.2175204635381,248.2175204635381,11.737850219591797
single-blocker,19,111,product,288,0.0,94.5,456.0,264.00624812369824,264.00624812369824,11.936639530502797
single-blocker,19,111,product,320,0.0,105.0,507.0,281.3770095044434,281.3770095044434,12.149621448802414
single-blocker,19,111,product,352,0.0,115.5,559.0,298.25216092201555,298.25216092201555,12.346942767811298
single-blocker,19,111,product,384,0.0,126.0,610.0,313.99139132023356,313.99139132023356,12.522092212256869
single-blocker,19,111,product,416,0.0,136.5,663.0,329.7556501154429,329.7556501154429,12.691276864661539
single-blocker,19,111,product,448,0.0,147.0,708.0,342.2691094155127,342.2691094155127,12.816865396937201
single-blocker,19,111,product,480,0.0,157.5,761.0,356.9404646435999,356.9404646435999,12.96374965987983
single-blocker,19,111,product,512,0.0,168.0,813.0,370.7920979374866,370.7920979374866,13.097227289849227
outcome-lag-64,21,111,prefix,32,4.5625,27.25,64.0,64.0,64.0,37.239352182418926
outcome-lag-64,21,111,prefix,64,9.125,54.5,128.0,128.0,128.0,71.97898234874648
outcome-lag-64,21,111,prefix,96,10.953125,80.1875,191.81824624110743,191.09481651029722,191.09481651029722,98.75562853335374
outcome-lag-64,21,111,prefix,128,11.140625,104.9375,245.42886779396224,245.94052125352945,244.36407810593965,117.7191210620988
outcome-lag-64,21,111,prefix,160,11.328125,129.6875,291.06368699059493,294.2936270873493,289.48422439262026,131.66779540402345
outcome-lag-64,21,111,prefix,192,11.515625,154.4375,332.3885896985237,335.8929239406794,327.71135116042984,141.56857147681825
outcome-lag-64,21,111,prefix,224,11.703125,179.1875,366.8802613198234,372.59555827532256,360.9372304288836,149.5725098942404
outcome-lag-64,21,111,prefix,256,11.890625,203.9375,398.1527804520867,406.4893061477071,391.2670691084715,156.90467742974215
outcome-lag-64,21,111,prefix,288,12.078125,228.6875,426.466771094253,436.9642506312684,419.1422326243979,162.6279624678413
outcome-lag-64,21,111,prefix,320,12.16015625,252.453125,451.2796859533277,463.79120322484107,443.65213097453267,167.29975139269425
outcome-lag-64,21,111,prefix,352,12.16015625,275.453125,474.56110328065745,489.9401837818816,466.7947532224259,172.30555230080142
outcome-lag-64,21,111,prefix,384,12.16015625,298.453125,496.4566258209552,514.4858162105484,488.577564259395,176.90483336613113
outcome-lag-64,21,111,prefix,416,12.16015625,321.453125,517.4540049741366,538.4209159699307,509.5749434125763,181.44449700381034
outcome-lag-64,21,111,prefix,448,12.16015625,344.453125,537.4939898382437,560.9395780210814,529.5742564269962,185.3271464368124
outcome-lag-64,21,111,prefix,480,12.16015625,367.453125,556.3445586551459,581.7622635136245,548.3581471577174,188.50395376302396
outcome-lag-64,21,111,prefix,512,12.16015625,390.453125,575.2948074617934,602.2479588396158,567.2616190631544,191.17267682749056
outcome-lag-64,21,111,intersection,32,4.5625,27.25,64.0,64.0,64.0,37.239352182418926
outcome-lag-64,21,111,intersection,64,5.70703125,52.546875,128.0,128.0,128.0,69.19930895755242
outcome-lag-64,21,111,intersection,96,5.89453125,77.296875,191.81824624110743,191.22723124448902,191.22723124448902,92.896332574438
outcome-lag-64,21,111,intersection,128,6.08203125,102.046875,245.88276025679372,246.48835396130139,244.90757338897882,109.88443387616121
outcome-lag-64,21,111,intersection,160,6.26953125,126.796875,291.999821222497,293.8046521167629,289.0603234619944,122.90141186294468
outcome-lag-64,21,111,intersection,192,6.45703125,151.546875,331.0427836854065,334.40502889762786,326.3195502374567,132.60936766405342
outcome-lag-64,21,111,intersection,224,6.59765625,175.859375,364.6015611061368,370.6781283441653,359.14030982137206,140.60195990525798
outcome-lag-64,21,111,intersection,256,6.59765625,198.859375,392.95025414946645,402.15462038224047,387.05932402513326,147.68601441838834
outcome-lag-64,21,111,intersection,288,6.59765625,221.859375,420.51754860115886,432.1741692871817,414.5016833051968,153.3871014606917
outcome-lag-64,21,111,intersection,320,6.59765625,244.859375,445.23777770937363,459.08648991122175,439.0819581837413,158.12075041163294
outcome-lag-64,21,111,intersection,352,6.59765625,267.859375,468.49594675632096,485.30722381071365,462.24228697926026,163.20224690620515
outcome-lag-64,21,111,intersection,384,6.59765625,290.859375,490.2065616813932,509.71891289814744,483.87870248374094,167.79010755689524
outcome-lag-64,21,111,intersection,416,6.59765625,313.859375,511.20396088718616,533.6824026023224,504.87610168953387,172.33397669949943
outcome-lag-64,21,111,intersection,448,6.59765625,336.859375,531.3501954572351,556.3488316758414,524.9892201348075,176.27081616962906
outcome-lag-64,21,111,intersection,480,6.59765625,359.859375,550.321995603141,577.3162025153905,543.9035576485317,179.50198219524762
outcome-lag-64,21,111,intersection,512,6.59765625,382.859375,569.3088089677337,597.8617153018678,562.8497350205448,182.20439558993678
outcome-lag-64,21,111,completed,32,2.51171875,26.078125,64.0,64.0,64.0,35.252942579341216
outcome-lag-64,21,111,completed,64,4.193359375,37.6796875,111.0,111.0,111.0,57.89960169693063
outcome-lag-64,21,111,completed,96,5.083984375,56.2421875,166.8254721663171,166.28923659446923,166.28923659446923,77.13476232649742
outcome-lag-64,21,111,completed,128,5.271484375,80.9921875,222.98221643792888,223.11789939018263,221.54524905097242,92.95411677109614
outcome-lag-64,21,111,completed,160,5.376953125,104.9765625,271.10462613726094,272.26875639210397,267.6908385412481,106.71684861600504
outcome-lag-64,21,111,completed,192,5.505859375,129.1796875,311.80675384751027,314.1865457799123,306.48250390764235,117.01021211461712
outcome-lag-64,21,111,completed,224,5.505859375,152.1796875,347.1059840652207,352.03054238631614,341.0018366480042,125.4634874537659
outcome-lag-64,21,111,completed,256,5.505859375,175.1796875,376.71328764160575,384.67598203245734,370.14357627551345,132.8718080898463
outcome-lag-64,21,111,completed,288,5.505859375,198.1796875,405.4346752414134,415.73849469846925,398.70008128431743,138.827440743861
outcome-lag-64,21,111,completed,320,5.505859375,221.1796875,430.99006894494204,443.463242187019,424.08843688504174,143.77339989180263
outcome-lag-64,21,111,completed,352,5.505859375,244.1796875,454.91785853651385,470.39375437117,447.9027192891417,149.06437575110624
outcome-lag-64,21,111,completed,384,5.505859375,267.1796875,477.06789203701754,495.2349766360873,469.9594210026174,153.73781136722448
outcome-lag-64,21,111,completed,416,5.505859375,290.1796875,498.5503896572584,519.7034915382462,491.4419186228582,158.38543423552082
outcome-lag-64,21,111,completed,448,5.505859375,313.1796875,519.1937459899657,542.9008337092681,512.04839292248,162.4490016205177
outcome-lag-64,21,111,completed,480,5.505859375,336.1796875,538.6088963704109,564.3239239518767,531.4013057040426,165.7806087517997
outcome-lag-64,21,111,completed,512,5.505859375,359.1796875,557.9657266396403,585.2528634733744,550.714267097705,168.56178413115046
outcome-lag-64,21,111,plugin,32,1.705078125,14.5390625,48.0,48.0,48.0,24.704120314574666
outcome-lag-64,21,111,plugin,64,2.580078125,27.0390625,92.0,92.0,92.0,44.92967246724602
outcome-lag-64,21,111,plugin,96,3.017578125,44.7890625,148.8254721663171,148.28923659446923,148.28923659446923,63.19977409570271
outcome-lag-64,21,111,plugin,128,3.892578125,57.2890625,190.31976278942219,190.60729072747964,189.03464038826934,76.64801413409026
outcome-lag-64,21,111,plugin,160,4.138671875,77.3359375,234.71635895026003,236.82164540084898,232.46393831435944,89.94354392924917
outcome-lag-64,21,111,plugin,192,5.013671875,89.8359375,261.85531540129443,265.64367178674075,258.5945931019722,97.18739526255688
outcome-lag-64,21,111,plugin,224,5.177734375,110.8671875,298.1344349860805,304.2458583943177,294.256131369267,105.19988753998406
outcome-lag-64,21,111,plugin,256,5.533203125,129.6015625,327.00256118216606,335.80278163815655,322.7277944136532,112.38341236205123
outcome-lag-64,21,111,plugin,288,5.833984375,148.9921875,354.83566300769155,365.78729848085266,350.39199496955655,118.30658322114479
outcome-lag-64,21,111,plugin,320,5.833984375,171.9921875,384.37092914025834,397.5068568781166,379.77138245062906,124.1839474887016
outcome-lag-64,21,111,plugin,352,5.861328125,194.6640625,412.0374794256532,428.09411249652203,407.3325549100583,130.8689816313764
outcome-lag-64,21,111,plugin,384,5.861328125,217.6640625,435.8082145454707,454.5189927977181,431.01998033147424,135.9655110826183
outcome-lag-64,21,111,plugin,416,5.861328125,240.6640625,459.4610918419239,481.2170744170796,454.67285762792744,141.14402765542852
outcome-lag-64,21,111,plugin,448,5.861328125,263.6640625,482.4974361041509,506.9327593419573,477.6742476429068,145.94371744824002
outcome-lag-64,21,111,plugin,480,5.861328125,286.6640625,504.0174754348402,530.4424567954442,499.1345180299927,149.85182871054712
outcome-lag-64,21,111,plugin,512,5.861328125,309.6640625,524.8775622144809,552.914363979712,519.9523857364684,153.0406455306307
outcome-lag-64,21,111,safe,32,3.0,0.0,32.0,32.0,32.0,18.51721555266991
outcome-lag-64,21,111,safe,64,6.0,0.0,64.0,64.0,64.0,35.210682251235696
outcome-lag-64,21,111,safe,96,9.0,0.0,95.82547216631711,95.28923659446922,95.28923659446922,48.93844440315935
outcome-lag-64,21,111,safe,128,12.0,0.0,120.39110767683803,121.4113306875482,119.83868034833802,59.09926827834644
outcome-lag-64,21,111,safe,160,15.0,0.0,139.26848804516604,143.07376780315553,138.71606071666602,66.70670522643452
outcome-lag-64,21,111,safe,192,18.0,0.0,155.1745504080944,161.671201764363,154.6221230795944,72.60152698279515
outcome-lag-64,21,111,safe,224,21.0,0.0,169.17874494636317,178.61604464291375,168.62631761786315,77.86769550321294
outcome-lag-64,21,111,safe,256,24.0,0.0,181.85958360500558,194.3821435010086,181.30715627650557,82.76530675962174
outcome-lag-64,21,111,safe,288,27.0,0.0,193.52051172324377,208.2970171036672,192.96808439474376,86.47353319995534
outcome-lag-64,21,111,safe,320,30.0,0.0,204.34764924535838,220.92140443481705,203.79522191685837,89.44517275648624
outcome-lag-64,21,111,safe,352,33.0,0.0,214.52819261879964,233.3581269605355,213.97576529029962,92.70160084842668
outcome-lag-64,21,111,safe,384,36.0,0.0,224.17087255201082,245.53975549490863,223.6184452235108,96.1121382527512
outcome-lag-64,21,111,safe,416,39.0,0.0,233.34174620864738,257.1039230885106,232.78931888014736,99.26413521381683
outcome-lag-64,21,111,safe,448,42.0,0.0,242.10545623270883,267.7842469212364,241.55302890420882,101.85045108673472
outcome-lag-64,21,111,safe,480,45.0,0.0,250.50856981616883,277.7795105425296,249.9561424876688,104.0362870256105
outcome-lag-64,21,111,safe,512,48.0,0.0,258.5950149410723,287.04630683932174,258.0425876125722,105.750175876081
outcome-lag-64,21,111,known,32,0.0,23.0,62.0,62.0,62.0,32.63785047330483
outcome-lag-64,21,111,known,64,0.0,46.0,120.0,120.0,120.0,61.3059373501003
outcome-lag-64,21,111,known,96,0.0,69.0,181.8254721663171,181.16443133989173,181.16443133989173,84.1710456354354
outcome-lag-64,21,111,known,128,0.0,92.0,238.25739402822123,237.41900208626092,235.84635174705056,101.06268465156992
outcome-lag-64,21,111,known,160,0.0,115.0,281.90125494865913,283.03821941885826,278.4324024874842,113.81398112732641
outcome-lag-64,21,111,known,192,0.0,138.0,318.3119807123328,321.75338968369135,313.951267370465,123.37626161614855
outcome-lag-64,21,111,known,224,0.0,161.0,352.53045419428634,358.7731598749863,347.60748180736255,131.48559789149382
outcome-lag-64,21,111,known,256,0.0,184.0,381.52233493890685,390.9450700045966,376.25891790164997,138.74845954872598
outcome-lag-64,21,111,known,288,0.0,207.0,409.8004547673431,421.62331463379905,404.4121025584574,144.61810749057196
outcome-lag-64,21,111,known,320,0.0,230.0,435.0240094564074,449.045268998335,429.49570301785127,149.49829263490608
outcome-lag-64,21,111,known,352,0.0,253.0,458.6779629568101,475.7093627778032,453.05181626682565,154.72862196286874
outcome-lag-64,21,111,known,384,0.0,276.0,480.5907515939667,500.3327603189548,474.8904054833906,159.363821123963
outcome-lag-64,21,111,known,416,0.0,299.0,501.8747840898166,524.6031560827906,496.17443797924057,163.97064105804026
outcome-lag-64,21,111,known,448,0.0,322.0,522.3477093668505,547.6288421370041,516.6142471314992,167.9996669012441
outcome-lag-64,21,111,known,480,0.0,345.0,541.6187660916161,568.9096553733036,535.827841224083,171.30735846283144
outcome-lag-64,21,111,known,512,0.0,368.0,560.8345445667012,589.6990200716068,555.0029837065886,174.06687399162868
outcome-lag-64,21,111,product,32,4.375,25.5,62.0,62.0,62.0,37.239352182418926
outcome-lag-64,21,111,product,64,8.75,51.0,120.0,120.0,120.0,69.56707758684173
outcome-lag-64,21,111,product,96,13.125,76.5,181.77930151221113,180.5614853304775,180.5614853304775,96.4852917235556
outcome-lag-64,21,111,product,128,17.5,102.0,232.10830367855283,230.5551742601451,228.98252392093494,113.77958745599219
outcome-lag-64,21,111,product,160,21.875,127.5,268.99289295820716,270.31252581385235,265.6003031143953,126.2019493880873
outcome-lag-64,21,111,product,192,26.25,153.0,299.4152036608622,304.92623573142,296.0226138170503,136.4915077987778
outcome-lag-64,21,111,product,224,30.625,178.5,328.0285763114953,338.40923590434517,324.6359864676835,146.1055019129478
outcome-lag-64,21,111,product,256,35.0,204.0,352.29658412187365,367.5494280564703,348.9039942780618,154.46655799763943
outcome-lag-64,21,111,product,288,39.375,229.5,375.7453809999539,394.8276183792305,372.3527911561421,161.23353066984134
outcome-lag-64,21,111,product,320,43.75,255.0,396.80113415263617,419.38298638215815,393.40854430882433,167.02875989103188
outcome-lag-64,21,111,product,352,48.125,280.5,416.6052935911014,443.2061946175705,413.21270374728954,173.0026997473647
outcome-lag-64,21,111,product,384,52.5,306.0,435.0283652769258,465.5160593945574,431.63577543311396,178.53310691946885
outcome-lag-64,21,111,product,416,56.875,331.5,452.82618631937686,487.301662073786,449.433596475565,183.94179072540942
outcome-lag-64,21,111,product,448,61.25,357.0,469.8555376547016,507.7753730820773,466.4629478108898,188.6549080376957
outcome-lag-64,21,111,product,480,65.625,382.5,485.9385901000895,526.5428915323151,482.5460002562777,192.4644145293085
outcome-lag-64,21,111,product,512,70.0,408.0,501.9312549767882,544.7857777658338,498.53866513297635,195.7446866025688
single-blocker,21,111,prefix,32,4.5625,27.25,64.0,63.96821681185914,63.96821681185914,8.988898993023577
single-blocker,21,111,prefix,64,9.125,54.5,128.0,117.26272398867904,117.26272398867904,11.914735258489001
single-blocker,21,111,prefix,96,13.6875,81.75,192.0,157.93158501867632,157.93158501867632,12.991052475324311
single-blocker,21,111,prefix,128,18.25,109.0,256.0,191.2378856035448,191.2378856035448,13.597959862961766
single-blocker,21,111,prefix,160,22.8125,136.25,320.0,222.01738787583932,222.01738787583932,14.316714937886474
single-blocker,21,111,prefix,192,27.375,163.5,384.0,250.69928150763633,250.69928150763633,14.951975377824787
single-blocker,21,111,prefix,224,31.9375,190.75,448.0,274.89118614929816,274.89118614929816,15.274873960731444
single-blocker,21,111,prefix,256,36.5,218.0,512.0,299.931287972542,299.931287972542,15.752850380456504
single-blocker,21,111,prefix,288,41.0625,245.25,576.0,321.6846650257016,321.6846650257016,16.042628830676744
single-blocker,21,111,prefix,320,45.625,272.5,640.0,343.6540021768276,343.6540021768276,16.38242667305651
single-blocker,21,111,prefix,352,50.1875,299.75,704.0,364.6926429509808,364.6926429509808,16.687297643628945
single-blocker,21,111,prefix,384,54.75,327.0,768.0,385.61045775975293,385.61045775975293,16.993226477843514
single-blocker,21,111,prefix,416,59.3125,354.25,832.0,404.9818200407728,404.9818200407728,17.243610640987306
single-blocker,21,111,prefix,448,63.875,381.5,896.0,423.60057482299396,423.60057482299396,17.47463145117309
single-blocker,21,111,prefix,480,68.4375,408.75,960.0,442.13956599807403,442.13956599807403,17.711185611672057
single-blocker,21,111,prefix,512,73.0,436.0,1024.0,458.8918840679031,458.8918840679031,17.88917723442672
single-blocker,21,111,intersection,32,2.23828125,25.921875,64.0,63.96821681185914,63.96821681185914,10.43591558851094
single-blocker,21,111,intersection,64,2.42578125,50.671875,128.0,121.04745485487551,121.04745485487551,12.757244816715456
single-blocker,21,111,intersection,96,2.61328125,75.421875,192.0,168.39363820724174,168.39363820724174,14.010499934769527
single-blocker,21,111,intersection,128,2.80078125,100.171875,256.0,207.8767285526305,207.8767285526305,14.881618384127702
single-blocker,21,111,intersection,160,2.98828125,124.921875,320.0,242.51827423403725,242.51827423403725,15.555061554982684
single-blocker,21,111,intersection,192,3.17578125,149.671875,384.0,273.71742014673885,273.71742014673885,16.103041741184597
single-blocker,21,111,intersection,224,3.263671875,173.4921875,448.0,302.3600356516196,302.3600356516196,16.566215290797043
single-blocker,21,111,intersection,256,3.263671875,196.4921875,508.0,327.130729926347,327.130729926347,16.9371985928896
single-blocker,21,111,intersection,288,3.263671875,219.4921875,571.0,351.8225675106808,351.8225675106808,17.28887163856477
single-blocker,21,111,intersection,320,3.263671875,242.4921875,632.0,374.2911680794592,374.2911680794592,17.59020967393523
single-blocker,21,111,intersection,352,3.263671875,265.4921875,693.0,395.67152314594375,395.67152314594375,17.863508554259777
single-blocker,21,111,intersection,384,3.263671875,288.4921875,753.0,415.6173712053138,415.6173712053138,18.10546328138484
single-blocker,21,111,intersection,416,3.263671875,311.4921875,814.0,435.25952482656515,435.25952482656515,18.336983502019987
single-blocker,21,111,intersection,448,3.263671875,334.4921875,875.0,454.25039526175004,454.25039526175004,18.553884780806463
single-blocker,21,111,intersection,480,3.263671875,357.4921875,935.0,472.2283506276987,472.2283506276987,18.751722919834407
single-blocker,21,111,intersection,512,3.263671875,380.4921875,997.0,490.2591008086116,490.2591008086116,18.944200039224544
single-blocker,21,111,completed,32,1.96484375,25.765625,64.0,63.96821681185914,63.96821681185914,10.43591558851094
single-blocker,21,111,completed,64,2.15234375,50.515625,128.0,121.04745485487551,121.04745485487551,12.757244816715456
single-blocker,21,111,completed,96,2.33984375,75.265625,192.0,168.39363820724174,168.39363820724174,14.010499934769527
single-blocker,21,111,completed,128,2.52734375,100.015625,256.0,207.8767285526305,207.8767285526305,14.881618384127702
single-blocker,21,111,completed,160,2.71484375,124.765625,320.0,242.51827423403725,242.51827423403725,15.555061554982684
single-blocker,21,111,completed,192,2.90234375,149.515625,384.0,273.71742014673885,273.71742014673885,16.103041741184597
single-blocker,21,111,completed,224,2.955078125,173.0078125,448.0,302.3600356516196,302.3600356516196,16.566215290797043
single-blocker,21,111,completed,256,2.955078125,196.0078125,508.0,327.130729926347,327.130729926347,16.9371985928896
single-blocker,21,111,completed,288,2.955078125,219.0078125,571.0,351.8225675106808,351.8225675106808,17.28887163856477
single-blocker,21,111,completed,320,2.955078125,242.0078125,632.0,374.2911680794592,374.2911680794592,17.59020967393523
single-blocker,21,111,completed,352,2.955078125,265.0078125,693.0,395.67152314594375,395.67152314594375,17.863508554259777
single-blocker,21,111,completed,384,2.955078125,288.0078125,753.0,415.6173712053138,415.6173712053138,18.10546328138484
single-blocker,21,111,completed,416,2.955078125,311.0078125,814.0,435.25952482656515,435.25952482656515,18.336983502019987
single-blocker,21,111,completed,448,2.955078125,334.0078125,875.0,454.25039526175004,454.25039526175004,18.553884780806463
single-blocker,21,111,completed,480,2.955078125,357.0078125,935.0,472.2283506276987,472.2283506276987,18.751722919834407
single-blocker,21,111,completed,512,2.955078125,380.0078125,997.0,490.2591008086116,490.2591008086116,18.944200039224544
single-blocker,21,111,plugin,32,1.0078125,25.21875,64.0,63.96821681185914,63.96821681185914,10.594862197457548
single-blocker,21,111,plugin,64,1.08984375,48.984375,124.0,117.29725752745716,117.29725752745716,12.633022307198829
single-blocker,21,111,plugin,96,1.08984375,71.984375,186.0,163.61175058967495,163.61175058967495,13.879776533523222
single-blocker,21,111,plugin,128,1.08984375,94.984375,250.0,203.77626792459262,203.77626792459262,14.784802194448938
single-blocker,21,111,plugin,160,1.08984375,117.984375,311.0,237.02474188655424,237.02474188655424,15.438639152712513
single-blocker,21,111,plugin,192,1.08984375,140.984375,371.0,266.5110340451308,266.5110340451308,15.963787638126071
single-blocker,21,111,plugin,224,1.08984375,163.984375,435.0,295.7427905983434,295.7427905983434,16.44842046035663
single-blocker,21,111,plugin,256,1.08984375,186.984375,495.0,320.9037522399083,320.9037522399083,16.832681470837922
single-blocker,21,111,plugin,288,1.08984375,209.984375,558.0,345.95111173700514,345.95111173700514,17.195782228633153
single-blocker,21,111,plugin,320,1.08984375,232.984375,619.0,368.71172964098906,368.71172964098906,17.506019486830237
single-blocker,21,111,plugin,352,1.08984375,255.984375,680.0,390.35265897352343,390.35265897352343,17.78688743959991
single-blocker,21,111,plugin,384,1.08984375,278.984375,740.0,410.54874882069186,410.54874882069186,18.035751765776414
single-blocker,21,111,plugin,416,1.08984375,301.984375,801.0,430.38849344228896,430.38849344228896,18.272528918030908
single-blocker,21,111,plugin,448,1.08984375,324.984375,862.0,449.54012032043187,449.54012032043187,18.49357868727563
single-blocker,21,111,plugin,480,1.08984375,347.984375,922.0,467.6561372711878,467.6561372711878,18.69487098968945
single-blocker,21,111,plugin,512,1.08984375,370.984375,984.0,485.8361837097201,485.8361837097201,18.890956502363295
single-blocker,21,111,safe,32,3.0,0.0,32.0,31.968216811859147,31.968216811859147,4.02724519543652
single-blocker,21,111,safe,64,6.0,0.0,64.0,57.42435623340214,57.42435623340214,4.7282659037057675
single-blocker,21,111,safe,96,9.0,0.0,96.0,76.78319682780861,76.78319682780861,5.136346480888775
single-blocker,21,111,safe,128,12.0,0.0,128.0,93.03345515740088,93.03345515740088,5.425334592589174
single-blocker,21,111,safe,160,15.0,0.0,160.0,107.31238195727079,107.31238195727079,5.649261224939744
single-blocker,21,111,safe,192,18.0,0.0,192.0,120.1978375468853,120.1978375468853,5.832104609707439
single-blocker,21,111,safe,224,21.0,0.0,224.0,132.0310352083931,132.0310352083931,5.986627913082163
single-blocker,21,111,safe,256,24.0,0.0,256.0,143.03333360981438,143.03333360981438,6.120438712817281
single-blocker,21,111,safe,288,27.0,0.0,288.0,153.35798108855585,153.35798108855585,6.238439029233648
single-blocker,21,111,safe,320,30.0,0.0,320.0,163.1162631808352,163.1162631808352,6.343973346894013
single-blocker,21,111,safe,352,33.0,0.0,352.0,172.39200998111025,172.39200998111025,6.43942571339101
single-blocker,21,111,safe,384,36.0,0.0,384.0,181.25023096678382,181.25023096678382,6.5265555690159704
single-blocker,21,111,safe,416,39.0,0.0,416.0,189.74254455085054,189.74254455085054,6.6066985205464555
single-blocker,21,111,safe,448,42.0,0.0,448.0,197.91074640079475,197.91074640079475,6.680892410683006
single-blocker,21,111,safe,480,45.0,0.0,480.0,205.78924141297622,205.78924141297622,6.7499597404471405
single-blocker,21,111,safe,512,48.0,0.0,512.0,213.40675252840046,213.40675252840046,6.81456340954972
single-blocker,21,111,known,32,0.0,23.0,62.0,61.96821681185914,61.96821681185914,10.525607943799267
single-blocker,21,111,known,64,0.0,46.0,120.0,113.42435623340216,113.42435623340216,12.505877879046334
single-blocker,21,111,known,96,0.0,69.0,182.0,160.3710681024999,160.3710681024999,13.789832094185455
single-blocker,21,111,known,128,0.0,92.0,246.0,200.9845068505056,200.9845068505056,14.717551553306599
single-blocker,21,111,known,160,0.0,115.0,307.0,234.51908094087955,234.51908094087955,15.384204786839783
single-blocker,21,111,known,192,0.0,138.0,367.0,264.2053030660805,264.2053030660805,15.91753713602977
single-blocker,21,111,known,224,0.0,161.0,431.0,293.60681438458835,293.60681438458835,16.408614538587976
single-blocker,21,111,known,256,0.0,184.0,491.0,318.90499196004066,318.90499196004066,16.797743641662162
single-blocker,21,111,known,288,0.0,207.0,554.0,344.08097364332934,344.08097364332934,17.16512863759434
single-blocker,21,111,known,320,0.0,230.0,615.0,366.93595039453703,366.93595039453703,17.478336168600162
single-blocker,21,111,known,352,0.0,253.0,676.0,388.65286801178,388.65286801178,17.761489334337913
single-blocker,21,111,known,384,0.0,276.0,736.0,408.8911585359022,408.8911585359022,18.01158147840256
single-blocker,21,111,known,416,0.0,299.0,797.0,428.7932719625131,428.7932719625131,18.25011907525437
single-blocker,21,111,known,448,0.0,322.0,858.0,448.0128255532742,448.0128255532742,18.4730124550056
single-blocker,21,111,known,480,0.0,345.0,918.0,466.1888028512884,466.1888028512884,18.675868078307378
single-blocker,21,111,known,512,0.0,368.0,980.0,484.41592263099767,484.41592263099767,18.87313868851078
single-blocker,21,111,product,32,4.375,25.5,62.0,61.96821681185914,61.96821681185914,7.988898993023576
single-blocker,21,111,product,64,8.75,51.0,120.0,109.26272398867906,109.26272398867906,9.321878115631858
single-blocker,21,111,product,96,13.125,76.5,182.0,147.93158501867632,147.93158501867632,10.162084221356057
single-blocker,21,111,product,128,17.5,102.0,246.0,181.2378856035448,181.2378856035448,10.768991608993511
single-blocker,21,111,product,160,21.875,127.5,307.0,209.01738787583932,209.01738787583932,11.213504259675794
single-blocker,21,111,product,192,26.25,153.0,367.0,233.69928150763633,233.69928150763633,11.571246384595792
single-blocker,21,111,product,224,30.625,178.5,431.0,257.89118614929816,257.89118614929816,11.894144967502449
single-blocker,21,111,product,256,35.0,204.0,491.0,278.931287972542,278.931287972542,12.155110723312818
single-blocker,21,111,product,288,39.375,229.5,554.0,299.6846650257016,299.6846650257016,12.39727012591401
single-blocker,21,111,product,320,43.75,255.0,615.0,318.6540021768276,318.6540021768276,12.606468495302993
single-blocker,21,111,product,352,48.125,280.5,676.0,336.6926429509808,336.6926429509808,12.795840890376846
single-blocker,21,111,product,384,52.5,306.0,736.0,353.6422409478938,353.6422409478938,12.965981282406986
single-blocker,21,111,product,416,56.875,331.5,797.0,370.1785791893168,370.1785791893168,13.125400650541861
single-blocker,21,111,product,448,61.25,357.0,858.0,386.08681746213136,386.08681746213136,13.273045227351407
single-blocker,21,111,product,480,65.625,382.5,918.0,401.1800365222381,401.1800365222381,13.40825232883323
single-blocker,21,111,product,512,70.0,408.0,980.0,416.27357696748805,416.27357696748805,13.539178613824904
outcome-lag-64,23,111,prefix,32,16.625,26.75,64.0,64.0,64.0,37.825273028879685
outcome-lag-64,23,111,prefix,64,33.25,53.5,128.0,128.0,128.0,73.6051570677129
outcome-lag-64,23,111,prefix,96,37.92578125,73.421875,191.551856508049,190.06717475347565,190.06717475347565,104.27137495485064
outcome-lag-64,23,111,prefix,128,37.92578125,90.671875,244.61852787703583,246.1426054857847,243.07272572060623,130.10718015924712
outcome-lag-64,23,111,prefix,160,37.92578125,107.921875,289.57875132429064,295.26302684018145,288.03294916786103,149.39608683335928
outcome-lag-64,23,111,prefix,192,37.92578125,125.171875,330.0368971082466,339.74208722863415,328.491094951817,163.13317816029715
outcome-lag-64,23,111,prefix,224,37.92578125,142.421875,364.9658195660193,380.66425337333555,363.4200174095897,175.59051717902915
outcome-lag-64,23,111,prefix,256,37.92578125,159.671875,396.74486235350145,418.350818525024,395.19906019707184,186.42780227534908
outcome-lag-64,23,111,prefix,288,37.92578125,176.921875,425.60590213657025,452.0815897494717,424.06009998014065,195.11989864136777
outcome-lag-64,23,111,prefix,320,37.92578125,194.171875,452.05880325288814,483.7895364920843,450.51300109645854,203.4692836388932
outcome-lag-64,23,111,prefix,352,37.92578125,211.421875,477.3805915837385,514.7792968276445,475.8347894273089,211.90604894918178
outcome-lag-64,23,111,prefix,384,37.92578125,228.671875,501.0356193688189,543.5874113918751,499.4898172123893,219.37485507063133
outcome-lag-64,23,111,prefix,416,37.92578125,245.921875,523.5476428341406,571.6277619292947,522.001840677711,227.00329294941287
outcome-lag-64,23,111,prefix,448,37.92578125,263.171875,544.8477964132873,598.3378774349659,543.3019942568577,234.16966843634304
outcome-lag-64,23,111,prefix,480,37.92578125,280.421875,565.1718767568267,622.9523563241373,563.6260746003971,239.93520423719582
outcome-lag-64,23,111,prefix,512,37.92578125,297.671875,584.6914094162793,646.2282465143965,583.1456072598497,245.00576715635006
outcome-lag-64,23,111,intersection,32,16.625,26.75,64.0,64.0,64.0,37.825273028879685
outcome-lag-64,23,111,intersection,64,16.625,44.0,128.0,128.0,128.0,77.05161317098035
outcome-lag-64,23,111,intersection,96,16.625,61.25,191.551856508049,190.10487309753535,190.10487309753535,110.55696607498962
outcome-lag-64,23,111,intersection,128,16.625,78.5,245.45715732909935,246.91250074145685,243.96029419975378,136.38400423015202
outcome-lag-64,23,111,intersection,160,16.625,95.75,291.3467999419618,297.4542656873635,289.84993681261625,153.57296916277934
outcome-lag-64,23,111,intersection,192,16.625,113.0,329.7534891980766,340.95864288355597,328.256626068731,166.30426743212303
outcome-lag-64,23,111,intersection,224,16.625,130.25,363.54991310769884,380.8649064192672,362.0530499783533,178.00376428027872
outcome-lag-64,23,111,intersection,256,16.625,147.5,394.3203536090815,417.29282715320426,392.82349047973594,188.09650546218342
outcome-lag-64,23,111,intersection,288,16.625,164.75,422.5048792718784,450.2082071120982,421.0080161425328,196.32987298469982
outcome-lag-64,23,111,intersection,320,16.625,182.0,448.7134320582229,481.64479314410806,447.21656892887734,204.45509212467903
outcome-lag-64,23,111,intersection,352,16.625,199.25,473.39373044851874,511.7713427418161,471.89686731917317,212.43179999354507
outcome-lag-64,23,111,intersection,384,16.625,216.5,496.66775815275605,540.006039975751,495.1708950234105,219.5537137211748
outcome-lag-64,23,111,intersection,416,16.625,233.75,518.7414541803405,567.4323921670034,517.2445910509949,226.85002882344963
outcome-lag-64,23,111,intersection,448,16.625,251.0,539.8179092456658,593.7920511158184,538.3210461163202,233.79423146235717
outcome-lag-64,23,111,intersection,480,16.625,268.25,560.0802880713262,618.2679123598795,558.5834249419806,239.43770275580562
outcome-lag-64,23,111,intersection,512,16.625,285.5,579.5024531015368,641.3830958144425,578.0055899721913,244.41181246349447
outcome-lag-64,23,111,completed,32,9.3515625,22.59375,64.0,64.0,64.0,39.57683301464154
outcome-lag-64,23,111,completed,64,17.685546875,30.6796875,111.0,111.0,111.0,64.80259270595909
outcome-lag-64,23,111,completed,96,22.09765625,43.078125,165.551856508049,164.10487309753535,164.10487309753535,90.50682587557485
outcome-lag-64,23,111,completed,128,22.09765625,60.328125,220.57751065994822,221.82234136546924,219.00928632618624,113.21884045092759
outcome-lag-64,23,111,completed,160,22.09765625,77.578125,269.12380317134574,274.26603277065743,267.55557883758377,132.1266756656558
outcome-lag-64,23,111,completed,192,22.09765625,94.828125,310.651677788813,320.5982500436136,309.083453455051,146.22506646847836
outcome-lag-64,23,111,completed,224,22.09765625,112.078125,346.5206212200941,362.64337097113844,344.9523968863321,158.9146062838933
outcome-lag-64,23,111,completed,256,22.09765625,129.328125,378.77044334613856,400.6775120951411,377.2022190123766,169.72075635742544
outcome-lag-64,23,111,completed,288,22.09765625,146.578125,408.06613835008164,434.7840605146779,406.49791401631967,178.41738577093219
outcome-lag-64,23,111,completed,320,22.09765625,163.828125,435.1823268550552,467.24731098967465,433.6141025212932,186.93602961450378
outcome-lag-64,23,111,completed,352,22.09765625,181.078125,460.56040258310554,498.2211553812823,458.99217824934357,195.26291517912236
outcome-lag-64,23,111,completed,384,22.09765625,198.328125,484.4270720406977,527.1646961009602,482.8588477069357,202.65437846639836
outcome-lag-64,23,111,completed,416,22.09765625,215.578125,506.985481023578,555.1982513077479,505.41725668981604,210.19324233852294
outcome-lag-64,23,111,completed,448,22.09765625,232.828125,528.4981656268316,582.1167797887304,526.9299412930695,217.35358231910587
outcome-lag-64,23,111,completed,480,22.09765625,250.078125,549.1640426254042,607.083399382405,547.5958182916422,223.16075793642315
outcome-lag-64,23,111,completed,512,22.09765625,267.328125,568.9335584097512,630.6176144794764,567.3653340759892,228.2704915396362
outcome-lag-64,23,111,plugin,32,3.9375,10.1875,49.0,49.0,49.0,29.44903923511971
outcome-lag-64,23,111,plugin,64,5.25,15.6875,95.0,95.0,95.0,54.61960437314144
outcome-lag-64,23,111,plugin,96,5.673828125,29.7265625,156.551856508049,155.1048730975353,155.1048730975353,82.23588943754386
outcome-lag-64,23,111,plugin,128,6.548828125,36.4765625,199.94152622990632,200.91266225649986,198.44466310056075,103.511124604624
outcome-lag-64,23,111,plugin,160,6.822265625,50.4453125,240.85337932414322,245.9082142025045,239.35651619479765,117.64657530965223
outcome-lag-64,23,111,plugin,192,7.533203125,59.1640625,273.44765562020757,282.2678639249114,271.950792490862,127.52915236513861
outcome-lag-64,23,111,plugin,224,8.271484375,67.5546875,299.87620227984365,313.44545478821135,298.3793391504981,136.73095861012507
outcome-lag-64,23,111,plugin,256,8.380859375,83.4921875,334.33149594013656,352.7187735435695,332.68516175226176,145.75004286539664
outcome-lag-64,23,111,plugin,288,9.255859375,90.2421875,355.6505036214149,378.19429899811587,354.0041694335401,152.5784103376663
outcome-lag-64,23,111,plugin,320,9.365234375,106.1796875,387.7382417248926,415.1532642099362,386.0919075370178,161.1678402003525
outcome-lag-64,23,111,plugin,352,10.076171875,114.8984375,408.95601171247694,441.38196648222896,407.30967752460214,168.43123878969845
outcome-lag-64,23,111,plugin,384,10.240234375,130.1796875,434.59480564598596,471.96684792538764,432.94847145811116,175.95578807404203
outcome-lag-64,23,111,plugin,416,10.240234375,147.4296875,458.54977529882376,501.402461975468,456.90344111094896,183.6471916536662
outcome-lag-64,23,111,plugin,448,10.240234375,164.6796875,482.21907660386023,530.6559942321476,480.57274241598543,191.45710181083382
outcome-lag-64,23,111,plugin,480,10.240234375,181.9296875,505.3744765863366,558.2377692684477,503.7281423984618,197.93924692857237
outcome-lag-64,23,111,plugin,512,10.240234375,199.1796875,526.9766418426059,583.6945896778676,525.3303076547312,203.58093508927064
outcome-lag-64,23,111,safe,32,15.6875,0.0,32.0,32.0,32.0,16.78911860019908
outcome-lag-64,23,111,safe,64,31.375,0.0,64.0,64.0,64.0,30.179492243306605
outcome-lag-64,23,111,safe,96,47.0625,0.0,95.55185650804907,94.1048730975353,94.1048730975353,41.680686182522784
outcome-lag-64,23,111,safe,128,62.75,0.0,119.94152622990646,120.91266225649991,118.44466310056076,52.52720512359549
outcome-lag-64,23,111,safe,160,78.4375,0.0,138.82352702495209,142.6406696097632,137.3266638956064,60.20021230933947
outcome-lag-64,23,111,safe,192,94.125,0.0,154.7222428955177,160.0773552553139,153.225379766172,64.93428575004326
outcome-lag-64,23,111,safe,224,109.8125,0.0,168.68787619575374,176.3646571600685,167.19101306640806,69.54291329666471
outcome-lag-64,23,111,safe,256,125.5,0.0,181.34952461766227,191.1403508804349,179.85266148831658,73.45011941534503
outcome-lag-64,23,111,safe,288,141.1875,0.0,192.9701770445468,204.89152460405865,191.47331391520112,76.99464597664371
outcome-lag-64,23,111,safe,320,156.875,0.0,203.81117778768626,218.32155548587875,202.31431465834058,80.7719290838448
outcome-lag-64,23,111,safe,352,172.5625,0.0,214.00205113833724,230.75926769666066,212.50518800899155,84.02934686084862
outcome-lag-64,23,111,safe,384,188.25,0.0,223.6364067385253,242.56255536838148,222.1395436091796,87.06154340252081
outcome-lag-64,23,111,safe,416,203.9375,0.0,232.8065312118192,254.1131441752015,231.3096680824735,90.19996157680451
outcome-lag-64,23,111,safe,448,219.625,0.0,241.5706076190181,265.26347779411134,240.0737444896724,93.25628723590653
outcome-lag-64,23,111,safe,480,235.3125,0.0,249.97881446234163,275.66619290229625,248.48195133299595,95.84957466167393
outcome-lag-64,23,111,safe,512,251.0,0.0,258.0651707323282,285.485705824305,256.56830760298254,98.11618013736083
outcome-lag-64,23,111,known,32,0.0,17.25,64.0,64.0,64.0,38.232583468663954
outcome-lag-64,23,111,known,64,0.0,34.5,128.0,128.0,128.0,76.01040129886228
outcome-lag-64,23,111,known,96,0.0,51.75,191.551856508049,190.10487309753535,190.10487309753535,107.50595999354158
outcome-lag-64,23,111,known,128,0.0,69.0,247.47746441568148,248.560898839362,245.93994789929533,131.09847233176478
outcome-lag-64,23,111,known,160,0.0,86.25,292.95703381544706,299.45363060449097,291.4195172990609,147.95501027654197
outcome-lag-64,23,111,known,192,0.0,103.5,331.32553288340637,342.74070607594894,329.7880163670202,160.548081428168
outcome-lag-64,23,111,known,224,0.0,120.75,365.12437640085426,382.54758516393645,363.5868598844681,172.06911922158307
outcome-lag-64,23,111,known,256,0.0,138.0,395.6581206584259,418.5319793820546,394.1206041420397,181.87192985537624
outcome-lag-64,23,111,known,288,0.0,155.25,423.6627101590838,451.15245798421546,422.12519364269764,189.91416616980973
outcome-lag-64,23,111,known,320,0.0,172.5,449.90092138295336,482.59982212310365,448.3634048665672,197.97568097758483
outcome-lag-64,23,111,known,352,0.0,189.75,474.280439160541,512.2882774350581,472.7429226441548,205.71250206285572
outcome-lag-64,23,111,known,384,0.0,207.0,497.39577805498664,540.2432664795173,495.85826153860046,212.64815024037503
outcome-lag-64,23,111,known,416,0.0,224.25,519.2446541722999,567.3368413096729,517.7071376559138,219.75838713000712
outcome-lag-64,23,111,known,448,0.0,241.5,540.2288888773567,593.5308825337469,538.6913723609706,226.5840370098517
outcome-lag-64,23,111,known,480,0.0,258.75,560.5012146950583,617.9727042826307,558.9636981786722,232.1676746264714
outcome-lag-64,23,111,known,512,0.0,276.0,579.8981169777095,641.025907405671,578.3606004613234,237.09408781388925
outcome-lag-64,23,111,product,32,0.0,17.25,64.0,64.0,64.0,38.232583468663954
outcome-lag-64,23,111,product,64,0.0,34.5,128.0,128.0,128.0,76.01040129886228
outcome-lag-64,23,111,product,96,0.0,51.75,191.551856508049,190.10487309753535,190.10487309753535,107.50595999354158
outcome-lag-64,23,111,product,128,0.0,69.0,247.47746441568148,248.560898839362,245.93994789929533,131.09847233176478
outcome-lag-64,23,111,product,160,0.0,86.25,292.95703381544706,299.45363060449097,291.4195172990609,147.95501027654197
outcome-lag-64,23,111,product,192,0.0,103.5,331.32553288340637,342.74070607594894,329.7880163670202,160.548081428168
outcome-lag-64,23,111,product,224,0.0,120.75,365.12437640085426,382.54758516393645,363.5868598844681,172.06911922158307
outcome-lag-64,23,111,product,256,0.0,138.0,395.6581206584259,418.5319793820546,394.1206041420397,181.87192985537624
outcome-lag-64,23,111,product,288,0.0,155.25,423.6627101590838,451.15245798421546,422.12519364269764,189.91416616980973
outcome-lag-64,23,111,product,320,0.0,172.5,449.90092138295336,482.59982212310365,448.3634048665672,197.97568097758483
outcome-lag-64,23,111,product,352,0.0,189.75,474.280439160541,512.2882774350581,472.7429226441548,205.71250206285572
outcome-lag-64,23,111,product,384,0.0,207.0,497.39577805498664,540.2432664795173,495.85826153860046,212.64815024037503
outcome-lag-64,23,111,product,416,0.0,224.25,519.2446541722999,567.3368413096729,517.7071376559138,219.75838713000712
outcome-lag-64,23,111,product,448,0.0,241.5,540.2288888773567,593.5308825337469,538.6913723609706,226.5840370098517
outcome-lag-64,23,111,product,480,0.0,258.75,560.5012146950583,617.9727042826307,558.9636981786722,232.1676746264714
outcome-lag-64,23,111,product,512,0.0,276.0,579.8981169777095,641.025907405671,578.3606004613234,237.09408781388925
single-blocker,23,111,prefix,32,16.625,26.75,64.0,63.960661021301576,63.960661021301576,8.022232326356912
single-blocker,23,111,prefix,64,33.25,53.5,128.0,116.10382972641384,116.10382972641384,11.224802983324176
single-blocker,23,111,prefix,96,49.875,80.25,192.0,155.78868966208668,155.78868966208668,12.302250417070628
single-blocker,23,111,prefix,128,66.5,107.0,256.0,190.72996257095252,190.72996257095252,13.495323328121838
single-blocker,23,111,prefix,160,83.125,133.75,320.0,220.8960453380291,220.8960453380291,14.156031991489236
single-blocker,23,111,prefix,192,99.75,160.5,384.0,249.50376711194903,249.50376711194903,14.834204815054221
single-blocker,23,111,prefix,224,116.375,187.25,448.0,273.6302005329733,273.6302005329733,15.155345904246865
single-blocker,23,111,prefix,256,133.0,214.0,512.0,297.31460056353853,297.31460056353853,15.552753413781312
single-blocker,23,111,prefix,288,149.625,240.75,576.0,321.68466502570163,321.68466502570163,16.042628830676737
single-blocker,23,111,prefix,320,166.25,267.5,640.0,342.2719673134231,342.2719673134231,16.304049954407123
single-blocker,23,111,prefix,352,182.875,294.25,704.0,361.86963666692776,361.86963666692776,16.54242133293181
single-blocker,23,111,prefix,384,199.5,321.0,768.0,381.3332471493257,381.3332471493257,16.79886509981895
single-blocker,23,111,prefix,416,216.125,347.75,832.0,400.8037628887838,400.8037628887838,17.068217371368007
single-blocker,23,111,prefix,448,232.75,374.5,896.0,420.32113052128994,420.32113052128994,17.34367648811178
single-blocker,23,111,prefix,480,249.375,401.25,960.0,437.0711894499698,437.0711894499698,17.515171087938015
single-blocker,23,111,prefix,512,266.0,428.0,1024.0,453.94577300236745,453.94577300236745,17.702927559737464
single-blocker,23,111,intersection,32,8.3125,22.0,64.0,63.96821681185914,63.96821681185914,10.25320337319003
single-blocker,23,111,intersection,64,8.3125,39.25,128.0,120.68345867134035,120.68345867134035,12.716100453728986
single-blocker,23,111,intersection,96,8.3125,56.5,192.0,168.29175461582048,168.29175461582048,14.005158282957279
single-blocker,23,111,intersection,128,8.3125,73.75,256.0,207.87672855263042,207.87672855263042,14.881618384127695
single-blocker,23,111,intersection,160,8.3125,91.0,320.0,242.51827423403716,242.51827423403716,15.555061554982673
single-blocker,23,111,intersection,192,8.3125,108.25,384.0,273.7642312025023,273.7642312025023,16.104797571484987
single-blocker,23,111,intersection,224,8.3125,125.5,448.0,302.4410095627727,302.4410095627727,16.5690346900077
single-blocker,23,111,intersection,256,8.3125,142.75,512.0,329.09269951080694,329.09269951080694,16.970861812295595
single-blocker,23,111,intersection,288,8.3125,160.0,576.0,354.0695920655597,354.0695920655597,17.324329704471015
single-blocker,23,111,intersection,320,8.3125,177.25,640.0,377.7195309267159,377.7195309267159,17.641866680467082
single-blocker,23,111,intersection,352,8.3125,194.5,704.0,400.0597418211661,400.0597418211661,17.925201590170342
single-blocker,23,111,intersection,384,8.3125,211.75,768.0,421.3846079723248,421.3846079723248,18.183759601913323
single-blocker,23,111,intersection,416,8.3125,229.0,832.0,441.68099744530974,441.68099744530974,18.41792640625564
single-blocker,23,111,intersection,448,8.3125,246.25,896.0,461.29121193927347,461.29121193927347,18.637168907195175
single-blocker,23,111,intersection,480,8.3125,263.5,960.0,480.3382363254686,480.3382363254686,18.844603737684444
single-blocker,23,111,intersection,512,8.3125,280.75,1024.0,498.6619517841813,498.6619517841813,19.036497361247246
single-blocker,23,111,completed,32,7.79296875,21.703125,64.0,63.96821681185914,63.96821681185914,10.354393849380504
single-blocker,23,111,completed,64,7.79296875,38.953125,128.0,120.81662176040322,120.81662176040322,12.732126094754628
single-blocker,23,111,completed,96,7.79296875,56.203125,192.0,168.35122932401313,168.35122932401313,14.008277712547304
single-blocker,23,111,completed,128,7.79296875,73.453125,256.0,207.8821676242051,207.8821676242051,14.881866400000716
single-blocker,23,111,completed,160,7.79296875,90.703125,320.0,242.5221380700227,242.5221380700227,15.55521978283078
single-blocker,23,111,completed,192,7.79296875,107.953125,384.0,273.76130704963583,273.76130704963583,16.10468792236219
single-blocker,23,111,completed,224,7.79296875,125.203125,448.0,302.44332096457117,302.44332096457117,16.56911512758815
single-blocker,23,111,completed,256,7.79296875,142.453125,512.0,329.08326732951264,329.08326732951264,16.970554119987916
single-blocker,23,111,completed,288,7.79296875,159.703125,576.0,354.05223371654546,354.05223371654546,17.323794737055398
single-blocker,23,111,completed,320,7.79296875,176.953125,640.0,377.7074355510069,377.7074355510069,17.64151262853947
single-blocker,23,111,completed,352,7.79296875,194.203125,704.0,400.03293755022844,400.03293755022844,17.924451622777624
single-blocker,23,111,completed,384,7.79296875,211.453125,768.0,421.3508402521147,421.3508402521147,18.18285300850674
single-blocker,23,111,completed,416,7.79296875,228.703125,832.0,441.6364045168801,441.6364045168801,18.41677227020892
single-blocker,23,111,completed,448,7.79296875,245.953125,896.0,461.2431173490536,461.2431173490536,18.635966837189887
single-blocker,23,111,completed,480,7.79296875,263.203125,960.0,480.29198338807424,480.29198338807424,18.84348608227713
single-blocker,23,111,completed,512,7.79296875,280.453125,1024.0,498.6146195355647,498.6146195355647,19.035388332818638
single-blocker,23,111,plugin,32,2.078125,18.4375,64.0,63.96821681185914,63.96821681185914,10.59486219745755
single-blocker,23,111,plugin,64,2.078125,35.6875,128.0,121.22759708485822,121.22759708485822,12.773646933117577
single-blocker,23,111,plugin,96,2.078125,52.9375,192.0,168.41905442106687,168.41905442106687,14.011830901939005
single-blocker,23,111,plugin,128,2.078125,70.1875,256.0,207.79503833067974,207.79503833067974,14.877890746250474
single-blocker,23,111,plugin,160,2.078125,87.4375,320.0,242.4602696555965,242.4602696555965,15.55268512817296
single-blocker,23,111,plugin,192,2.078125,104.6875,384.0,273.6910658236499,273.6910658236499,16.102052730195577
single-blocker,23,111,plugin,224,2.078125,121.9375,448.0,302.40632429122724,302.40632429122724,16.567827349251527
single-blocker,23,111,plugin,256,2.078125,139.1875,512.0,329.00774321080854,329.00774321080854,16.96808916735832
single-blocker,23,111,plugin,288,2.078125,156.4375,576.0,353.95112223816915,353.95112223816915,17.320676510135137
single-blocker,23,111,plugin,320,2.078125,173.6875,640.0,377.63211416619345,377.63211416619345,17.639306817759426
single-blocker,23,111,plugin,352,2.078125,190.9375,704.0,399.90222948526605,399.90222948526605,17.920791548038203
single-blocker,23,111,plugin,384,2.078125,208.1875,768.0,421.1950525486717,421.1950525486717,18.178666539926457
single-blocker,23,111,plugin,416,2.078125,225.4375,832.0,441.43944131941106,441.43944131941106,18.4116687121532
single-blocker,23,111,plugin,448,2.078125,242.6875,896.0,461.0340099813755,461.0340099813755,18.630734273802414
single-blocker,23,111,plugin,480,2.078125,259.9375,960.0,480.0919111528343,480.0919111528343,18.838646258829964
single-blocker,23,111,plugin,512,2.078125,277.1875,1024.0,498.41158062347887,498.41158062347887,19.030625860119347
single-blocker,23,111,safe,32,15.6875,0.0,32.0,31.968216811859147,31.968216811859147,4.02724519543652
single-blocker,23,111,safe,64,31.375,0.0,64.0,57.42435623340214,57.42435623340214,4.7282659037057675
single-blocker,23,111,safe,96,47.0625,0.0,96.0,76.78319682780861,76.78319682780861,5.136346480888775
single-blocker,23,111,safe,128,62.75,0.0,128.0,93.03345515740088,93.03345515740088,5.425334592589174
single-blocker,23,111,safe,160,78.4375,0.0,160.0,107.31238195727079,107.31238195727079,5.649261224939744
single-blocker,23,111,safe,192,94.125,0.0,192.0,120.1978375468853,120.1978375468853,5.832104609707439
single-blocker,23,111,safe,224,109.8125,0.0,224.0,132.0310352083931,132.0310352083931,5.986627913082163
single-blocker,23,111,safe,256,125.5,0.0,256.0,143.03333360981438,143.03333360981438,6.120438712817281
single-blocker,23,111,safe,288,141.1875,0.0,288.0,153.35798108855585,153.35798108855585,6.238439029233648
single-blocker,23,111,safe,320,156.875,0.0,320.0,163.1162631808352,163.1162631808352,6.343973346894013
single-blocker,23,111,safe,352,172.5625,0.0,352.0,172.39200998111025,172.39200998111025,6.43942571339101
single-blocker,23,111,safe,384,188.25,0.0,384.0,181.25023096678382,181.25023096678382,6.5265555690159704
single-blocker,23,111,safe,416,203.9375,0.0,416.0,189.74254455085054,189.74254455085054,6.6066985205464555
single-blocker,23,111,safe,448,219.625,0.0,448.0,197.91074640079475,197.91074640079475,6.680892410683006
single-blocker,23,111,safe,480,235.3125,0.0,480.0,205.78924141297622,205.78924141297622,6.7499597404471405
single-blocker,23,111,safe,512,251.0,0.0,512.0,213.40675252840046,213.40675252840046,6.81456340954972
single-blocker,23,111,known,32,0.0,17.25,64.0,63.96821681185914,63.96821681185914,10.659536515227838
single-blocker,23,111,known,64,0.0,34.5,128.0,121.36078985712047,121.36078985712047,12.782756294578808
single-blocker,23,111,known,96,0.0,51.75,192.0,168.29175461582057,168.29175461582057,14.005158282957282
single-blocker,23,111,known,128,0.0,69.0,256.0,207.6146279572974,207.6146279572974,14.869640705010477
single-blocker,23,111,known,160,0.0,86.25,320.0,242.33234783574656,242.33234783574656,15.547437025952984
single-blocker,23,111,known,192,0.0,103.5,384.0,273.5766708068219,273.5766708068219,16.09775567719636
single-blocker,23,111,known,224,0.0,120.75,448.0,302.32992248174236,302.32992248174236,16.565166057544406
single-blocker,23,111,known,256,0.0,138.0,512.0,328.91127752358915,328.91127752358915,16.96493751506613
single-blocker,23,111,known,288,0.0,155.25,576.0,353.8418860398381,353.8418860398381,17.317303743587626
single-blocker,23,111,known,320,0.0,172.5,640.0,377.5472510782242,377.5472510782242,17.636819450860898
single-blocker,23,111,known,352,0.0,189.75,704.0,399.77941387289223,399.77941387289223,17.917348018845313
single-blocker,23,111,known,384,0.0,207.0,768.0,421.05634026292404,421.05634026292404,18.17493354193731
single-blocker,23,111,known,416,0.0,224.25,832.0,441.2720690508128,441.2720690508128,18.407324389302563
single-blocker,23,111,known,448,0.0,241.5,896.0,460.8594956584313,460.8594956584313,18.626359652691782
single-blocker,23,111,known,480,0.0,258.75,960.0,479.925945088043,479.925945088043,18.834624950039203
single-blocker,23,111,known,512,0.0,276.0,1024.0,498.24481812452143,498.24481812452143,19.02670805089503
single-blocker,23,111,product,32,0.0,17.25,64.0,63.96821681185914,63.96821681185914,10.659536515227838
single-blocker,23,111,product,64,0.0,34.5,128.0,121.36078985712047,121.36078985712047,12.782756294578808
single-blocker,23,111,product,96,0.0,51.75,192.0,168.29175461582057,168.29175461582057,14.005158282957282
single-blocker,23,111,product,128,0.0,69.0,256.0,207.6146279572974,207.6146279572974,14.869640705010477
single-blocker,23,111,product,160,0.0,86.25,320.0,242.33234783574656,242.33234783574656,15.547437025952984
single-blocker,23,111,product,192,0.0,103.5,384.0,273.5766708068219,273.5766708068219,16.09775567719636
single-blocker,23,111,product,224,0.0,120.75,448.0,302.32992248174236,302.32992248174236,16.565166057544406
single-blocker,23,111,product,256,0.0,138.0,512.0,328.91127752358915,328.91127752358915,16.96493751506613
single-blocker,23,111,product,288,0.0,155.25,576.0,353.8418860398381,353.8418860398381,17.317303743587626
single-blocker,23,111,product,320,0.0,172.5,640.0,377.5472510782242,377.5472510782242,17.636819450860898
single-blocker,23,111,product,352,0.0,189.75,704.0,399.77941387289223,399.77941387289223,17.917348018845313
single-blocker,23,111,product,384,0.0,207.0,768.0,421.05634026292404,421.05634026292404,18.17493354193731
single-blocker,23,111,product,416,0.0,224.25,832.0,441.2720690508128,441.2720690508128,18.407324389302563
single-blocker,23,111,product,448,0.0,241.5,896.0,460.8594956584313,460.8594956584313,18.626359652691782
single-blocker,23,111,product,480,0.0,258.75,960.0,479.925945088043,479.925945088043,18.834624950039203
single-blocker,23,111,product,512,0.0,276.0,1024.0,498.24481812452143,498.24481812452143,19.02670805089503
outcome-lag-64,25,111,prefix,32,9.625,24.75,64.0,64.0,64.0,34.20611963659536
outcome-lag-64,25,111,prefix,64,19.25,49.5,128.0,128.0,128.0,71.18269340102827
outcome-lag-64,25,111,prefix,96,23.4609375,71.15625,191.63823157880822,190.5543579158846,190.45638640197672,102.4445334181715
outcome-lag-64,25,111,prefix,128,23.4609375,90.40625,245.0913964684547,245.42681610135205,243.35530188458327,122.56764047331865
outcome-lag-64,25,111,prefix,160,23.4609375,109.65625,290.9762497996539,294.38863872652075,289.2401552157825,138.07849725779653
outcome-lag-64,25,111,prefix,192,23.4609375,128.90625,334.20190928553023,341.46468686998287,331.6095102874068,152.78204782309703
outcome-lag-64,25,111,prefix,224,23.4609375,148.15625,369.2542647534366,381.89069611608727,366.55865009216456,164.7559070203963
outcome-lag-64,25,111,prefix,256,23.4609375,167.40625,401.51130937781636,418.45465585450535,398.8156947165444,174.31136559231612
outcome-lag-64,25,111,prefix,288,23.4609375,186.65625,430.3774201961137,452.55460786381053,427.6818055348417,183.43870587670207
outcome-lag-64,25,111,prefix,320,23.4609375,205.90625,456.7408245464696,483.7192949778372,454.0452098851976,191.23756134369316
outcome-lag-64,25,111,prefix,352,23.4609375,225.15625,481.5466888025735,512.4288816483919,478.8510741413015,197.6713272565126
outcome-lag-64,25,111,prefix,384,23.4609375,244.40625,504.90382520213086,539.2991315899902,502.2082105408589,203.3094908571404
outcome-lag-64,25,111,prefix,416,23.4609375,263.65625,527.000438592269,564.703059048395,524.3048239309971,208.40298161432747
outcome-lag-64,25,111,prefix,448,23.4609375,282.90625,548.1096486932502,589.3142585753302,545.4140340319783,213.49531146258582
outcome-lag-64,25,111,prefix,480,23.4609375,302.15625,568.4675049589658,613.0712429851469,565.771890297694,218.3354600140308
outcome-lag-64,25,111,prefix,512,23.4609375,321.40625,588.1231447153443,636.0773007379698,585.4275300540725,223.0134413373386
outcome-lag-64,25,111,intersection,32,9.625,24.75,64.0,64.0,64.0,34.20611963659536
outcome-lag-64,25,111,intersection,64,12.03125,45.375,128.0,128.0,128.0,69.56990971784425
outcome-lag-64,25,111,intersection,96,12.03125,64.625,191.63823157880822,190.5543579158846,190.45638640197672,100.0112899344474
outcome-lag-64,25,111,intersection,128,12.03125,83.875,245.58041396157736,245.6086929723261,243.84431937770594,119.52294544280618
outcome-lag-64,25,111,intersection,160,12.03125,103.125,292.33301200887604,294.45507059690607,289.64664362737875,133.73032084276736
outcome-lag-64,25,111,intersection,192,12.03125,122.375,333.36703050413354,339.4146148058412,329.8296618287236,147.3827800015695
outcome-lag-64,25,111,intersection,224,12.03125,141.625,367.3318193258637,379.3817931191111,363.7900045947393,159.13023741943258
outcome-lag-64,25,111,intersection,256,12.03125,160.875,398.44529316103393,415.1260552941362,394.9034784299095,168.4251155172277
outcome-lag-64,25,111,intersection,288,12.03125,180.125,426.7218239938646,448.71278928033246,423.18000926274016,177.32830906163858
outcome-lag-64,25,111,intersection,320,12.03125,199.375,452.9196960623361,479.73886696147963,449.37788133121165,185.0393318621983
outcome-lag-64,25,111,intersection,352,12.03125,218.625,477.54019029454287,508.30888287466524,473.99837556341845,191.44099034993167
outcome-lag-64,25,111,intersection,384,12.03125,237.875,500.8014598406819,535.105790307643,497.2596451095575,197.05856637266703
outcome-lag-64,25,111,intersection,416,12.03125,257.125,522.9055100088207,560.5252584498685,519.3636952776964,202.1564014507668
outcome-lag-64,25,111,intersection,448,12.03125,276.375,544.0552630921854,585.2181040100762,540.5134483610611,207.2984316286643
outcome-lag-64,25,111,intersection,480,12.03125,295.625,564.3398379097256,608.9385037683414,560.7980231786013,212.1620793795509
outcome-lag-64,25,111,intersection,512,12.03125,314.875,583.8359254228669,631.7934361064328,580.2941106917426,216.8156275889346
outcome-lag-64,25,111,completed,32,5.11328125,22.171875,64.0,64.0,64.0,31.070137346827487
outcome-lag-64,25,111,completed,64,11.189453125,31.1953125,111.0,111.0,111.0,53.297557007288994
outcome-lag-64,25,111,completed,96,19.052734375,37.2109375,152.73620309271607,151.55435791588462,151.55435791588462,68.77565281541747
outcome-lag-64,25,111,completed,128,19.052734375,56.4609375,208.69244311712214,207.2692916685951,206.95634853325075,84.10312203096782
outcome-lag-64,25,111,completed,160,19.052734375,75.7109375,258.63211627009736,259.3793179163746,256.7123166670245,99.57860939086092
outcome-lag-64,25,111,completed,192,19.052734375,94.9609375,303.4280983309149,307.6283454194749,300.13161897327666,114.59829058742382
outcome-lag-64,25,111,completed,224,19.052734375,114.2109375,340.4843427018508,350.7646692131106,337.14981617741853,127.68525900853908
outcome-lag-64,25,111,completed,256,19.052734375,133.4609375,373.4950974594511,388.5177971159448,370.1605709350188,137.84425557580914
outcome-lag-64,25,111,completed,288,19.052734375,152.7109375,403.3046875183933,423.85001227639003,399.97016099396103,147.46365283651343
outcome-lag-64,25,111,completed,320,19.052734375,171.9609375,430.9203158759327,456.5035079062279,427.58578935150047,155.7910093611003
outcome-lag-64,25,111,completed,352,19.052734375,191.2109375,456.64685410757687,486.3565878779392,453.3123275831446,162.67658798550625
outcome-lag-64,25,111,completed,384,19.052734375,210.4609375,480.8701165005676,514.2557801619317,477.5355899761353,168.67560155692928
outcome-lag-64,25,111,completed,416,19.052734375,229.7109375,503.85933856911464,540.6887566682333,500.5248120446824,174.11036250142504
outcome-lag-64,25,111,completed,448,19.052734375,248.9609375,525.8030763534767,566.3614298008251,522.4685498290446,179.6191040336638
outcome-lag-64,25,111,completed,480,19.052734375,268.2109375,546.6904623318188,590.8527362316411,543.3559358073867,184.7798971784673
outcome-lag-64,25,111,completed,512,19.052734375,287.4609375,566.6398525471831,614.2839601706314,563.3053260227509,189.64604559470456
outcome-lag-64,25,111,plugin,32,5.212890625,10.4765625,48.0,48.0,48.0,17.45760430453439
outcome-lag-64,25,111,plugin,64,8.400390625,19.4765625,97.0,97.0,97.0,36.21526526228003
outcome-lag-64,25,111,plugin,96,10.439453125,31.7578125,145.73620309271607,144.55435791588462,144.55435791588462,55.12577968923727
outcome-lag-64,25,111,plugin,128,13.626953125,40.7578125,187.15905244427256,185.27308369435804,185.19450632874504,67.49518030312659
outcome-lag-64,25,111,plugin,160,13.943359375,57.9609375,234.10805510153378,233.07247399061956,231.22716176173014,80.34612039179913
outcome-lag-64,25,111,plugin,192,14.068359375,75.7109375,275.43753538553835,278.1976641780157,272.32637596296024,95.153444433216
outcome-lag-64,25,111,plugin,224,14.193359375,93.4609375,315.5221468219075,322.7161549443558,312.4109873993294,111.29607440954175
outcome-lag-64,25,111,plugin,256,14.318359375,111.2109375,348.88708536207076,359.54081364753176,345.77592593949265,122.38791798337051
outcome-lag-64,25,111,plugin,288,14.443359375,128.9609375,379.6761785360793,395.54473874491043,376.5650191135012,132.40360828254276
outcome-lag-64,25,111,plugin,320,14.560546875,146.8046875,408.6133737462883,429.3599527472413,405.5022143237102,141.1897907102609
outcome-lag-64,25,111,plugin,352,14.560546875,166.0546875,435.9485080389211,460.96217750160696,432.837348616343,148.7499971192953
outcome-lag-64,25,111,plugin,384,14.560546875,185.3046875,461.59063372487736,490.4200881353168,458.47947430229925,155.33382860384705
outcome-lag-64,25,111,plugin,416,14.560546875,204.5546875,485.9371778190348,518.3427558577946,482.8260183964567,161.31093103996002
outcome-lag-64,25,111,plugin,448,14.560546875,223.8046875,509.0767360306305,545.4839841470135,505.9655766080524,167.43837425479092
outcome-lag-64,25,111,plugin,480,14.560546875,243.0546875,530.7015301881585,570.9683879806269,527.5903707655802,173.0591070298761
outcome-lag-64,25,111,plugin,512,14.560546875,262.3046875,551.0561471406843,594.9704962771186,547.9449877181061,178.19260673291134
outcome-lag-64,25,111,safe,32,11.4375,0.0,32.0,32.0,32.0,13.89360719053727
outcome-lag-64,25,111,safe,64,22.875,0.0,64.0,64.0,64.0,27.766190032533764
outcome-lag-64,25,111,safe,96,34.3125,0.0,95.73620309271611,94.55435791588464,94.55435791588464,40.137688515065875
outcome-lag-64,25,111,safe,128,45.75,0.0,120.20803820122661,118.550520982968,118.47194361735502,48.17258136425735
outcome-lag-64,25,111,safe,160,57.1875,0.0,138.96850673060783,139.07772437562596,137.2324121467362,54.64478458939601
outcome-lag-64,25,111,safe,192,68.625,0.0,154.8579246487823,158.85107552975126,153.12183006491068,61.71552353867442
outcome-lag-64,25,111,safe,224,80.0625,0.0,168.8864956415258,176.49822808641758,167.1504010576542,67.68400173720768
outcome-lag-64,25,111,safe,256,91.5,0.0,181.57399384544763,191.7326717009324,179.837899261576,72.04995775003631
outcome-lag-64,25,111,safe,288,102.9375,0.0,193.207432774591,205.9617127941306,191.4713381907194,76.07235168090956
outcome-lag-64,25,111,safe,320,114.375,0.0,204.06276805246367,219.08960050178896,202.32667346859205,79.54749161394898
outcome-lag-64,25,111,safe,352,125.8125,0.0,214.25537952570397,231.14308730711912,212.51928494183235,82.4206839855011
outcome-lag-64,25,111,safe,384,137.25,0.0,223.89237971419988,242.45356369249143,222.15628513032826,84.96006924082472
outcome-lag-64,25,111,safe,416,148.6875,0.0,233.05749298201417,253.12182977204102,231.32139839814255,87.21616468783809
outcome-lag-64,25,111,safe,448,160.125,0.0,241.81732132687645,263.323921230012,240.08122674300483,89.32424818600117
outcome-lag-64,25,111,safe,480,171.5625,0.0,250.21864767184186,273.17693281576703,248.48255308797025,91.3678320893388
outcome-lag-64,25,111,safe,512,183.0,0.0,258.29479916404097,282.81932162663713,256.55870458016915,93.4573134538873
outcome-lag-64,25,111,known,32,0.0,19.25,64.0,64.0,64.0,28.807978929909005
outcome-lag-64,25,111,known,64,0.0,38.5,128.0,128.0,128.0,58.2680733121046
outcome-lag-64,25,111,known,96,0.0,57.75,191.73620309271607,190.5543579158846,190.5543579158846,87.32497417866448
outcome-lag-64,25,111,known,128,0.0,77.0,247.67495332842543,245.74536286573294,245.6350666964333,105.9255282202596
outcome-lag-64,25,111,known,160,0.0,96.25,292.89262953570216,293.4901685251912,290.59849102174286,119.76873881864135
outcome-lag-64,25,111,known,192,0.0,115.5,331.24955859716187,337.0192809298091,328.9438830859295,132.80057483243834
outcome-lag-64,25,111,known,224,0.0,134.75,364.95780246509923,377.1331616991623,362.65212695386685,144.6140891928651
outcome-lag-64,25,111,known,256,0.0,154.0,395.3246646483878,412.37177544363266,393.0189891371554,153.81371077712183
outcome-lag-64,25,111,known,288,0.0,173.25,423.25959641909475,445.6828621084495,420.95392090786237,162.60903127740758
outcome-lag-64,25,111,known,320,0.0,192.5,449.50100023650026,476.7881954911681,447.1953247252679,170.32595656442913
outcome-lag-64,25,111,known,352,0.0,211.75,474.0754914743011,505.3705244603947,471.7698159630687,176.76498721883559
outcome-lag-64,25,111,known,384,0.0,231.0,497.35395902378224,532.2170173899794,495.04828351254986,182.41275628745754
outcome-lag-64,25,111,known,416,0.0,250.25,519.569200755169,557.765384651818,517.2635252439366,187.55867104490892
outcome-lag-64,25,111,known,448,0.0,269.5,540.849872217655,582.6510378788054,538.5441967064226,192.79971096915153
outcome-lag-64,25,111,known,480,0.0,288.75,561.1129870693622,606.4052266195579,558.8073115581298,197.7231815687847
outcome-lag-64,25,111,known,512,0.0,308.0,580.4719068358655,629.1419198518502,578.166231324633,202.37224964499717
outcome-lag-64,25,111,product,32,9.625,24.75,64.0,64.0,64.0,34.20611963659536
outcome-lag-64,25,111,product,64,19.25,49.5,128.0,128.0,128.0,71.18269340102827
outcome-lag-64,25,111,product,96,28.875,74.25,191.63823157880822,190.5543579158846,190.45638640197672,103.79152182314418
outcome-lag-64,25,111,product,128,38.5,99.0,241.70706295014128,244.31652952900654,239.9709683662697,125.48996463863449
outcome-lag-64,25,111,product,160,48.125,123.75,280.4756839070594,289.10688288816175,278.73958932318783,141.3810149571715
outcome-lag-64,25,111,product,192,57.75,148.5,313.68553467900887,330.7697651755719,311.9494400951373,156.58748914233618
outcome-lag-64,25,111,product,224,67.375,173.25,342.66917510897144,368.7258988836489,340.93308052509985,170.35328287979112
outcome-lag-64,25,111,product,256,77.0,198.0,370.1726015166913,403.59017439056635,368.4365069328197,181.46961507271772
outcome-lag-64,25,111,product,288,86.625,222.75,395.0307440466471,435.352920693192,393.2946494627755,191.5240932474515
outcome-lag-64,25,111,product,320,96.25,247.5,418.3396189856922,464.69022213391656,416.6035244018206,200.32109719527145
outcome-lag-64,25,111,product,352,105.875,272.25,439.7078448920812,491.52029378018864,437.9717503082096,207.87705816129488
outcome-lag-64,25,111,product,384,115.5,297.0,459.97875345582054,516.7443162229495,458.24265887194895,214.59808092107434
outcome-lag-64,25,111,product,416,125.125,321.75,479.2895213451353,540.1778055117786,477.5534267612637,220.30254360694164
outcome-lag-64,25,111,product,448,134.75,346.5,497.76786592038525,562.3942629925066,496.03177133651366,225.4761442683975
outcome-lag-64,25,111,product,480,144.375,371.25,516.9920014965368,585.4095344817143,515.2559069126652,230.63399713046022
outcome-lag-64,25,111,product,512,154.0,396.0,534.8537673180728,607.3690911024847,533.1176727342012,236.0017801048899
single-blocker,25,111,prefix,32,9.625,24.75,64.0,63.96821681185914,63.96821681185914,8.988898993023577
single-blocker,25,111,prefix,64,19.25,49.5,128.0,116.10382972641378,116.10382972641378,11.224802983324173
single-blocker,25,111,prefix,96,28.875,74.25,192.0,156.22383562847133,156.22383562847133,12.491139305959518
single-blocker,25,111,prefix,128,38.5,99.0,256.0,189.70782086518327,189.70782086518327,13.244202879942568
single-blocker,25,111,prefix,160,48.125,123.75,320.0,219.20284249885583,219.20284249885583,13.839921472997055
single-blocker,25,111,prefix,192,57.75,148.5,384.0,246.49498568633032,246.49498568633032,14.439545447115146
single-blocker,25,111,prefix,224,67.375,173.25,448.0,271.0975349528721,271.0975349528721,14.851754743034874
single-blocker,25,111,prefix,256,77.0,198.0,512.0,295.3443958302067,295.3443958302067,15.364658320364507
single-blocker,25,111,prefix,288,86.625,222.75,576.0,317.630613934494,317.630613934494,15.737846391997916
single-blocker,25,111,prefix,320,96.25,247.5,640.0,338.80772410319486,338.80772410319486,16.0695120089705
single-blocker,25,111,prefix,352,105.875,272.25,704.0,358.3307124679391,358.3307124679391,16.31838969346624
single-blocker,25,111,prefix,384,115.5,297.0,768.0,377.0099813818818,377.0099813818818,16.547290503374988
single-blocker,25,111,prefix,416,125.125,321.75,832.0,394.9509907320745,394.9509907320745,16.7592732506059
single-blocker,25,111,prefix,448,134.75,346.5,896.0,412.23892530685896,412.23892530685896,16.956731958499162
single-blocker,25,111,prefix,480,144.375,371.25,960.0,430.44708860146744,430.44708860146744,17.222331698426547
single-blocker,25,111,prefix,512,154.0,396.0,1024.0,447.4027700258027,447.4027700258027,17.429316399498138
single-blocker,25,111,intersection,32,5.11328125,22.171875,64.0,63.96821681185914,63.96821681185914,10.501572154167503
single-blocker,25,111,intersection,64,5.11328125,41.421875,128.0,121.22759708485826,121.22759708485826,12.773646933117572
single-blocker,25,111,intersection,96,5.11328125,60.671875,192.0,167.88066702102373,167.88066702102373,13.983501731751245
single-blocker,25,111,intersection,128,5.11328125,79.921875,256.0,207.68581280883924,207.68581280883924,14.872898850373893
single-blocker,25,111,intersection,160,5.11328125,99.171875,320.0,242.48734944291155,242.48734944291155,15.553794830138724
single-blocker,25,111,intersection,192,5.11328125,118.421875,384.0,273.7379064467586,273.7379064467586,16.103810296300978
single-blocker,25,111,intersection,224,5.11328125,137.671875,448.0,302.4340746455156,302.4340746455156,16.568793338438915
single-blocker,25,111,intersection,256,5.11328125,156.921875,512.0,328.9793910497656,328.9793910497656,16.967163241432402
single-blocker,25,111,intersection,288,5.11328125,176.171875,576.0,353.88149146422194,353.88149146422194,17.318527074963647
single-blocker,25,111,intersection,320,5.11328125,195.421875,640.0,377.54725107822424,377.54725107822424,17.63681945086091
single-blocker,25,111,intersection,352,5.11328125,214.671875,704.0,399.972289457344,399.972289457344,17.92275396817345
single-blocker,25,111,intersection,384,5.11328125,233.921875,768.0,421.41631147275257,421.41631147275257,18.18461050222073
single-blocker,25,111,intersection,416,5.11328125,253.171875,832.0,442.0257175223509,442.0257175223509,18.42683191438242
single-blocker,25,111,intersection,448,5.11328125,272.421875,896.0,461.8566283424169,461.8566283424169,18.65126133517988
single-blocker,25,111,intersection,480,5.11328125,291.671875,960.0,480.897285219582,480.897285219582,18.858076520003866
single-blocker,25,111,intersection,512,5.11328125,310.921875,1024.0,499.2095194326784,499.2095194326784,19.04929458165358
single-blocker,25,111,completed,32,5.11328125,22.171875,64.0,63.96821681185914,63.96821681185914,10.501572154167503
single-blocker,25,111,completed,64,5.11328125,41.421875,128.0,121.22759708485826,121.22759708485826,12.773646933117572
single-blocker,25,111,completed,96,5.11328125,60.671875,192.0,167.88066702102373,167.88066702102373,13.983501731751245
single-blocker,25,111,completed,128,5.11328125,79.921875,256.0,207.68581280883924,207.68581280883924,14.872898850373893
single-blocker,25,111,completed,160,5.11328125,99.171875,320.0,242.48734944291155,242.48734944291155,15.553794830138724
single-blocker,25,111,completed,192,5.11328125,118.421875,384.0,273.7379064467586,273.7379064467586,16.103810296300978
single-blocker,25,111,completed,224,5.11328125,137.671875,448.0,302.4340746455156,302.4340746455156,16.568793338438915
single-blocker,25,111,completed,256,5.11328125,156.921875,512.0,328.9793910497656,328.9793910497656,16.967163241432402
single-blocker,25,111,completed,288,5.11328125,176.171875,576.0,353.88149146422194,353.88149146422194,17.318527074963647
single-blocker,25,111,completed,320,5.11328125,195.421875,640.0,377.54725107822424,377.54725107822424,17.63681945086091
single-blocker,25,111,completed,352,5.11328125,214.671875,704.0,399.972289457344,399.972289457344,17.92275396817345
single-blocker,25,111,completed,384,5.11328125,233.921875,768.0,421.41631147275257,421.41631147275257,18.18461050222073
single-blocker,25,111,completed,416,5.11328125,253.171875,832.0,442.0257175223509,442.0257175223509,18.42683191438242
single-blocker,25,111,completed,448,5.11328125,272.421875,896.0,461.8566283424169,461.8566283424169,18.65126133517988
single-blocker,25,111,completed,480,5.11328125,291.671875,960.0,480.897285219582,480.897285219582,18.858076520003866
single-blocker,25,111,completed,512,5.11328125,310.921875,1024.0,499.2095194326784,499.2095194326784,19.04929458165358
single-blocker,25,111,plugin,32,4.2109375,21.65625,64.0,63.96821681185914,63.96821681185914,10.501572154167503
single-blocker,25,111,plugin,64,4.2109375,40.90625,128.0,121.22759708485826,121.22759708485826,12.773646933117572
single-blocker,25,111,plugin,96,4.2109375,60.15625,192.0,167.88066702102373,167.88066702102373,13.983501731751245
single-blocker,25,111,plugin,128,4.2109375,79.40625,256.0,207.68581280883924,207.68581280883924,14.872898850373893
single-blocker,25,111,plugin,160,4.2109375,98.65625,320.0,242.48734944291155,242.48734944291155,15.553794830138724
single-blocker,25,111,plugin,192,4.2109375,117.90625,384.0,273.7379064467586,273.7379064467586,16.103810296300978
single-blocker,25,111,plugin,224,4.2109375,137.15625,448.0,302.4340746455156,302.4340746455156,16.568793338438915
single-blocker,25,111,plugin,256,4.2109375,156.40625,512.0,328.9793910497656,328.9793910497656,16.967163241432402
single-blocker,25,111,plugin,288,4.2109375,175.65625,576.0,353.88149146422194,353.88149146422194,17.318527074963647
single-blocker,25,111,plugin,320,4.2109375,194.90625,640.0,377.54725107822424,377.54725107822424,17.63681945086091
single-blocker,25,111,plugin,352,4.2109375,214.15625,704.0,399.972289457344,399.972289457344,17.92275396817345
single-blocker,25,111,plugin,384,4.2109375,233.40625,768.0,421.41631147275257,421.41631147275257,18.18461050222073
single-blocker,25,111,plugin,416,4.2109375,252.65625,832.0,442.0257175223509,442.0257175223509,18.42683191438242
single-blocker,25,111,plugin,448,4.2109375,271.90625,896.0,461.8566283424169,461.8566283424169,18.65126133517988
single-blocker,25,111,plugin,480,4.2109375,291.15625,960.0,480.897285219582,480.897285219582,18.858076520003866
single-blocker,25,111,plugin,512,4.2109375,310.40625,1024.0,499.2095194326784,499.2095194326784,19.04929458165358
single-blocker,25,111,safe,32,11.4375,0.0,32.0,31.968216811859147,31.968216811859147,4.02724519543652
single-blocker,25,111,safe,64,22.875,0.0,64.0,57.42435623340214,57.42435623340214,4.7282659037057675
single-blocker,25,111,safe,96,34.3125,0.0,96.0,76.78319682780861,76.78319682780861,5.136346480888775
single-blocker,25,111,safe,128,45.75,0.0,128.0,93.03345515740088,93.03345515740088,5.425334592589174
single-blocker,25,111,safe,160,57.1875,0.0,160.0,107.31238195727079,107.31238195727079,5.649261224939744
single-blocker,25,111,safe,192,68.625,0.0,192.0,120.1978375468853,120.1978375468853,5.832104609707439
single-blocker,25,111,safe,224,80.0625,0.0,224.0,132.0310352083931,132.0310352083931,5.986627913082163
single-blocker,25,111,safe,256,91.5,0.0,256.0,143.03333360981438,143.03333360981438,6.120438712817281
single-blocker,25,111,safe,288,102.9375,0.0,288.0,153.35798108855585,153.35798108855585,6.238439029233648
single-blocker,25,111,safe,320,114.375,0.0,320.0,163.1162631808352,163.1162631808352,6.343973346894013
single-blocker,25,111,safe,352,125.8125,0.0,352.0,172.39200998111025,172.39200998111025,6.43942571339101
single-blocker,25,111,safe,384,137.25,0.0,384.0,181.25023096678382,181.25023096678382,6.5265555690159704
single-blocker,25,111,safe,416,148.6875,0.0,416.0,189.74254455085054,189.74254455085054,6.6066985205464555
single-blocker,25,111,safe,448,160.125,0.0,448.0,197.91074640079475,197.91074640079475,6.680892410683006
single-blocker,25,111,safe,480,171.5625,0.0,480.0,205.78924141297622,205.78924141297622,6.7499597404471405
single-blocker,25,111,safe,512,183.0,0.0,512.0,213.40675252840046,213.40675252840046,6.81456340954972
single-blocker,25,111,known,32,0.0,19.25,64.0,63.96821681185914,63.96821681185914,10.663703181894506
single-blocker,25,111,known,64,0.0,38.5,128.0,121.22759708485826,121.22759708485826,12.773646933117568
single-blocker,25,111,known,96,0.0,57.75,192.0,168.39363820724174,168.39363820724174,14.010499934769523
single-blocker,25,111,known,128,0.0,77.0,256.0,207.88216762420518,207.88216762420518,14.881866400000712
single-blocker,25,111,known,160,0.0,96.25,320.0,242.48734944291155,242.48734944291155,15.553794830138717
single-blocker,25,111,known,192,0.0,115.5,384.0,273.5267078125318,273.5267078125318,16.095876808938186
single-blocker,25,111,known,224,0.0,134.75,448.0,302.29515144679357,302.29515144679357,16.56395403427356
single-blocker,25,111,known,256,0.0,154.0,512.0,328.72916748473955,328.72916748473955,16.9589779120058
single-blocker,25,111,known,288,0.0,173.25,576.0,353.595641240467,353.595641240467,17.30968550320225
single-blocker,25,111,known,320,0.0,192.5,640.0,377.3040422391393,377.3040422391393,17.62967840617744
single-blocker,25,111,known,352,0.0,211.75,704.0,399.73372811534546,399.73372811534546,17.916065967563252
single-blocker,25,111,known,384,0.0,231.0,768.0,421.19505254867175,421.19505254867175,18.178666539926457
single-blocker,25,111,known,416,0.0,250.25,832.0,441.8408994375158,441.8408994375158,18.422060924383313
single-blocker,25,111,known,448,0.0,269.5,896.0,461.7110927644619,461.7110927644619,18.647640948584726
single-blocker,25,111,known,480,0.0,288.75,960.0,480.7486714459198,480.7486714459198,18.854501488922978
single-blocker,25,111,known,512,0.0,308.0,1024.0,499.02682664640486,499.02682664640486,19.04503153332854
single-blocker,25,111,product,32,9.625,24.75,64.0,63.96821681185914,63.96821681185914,8.988898993023577
single-blocker,25,111,product,64,19.25,49.5,128.0,116.10382972641378,116.10382972641378,11.224802983324173
single-blocker,25,111,product,96,28.875,74.25,192.0,156.22383562847133,156.22383562847133,12.491139305959518
single-blocker,25,111,product,128,38.5,99.0,256.0,189.70782086518327,189.70782086518327,13.244202879942568
single-blocker,25,111,product,160,48.125,123.75,320.0,219.20284249885583,219.20284249885583,13.839921472997055
single-blocker,25,111,product,192,57.75,148.5,384.0,246.49498568633032,246.49498568633032,14.439545447115146
single-blocker,25,111,product,224,67.375,173.25,448.0,271.0975349528721,271.0975349528721,14.851754743034874
single-blocker,25,111,product,256,77.0,198.0,512.0,295.3443958302067,295.3443958302067,15.364658320364507
single-blocker,25,111,product,288,86.625,222.75,576.0,317.630613934494,317.630613934494,15.737846391997916
single-blocker,25,111,product,320,96.25,247.5,640.0,338.80772410319486,338.80772410319486,16.0695120089705
single-blocker,25,111,product,352,105.875,272.25,704.0,358.3307124679391,358.3307124679391,16.31838969346624
single-blocker,25,111,product,384,115.5,297.0,768.0,377.0099813818818,377.0099813818818,16.547290503374988
single-blocker,25,111,product,416,125.125,321.75,832.0,394.9509907320745,394.9509907320745,16.7592732506059
single-blocker,25,111,product,448,134.75,346.5,896.0,412.23892530685896,412.23892530685896,16.956731958499162
single-blocker,25,111,product,480,144.375,371.25,960.0,430.44708860146744,430.44708860146744,17.222331698426547
single-blocker,25,111,product,512,154.0,396.0,1024.0,447.4027700258027,447.4027700258027,17.429316399498138
