scenario,truth,seed,algorithm,episode,pseudo_regret,expected_waste,prefix_exposure,completion_exposure,intersection_exposure,unresolved_mass_exposure
outcome-lag-64,1,222,prefix,32,0.1875,24.75,64.0,64.0,64.0,34.24383860627979
outcome-lag-64,1,222,prefix,64,0.375,49.5,128.0,128.0,128.0,62.142965616125664
outcome-lag-64,1,222,prefix,96,0.5625,74.25,191.8291467785788,189.13424262195858,189.13424262195858,82.1783189798107
outcome-lag-64,1,222,prefix,128,0.75,99.0,246.57231171473606,242.02561785032196,241.45856687135495,96.88023002325346
outcome-lag-64,1,222,prefix,160,0.9375,123.75,291.4939265011454,287.9786862932268,284.81319107418136,108.92000147083462
outcome-lag-64,1,222,prefix,192,1.125,148.5,329.6463024799299,328.72891754803913,321.94791739311756,118.92000603461747
outcome-lag-64,1,222,prefix,224,1.3125,173.25,362.91595903173913,364.68206832250905,354.75959205976613,126.9336225232201
outcome-lag-64,1,222,prefix,256,1.34765625,196.578125,391.2719005739403,395.87359551032813,383.1050080012256,133.39187393464132
outcome-lag-64,1,222,prefix,288,1.423828125,220.2890625,419.19865620362384,426.81860050413025,411.03176363090915,139.68332319537018
outcome-lag-64,1,222,prefix,320,1.423828125,243.2890625,445.03071771974726,456.7776277282543,436.86382514703257,146.72292781955636
outcome-lag-64,1,222,prefix,352,1.423828125,266.2890625,468.4454922895472,483.92851962321475,460.2785997168325,152.66190215439968
outcome-lag-64,1,222,prefix,384,1.423828125,289.2890625,490.42007282717174,508.55667460281416,482.25318025445705,157.16619105676384
outcome-lag-64,1,222,prefix,416,1.423828125,312.2890625,510.22278262853,530.17665727641,502.0558900558153,160.55438855850417
outcome-lag-64,1,222,prefix,448,1.423828125,335.2890625,529.9935414459221,551.636853795883,521.8266488732074,163.6103299003615
outcome-lag-64,1,222,prefix,480,1.423828125,358.2890625,549.9308822178926,573.536931087863,541.763989645178,166.8394453211661
outcome-lag-64,1,222,prefix,512,1.423828125,381.2890625,569.0138002628307,594.3246246745869,560.846907690116,169.75343759176744
outcome-lag-64,1,222,intersection,32,0.1875,24.75,64.0,64.0,64.0,34.24383860627979
outcome-lag-64,1,222,intersection,64,0.375,49.5,128.0,128.0,128.0,62.142965616125664
outcome-lag-64,1,222,intersection,96,0.5625,74.25,191.8291467785788,189.13424262195858,189.13424262195858,82.1783189798107
outcome-lag-64,1,222,intersection,128,0.75,99.0,246.57231171473606,242.02561785032196,241.45856687135495,96.88023002325346
outcome-lag-64,1,222,intersection,160,0.9375,123.75,291.4939265011454,287.9786862932268,284.81319107418136,108.92000147083462
outcome-lag-64,1,222,intersection,192,1.125,148.5,329.6463024799299,328.72891754803913,321.94791739311756,118.92000603461747
outcome-lag-64,1,222,intersection,224,1.2421875,172.59375,362.91595903173913,364.68206832250905,354.75959205976613,126.9336225232201
outcome-lag-64,1,222,intersection,256,1.259765625,195.7578125,391.2719005739403,395.87359551032813,383.1050080012256,133.39187393464132
outcome-lag-64,1,222,intersection,288,1.259765625,218.7578125,419.19865620362384,426.81860050413025,411.03176363090915,139.68332319537018
outcome-lag-64,1,222,intersection,320,1.259765625,241.7578125,445.03071771974726,456.7776277282543,436.86382514703257,146.72292781955636
outcome-lag-64,1,222,intersection,352,1.259765625,264.7578125,468.4454922895472,483.92851962321475,460.2785997168325,152.66190215439968
outcome-lag-64,1,222,intersection,384,1.259765625,287.7578125,490.42007282717174,508.55667460281416,482.25318025445705,157.16619105676384
outcome-lag-64,1,222,intersection,416,1.259765625,310.7578125,510.22278262853,530.17665727641,502.0558900558153,160.55438855850417
outcome-lag-64,1,222,intersection,448,1.259765625,333.7578125,529.9935414459221,551.636853795883,521.8266488732074,163.6103299003615
outcome-lag-64,1,222,intersection,480,1.259765625,356.7578125,549.9308822178926,573.536931087863,541.763989645178,166.8394453211661
outcome-lag-64,1,222,intersection,512,1.259765625,379.7578125,569.0138002628307,594.3246246745869,560.846907690116,169.75343759176744
outcome-lag-64,1,222,completed,32,0.1875,24.75,64.0,64.0,64.0,34.24383860627979
outcome-lag-64,1,222,completed,64,1.517578125,39.4453125,115.0,115.0,115.0,57.16576623913831
outcome-lag-64,1,222,completed,96,2.05078125,61.046875,174.8291467785788,172.38856374567112,172.38856374567112,76.66980060379619
outcome-lag-64,1,222,completed,128,2.23828125,85.796875,230.31561661250265,226.92532981636097,226.35827883739395,91.54276609176148
outcome-lag-64,1,222,completed,160,2.42578125,110.546875,277.47658512836733,274.7868797360033,271.67207581004646,104.23774768539732
outcome-lag-64,1,222,completed,192,2.61328125,135.296875,317.4627037115285,316.88089678975246,310.2800749240869,114.6475938100328
outcome-lag-64,1,222,completed,224,2.666015625,158.7890625,350.19812421801964,352.0496306594681,342.38092546793524,122.58262007511395
outcome-lag-64,1,222,completed,256,2.666015625,181.7890625,379.32187672425346,383.8098041719387,371.4503098609749,128.99356042703596
outcome-lag-64,1,222,completed,288,2.666015625,204.7890625,407.94666057204586,415.37772662852433,400.070330213733,135.38271951616997
outcome-lag-64,1,222,completed,320,2.666015625,227.7890625,434.3785447473976,445.9589207119097,426.5022143890847,142.6260782758244
outcome-lag-64,1,222,completed,352,2.666015625,250.7890625,458.3265648715549,473.6758478241781,450.45023451324204,148.7277024653968
outcome-lag-64,1,222,completed,384,2.666015625,273.7890625,480.72550063187475,498.745581692002,472.84917027356187,153.34752221132845
outcome-lag-64,1,222,completed,416,2.666015625,296.7890625,500.8958423927531,520.730053977072,493.0195120344402,156.81541862021965
outcome-lag-64,1,222,completed,448,2.666015625,319.7890625,520.9710030441152,542.50337211552,513.0946726858023,159.93735673205404
outcome-lag-64,1,222,completed,480,2.666015625,342.7890625,541.2127379675138,564.7242452662734,533.3364076092009,163.23573967852326
outcome-lag-64,1,222,completed,512,2.666015625,365.7890625,560.5563225927423,585.7733378960475,552.6799922344294,166.19626337383187
outcome-lag-64,1,222,plugin,32,1.673828125,10.1328125,45.0,45.0,45.0,25.077319341231114
outcome-lag-64,1,222,plugin,64,2.548828125,22.6328125,95.0,95.0,95.0,46.33532626189724
outcome-lag-64,1,222,plugin,96,3.095703125,39.0703125,147.8291467785788,145.38856374567112,145.38856374567112,62.386031996818396
outcome-lag-64,1,222,plugin,128,3.970703125,51.5703125,191.09718048402436,186.8363508248029,186.26929984583592,74.23672674917631
outcome-lag-64,1,222,plugin,160,4.216796875,71.6171875,234.1756095948552,230.56264702341534,227.61835309670735,85.45845493039616
outcome-lag-64,1,222,plugin,192,4.900390625,86.4140625,265.62775791592594,263.1542517474161,257.45902119256067,93.51217438389577
outcome-lag-64,1,222,plugin,224,5.255859375,105.1484375,294.7089152494475,294.0594920430044,285.80711765541207,100.34787409456143
outcome-lag-64,1,222,plugin,256,5.255859375,128.1484375,327.86159296059253,329.3749711514423,318.879212913789,107.18919974753997
outcome-lag-64,1,222,plugin,288,5.857421875,143.9296875,351.54432940783,354.9499207218109,342.5482063123721,112.53823239718075
outcome-lag-64,1,222,plugin,320,5.857421875,166.9296875,385.2758311229569,391.5090397322357,376.25569586098413,121.00927691113876
outcome-lag-64,1,222,plugin,352,5.857421875,189.9296875,412.3996659124888,422.234237870086,403.379530650516,128.1055293601974
outcome-lag-64,1,222,plugin,384,5.857421875,212.9296875,437.9732775192047,450.6265884941325,428.95314225723195,133.83637642722024
outcome-lag-64,1,222,plugin,416,5.857421875,235.9296875,459.5074644133482,473.92661861868504,450.48732915137543,137.59894057114346
outcome-lag-64,1,222,plugin,448,5.857421875,258.9296875,481.96191837290917,498.0198484796656,472.9360953741022,141.20383402218349
outcome-lag-64,1,222,plugin,480,5.857421875,281.9296875,504.0899475912384,522.2396318582793,495.0641245924314,145.02416484174466
outcome-lag-64,1,222,plugin,512,5.857421875,304.9296875,525.364277690318,545.2331416264503,516.3384546915113,148.44948817525832
outcome-lag-64,1,222,safe,32,3.0,0.0,32.0,32.0,32.0,21.133271722183494
outcome-lag-64,1,222,safe,64,6.0,0.0,64.0,64.0,64.0,36.54140195421367
outcome-lag-64,1,222,safe,96,9.0,0.0,95.82914677857879,93.3885637456711,93.3885637456711,47.40964490277737
outcome-lag-64,1,222,safe,128,12.0,0.0,120.26822780540715,117.82417252560418,117.25712154663711,55.88398346481853
outcome-lag-64,1,222,safe,160,15.0,0.0,139.09103503667137,139.0242227046095,136.07992877790136,63.02903347630456
outcome-lag-64,1,222,safe,192,18.0,0.0,154.97865657899027,157.66278087507578,151.96755032022025,68.96497944192402
outcome-lag-64,1,222,safe,224,21.0,0.0,168.99770991888323,174.23897804770576,165.98660366011322,73.86250225642095
outcome-lag-64,1,222,safe,256,24.0,0.0,181.67670122073156,188.99568745995833,178.66559496196155,77.75072406698743
outcome-lag-64,1,222,safe,288,27.0,0.0,193.3325624217558,202.45906021096533,190.32145616298578,81.00744965566943
outcome-lag-64,1,222,safe,320,30.0,0.0,204.1671956462523,215.67442686972876,201.1560893874823,84.57006853981383
outcome-lag-64,1,222,safe,352,33.0,0.0,214.36263695602244,228.1927779236303,211.35153069725243,87.90812515993728
outcome-lag-64,1,222,safe,384,36.0,0.0,224.00284895267404,239.4203063733968,220.99174269390403,90.36456247965509
outcome-lag-64,1,222,safe,416,39.0,0.0,233.1660734139023,249.8861443129757,230.15496715513228,92.41822978669771
outcome-lag-64,1,222,safe,448,42.0,0.0,241.92593867085833,259.7185415201869,238.91483241208832,94.15661903410101
outcome-lag-64,1,222,safe,480,45.0,0.0,250.3141790761451,269.2487526510453,247.3030728173751,95.877402482542
outcome-lag-64,1,222,safe,512,48.0,0.0,258.40088056958234,278.549939744396,255.38977431081224,97.6256821295709
outcome-lag-64,1,222,known,32,0.0,23.0,62.0,62.0,62.0,33.20197246588423
outcome-lag-64,1,222,known,64,0.0,46.0,123.0,123.0,123.0,59.652297115148045
outcome-lag-64,1,222,known,96,0.0,69.0,184.8291467785788,182.22268424819427,182.22268424819427,78.50334656248526
outcome-lag-64,1,222,known,128,0.0,92.0,239.3519539511594,234.56370100371686,233.9966500247499,92.55198357435401
outcome-lag-64,1,222,known,160,0.0,115.0,284.4102568556803,280.34838596591914,277.1828907468737,104.45023072657865
outcome-lag-64,1,222,known,192,0.0,138.0,323.2458273741382,321.430767741687,314.6497675867653,114.36055616695865
outcome-lag-64,1,222,known,224,0.0,161.0,354.69544856857516,355.36566977375327,345.4629681795116,121.86179339218934
outcome-lag-64,1,222,known,256,0.0,184.0,383.42102545780233,386.6591264413638,374.1211261474623,128.04129618302218
outcome-lag-64,1,222,known,288,0.0,207.0,411.6351460775525,417.7751096298464,402.3264479283568,134.2529775225201
outcome-lag-64,1,222,known,320,0.0,230.0,437.71551559629984,447.9840992233088,428.4068174471041,141.35234471870916
outcome-lag-64,1,222,known,352,0.0,253.0,461.5005557749331,475.51961507427086,452.1918576257374,147.38664922477267
outcome-lag-64,1,222,known,384,0.0,276.0,483.74187367987764,500.4146233160702,474.4331755306819,151.9559956665849
outcome-lag-64,1,222,known,416,0.0,299.0,503.82922093350714,522.3152405984159,494.5205227843114,155.40688343080018
outcome-lag-64,1,222,known,448,0.0,322.0,523.7734144897812,543.9546615133183,514.4647163405854,158.50371123151604
outcome-lag-64,1,222,known,480,0.0,345.0,543.9031577369378,566.053839193638,534.594459587742,161.77379796517735
outcome-lag-64,1,222,known,512,0.0,368.0,563.1316899979158,586.9833295622078,553.82299184872,164.70902220661478
outcome-lag-64,1,222,product,32,4.375,25.5,62.0,62.0,62.0,34.668705060195535
outcome-lag-64,1,222,product,64,8.75,51.0,123.0,123.0,123.0,63.75481210202477
outcome-lag-64,1,222,product,96,13.125,76.5,184.78016102162488,180.64994674883206,180.64994674883206,85.22283637629778
outcome-lag-64,1,222,product,128,17.5,102.0,233.7844126850592,228.02471749643024,227.38758924029256,100.62272908453102
outcome-lag-64,1,222,product,160,21.875,127.5,271.36515927688436,269.94621074567334,264.96833583211776,114.45001148685934
outcome-lag-64,1,222,product,192,26.25,153.0,303.7172379857822,308.5523936184042,297.3204145410156,127.31066123128112
outcome-lag-64,1,222,product,224,30.625,178.5,330.3946224733672,340.3887456437963,323.9977990286006,136.968516936593
outcome-lag-64,1,222,product,256,35.0,204.0,354.8808482271642,369.25894347285237,348.4840247823976,144.80863589571453
outcome-lag-64,1,222,product,288,39.375,229.5,378.11114141471165,396.95243618099437,371.71431796994506,152.09262700168162
outcome-lag-64,1,222,product,320,43.75,255.0,399.4539318675753,423.65926644011114,393.0571084228087,159.81636921267034
outcome-lag-64,1,222,product,352,48.125,280.5,419.51898273572283,448.52613347985385,413.12215929095623,166.62783287138706
outcome-lag-64,1,222,product,384,52.5,306.0,438.1591197931365,470.25246951499093,431.7622963483699,171.37930284699414
outcome-lag-64,1,222,product,416,56.875,331.5,455.312713928643,489.9748467827497,448.9158904838764,175.3442043616545
outcome-lag-64,1,222,product,448,61.25,357.0,471.9683988216768,509.3378337312802,465.5715753769102,179.26208056239605
outcome-lag-64,1,222,product,480,65.625,382.5,488.7663768928116,528.8749703883419,482.369553448045,183.13512922991282
outcome-lag-64,1,222,product,512,70.0,408.0,504.7193541437894,547.0379360806623,498.3225306990228,186.4001597613426
single-blocker,1,222,prefix,32,0.1875,24.75,64.0,63.96821681185914,63.96821681185914,10.646931473211033
single-blocker,1,222,prefix,64,0.375,49.5,128.0,120.81662176040324,120.81662176040324,12.732126094754628
single-blocker,1,222,prefix,96,0.5625,74.25,192.0,167.56853238876434,167.56853238876434,13.966945919142795
single-blocker,1,222,prefix,128,0.75,99.0,256.0,206.7991147788602,206.7991147788602,14.832040469195501
single-blocker,1,222,prefix,160,0.9375,123.75,320.0,241.38878856531642,241.38878856531642,15.508417260327935
single-blocker,1,222,prefix,192,1.125,148.5,384.0,272.6950097970436,272.6950097970436,16.064411801025567
single-blocker,1,222,prefix,224,1.3125,173.25,448.0,301.0918096698801,301.0918096698801,16.52167738799479
single-blocker,1,222,prefix,256,1.5,198.0,512.0,327.4872674141251,327.4872674141251,16.91798859644388
single-blocker,1,222,prefix,288,1.6875,222.75,576.0,352.8577227344878,352.8577227344878,17.286728695578187
single-blocker,1,222,prefix,320,1.875,247.5,640.0,376.8252130534636,376.8252130534636,17.615564585336855
single-blocker,1,222,prefix,352,2.0625,272.25,704.0,398.92040197780733,398.92040197780733,17.893141094499338
single-blocker,1,222,prefix,384,2.25,297.0,768.0,420.23481393423907,420.23481393423907,18.15271974904832
single-blocker,1,222,prefix,416,2.4375,321.75,832.0,440.17692342469115,440.17692342469115,18.37872688967601
single-blocker,1,222,prefix,448,2.625,346.5,896.0,459.92463467587186,459.92463467587186,18.602804902921065
single-blocker,1,222,prefix,480,2.8125,371.25,960.0,478.88738409982926,478.88738409982926,18.809325286134246
single-blocker,1,222,prefix,512,3.0,396.0,1024.0,497.37620534273464,497.37620534273464,19.0062097902099
single-blocker,1,222,intersection,32,0.1875,24.75,64.0,63.96821681185914,63.96821681185914,10.646931473211033
single-blocker,1,222,intersection,64,0.375,49.5,128.0,120.81662176040324,120.81662176040324,12.732126094754628
single-blocker,1,222,intersection,96,0.5625,74.25,192.0,167.56853238876434,167.56853238876434,13.966945919142795
single-blocker,1,222,intersection,128,0.75,99.0,256.0,206.7991147788602,206.7991147788602,14.832040469195501
single-blocker,1,222,intersection,160,0.9375,123.75,320.0,241.38878856531642,241.38878856531642,15.508417260327935
single-blocker,1,222,intersection,192,1.125,148.5,384.0,272.6950097970436,272.6950097970436,16.064411801025567
single-blocker,1,222,intersection,224,1.2421875,172.59375,448.0,301.0918096698801,301.0918096698801,16.52167738799479
single-blocker,1,222,intersection,256,1.271484375,195.8671875,510.0,326.6318550732625,326.6318550732625,16.905126727130398
single-blocker,1,222,intersection,288,1.271484375,218.8671875,573.0,351.6313433398638,351.6313433398638,17.269081229657328
single-blocker,1,222,intersection,320,1.271484375,241.8671875,635.0,374.8561823159067,374.8561823159067,17.588240549075486
single-blocker,1,222,intersection,352,1.271484375,264.8671875,697.0,396.31783231173904,396.31783231173904,17.858991502396528
single-blocker,1,222,intersection,384,1.271484375,287.8671875,758.0,416.67593576730883,416.67593576730883,18.107969627966465
single-blocker,1,222,intersection,416,1.271484375,310.8671875,817.0,435.10174032358043,435.10174032358043,18.31797955363964
single-blocker,1,222,intersection,448,1.271484375,333.8671875,877.0,453.70863384510403,453.70863384510403,18.530804203324397
single-blocker,1,222,intersection,480,1.271484375,356.8671875,940.0,472.575863750833,472.575863750833,18.738749342056018
single-blocker,1,222,intersection,512,1.271484375,379.8671875,1002.0,490.6348550656807,490.6348550656807,18.93296581673949
single-blocker,1,222,completed,32,0.1875,24.75,64.0,63.96821681185914,63.96821681185914,10.646931473211033
single-blocker,1,222,completed,64,0.375,49.5,128.0,120.81662176040324,120.81662176040324,12.732126094754628
single-blocker,1,222,completed,96,0.5625,74.25,192.0,167.56853238876434,167.56853238876434,13.966945919142795
single-blocker,1,222,completed,128,0.75,99.0,256.0,206.7991147788602,206.7991147788602,14.832040469195501
single-blocker,1,222,completed,160,0.9375,123.75,320.0,241.38878856531642,241.38878856531642,15.508417260327935
single-blocker,1,222,completed,192,1.107421875,148.3359375,384.0,272.6950097970436,272.6950097970436,16.064411801025567
single-blocker,1,222,completed,224,1.189453125,172.1015625,447.0,300.63227305953495,300.63227305953495,16.514269980587386
single-blocker,1,222,completed,256,1.189453125,195.1015625,508.0,325.7708038968246,325.7708038968246,16.892097272924474
single-blocker,1,222,completed,288,1.189453125,218.1015625,571.0,350.80759464038914,350.80759464038914,17.257140824752845
single-blocker,1,222,completed,320,1.189453125,241.1015625,633.0,374.06083721030325,374.06083721030325,17.577098401341157
single-blocker,1,222,completed,352,1.189453125,264.1015625,695.0,395.5658582843964,395.5658582843964,17.84901637801842
single-blocker,1,222,completed,384,1.189453125,287.1015625,756.0,415.9543292306253,415.9543292306253,18.098774177072286
single-blocker,1,222,completed,416,1.189453125,310.1015625,815.0,434.4130302746662,434.4130302746662,18.309593772548965
single-blocker,1,222,completed,448,1.189453125,333.1015625,875.0,453.04085496169535,453.04085496169535,18.522914626280425
single-blocker,1,222,completed,480,1.189453125,356.1015625,938.0,471.93205604131134,471.93205604131134,18.73140986780477
single-blocker,1,222,completed,512,1.189453125,379.1015625,1000.0,490.00935524812587,490.00935524812587,18.9260333869048
single-blocker,1,222,plugin,32,0.302734375,23.4296875,62.0,61.96821681185914,61.96821681185914,10.530369848561174
single-blocker,1,222,plugin,64,0.302734375,46.4296875,123.0,116.35247815784554,116.35247815784554,12.602719276895805
single-blocker,1,222,plugin,96,0.302734375,69.4296875,185.0,162.54757664680338,162.54757664680338,13.843453832513562
single-blocker,1,222,plugin,128,0.302734375,92.4296875,248.0,201.90236125365632,201.90236125365632,14.728598220647775
single-blocker,1,222,plugin,160,0.302734375,115.4296875,311.0,236.46322859652204,236.46322859652204,15.414892776089545
single-blocker,1,222,plugin,192,0.302734375,138.4296875,375.0,268.1937627361485,268.1937627361485,15.986011699771066
single-blocker,1,222,plugin,224,0.302734375,161.4296875,435.0,295.06379276928936,295.06379276928936,16.423984199926704
single-blocker,1,222,plugin,256,0.302734375,184.4296875,496.0,320.56646049032616,320.56646049032616,16.81309863771734
single-blocker,1,222,plugin,288,0.302734375,207.4296875,559.0,345.8225729147166,345.8225729147166,17.18446703737201
single-blocker,1,222,plugin,320,0.302734375,230.4296875,621.0,369.2383194482573,369.2383194482573,17.508943895013182
single-blocker,1,222,plugin,352,0.302734375,253.4296875,683.0,391.0282762075637,391.0282762075637,17.78862653879839
single-blocker,1,222,plugin,384,0.302734375,276.4296875,744.0,411.6076198089103,411.6076198089103,18.043301364617168
single-blocker,1,222,plugin,416,0.302734375,299.4296875,803.0,430.28320842345795,430.28320842345795,18.259513124406883
single-blocker,1,222,plugin,448,0.302734375,322.4296875,863.0,449.0374469851266,449.0374469851266,18.475803993724824
single-blocker,1,222,plugin,480,0.302734375,345.4296875,926.0,468.07806764240337,468.07806764240337,18.687719824748747
single-blocker,1,222,plugin,512,0.302734375,368.4296875,988.0,486.2652878378253,486.2652878378253,18.884761836494192
single-blocker,1,222,safe,32,3.0,0.0,32.0,31.968216811859147,31.968216811859147,4.02724519543652
single-blocker,1,222,safe,64,6.0,0.0,64.0,57.42435623340214,57.42435623340214,4.7282659037057675
single-blocker,1,222,safe,96,9.0,0.0,96.0,76.78319682780861,76.78319682780861,5.136346480888775
single-blocker,1,222,safe,128,12.0,0.0,128.0,93.03345515740088,93.03345515740088,5.425334592589174
single-blocker,1,222,safe,160,15.0,0.0,160.0,107.31238195727079,107.31238195727079,5.649261224939744
single-blocker,1,222,safe,192,18.0,0.0,192.0,120.1978375468853,120.1978375468853,5.832104609707439
single-blocker,1,222,safe,224,21.0,0.0,224.0,132.0310352083931,132.0310352083931,5.986627913082163
single-blocker,1,222,safe,256,24.0,0.0,256.0,143.03333360981438,143.03333360981438,6.120438712817281
single-blocker,1,222,safe,288,27.0,0.0,288.0,153.35798108855585,153.35798108855585,6.238439029233648
single-blocker,1,222,safe,320,30.0,0.0,320.0,163.1162631808352,163.1162631808352,6.343973346894013
single-blocker,1,222,safe,352,33.0,0.0,352.0,172.39200998111025,172.39200998111025,6.43942571339101
single-blocker,1,222,safe,384,36.0,0.0,384.0,181.25023096678382,181.25023096678382,6.5265555690159704
single-blocker,1,222,safe,416,39.0,0.0,416.0,189.74254455085054,189.74254455085054,6.6066985205464555
single-blocker,1,222,safe,448,42.0,0.0,448.0,197.91074640079475,197.91074640079475,6.680892410683006
single-blocker,1,222,safe,480,45.0,0.0,480.0,205.78924141297622,205.78924141297622,6.7499597404471405
single-blocker,1,222,safe,512,48.0,0.0,512.0,213.40675252840046,213.40675252840046,6.81456340954972
single-blocker,1,222,known,32,0.0,23.0,62.0,61.96821681185914,61.96821681185914,10.525607943799267
single-blocker,1,222,known,64,0.0,46.0,123.0,116.29725752745715,116.29725752745715,12.593022307198828
single-blocker,1,222,known,96,0.0,69.0,185.0,162.4319925707325,162.4319925707325,13.837138043039868
single-blocker,1,222,known,128,0.0,92.0,248.0,201.78634890074005,201.78634890074005,14.723090974270958
single-blocker,1,222,known,160,0.0,115.0,311.0,236.3602097495368,236.3602097495368,15.410514013090081
single-blocker,1,222,known,192,0.0,138.0,375.0,268.10430056814255,268.10430056814255,15.982548496307851
single-blocker,1,222,known,224,0.0,161.0,435.0,294.97623416354463,294.97623416354463,16.420817284874534
single-blocker,1,222,known,256,0.0,184.0,496.0,320.4795112402068,320.4795112402068,16.81014048475916
single-blocker,1,222,known,288,0.0,207.0,559.0,345.7560124586429,345.7560124586429,17.18233985421031
single-blocker,1,222,known,320,0.0,230.0,621.0,369.19080030653754,369.19080030653754,17.507505304831533
single-blocker,1,222,known,352,0.0,253.0,683.0,390.9714874719927,390.9714874719927,17.78698112538825
single-blocker,1,222,known,384,0.0,276.0,744.0,411.5519198590898,411.5519198590898,18.041751712498233
single-blocker,1,222,known,416,0.0,299.0,803.0,430.2176440534489,430.2176440534489,18.25774638872707
single-blocker,1,222,known,448,0.0,322.0,863.0,448.9767143128631,448.9767143128631,18.474223533954667
single-blocker,1,222,known,480,0.0,345.0,926.0,468.01778621009055,468.01778621009055,18.686204484523678
single-blocker,1,222,known,512,0.0,368.0,988.0,486.20924605282914,486.20924605282914,18.883398200130507
single-blocker,1,222,product,32,4.375,25.5,62.0,61.96821681185914,61.96821681185914,7.988898993023576
single-blocker,1,222,product,64,8.75,51.0,123.0,111.40296351353018,111.40296351353018,9.374520497448469
single-blocker,1,222,product,96,13.125,76.5,185.0,149.65575452539122,149.65575452539122,10.196570017570005
single-blocker,1,222,product,128,17.5,102.0,248.0,182.21993209379534,182.21993209379534,10.785869546609238
single-blocker,1,222,product,160,21.875,127.5,311.0,210.76871520768435,210.76871520768435,11.240441813583626
single-blocker,1,222,product,192,26.25,153.0,375.0,236.88987822105128,236.88987822105128,11.6160716986414
single-blocker,1,222,product,224,30.625,178.5,435.0,259.3656330139317,259.3656330139317,11.913330171441658
single-blocker,1,222,product,256,35.0,204.0,496.0,280.65859023339533,280.65859023339533,12.17620852097073
single-blocker,1,222,product,288,39.375,229.5,559.0,301.3078106764679,301.3078106764679,12.415927361868553
single-blocker,1,222,product,320,43.75,255.0,621.0,320.50160858992086,320.50160858992086,12.626637227193525
single-blocker,1,222,product,352,48.125,280.5,683.0,338.74762316279435,338.74762316279435,12.817248419040894
single-blocker,1,222,product,384,52.5,306.0,744.0,355.8937265367588,355.8937265367588,12.98848573347516
single-blocker,1,222,product,416,56.875,331.5,803.0,371.8037628887836,371.8037628887836,13.141046332401634
single-blocker,1,222,product,448,61.25,357.0,863.0,387.39300859684624,387.39300859684624,13.285181292675256
single-blocker,1,222,product,480,65.625,382.5,926.0,403.19828815591455,403.19828815591455,13.426372862198468
single-blocker,1,222,product,512,70.0,408.0,988.0,418.2259965953275,418.2259965953275,13.5561461407206
outcome-lag-64,3,222,prefix,32,1.3125,22.75,64.0,64.0,64.0,29.538721830335724
outcome-lag-64,3,222,prefix,64,2.625,45.5,128.0,128.0,128.0,57.14910070137339
outcome-lag-64,3,222,prefix,96,3.9375,68.25,191.76530159630852,191.8182021326335,191.72619046840634,81.89657620698827
outcome-lag-64,3,222,prefix,128,5.25,91.0,246.80296582139016,247.5731366181432,245.2936846997073,99.4224829855019
outcome-lag-64,3,222,prefix,160,6.5625,113.75,290.8122819129025,293.92689064873343,288.2396467858043,111.71299339355507
outcome-lag-64,3,222,prefix,192,7.875,136.5,328.2052430487319,335.118926841593,325.4689081239816,122.40199081171511
outcome-lag-64,3,222,prefix,224,9.1875,159.25,361.6631712740606,372.79255145129434,358.66039512788984,132.0354304519408
outcome-lag-64,3,222,prefix,256,10.5,182.0,392.21783325787305,406.4992917362478,388.89411765620724,139.3972489309546
outcome-lag-64,3,222,prefix,288,10.91015625,196.328125,417.1277752979791,434.7319329917097,413.73846978591916,145.7507171746354
outcome-lag-64,3,222,prefix,320,11.07421875,208.359375,438.43038475106874,458.5697529470983,435.0410792390088,150.62995260369223
outcome-lag-64,3,222,prefix,352,11.07421875,218.859375,453.99216421478917,476.14302807898747,450.60285870272924,154.15663803620455
outcome-lag-64,3,222,prefix,384,11.07421875,229.359375,470.27637637042125,495.20753590710746,466.8870708583613,158.3152964856828
outcome-lag-64,3,222,prefix,416,11.07421875,239.859375,486.1978650918169,513.8462287337261,482.808559579757,162.29881085304433
outcome-lag-64,3,222,prefix,448,11.07421875,250.359375,502.10853899828004,532.4160557715396,498.71923348622016,166.10834325361276
outcome-lag-64,3,222,prefix,480,11.07421875,260.859375,517.7636777065838,550.6383839702618,514.3743721945239,169.79372110998344
outcome-lag-64,3,222,prefix,512,11.07421875,271.359375,528.858062978507,563.5642340078297,525.468757466447,172.3610605210733
outcome-lag-64,3,222,intersection,32,1.3125,22.75,64.0,64.0,64.0,29.538721830335724
outcome-lag-64,3,222,intersection,64,2.625,45.5,128.0,128.0,128.0,57.14910070137339
outcome-lag-64,3,222,intersection,96,3.9375,68.25,191.76530159630852,191.8182021326335,191.72619046840634,81.89657620698827
outcome-lag-64,3,222,intersection,128,5.25,91.0,246.80296582139016,247.5731366181432,245.2936846997073,99.4224829855019
outcome-lag-64,3,222,intersection,160,6.5625,113.75,290.8122819129025,293.92689064873343,288.2396467858043,111.71299339355507
outcome-lag-64,3,222,intersection,192,7.875,136.5,328.2052430487319,335.118926841593,325.4689081239816,122.40199081171511
outcome-lag-64,3,222,intersection,224,9.1875,159.25,361.6631712740606,372.79255145129434,358.66039512788984,132.0354304519408
outcome-lag-64,3,222,intersection,256,9.26953125,170.515625,383.82147550657606,398.3915945598721,380.7864204798315,138.66712863917078
outcome-lag-64,3,222,intersection,288,9.26953125,181.015625,405.8655256500586,423.8239338291047,402.83047062331406,144.73631217177274
outcome-lag-64,3,222,intersection,320,9.26953125,191.515625,425.58919523381803,446.0641177027507,422.5541402070735,149.5004978082064
outcome-lag-64,3,222,intersection,352,9.26953125,202.015625,441.15097469753846,463.63739283463985,438.1159196707939,153.02718324071873
outcome-lag-64,3,222,intersection,384,9.26953125,212.515625,457.43518685317053,482.70190066275984,454.400131826426,157.18584169019698
outcome-lag-64,3,222,intersection,416,9.26953125,223.015625,473.3566755745662,501.3405934893783,470.3216205478217,161.1693560575585
outcome-lag-64,3,222,intersection,448,9.26953125,233.515625,489.2673494810294,519.9104205271917,486.23229445428484,164.97888845812693
outcome-lag-64,3,222,intersection,480,9.26953125,244.015625,504.9224881893331,538.1327487259139,501.88743316258854,168.6642663144976
outcome-lag-64,3,222,intersection,512,9.26953125,254.515625,516.0168734612565,551.0585987634818,512.9818184345121,171.23160572558749
outcome-lag-64,3,222,completed,32,1.3125,22.75,64.0,64.0,64.0,29.538721830335724
outcome-lag-64,3,222,completed,64,8.36328125,27.015625,102.0,102.0,102.0,45.44975351730511
outcome-lag-64,3,222,completed,96,14.751953125,33.4140625,142.76530159630852,142.8182021326335,142.72619046840634,61.6322989448016
outcome-lag-64,3,222,completed,128,16.064453125,56.1640625,197.8984027727001,200.56081345653666,197.7751425475947,76.25732089533034
outcome-lag-64,3,222,completed,160,17.376953125,78.9140625,247.17000461547352,252.55072481368137,246.99581200121145,90.00929913401815
outcome-lag-64,3,222,completed,192,18.115234375,96.3046875,286.32035839034177,295.0169856917636,285.9244306413683,101.7101861481338
outcome-lag-64,3,222,completed,224,19.3046875,117.90625,323.4165116540853,335.48777007096254,321.9657292064401,112.00894112012908
outcome-lag-64,3,222,completed,256,19.87890625,133.765625,352.2044706297519,367.1526689054076,350.15607540564963,119.2756703709793
outcome-lag-64,3,222,completed,288,20.166015625,146.9453125,376.5031180503561,394.8923179942824,374.4547228262538,125.75276736622753
outcome-lag-64,3,222,completed,320,20.658203125,162.0390625,400.1564796307645,421.1082393880149,398.0969313042945,130.88190833850985
outcome-lag-64,3,222,completed,352,20.658203125,172.5390625,416.0689222082416,439.02822926507366,414.0093738817716,134.50201838191626
outcome-lag-64,3,222,completed,384,21.19140625,188.015625,435.1856444232061,460.96041968088,433.1260960967361,138.78198368316043
outcome-lag-64,3,222,completed,416,21.19140625,198.515625,451.4594224211788,479.99173462622787,449.39987409470876,142.88221932597997
outcome-lag-64,3,222,completed,448,21.19140625,209.015625,467.7076479216082,498.9397794426445,465.6480995951382,146.79926762316538
outcome-lag-64,3,222,completed,480,21.19140625,219.515625,483.6800079555693,517.5302916420725,481.6204596290993,150.60165516167527
outcome-lag-64,3,222,completed,512,21.19140625,230.015625,494.8977376440863,530.5995373079393,492.8381893176163,153.21353954524085
outcome-lag-64,3,222,plugin,32,0.716796875,15.0234375,60.0,60.0,60.0,28.019674211288105
outcome-lag-64,3,222,plugin,64,0.841796875,24.0234375,106.0,106.0,106.0,49.9445927473031
outcome-lag-64,3,222,plugin,96,1.193359375,35.5546875,156.76530159630852,156.8182021326335,156.72619046840634,72.0487485896099
outcome-lag-64,3,222,plugin,128,1.193359375,46.0546875,201.06008282550613,203.1519299246017,200.85729218526424,88.40077819808812
outcome-lag-64,3,222,plugin,160,1.890625,63.0625,240.93894675208992,246.38586836112478,240.73615611184803,100.84807676959824
outcome-lag-64,3,222,plugin,192,1.890625,73.5625,269.8826220780797,279.25518174174664,269.67983143783783,110.46855530441962
outcome-lag-64,3,222,plugin,224,2.875,93.25,304.52758589265216,318.383410281656,304.3247952524103,120.38480015557037
outcome-lag-64,3,222,plugin,256,2.95703125,104.515625,327.1511767364048,344.48267471766906,326.94838609616295,127.0482481012992
outcome-lag-64,3,222,plugin,288,3.080078125,116.1640625,350.2807419438121,371.0056615673208,350.0779513035702,133.1499858197352
outcome-lag-64,3,222,plugin,320,3.080078125,126.6640625,370.0683583202102,393.31197556752113,369.86556767996836,137.93652792933918
outcome-lag-64,3,222,plugin,352,3.080078125,137.1640625,385.6640473926209,410.9191313907153,385.46125675237903,141.4721887014438
outcome-lag-64,3,222,plugin,384,3.080078125,147.6640625,401.98549792715835,430.0245428441786,401.7827072869165,145.64258321624527
outcome-lag-64,3,222,plugin,416,3.080078125,158.1640625,417.9416198716226,448.70200660323394,417.7388292313807,149.63746552584496
outcome-lag-64,3,222,plugin,448,3.080078125,168.6640625,433.88568954231005,467.30938142178724,433.68289890206813,153.45753453539223
outcome-lag-64,3,222,plugin,480,3.080078125,179.1640625,449.57235283820074,485.5684095595713,449.3695621979588,157.1544433085022
outcome-lag-64,3,222,plugin,512,3.080078125,189.6640625,460.67904009356266,498.508598106906,460.47624945332075,159.7261886171237
outcome-lag-64,3,222,safe,32,8.375,0.0,32.0,32.0,32.0,11.259055459218622
outcome-lag-64,3,222,safe,64,16.75,0.0,64.0,64.0,64.0,24.26951734561822
outcome-lag-64,3,222,safe,96,25.125,0.0,95.76530159630852,95.81820213263353,95.72619046840634,38.12013677868013
outcome-lag-64,3,222,safe,128,33.5,0.0,120.35230500445428,122.4995446306631,120.3131938765521,48.840209058817784
outcome-lag-64,3,222,safe,160,41.875,0.0,139.2438915064338,143.95275804294232,139.20478037853164,56.23842230357778
outcome-lag-64,3,222,safe,192,50.25,0.0,155.10550707661557,162.5606572128802,155.0663959487134,62.143709268668665
outcome-lag-64,3,222,safe,224,58.625,0.0,169.1209570563312,179.34560690361928,169.08184592842903,67.24998460127473
outcome-lag-64,3,222,safe,256,67.0,0.0,181.7944811165542,194.27118807590898,181.75536998865203,71.3070781718783
outcome-lag-64,3,222,safe,288,75.375,0.0,193.4331536125199,207.98827214298677,193.39404248461773,74.81751507663114
outcome-lag-64,3,222,safe,320,83.75,0.0,204.28749050305302,220.41968232100075,204.24837937515085,77.59617748002603
outcome-lag-64,3,222,safe,352,92.125,0.0,214.4608480996279,232.25273284390488,214.42173697172572,80.24893356915209
outcome-lag-64,3,222,safe,384,100.5,0.0,224.09311551464927,243.94873753714572,224.0540043867471,83.17384713234436
outcome-lag-64,3,222,safe,416,108.875,0.0,233.26668440608017,255.05114756039217,233.227573278178,85.86408652305464
outcome-lag-64,3,222,safe,448,117.25,0.0,242.02568539166342,265.6558309409789,241.98657426376124,88.37476194383365
outcome-lag-64,3,222,safe,480,125.625,0.0,250.43128105636717,275.6136943628008,250.392169928465,90.52319768323821
outcome-lag-64,3,222,safe,512,134.0,0.0,258.5139156561161,285.1134931829544,258.47480452821395,92.4700890570701
outcome-lag-64,3,222,known,32,0.0,10.5,56.0,56.0,56.0,25.35300754462144
outcome-lag-64,3,222,known,64,0.0,21.0,104.0,104.0,104.0,48.230093562291216
outcome-lag-64,3,222,known,96,0.0,31.5,149.76530159630852,149.8182021326335,149.72619046840634,68.35888869934406
outcome-lag-64,3,222,known,128,0.0,42.0,193.80296582139016,195.7787788060633,193.49932688762732,84.53270315695968
outcome-lag-64,3,222,known,160,0.0,52.5,225.41495290001845,230.79855782918492,225.1113139662556,95.68206131807973
outcome-lag-64,3,222,known,192,0.0,63.0,254.15818926841487,263.48895589717915,253.85455033465203,105.22856211591413
outcome-lag-64,3,222,known,224,0.0,73.5,279.6629395982033,293.4758438327608,279.35930066444047,113.99698051011269
outcome-lag-64,3,222,known,256,0.0,84.0,301.19779578370475,318.48371777489837,300.8941568499419,120.58520043647302
outcome-lag-64,3,222,known,288,0.0,94.5,323.2418459271873,343.916057044131,322.93820699342444,126.65438396907493
outcome-lag-64,3,222,known,320,0.0,105.0,342.9655155109467,366.156240917777,342.6618765771839,131.4185696055086
outcome-lag-64,3,222,known,352,0.0,115.5,358.52729497466714,383.72951604966613,358.2236560409043,134.94525503802092
outcome-lag-64,3,222,known,384,0.0,126.0,374.8115071302992,402.7940238777861,374.5078681965364,139.10391348749917
outcome-lag-64,3,222,known,416,0.0,136.5,390.7329958516949,421.4327167044046,390.42935691793207,143.0874278548607
outcome-lag-64,3,222,known,448,0.0,147.0,406.64366975815807,440.002543742218,406.3400308243952,146.89696025542912
outcome-lag-64,3,222,known,480,0.0,157.5,422.29880846646176,458.22487194094003,421.9951695326989,150.5823381117998
outcome-lag-64,3,222,known,512,0.0,168.0,433.3931937383853,471.1507219785081,433.0895548046225,153.14967752288968
outcome-lag-64,3,222,product,32,0.0,10.5,56.0,56.0,56.0,25.35300754462144
outcome-lag-64,3,222,product,64,0.0,21.0,104.0,104.0,104.0,48.230093562291216
outcome-lag-64,3,222,product,96,0.0,31.5,149.76530159630852,149.8182021326335,149.72619046840634,68.35888869934406
outcome-lag-64,3,222,product,128,0.0,42.0,193.80296582139016,195.7787788060633,193.49932688762732,84.53270315695968
outcome-lag-64,3,222,product,160,0.0,52.5,225.41495290001845,230.79855782918492,225.1113139662556,95.68206131807973
outcome-lag-64,3,222,product,192,0.0,63.0,254.15818926841487,263.48895589717915,253.85455033465203,105.22856211591413
outcome-lag-64,3,222,product,224,0.0,73.5,279.6629395982033,293.4758438327608,279.35930066444047,113.99698051011269
outcome-lag-64,3,222,product,256,0.0,84.0,301.19779578370475,318.48371777489837,300.8941568499419,120.58520043647302
outcome-lag-64,3,222,product,288,0.0,94.5,323.2418459271873,343.916057044131,322.93820699342444,126.65438396907493
outcome-lag-64,3,222,product,320,0.0,105.0,342.9655155109467,366.156240917777,342.6618765771839,131.4185696055086
outcome-lag-64,3,222,product,352,0.0,115.5,358.52729497466714,383.72951604966613,358.2236560409043,134.94525503802092
outcome-lag-64,3,222,product,384,0.0,126.0,374.8115071302992,402.7940238777861,374.5078681965364,139.10391348749917
outcome-lag-64,3,222,product,416,0.0,136.5,390.7329958516949,421.4327167044046,390.42935691793207,143.0874278548607
outcome-lag-64,3,222,product,448,0.0,147.0,406.64366975815807,440.002543742218,406.3400308243952,146.89696025542912
outcome-lag-64,3,222,product,480,0.0,157.5,422.29880846646176,458.22487194094003,421.9951695326989,150.5823381117998
outcome-lag-64,3,222,product,512,0.0,168.0,433.3931937383853,471.1507219785081,433.0895548046225,153.14967752288968
single-blocker,3,222,prefix,32,1.3125,22.75,64.0,63.96821681185914,63.96821681185914,10.354393849380504
single-blocker,3,222,prefix,64,2.625,45.5,128.0,120.68345867134033,120.68345867134033,12.71610045372899
single-blocker,3,222,prefix,96,3.9375,68.25,192.0,168.12116435671294,168.12116435671294,13.996191638953349
single-blocker,3,222,prefix,128,5.25,91.0,256.0,207.21764942871422,207.21764942871422,14.851400840506345
single-blocker,3,222,prefix,160,6.5625,113.75,320.0,241.96166545689852,241.96166545689852,15.532173246153501
single-blocker,3,222,prefix,192,7.875,136.5,384.0,273.00885848135033,273.00885848135033,16.076327495905947
single-blocker,3,222,prefix,224,9.1875,159.25,448.0,301.50912840789204,301.50912840789204,16.53641245297193
single-blocker,3,222,prefix,256,10.5,182.0,512.0,328.2612433098331,328.2612433098331,16.943605548973206
single-blocker,3,222,prefix,288,11.8125,204.75,576.0,352.9465216927448,352.9465216927448,17.289501432017005
single-blocker,3,222,prefix,320,13.125,227.5,640.0,376.43434730721776,376.43434730721776,17.6039894470964
single-blocker,3,222,prefix,352,14.4375,250.25,704.0,399.2818985955297,399.2818985955297,17.903354145138955
single-blocker,3,222,prefix,384,15.75,273.0,768.0,420.78309278618394,420.78309278618394,18.167565030353217
single-blocker,3,222,prefix,416,17.0625,295.75,832.0,441.32974106963877,441.32974106963877,18.40882210706596
single-blocker,3,222,prefix,448,18.375,318.5,896.0,460.9775301197427,460.9775301197427,18.62931923750367
single-blocker,3,222,prefix,480,19.6875,341.25,960.0,479.8675721183674,479.8675721183674,18.83320917942987
single-blocker,3,222,prefix,512,21.0,364.0,1024.0,498.75252369443774,498.75252369443774,19.038618269155045
single-blocker,3,222,intersection,32,1.3125,22.75,64.0,63.96821681185914,63.96821681185914,10.354393849380504
single-blocker,3,222,intersection,64,2.625,45.5,128.0,120.68345867134033,120.68345867134033,12.71610045372899
single-blocker,3,222,intersection,96,3.9375,68.25,192.0,168.12116435671294,168.12116435671294,13.996191638953349
single-blocker,3,222,intersection,128,5.25,91.0,256.0,207.21764942871422,207.21764942871422,14.851400840506345
single-blocker,3,222,intersection,160,6.5625,113.75,320.0,241.96166545689852,241.96166545689852,15.532173246153501
single-blocker,3,222,intersection,192,7.875,136.5,384.0,273.00885848135033,273.00885848135033,16.076327495905947
single-blocker,3,222,intersection,224,9.1875,159.25,448.0,301.50912840789204,301.50912840789204,16.53641245297193
single-blocker,3,222,intersection,256,9.26953125,170.515625,498.0,320.7427312807214,320.7427312807214,16.802670404453448
single-blocker,3,222,intersection,288,9.26953125,181.015625,552.0,340.3620372161133,340.3620372161133,17.058820603214603
single-blocker,3,222,intersection,320,9.26953125,191.515625,604.0,358.0544863836733,358.0544863836733,17.275271533562155
single-blocker,3,222,intersection,352,9.26953125,202.015625,649.0,372.2625421178576,372.2625421178576,17.436737568369402
single-blocker,3,222,intersection,384,9.26953125,212.515625,698.0,387.33575289296783,387.33575289296783,17.604098964838006
single-blocker,3,222,intersection,416,9.26953125,223.015625,748.0,402.1495457947232,402.1495457947232,17.762713407336417
single-blocker,3,222,intersection,448,9.26953125,233.515625,800.0,417.06456059676276,417.06456059676276,17.917433572131127
single-blocker,3,222,intersection,480,9.26953125,244.015625,853.0,431.7486847773464,431.7486847773464,18.064607410363337
single-blocker,3,222,intersection,512,9.26953125,254.515625,894.0,442.20349183352187,442.20349183352187,18.160903840060538
single-blocker,3,222,completed,32,1.3125,22.75,64.0,63.96821681185914,63.96821681185914,10.354393849380504
single-blocker,3,222,completed,64,2.625,45.5,128.0,120.68345867134033,120.68345867134033,12.71610045372899
single-blocker,3,222,completed,96,3.9375,68.25,192.0,168.12116435671294,168.12116435671294,13.996191638953349
single-blocker,3,222,completed,128,5.25,91.0,256.0,207.21764942871422,207.21764942871422,14.851400840506345
single-blocker,3,222,completed,160,6.5625,113.75,320.0,241.96166545689852,241.96166545689852,15.532173246153501
single-blocker,3,222,completed,192,7.875,136.5,384.0,273.00885848135033,273.00885848135033,16.076327495905947
single-blocker,3,222,completed,224,8.900390625,156.5703125,447.0,300.9474474228095,300.9474474228095,16.52542344198292
single-blocker,3,222,completed,256,8.900390625,167.0703125,496.0,319.6224898248508,319.6224898248508,16.780811828247046
single-blocker,3,222,completed,288,8.900390625,177.5703125,550.0,339.2417957602427,339.2417957602427,17.0369620270082
single-blocker,3,222,completed,320,8.900390625,188.0703125,602.0,356.93424492780275,356.93424492780275,17.253412957355753
single-blocker,3,222,completed,352,8.900390625,198.5703125,647.0,371.14230066198706,371.14230066198706,17.414878992163
single-blocker,3,222,completed,384,8.900390625,209.0703125,696.0,386.2155114370973,386.2155114370973,17.582240388631604
single-blocker,3,222,completed,416,8.900390625,219.5703125,746.0,401.0293043388527,401.0293043388527,17.740854831130015
single-blocker,3,222,completed,448,8.900390625,230.0703125,798.0,415.9443191408922,415.9443191408922,17.895574995924726
single-blocker,3,222,completed,480,8.900390625,240.5703125,851.0,430.62844332147586,430.62844332147586,18.042748834156935
single-blocker,3,222,completed,512,8.900390625,251.0703125,892.0,441.0832503776513,441.0832503776513,18.139045263854136
single-blocker,3,222,plugin,32,0.73828125,17.390625,61.0,60.96821681185914,60.96821681185914,9.844870039856696
single-blocker,3,222,plugin,64,0.73828125,27.890625,109.0,101.68345867134032,101.68345867134032,11.065142275975484
single-blocker,3,222,plugin,96,0.73828125,38.390625,155.0,132.16163488087687,132.16163488087687,11.776591689447867
single-blocker,3,222,plugin,128,0.73828125,48.890625,208.0,162.57967096566145,162.57967096566145,12.39669022314223
single-blocker,3,222,plugin,160,0.73828125,59.390625,257.0,186.87955577663146,186.87955577663146,12.826154172110607
single-blocker,3,222,plugin,192,0.73828125,69.890625,309.0,210.40398042497432,210.40398042497432,13.206681550293764
single-blocker,3,222,plugin,224,0.73828125,80.390625,361.0,231.94195458853144,231.94195458853144,13.526186172467742
single-blocker,3,222,plugin,256,0.73828125,90.890625,410.0,250.6169969905728,250.6169969905728,13.781574558731865
single-blocker,3,222,plugin,288,0.73828125,101.390625,464.0,270.23630292596476,270.23630292596476,14.037724757493013
single-blocker,3,222,plugin,320,0.73828125,111.890625,516.0,287.92875209352474,287.92875209352474,14.254175687840563
single-blocker,3,222,plugin,352,0.73828125,122.390625,561.0,302.13680782770905,302.13680782770905,14.415641722647804
single-blocker,3,222,plugin,384,0.73828125,132.890625,610.0,317.2100186028193,317.2100186028193,14.58300311911642
single-blocker,3,222,plugin,416,0.73828125,143.390625,660.0,332.02381150457467,332.02381150457467,14.741617561614843
single-blocker,3,222,plugin,448,0.73828125,153.890625,712.0,346.9388263066142,346.9388263066142,14.896337726409547
single-blocker,3,222,plugin,480,0.73828125,164.390625,765.0,361.62295048719784,361.62295048719784,15.043511564641754
single-blocker,3,222,plugin,512,0.73828125,174.890625,806.0,372.0777575433733,372.0777575433733,15.139807994338947
single-blocker,3,222,safe,32,8.375,0.0,32.0,31.968216811859147,31.968216811859147,4.02724519543652
single-blocker,3,222,safe,64,16.75,0.0,64.0,57.42435623340214,57.42435623340214,4.7282659037057675
single-blocker,3,222,safe,96,25.125,0.0,96.0,76.78319682780861,76.78319682780861,5.136346480888775
single-blocker,3,222,safe,128,33.5,0.0,128.0,93.03345515740088,93.03345515740088,5.425334592589174
single-blocker,3,222,safe,160,41.875,0.0,160.0,107.31238195727079,107.31238195727079,5.649261224939744
single-blocker,3,222,safe,192,50.25,0.0,192.0,120.1978375468853,120.1978375468853,5.832104609707439
single-blocker,3,222,safe,224,58.625,0.0,224.0,132.0310352083931,132.0310352083931,5.986627913082163
single-blocker,3,222,safe,256,67.0,0.0,256.0,143.03333360981438,143.03333360981438,6.120438712817281
single-blocker,3,222,safe,288,75.375,0.0,288.0,153.35798108855585,153.35798108855585,6.238439029233648
single-blocker,3,222,safe,320,83.75,0.0,320.0,163.1162631808352,163.1162631808352,6.343973346894013
single-blocker,3,222,safe,352,92.125,0.0,352.0,172.39200998111025,172.39200998111025,6.43942571339101
single-blocker,3,222,safe,384,100.5,0.0,384.0,181.25023096678382,181.25023096678382,6.5265555690159704
single-blocker,3,222,safe,416,108.875,0.0,416.0,189.74254455085054,189.74254455085054,6.6066985205464555
single-blocker,3,222,safe,448,117.25,0.0,448.0,197.91074640079475,197.91074640079475,6.680892410683006
single-blocker,3,222,safe,480,125.625,0.0,480.0,205.78924141297622,205.78924141297622,6.7499597404471405
single-blocker,3,222,safe,512,134.0,0.0,512.0,213.40675252840046,213.40675252840046,6.81456340954972
single-blocker,3,222,known,32,0.0,10.5,56.0,55.96821681185914,55.96821681185914,7.76153670652336
single-blocker,3,222,known,64,0.0,21.0,104.0,96.68345867134032,96.68345867134032,8.981808942642147
single-blocker,3,222,known,96,0.0,31.5,150.0,127.16163488087686,127.16163488087686,9.69325835611453
single-blocker,3,222,known,128,0.0,42.0,203.0,157.57967096566145,157.57967096566145,10.313356889808892
single-blocker,3,222,known,160,0.0,52.5,252.0,181.87955577663146,181.87955577663146,10.74282083877727
single-blocker,3,222,known,192,0.0,63.0,304.0,205.40398042497432,205.40398042497432,11.123348216960425
single-blocker,3,222,known,224,0.0,73.5,356.0,226.94195458853144,226.94195458853144,11.442852839134403
single-blocker,3,222,known,256,0.0,84.0,405.0,245.6169969905728,245.6169969905728,11.698241225398526
single-blocker,3,222,known,288,0.0,94.5,459.0,265.23630292596476,265.23630292596476,11.954391424159674
single-blocker,3,222,known,320,0.0,105.0,511.0,282.92875209352474,282.92875209352474,12.170842354507224
single-blocker,3,222,known,352,0.0,115.5,556.0,297.13680782770905,297.13680782770905,12.332308389314464
single-blocker,3,222,known,384,0.0,126.0,605.0,312.2100186028193,312.2100186028193,12.49966978578308
single-blocker,3,222,known,416,0.0,136.5,655.0,327.02381150457467,327.02381150457467,12.658284228281504
single-blocker,3,222,known,448,0.0,147.0,707.0,341.9388263066142,341.9388263066142,12.813004393076207
single-blocker,3,222,known,480,0.0,157.5,760.0,356.62295048719784,356.62295048719784,12.960178231308415
single-blocker,3,222,known,512,0.0,168.0,801.0,367.0777575433733,367.0777575433733,13.056474661005607
single-blocker,3,222,product,32,0.0,10.5,56.0,55.96821681185914,55.96821681185914,7.76153670652336
single-blocker,3,222,product,64,0.0,21.0,104.0,96.68345867134032,96.68345867134032,8.981808942642147
single-blocker,3,222,product,96,0.0,31.5,150.0,127.16163488087686,127.16163488087686,9.69325835611453
single-blocker,3,222,product,128,0.0,42.0,203.0,157.57967096566145,157.57967096566145,10.313356889808892
single-blocker,3,222,product,160,0.0,52.5,252.0,181.87955577663146,181.87955577663146,10.74282083877727
single-blocker,3,222,product,192,0.0,63.0,304.0,205.40398042497432,205.40398042497432,11.123348216960425
single-blocker,3,222,product,224,0.0,73.5,356.0,226.94195458853144,226.94195458853144,11.442852839134403
single-blocker,3,222,product,256,0.0,84.0,405.0,245.6169969905728,245.6169969905728,11.698241225398526
single-blocker,3,222,product,288,0.0,94.5,459.0,265.23630292596476,265.23630292596476,11.954391424159674
single-blocker,3,222,product,320,0.0,105.0,511.0,282.92875209352474,282.92875209352474,12.170842354507224
single-blocker,3,222,product,352,0.0,115.5,556.0,297.13680782770905,297.13680782770905,12.332308389314464
single-blocker,3,222,product,384,0.0,126.0,605.0,312.2100186028193,312.2100186028193,12.49966978578308
single-blocker,3,222,product,416,0.0,136.5,655.0,327.02381150457467,327.02381150457467,12.658284228281504
single-blocker,3,222,product,448,0.0,147.0,707.0,341.9388263066142,341.9388263066142,12.813004393076207
single-blocker,3,222,product,480,0.0,157.5,760.0,356.62295048719784,356.62295048719784,12.960178231308415
single-blocker,3,222,product,512,0.0,168.0,801.0,367.0777575433733,367.0777575433733,13.056474661005607
outcome-lag-64,5,222,prefix,32,0.0,19.25,64.0,64.0,64.0,21.115173223486753
outcome-lag-64,5,222,prefix,64,0.0,38.5,128.0,128.0,128.0,50.97568110237079
outcome-lag-64,5,222,prefix,96,0.0,57.75,191.85531027211456,191.09585479856298,191.09585479856298,79.2190641525772
outcome-lag-64,5,222,prefix,128,0.0,77.0,247.83739592428293,248.21146091255073,246.77792476525204,100.73318434052855
outcome-lag-64,5,222,prefix,160,0.0,96.25,293.439953081204,300.0504758831452,292.3804819221731,118.74704956357681
outcome-lag-64,5,222,prefix,192,0.0,115.5,331.679649717785,344.26570431773496,330.6201785587541,132.3745371186878
outcome-lag-64,5,222,prefix,224,0.0,134.75,365.4852650677007,383.3766418519609,364.4257939086698,143.24201372096732
outcome-lag-64,5,222,prefix,256,0.0,154.0,395.9637099412687,417.5577408821689,394.90423878223777,151.3221833874563
outcome-lag-64,5,222,prefix,288,0.0,173.25,424.1012675511233,449.45271442206865,423.0417963920924,158.51987832601452
outcome-lag-64,5,222,prefix,320,0.0,192.5,450.09980188020097,479.54684638334385,449.04033072117005,165.41330584748133
outcome-lag-64,5,222,prefix,352,0.0,211.75,474.4837655918038,507.49382981597785,473.42429443277285,171.453423730875
outcome-lag-64,5,222,prefix,384,0.0,231.0,497.69779160779615,534.3107385304253,496.6383204487652,177.10853055887276
outcome-lag-64,5,222,prefix,416,0.0,250.25,520.0988004919396,561.1784512059785,519.0393293329088,183.42599180670538
outcome-lag-64,5,222,prefix,448,0.0,269.5,541.2792481294102,586.3839960709571,540.2197769703794,189.07708961399908
outcome-lag-64,5,222,prefix,480,0.0,288.75,561.4052887037772,609.8884595339526,560.3458175447463,193.85901370311902
outcome-lag-64,5,222,prefix,512,0.0,308.0,580.918704606478,632.7081372853647,579.8592334474471,198.4264204141492
outcome-lag-64,5,222,intersection,32,0.0,19.25,64.0,64.0,64.0,21.115173223486753
outcome-lag-64,5,222,intersection,64,0.0,38.5,128.0,128.0,128.0,50.97568110237079
outcome-lag-64,5,222,intersection,96,0.0,57.75,191.85531027211456,191.09585479856298,191.09585479856298,79.2190641525772
outcome-lag-64,5,222,intersection,128,0.0,77.0,247.83739592428293,248.21146091255073,246.77792476525204,100.73318434052855
outcome-lag-64,5,222,intersection,160,0.0,96.25,293.439953081204,300.0504758831452,292.3804819221731,118.74704956357681
outcome-lag-64,5,222,intersection,192,0.0,115.5,331.679649717785,344.26570431773496,330.6201785587541,132.3745371186878
outcome-lag-64,5,222,intersection,224,0.0,134.75,365.4852650677007,383.3766418519609,364.4257939086698,143.24201372096732
outcome-lag-64,5,222,intersection,256,0.0,154.0,395.9637099412687,417.5577408821689,394.90423878223777,151.3221833874563
outcome-lag-64,5,222,intersection,288,0.0,173.25,424.1012675511233,449.45271442206865,423.0417963920924,158.51987832601452
outcome-lag-64,5,222,intersection,320,0.0,192.5,450.09980188020097,479.54684638334385,449.04033072117005,165.41330584748133
outcome-lag-64,5,222,intersection,352,0.0,211.75,474.4837655918038,507.49382981597785,473.42429443277285,171.453423730875
outcome-lag-64,5,222,intersection,384,0.0,231.0,497.69779160779615,534.3107385304253,496.6383204487652,177.10853055887276
outcome-lag-64,5,222,intersection,416,0.0,250.25,520.0988004919396,561.1784512059785,519.0393293329088,183.42599180670538
outcome-lag-64,5,222,intersection,448,0.0,269.5,541.2792481294102,586.3839960709571,540.2197769703794,189.07708961399908
outcome-lag-64,5,222,intersection,480,0.0,288.75,561.4052887037772,609.8884595339526,560.3458175447463,193.85901370311902
outcome-lag-64,5,222,intersection,512,0.0,308.0,580.918704606478,632.7081372853647,579.8592334474471,198.4264204141492
outcome-lag-64,5,222,completed,32,0.0,19.25,64.0,64.0,64.0,21.115173223486753
outcome-lag-64,5,222,completed,64,5.71875,28.875,112.0,112.0,112.0,42.409740417942594
outcome-lag-64,5,222,completed,96,13.224609375,35.4921875,154.85531027211456,154.11756608932123,154.11756608932123,58.95799106775882
outcome-lag-64,5,222,completed,128,13.224609375,54.7421875,211.30145244513392,211.71873038125887,210.38249621625573,77.01301125228944
outcome-lag-64,5,222,completed,160,13.224609375,73.9921875,261.58876152855305,266.0730781172921,260.6494331000548,96.51429874581741
outcome-lag-64,5,222,completed,192,13.224609375,93.2421875,304.7510128073325,313.9168154328777,303.7959319936035,111.99895223757098
outcome-lag-64,5,222,completed,224,13.224609375,112.4921875,341.7381567453235,356.19572952452074,340.78307593159457,124.29126568777401
outcome-lag-64,5,222,completed,256,13.224609375,131.7421875,374.4155255251175,392.4483853205843,373.46044471138856,133.13236551809385
outcome-lag-64,5,222,completed,288,13.224609375,150.9921875,404.2710918183887,426.0597032443351,403.3119865852291,140.91915502880715
outcome-lag-64,5,222,completed,320,13.224609375,170.2421875,431.5643530878132,457.5870548231674,430.60524785465356,148.34503079144395
outcome-lag-64,5,222,completed,352,13.224609375,189.4921875,456.98639048995045,486.6989714676566,456.0272852567909,154.81368710085889
outcome-lag-64,5,222,completed,384,13.224609375,208.7421875,481.1141860817662,514.597295254049,480.15508084860664,160.86333019222607
outcome-lag-64,5,222,completed,416,13.224609375,227.9921875,504.36731348134344,542.5278950514273,503.4082082481839,167.5970387738828
outcome-lag-64,5,222,completed,448,13.224609375,247.2421875,526.2403073875173,568.5594217652358,525.2812021543579,173.54070866414972
outcome-lag-64,5,222,completed,480,13.224609375,266.4921875,546.9368825573412,592.7348775793462,545.9777773241817,178.53918720068012
outcome-lag-64,5,222,completed,512,13.224609375,285.7421875,566.9802735332848,616.2031414975382,566.0211683001255,183.32404171205673
outcome-lag-64,5,222,plugin,32,2.693359375,10.5546875,51.0,51.0,51.0,16.103582771455127
outcome-lag-64,5,222,plugin,64,5.880859375,19.5546875,97.0,97.0,97.0,34.386422290898686
outcome-lag-64,5,222,plugin,96,9.068359375,28.5546875,143.85531027211456,143.11756608932123,143.11756608932123,51.406189099126586
outcome-lag-64,5,222,plugin,128,12.255859375,37.5546875,186.0729659324673,186.59067365203623,185.13565716451888,66.55817500471706
outcome-lag-64,5,222,plugin,160,15.443359375,46.5546875,216.43878692380844,221.62060191455794,215.50147815586,78.76314863822715
outcome-lag-64,5,222,plugin,192,18.630859375,55.5546875,245.03632929014205,254.54788524577617,244.09902052219363,88.80701420886749
outcome-lag-64,5,222,plugin,224,21.818359375,64.5546875,268.4922335013495,281.2493697056373,267.55492473340115,96.06039338829227
outcome-lag-64,5,222,plugin,256,24.955078125,74.1640625,291.893433303129,307.40611680671924,290.9561245351806,102.22996170013788
outcome-lag-64,5,222,plugin,288,28.017578125,84.6640625,311.7219329702911,329.7842816771598,310.78462420234274,107.23045242009972
outcome-lag-64,5,222,plugin,320,31.080078125,95.1640625,332.0681902469074,353.16100913255445,331.13088147895905,112.52460755252315
outcome-lag-64,5,222,plugin,352,34.142578125,105.6640625,352.572490162996,376.4766462446881,351.63518139504765,117.57338525545724
outcome-lag-64,5,222,plugin,384,37.205078125,116.1640625,369.74283148646873,396.01845711636867,368.80552271852036,121.61386007930511
outcome-lag-64,5,222,plugin,416,40.267578125,126.6640625,383.6405128578393,412.4053215919595,382.70320408989096,125.2636724142191
outcome-lag-64,5,222,plugin,448,43.330078125,137.1640625,398.76214159763356,430.18501740222223,397.8248328296852,129.02090797792528
outcome-lag-64,5,222,plugin,480,46.392578125,147.6640625,414.6988684908142,448.582853505453,413.76155972286585,132.57406001936974
outcome-lag-64,5,222,plugin,512,49.455078125,158.1640625,428.68514256290246,464.893429570821,427.7478337949541,135.84502998748562
outcome-lag-64,5,222,safe,32,11.4375,0.0,32.0,32.0,32.0,11.242968385840738
outcome-lag-64,5,222,safe,64,22.875,0.0,64.0,64.0,64.0,26.09891837658077
outcome-lag-64,5,222,safe,96,34.3125,0.0,95.85531027211454,95.1175660893212,95.1175660893212,39.503939389033725
outcome-lag-64,5,222,safe,128,45.75,0.0,120.30145244513405,120.7187303812588,119.38249621625573,49.14383346307946
outcome-lag-64,5,222,safe,160,57.1875,0.0,139.15952062787915,143.45955573419207,138.24056439900085,57.829658648493435
outcome-lag-64,5,222,safe,192,68.625,0.0,155.0843466045965,162.97355224291863,154.1653903757182,64.64104295237321
outcome-lag-64,5,222,safe,224,80.0625,0.0,169.1148095984452,179.18305598059334,168.1958533695669,69.17187233191483
outcome-lag-64,5,222,safe,256,91.5,0.0,181.77180776269185,193.97835209806377,180.85285153381355,73.09868084769914
outcome-lag-64,5,222,safe,288,102.9375,0.0,193.43378018273214,207.8231391621266,192.51482395385383,76.736820749437
outcome-lag-64,5,222,safe,320,114.375,0.0,204.2698449141665,220.53462386447524,203.3508886852882,79.79555767716656
outcome-lag-64,5,222,safe,352,125.8125,0.0,214.45708268734816,232.1765043588282,213.53812645846986,82.25714373774142
outcome-lag-64,5,222,safe,384,137.25,0.0,224.08521761555895,243.1720755523628,223.16626138668065,84.48162380122727
outcome-lag-64,5,222,safe,416,148.6875,0.0,233.24852022341037,254.1786476406185,232.32956399453207,87.07602525694675
outcome-lag-64,5,222,safe,448,160.125,0.0,242.008468409374,264.99472426280363,241.0895121804957,89.7980939193241
outcome-lag-64,5,222,safe,480,171.5625,0.0,250.41638020893433,275.1498085648936,249.49742398005603,92.14375053899687
outcome-lag-64,5,222,safe,512,183.0,0.0,258.49458473696376,284.6371461260229,257.57562850808546,94.07818065380451
outcome-lag-64,5,222,known,32,0.0,19.25,64.0,64.0,64.0,21.115173223486753
outcome-lag-64,5,222,known,64,0.0,38.5,128.0,128.0,128.0,50.97568110237079
outcome-lag-64,5,222,known,96,0.0,57.75,191.85531027211456,191.09585479856298,191.09585479856298,79.2190641525772
outcome-lag-64,5,222,known,128,0.0,77.0,247.83739592428293,248.21146091255073,246.77792476525204,100.73318434052855
outcome-lag-64,5,222,known,160,0.0,96.25,293.439953081204,300.0504758831452,292.3804819221731,118.74704956357681
outcome-lag-64,5,222,known,192,0.0,115.5,331.679649717785,344.26570431773496,330.6201785587541,132.3745371186878
outcome-lag-64,5,222,known,224,0.0,134.75,365.4852650677007,383.3766418519609,364.4257939086698,143.24201372096732
outcome-lag-64,5,222,known,256,0.0,154.0,395.9637099412687,417.5577408821689,394.90423878223777,151.3221833874563
outcome-lag-64,5,222,known,288,0.0,173.25,424.1012675511233,449.45271442206865,423.0417963920924,158.51987832601452
outcome-lag-64,5,222,known,320,0.0,192.5,450.09980188020097,479.54684638334385,449.04033072117005,165.41330584748133
outcome-lag-64,5,222,known,352,0.0,211.75,474.4837655918038,507.49382981597785,473.42429443277285,171.453423730875
outcome-lag-64,5,222,known,384,0.0,231.0,497.69779160779615,534.3107385304253,496.6383204487652,177.10853055887276
outcome-lag-64,5,222,known,416,0.0,250.25,520.0988004919396,561.1784512059785,519.0393293329088,183.42599180670538
outcome-lag-64,5,222,known,448,0.0,269.5,541.2792481294102,586.3839960709571,540.2197769703794,189.07708961399908
outcome-lag-64,5,222,known,480,0.0,288.75,561.4052887037772,609.8884595339526,560.3458175447463,193.85901370311902
outcome-lag-64,5,222,known,512,0.0,308.0,580.918704606478,632.7081372853647,579.8592334474471,198.4264204141492
outcome-lag-64,5,222,product,32,9.625,24.75,64.0,64.0,64.0,30.397886062149084
outcome-lag-64,5,222,product,64,19.25,49.5,128.0,128.0,128.0,68.30602388105812
outcome-lag-64,5,222,product,96,28.875,74.25,191.73264290044185,191.11756608932123,190.9948987176485,100.9099481632146
outcome-lag-64,5,222,product,128,38.5,99.0,241.25306885695392,246.84295939740332,240.3341126280756,124.76342410006866
outcome-lag-64,5,222,product,160,48.125,123.75,279.4563871448857,294.3578802421948,278.53743091600734,143.91524495613808
outcome-lag-64,5,222,product,192,57.75,148.5,312.66736325361626,335.79459677815555,311.7484070247379,158.5324424529006
outcome-lag-64,5,222,product,224,67.375,173.25,341.5546349815763,371.57520314707546,340.63567875269797,170.11039185564184
outcome-lag-64,5,222,product,256,77.0,198.0,368.90285032778,404.8370221415083,367.9838940989017,179.55341575701345
outcome-lag-64,5,222,product,288,86.625,222.75,393.6877233455933,434.69839039360073,392.768767116715,187.67840073067845
outcome-lag-64,5,222,product,320,96.25,247.5,416.2435446221839,462.45281212423345,415.3245883933056,195.4444728060177
outcome-lag-64,5,222,product,352,105.875,272.25,438.20313134278956,489.2818266054019,437.28417511391126,202.49718552993428
outcome-lag-64,5,222,product,384,115.5,297.0,461.15673628044715,516.3638454276585,460.23778005156885,208.6394672721669
outcome-lag-64,5,222,product,416,125.125,321.75,480.4221380930045,540.5259867700305,479.5031818641262,215.20198896031522
outcome-lag-64,5,222,product,448,134.75,346.5,498.89666872752736,564.0844564775622,497.97771249864905,221.70343795596415
outcome-lag-64,5,222,product,480,144.375,371.25,516.6793070796568,586.5096037763253,515.7603508507785,227.55432442867865
outcome-lag-64,5,222,product,512,154.0,396.0,534.5442315435126,608.2461183062154,533.6252753146343,232.5930857518642
single-blocker,5,222,prefix,32,0.0,19.25,64.0,63.96821681185914,63.96821681185914,10.646931473211032
single-blocker,5,222,prefix,64,0.0,38.5,128.0,121.29725752745713,121.29725752745713,12.778717927032377
single-blocker,5,222,prefix,96,0.0,57.75,192.0,168.35122932401316,168.35122932401316,14.008277712547299
single-blocker,5,222,prefix,128,0.0,77.0,256.0,207.74593015172317,207.74593015172317,14.875647476061038
single-blocker,5,222,prefix,160,0.0,96.25,320.0,242.48734944291152,242.48734944291152,15.553794830138715
single-blocker,5,222,prefix,192,0.0,115.5,384.0,273.62070606794737,273.62070606794737,16.099410575695924
single-blocker,5,222,prefix,224,0.0,134.75,448.0,302.32992248174247,302.32992248174247,16.565166057544403
single-blocker,5,222,prefix,256,0.0,154.0,512.0,328.8278962261968,328.8278962261968,16.962210438279865
single-blocker,5,222,prefix,288,0.0,173.25,576.0,353.8814914642221,353.8814914642221,17.31852707496364
single-blocker,5,222,prefix,320,0.0,192.5,640.0,377.39605096006255,377.39605096006255,17.63238213099564
single-blocker,5,222,prefix,352,0.0,211.75,704.0,399.58234796676027,399.58234796676027,17.911813588452922
single-blocker,5,222,prefix,384,0.0,231.0,768.0,421.00591141237186,421.00591141237186,18.173575147614837
single-blocker,5,222,prefix,416,0.0,250.25,832.0,441.80368698819035,441.80368698819035,18.421099295712715
single-blocker,5,222,prefix,448,0.0,269.5,896.0,461.58144653680984,461.58144653680984,18.64441178664725
single-blocker,5,222,prefix,480,0.0,288.75,960.0,480.5082829356461,480.5082829356461,18.848708811608216
single-blocker,5,222,prefix,512,0.0,308.0,1024.0,498.95520358880464,498.95520358880464,19.043358424384575
single-blocker,5,222,intersection,32,0.0,19.25,64.0,63.96821681185914,63.96821681185914,10.646931473211032
single-blocker,5,222,intersection,64,0.0,38.5,128.0,121.29725752745713,121.29725752745713,12.778717927032377
single-blocker,5,222,intersection,96,0.0,57.75,192.0,168.35122932401316,168.35122932401316,14.008277712547299
single-blocker,5,222,intersection,128,0.0,77.0,256.0,207.74593015172317,207.74593015172317,14.875647476061038
single-blocker,5,222,intersection,160,0.0,96.25,320.0,242.48734944291152,242.48734944291152,15.553794830138715
single-blocker,5,222,intersection,192,0.0,115.5,384.0,273.62070606794737,273.62070606794737,16.099410575695924
single-blocker,5,222,intersection,224,0.0,134.75,448.0,302.32992248174247,302.32992248174247,16.565166057544403
single-blocker,5,222,intersection,256,0.0,154.0,512.0,328.8278962261968,328.8278962261968,16.962210438279865
single-blocker,5,222,intersection,288,0.0,173.25,576.0,353.8814914642221,353.8814914642221,17.31852707496364
single-blocker,5,222,intersection,320,0.0,192.5,640.0,377.39605096006255,377.39605096006255,17.63238213099564
single-blocker,5,222,intersection,352,0.0,211.75,704.0,399.58234796676027,399.58234796676027,17.911813588452922
single-blocker,5,222,intersection,384,0.0,231.0,768.0,421.00591141237186,421.00591141237186,18.173575147614837
single-blocker,5,222,intersection,416,0.0,250.25,832.0,441.80368698819035,441.80368698819035,18.421099295712715
single-blocker,5,222,intersection,448,0.0,269.5,896.0,461.58144653680984,461.58144653680984,18.64441178664725
single-blocker,5,222,intersection,480,0.0,288.75,960.0,480.5082829356461,480.5082829356461,18.848708811608216
single-blocker,5,222,intersection,512,0.0,308.0,1024.0,498.95520358880464,498.95520358880464,19.043358424384575
single-blocker,5,222,completed,32,0.0,19.25,64.0,63.96821681185914,63.96821681185914,10.646931473211032
single-blocker,5,222,completed,64,0.0,38.5,128.0,121.29725752745713,121.29725752745713,12.778717927032377
single-blocker,5,222,completed,96,0.0,57.75,192.0,168.35122932401316,168.35122932401316,14.008277712547299
single-blocker,5,222,completed,128,0.0,77.0,256.0,207.74593015172317,207.74593015172317,14.875647476061038
single-blocker,5,222,completed,160,0.0,96.25,320.0,242.48734944291152,242.48734944291152,15.553794830138715
single-blocker,5,222,completed,192,0.0,115.5,384.0,273.62070606794737,273.62070606794737,16.099410575695924
single-blocker,5,222,completed,224,0.0,134.75,448.0,302.32992248174247,302.32992248174247,16.565166057544403
single-blocker,5,222,completed,256,0.0,154.0,512.0,328.8278962261968,328.8278962261968,16.962210438279865
single-blocker,5,222,completed,288,0.0,173.25,576.0,353.8814914642221,353.8814914642221,17.31852707496364
single-blocker,5,222,completed,320,0.0,192.5,640.0,377.39605096006255,377.39605096006255,17.63238213099564
single-blocker,5,222,completed,352,0.0,211.75,704.0,399.58234796676027,399.58234796676027,17.911813588452922
single-blocker,5,222,completed,384,0.0,231.0,768.0,421.00591141237186,421.00591141237186,18.173575147614837
single-blocker,5,222,completed,416,0.0,250.25,832.0,441.80368698819035,441.80368698819035,18.421099295712715
single-blocker,5,222,completed,448,0.0,269.5,896.0,461.58144653680984,461.58144653680984,18.64441178664725
single-blocker,5,222,completed,480,0.0,288.75,960.0,480.5082829356461,480.5082829356461,18.848708811608216
single-blocker,5,222,completed,512,0.0,308.0,1024.0,498.95520358880464,498.95520358880464,19.043358424384575
single-blocker,5,222,plugin,32,1.685546875,13.8984375,54.0,53.96821681185914,53.96821681185914,9.491307521998847
single-blocker,5,222,plugin,64,4.873046875,22.8984375,100.0,93.41680044284458,93.41680044284458,10.806586367959497
single-blocker,5,222,plugin,96,8.060546875,31.8984375,147.0,126.02152391524803,126.02152391524803,11.614627929773436
single-blocker,5,222,plugin,128,11.130859375,42.3046875,197.0,155.4578113908031,155.4578113908031,12.236933829628283
single-blocker,5,222,plugin,160,14.193359375,52.8046875,243.0,178.70592728673643,178.70592728673643,12.660095096549986
single-blocker,5,222,plugin,192,17.255859375,63.3046875,295.0,203.0713080106434,203.0713080106434,13.072510368946734
single-blocker,5,222,plugin,224,20.318359375,73.8046875,343.0,223.24552900648362,223.24552900648362,13.378982982619181
single-blocker,5,222,plugin,256,23.380859375,84.3046875,396.0,244.33337750302604,244.33337750302604,13.682554213338257
single-blocker,5,222,plugin,288,26.443359375,94.8046875,444.0,261.81431433896955,261.81431433896955,13.912952951210865
single-blocker,5,222,plugin,320,29.505859375,105.3046875,496.0,279.99458501824427,279.99458501824427,14.14325907515337
single-blocker,5,222,plugin,352,32.568359375,115.8046875,551.0,298.3574974762134,298.3574974762134,14.365253336915375
single-blocker,5,222,plugin,384,35.630859375,126.3046875,601.0,313.9512178973872,313.9512178973872,14.541330497201688
single-blocker,5,222,plugin,416,38.693359375,136.8046875,645.0,326.77357975924343,326.77357975924343,14.676659766961949
single-blocker,5,222,plugin,448,41.755859375,147.3046875,694.0,340.8792665932456,340.8792665932456,14.824162218836447
single-blocker,5,222,plugin,480,44.818359375,157.8046875,747.0,355.8062448051371,355.8062448051371,14.976943631505343
single-blocker,5,222,plugin,512,47.880859375,168.3046875,796.0,368.9223725272645,368.9223725272645,15.10453100435363
single-blocker,5,222,safe,32,11.4375,0.0,32.0,31.968216811859147,31.968216811859147,4.02724519543652
single-blocker,5,222,safe,64,22.875,0.0,64.0,57.42435623340214,57.42435623340214,4.7282659037057675
single-blocker,5,222,safe,96,34.3125,0.0,96.0,76.78319682780861,76.78319682780861,5.136346480888775
single-blocker,5,222,safe,128,45.75,0.0,128.0,93.03345515740088,93.03345515740088,5.425334592589174
single-blocker,5,222,safe,160,57.1875,0.0,160.0,107.31238195727079,107.31238195727079,5.649261224939744
single-blocker,5,222,safe,192,68.625,0.0,192.0,120.1978375468853,120.1978375468853,5.832104609707439
single-blocker,5,222,safe,224,80.0625,0.0,224.0,132.0310352083931,132.0310352083931,5.986627913082163
single-blocker,5,222,safe,256,91.5,0.0,256.0,143.03333360981438,143.03333360981438,6.120438712817281
single-blocker,5,222,safe,288,102.9375,0.0,288.0,153.35798108855585,153.35798108855585,6.238439029233648
single-blocker,5,222,safe,320,114.375,0.0,320.0,163.1162631808352,163.1162631808352,6.343973346894013
single-blocker,5,222,safe,352,125.8125,0.0,352.0,172.39200998111025,172.39200998111025,6.43942571339101
single-blocker,5,222,safe,384,137.25,0.0,384.0,181.25023096678382,181.25023096678382,6.5265555690159704
single-blocker,5,222,safe,416,148.6875,0.0,416.0,189.74254455085054,189.74254455085054,6.6066985205464555
single-blocker,5,222,safe,448,160.125,0.0,448.0,197.91074640079475,197.91074640079475,6.680892410683006
single-blocker,5,222,safe,480,171.5625,0.0,480.0,205.78924141297622,205.78924141297622,6.7499597404471405
single-blocker,5,222,safe,512,183.0,0.0,512.0,213.40675252840046,213.40675252840046,6.81456340954972
single-blocker,5,222,known,32,0.0,19.25,64.0,63.96821681185914,63.96821681185914,10.646931473211032
single-blocker,5,222,known,64,0.0,38.5,128.0,121.29725752745713,121.29725752745713,12.778717927032377
single-blocker,5,222,known,96,0.0,57.75,192.0,168.35122932401316,168.35122932401316,14.008277712547299
single-blocker,5,222,known,128,0.0,77.0,256.0,207.74593015172317,207.74593015172317,14.875647476061038
single-blocker,5,222,known,160,0.0,96.25,320.0,242.48734944291152,242.48734944291152,15.553794830138715
single-blocker,5,222,known,192,0.0,115.5,384.0,273.62070606794737,273.62070606794737,16.099410575695924
single-blocker,5,222,known,224,0.0,134.75,448.0,302.32992248174247,302.32992248174247,16.565166057544403
single-blocker,5,222,known,256,0.0,154.0,512.0,328.8278962261968,328.8278962261968,16.962210438279865
single-blocker,5,222,known,288,0.0,173.25,576.0,353.8814914642221,353.8814914642221,17.31852707496364
single-blocker,5,222,known,320,0.0,192.5,640.0,377.39605096006255,377.39605096006255,17.63238213099564
single-blocker,5,222,known,352,0.0,211.75,704.0,399.58234796676027,399.58234796676027,17.911813588452922
single-blocker,5,222,known,384,0.0,231.0,768.0,421.00591141237186,421.00591141237186,18.173575147614837
single-blocker,5,222,known,416,0.0,250.25,832.0,441.80368698819035,441.80368698819035,18.421099295712715
single-blocker,5,222,known,448,0.0,269.5,896.0,461.58144653680984,461.58144653680984,18.64441178664725
single-blocker,5,222,known,480,0.0,288.75,960.0,480.5082829356461,480.5082829356461,18.848708811608216
single-blocker,5,222,known,512,0.0,308.0,1024.0,498.95520358880464,498.95520358880464,19.043358424384575
single-blocker,5,222,product,32,9.625,24.75,64.0,63.960661021301576,63.960661021301576,8.022232326356912
single-blocker,5,222,product,64,19.25,49.5,128.0,115.79869019748703,115.79869019748703,10.908136316657515
single-blocker,5,222,product,96,28.875,74.25,192.0,155.78868966208674,155.78868966208674,12.302250417070626
single-blocker,5,222,product,128,38.5,99.0,256.0,188.67746015462217,188.67746015462217,12.8939973973973
single-blocker,5,222,product,160,48.125,123.75,320.0,217.49656881099455,217.49656881099455,13.350006065047598
single-blocker,5,222,product,192,57.75,148.5,384.0,244.6763860806029,244.6763860806029,14.076970962124415
single-blocker,5,222,product,224,67.375,173.25,448.0,269.1888774693914,269.1888774693914,14.529662527591483
single-blocker,5,222,product,256,77.0,198.0,512.0,293.3677375613473,293.3677375613473,15.12583863759716
single-blocker,5,222,product,288,86.625,222.75,576.0,315.5954327217781,315.5954327217781,15.533817186267342
single-blocker,5,222,product,320,96.25,247.5,640.0,336.0270843366336,336.0270843366336,15.82327299198345
single-blocker,5,222,product,352,105.875,272.25,704.0,356.2020343714354,356.2020343714354,16.150492698104838
single-blocker,5,222,product,384,115.5,297.0,768.0,377.73150157029585,377.73150157029585,16.59453568243835
single-blocker,5,222,product,416,125.125,321.75,832.0,395.6837969120973,395.6837969120973,16.804354227158964
single-blocker,5,222,product,448,134.75,346.5,896.0,412.9817515050529,412.9817515050529,16.999833562777255
single-blocker,5,222,product,480,144.375,371.25,960.0,429.69556334141276,429.69556334141276,17.182862833957707
single-blocker,5,222,product,512,154.0,396.0,1024.0,446.64337043086624,446.64337043086624,17.392916716706733
outcome-lag-64,7,222,prefix,32,0.0,17.25,64.0,64.0,64.0,39.25940652228233
outcome-lag-64,7,222,prefix,64,0.0,34.5,128.0,128.0,128.0,75.56862119284268
outcome-lag-64,7,222,prefix,96,0.0,51.75,191.48685803585147,190.03892284537054,190.03892284537054,105.51688677178586
outcome-lag-64,7,222,prefix,128,0.0,69.0,247.1895992474219,247.06236124320088,245.27187930036797,127.18363928867723
outcome-lag-64,7,222,prefix,160,0.0,86.25,293.07614167485286,296.6288046654964,290.2897839206143,142.66178510974643
outcome-lag-64,7,222,prefix,192,0.0,103.5,331.0818521569462,339.93586056917155,328.25761990781666,155.48465725012377
outcome-lag-64,7,222,prefix,224,0.0,120.75,364.62390040611615,379.7536942173632,361.7996681569866,167.39522753477033
outcome-lag-64,7,222,prefix,256,0.0,138.0,395.3789033630796,416.1860355605644,392.55467111395006,177.33545269748805
outcome-lag-64,7,222,prefix,288,0.0,155.25,423.3455166215781,449.91501313635445,420.5212843724486,186.55245354190401
outcome-lag-64,7,222,prefix,320,0.0,172.5,449.7447588139948,481.6937119633574,446.92052656486527,194.83962878528902
outcome-lag-64,7,222,prefix,352,0.0,189.75,474.49210894130835,511.53151162011653,471.6678766921788,202.4163389806518
outcome-lag-64,7,222,prefix,384,0.0,207.0,497.8479167326255,539.6052496224601,495.02368448349597,209.27066654981144
outcome-lag-64,7,222,prefix,416,0.0,224.25,519.8982223103059,566.1085200248607,517.0739900611765,215.52148451583474
outcome-lag-64,7,222,prefix,448,0.0,241.5,541.145606184989,591.4763814702361,538.3213739358596,221.2515751737716
outcome-lag-64,7,222,prefix,480,0.0,258.75,561.4741502362924,615.9900319156044,558.649917987163,226.88316893718078
outcome-lag-64,7,222,prefix,512,0.0,276.0,580.9493563308265,639.3943083483061,578.1251240816971,232.10034879504482
outcome-lag-64,7,222,intersection,32,0.0,17.25,64.0,64.0,64.0,39.25940652228233
outcome-lag-64,7,222,intersection,64,0.0,34.5,128.0,128.0,128.0,75.56862119284268
outcome-lag-64,7,222,intersection,96,0.0,51.75,191.48685803585147,190.03892284537054,190.03892284537054,105.51688677178586
outcome-lag-64,7,222,intersection,128,0.0,69.0,247.1895992474219,247.06236124320088,245.27187930036797,127.18363928867723
outcome-lag-64,7,222,intersection,160,0.0,86.25,293.07614167485286,296.6288046654964,290.2897839206143,142.66178510974643
outcome-lag-64,7,222,intersection,192,0.0,103.5,331.0818521569462,339.93586056917155,328.25761990781666,155.48465725012377
outcome-lag-64,7,222,intersection,224,0.0,120.75,364.62390040611615,379.7536942173632,361.7996681569866,167.39522753477033
outcome-lag-64,7,222,intersection,256,0.0,138.0,395.3789033630796,416.1860355605644,392.55467111395006,177.33545269748805
outcome-lag-64,7,222,intersection,288,0.0,155.25,423.3455166215781,449.91501313635445,420.5212843724486,186.55245354190401
outcome-lag-64,7,222,intersection,320,0.0,172.5,449.7447588139948,481.6937119633574,446.92052656486527,194.83962878528902
outcome-lag-64,7,222,intersection,352,0.0,189.75,474.49210894130835,511.53151162011653,471.6678766921788,202.4163389806518
outcome-lag-64,7,222,intersection,384,0.0,207.0,497.8479167326255,539.6052496224601,495.02368448349597,209.27066654981144
outcome-lag-64,7,222,intersection,416,0.0,224.25,519.8982223103059,566.1085200248607,517.0739900611765,215.52148451583474
outcome-lag-64,7,222,intersection,448,0.0,241.5,541.145606184989,591.4763814702361,538.3213739358596,221.2515751737716
outcome-lag-64,7,222,intersection,480,0.0,258.75,561.4741502362924,615.9900319156044,558.649917987163,226.88316893718078
outcome-lag-64,7,222,intersection,512,0.0,276.0,580.9493563308265,639.3943083483061,578.1251240816971,232.10034879504482
outcome-lag-64,7,222,completed,32,0.0,17.25,64.0,64.0,64.0,39.25940652228233
outcome-lag-64,7,222,completed,64,5.8828125,28.03125,116.0,116.0,116.0,66.94772096326103
outcome-lag-64,7,222,completed,96,8.82421875,42.046875,173.48685803585147,172.03892284537054,172.03892284537054,90.91293685764059
outcome-lag-64,7,222,completed,128,8.82421875,59.296875,229.46530818093132,229.09036194677486,227.560617250255,110.18804233523744
outcome-lag-64,7,222,completed,160,8.82421875,76.546875,278.0021961915991,280.86398942880106,275.14360928299055,126.57575660698706
outcome-lag-64,7,222,completed,192,8.82421875,93.796875,318.0264104388316,325.9162261573442,315.03265482561284,140.14411668423185
outcome-lag-64,7,222,completed,224,8.82421875,111.046875,352.9261973793572,367.2202222331206,349.9324417661384,152.78632694763306
outcome-lag-64,7,222,completed,256,8.82421875,128.296875,384.6823195595637,404.80522205842084,381.6885639463449,163.24843381877727
outcome-lag-64,7,222,completed,288,8.82421875,145.546875,413.40516713248553,439.4128242921471,410.4114115192667,172.84343243828977
outcome-lag-64,7,222,completed,320,8.82421875,162.796875,440.4247281469918,471.91072357460706,437.430972533773,181.41762804559363
outcome-lag-64,7,222,completed,352,8.82421875,180.046875,465.6836033861381,502.3409414333116,462.6898477729193,189.2210367623065
outcome-lag-64,7,222,completed,384,8.82421875,197.296875,489.46542969646924,530.9073170544146,486.47167408325043,196.25172462819995
outcome-lag-64,7,222,completed,416,8.82421875,214.546875,511.8744669301067,557.841080439251,508.88071131688787,202.65593936593763
outcome-lag-64,7,222,completed,448,8.82421875,231.796875,533.4363367803813,583.5945284313966,530.4425811671625,208.52431133141198
outcome-lag-64,7,222,completed,480,8.82421875,249.046875,554.042214610022,608.4639587043713,551.0484589968032,214.29076742097624
outcome-lag-64,7,222,completed,512,8.82421875,266.296875,573.7633631730579,632.1805420806606,570.7696075598391,219.62077535089506
outcome-lag-64,7,222,plugin,32,0.833984375,7.6171875,55.0,55.0,55.0,37.04035890323472
outcome-lag-64,7,222,plugin,64,2.146484375,13.1171875,101.0,101.0,101.0,64.38028805933752
outcome-lag-64,7,222,plugin,96,3.103515625,19.6328125,149.48685803585147,148.03892284537048,148.03892284537048,87.4777380788514
outcome-lag-64,7,222,plugin,128,3.978515625,26.3828125,188.4656312424807,188.0903619467748,186.56094031180433,103.15180866072707
outcome-lag-64,7,222,plugin,160,4.853515625,33.1328125,219.33853214291238,223.43196848277245,217.43384121223602,115.2664555062436
outcome-lag-64,7,222,plugin,192,5.728515625,39.8828125,249.5489155597093,258.69899797831704,247.64422462903292,126.3105725346087
outcome-lag-64,7,222,plugin,224,6.603515625,46.6328125,277.0248164568189,291.51396444894027,275.12012552614254,136.58598914717342
outcome-lag-64,7,222,plugin,256,7.478515625,53.3828125,297.34924838743535,315.9736065515828,295.444557456759,143.76138810863725
outcome-lag-64,7,222,plugin,288,8.353515625,60.1328125,318.89014789817173,342.4937081700516,316.9854569674954,151.44819240835395
outcome-lag-64,7,222,plugin,320,9.228515625,66.8828125,336.17081598432105,363.7743399493205,334.2661250536447,157.3579313970363
outcome-lag-64,7,222,plugin,352,10.103515625,73.6328125,352.7859204703282,384.3606200671271,350.8812295396519,162.88931656377505
outcome-lag-64,7,222,plugin,384,10.978515625,80.3828125,368.92293501031577,404.4296652718722,367.01824407963943,168.1746105910705
outcome-lag-64,7,222,plugin,416,11.853515625,87.1328125,385.4936688392921,424.7124743509092,383.5889779086158,173.204541665332
outcome-lag-64,7,222,plugin,448,12.728515625,93.8828125,399.50678503956215,441.78924143377077,397.6020941088858,177.33199711975598
outcome-lag-64,7,222,plugin,480,13.603515625,100.6328125,413.70601330561027,459.24817652094225,411.80132237493393,181.60539746191768
outcome-lag-64,7,222,plugin,512,14.478515625,107.3828125,428.3892607026458,477.16876939693356,426.48456977196946,185.80566168932125
outcome-lag-64,7,222,safe,32,15.6875,0.0,32.0,32.0,32.0,17.415556701652328
outcome-lag-64,7,222,safe,64,31.375,0.0,64.0,64.0,64.0,32.32971728852962
outcome-lag-64,7,222,safe,96,47.0625,0.0,95.48685803585155,94.03892284537051,94.03892284537051,43.94776290328499
outcome-lag-64,7,222,safe,128,62.75,0.0,119.90882146472796,119.09036194677482,118.00413053405146,53.037931786797415
outcome-lag-64,7,222,safe,160,78.4375,0.0,138.7716688805853,141.24697815918134,136.8669779499088,61.13954783168464
outcome-lag-64,7,222,safe,192,94.125,0.0,154.69076247699843,160.3225085748649,152.78607154632192,67.51246604252132
outcome-lag-64,7,222,safe,224,109.8125,0.0,168.71572326364432,176.1484302008719,166.8110323329678,71.65971331039522
outcome-lag-64,7,222,safe,256,125.5,0.0,181.37898855820598,190.58800231651117,179.47429762752947,75.23079782434829
outcome-lag-64,7,222,safe,288,141.1875,0.0,193.02324968198576,204.6948010401496,191.11855875130925,79.13094938566171
outcome-lag-64,7,222,safe,320,156.875,0.0,203.88181024347466,218.1053723592191,201.97711931279815,82.88877293011222
outcome-lag-64,7,222,safe,352,172.5625,0.0,214.05263366973108,230.87012976552853,212.14794273905457,86.47323590264352
outcome-lag-64,7,222,safe,384,188.25,0.0,223.69887858888742,243.07823711483138,221.79418765821092,89.9102521218977
outcome-lag-64,7,222,safe,416,203.9375,0.0,232.87108128748613,254.50655369703298,230.96639035680963,92.9263980715631
outcome-lag-64,7,222,safe,448,219.625,0.0,241.63490431716443,265.1476654965788,239.73021338648792,95.47350191130104
outcome-lag-64,7,222,safe,480,235.3125,0.0,250.0383681742727,275.2699021856778,248.1336772435962,97.78631091798265
outcome-lag-64,7,222,safe,512,251.0,0.0,258.1256917312665,285.08130156822574,256.22100080058993,100.04480285420904
outcome-lag-64,7,222,known,32,0.0,17.25,64.0,64.0,64.0,39.25940652228233
outcome-lag-64,7,222,known,64,0.0,34.5,128.0,128.0,128.0,75.56862119284268
outcome-lag-64,7,222,known,96,0.0,51.75,191.48685803585147,190.03892284537054,190.03892284537054,105.51688677178586
outcome-lag-64,7,222,known,128,0.0,69.0,247.1895992474219,247.06236124320088,245.27187930036797,127.18363928867723
outcome-lag-64,7,222,known,160,0.0,86.25,293.07614167485286,296.6288046654964,290.2897839206143,142.66178510974643
outcome-lag-64,7,222,known,192,0.0,103.5,331.0818521569462,339.93586056917155,328.25761990781666,155.48465725012377
outcome-lag-64,7,222,known,224,0.0,120.75,364.62390040611615,379.7536942173632,361.7996681569866,167.39522753477033
outcome-lag-64,7,222,known,256,0.0,138.0,395.3789033630796,416.1860355605644,392.55467111395006,177.33545269748805
outcome-lag-64,7,222,known,288,0.0,155.25,423.3455166215781,449.91501313635445,420.5212843724486,186.55245354190401
outcome-lag-64,7,222,known,320,0.0,172.5,449.7447588139948,481.6937119633574,446.92052656486527,194.83962878528902
outcome-lag-64,7,222,known,352,0.0,189.75,474.49210894130835,511.53151162011653,471.6678766921788,202.4163389806518
outcome-lag-64,7,222,known,384,0.0,207.0,497.8479167326255,539.6052496224601,495.02368448349597,209.27066654981144
outcome-lag-64,7,222,known,416,0.0,224.25,519.8982223103059,566.1085200248607,517.0739900611765,215.52148451583474
outcome-lag-64,7,222,known,448,0.0,241.5,541.145606184989,591.4763814702361,538.3213739358596,221.2515751737716
outcome-lag-64,7,222,known,480,0.0,258.75,561.4741502362924,615.9900319156044,558.649917987163,226.88316893718078
outcome-lag-64,7,222,known,512,0.0,276.0,580.9493563308265,639.3943083483061,578.1251240816971,232.10034879504482
outcome-lag-64,7,222,product,32,0.0,17.25,64.0,64.0,64.0,39.25940652228233
outcome-lag-64,7,222,product,64,0.0,34.5,128.0,128.0,128.0,75.56862119284268
outcome-lag-64,7,222,product,96,0.0,51.75,191.48685803585147,190.03892284537054,190.03892284537054,105.51688677178586
outcome-lag-64,7,222,product,128,0.0,69.0,247.1895992474219,247.06236124320088,245.27187930036797,127.18363928867723
outcome-lag-64,7,222,product,160,0.0,86.25,293.07614167485286,296.6288046654964,290.2897839206143,142.66178510974643
outcome-lag-64,7,222,product,192,0.0,103.5,331.0818521569462,339.93586056917155,328.25761990781666,155.48465725012377
outcome-lag-64,7,222,product,224,0.0,120.75,364.62390040611615,379.7536942173632,361.7996681569866,167.39522753477033
outcome-lag-64,7,222,product,256,0.0,138.0,395.3789033630796,416.1860355605644,392.55467111395006,177.33545269748805
outcome-lag-64,7,222,product,288,0.0,155.25,423.3455166215781,449.91501313635445,420.5212843724486,186.55245354190401
outcome-lag-64,7,222,product,320,0.0,172.5,449.7447588139948,481.6937119633574,446.92052656486527,194.83962878528902
outcome-lag-64,7,222,product,352,0.0,189.75,474.49210894130835,511.53151162011653,471.6678766921788,202.4163389806518
outcome-lag-64,7,222,product,384,0.0,207.0,497.8479167326255,539.6052496224601,495.02368448349597,209.27066654981144
outcome-lag-64,7,222,product,416,0.0,224.25,519.8982223103059,566.1085200248607,517.0739900611765,215.52148451583474
outcome-lag-64,7,222,product,448,0.0,241.5,541.145606184989,591.4763814702361,538.3213739358596,221.2515751737716
outcome-lag-64,7,222,product,480,0.0,258.75,561.4741502362924,615.9900319156044,558.649917987163,226.88316893718078
outcome-lag-64,7,222,product,512,0.0,276.0,580.9493563308265,639.3943083483061,578.1251240816971,232.10034879504482
single-blocker,7,222,prefix,32,0.0,17.25,64.0,63.96821681185914,63.96821681185914,10.553953106548454
single-blocker,7,222,prefix,64,0.0,34.5,128.0,120.81662176040327,120.81662176040327,12.732126094754628
single-blocker,7,222,prefix,96,0.0,51.75,192.0,167.88066702102373,167.88066702102373,13.983501731751245
single-blocker,7,222,prefix,128,0.0,69.0,256.0,207.61462795729733,207.61462795729733,14.869640705010482
single-blocker,7,222,prefix,160,0.0,86.25,320.0,242.38279260262647,242.38279260262647,15.54950774911323
single-blocker,7,222,prefix,192,0.0,103.5,384.0,273.40891058467815,273.40891058467815,16.091441967867055
single-blocker,7,222,prefix,224,0.0,120.75,448.0,301.7703271511267,301.7703271511267,16.545595170770643
single-blocker,7,222,prefix,256,0.0,138.0,512.0,328.6740187688443,328.6740187688443,16.95717060800481
single-blocker,7,222,prefix,288,0.0,155.25,576.0,353.5366832349221,353.5366832349221,17.30785834270843
single-blocker,7,222,prefix,320,0.0,172.5,640.0,377.351419418016,377.351419418016,17.631070942184447
single-blocker,7,222,prefix,352,0.0,189.75,704.0,399.90222948526633,399.90222948526633,17.92079154803819
single-blocker,7,222,prefix,384,0.0,207.0,768.0,421.3846079723252,421.3846079723252,18.18375960191329
single-blocker,7,222,prefix,416,0.0,224.25,832.0,441.8762755937648,441.8762755937648,18.422974786975868
single-blocker,7,222,prefix,448,0.0,241.5,896.0,461.7394175341509,461.7394175341509,18.64834593992341
single-blocker,7,222,prefix,480,0.0,258.75,960.0,480.8295765876008,480.8295765876008,18.856448311413857
single-blocker,7,222,prefix,512,0.0,276.0,1024.0,499.2095194326781,499.2095194326781,19.049294581653562
single-blocker,7,222,intersection,32,0.0,17.25,64.0,63.96821681185914,63.96821681185914,10.553953106548454
single-blocker,7,222,intersection,64,0.0,34.5,128.0,120.81662176040327,120.81662176040327,12.732126094754628
single-blocker,7,222,intersection,96,0.0,51.75,192.0,167.88066702102373,167.88066702102373,13.983501731751245
single-blocker,7,222,intersection,128,0.0,69.0,256.0,207.61462795729733,207.61462795729733,14.869640705010482
single-blocker,7,222,intersection,160,0.0,86.25,320.0,242.38279260262647,242.38279260262647,15.54950774911323
single-blocker,7,222,intersection,192,0.0,103.5,384.0,273.40891058467815,273.40891058467815,16.091441967867055
single-blocker,7,222,intersection,224,0.0,120.75,448.0,301.7703271511267,301.7703271511267,16.545595170770643
single-blocker,7,222,intersection,256,0.0,138.0,512.0,328.6740187688443,328.6740187688443,16.95717060800481
single-blocker,7,222,intersection,288,0.0,155.25,576.0,353.5366832349221,353.5366832349221,17.30785834270843
single-blocker,7,222,intersection,320,0.0,172.5,640.0,377.351419418016,377.351419418016,17.631070942184447
single-blocker,7,222,intersection,352,0.0,189.75,704.0,399.90222948526633,399.90222948526633,17.92079154803819
single-blocker,7,222,intersection,384,0.0,207.0,768.0,421.3846079723252,421.3846079723252,18.18375960191329
single-blocker,7,222,intersection,416,0.0,224.25,832.0,441.8762755937648,441.8762755937648,18.422974786975868
single-blocker,7,222,intersection,448,0.0,241.5,896.0,461.7394175341509,461.7394175341509,18.64834593992341
single-blocker,7,222,intersection,480,0.0,258.75,960.0,480.8295765876008,480.8295765876008,18.856448311413857
single-blocker,7,222,intersection,512,0.0,276.0,1024.0,499.2095194326781,499.2095194326781,19.049294581653562
single-blocker,7,222,completed,32,0.0,17.25,64.0,63.96821681185914,63.96821681185914,10.553953106548454
single-blocker,7,222,completed,64,0.0,34.5,128.0,120.81662176040327,120.81662176040327,12.732126094754628
single-blocker,7,222,completed,96,0.0,51.75,192.0,167.88066702102373,167.88066702102373,13.983501731751245
single-blocker,7,222,completed,128,0.0,69.0,256.0,207.61462795729733,207.61462795729733,14.869640705010482
single-blocker,7,222,completed,160,0.0,86.25,320.0,242.38279260262647,242.38279260262647,15.54950774911323
single-blocker,7,222,completed,192,0.0,103.5,384.0,273.40891058467815,273.40891058467815,16.091441967867055
single-blocker,7,222,completed,224,0.0,120.75,448.0,301.7703271511267,301.7703271511267,16.545595170770643
single-blocker,7,222,completed,256,0.0,138.0,512.0,328.6740187688443,328.6740187688443,16.95717060800481
single-blocker,7,222,completed,288,0.0,155.25,576.0,353.5366832349221,353.5366832349221,17.30785834270843
single-blocker,7,222,completed,320,0.0,172.5,640.0,377.351419418016,377.351419418016,17.631070942184447
single-blocker,7,222,completed,352,0.0,189.75,704.0,399.90222948526633,399.90222948526633,17.92079154803819
single-blocker,7,222,completed,384,0.0,207.0,768.0,421.3846079723252,421.3846079723252,18.18375960191329
single-blocker,7,222,completed,416,0.0,224.25,832.0,441.8762755937648,441.8762755937648,18.422974786975868
single-blocker,7,222,completed,448,0.0,241.5,896.0,461.7394175341509,461.7394175341509,18.64834593992341
single-blocker,7,222,completed,480,0.0,258.75,960.0,480.8295765876008,480.8295765876008,18.856448311413857
single-blocker,7,222,completed,512,0.0,276.0,1024.0,499.2095194326781,499.2095194326781,19.049294581653562
single-blocker,7,222,plugin,32,0.57421875,10.359375,58.0,57.96821681185914,57.96821681185914,9.708318185913534
single-blocker,7,222,plugin,64,1.44921875,17.109375,108.0,100.81662176040327,100.81662176040327,11.039501250334457
single-blocker,7,222,plugin,96,2.32421875,23.859375,157.0,133.62156458308556,133.62156458308556,11.813292026148202
single-blocker,7,222,plugin,128,3.19921875,30.609375,204.0,160.05640577869286,160.05640577869286,12.341504683560585
single-blocker,7,222,plugin,160,4.07421875,37.359375,251.0,183.46077014813866,183.46077014813866,12.758332298740362
single-blocker,7,222,plugin,192,4.94921875,44.109375,304.0,207.84208386614586,207.84208386614586,13.160802266615455
single-blocker,7,222,plugin,224,5.82421875,50.859375,358.0,230.53663042208632,230.53663042208632,13.503108339004669
single-blocker,7,222,plugin,256,6.69921875,57.609375,404.0,247.96256028193167,247.96256028193167,13.740331762656583
single-blocker,7,222,plugin,288,7.57421875,64.359375,456.0,266.93105527192023,266.93105527192023,13.989667607137125
single-blocker,7,222,plugin,320,8.44921875,71.109375,502.0,282.42219274589905,282.42219274589905,14.177844559011815
single-blocker,7,222,plugin,352,9.32421875,77.859375,549.0,297.58984752799563,297.58984752799563,14.35486365643179
single-blocker,7,222,plugin,384,10.19921875,84.609375,597.0,312.4803400959437,312.4803400959437,14.522236874643992
single-blocker,7,222,plugin,416,11.07421875,91.359375,648.0,327.83757178063667,327.83757178063667,14.689993275881747
single-blocker,7,222,plugin,448,11.94921875,98.109375,694.0,340.8792665932459,340.8792665932459,14.824162218836456
single-blocker,7,222,plugin,480,12.82421875,104.859375,742.0,354.1548104365368,354.1548104365368,14.957638036597766
single-blocker,7,222,plugin,512,13.69921875,111.609375,793.0,367.9646244216597,367.9646244216597,15.09370058534243
single-blocker,7,222,safe,32,15.6875,0.0,32.0,31.968216811859147,31.968216811859147,4.02724519543652
single-blocker,7,222,safe,64,31.375,0.0,64.0,57.42435623340214,57.42435623340214,4.7282659037057675
single-blocker,7,222,safe,96,47.0625,0.0,96.0,76.78319682780861,76.78319682780861,5.136346480888775
single-blocker,7,222,safe,128,62.75,0.0,128.0,93.03345515740088,93.03345515740088,5.425334592589174
single-blocker,7,222,safe,160,78.4375,0.0,160.0,107.31238195727079,107.31238195727079,5.649261224939744
single-blocker,7,222,safe,192,94.125,0.0,192.0,120.1978375468853,120.1978375468853,5.832104609707439
single-blocker,7,222,safe,224,109.8125,0.0,224.0,132.0310352083931,132.0310352083931,5.986627913082163
single-blocker,7,222,safe,256,125.5,0.0,256.0,143.03333360981438,143.03333360981438,6.120438712817281
single-blocker,7,222,safe,288,141.1875,0.0,288.0,153.35798108855585,153.35798108855585,6.238439029233648
single-blocker,7,222,safe,320,156.875,0.0,320.0,163.1162631808352,163.1162631808352,6.343973346894013
single-blocker,7,222,safe,352,172.5625,0.0,352.0,172.39200998111025,172.39200998111025,6.43942571339101
single-blocker,7,222,safe,384,188.25,0.0,384.0,181.25023096678382,181.25023096678382,6.5265555690159704
single-blocker,7,222,safe,416,203.9375,0.0,416.0,189.74254455085054,189.74254455085054,6.6066985205464555
single-blocker,7,222,safe,448,219.625,0.0,448.0,197.91074640079475,197.91074640079475,6.680892410683006
single-blocker,7,222,safe,480,235.3125,0.0,480.0,205.78924141297622,205.78924141297622,6.7499597404471405
single-blocker,7,222,safe,512,251.0,0.0,512.0,213.40675252840046,213.40675252840046,6.81456340954972
single-blocker,7,222,known,32,0.0,17.25,64.0,63.96821681185914,63.96821681185914,10.553953106548454
single-blocker,7,222,known,64,0.0,34.5,128.0,120.81662176040327,120.81662176040327,12.732126094754628
single-blocker,7,222,known,96,0.0,51.75,192.0,167.88066702102373,167.88066702102373,13.983501731751245
single-blocker,7,222,known,128,0.0,69.0,256.0,207.61462795729733,207.61462795729733,14.869640705010482
single-blocker,7,222,known,160,0.0,86.25,320.0,242.38279260262647,242.38279260262647,15.54950774911323
single-blocker,7,222,known,192,0.0,103.5,384.0,273.40891058467815,273.40891058467815,16.091441967867055
single-blocker,7,222,known,224,0.0,120.75,448.0,301.7703271511267,301.7703271511267,16.545595170770643
single-blocker,7,222,known,256,0.0,138.0,512.0,328.6740187688443,328.6740187688443,16.95717060800481
single-blocker,7,222,known,288,0.0,155.25,576.0,353.5366832349221,353.5366832349221,17.30785834270843
single-blocker,7,222,known,320,0.0,172.5,640.0,377.351419418016,377.351419418016,17.631070942184447
single-blocker,7,222,known,352,0.0,189.75,704.0,399.90222948526633,399.90222948526633,17.92079154803819
single-blocker,7,222,known,384,0.0,207.0,768.0,421.3846079723252,421.3846079723252,18.18375960191329
single-blocker,7,222,known,416,0.0,224.25,832.0,441.8762755937648,441.8762755937648,18.422974786975868
single-blocker,7,222,known,448,0.0,241.5,896.0,461.7394175341509,461.7394175341509,18.64834593992341
single-blocker,7,222,known,480,0.0,258.75,960.0,480.8295765876008,480.8295765876008,18.856448311413857
single-blocker,7,222,known,512,0.0,276.0,1024.0,499.2095194326781,499.2095194326781,19.049294581653562
single-blocker,7,222,product,32,0.0,17.25,64.0,63.96821681185914,63.96821681185914,10.553953106548454
single-blocker,7,222,product,64,0.0,34.5,128.0,120.81662176040327,120.81662176040327,12.732126094754628
single-blocker,7,222,product,96,0.0,51.75,192.0,167.88066702102373,167.88066702102373,13.983501731751245
single-blocker,7,222,product,128,0.0,69.0,256.0,207.61462795729733,207.61462795729733,14.869640705010482
single-blocker,7,222,product,160,0.0,86.25,320.0,242.38279260262647,242.38279260262647,15.54950774911323
single-blocker,7,222,product,192,0.0,103.5,384.0,273.40891058467815,273.40891058467815,16.091441967867055
single-blocker,7,222,product,224,0.0,120.75,448.0,301.7703271511267,301.7703271511267,16.545595170770643
single-blocker,7,222,product,256,0.0,138.0,512.0,328.6740187688443,328.6740187688443,16.95717060800481
single-blocker,7,222,product,288,0.0,155.25,576.0,353.5366832349221,353.5366832349221,17.30785834270843
single-blocker,7,222,product,320,0.0,172.5,640.0,377.351419418016,377.351419418016,17.631070942184447
single-blocker,7,222,product,352,0.0,189.75,704.0,399.90222948526633,399.90222948526633,17.92079154803819
single-blocker,7,222,product,384,0.0,207.0,768.0,421.3846079723252,421.3846079723252,18.18375960191329
single-blocker,7,222,product,416,0.0,224.25,832.0,441.8762755937648,441.8762755937648,18.422974786975868
single-blocker,7,222,product,448,0.0,241.5,896.0,461.7394175341509,461.7394175341509,18.64834593992341
single-blocker,7,222,product,480,0.0,258.75,960.0,480.8295765876008,480.8295765876008,18.856448311413857
single-blocker,7,222,product,512,0.0,276.0,1024.0,499.2095194326781,499.2095194326781,19.049294581653562
outcome-lag-64,9,222,prefix,32,2.0,28.0,64.0,64.0,64.0,24.11613784198458
outcome-lag-64,9,222,prefix,64,4.0,56.0,128.0,128.0,128.0,45.76706968965376
outcome-lag-64,9,222,prefix,96,6.0,84.0,191.67939119300559,188.67707604748406,188.67707604748406,64.93714233712736
outcome-lag-64,9,222,prefix,128,8.0,112.0,245.07251489858197,240.84143058842096,239.15744514881985,79.7734145330098
outcome-lag-64,9,222,prefix,160,10.0,140.0,287.7707853564151,284.15071747806263,280.62454376970845,90.21891744579759
outcome-lag-64,9,222,prefix,192,12.0,168.0,324.5666479656791,321.746954042883,316.69928291901164,98.09480217922321
outcome-lag-64,9,222,prefix,224,14.0,196.0,357.920305234128,356.7149690475097,349.546059799845,105.14086309606154
outcome-lag-64,9,222,prefix,256,15.578125,220.0625,387.1494441206302,387.723095943376,378.396179080807,110.851965882621
outcome-lag-64,9,222,prefix,288,16.828125,241.0625,414.0762526786996,416.39652158989054,405.1342022219876,116.7194076906724
outcome-lag-64,9,222,prefix,320,18.078125,262.0625,441.8665397837015,444.9244473609625,431.83052129435504,122.45836892089484
outcome-lag-64,9,222,prefix,352,19.328125,283.0625,464.941431692603,468.97554939378443,454.1794450084026,126.84250423541435
outcome-lag-64,9,222,prefix,384,19.9140625,292.90625,480.768147375901,486.4487708268973,469.78105072552114,130.40504811765524
outcome-lag-64,9,222,prefix,416,19.9140625,292.90625,489.93467635725125,497.70635933979435,478.9475797068714,133.25046599801593
outcome-lag-64,9,222,prefix,448,19.9140625,292.90625,498.6971288350246,508.1739760946811,487.7100321846448,135.62407479309468
outcome-lag-64,9,222,prefix,480,19.9140625,292.90625,507.10052865151704,517.8725268679972,496.1134320011372,137.51319788399317
outcome-lag-64,9,222,prefix,512,19.9140625,292.90625,515.1797171868458,527.2742768951457,504.19262053646594,139.3620404648198
outcome-lag-64,9,222,intersection,32,2.0,28.0,64.0,64.0,64.0,24.11613784198458
outcome-lag-64,9,222,intersection,64,4.0,56.0,128.0,128.0,128.0,44.99828477266671
outcome-lag-64,9,222,intersection,96,6.0,84.0,191.67939119300559,189.63011076478628,189.63011076478628,64.47761655287353
outcome-lag-64,9,222,intersection,128,8.0,112.0,245.26433229209394,242.44267686005202,240.75869142045093,79.63376324751188
outcome-lag-64,9,222,intersection,160,10.0,140.0,289.0540833558018,285.9397825024335,282.41360879407966,90.24335931806084
outcome-lag-64,9,222,intersection,192,11.9296875,167.34375,325.640379668855,323.2226821052368,318.1726158491659,98.09302721615207
outcome-lag-64,9,222,intersection,224,13.1796875,188.34375,356.17918679561507,354.9395911909892,347.9253444412262,104.42267111334732
outcome-lag-64,9,222,intersection,256,14.4296875,209.34375,384.6226444309927,384.4727057863152,375.4789885727315,110.6017128527723
outcome-lag-64,9,222,intersection,288,15.6796875,230.34375,409.6202457893234,411.27984921979134,400.34778708174525,116.4827281948837
outcome-lag-64,9,222,intersection,320,15.796875,232.3125,421.58829668277326,425.0886961911283,412.3158379751951,119.71197549964039
outcome-lag-64,9,222,intersection,352,15.796875,232.3125,431.76636553790905,436.9689433650386,422.4939068303309,122.41192823977264
outcome-lag-64,9,222,intersection,384,15.796875,232.3125,441.4037293489609,448.47792289208485,432.13127064138274,125.14981663677021
outcome-lag-64,9,222,intersection,416,15.796875,232.3125,450.5702583303112,459.7355114049819,441.29779962273307,127.99523451713095
outcome-lag-64,9,222,intersection,448,15.796875,232.3125,459.3327108080846,470.20312815986864,450.06025210050643,130.36884331220972
outcome-lag-64,9,222,intersection,480,15.796875,232.3125,467.736110624577,479.9016789331844,458.46365191699886,132.2579664031082
outcome-lag-64,9,222,intersection,512,15.796875,232.3125,475.81529915990575,489.3034289603329,466.5428404523276,134.10680898393485
outcome-lag-64,9,222,completed,32,2.0,28.0,64.0,64.0,64.0,23.770131191630103
outcome-lag-64,9,222,completed,64,2.875,40.25,110.0,110.0,110.0,39.311114173703224
outcome-lag-64,9,222,completed,96,4.0,56.0,159.67939119300559,158.275146620469,158.275146620469,53.63627487349894
outcome-lag-64,9,222,completed,128,5.953125,83.5625,214.09674899145168,213.3620269738185,211.62289861474162,67.54641339146158
outcome-lag-64,9,222,completed,160,7.2734375,105.21875,253.76604012778293,254.68711280204786,251.105796174218,78.08544561043271
outcome-lag-64,9,222,completed,192,9.15625,132.125,293.47024801380445,294.97565037669693,289.8584245114055,86.54746671973395
outcome-lag-64,9,222,completed,224,10.328125,151.8125,323.3354652503899,325.8655223058419,318.78411594685844,93.3028115775114
outcome-lag-64,9,222,completed,256,12.046875,177.1875,355.3200994997409,359.113679129187,350.0441143596762,99.09480647491935
outcome-lag-64,9,222,completed,288,12.671875,187.6875,372.3762029430174,378.17758667636787,367.1002178029527,103.26958290194185
outcome-lag-64,9,222,completed,320,13.7421875,204.96875,394.04304472377675,401.6636487798258,388.65932659822045,107.10492208066741
outcome-lag-64,9,222,completed,352,14.0,209.125,406.2633119981284,415.579174051311,400.872673550931,109.90399096425126
outcome-lag-64,9,222,completed,384,14.546875,218.3125,420.29383854606795,431.5063190605497,414.8931393994591,112.73767317861603
outcome-lag-64,9,222,completed,416,14.78125,222.25,431.7911276928669,445.19904518531456,426.390428546258,115.74055216031303
outcome-lag-64,9,222,completed,448,15.015625,226.1875,441.98414550478026,457.1374002953909,436.5834463581714,118.18012274156614
outcome-lag-64,9,222,completed,480,15.71875,238.0,456.2591237843345,472.8620684908578,450.85842463772565,120.40288227463195
outcome-lag-64,9,222,completed,512,15.7578125,238.65625,464.78388857883186,482.7178133588465,459.383189432223,122.2782149216838
outcome-lag-64,9,222,plugin,32,0.5390625,9.40625,42.0,42.0,42.0,18.91243374631655
outcome-lag-64,9,222,plugin,64,1.0390625,23.40625,89.0,89.0,89.0,35.50272037432073
outcome-lag-64,9,222,plugin,96,1.2421875,28.21875,127.67939119300561,126.59257898584778,126.59257898584778,49.384641506014404
outcome-lag-64,9,222,plugin,128,1.2421875,28.21875,152.16120248260273,152.62357143502797,150.9395859954269,59.45436373730274
outcome-lag-64,9,222,plugin,160,1.2421875,28.21875,171.01989698123398,173.3244542024122,169.79828049405816,66.10024633716762
outcome-lag-64,9,222,plugin,192,1.2421875,28.21875,186.93005862939145,190.75611326608677,185.70844214221563,70.82929319599529
outcome-lag-64,9,222,plugin,224,1.2421875,28.21875,200.91103741755379,206.70127254794127,199.68942093037796,75.09577811971667
outcome-lag-64,9,222,plugin,256,1.2421875,28.21875,213.569888677603,221.33959427181134,212.34827219042717,78.86561224190056
outcome-lag-64,9,222,plugin,288,1.2421875,28.21875,225.2145552732642,234.86463329872925,223.9929387860884,82.18400410649352
outcome-lag-64,9,222,plugin,320,1.2421875,28.21875,236.0626059601367,247.54429068430645,234.84098947296087,85.21091371745175
outcome-lag-64,9,222,plugin,352,1.2421875,28.21875,246.24067481527246,259.42453785821675,245.01905832809663,87.91086645758399
outcome-lag-64,9,222,plugin,384,1.2421875,28.21875,255.87803862632427,270.933517385263,254.65642213914845,90.64875485458157
outcome-lag-64,9,222,plugin,416,1.2421875,28.21875,265.04456760767454,282.19110589816,263.82295112049866,93.49417273494231
outcome-lag-64,9,222,plugin,448,1.2421875,28.21875,273.8070200854479,292.65872265304677,272.585403598272,95.86778153002109
outcome-lag-64,9,222,plugin,480,1.2421875,28.21875,282.2104199019403,302.35727342636255,280.98880341476445,97.75690462091956
outcome-lag-64,9,222,plugin,512,1.2421875,28.21875,290.28960843726907,311.759023453511,289.0679919500932,99.60574720174624
outcome-lag-64,9,222,safe,32,0.0,0.0,32.0,32.0,32.0,13.962433746316554
outcome-lag-64,9,222,safe,64,0.0,0.0,64.0,64.0,64.0,26.47097824733866
outcome-lag-64,9,222,safe,96,0.0,0.0,95.67939119300561,94.59257898584778,94.59257898584778,38.705969207754336
outcome-lag-64,9,222,safe,128,0.0,0.0,120.16120248260287,120.623571435028,118.93958599542701,48.775691439042674
outcome-lag-64,9,222,safe,160,0.0,0.0,139.01989698123415,141.3244542024122,137.79828049405828,55.42157403890758
outcome-lag-64,9,222,safe,192,0.0,0.0,154.93005862939162,158.75611326608677,153.70844214221574,60.15062089773523
outcome-lag-64,9,222,safe,224,0.0,0.0,168.91103741755396,174.70127254794127,167.68942093037808,64.4171058214566
outcome-lag-64,9,222,safe,256,0.0,0.0,181.56988867760316,189.33959427181134,180.34827219042728,68.1869399436405
outcome-lag-64,9,222,safe,288,0.0,0.0,193.21455527326438,202.86463329872925,191.9929387860885,71.50533180823345
outcome-lag-64,9,222,safe,320,0.0,0.0,204.06260596013686,215.54429068430645,202.84098947296098,74.53224141919168
outcome-lag-64,9,222,safe,352,0.0,0.0,214.24067481527263,227.42453785821678,213.01905832809675,77.23219415932392
outcome-lag-64,9,222,safe,384,0.0,0.0,223.87803862632444,238.93351738526306,222.65642213914856,79.9700825563215
outcome-lag-64,9,222,safe,416,0.0,0.0,233.0445676076748,250.19110589815995,231.8229511204989,82.81550043668224
outcome-lag-64,9,222,safe,448,0.0,0.0,241.80702008544816,260.65872265304665,240.58540359827228,85.18910923176102
outcome-lag-64,9,222,safe,480,0.0,0.0,250.21041990194095,270.35727342636244,248.98880341476507,87.07823232265949
outcome-lag-64,9,222,safe,512,0.0,0.0,258.2896084372694,279.7590234535109,257.06799195009364,88.92707490348617
outcome-lag-64,9,222,known,32,0.0,0.0,32.0,32.0,32.0,13.962433746316554
outcome-lag-64,9,222,known,64,0.0,0.0,64.0,64.0,64.0,26.47097824733866
outcome-lag-64,9,222,known,96,0.0,0.0,95.67939119300561,94.59257898584778,94.59257898584778,38.705969207754336
outcome-lag-64,9,222,known,128,0.0,0.0,120.16120248260287,120.623571435028,118.93958599542701,48.775691439042674
outcome-lag-64,9,222,known,160,0.0,0.0,139.01989698123415,141.3244542024122,137.79828049405828,55.42157403890758
outcome-lag-64,9,222,known,192,0.0,0.0,154.93005862939162,158.75611326608677,153.70844214221574,60.15062089773523
outcome-lag-64,9,222,known,224,0.0,0.0,168.91103741755396,174.70127254794127,167.68942093037808,64.4171058214566
outcome-lag-64,9,222,known,256,0.0,0.0,181.56988867760316,189.33959427181134,180.34827219042728,68.1869399436405
outcome-lag-64,9,222,known,288,0.0,0.0,193.21455527326438,202.86463329872925,191.9929387860885,71.50533180823345
outcome-lag-64,9,222,known,320,0.0,0.0,204.06260596013686,215.54429068430645,202.84098947296098,74.53224141919168
outcome-lag-64,9,222,known,352,0.0,0.0,214.24067481527263,227.42453785821678,213.01905832809675,77.23219415932392
outcome-lag-64,9,222,known,384,0.0,0.0,223.87803862632444,238.93351738526306,222.65642213914856,79.9700825563215
outcome-lag-64,9,222,known,416,0.0,0.0,233.0445676076748,250.19110589815995,231.8229511204989,82.81550043668224
outcome-lag-64,9,222,known,448,0.0,0.0,241.80702008544816,260.65872265304665,240.58540359827228,85.18910923176102
outcome-lag-64,9,222,known,480,0.0,0.0,250.21041990194095,270.35727342636244,248.98880341476507,87.07823232265949
outcome-lag-64,9,222,known,512,0.0,0.0,258.2896084372694,279.7590234535109,257.06799195009364,88.92707490348617
outcome-lag-64,9,222,product,32,0.0,0.0,32.0,32.0,32.0,13.962433746316554
outcome-lag-64,9,222,product,64,0.0,0.0,64.0,64.0,64.0,26.47097824733866
outcome-lag-64,9,222,product,96,0.0,0.0,95.67939119300561,94.59257898584778,94.59257898584778,38.705969207754336
outcome-lag-64,9,222,product,128,0.0,0.0,120.16120248260287,120.623571435028,118.93958599542701,48.775691439042674
outcome-lag-64,9,222,product,160,0.0,0.0,139.01989698123415,141.3244542024122,137.79828049405828,55.42157403890758
outcome-lag-64,9,222,product,192,0.0,0.0,154.93005862939162,158.75611326608677,153.70844214221574,60.15062089773523
outcome-lag-64,9,222,product,224,0.0,0.0,168.91103741755396,174.70127254794127,167.68942093037808,64.4171058214566
outcome-lag-64,9,222,product,256,0.0,0.0,181.56988867760316,189.33959427181134,180.34827219042728,68.1869399436405
outcome-lag-64,9,222,product,288,0.0,0.0,193.21455527326438,202.86463329872925,191.9929387860885,71.50533180823345
outcome-lag-64,9,222,product,320,0.0,0.0,204.06260596013686,215.54429068430645,202.84098947296098,74.53224141919168
outcome-lag-64,9,222,product,352,0.0,0.0,214.24067481527263,227.42453785821678,213.01905832809675,77.23219415932392
outcome-lag-64,9,222,product,384,0.0,0.0,223.87803862632444,238.93351738526306,222.65642213914856,79.9700825563215
outcome-lag-64,9,222,product,416,0.0,0.0,233.0445676076748,250.19110589815995,231.8229511204989,82.81550043668224
outcome-lag-64,9,222,product,448,0.0,0.0,241.80702008544816,260.65872265304665,240.58540359827228,85.18910923176102
outcome-lag-64,9,222,product,480,0.0,0.0,250.21041990194095,270.35727342636244,248.98880341476507,87.07823232265949
outcome-lag-64,9,222,product,512,0.0,0.0,258.2896084372694,279.7590234535109,257.06799195009364,88.92707490348617
single-blocker,9,222,prefix,32,2.0,28.0,64.0,63.96821681185914,63.96821681185914,10.253203373190027
single-blocker,9,222,prefix,64,4.0,56.0,128.0,119.24651864452044,119.24651864452044,12.484458738665545
single-blocker,9,222,prefix,96,6.0,84.0,192.0,163.80614744910042,163.80614744910042,13.745141416280353
single-blocker,9,222,prefix,128,8.0,112.0,256.0,202.9624302990057,202.9624302990057,14.64797376208952
single-blocker,9,222,prefix,160,10.0,140.0,320.0,236.47634187925087,236.47634187925087,15.295851524182892
single-blocker,9,222,prefix,192,12.0,168.0,384.0,266.72830368774,266.72830368774,15.827461501277517
single-blocker,9,222,prefix,224,14.0,196.0,448.0,295.1246257826967,295.1246257826967,16.30182950844602
single-blocker,9,222,prefix,256,16.0,224.0,512.0,321.7656941088467,321.7656941088467,16.7207868156848
single-blocker,9,222,prefix,288,18.0,252.0,576.0,345.7111460209723,345.7111460209723,17.053801224605063
single-blocker,9,222,prefix,320,20.0,280.0,640.0,368.85356284529865,368.85356284529865,17.369182331914644
single-blocker,9,222,prefix,352,22.0,308.0,704.0,390.8496521739334,390.8496521739334,17.65453576285329
single-blocker,9,222,prefix,384,24.0,336.0,768.0,412.522505545874,412.522505545874,17.934827824240266
single-blocker,9,222,prefix,416,26.0,364.0,832.0,432.2068457546389,432.2068457546389,18.161000790169997
single-blocker,9,222,prefix,448,28.0,392.0,896.0,451.142227587421,451.142227587421,18.370917506222522
single-blocker,9,222,prefix,480,30.0,420.0,960.0,469.8270603674729,469.8270603674729,18.57797267693939
single-blocker,9,222,prefix,512,32.0,448.0,1024.0,488.0904163279166,488.0904163279166,18.77678924203481
single-blocker,9,222,intersection,32,2.0,28.0,64.0,63.96821681185914,63.96821681185914,10.253203373190027
single-blocker,9,222,intersection,64,4.0,56.0,128.0,119.24651864452044,119.24651864452044,12.484458738665545
single-blocker,9,222,intersection,96,6.0,84.0,192.0,163.80614744910042,163.80614744910042,13.745141416280353
single-blocker,9,222,intersection,128,8.0,112.0,256.0,202.9624302990057,202.9624302990057,14.64797376208952
single-blocker,9,222,intersection,160,10.0,140.0,320.0,236.47634187925087,236.47634187925087,15.295851524182892
single-blocker,9,222,intersection,192,11.8125,166.25,381.0,266.59539651349496,266.59539651349496,15.856338134999929
single-blocker,9,222,intersection,224,13.0625,187.25,435.0,293.33683152021047,293.33683152021047,16.360839784896925
single-blocker,9,222,intersection,256,14.3125,208.25,490.0,317.66638457712935,317.66638457712935,16.76370071331829
single-blocker,9,222,intersection,288,15.3671875,225.96875,541.0,337.8277803588928,337.8277803588928,17.059738611686026
single-blocker,9,222,intersection,320,15.3671875,225.96875,573.0,347.58606245117227,347.58606245117227,17.16527292934639
single-blocker,9,222,intersection,352,15.3671875,225.96875,605.0,356.8618092514472,356.8618092514472,17.26072529584339
single-blocker,9,222,intersection,384,15.3671875,225.96875,637.0,365.7200302371206,365.7200302371206,17.34785515146835
single-blocker,9,222,intersection,416,15.3671875,225.96875,669.0,374.2123438211874,374.2123438211874,17.427998102998828
single-blocker,9,222,intersection,448,15.3671875,225.96875,701.0,382.38054567113176,382.38054567113176,17.502191993135384
single-blocker,9,222,intersection,480,15.3671875,225.96875,733.0,390.2590406833134,390.2590406833134,17.571259322899525
single-blocker,9,222,intersection,512,15.3671875,225.96875,765.0,397.87655179873764,397.87655179873764,17.63586299200211
single-blocker,9,222,completed,32,2.0,28.0,64.0,63.96821681185914,63.96821681185914,10.253203373190027
single-blocker,9,222,completed,64,4.0,56.0,128.0,119.45897435792274,119.45897435792274,12.525682142920871
single-blocker,9,222,completed,96,6.0,84.0,192.0,164.51706454200288,164.51706454200288,13.794824486832994
single-blocker,9,222,completed,128,8.0,112.0,256.0,203.66204661315234,203.66204661315234,14.68246439223233
single-blocker,9,222,completed,160,10.0,140.0,320.0,237.14453357404932,237.14453357404932,15.325749163743726
single-blocker,9,222,completed,192,11.6953125,165.15625,380.0,267.2003654821859,267.2003654821859,15.892165302756643
single-blocker,9,222,completed,224,12.9453125,186.15625,434.0,293.47652212217434,293.47652212217434,16.375540302445547
single-blocker,9,222,completed,256,13.1796875,190.09375,470.0,306.8707138279766,306.8707138279766,16.559050130992336
single-blocker,9,222,completed,288,13.1796875,190.09375,502.0,317.195361306718,317.195361306718,16.677050447408703
single-blocker,9,222,completed,320,13.1796875,190.09375,534.0,326.95364339899743,326.95364339899743,16.782584765069068
single-blocker,9,222,completed,352,13.1796875,190.09375,566.0,336.22939019927236,336.22939019927236,16.878037131566067
single-blocker,9,222,completed,384,13.1796875,190.09375,598.0,345.0876111849458,345.0876111849458,16.96516698719103
single-blocker,9,222,completed,416,13.1796875,190.09375,630.0,353.5799247690126,353.5799247690126,17.045309938721505
single-blocker,9,222,completed,448,13.1796875,190.09375,662.0,361.748126618957,361.748126618957,17.11950382885806
single-blocker,9,222,completed,480,13.1796875,190.09375,694.0,369.6266216311386,369.6266216311386,17.188571158622203
single-blocker,9,222,completed,512,13.1796875,190.09375,726.0,377.24413274656285,377.24413274656285,17.253174827724788
single-blocker,9,222,plugin,32,0.484375,7.4375,40.0,39.96821681185914,39.96821681185914,7.610578528769851
single-blocker,9,222,plugin,64,0.484375,7.4375,72.0,65.42435623340212,65.42435623340212,8.311599237039102
single-blocker,9,222,plugin,96,0.484375,7.4375,104.0,84.7831968278086,84.7831968278086,8.719679814222108
single-blocker,9,222,plugin,128,0.484375,7.4375,136.0,101.03345515740088,101.03345515740088,9.008667925922502
single-blocker,9,222,plugin,160,0.484375,7.4375,168.0,115.31238195727079,115.31238195727079,9.23259455827307
single-blocker,9,222,plugin,192,0.484375,7.4375,200.0,128.1978375468853,128.1978375468853,9.415437943040763
single-blocker,9,222,plugin,224,0.484375,7.4375,232.0,140.0310352083931,140.0310352083931,9.569961246415486
single-blocker,9,222,plugin,256,0.484375,7.4375,264.0,151.03333360981438,151.03333360981438,9.703772046150608
single-blocker,9,222,plugin,288,0.484375,7.4375,296.0,161.35798108855585,161.35798108855585,9.821772362566978
single-blocker,9,222,plugin,320,0.484375,7.4375,328.0,171.1162631808352,171.1162631808352,9.927306680227348
single-blocker,9,222,plugin,352,0.484375,7.4375,360.0,180.39200998111025,180.39200998111025,10.022759046724346
single-blocker,9,222,plugin,384,0.484375,7.4375,392.0,189.25023096678382,189.25023096678382,10.109888902349308
single-blocker,9,222,plugin,416,0.484375,7.4375,424.0,197.74254455085054,197.74254455085054,10.190031853879791
single-blocker,9,222,plugin,448,0.484375,7.4375,456.0,205.91074640079475,205.91074640079475,10.264225744016343
single-blocker,9,222,plugin,480,0.484375,7.4375,488.0,213.78924141297622,213.78924141297622,10.333293073780482
single-blocker,9,222,plugin,512,0.484375,7.4375,520.0,221.40675252840046,221.40675252840046,10.397896742883058
single-blocker,9,222,safe,32,0.0,0.0,32.0,31.968216811859147,31.968216811859147,4.02724519543652
single-blocker,9,222,safe,64,0.0,0.0,64.0,57.42435623340214,57.42435623340214,4.7282659037057675
single-blocker,9,222,safe,96,0.0,0.0,96.0,76.78319682780861,76.78319682780861,5.136346480888775
single-blocker,9,222,safe,128,0.0,0.0,128.0,93.03345515740088,93.03345515740088,5.425334592589174
single-blocker,9,222,safe,160,0.0,0.0,160.0,107.31238195727079,107.31238195727079,5.649261224939744
single-blocker,9,222,safe,192,0.0,0.0,192.0,120.1978375468853,120.1978375468853,5.832104609707439
single-blocker,9,222,safe,224,0.0,0.0,224.0,132.0310352083931,132.0310352083931,5.986627913082163
single-blocker,9,222,safe,256,0.0,0.0,256.0,143.03333360981438,143.03333360981438,6.120438712817281
single-blocker,9,222,safe,288,0.0,0.0,288.0,153.35798108855585,153.35798108855585,6.238439029233648
single-blocker,9,222,safe,320,0.0,0.0,320.0,163.1162631808352,163.1162631808352,6.343973346894013
single-blocker,9,222,safe,352,0.0,0.0,352.0,172.39200998111025,172.39200998111025,6.43942571339101
single-blocker,9,222,safe,384,0.0,0.0,384.0,181.25023096678382,181.25023096678382,6.5265555690159704
single-blocker,9,222,safe,416,0.0,0.0,416.0,189.74254455085054,189.74254455085054,6.6066985205464555
single-blocker,9,222,safe,448,0.0,0.0,448.0,197.91074640079475,197.91074640079475,6.680892410683006
single-blocker,9,222,safe,480,0.0,0.0,480.0,205.78924141297622,205.78924141297622,6.7499597404471405
single-blocker,9,222,safe,512,0.0,0.0,512.0,213.40675252840046,213.40675252840046,6.81456340954972
single-blocker,9,222,known,32,0.0,0.0,32.0,31.968216811859147,31.968216811859147,4.02724519543652
single-blocker,9,222,known,64,0.0,0.0,64.0,57.42435623340214,57.42435623340214,4.7282659037057675
single-blocker,9,222,known,96,0.0,0.0,96.0,76.78319682780861,76.78319682780861,5.136346480888775
single-blocker,9,222,known,128,0.0,0.0,128.0,93.03345515740088,93.03345515740088,5.425334592589174
single-blocker,9,222,known,160,0.0,0.0,160.0,107.31238195727079,107.31238195727079,5.649261224939744
single-blocker,9,222,known,192,0.0,0.0,192.0,120.1978375468853,120.1978375468853,5.832104609707439
single-blocker,9,222,known,224,0.0,0.0,224.0,132.0310352083931,132.0310352083931,5.986627913082163
single-blocker,9,222,known,256,0.0,0.0,256.0,143.03333360981438,143.03333360981438,6.120438712817281
single-blocker,9,222,known,288,0.0,0.0,288.0,153.35798108855585,153.35798108855585,6.238439029233648
single-blocker,9,222,known,320,0.0,0.0,320.0,163.1162631808352,163.1162631808352,6.343973346894013
single-blocker,9,222,known,352,0.0,0.0,352.0,172.39200998111025,172.39200998111025,6.43942571339101
single-blocker,9,222,known,384,0.0,0.0,384.0,181.25023096678382,181.25023096678382,6.5265555690159704
single-blocker,9,222,known,416,0.0,0.0,416.0,189.74254455085054,189.74254455085054,6.6066985205464555
single-blocker,9,222,known,448,0.0,0.0,448.0,197.91074640079475,197.91074640079475,6.680892410683006
single-blocker,9,222,known,480,0.0,0.0,480.0,205.78924141297622,205.78924141297622,6.7499597404471405
single-blocker,9,222,known,512,0.0,0.0,512.0,213.40675252840046,213.40675252840046,6.81456340954972
single-blocker,9,222,product,32,0.0,0.0,32.0,31.968216811859147,31.968216811859147,4.02724519543652
single-blocker,9,222,product,64,0.0,0.0,64.0,57.42435623340214,57.42435623340214,4.7282659037057675
single-blocker,9,222,product,96,0.0,0.0,96.0,76.78319682780861,76.78319682780861,5.136346480888775
single-blocker,9,222,product,128,0.0,0.0,128.0,93.03345515740088,93.03345515740088,5.425334592589174
single-blocker,9,222,product,160,0.0,0.0,160.0,107.31238195727079,107.31238195727079,5.649261224939744
single-blocker,9,222,product,192,0.0,0.0,192.0,120.1978375468853,120.1978375468853,5.832104609707439
single-blocker,9,222,product,224,0.0,0.0,224.0,132.0310352083931,132.0310352083931,5.986627913082163
single-blocker,9,222,product,256,0.0,0.0,256.0,143.03333360981438,143.03333360981438,6.120438712817281
single-blocker,9,222,product,288,0.0,0.0,288.0,153.35798108855585,153.35798108855585,6.238439029233648
single-blocker,9,222,product,320,0.0,0.0,320.0,163.1162631808352,163.1162631808352,6.343973346894013
single-blocker,9,222,product,352,0.0,0.0,352.0,172.39200998111025,172.39200998111025,6.43942571339101
single-blocker,9,222,product,384,0.0,0.0,384.0,181.25023096678382,181.25023096678382,6.5265555690159704
single-blocker,9,222,product,416,0.0,0.0,416.0,189.74254455085054,189.74254455085054,6.6066985205464555
single-blocker,9,222,product,448,0.0,0.0,448.0,197.91074640079475,197.91074640079475,6.680892410683006
single-blocker,9,222,product,480,0.0,0.0,480.0,205.78924141297622,205.78924141297622,6.7499597404471405
single-blocker,9,222,product,512,0.0,0.0,512.0,213.40675252840046,213.40675252840046,6.81456340954972
outcome-lag-64,11,222,prefix,32,7.75,26.0,64.0,64.0,64.0,23.554683420203283
outcome-lag-64,11,222,prefix,64,15.5,52.0,128.0,127.93659768023997,127.93659768023997,47.86589416801052
outcome-lag-64,11,222,prefix,96,19.96875,76.125,191.7573387582067,187.52051654223473,187.52051654223473,70.02090874327207
outcome-lag-64,11,222,prefix,128,20.71875,98.125,247.16445597926273,240.98504877980213,240.77530234642023,92.01320833034251
outcome-lag-64,11,222,prefix,160,21.46875,120.125,295.74994863214914,291.97434847351485,289.33079940126487,114.52514024127308
outcome-lag-64,11,222,prefix,192,22.21875,142.125,336.80012124448837,338.3603587009379,330.3809720136041,130.5385038962783
outcome-lag-64,11,222,prefix,224,22.96875,164.125,371.7757200743258,380.1354170970977,365.35657084344155,144.47461212811746
outcome-lag-64,11,222,prefix,256,23.71875,186.125,402.49703527899806,417.8337583186775,396.02915370482384,156.35088488043178
outcome-lag-64,11,222,prefix,288,24.46875,208.125,430.3050742692082,451.8490621223231,423.82215182305424,166.20214421967532
outcome-lag-64,11,222,prefix,320,25.21875,230.125,456.28316543622196,482.4801523961025,449.79839592799635,173.65580355373254
outcome-lag-64,11,222,prefix,352,25.96875,252.125,480.2475356947825,511.0645309259663,473.76226388091465,180.75726296249522
outcome-lag-64,11,222,prefix,384,26.5546875,272.59375,502.4067936108976,537.5598964990323,495.9215217970297,187.12945964330325
outcome-lag-64,11,222,prefix,416,26.953125,291.3125,521.9223840935163,561.1458237276468,515.4371122796485,192.84492200014412
outcome-lag-64,11,222,prefix,448,27.4453125,310.90625,540.9966299167932,583.7061099316345,534.5113581029254,197.75525296643235
outcome-lag-64,11,222,prefix,480,27.515625,326.5625,556.9819269762905,603.2329352920118,550.4966551624228,202.48386237410028
outcome-lag-64,11,222,prefix,512,27.5859375,342.21875,572.5441769978909,622.0587586523286,566.0589051840232,206.74214029628894
outcome-lag-64,11,222,intersection,32,4.90625,24.375,64.0,64.0,64.0,27.071959581621318
outcome-lag-64,11,222,intersection,64,5.65625,46.375,128.0,128.0,128.0,60.07164995649245
outcome-lag-64,11,222,intersection,96,6.40625,68.375,191.76456468341638,189.32989691557495,189.32989691557495,87.79815495336797
outcome-lag-64,11,222,intersection,128,8.25,91.0,247.76530788829967,244.33965011074804,243.72467994138464,108.51773439212178
outcome-lag-64,11,222,intersection,160,9.0,113.0,292.18807693987645,294.9953494913319,287.94885548018186,126.57863360962128
outcome-lag-64,11,222,intersection,192,9.75,135.0,329.9419996727261,339.3474724423353,325.68678374992163,140.60426843503313
outcome-lag-64,11,222,intersection,224,10.5,157.0,362.03358854967274,378.02451878077613,357.77174285761635,152.67176996510455
outcome-lag-64,11,222,intersection,256,11.25,179.0,391.6877671570282,414.15885263395285,387.2919514779305,163.20434531542247
outcome-lag-64,11,222,intersection,288,12.0,201.0,418.9978321860337,447.16678931716007,414.5118192899477,172.162274473466
outcome-lag-64,11,222,intersection,320,12.75,223.0,445.3025732360998,477.7594242324703,440.7734990179573,179.20004401003942
outcome-lag-64,11,222,intersection,352,13.5,245.0,468.87210941378424,505.5932869182297,464.3068238236635,185.79713961037055
outcome-lag-64,11,222,intersection,384,14.25,267.0,491.28950525167824,532.1209475751541,486.72421966155747,191.84468944439087
outcome-lag-64,11,222,intersection,416,15.0,289.0,513.2379724615661,558.0328540698927,508.67268687144525,197.55089629963862
outcome-lag-64,11,222,intersection,448,15.75,311.0,534.2479572717657,582.4305745970302,529.6826716816449,202.51737251485636
outcome-lag-64,11,222,intersection,480,16.5,333.0,554.1831233897193,605.8294111661668,549.6178377995985,207.34322522025025
outcome-lag-64,11,222,intersection,512,16.7578125,350.40625,571.8857675992236,626.6637732075568,567.3152925928537,211.64139281341863
outcome-lag-64,11,222,completed,32,4.6875,24.25,64.0,64.0,64.0,27.92595285357124
outcome-lag-64,11,222,completed,64,8.015625,38.6875,117.0,117.0,117.0,54.47664396842702
outcome-lag-64,11,222,completed,96,10.15625,57.375,175.76456468341638,173.32989691557495,173.32989691557495,78.44084121027103
outcome-lag-64,11,222,completed,128,10.90625,79.375,232.17282469475668,228.62414511313762,228.33491350244947,98.46551717623
outcome-lag-64,11,222,completed,160,11.65625,101.375,280.48401390779253,280.79606733184175,276.43069380637155,118.21758570089713
outcome-lag-64,11,222,completed,192,12.40625,123.375,320.05001422360226,326.8583234398838,315.96150083515363,133.12008701639917
outcome-lag-64,11,222,completed,224,13.15625,145.375,353.38799123948127,366.8956496026963,349.28528628239553,145.88221992220915
outcome-lag-64,11,222,completed,256,13.90625,167.375,383.88526225905247,404.02715616144445,379.63359502671335,156.9037405070718
outcome-lag-64,11,222,completed,288,14.65625,189.375,411.82161923851083,437.8090004360149,407.4656494578115,166.2187014303856
outcome-lag-64,11,222,completed,320,15.40625,211.375,438.61313683257447,468.9774719081514,434.20277254034505,173.4868766332875
outcome-lag-64,11,222,completed,352,16.15625,233.375,462.6005977608058,497.3336557860671,458.1464803639198,180.3033386052056
outcome-lag-64,11,222,completed,384,16.90625,255.375,485.3636155668213,524.2965134366551,480.9094981699353,186.52511683617377
outcome-lag-64,11,222,completed,416,17.65625,277.375,507.60810830439345,550.5770839971129,503.1539909075075,192.37190449571276
outcome-lag-64,11,222,completed,448,18.40625,299.375,528.8754604619968,575.2921342987173,524.4213430651109,197.4531073501322
outcome-lag-64,11,222,completed,480,19.15625,321.375,549.036471781741,598.9810898845462,544.5823543848552,202.3870430712437
outcome-lag-64,11,222,completed,512,19.6484375,340.96875,566.8632756548875,619.979620526458,562.3985238415829,206.704369406131
outcome-lag-64,11,222,plugin,32,5.9765625,9.28125,46.0,46.0,46.0,26.251927450869378
outcome-lag-64,11,222,plugin,64,14.6484375,21.09375,94.0,94.0,94.0,47.230132210528495
outcome-lag-64,11,222,plugin,96,15.9609375,36.09375,148.76456468341638,146.3298969155749,146.3298969155749,67.52342491748959
outcome-lag-64,11,222,plugin,128,15.9609375,51.09375,197.25230987206297,193.7715128428822,193.56176640950034,89.39269324563281
outcome-lag-64,11,222,plugin,160,15.9609375,66.09375,242.01752420283032,240.94962906547758,238.3269807402677,111.68783962689436
outcome-lag-64,11,222,plugin,192,15.9609375,81.09375,276.0549881268407,280.52412868162713,272.36444466427815,126.40612295223966
outcome-lag-64,11,222,plugin,224,15.9609375,96.09375,308.1193671752743,319.3127843353556,304.42882371271173,139.74401405157803
outcome-lag-64,11,222,plugin,256,15.9609375,111.09375,334.20689629551094,352.38063334054385,330.51635283294837,151.29706995146668
outcome-lag-64,11,222,plugin,288,15.9609375,126.09375,357.5831173941215,381.9186042876689,353.8925739315589,160.79175567470458
outcome-lag-64,11,222,plugin,320,15.9609375,141.09375,377.3084043634681,406.1841565296956,373.61786090090555,167.70836849418347
outcome-lag-64,11,222,plugin,352,15.9609375,156.09375,398.15945693971247,431.59478885136673,394.4689134771499,174.4976671733696
outcome-lag-64,11,222,plugin,384,15.9609375,171.09375,417.36546257553766,455.0036050656283,413.6749191129751,180.56523022940894
outcome-lag-64,11,222,plugin,416,15.9609375,186.09375,434.52893101213317,476.1674651534192,430.8383875495706,186.12706662584398
outcome-lag-64,11,222,plugin,448,15.9609375,201.09375,450.83030499513274,495.8593293247209,447.13976153257016,190.82301663935456
outcome-lag-64,11,222,plugin,480,15.9609375,216.09375,466.7564920883643,515.3040531488205,463.06594862580175,195.51584202946236
outcome-lag-64,11,222,plugin,512,15.9609375,231.09375,481.405205540226,533.1939944212927,477.71466207766343,199.7327040362384
outcome-lag-64,11,222,safe,32,8.25,0.0,32.0,32.0,32.0,20.386451260393187
outcome-lag-64,11,222,safe,64,16.5,0.0,64.0,64.0,64.0,35.86390738787952
outcome-lag-64,11,222,safe,96,24.75,0.0,95.76456468341635,93.32989691557488,93.32989691557488,46.6855053685467
outcome-lag-64,11,222,safe,128,33.0,0.0,120.25230987206308,116.77151284288229,116.56176640950045,54.165851077962195
outcome-lag-64,11,222,safe,160,41.25,0.0,139.02475012804007,137.94962906547764,135.33420666547744,61.28896713303822
outcome-lag-64,11,222,safe,192,49.5,0.0,154.9167533609144,156.84922430506978,151.22620989835178,67.48595016778351
outcome-lag-64,11,222,safe,224,57.75,0.0,168.94009301747008,173.4350954341682,165.24954955490745,72.39314693874884
outcome-lag-64,11,222,safe,256,66.0,0.0,181.59609437483672,188.8872011785515,177.9055509122741,76.97676508144598
outcome-lag-64,11,222,safe,288,74.25,0.0,193.26332604120887,202.97246471538327,189.57278257864624,80.85538145595274
outcome-lag-64,11,222,safe,320,82.5,0.0,204.1100050366073,215.80427283236773,200.41946157404467,84.03444179831818
outcome-lag-64,11,222,safe,352,90.75,0.0,214.30600788782553,227.65199428541297,210.6154644252629,86.70186881758539
outcome-lag-64,11,222,safe,384,99.0,0.0,223.9379540567847,238.95217637658095,220.24741059422206,89.23095977870473
outcome-lag-64,11,222,safe,416,107.25,0.0,233.10501382560076,249.91851662500423,229.41447036303813,91.78512939459182
outcome-lag-64,11,222,safe,448,115.5,0.0,241.8653498593129,260.1499425485008,238.17480639675026,93.92254735828051
outcome-lag-64,11,222,safe,480,123.75,0.0,250.26548000983445,269.9771255493073,246.57493654727182,95.94030267666983
outcome-lag-64,11,222,safe,512,132.0,0.0,258.3510478711403,279.4925653827172,254.66050440857757,97.90283506375796
outcome-lag-64,11,222,known,32,0.0,15.0,56.0,56.0,56.0,33.11286259172947
outcome-lag-64,11,222,known,64,0.0,30.0,111.0,111.0,111.0,65.11984779812643
outcome-lag-64,11,222,known,96,0.0,45.0,165.76456468341638,163.32989691557495,163.32989691557495,89.34464681056147
outcome-lag-64,11,222,known,128,0.0,60.0,211.39266184858212,210.49359181924757,207.70211838601958,107.19897320591649
outcome-lag-64,11,222,known,160,0.0,75.0,248.28975531956502,254.18686441131103,244.59921185700247,123.57734713162121
outcome-lag-64,11,222,known,192,0.0,90.0,276.94718821874267,289.03653979038467,273.25664475618015,135.59852967437254
outcome-lag-64,11,222,known,224,0.0,105.0,305.13911625784374,323.62789848228306,301.4485727952812,146.70357433696185
outcome-lag-64,11,222,known,256,0.0,120.0,328.88618442144696,353.8347841932151,325.19564095888444,156.67844152632154
outcome-lag-64,11,222,known,288,0.0,135.0,350.614465323764,381.2112845348176,346.92392186120145,165.04956862658094
outcome-lag-64,11,222,known,320,0.0,150.0,369.26835150210326,404.0724520099363,365.5778080395407,171.29054506340694
outcome-lag-64,11,222,known,352,0.0,165.0,388.99520562631864,427.99782357832976,385.30466216375606,177.4029537187457
outcome-lag-64,11,222,known,384,0.0,180.0,407.3022231666755,450.2179857123185,403.61167970411293,182.9447619860493
outcome-lag-64,11,222,known,416,0.0,195.0,423.77972661942044,470.4590868717353,420.08918315685787,188.09445594683265
outcome-lag-64,11,222,known,448,0.0,210.0,439.49789610497544,489.36888381780653,435.80735264241287,192.46372867775978
outcome-lag-64,11,222,known,480,0.0,225.0,454.8884394328897,508.0677090933984,451.1978959703271,196.83776295337762
outcome-lag-64,11,222,known,512,0.0,240.0,469.1071136697108,525.3517125342552,465.41657020714825,200.80182128942255
outcome-lag-64,11,222,product,32,0.0,15.0,56.0,56.0,56.0,33.11286259172947
outcome-lag-64,11,222,product,64,0.0,30.0,111.0,111.0,111.0,65.11984779812643
outcome-lag-64,11,222,product,96,0.0,45.0,165.76456468341638,163.32989691557495,163.32989691557495,89.34464681056147
outcome-lag-64,11,222,product,128,0.0,60.0,211.39266184858212,210.49359181924757,207.70211838601958,107.19897320591649
outcome-lag-64,11,222,product,160,0.0,75.0,248.28975531956502,254.18686441131103,244.59921185700247,123.57734713162121
outcome-lag-64,11,222,product,192,0.0,90.0,276.94718821874267,289.03653979038467,273.25664475618015,135.59852967437254
outcome-lag-64,11,222,product,224,0.0,105.0,305.13911625784374,323.62789848228306,301.4485727952812,146.70357433696185
outcome-lag-64,11,222,product,256,0.0,120.0,328.88618442144696,353.8347841932151,325.19564095888444,156.67844152632154
outcome-lag-64,11,222,product,288,0.0,135.0,350.614465323764,381.2112845348176,346.92392186120145,165.04956862658094
outcome-lag-64,11,222,product,320,0.0,150.0,369.26835150210326,404.0724520099363,365.5778080395407,171.29054506340694
outcome-lag-64,11,222,product,352,0.0,165.0,388.99520562631864,427.99782357832976,385.30466216375606,177.4029537187457
outcome-lag-64,11,222,product,384,0.0,180.0,407.3022231666755,450.2179857123185,403.61167970411293,182.9447619860493
outcome-lag-64,11,222,product,416,0.0,195.0,423.77972661942044,470.4590868717353,420.08918315685787,188.09445594683265
outcome-lag-64,11,222,product,448,0.0,210.0,439.49789610497544,489.36888381780653,435.80735264241287,192.46372867775978
outcome-lag-64,11,222,product,480,0.0,225.0,454.8884394328897,508.0677090933984,451.1978959703271,196.83776295337762
outcome-lag-64,11,222,product,512,0.0,240.0,469.1071136697108,525.3517125342552,465.41657020714825,200.80182128942255
single-blocker,11,222,prefix,32,7.75,26.0,64.0,63.96821681185914,63.96821681185914,10.12653670652336
single-blocker,11,222,prefix,64,15.5,52.0,128.0,118.3146069209989,118.3146069209989,12.266956430049792
single-blocker,11,222,prefix,96,23.25,78.0,192.0,160.78437798489375,160.78437798489375,13.45739652521518
single-blocker,11,222,prefix,128,31.0,104.0,256.0,199.52119059988735,199.52119059988735,14.46713182644383
single-blocker,11,222,prefix,160,38.75,130.0,320.0,234.9863391814471,234.9863391814471,15.22798019892471
single-blocker,11,222,prefix,192,46.5,156.0,384.0,265.3358375795973,265.3358375795973,15.769073537772577
single-blocker,11,222,prefix,224,54.25,182.0,448.0,294.8250264224676,294.8250264224676,16.290309745182437
single-blocker,11,222,prefix,256,62.0,208.0,512.0,320.06216037909735,320.06216037909735,16.659196858582995
single-blocker,11,222,prefix,288,69.75,234.0,576.0,344.041157787049,344.041157787049,16.996360198831518
single-blocker,11,222,prefix,320,77.5,260.0,640.0,366.71239011282654,366.71239011282654,17.298995434064896
single-blocker,11,222,prefix,352,85.25,286.0,704.0,388.5465506887041,388.5465506887041,17.582393324971438
single-blocker,11,222,prefix,384,93.0,312.0,768.0,409.91883067190366,409.91883067190366,17.85710884861815
single-blocker,11,222,prefix,416,100.75,338.0,832.0,430.13728371741394,430.13728371741394,18.101464843020157
single-blocker,11,222,prefix,448,108.5,364.0,896.0,450.0378785089583,450.0378785089583,18.34029250205072
single-blocker,11,222,prefix,480,116.25,390.0,960.0,468.09357670834913,468.09357670834913,18.531346415555856
single-blocker,11,222,prefix,512,124.0,416.0,1024.0,485.325417476405,485.325417476405,18.704508490322834
single-blocker,11,222,intersection,32,5.5625,24.75,64.0,63.96821681185914,63.96821681185914,10.501572154167505
single-blocker,11,222,intersection,64,6.3125,46.75,128.0,121.34492236728798,121.34492236728798,12.781748230062679
single-blocker,11,222,intersection,96,7.0625,68.75,192.0,167.88066702102373,167.88066702102373,13.983501731751243
single-blocker,11,222,intersection,128,7.8125,90.75,256.0,206.4604956248953,206.4604956248953,14.81627771326548
single-blocker,11,222,intersection,160,8.5625,112.75,320.0,239.81539000742168,239.81539000742168,15.442103461476028
single-blocker,11,222,intersection,192,9.3125,134.75,384.0,270.65564893768845,270.65564893768845,15.985705106002383
single-blocker,11,222,intersection,224,10.0625,156.75,448.0,297.7257358841884,297.7257358841884,16.399843440136138
single-blocker,11,222,intersection,256,10.8125,178.75,512.0,323.7035178445841,323.7035178445841,16.789186509375767
single-blocker,11,222,intersection,288,11.5625,200.75,576.0,348.0845225124575,348.0845225124575,17.13338997783726
single-blocker,11,222,intersection,320,12.3125,222.75,640.0,371.9304952170367,371.9304952170367,17.466947740864953
single-blocker,11,222,intersection,352,13.0625,244.75,704.0,393.4383208090099,393.4383208090099,17.733379470562223
single-blocker,11,222,intersection,384,13.8125,266.75,768.0,414.16388224192633,414.16388224192633,17.98269242506544
single-blocker,11,222,intersection,416,14.5625,288.75,832.0,434.59475609698984,434.59475609698984,18.22809347051781
single-blocker,11,222,intersection,448,15.3125,310.75,896.0,454.2353435352289,454.2353435352289,18.454878053927956
single-blocker,11,222,intersection,480,16.0625,332.75,960.0,473.0036948702673,473.0036948702673,18.661365227482374
single-blocker,11,222,intersection,512,16.3671875,350.59375,1021.0,490.1514162965068,490.1514162965068,18.842197585495953
single-blocker,11,222,completed,32,5.34375,24.625,64.0,63.96821681185914,63.96821681185914,10.594862197457546
single-blocker,11,222,completed,64,6.09375,46.625,128.0,121.22759708485823,121.22759708485823,12.773646933117577
single-blocker,11,222,completed,96,6.84375,68.625,192.0,167.5685323887644,167.5685323887644,13.966945919142805
single-blocker,11,222,completed,128,7.59375,90.625,256.0,206.0725353346379,206.0725353346379,14.79810766609837
single-blocker,11,222,completed,160,8.34375,112.625,320.0,239.36407721133816,239.36407721133816,15.42278452437364
single-blocker,11,222,completed,192,9.09375,134.625,384.0,270.23704830841206,270.23704830841206,15.969267495855808
single-blocker,11,222,completed,224,9.84375,156.625,448.0,297.2598718559378,297.2598718559378,16.38254623501216
single-blocker,11,222,completed,256,10.59375,178.625,512.0,323.2525042037473,323.2525042037473,16.773420079962953
single-blocker,11,222,completed,288,11.34375,200.625,576.0,347.6480183216278,347.6480183216278,17.118926672679784
single-blocker,11,222,completed,320,12.09375,222.625,640.0,371.5386488850464,371.5386488850464,17.45469185736189
single-blocker,11,222,completed,352,12.84375,244.625,704.0,393.0421866573211,393.0421866573211,17.721462544208254
single-blocker,11,222,completed,384,13.59375,266.625,768.0,413.772181859473,413.772181859473,17.97134692345583
single-blocker,11,222,completed,416,14.34375,288.625,832.0,434.2243291692726,434.2243291692726,18.217794593764612
single-blocker,11,222,completed,448,15.09375,310.625,896.0,453.8832302218455,453.8832302218455,18.445451334418163
single-blocker,11,222,completed,480,15.84375,332.625,960.0,472.66331519590597,472.66331519590597,18.652552444736138
single-blocker,11,222,completed,512,16.1484375,350.46875,1021.0,489.82011608613857,489.82011608613857,18.83385866301126
single-blocker,11,222,plugin,32,1.2109375,16.71875,56.0,55.96821681185914,55.96821681185914,9.124984852580198
single-blocker,11,222,plugin,64,1.2109375,31.71875,111.0,103.04266333381734,103.04266333381734,10.578264524307597
single-blocker,11,222,plugin,96,1.2109375,46.71875,166.0,139.20859247092844,139.20859247092844,11.410773515130675
single-blocker,11,222,plugin,128,1.2109375,61.71875,222.0,170.03894799167907,170.03894799167907,12.007905195437692
single-blocker,11,222,plugin,160,1.2109375,76.71875,280.0,198.02260072405087,198.02260072405087,12.48437123279707
single-blocker,11,222,plugin,192,1.2109375,91.71875,334.0,221.32578514313124,221.32578514313124,12.840192772363537
single-blocker,11,222,plugin,224,1.2109375,106.71875,394.0,245.26680424386316,245.26680424386316,13.178840390399202
single-blocker,11,222,plugin,256,1.2109375,121.71875,450.0,265.84582252250397,265.84582252250397,13.44730772043047
single-blocker,11,222,plugin,288,1.2109375,136.71875,506.0,285.15290237691084,285.15290237691084,13.683965338095113
single-blocker,11,222,plugin,320,1.2109375,151.71875,558.0,302.014217543563,302.014217543563,13.878645357389546
single-blocker,11,222,plugin,352,1.2109375,166.71875,616.0,320.08001291513887,320.08001291513887,14.079244853491353
single-blocker,11,222,plugin,384,1.2109375,181.71875,673.0,336.9805085401743,336.9805085401743,14.258013774195625
single-blocker,11,222,plugin,416,1.2109375,196.71875,727.0,352.2600200359804,352.2600200359804,14.412389713348553
single-blocker,11,222,plugin,448,1.2109375,211.71875,781.0,366.9741464695941,366.9741464695941,14.555684813302577
single-blocker,11,222,plugin,480,1.2109375,226.71875,836.0,381.46409235482156,381.46409235482156,14.692226362929063
single-blocker,11,222,plugin,512,1.2109375,241.71875,889.0,394.93030004544346,394.93030004544346,14.814697377704718
single-blocker,11,222,safe,32,8.25,0.0,32.0,31.968216811859147,31.968216811859147,4.02724519543652
single-blocker,11,222,safe,64,16.5,0.0,64.0,57.42435623340214,57.42435623340214,4.7282659037057675
single-blocker,11,222,safe,96,24.75,0.0,96.0,76.78319682780861,76.78319682780861,5.136346480888775
single-blocker,11,222,safe,128,33.0,0.0,128.0,93.03345515740088,93.03345515740088,5.425334592589174
single-blocker,11,222,safe,160,41.25,0.0,160.0,107.31238195727079,107.31238195727079,5.649261224939744
single-blocker,11,222,safe,192,49.5,0.0,192.0,120.1978375468853,120.1978375468853,5.832104609707439
single-blocker,11,222,safe,224,57.75,0.0,224.0,132.0310352083931,132.0310352083931,5.986627913082163
single-blocker,11,222,safe,256,66.0,0.0,256.0,143.03333360981438,143.03333360981438,6.120438712817281
single-blocker,11,222,safe,288,74.25,0.0,288.0,153.35798108855585,153.35798108855585,6.238439029233648
single-blocker,11,222,safe,320,82.5,0.0,320.0,163.1162631808352,163.1162631808352,6.343973346894013
single-blocker,11,222,safe,352,90.75,0.0,352.0,172.39200998111025,172.39200998111025,6.43942571339101
single-blocker,11,222,safe,384,99.0,0.0,384.0,181.25023096678382,181.25023096678382,6.5265555690159704
single-blocker,11,222,safe,416,107.25,0.0,416.0,189.74254455085054,189.74254455085054,6.6066985205464555
single-blocker,11,222,safe,448,115.5,0.0,448.0,197.91074640079475,197.91074640079475,6.680892410683006
single-blocker,11,222,safe,480,123.75,0.0,480.0,205.78924141297622,205.78924141297622,6.7499597404471405
single-blocker,11,222,safe,512,132.0,0.0,512.0,213.40675252840046,213.40675252840046,6.81456340954972
single-blocker,11,222,known,32,0.0,15.0,56.0,55.96821681185914,55.96821681185914,7.76153670652336
single-blocker,11,222,known,64,0.0,30.0,111.0,102.45897435792278,102.45897435792278,9.144953149691878
single-blocker,11,222,known,96,0.0,45.0,166.0,138.16397627915399,138.16397627915399,9.954897524241137
single-blocker,11,222,known,128,0.0,60.0,222.0,168.71468050816293,168.71468050816293,10.540516459816136
single-blocker,11,222,known,160,0.0,75.0,280.0,196.49885889366527,196.49885889366527,11.009796178959801
single-blocker,11,222,known,192,0.0,90.0,334.0,219.67917762372002,219.67917762372002,11.361622072692272
single-blocker,11,222,known,224,0.0,105.0,394.0,243.50056753540383,243.50056753540383,11.696697955066996
single-blocker,11,222,known,256,0.0,120.0,450.0,263.9988211049176,263.9988211049176,11.962933003008306
single-blocker,11,222,known,288,0.0,135.0,506.0,283.23911576869864,283.23911576869864,12.197854425446321
single-blocker,11,222,known,320,0.0,150.0,558.0,300.05280975550187,300.05280975550187,12.391357373956778
single-blocker,11,222,known,352,0.0,165.0,616.0,318.06511064097776,318.06511064097776,12.590695346377828
single-blocker,11,222,known,384,0.0,180.0,673.0,334.921235981757,334.921235981757,12.768466820471847
single-blocker,11,222,known,416,0.0,195.0,727.0,350.16627487892004,350.16627487892004,12.922098519001619
single-blocker,11,222,known,448,0.0,210.0,781.0,364.84944888762453,364.84944888762453,13.06474831256191
single-blocker,11,222,known,480,0.0,225.0,836.0,379.3101925593209,379.3101925593209,13.200700984284385
single-blocker,11,222,known,512,0.0,240.0,889.0,392.7521340954792,392.7521340954792,13.322697415630918
single-blocker,11,222,product,32,0.0,15.0,56.0,55.96821681185914,55.96821681185914,7.76153670652336
single-blocker,11,222,product,64,0.0,30.0,111.0,102.45897435792278,102.45897435792278,9.144953149691878
single-blocker,11,222,product,96,0.0,45.0,166.0,138.16397627915399,138.16397627915399,9.954897524241137
single-blocker,11,222,product,128,0.0,60.0,222.0,168.71468050816293,168.71468050816293,10.540516459816136
single-blocker,11,222,product,160,0.0,75.0,280.0,196.49885889366527,196.49885889366527,11.009796178959801
single-blocker,11,222,product,192,0.0,90.0,334.0,219.67917762372002,219.67917762372002,11.361622072692272
single-blocker,11,222,product,224,0.0,105.0,394.0,243.50056753540383,243.50056753540383,11.696697955066996
single-blocker,11,222,product,256,0.0,120.0,450.0,263.9988211049176,263.9988211049176,11.962933003008306
single-blocker,11,222,product,288,0.0,135.0,506.0,283.23911576869864,283.23911576869864,12.197854425446321
single-blocker,11,222,product,320,0.0,150.0,558.0,300.05280975550187,300.05280975550187,12.391357373956778
single-blocker,11,222,product,352,0.0,165.0,616.0,318.06511064097776,318.06511064097776,12.590695346377828
single-blocker,11,222,product,384,0.0,180.0,673.0,334.921235981757,334.921235981757,12.768466820471847
single-blocker,11,222,product,416,0.0,195.0,727.0,350.16627487892004,350.16627487892004,12.922098519001619
single-blocker,11,222,product,448,0.0,210.0,781.0,364.84944888762453,364.84944888762453,13.06474831256191
single-blocker,11,222,product,480,0.0,225.0,836.0,379.3101925593209,379.3101925593209,13.200700984284385
single-blocker,11,222,product,512,0.0,240.0,889.0,392.7521340954792,392.7521340954792,13.322697415630918
outcome-lag-64,13,222,prefix,32,0.0,24.0,64.0,64.0,64.0,31.517513824758648
outcome-lag-64,13,222,prefix,64,0.0,48.0,128.0,128.0,128.0,61.148263196449015
outcome-lag-64,13,222,prefix,96,0.0,72.0,191.56515577133322,189.49066580048975,189.49066580048975,84.62922484846926
outcome-lag-64,13,222,prefix,128,0.0,96.0,244.32255184516296,241.75822065979824,240.85430685254184,101.79345802040166
outcome-lag-64,13,222,prefix,160,0.0,120.0,288.0742312727091,288.5867441111823,284.60598628008796,115.60262735698834
outcome-lag-64,13,222,prefix,192,0.0,144.0,324.9118706737348,329.3530310040054,321.4436256811137,126.63376865359531
outcome-lag-64,13,222,prefix,224,0.0,168.0,365.44883946825536,370.937535875871,360.5803584205786,136.100467510396
outcome-lag-64,13,222,prefix,256,0.0,192.0,399.9844504696682,408.7670132776061,395.1135873332025,146.1405418677
outcome-lag-64,13,222,prefix,288,0.0,216.0,428.39378145234656,441.71647825992403,423.5229183158808,154.47147389305138
outcome-lag-64,13,222,prefix,320,0.0,240.0,456.4402127630706,474.02948226645054,451.56934962660483,162.23575765113193
outcome-lag-64,13,222,prefix,352,0.0,264.0,483.27599446834483,505.29523459097413,478.4051313318791,170.28165957743778
outcome-lag-64,13,222,prefix,384,0.0,288.0,506.53849863253754,532.4832696473263,501.6676354960718,176.4159286221819
outcome-lag-64,13,222,prefix,416,0.0,312.0,528.2080358659584,557.2747585062403,523.3371727294929,181.34384448131328
outcome-lag-64,13,222,prefix,448,0.0,336.0,548.7964759253845,580.6433387020995,543.9256127889189,185.81033300772555
outcome-lag-64,13,222,prefix,480,0.0,360.0,568.5647616333537,603.0443382009435,563.6938984968881,189.95784862017828
outcome-lag-64,13,222,prefix,512,0.0,384.0,587.4859973154988,624.4590211820721,582.6151341790332,193.75828137629782
outcome-lag-64,13,222,intersection,32,0.0,24.0,64.0,64.0,64.0,31.517513824758648
outcome-lag-64,13,222,intersection,64,0.0,48.0,128.0,128.0,128.0,61.148263196449015
outcome-lag-64,13,222,intersection,96,0.0,72.0,191.56515577133322,189.49066580048975,189.49066580048975,84.62922484846926
outcome-lag-64,13,222,intersection,128,0.0,96.0,244.32255184516296,241.75822065979824,240.85430685254184,101.79345802040166
outcome-lag-64,13,222,intersection,160,0.0,120.0,291.3153591507854,291.71146744114435,287.8471141581643,117.75650512252616
outcome-lag-64,13,222,intersection,192,0.0,144.0,333.1292961849458,336.658920732921,329.6402766537811,130.84623990459065
outcome-lag-64,13,222,intersection,224,0.0,168.0,368.99667852560947,375.14849117507134,365.1198335346632,140.66798722074054
outcome-lag-64,13,222,intersection,256,0.0,192.0,402.3172720870056,412.3533700404031,398.44042709605935,150.42626242227408
outcome-lag-64,13,222,intersection,288,0.0,216.0,430.4558335032917,445.16434367947346,426.5789885123454,158.64111893832134
outcome-lag-64,13,222,intersection,320,0.0,240.0,456.82056580719177,475.7681145554217,452.9437208162455,165.90411367421447
outcome-lag-64,13,222,intersection,352,0.0,264.0,481.07168110816866,504.524520806187,477.1948361172224,172.78472480771566
outcome-lag-64,13,222,intersection,384,0.0,288.0,503.4976982506756,531.6900107106777,499.62085325972936,179.7128539374255
outcome-lag-64,13,222,intersection,416,0.0,312.0,525.0969194110866,556.5522525116459,521.2200744201403,184.8600977002519
outcome-lag-64,13,222,intersection,448,0.0,336.0,545.445916224975,579.6190562519564,541.5690712340288,189.20822820889964
outcome-lag-64,13,222,intersection,480,0.0,360.0,565.0216975128103,601.7659599198316,561.1448525218641,193.2178562507655
outcome-lag-64,13,222,intersection,512,0.0,384.0,583.7968556402263,623.0014857342064,579.9200106492801,196.93218205127906
outcome-lag-64,13,222,completed,32,0.0,24.0,64.0,64.0,64.0,31.517513824758648
outcome-lag-64,13,222,completed,64,2.125,35.25,111.0,111.0,111.0,51.41393917628103
outcome-lag-64,13,222,completed,96,4.75,43.5,153.56515577133322,151.85429257507673,151.85429257507673,65.46150872683383
outcome-lag-64,13,222,completed,128,4.75,67.5,208.57770738370277,207.20613110576585,206.38743171967397,81.16616413310527
outcome-lag-64,13,222,completed,160,4.75,91.5,257.373041523145,258.56534273267926,255.14441684135824,96.54941168335547
outcome-lag-64,13,222,completed,192,4.75,115.5,297.99219072012727,302.9045667854985,295.7635660383405,109.5634603693048
outcome-lag-64,13,222,completed,224,4.75,139.5,334.88491189892596,344.0736909221838,332.6528577716472,120.5967120480144
outcome-lag-64,13,222,completed,256,4.75,163.5,369.0019738716505,383.4715924335037,366.7699197443717,131.3838360714358
outcome-lag-64,13,222,completed,288,4.75,187.5,399.24857622524235,418.97234838365307,397.01652209796356,141.00379387846903
outcome-lag-64,13,222,completed,320,4.75,211.5,427.21080568252466,451.3824736301547,424.9787515552459,148.96470467588068
outcome-lag-64,13,222,completed,352,4.75,235.5,453.3119027953985,481.9825269980729,451.0798486681197,156.33456893565008
outcome-lag-64,13,222,completed,384,4.75,259.5,477.5855684400054,510.72587625352344,475.3535143127266,163.19884109708073
outcome-lag-64,13,222,completed,416,4.75,283.5,500.56131954150015,537.2190739437541,498.32926541422137,168.7731448032369
outcome-lag-64,13,222,completed,448,4.75,307.5,522.0480846269811,561.3500379779476,519.8160304997023,173.10558367098724
outcome-lag-64,13,222,completed,480,4.75,331.5,542.2343642562382,584.0087437242846,540.0023101289594,177.0972740344819
outcome-lag-64,13,222,completed,512,4.75,355.5,561.6189678962129,605.9090112137711,559.386913768934,181.0109634485623
outcome-lag-64,13,222,plugin,32,1.578125,11.0625,48.0,48.0,48.0,22.30097142117729
outcome-lag-64,13,222,plugin,64,2.671875,22.6875,93.0,93.0,93.0,42.590568691712534
outcome-lag-64,13,222,plugin,96,6.046875,25.6875,128.57238169654295,126.87367819132035,126.87367819132035,55.02920747733611
outcome-lag-64,13,222,plugin,128,7.859375,36.9375,170.06031921633394,168.79963558038008,168.00831105648197,67.26056546716198
outcome-lag-64,13,222,plugin,160,11.859375,36.9375,188.88425411273536,190.06003008725577,186.8322459528834,74.46595980651836
outcome-lag-64,13,222,plugin,192,13.125,51.0,221.34420739793842,225.0100883752138,219.1168618932365,82.55244867339943
outcome-lag-64,13,222,plugin,224,15.265625,60.5625,246.08425955765378,252.595216495961,243.85691405295185,89.81133984670126
outcome-lag-64,13,222,plugin,256,16.859375,72.9375,271.3738568509006,281.2646353949666,269.1465113461987,97.54777188359907
outcome-lag-64,13,222,plugin,288,17.359375,90.9375,295.4896885112564,309.05878453437293,293.2623430065545,104.50729607765626
outcome-lag-64,13,222,plugin,320,17.859375,108.9375,319.6985883544872,337.3184860963614,317.47124284978526,112.0659587302905
outcome-lag-64,13,222,plugin,352,18.359375,126.9375,340.9672240844919,363.2387808386986,338.73987857978994,119.47176825288328
outcome-lag-64,13,222,plugin,384,18.859375,144.9375,363.9620823935064,391.3813889803356,361.7347368888045,127.44714980113694
outcome-lag-64,13,222,plugin,416,19.359375,162.9375,383.67521150173775,414.202392686207,381.4478659970358,132.7014606847589
outcome-lag-64,13,222,plugin,448,19.859375,180.9375,402.9709164241958,436.21050553695545,400.7435709194939,137.29948979628634
outcome-lag-64,13,222,plugin,480,20.359375,198.9375,420.8962082395315,456.8159062246888,418.6688627348296,141.59759949923782
outcome-lag-64,13,222,plugin,512,20.859375,216.9375,437.9074426596325,476.2812934304447,435.6800971549306,145.41026751334684
outcome-lag-64,13,222,safe,32,4.0,0.0,32.0,32.0,32.0,14.222977193183057
outcome-lag-64,13,222,safe,64,8.0,0.0,64.0,64.0,64.0,27.005745782946622
outcome-lag-64,13,222,safe,96,12.0,0.0,95.57238169654296,93.87367819132035,93.87367819132035,38.21015583434147
outcome-lag-64,13,222,safe,128,16.0,0.0,120.081996991963,118.99200478645525,118.20068026255706,47.367212211584494
outcome-lag-64,13,222,safe,160,20.0,0.0,138.9059318883645,140.25239929333088,137.02461515895857,54.572606550940876
outcome-lag-64,13,222,safe,192,24.0,0.0,154.75466836503836,158.24928340943933,152.87335163563242,59.866878462202564
outcome-lag-64,13,222,safe,224,28.0,0.0,168.76697285281185,174.05096509447907,166.8856561234059,63.989885789109174
outcome-lag-64,13,222,safe,256,32.0,0.0,181.39939113082534,188.7995300247172,179.5180744014194,67.86996311766121
outcome-lag-64,13,222,safe,288,36.0,0.0,193.0386025168872,202.53723440175114,191.15728578748127,71.40102033237017
outcome-lag-64,13,222,safe,320,40.0,0.0,203.88759162869462,215.3475538200543,202.00627489928868,74.5585919760543
outcome-lag-64,13,222,safe,352,44.0,0.0,214.06583911540866,227.97106826403171,212.18452238600273,78.00181198625364
outcome-lag-64,13,222,safe,384,48.0,0.0,223.71111771985704,239.94807982556938,221.8298009904511,81.20773241774262
outcome-lag-64,13,222,safe,416,52.0,0.0,232.88419341373844,250.94386991565597,231.0028766843325,83.79135187529296
outcome-lag-64,13,222,safe,448,56.0,0.0,241.64224410297848,261.0169434306232,239.76092737357254,85.7704174304524
outcome-lag-64,13,222,safe,480,60.0,0.0,250.03704144435866,270.4270393463526,248.15572471495273,87.37108566376455
outcome-lag-64,13,222,safe,512,64.0,0.0,258.1175297396867,279.7718577504772,256.23621301028066,89.16299662156743
outcome-lag-64,13,222,known,32,0.0,24.0,64.0,64.0,64.0,31.517513824758648
outcome-lag-64,13,222,known,64,0.0,48.0,128.0,128.0,128.0,61.148263196449015
outcome-lag-64,13,222,known,96,0.0,72.0,191.56515577133322,189.49066580048975,189.49066580048975,84.62922484846926
outcome-lag-64,13,222,known,128,0.0,96.0,244.32255184516296,241.75822065979824,240.85430685254184,101.79345802040166
outcome-lag-64,13,222,known,160,0.0,120.0,288.0742312727091,288.5867441111823,284.60598628008796,115.60262735698834
outcome-lag-64,13,222,known,192,0.0,144.0,324.4539832928743,328.9666036183615,320.98573830025316,126.61664106088632
outcome-lag-64,13,222,known,224,0.0,168.0,357.6472934382654,366.71060356169244,354.1627006542689,136.55453269524264
outcome-lag-64,13,222,known,256,0.0,192.0,387.7073986699512,401.85312765710705,384.2228058859547,145.84512081809368
outcome-lag-64,13,222,known,288,0.0,216.0,416.50349142584946,435.42383912713024,413.01889864185296,154.3091734544622
outcome-lag-64,13,222,known,320,0.0,240.0,442.2718472318386,465.2851978318504,438.7872544478421,161.2887109173186
outcome-lag-64,13,222,known,352,0.0,264.0,466.9937681097641,494.33927952343635,463.5091753257676,168.101354249801
outcome-lag-64,13,222,known,384,0.0,288.0,488.51128109019794,520.4364949447191,485.02668830620144,174.6167533903451
outcome-lag-64,13,222,known,416,0.0,312.0,510.01432577990994,545.1557406162472,506.52973299591343,179.60874582043047
outcome-lag-64,13,222,known,448,0.0,336.0,530.009903570483,567.7799123030886,526.5253107864863,183.7143266937003
outcome-lag-64,13,222,known,480,0.0,360.0,549.4372226949984,589.6236538202085,545.9526299110017,187.45466144750327
outcome-lag-64,13,222,known,512,0.0,384.0,568.134738207926,610.7039706250195,564.6501454239294,191.0212018068123
outcome-lag-64,13,222,product,32,0.0,24.0,64.0,64.0,64.0,31.517513824758648
outcome-lag-64,13,222,product,64,0.0,48.0,128.0,128.0,128.0,61.148263196449015
outcome-lag-64,13,222,product,96,0.0,72.0,191.56515577133322,189.49066580048975,189.49066580048975,84.62922484846926
outcome-lag-64,13,222,product,128,0.0,96.0,244.32255184516296,241.75822065979824,240.85430685254184,101.79345802040166
outcome-lag-64,13,222,product,160,0.0,120.0,288.0742312727091,288.5867441111823,284.60598628008796,115.60262735698834
outcome-lag-64,13,222,product,192,0.0,144.0,324.4539832928743,328.9666036183615,320.98573830025316,126.61664106088632
outcome-lag-64,13,222,product,224,0.0,168.0,357.6472934382654,366.71060356169244,354.1627006542689,136.55453269524264
outcome-lag-64,13,222,product,256,0.0,192.0,387.7073986699512,401.85312765710705,384.2228058859547,145.84512081809368
outcome-lag-64,13,222,product,288,0.0,216.0,416.50349142584946,435.42383912713024,413.01889864185296,154.3091734544622
outcome-lag-64,13,222,product,320,0.0,240.0,442.2718472318386,465.2851978318504,438.7872544478421,161.2887109173186
outcome-lag-64,13,222,product,352,0.0,264.0,466.9937681097641,494.33927952343635,463.5091753257676,168.101354249801
outcome-lag-64,13,222,product,384,0.0,288.0,488.51128109019794,520.4364949447191,485.02668830620144,174.6167533903451
outcome-lag-64,13,222,product,416,0.0,312.0,510.01432577990994,545.1557406162472,506.52973299591343,179.60874582043047
outcome-lag-64,13,222,product,448,0.0,336.0,530.009903570483,567.7799123030886,526.5253107864863,183.7143266937003
outcome-lag-64,13,222,product,480,0.0,360.0,549.4372226949984,589.6236538202085,545.9526299110017,187.45466144750327
outcome-lag-64,13,222,product,512,0.0,384.0,568.134738207926,610.7039706250195,564.6501454239294,191.0212018068123
single-blocker,13,222,prefix,32,0.0,24.0,64.0,63.96821681185914,63.96821681185914,10.12653670652336
single-blocker,13,222,prefix,64,0.0,48.0,128.0,118.79647052539585,118.79647052539585,12.387604997168946
single-blocker,13,222,prefix,96,0.0,72.0,192.0,161.9493409488313,161.9493409488313,13.585441768585495
single-blocker,13,222,prefix,128,0.0,96.0,256.0,199.0538111556787,199.0538111556787,14.4385712780813
single-blocker,13,222,prefix,160,0.0,120.0,320.0,234.57948557596524,234.57948557596524,15.20914989320916
single-blocker,13,222,prefix,192,0.0,144.0,384.0,264.57543656498933,264.57543656498933,15.736649928937007
single-blocker,13,222,prefix,224,0.0,168.0,448.0,292.8583424980692,292.8583424980692,16.213447553042343
single-blocker,13,222,prefix,256,0.0,192.0,512.0,319.12140339946137,319.12140339946137,16.624572481870786
single-blocker,13,222,prefix,288,0.0,216.0,576.0,344.6198952200439,344.6198952200439,17.01640546879867
single-blocker,13,222,prefix,320,0.0,240.0,640.0,367.82087073069346,367.82087073069346,17.335559737584376
single-blocker,13,222,prefix,352,0.0,264.0,704.0,390.366304598908,390.366304598908,17.6395552466954
single-blocker,13,222,prefix,384,0.0,288.0,768.0,410.1733726233971,410.1733726233971,17.864806990445953
single-blocker,13,222,prefix,416,0.0,312.0,832.0,430.13728371741394,430.13728371741394,18.10146484302011
single-blocker,13,222,prefix,448,0.0,336.0,896.0,448.86169463439404,448.86169463439404,18.307284946428382
single-blocker,13,222,prefix,480,0.0,360.0,960.0,467.16381498213053,467.16381498213053,18.50599853084836
single-blocker,13,222,prefix,512,0.0,384.0,1024.0,484.86384194337245,484.86384194337245,18.692249046588568
single-blocker,13,222,intersection,32,0.0,24.0,64.0,63.96821681185914,63.96821681185914,10.12653670652336
single-blocker,13,222,intersection,64,0.0,48.0,128.0,118.79647052539585,118.79647052539585,12.387604997168946
single-blocker,13,222,intersection,96,0.0,72.0,192.0,161.9493409488313,161.9493409488313,13.585441768585495
single-blocker,13,222,intersection,128,0.0,96.0,256.0,199.0538111556787,199.0538111556787,14.4385712780813
single-blocker,13,222,intersection,160,0.0,120.0,320.0,238.0584585687041,238.0584585687041,15.366120649607394
single-blocker,13,222,intersection,192,0.0,144.0,384.0,270.8539062163423,270.8539062163423,15.993456090254337
single-blocker,13,222,intersection,224,0.0,168.0,448.0,300.0114331676149,300.0114331676149,16.48315991552664
single-blocker,13,222,intersection,256,0.0,192.0,512.0,328.17864276725606,328.17864276725606,16.94088299610501
single-blocker,13,222,intersection,288,0.0,216.0,576.0,353.59564124046705,353.59564124046705,17.309685503202243
single-blocker,13,222,intersection,320,0.0,240.0,640.0,376.82521305346353,376.82521305346353,17.615564585336863
single-blocker,13,222,intersection,352,0.0,264.0,704.0,398.9976390131157,398.9976390131157,17.89532640918465
single-blocker,13,222,intersection,384,0.0,288.0,768.0,419.5463277146769,419.5463277146769,18.13396322153207
single-blocker,13,222,intersection,416,0.0,312.0,832.0,439.51392100239224,439.51392100239224,18.361267078552313
single-blocker,13,222,intersection,448,0.0,336.0,896.0,458.4712329225479,458.4712329225479,18.565775578902507
single-blocker,13,222,intersection,480,0.0,360.0,960.0,476.8214416711889,476.8214416711889,18.758287677616636
single-blocker,13,222,intersection,512,0.0,384.0,1024.0,494.5386014671991,494.5386014671991,18.938146954346795
single-blocker,13,222,completed,32,0.0,24.0,64.0,63.96821681185914,63.96821681185914,10.12653670652336
single-blocker,13,222,completed,64,0.0,48.0,128.0,118.79647052539585,118.79647052539585,12.387604997168946
single-blocker,13,222,completed,96,0.0,72.0,192.0,161.9493409488313,161.9493409488313,13.585441768585495
single-blocker,13,222,completed,128,0.0,96.0,256.0,199.0538111556787,199.0538111556787,14.4385712780813
single-blocker,13,222,completed,160,0.0,120.0,320.0,238.34068724647807,238.34068724647807,15.378468673923505
single-blocker,13,222,completed,192,0.0,144.0,384.0,271.04494366774014,271.04494366774014,16.000904197702443
single-blocker,13,222,completed,224,0.0,168.0,448.0,299.85245293109654,299.85245293109654,16.477446132122978
single-blocker,13,222,completed,256,0.0,192.0,512.0,328.09204672002573,328.09204672002573,16.93802585324786
single-blocker,13,222,completed,288,0.0,216.0,576.0,353.5366832349222,353.5366832349222,17.30785834270839
single-blocker,13,222,completed,320,0.0,240.0,640.0,376.75274281181163,376.75274281181163,17.613422132430376
single-blocker,13,222,completed,352,0.0,264.0,704.0,398.9204019778076,398.9204019778076,17.893141094499317
single-blocker,13,222,completed,384,0.0,288.0,768.0,419.45017070604484,419.45017070604484,18.13133331574625
single-blocker,13,222,completed,416,0.0,312.0,832.0,439.41104830983215,439.41104830983215,18.358547924733
single-blocker,13,222,completed,448,0.0,336.0,896.0,458.35945224724185,458.35945224724185,18.562906672590874
single-blocker,13,222,completed,480,0.0,360.0,960.0,476.70429555060616,476.70429555060616,18.75536471981559
single-blocker,13,222,completed,512,0.0,384.0,1024.0,494.417224845072,494.417224845072,18.935197152725234
single-blocker,13,222,plugin,32,0.453125,18.5625,61.0,60.96821681185914,60.96821681185914,9.343203373190022
single-blocker,13,222,plugin,64,0.953125,36.5625,117.0,107.79647052539583,107.79647052539583,10.707471242035187
single-blocker,13,222,plugin,96,1.453125,54.5625,175.0,144.94934094883126,144.94934094883126,11.537702111441808
single-blocker,13,222,plugin,128,1.953125,72.5625,233.0,176.05381115567866,176.05381115567866,12.122613100327786
single-blocker,13,222,plugin,160,2.453125,90.5625,286.0,200.95638695449185,200.95638695449185,12.534590696414512
single-blocker,13,222,plugin,192,2.953125,108.5625,344.0,225.78150092764363,225.78150092764363,12.909907122288661
single-blocker,13,222,plugin,224,3.453125,126.5625,400.0,247.7233041160081,247.7233041160081,13.21424221471291
single-blocker,13,222,plugin,256,3.953125,144.5625,456.0,268.1427961193333,268.1427961193333,13.478317888128082
single-blocker,13,222,plugin,288,4.453125,162.5625,509.0,286.23911576869864,286.23911576869864,13.697854425446307
single-blocker,13,222,plugin,320,4.953125,180.5625,565.0,304.4273254012279,304.4273254012279,13.908059199307475
single-blocker,13,222,plugin,352,5.453125,198.5625,619.0,321.06511064097765,321.06511064097765,14.090695346377817
single-blocker,13,222,plugin,384,5.953125,216.5625,680.0,339.167879789119,339.167879789119,14.282236387597445
single-blocker,13,222,plugin,416,6.453125,234.5625,737.0,355.2638132536559,355.2638132536559,14.44439241711417
single-blocker,13,222,plugin,448,6.953125,252.5625,796.0,371.3113838109146,371.3113838109146,14.600202517121138
single-blocker,13,222,plugin,480,7.453125,270.5625,854.0,386.4876153402102,386.4876153402102,14.742029153621916
single-blocker,13,222,plugin,512,7.953125,288.5625,912.0,401.1485627173889,401.1485627173889,14.874455380560345
single-blocker,13,222,safe,32,4.0,0.0,32.0,31.968216811859147,31.968216811859147,4.02724519543652
single-blocker,13,222,safe,64,8.0,0.0,64.0,57.42435623340214,57.42435623340214,4.7282659037057675
single-blocker,13,222,safe,96,12.0,0.0,96.0,76.78319682780861,76.78319682780861,5.136346480888775
single-blocker,13,222,safe,128,16.0,0.0,128.0,93.03345515740088,93.03345515740088,5.425334592589174
single-blocker,13,222,safe,160,20.0,0.0,160.0,107.31238195727079,107.31238195727079,5.649261224939744
single-blocker,13,222,safe,192,24.0,0.0,192.0,120.1978375468853,120.1978375468853,5.832104609707439
single-blocker,13,222,safe,224,28.0,0.0,224.0,132.0310352083931,132.0310352083931,5.986627913082163
single-blocker,13,222,safe,256,32.0,0.0,256.0,143.03333360981438,143.03333360981438,6.120438712817281
single-blocker,13,222,safe,288,36.0,0.0,288.0,153.35798108855585,153.35798108855585,6.238439029233648
single-blocker,13,222,safe,320,40.0,0.0,320.0,163.1162631808352,163.1162631808352,6.343973346894013
single-blocker,13,222,safe,352,44.0,0.0,352.0,172.39200998111025,172.39200998111025,6.43942571339101
single-blocker,13,222,safe,384,48.0,0.0,384.0,181.25023096678382,181.25023096678382,6.5265555690159704
single-blocker,13,222,safe,416,52.0,0.0,416.0,189.74254455085054,189.74254455085054,6.6066985205464555
single-blocker,13,222,safe,448,56.0,0.0,448.0,197.91074640079475,197.91074640079475,6.680892410683006
single-blocker,13,222,safe,480,60.0,0.0,480.0,205.78924141297622,205.78924141297622,6.7499597404471405
single-blocker,13,222,safe,512,64.0,0.0,512.0,213.40675252840046,213.40675252840046,6.81456340954972
single-blocker,13,222,known,32,0.0,24.0,64.0,63.96821681185914,63.96821681185914,10.12653670652336
single-blocker,13,222,known,64,0.0,48.0,128.0,118.79647052539585,118.79647052539585,12.387604997168946
single-blocker,13,222,known,96,0.0,72.0,192.0,161.9493409488313,161.9493409488313,13.585441768585495
single-blocker,13,222,known,128,0.0,96.0,256.0,199.0538111556787,199.0538111556787,14.4385712780813
single-blocker,13,222,known,160,0.0,120.0,320.0,234.57948557596524,234.57948557596524,15.20914989320916
single-blocker,13,222,known,192,0.0,144.0,384.0,264.57543656498933,264.57543656498933,15.736649928937007
single-blocker,13,222,known,224,0.0,168.0,448.0,292.8583424980692,292.8583424980692,16.213447553042343
single-blocker,13,222,known,256,0.0,192.0,512.0,319.12140339946137,319.12140339946137,16.624572481870786
single-blocker,13,222,known,288,0.0,216.0,576.0,344.6198952200439,344.6198952200439,17.01640546879867
single-blocker,13,222,known,320,0.0,240.0,640.0,367.82087073069346,367.82087073069346,17.335559737584376
single-blocker,13,222,known,352,0.0,264.0,704.0,390.366304598908,390.366304598908,17.6395552466954
single-blocker,13,222,known,384,0.0,288.0,768.0,410.1733726233971,410.1733726233971,17.864806990445953
single-blocker,13,222,known,416,0.0,312.0,832.0,430.13728371741394,430.13728371741394,18.10146484302011
single-blocker,13,222,known,448,0.0,336.0,896.0,448.86169463439404,448.86169463439404,18.307284946428382
single-blocker,13,222,known,480,0.0,360.0,960.0,467.16381498213053,467.16381498213053,18.50599853084836
single-blocker,13,222,known,512,0.0,384.0,1024.0,484.86384194337245,484.86384194337245,18.692249046588568
single-blocker,13,222,product,32,0.0,24.0,64.0,63.96821681185914,63.96821681185914,10.12653670652336
single-blocker,13,222,product,64,0.0,48.0,128.0,118.79647052539585,118.79647052539585,12.387604997168946
single-blocker,13,222,product,96,0.0,72.0,192.0,161.9493409488313,161.9493409488313,13.585441768585495
single-blocker,13,222,product,128,0.0,96.0,256.0,199.0538111556787,199.0538111556787,14.4385712780813
single-blocker,13,222,product,160,0.0,120.0,320.0,234.57948557596524,234.57948557596524,15.20914989320916
single-blocker,13,222,product,192,0.0,144.0,384.0,264.57543656498933,264.57543656498933,15.736649928937007
single-blocker,13,222,product,224,0.0,168.0,448.0,292.8583424980692,292.8583424980692,16.213447553042343
single-blocker,13,222,product,256,0.0,192.0,512.0,319.12140339946137,319.12140339946137,16.624572481870786
single-blocker,13,222,product,288,0.0,216.0,576.0,344.6198952200439,344.6198952200439,17.01640546879867
single-blocker,13,222,product,320,0.0,240.0,640.0,367.82087073069346,367.82087073069346,17.335559737584376
single-blocker,13,222,product,352,0.0,264.0,704.0,390.366304598908,390.366304598908,17.6395552466954
single-blocker,13,222,product,384,0.0,288.0,768.0,410.1733726233971,410.1733726233971,17.864806990445953
single-blocker,13,222,product,416,0.0,312.0,832.0,430.13728371741394,430.13728371741394,18.10146484302011
single-blocker,13,222,product,448,0.0,336.0,896.0,448.86169463439404,448.86169463439404,18.307284946428382
single-blocker,13,222,product,480,0.0,360.0,960.0,467.16381498213053,467.16381498213053,18.50599853084836
single-blocker,13,222,product,512,0.0,384.0,1024.0,484.86384194337245,484.86384194337245,18.692249046588568
outcome-lag-64,15,222,prefix,32,0.75,22.0,64.0,64.0,64.0,27.81013443113797
outcome-lag-64,15,222,prefix,64,1.5,44.0,128.0,128.0,128.0,60.917475156688724
outcome-lag-64,15,222,prefix,96,2.25,66.0,191.82084716622788,190.91574137924184,190.91574137924184,90.97396730616144
outcome-lag-64,15,222,prefix,128,3.0,88.0,245.7185744482173,247.69385697964074,244.58328094621154,113.39583243484955
outcome-lag-64,15,222,prefix,160,3.75,110.0,289.65866726779353,297.65072230718977,288.4151988688587,129.01457185968968
outcome-lag-64,15,222,prefix,192,4.5,132.0,327.02177279713356,341.1929687885208,325.32127118664346,142.40006596955016
outcome-lag-64,15,222,prefix,224,5.25,154.0,360.14446188910955,379.47315460460277,357.98341716025607,152.9699673814458
outcome-lag-64,15,222,prefix,256,6.0,176.0,389.9666003019186,413.7330009890115,387.5714723130636,161.45224600351935
outcome-lag-64,15,222,prefix,288,6.75,198.0,417.0862226483659,446.1621584684429,414.679186491276,169.95750012505263
outcome-lag-64,15,222,prefix,320,7.5,220.0,443.0934741750659,477.39756743273017,440.6694658873035,178.03446497464356
outcome-lag-64,15,222,prefix,352,8.25,242.0,466.9598492600741,505.91956618508635,464.44388927015376,185.04638548542775
outcome-lag-64,15,222,prefix,384,9.0,264.0,489.745931316427,532.7111647124739,487.0458979345725,191.04180085381924
outcome-lag-64,15,222,prefix,416,9.75,286.0,512.2190723726441,558.4097107864133,509.3800592765846,195.9117696535072
outcome-lag-64,15,222,prefix,448,10.359375,306.6875,532.762799263852,582.1592663774495,529.8668781341952,200.67634488637015
outcome-lag-64,15,222,prefix,480,10.359375,321.6875,548.4434776286554,601.7102742186596,545.5475564989986,205.60432006140329
outcome-lag-64,15,222,prefix,512,10.359375,336.6875,564.1432075333845,620.903617526132,561.2472864037277,210.11881887387744
outcome-lag-64,15,222,intersection,32,0.75,22.0,64.0,64.0,64.0,27.81013443113797
outcome-lag-64,15,222,intersection,64,1.5,44.0,128.0,128.0,128.0,60.917475156688724
outcome-lag-64,15,222,intersection,96,2.25,66.0,191.82084716622788,190.91574137924184,190.91574137924184,90.97396730616144
outcome-lag-64,15,222,intersection,128,3.0,88.0,245.7185744482173,247.69385697964074,244.58328094621154,113.39583243484955
outcome-lag-64,15,222,intersection,160,3.75,110.0,289.65866726779353,297.65072230718977,288.4151988688587,129.01457185968968
outcome-lag-64,15,222,intersection,192,4.5,132.0,327.02177279713356,341.1929687885208,325.32127118664346,142.40006596955016
outcome-lag-64,15,222,intersection,224,5.25,154.0,360.14446188910955,379.47315460460277,357.98341716025607,152.9699673814458
outcome-lag-64,15,222,intersection,256,6.0,176.0,389.9666003019186,413.7330009890115,387.5714723130636,161.45224600351935
outcome-lag-64,15,222,intersection,288,6.75,198.0,417.0862226483659,446.1621584684429,414.679186491276,169.95750012505263
outcome-lag-64,15,222,intersection,320,7.5,220.0,443.0934741750659,477.39756743273017,440.6694658873035,178.03446497464356
outcome-lag-64,15,222,intersection,352,8.25,242.0,466.9598492600741,505.91956618508635,464.44388927015376,185.04638548542775
outcome-lag-64,15,222,intersection,384,9.0,264.0,489.745931316427,532.7111647124739,487.0458979345725,191.04180085381924
outcome-lag-64,15,222,intersection,416,9.3046875,281.84375,508.9329269392201,555.1633123797138,506.1336608698852,195.79428645263252
outcome-lag-64,15,222,intersection,448,9.3046875,296.84375,523.9997447747213,573.4915146093933,521.2004787053864,200.1590205760835
outcome-lag-64,15,222,intersection,480,9.3046875,311.84375,539.6804231395247,593.0425224506034,536.8811570701898,205.08699575111663
outcome-lag-64,15,222,intersection,512,9.3046875,326.84375,555.3801530442538,612.2358657580759,552.5808869749189,209.6014945635908
outcome-lag-64,15,222,completed,32,0.75,22.0,64.0,64.0,64.0,27.81013443113797
outcome-lag-64,15,222,completed,64,3.375,38.5,120.0,120.0,120.0,55.107866679434316
outcome-lag-64,15,222,completed,96,5.765625,55.6875,176.82084716622788,175.91574137924184,175.91574137924184,79.37670799222204
outcome-lag-64,15,222,completed,128,6.515625,77.6875,230.9377559596466,232.80934089818265,229.80246245764084,100.49178452829945
outcome-lag-64,15,222,completed,160,7.265625,99.6875,276.8689747671055,284.54118909887313,275.6255063681706,117.09198446929925
outcome-lag-64,15,222,completed,192,8.015625,121.6875,315.5716428944342,329.5418535843775,313.87114128394404,131.26199649236509
outcome-lag-64,15,222,completed,224,8.765625,143.6875,349.61029961410634,368.8822164770609,347.4492548852528,142.3744768924422
outcome-lag-64,15,222,completed,256,9.515625,165.6875,380.11396079161216,403.957713437936,377.7188328027571,151.2587119924082
outcome-lag-64,15,222,completed,288,10.265625,187.6875,407.76768224061743,437.09824652177156,405.3606460835275,160.12194910279297
outcome-lag-64,15,222,completed,320,11.015625,209.6875,434.17401155750093,468.8915448331828,431.75000326973844,168.4831136357529
outcome-lag-64,15,222,completed,352,11.765625,231.6875,458.3894738179961,497.87476084155315,455.87351382807566,175.7011835428302
outcome-lag-64,15,222,completed,384,12.375,252.375,480.85914087837267,524.4592374329402,478.18834275281665,181.82484901433372
outcome-lag-64,15,222,completed,416,12.515625,268.6875,499.06761034504956,546.0384637292555,496.34347116868713,186.59963573235353
outcome-lag-64,15,222,completed,448,12.515625,283.6875,514.3123116141836,564.5989352901552,511.5881724378212,191.05419756680473
outcome-lag-64,15,222,completed,480,12.515625,298.6875,530.181784156783,584.4115718018165,527.4576449804206,196.08941144956
outcome-lag-64,15,222,completed,512,12.515625,313.6875,546.0652038570885,603.8614051734841,543.341064680726,200.7102652762067
outcome-lag-64,15,222,plugin,32,1.3203125,12.65625,53.0,53.0,53.0,24.598180874718473
outcome-lag-64,15,222,plugin,64,3.0703125,22.65625,102.0,102.0,102.0,51.42494121781116
outcome-lag-64,15,222,plugin,96,6.7421875,29.84375,149.82084716622788,148.9157413792418,148.9157413792418,73.43605081032248
outcome-lag-64,15,222,plugin,128,6.7421875,44.84375,200.65226688411505,200.97454856149753,199.51697338210923,93.72018003153715
outcome-lag-64,15,222,plugin,160,6.7421875,59.84375,235.67724864827056,241.53005865627196,234.54195514626474,108.5065188019266
outcome-lag-64,15,222,plugin,192,6.7421875,74.84375,267.1611967736469,279.7875624586179,266.0259032716411,122.10409503713191
outcome-lag-64,15,222,plugin,224,6.7421875,89.84375,294.61299687963,313.0607705927898,293.47770337762415,132.85693042632184
outcome-lag-64,15,222,plugin,256,6.7421875,104.84375,319.27522965898845,342.5863102176819,318.1399361569826,141.52393068009744
outcome-lag-64,15,222,plugin,288,6.7421875,119.84375,342.1653253999416,370.93230945309847,341.03003189793577,149.97579620040725
outcome-lag-64,15,222,plugin,320,6.7421875,134.84375,362.603742321761,396.731882660059,361.46844881975517,157.7417067109526
outcome-lag-64,15,222,plugin,352,6.7421875,149.84375,382.43399348332235,421.47738376845365,381.29869998131653,164.68143936085212
outcome-lag-64,15,222,plugin,384,6.7421875,164.84375,400.78748414766596,444.1399552701322,399.65219064566014,170.69855170207407
outcome-lag-64,15,222,plugin,416,6.7421875,179.84375,416.84937748158364,463.6553516876082,415.7140839795778,175.50502403462627
outcome-lag-64,15,222,plugin,448,6.7421875,194.84375,432.1824125756978,482.33095923739864,431.047119073692,180.0046004496462
outcome-lag-64,15,222,plugin,480,6.7421875,209.84375,448.1451717020447,502.2728125532499,447.0098782000389,185.09329643660956
outcome-lag-64,15,222,plugin,512,6.7421875,224.84375,464.1189919073641,521.8488281440921,462.98369840535827,189.76694256850453
outcome-lag-64,15,222,safe,32,8.25,0.0,32.0,32.0,32.0,13.456610027265281
outcome-lag-64,15,222,safe,64,16.5,0.0,64.0,64.0,64.0,28.862457333049075
outcome-lag-64,15,222,safe,96,24.75,0.0,95.82084716622786,94.91574137924182,94.91574137924182,41.65001283608835
outcome-lag-64,15,222,safe,128,33.0,0.0,120.37553988322163,119.99511786208313,119.24024638121577,50.76811910103774
outcome-lag-64,15,222,safe,160,41.25,0.0,139.2202706256606,141.24887541715333,138.08497712365474,57.96687648858864
outcome-lag-64,15,222,safe,192,49.5,0.0,155.1120846907639,160.18292581975567,153.97679118875806,64.19831468634402
outcome-lag-64,15,222,safe,224,57.75,0.0,169.1248967830925,176.64800823699062,167.98960328108666,68.98472274544594
outcome-lag-64,15,222,safe,256,66.0,0.0,181.77730994732994,191.1180593451293,180.6420164453241,72.5862862518985
outcome-lag-64,15,222,safe,288,74.25,0.0,193.41308226101293,204.6788214258266,192.27778875900708,75.94040117027082
outcome-lag-64,15,222,safe,320,82.5,0.0,204.25565999005346,217.60142828627914,203.1203664880476,79.21026025610439
outcome-lag-64,15,222,safe,352,90.75,0.0,214.4407426235933,230.1375418625717,213.30544912158746,82.56607939861908
outcome-lag-64,15,222,safe,384,99.0,0.0,224.08549526668477,242.0691261453933,222.95020176467892,85.72657255139204
outcome-lag-64,15,222,safe,416,107.25,0.0,233.25410843238595,253.11492251358874,232.1188149303801,88.36019828705128
outcome-lag-64,15,222,safe,448,115.5,0.0,242.0130806012065,263.7466497143965,240.87778709920065,90.89791752805125
outcome-lag-64,15,222,safe,480,123.75,0.0,250.4193716475733,274.1430626811326,249.28407814556746,93.48490281236994
outcome-lag-64,15,222,safe,512,132.0,0.0,258.5086186939047,283.709621793292,257.37332519189874,95.49855447820777
outcome-lag-64,15,222,known,32,0.0,15.0,55.0,55.0,55.0,27.68513443113797
outcome-lag-64,15,222,known,64,0.0,30.0,111.0,111.0,111.0,59.9379366396502
outcome-lag-64,15,222,known,96,0.0,45.0,169.82084716622788,168.91574137924184,168.91574137924184,88.94473347239973
outcome-lag-64,15,222,known,128,0.0,60.0,218.7185744482173,220.69385697964074,217.58328094621154,110.60727763220164
outcome-lag-64,15,222,known,160,0.0,75.0,251.6586672677935,259.75889720411885,250.52337376578774,125.13460850085698
outcome-lag-64,15,222,known,192,0.0,90.0,281.02177279713356,295.75817689700506,279.88647929512774,137.50834365711975
outcome-lag-64,15,222,known,224,0.0,105.0,307.0514903442955,327.4059342866364,305.91619684228965,147.42396384851912
outcome-lag-64,15,222,known,256,0.0,120.0,330.66729952067743,355.6894222740233,329.5320060186716,155.47543331433366
outcome-lag-64,15,222,known,288,0.0,135.0,352.74423691450045,382.95738492383066,351.6089434124946,163.38222661210276
outcome-lag-64,15,222,known,320,0.0,150.0,372.57816795106794,407.9146063288092,371.4428744490621,170.71723926910855
outcome-lag-64,15,222,known,352,0.0,165.0,391.8820751624412,431.96608890968827,390.7467816604354,177.34545250117444
outcome-lag-64,15,222,known,384,0.0,180.0,409.8113274979146,454.0849311081305,408.67603399590877,183.13656296776685
outcome-lag-64,15,222,known,416,0.0,195.0,425.56815614515097,473.20614448729447,424.43286264314514,187.78386726959596
outcome-lag-64,15,222,known,448,0.0,210.0,440.63497398065226,491.53434671697374,439.49968047864644,192.14860139304693
outcome-lag-64,15,222,known,480,0.0,225.0,456.3156523454557,511.08535455818395,455.1803588434499,197.07657656808007
outcome-lag-64,15,222,known,512,0.0,240.0,472.0153822501847,530.2786978656565,470.8800887481789,201.59107538055423
outcome-lag-64,15,222,product,32,0.0,15.0,55.0,55.0,55.0,27.68513443113797
outcome-lag-64,15,222,product,64,0.0,30.0,111.0,111.0,111.0,59.9379366396502
outcome-lag-64,15,222,product,96,0.0,45.0,169.82084716622788,168.91574137924184,168.91574137924184,88.94473347239973
outcome-lag-64,15,222,product,128,0.0,60.0,218.7185744482173,220.69385697964074,217.58328094621154,110.60727763220164
outcome-lag-64,15,222,product,160,0.0,75.0,251.6586672677935,259.75889720411885,250.52337376578774,125.13460850085698
outcome-lag-64,15,222,product,192,0.0,90.0,281.02177279713356,295.75817689700506,279.88647929512774,137.50834365711975
outcome-lag-64,15,222,product,224,0.0,105.0,307.0514903442955,327.4059342866364,305.91619684228965,147.42396384851912
outcome-lag-64,15,222,product,256,0.0,120.0,330.66729952067743,355.6894222740233,329.5320060186716,155.47543331433366
outcome-lag-64,15,222,product,288,0.0,135.0,352.74423691450045,382.95738492383066,351.6089434124946,163.38222661210276
outcome-lag-64,15,222,product,320,0.0,150.0,372.57816795106794,407.9146063288092,371.4428744490621,170.71723926910855
outcome-lag-64,15,222,product,352,0.0,165.0,391.8820751624412,431.96608890968827,390.7467816604354,177.34545250117444
outcome-lag-64,15,222,product,384,0.0,180.0,409.8113274979146,454.0849311081305,408.67603399590877,183.13656296776685
outcome-lag-64,15,222,product,416,0.0,195.0,425.56815614515097,473.20614448729447,424.43286264314514,187.78386726959596
outcome-lag-64,15,222,product,448,0.0,210.0,440.63497398065226,491.53434671697374,439.49968047864644,192.14860139304693
outcome-lag-64,15,222,product,480,0.0,225.0,456.3156523454557,511.08535455818395,455.1803588434499,197.07657656808007
outcome-lag-64,15,222,product,512,0.0,240.0,472.0153822501847,530.2786978656565,470.8800887481789,201.59107538055423
single-blocker,15,222,prefix,32,0.75,22.0,64.0,63.96821681185914,63.96821681185914,10.435915588510936
single-blocker,15,222,prefix,64,1.5,44.0,128.0,119.45897435792277,119.45897435792277,12.525682142920868
single-blocker,15,222,prefix,96,2.25,66.0,192.0,162.70521928229647,162.70521928229647,13.656213969357697
single-blocker,15,222,prefix,128,3.0,88.0,256.0,199.5211905998874,199.5211905998874,14.46713182644383
single-blocker,15,222,prefix,160,3.75,110.0,320.0,234.9863391814472,234.9863391814472,15.227980198924714
single-blocker,15,222,prefix,192,4.5,132.0,384.0,265.6995577989191,265.6995577989191,15.78444644492631
single-blocker,15,222,prefix,224,5.25,154.0,448.0,293.8790055884722,293.8790055884722,16.253609830292756
single-blocker,15,222,prefix,256,6.0,176.0,512.0,320.0621603790974,320.0621603790974,16.659196858582998
single-blocker,15,222,prefix,288,6.75,198.0,576.0,344.33336674955143,344.33336674955143,17.0064998711388
single-blocker,15,222,prefix,320,7.5,220.0,640.0,367.8208707306933,367.8208707306933,17.335559737584394
single-blocker,15,222,prefix,352,8.25,242.0,704.0,389.61137847783334,389.61137847783334,17.61598924315254
single-blocker,15,222,prefix,384,9.0,264.0,768.0,410.67137687667804,410.67137687667804,17.87980448300129
single-blocker,15,222,prefix,416,9.75,286.0,832.0,431.76865473871703,431.76865473871703,18.148505070788342
single-blocker,15,222,prefix,448,10.5,308.0,896.0,451.9765783492593,451.9765783492593,18.393825124190215
single-blocker,15,222,prefix,480,11.25,330.0,960.0,470.6341891782015,470.6341891782015,18.599408151780565
single-blocker,15,222,prefix,512,12.0,352.0,1024.0,488.28709292356297,488.28709292356297,18.78185687781111
single-blocker,15,222,intersection,32,0.75,22.0,64.0,63.96821681185914,63.96821681185914,10.435915588510936
single-blocker,15,222,intersection,64,1.5,44.0,128.0,119.45897435792277,119.45897435792277,12.525682142920868
single-blocker,15,222,intersection,96,2.25,66.0,192.0,162.70521928229647,162.70521928229647,13.656213969357697
single-blocker,15,222,intersection,128,3.0,88.0,256.0,199.5211905998874,199.5211905998874,14.46713182644383
single-blocker,15,222,intersection,160,3.75,110.0,320.0,234.9863391814472,234.9863391814472,15.227980198924714
single-blocker,15,222,intersection,192,4.5,132.0,384.0,265.6995577989191,265.6995577989191,15.78444644492631
single-blocker,15,222,intersection,224,5.25,154.0,448.0,293.8790055884722,293.8790055884722,16.253609830292756
single-blocker,15,222,intersection,256,6.0,176.0,512.0,320.0621603790974,320.0621603790974,16.659196858582998
single-blocker,15,222,intersection,288,6.75,198.0,576.0,344.33336674955143,344.33336674955143,17.0064998711388
single-blocker,15,222,intersection,320,7.5,220.0,640.0,367.8208707306933,367.8208707306933,17.335559737584394
single-blocker,15,222,intersection,352,8.25,242.0,704.0,389.61137847783334,389.61137847783334,17.61598924315254
single-blocker,15,222,intersection,384,9.0,264.0,768.0,410.67137687667804,410.67137687667804,17.87980448300129
single-blocker,15,222,intersection,416,9.75,286.0,832.0,431.76865473871703,431.76865473871703,18.148505070788342
single-blocker,15,222,intersection,448,10.03125,303.625,886.0,446.91060590173964,446.91060590173964,18.304079439907568
single-blocker,15,222,intersection,480,10.03125,318.625,942.0,461.67280753446,461.67280753446,18.443248406450614
single-blocker,15,222,intersection,512,10.03125,333.625,1000.0,476.48703348612736,476.48703348612736,18.57862986311981
single-blocker,15,222,completed,32,0.75,22.0,64.0,63.96821681185914,63.96821681185914,10.435915588510936
single-blocker,15,222,completed,64,1.5,44.0,128.0,119.45897435792277,119.45897435792277,12.525682142920868
single-blocker,15,222,completed,96,2.25,66.0,192.0,162.70521928229647,162.70521928229647,13.656213969357697
single-blocker,15,222,completed,128,3.0,88.0,256.0,199.5211905998874,199.5211905998874,14.46713182644383
single-blocker,15,222,completed,160,3.75,110.0,320.0,234.9863391814472,234.9863391814472,15.227980198924714
single-blocker,15,222,completed,192,4.5,132.0,384.0,265.6995577989191,265.6995577989191,15.78444644492631
single-blocker,15,222,completed,224,5.25,154.0,448.0,293.8790055884722,293.8790055884722,16.253609830292756
single-blocker,15,222,completed,256,6.0,176.0,512.0,320.0621603790974,320.0621603790974,16.659196858582998
single-blocker,15,222,completed,288,6.75,198.0,576.0,344.33336674955143,344.33336674955143,17.0064998711388
single-blocker,15,222,completed,320,7.5,220.0,640.0,367.8208707306933,367.8208707306933,17.335559737584394
single-blocker,15,222,completed,352,8.25,242.0,704.0,389.61137847783334,389.61137847783334,17.61598924315254
single-blocker,15,222,completed,384,9.0,264.0,768.0,410.67137687667804,410.67137687667804,17.87980448300129
single-blocker,15,222,completed,416,9.3515625,282.28125,827.0,429.1186836594125,429.1186836594125,18.099476036641242
single-blocker,15,222,completed,448,9.3515625,297.28125,879.0,443.2187683629723,443.2187683629723,18.236092633972508
single-blocker,15,222,completed,480,9.3515625,312.28125,935.0,457.98096999569265,457.98096999569265,18.375261600515554
single-blocker,15,222,completed,512,9.3515625,327.28125,993.0,472.79519594736,472.79519594736,18.51064305718475
single-blocker,15,222,plugin,32,0.1640625,16.53125,58.0,57.96821681185914,57.96821681185914,9.218058445653794
single-blocker,15,222,plugin,64,0.1640625,31.53125,114.0,105.45897435792276,105.45897435792276,10.644953149691878
single-blocker,15,222,plugin,96,0.1640625,46.53125,173.0,143.70521928229644,143.70521928229644,11.510855264594971
single-blocker,15,222,plugin,128,0.1640625,61.53125,232.0,175.5211905998874,175.5211905998874,12.112712110228786
single-blocker,15,222,plugin,160,0.1640625,76.53125,285.0,200.47258182058445,200.47258182058445,12.52639397510305
single-blocker,15,222,plugin,192,0.1640625,91.53125,341.0,224.4612307114798,224.4612307114798,12.88949832937499
single-blocker,15,222,plugin,224,0.1640625,106.53125,397.0,246.5005675354038,246.5005675354038,13.196697955066996
single-blocker,15,222,plugin,256,0.1640625,121.53125,453.0,266.99882110491745,266.99882110491745,13.462933003008306
single-blocker,15,222,plugin,288,0.1640625,136.53125,510.0,286.59949903535704,286.59949903535704,13.702441581409623
single-blocker,15,222,plugin,320,0.1640625,151.53125,565.0,304.4273254012276,304.4273254012276,13.908059199307488
single-blocker,15,222,plugin,352,0.1640625,166.53125,622.0,322.0445517593008,322.0445517593008,14.102016208567608
single-blocker,15,222,plugin,384,0.1640625,181.53125,678.0,338.54564258652925,338.54564258652925,14.275375303946372
single-blocker,15,222,plugin,416,0.1640625,196.53125,730.0,353.1662748789195,353.1662748789195,14.422098519001615
single-blocker,15,222,plugin,448,0.1640625,211.53125,782.0,367.2663595824793,367.2663595824793,14.558715116332882
single-blocker,15,222,plugin,480,0.1640625,226.53125,838.0,382.02856121519966,382.02856121519966,14.69788408287593
single-blocker,15,222,plugin,512,0.1640625,241.53125,896.0,396.842787166867,396.842787166867,14.833265539545126
single-blocker,15,222,safe,32,8.25,0.0,32.0,31.968216811859147,31.968216811859147,4.02724519543652
single-blocker,15,222,safe,64,16.5,0.0,64.0,57.42435623340214,57.42435623340214,4.7282659037057675
single-blocker,15,222,safe,96,24.75,0.0,96.0,76.78319682780861,76.78319682780861,5.136346480888775
single-blocker,15,222,safe,128,33.0,0.0,128.0,93.03345515740088,93.03345515740088,5.425334592589174
single-blocker,15,222,safe,160,41.25,0.0,160.0,107.31238195727079,107.31238195727079,5.649261224939744
single-blocker,15,222,safe,192,49.5,0.0,192.0,120.1978375468853,120.1978375468853,5.832104609707439
single-blocker,15,222,safe,224,57.75,0.0,224.0,132.0310352083931,132.0310352083931,5.986627913082163
single-blocker,15,222,safe,256,66.0,0.0,256.0,143.03333360981438,143.03333360981438,6.120438712817281
single-blocker,15,222,safe,288,74.25,0.0,288.0,153.35798108855585,153.35798108855585,6.238439029233648
single-blocker,15,222,safe,320,82.5,0.0,320.0,163.1162631808352,163.1162631808352,6.343973346894013
single-blocker,15,222,safe,352,90.75,0.0,352.0,172.39200998111025,172.39200998111025,6.43942571339101
single-blocker,15,222,safe,384,99.0,0.0,384.0,181.25023096678382,181.25023096678382,6.5265555690159704
single-blocker,15,222,safe,416,107.25,0.0,416.0,189.74254455085054,189.74254455085054,6.6066985205464555
single-blocker,15,222,safe,448,115.5,0.0,448.0,197.91074640079475,197.91074640079475,6.680892410683006
single-blocker,15,222,safe,480,123.75,0.0,480.0,205.78924141297622,205.78924141297622,6.7499597404471405
single-blocker,15,222,safe,512,132.0,0.0,512.0,213.40675252840046,213.40675252840046,6.81456340954972
single-blocker,15,222,known,32,0.0,15.0,55.0,54.96821681185914,54.96821681185914,7.718058445653795
single-blocker,15,222,known,64,0.0,30.0,111.0,102.45897435792277,102.45897435792277,9.144953149691878
single-blocker,15,222,known,96,0.0,45.0,170.0,140.7052192822965,140.7052192822965,10.010855264594971
single-blocker,15,222,known,128,0.0,60.0,229.0,172.52119059988746,172.52119059988746,10.612712110228786
single-blocker,15,222,known,160,0.0,75.0,282.0,197.4725818205845,197.4725818205845,11.02639397510305
single-blocker,15,222,known,192,0.0,90.0,338.0,221.46123071147986,221.46123071147986,11.38949832937499
single-blocker,15,222,known,224,0.0,105.0,394.0,243.50056753540386,243.50056753540386,11.696697955066996
single-blocker,15,222,known,256,0.0,120.0,450.0,263.99882110491757,263.99882110491757,11.962933003008306
single-blocker,15,222,known,288,0.0,135.0,507.0,283.59949903535716,283.59949903535716,12.202441581409623
single-blocker,15,222,known,320,0.0,150.0,562.0,301.42732540122773,301.42732540122773,12.408059199307488
single-blocker,15,222,known,352,0.0,165.0,619.0,319.04455175930093,319.04455175930093,12.602016208567608
single-blocker,15,222,known,384,0.0,180.0,675.0,335.54564258652937,335.54564258652937,12.775375303946372
single-blocker,15,222,known,416,0.0,195.0,727.0,350.16627487891964,350.16627487891964,12.922098519001615
single-blocker,15,222,known,448,0.0,210.0,779.0,364.2663595824794,364.2663595824794,13.058715116332882
single-blocker,15,222,known,480,0.0,225.0,835.0,379.0285612151998,379.0285612151998,13.19788408287593
single-blocker,15,222,known,512,0.0,240.0,893.0,393.84278716686714,393.84278716686714,13.333265539545126
single-blocker,15,222,product,32,0.0,15.0,55.0,54.96821681185914,54.96821681185914,7.718058445653795
single-blocker,15,222,product,64,0.0,30.0,111.0,102.45897435792277,102.45897435792277,9.144953149691878
single-blocker,15,222,product,96,0.0,45.0,170.0,140.7052192822965,140.7052192822965,10.010855264594971
single-blocker,15,222,product,128,0.0,60.0,229.0,172.52119059988746,172.52119059988746,10.612712110228786
single-blocker,15,222,product,160,0.0,75.0,282.0,197.4725818205845,197.4725818205845,11.02639397510305
single-blocker,15,222,product,192,0.0,90.0,338.0,221.46123071147986,221.46123071147986,11.38949832937499
single-blocker,15,222,product,224,0.0,105.0,394.0,243.50056753540386,243.50056753540386,11.696697955066996
single-blocker,15,222,product,256,0.0,120.0,450.0,263.99882110491757,263.99882110491757,11.962933003008306
single-blocker,15,222,product,288,0.0,135.0,507.0,283.59949903535716,283.59949903535716,12.202441581409623
single-blocker,15,222,product,320,0.0,150.0,562.0,301.42732540122773,301.42732540122773,12.408059199307488
single-blocker,15,222,product,352,0.0,165.0,619.0,319.04455175930093,319.04455175930093,12.602016208567608
single-blocker,15,222,product,384,0.0,180.0,675.0,335.54564258652937,335.54564258652937,12.775375303946372
single-blocker,15,222,product,416,0.0,195.0,727.0,350.16627487891964,350.16627487891964,12.922098519001615
single-blocker,15,222,product,448,0.0,210.0,779.0,364.2663595824794,364.2663595824794,13.058715116332882
single-blocker,15,222,product,480,0.0,225.0,835.0,379.0285612151998,379.0285612151998,13.19788408287593
single-blocker,15,222,product,512,0.0,240.0,893.0,393.84278716686714,393.84278716686714,13.333265539545126
outcome-lag-64,17,222,prefix,32,0.0,20.0,64.0,64.0,64.0,36.584462912924856
outcome-lag-64,17,222,prefix,64,0.0,40.0,128.0,128.0,128.0,79.37970372483896
outcome-lag-64,17,222,prefix,96,0.0,60.0,191.80832446821455,191.95543361497568,191.80832446821455,117.95296060746838
outcome-lag-64,17,222,prefix,128,0.0,80.0,247.74347869946132,250.74952879005144,247.74347869946132,152.6380772848053
outcome-lag-64,17,222,prefix,160,0.0,100.0,293.1476784498009,301.2892637818003,293.1476784498009,174.96641207662853
outcome-lag-64,17,222,prefix,192,0.0,120.0,331.41476226994416,346.5376183707601,331.41476226994416,190.16370858177106
outcome-lag-64,17,222,prefix,224,0.0,140.0,364.89449973075136,387.36740642906847,364.89449973075136,203.23370747336796
outcome-lag-64,17,222,prefix,256,0.0,160.0,394.99461775728093,424.4890422822394,394.99461775728093,214.79396442721827
outcome-lag-64,17,222,prefix,288,0.0,180.0,422.4128009664903,458.0130719152738,422.4128009664903,224.51395553862667
outcome-lag-64,17,222,prefix,320,0.0,200.0,447.62429441827305,488.8158099387141,447.62429441827305,233.01457657866627
outcome-lag-64,17,222,prefix,352,0.0,220.0,471.2459899233735,517.8720834011507,471.2459899233735,240.9258678373589
outcome-lag-64,17,222,prefix,384,0.0,240.0,493.65926291561743,545.4012941675606,493.65926291561743,248.13543196980407
outcome-lag-64,17,222,prefix,416,0.0,260.0,515.0764760670673,571.7195691405354,515.0764760670673,254.81897957659515
outcome-lag-64,17,222,prefix,448,0.0,280.0,535.3701295408737,596.8139944169055,535.3701295408737,261.18377960905235
outcome-lag-64,17,222,prefix,480,0.0,300.0,555.4633197614396,621.1139857919264,555.4633197614396,266.78027850794723
outcome-lag-64,17,222,prefix,512,0.0,320.0,574.3328963672745,643.9890368536912,574.3328963672745,272.0272929775777
outcome-lag-64,17,222,intersection,32,0.0,20.0,64.0,64.0,64.0,36.584462912924856
outcome-lag-64,17,222,intersection,64,0.0,40.0,128.0,128.0,128.0,79.37970372483896
outcome-lag-64,17,222,intersection,96,0.0,60.0,191.80832446821455,191.95543361497568,191.80832446821455,117.95296060746838
outcome-lag-64,17,222,intersection,128,0.0,80.0,247.74347869946132,250.74952879005144,247.74347869946132,152.6380772848053
outcome-lag-64,17,222,intersection,160,0.0,100.0,292.7894671138138,301.0841008146262,292.7894671138138,174.50035811797358
outcome-lag-64,17,222,intersection,192,0.0,120.0,331.0565509339571,346.4141245422056,331.0565509339571,189.78396776420598
outcome-lag-64,17,222,intersection,224,0.0,140.0,364.5345374133938,387.2706113045491,364.5345374133938,202.89498232975757
outcome-lag-64,17,222,intersection,256,0.0,160.0,394.5929686364517,424.3362537933552,394.5929686364517,214.41576202455204
outcome-lag-64,17,222,intersection,288,0.0,180.0,421.98072820221523,457.8178855535249,421.98072820221523,224.10773018653438
outcome-lag-64,17,222,intersection,320,0.0,200.0,447.16856148028216,488.5848080374331,447.16856148028216,232.58566924675642
outcome-lag-64,17,222,intersection,352,0.0,220.0,470.7719079687677,517.6109469668993,470.7719079687677,240.47635082036103
outcome-lag-64,17,222,intersection,384,0.0,240.0,493.17489278962796,545.1213381153785,493.17489278962796,247.67141065485006
outcome-lag-64,17,222,intersection,416,0.0,260.0,514.58844602937,571.4299036839973,514.58844602937,254.34573608222536
outcome-lag-64,17,222,intersection,448,0.0,280.0,534.8777605040618,596.5140192915035,534.8777605040618,260.70230313288164
outcome-lag-64,17,222,intersection,480,0.0,300.0,554.9783732852048,620.818529376474,554.9783732852048,266.29652486473543
outcome-lag-64,17,222,intersection,512,0.0,320.0,573.8477410925364,643.6902204123049,573.8477410925364,271.5396053510198
outcome-lag-64,17,222,completed,32,0.0,20.0,64.0,64.0,64.0,36.584462912924856
outcome-lag-64,17,222,completed,64,0.0,40.0,128.0,128.0,128.0,79.37970372483896
outcome-lag-64,17,222,completed,96,0.0,60.0,191.80832446821455,191.95543361497568,191.80832446821455,117.76764463812263
outcome-lag-64,17,222,completed,128,0.0,80.0,245.1177733079578,250.2591875130242,245.1177733079578,146.51822762135922
outcome-lag-64,17,222,completed,160,0.0,100.0,288.2586357848958,300.83469087302035,288.2586357848958,166.969734522742
outcome-lag-64,17,222,completed,192,0.0,120.0,326.2480925809445,346.62535493096334,326.2480925809445,182.52230345854514
outcome-lag-64,17,222,completed,224,0.0,140.0,359.4252171895052,387.094398672397,359.4252171895052,195.31314256239955
outcome-lag-64,17,222,completed,256,0.0,160.0,389.00848180727604,423.4435022079776,389.00848180727604,206.28372605107947
outcome-lag-64,17,222,completed,288,0.0,180.0,416.02896333306927,456.36407186245964,416.02896333306927,215.57783851598407
outcome-lag-64,17,222,completed,320,0.0,200.0,440.9150758203652,486.6322777064855,440.9150758203652,223.72139002595094
outcome-lag-64,17,222,completed,352,0.0,220.0,464.2801756224433,515.2318849544735,464.2801756224433,231.29957059443606
outcome-lag-64,17,222,completed,384,0.0,240.0,486.57106055150194,542.49965674691,486.57106055150194,238.28134955764176
outcome-lag-64,17,222,completed,416,0.0,260.0,507.97905930830217,568.7115608317896,507.97905930830217,244.82656659302017
outcome-lag-64,17,222,completed,448,0.0,280.0,528.2383577458187,593.6711697912491,528.2383577458187,251.06249044921185
outcome-lag-64,17,222,completed,480,0.0,300.0,548.5176253893272,618.1105992044594,548.5176253893272,256.638131536642
outcome-lag-64,17,222,completed,512,0.0,320.0,567.4169984833777,640.9655532600041,567.4169984833777,261.82968774661765
outcome-lag-64,17,222,plugin,32,5.984375,7.1875,46.0,46.0,46.0,26.77792409275398
outcome-lag-64,17,222,plugin,64,9.484375,17.1875,102.0,102.0,102.0,63.93140583648996
outcome-lag-64,17,222,plugin,96,11.6953125,31.40625,158.80832446821455,158.95543361497568,158.80832446821455,93.81848707976422
outcome-lag-64,17,222,plugin,128,11.9140625,50.78125,214.21961800382115,216.948793421576,214.21961800382115,121.54023545317152
outcome-lag-64,17,222,plugin,160,12.2421875,69.84375,261.0823125809622,269.0982163060406,261.0823125809622,143.2247618735805
outcome-lag-64,17,222,plugin,192,12.2421875,89.84375,303.3115901283424,318.66866858008933,303.3102363047884,160.62393207913473
outcome-lag-64,17,222,plugin,224,12.2421875,109.84375,339.44633477063576,362.4082089208985,339.4449809470818,175.08691520499178
outcome-lag-64,17,222,plugin,256,12.2421875,129.84375,371.1349202170163,401.306044460056,371.13356639346233,187.362346819575
outcome-lag-64,17,222,plugin,288,12.2421875,149.84375,399.7235203874002,436.17652559481996,399.7221665638462,197.60755768092875
outcome-lag-64,17,222,plugin,320,12.2421875,169.84375,425.8143349209089,467.98774485267535,425.8129810973549,206.47580041337943
outcome-lag-64,17,222,plugin,352,12.2421875,189.84375,450.1590561524904,497.90274776049654,450.1577023289364,214.67628993847407
outcome-lag-64,17,222,plugin,384,12.2421875,209.84375,473.27732509280463,526.3062942494726,473.27597126925065,222.18263190228302
outcome-lag-64,17,222,plugin,416,12.2421875,229.84375,495.4015083882981,553.4824442706074,495.4001545647441,229.14354262101102
outcome-lag-64,17,222,plugin,448,12.2421875,249.84375,516.2702022928831,579.2486785978125,516.2688484693292,235.71035152328938
outcome-lag-64,17,222,plugin,480,12.2421875,269.84375,537.1338301731366,604.4202885080873,537.1324763495827,241.5510864502427
outcome-lag-64,17,222,plugin,512,12.2421875,289.84375,556.5165644102948,627.9143805499339,556.5152105867409,246.9894578936111
outcome-lag-64,17,222,safe,32,10.0,0.0,32.0,32.0,32.0,17.630305045134936
outcome-lag-64,17,222,safe,64,20.0,0.0,64.0,64.0,64.0,36.2035062689961
outcome-lag-64,17,222,safe,96,30.0,0.0,95.80832446821455,95.95543361497568,95.80832446821455,51.69561962339918
outcome-lag-64,17,222,safe,128,40.0,0.0,120.44087859127816,122.9487934215759,120.44087859127816,62.727709212107506
outcome-lag-64,17,222,safe,160,50.0,0.0,139.33719033552765,145.09821630604054,139.33719033552765,70.82213192905286
outcome-lag-64,17,222,safe,192,60.0,0.0,155.23065494193798,163.92771895235634,155.23065494193798,76.94902237052176
outcome-lag-64,17,222,safe,224,70.0,0.0,169.2477614728145,180.4792889275641,169.2477614728145,81.8219179875964
outcome-lag-64,17,222,safe,256,80.0,0.0,181.91223065541232,195.2535918070696,181.91223065541232,85.72773326541571
outcome-lag-64,17,222,safe,288,90.0,0.0,193.5675742868803,208.7088558232784,193.5675742868803,88.97635011929964
outcome-lag-64,17,222,safe,320,100.0,0.0,204.40878349682933,221.19352333272008,204.40878349682933,91.80826985412227
outcome-lag-64,17,222,safe,352,110.0,0.0,214.59519832820726,232.77531909170838,214.59519832820726,94.2097711793325
outcome-lag-64,17,222,safe,384,120.0,0.0,224.22317854575792,243.65913468162418,224.22317854575792,96.32249563919959
outcome-lag-64,17,222,safe,416,130.0,0.0,233.3822379692356,254.3882513159116,233.3822379692356,98.63944164095084
outcome-lag-64,17,222,safe,448,140.0,0.0,242.1375993353501,265.0367053254006,242.1375993353501,101.193887690632
outcome-lag-64,17,222,safe,480,150.0,0.0,250.5428418643133,275.27946613288157,250.5428418643133,103.62722081569547
outcome-lag-64,17,222,safe,512,160.0,0.0,258.63070764345275,284.8551133584309,258.63070764345275,105.64996059492316
outcome-lag-64,17,222,known,32,0.0,20.0,64.0,64.0,64.0,36.584462912924856
outcome-lag-64,17,222,known,64,0.0,40.0,128.0,128.0,128.0,79.37970372483896
outcome-lag-64,17,222,known,96,0.0,60.0,191.80832446821455,191.95543361497568,191.80832446821455,117.43525124108818
outcome-lag-64,17,222,known,128,0.0,80.0,244.73928443603785,250.32238751239527,244.73928443603785,144.51551842671174
outcome-lag-64,17,222,known,160,0.0,100.0,287.7483904934876,300.9977482672865,287.7483904934876,164.98632647789603
outcome-lag-64,17,222,known,192,0.0,120.0,326.1182375329193,346.5988854817883,326.1182375329193,180.42725808995488
outcome-lag-64,17,222,known,224,0.0,140.0,359.488683191294,387.07672296706016,359.488683191294,193.0866964112327
outcome-lag-64,17,222,known,256,0.0,160.0,389.0111169513922,423.2238185527839,389.0111169513922,203.83991550091184
outcome-lag-64,17,222,known,288,0.0,180.0,415.95816252445485,455.9645526901735,415.95816252445485,212.97037544260576
outcome-lag-64,17,222,known,320,0.0,200.0,440.7633816026185,486.04238636951544,440.7633816026185,220.962610434006
outcome-lag-64,17,222,known,352,0.0,220.0,464.0588675090243,514.4715725737118,464.0588675090243,228.39008283032084
outcome-lag-64,17,222,known,384,0.0,240.0,486.34585122993667,541.6720636700827,486.34585122993667,235.27739752842146
outcome-lag-64,17,222,known,416,0.0,260.0,507.8081677447394,567.8953534829539,507.8081677447394,241.77343409985002
outcome-lag-64,17,222,known,448,0.0,280.0,528.0939332268857,592.8316148160765,528.0939332268857,247.95672203274088
outcome-lag-64,17,222,known,480,0.0,300.0,548.5331374663995,617.4097168432982,548.5331374663995,253.54179293318097
outcome-lag-64,17,222,known,512,0.0,320.0,567.4839595924709,640.2948153382952,567.4839595924709,258.71806432243267
outcome-lag-64,17,222,product,32,0.0,20.0,64.0,64.0,64.0,36.584462912924856
outcome-lag-64,17,222,product,64,0.0,40.0,128.0,128.0,128.0,79.37970372483896
outcome-lag-64,17,222,product,96,0.0,60.0,191.80832446821455,191.95543361497568,191.80832446821455,117.43525124108818
outcome-lag-64,17,222,product,128,0.0,80.0,244.73928443603785,250.32238751239527,244.73928443603785,144.51551842671174
outcome-lag-64,17,222,product,160,0.0,100.0,287.7483904934876,300.9977482672865,287.7483904934876,164.98632647789603
outcome-lag-64,17,222,product,192,0.0,120.0,326.1182375329193,346.5988854817883,326.1182375329193,180.42725808995488
outcome-lag-64,17,222,product,224,0.0,140.0,359.488683191294,387.07672296706016,359.488683191294,193.0866964112327
outcome-lag-64,17,222,product,256,0.0,160.0,389.0111169513922,423.2238185527839,389.0111169513922,203.83991550091184
outcome-lag-64,17,222,product,288,0.0,180.0,415.95816252445485,455.9645526901735,415.95816252445485,212.97037544260576
outcome-lag-64,17,222,product,320,0.0,200.0,440.7633816026185,486.04238636951544,440.7633816026185,220.962610434006
outcome-lag-64,17,222,product,352,0.0,220.0,464.0588675090243,514.4715725737118,464.0588675090243,228.39008283032084
outcome-lag-64,17,222,product,384,0.0,240.0,486.34585122993667,541.6720636700827,486.34585122993667,235.27739752842146
outcome-lag-64,17,222,product,416,0.0,260.0,507.8081677447394,567.8953534829539,507.8081677447394,241.77343409985002
outcome-lag-64,17,222,product,448,0.0,280.0,528.0939332268857,592.8316148160765,528.0939332268857,247.95672203274088
outcome-lag-64,17,222,product,480,0.0,300.0,548.5331374663995,617.4097168432982,548.5331374663995,253.54179293318097
outcome-lag-64,17,222,product,512,0.0,320.0,567.4839595924709,640.2948153382952,567.4839595924709,258.71806432243267
single-blocker,17,222,prefix,32,0.0,20.0,64.0,63.96821681185914,63.96821681185914,9.752035282021934
single-blocker,17,222,prefix,64,0.0,40.0,128.0,117.53619184396867,117.53619184396867,12.021553440307182
single-blocker,17,222,prefix,96,0.0,60.0,192.0,163.8061474491004,163.8061474491004,13.745141416280354
single-blocker,17,222,prefix,128,0.0,80.0,256.0,202.58758180221784,202.58758180221784,14.629314685555686
single-blocker,17,222,prefix,160,0.0,100.0,320.0,236.81653636139654,236.81653636139654,15.311114039445407
single-blocker,17,222,prefix,192,0.0,120.0,384.0,267.9637636061841,267.9637636061841,15.878236723060985
single-blocker,17,222,prefix,224,0.0,140.0,448.0,296.24854022083827,296.24854022083827,16.34461417372082
single-blocker,17,222,prefix,256,0.0,160.0,512.0,322.0279476476169,322.0279476476169,16.73014510445486
single-blocker,17,222,prefix,288,0.0,180.0,576.0,345.97069664129566,345.97069664129566,17.06261990243782
single-blocker,17,222,prefix,320,0.0,200.0,640.0,368.3463978607924,368.3463978607924,17.352722433992984
single-blocker,17,222,prefix,352,0.0,220.0,704.0,389.6113784778337,389.6113784778337,17.615989243152544
single-blocker,17,222,prefix,384,0.0,240.0,768.0,410.1733726233971,410.1733726233971,17.864806990445977
single-blocker,17,222,prefix,416,0.0,260.0,832.0,430.13728371741405,430.13728371741405,18.101464843020143
single-blocker,17,222,prefix,448,0.0,280.0,896.0,449.1028789821742,449.1028789821742,18.31408670754831
single-blocker,17,222,prefix,480,0.0,300.0,960.0,468.3192871340485,468.3192871340485,18.537463732640806
single-blocker,17,222,prefix,512,0.0,320.0,1024.0,486.2187261114789,486.2187261114789,18.7280756043256
single-blocker,17,222,intersection,32,0.0,20.0,64.0,63.96821681185914,63.96821681185914,9.752035282021934
single-blocker,17,222,intersection,64,0.0,40.0,128.0,121.34492236728798,121.34492236728798,12.781748230062677
single-blocker,17,222,intersection,96,0.0,60.0,192.0,168.00974926006975,168.00974926006975,13.99031991356942
single-blocker,17,222,intersection,128,0.0,80.0,256.0,207.8821676242052,207.8821676242052,14.881866400000705
single-blocker,17,222,intersection,160,0.0,100.0,320.0,242.33234783574656,242.33234783574656,15.547437025952975
single-blocker,17,222,intersection,192,0.0,120.0,384.0,273.2671116502722,273.2671116502722,16.08609406684298
single-blocker,17,222,intersection,224,0.0,140.0,448.0,301.5091284078923,301.5091284078923,16.53641245297192
single-blocker,17,222,intersection,256,0.0,160.0,512.0,327.4872674141256,327.4872674141256,16.917988596443877
single-blocker,17,222,intersection,288,0.0,180.0,576.0,351.65240162251973,351.65240162251973,17.24881266995431
single-blocker,17,222,intersection,320,0.0,200.0,640.0,374.2721348837984,374.2721348837984,17.539057389644665
single-blocker,17,222,intersection,352,0.0,220.0,704.0,395.6983800364191,395.6983800364191,17.800383997199308
single-blocker,17,222,intersection,384,0.0,240.0,768.0,416.26996475626214,416.26996475626214,18.042891207987353
single-blocker,17,222,intersection,416,0.0,260.0,832.0,436.1339807968074,436.1339807968074,18.27047214236928
single-blocker,17,222,intersection,448,0.0,280.0,896.0,455.0750855331972,455.0750855331972,18.477227340226293
single-blocker,17,222,intersection,480,0.0,300.0,960.0,473.9747857061476,473.9747857061476,18.686350455430937
single-blocker,17,222,intersection,512,0.0,320.0,1024.0,491.7862305878198,491.7862305878198,18.870451940430556
single-blocker,17,222,completed,32,0.0,20.0,64.0,63.96821681185914,63.96821681185914,10.126536706523357
single-blocker,17,222,completed,64,0.0,40.0,128.0,121.22759708485825,121.22759708485825,12.773646933117568
single-blocker,17,222,completed,96,0.0,60.0,192.0,167.7336845334142,167.7336845334142,13.975717848967356
single-blocker,17,222,completed,128,0.0,80.0,256.0,207.8604061387894,207.8604061387894,14.88087396725424
single-blocker,17,222,completed,160,0.0,100.0,320.0,242.42542448406374,242.42542448406374,15.551256556744379
single-blocker,17,222,completed,192,0.0,120.0,384.0,273.40891058467815,273.40891058467815,16.091441967867045
single-blocker,17,222,completed,224,0.0,140.0,448.0,301.68813204650183,301.68813204650183,16.5427088108828
single-blocker,17,222,completed,256,0.0,160.0,512.0,327.70525590602483,327.70525590602483,16.92522773723143
single-blocker,17,222,completed,288,0.0,180.0,576.0,351.9033784526558,351.9033784526558,17.256751074369348
single-blocker,17,222,completed,320,0.0,200.0,640.0,374.5525151880844,374.5525151880844,17.547564926441705
single-blocker,17,222,completed,352,0.0,220.0,704.0,396.0001831106184,396.0001831106184,17.809207731743907
single-blocker,17,222,completed,384,0.0,240.0,768.0,416.58223889803395,416.58223889803395,18.051704180591138
single-blocker,17,222,completed,416,0.0,260.0,832.0,436.448693611588,436.448693611588,18.279055756299815
single-blocker,17,222,completed,448,0.0,280.0,896.0,455.3951580875169,455.3951580875169,18.485697417816844
single-blocker,17,222,completed,480,0.0,300.0,960.0,474.28221730485717,474.28221730485717,18.694212364996627
single-blocker,17,222,completed,512,0.0,320.0,1024.0,492.0933414524013,492.0933414524013,18.87809011125719
single-blocker,17,222,plugin,32,1.4765625,15.78125,57.0,56.96821681185914,56.96821681185914,9.658318185913533
single-blocker,17,222,plugin,64,3.2265625,30.78125,118.0,109.0255957021398,109.0255957021398,11.270396412103217
single-blocker,17,222,plugin,96,4.9765625,45.78125,176.0,146.32941263606907,146.32941263606907,12.107702111441823
single-blocker,17,222,plugin,128,6.7265625,60.78125,236.0,178.58376598088034,178.58376598088034,12.71575035522976
single-blocker,17,222,plugin,160,8.4765625,75.78125,292.0,204.87181106583378,204.87181106583378,13.150055135114211
single-blocker,17,222,plugin,192,10.2265625,90.78125,345.0,227.34292831470577,227.34292831470577,13.486483698865243
single-blocker,17,222,plugin,224,11.9765625,105.78125,400.0,248.9093570458021,248.9093570458021,13.785913641341498
single-blocker,17,222,plugin,256,13.7265625,120.78125,453.0,268.23117115669965,268.23117115669965,14.035876655858038
single-blocker,17,222,plugin,288,15.4765625,135.78125,512.0,288.5994990353571,288.5994990353571,14.285774914742944
single-blocker,17,222,plugin,320,17.2265625,150.78125,568.0,306.76915040084504,306.76915040084504,14.495524764045767
single-blocker,17,222,plugin,352,18.9765625,165.78125,620.0,322.7373780628057,322.7373780628057,14.67022639834233
single-blocker,17,222,plugin,384,20.7265625,180.78125,675.0,338.98050854017424,338.98050854017424,14.841347107528948
single-blocker,17,222,plugin,416,22.4765625,195.78125,735.0,356.0681155930204,356.0681155930204,15.01504730280258
single-blocker,17,222,plugin,448,24.2265625,210.78125,790.0,371.0103361712586,371.0103361712586,15.160039925977332
single-blocker,17,222,plugin,480,25.9765625,225.78125,847.0,385.99164402192264,385.99164402192264,15.300771099119912
single-blocker,17,222,plugin,512,27.7265625,240.78125,903.0,400.19799596193815,400.19799596193815,15.42965388116308
single-blocker,17,222,safe,32,10.0,0.0,32.0,31.968216811859147,31.968216811859147,4.02724519543652
single-blocker,17,222,safe,64,20.0,0.0,64.0,57.42435623340214,57.42435623340214,4.7282659037057675
single-blocker,17,222,safe,96,30.0,0.0,96.0,76.78319682780861,76.78319682780861,5.136346480888775
single-blocker,17,222,safe,128,40.0,0.0,128.0,93.03345515740088,93.03345515740088,5.425334592589174
single-blocker,17,222,safe,160,50.0,0.0,160.0,107.31238195727079,107.31238195727079,5.649261224939744
single-blocker,17,222,safe,192,60.0,0.0,192.0,120.1978375468853,120.1978375468853,5.832104609707439
single-blocker,17,222,safe,224,70.0,0.0,224.0,132.0310352083931,132.0310352083931,5.986627913082163
single-blocker,17,222,safe,256,80.0,0.0,256.0,143.03333360981438,143.03333360981438,6.120438712817281
single-blocker,17,222,safe,288,90.0,0.0,288.0,153.35798108855585,153.35798108855585,6.238439029233648
single-blocker,17,222,safe,320,100.0,0.0,320.0,163.1162631808352,163.1162631808352,6.343973346894013
single-blocker,17,222,safe,352,110.0,0.0,352.0,172.39200998111025,172.39200998111025,6.43942571339101
single-blocker,17,222,safe,384,120.0,0.0,384.0,181.25023096678382,181.25023096678382,6.5265555690159704
single-blocker,17,222,safe,416,130.0,0.0,416.0,189.74254455085054,189.74254455085054,6.6066985205464555
single-blocker,17,222,safe,448,140.0,0.0,448.0,197.91074640079475,197.91074640079475,6.680892410683006
single-blocker,17,222,safe,480,150.0,0.0,480.0,205.78924141297622,205.78924141297622,6.7499597404471405
single-blocker,17,222,safe,512,160.0,0.0,512.0,213.40675252840046,213.40675252840046,6.81456340954972
single-blocker,17,222,known,32,0.0,20.0,64.0,63.96821681185914,63.96821681185914,9.752035282021934
single-blocker,17,222,known,64,0.0,40.0,128.0,117.53619184396867,117.53619184396867,12.021553440307182
single-blocker,17,222,known,96,0.0,60.0,192.0,163.8061474491004,163.8061474491004,13.745141416280354
single-blocker,17,222,known,128,0.0,80.0,256.0,202.58758180221784,202.58758180221784,14.629314685555686
single-blocker,17,222,known,160,0.0,100.0,320.0,236.81653636139654,236.81653636139654,15.311114039445407
single-blocker,17,222,known,192,0.0,120.0,384.0,267.9637636061841,267.9637636061841,15.878236723060985
single-blocker,17,222,known,224,0.0,140.0,448.0,296.24854022083827,296.24854022083827,16.34461417372082
single-blocker,17,222,known,256,0.0,160.0,512.0,322.0279476476169,322.0279476476169,16.73014510445486
single-blocker,17,222,known,288,0.0,180.0,576.0,345.97069664129566,345.97069664129566,17.06261990243782
single-blocker,17,222,known,320,0.0,200.0,640.0,368.3463978607924,368.3463978607924,17.352722433992984
single-blocker,17,222,known,352,0.0,220.0,704.0,389.6113784778337,389.6113784778337,17.615989243152544
single-blocker,17,222,known,384,0.0,240.0,768.0,410.1733726233971,410.1733726233971,17.864806990445977
single-blocker,17,222,known,416,0.0,260.0,832.0,430.13728371741405,430.13728371741405,18.101464843020143
single-blocker,17,222,known,448,0.0,280.0,896.0,449.1028789821742,449.1028789821742,18.31408670754831
single-blocker,17,222,known,480,0.0,300.0,960.0,468.3192871340485,468.3192871340485,18.537463732640806
single-blocker,17,222,known,512,0.0,320.0,1024.0,486.2187261114789,486.2187261114789,18.7280756043256
single-blocker,17,222,product,32,0.0,20.0,64.0,63.96821681185914,63.96821681185914,9.752035282021934
single-blocker,17,222,product,64,0.0,40.0,128.0,117.53619184396867,117.53619184396867,12.021553440307182
single-blocker,17,222,product,96,0.0,60.0,192.0,163.8061474491004,163.8061474491004,13.745141416280354
single-blocker,17,222,product,128,0.0,80.0,256.0,202.58758180221784,202.58758180221784,14.629314685555686
single-blocker,17,222,product,160,0.0,100.0,320.0,236.81653636139654,236.81653636139654,15.311114039445407
single-blocker,17,222,product,192,0.0,120.0,384.0,267.9637636061841,267.9637636061841,15.878236723060985
single-blocker,17,222,product,224,0.0,140.0,448.0,296.24854022083827,296.24854022083827,16.34461417372082
single-blocker,17,222,product,256,0.0,160.0,512.0,322.0279476476169,322.0279476476169,16.73014510445486
single-blocker,17,222,product,288,0.0,180.0,576.0,345.97069664129566,345.97069664129566,17.06261990243782
single-blocker,17,222,product,320,0.0,200.0,640.0,368.3463978607924,368.3463978607924,17.352722433992984
single-blocker,17,222,product,352,0.0,220.0,704.0,389.6113784778337,389.6113784778337,17.615989243152544
single-blocker,17,222,product,384,0.0,240.0,768.0,410.1733726233971,410.1733726233971,17.864806990445977
single-blocker,17,222,product,416,0.0,260.0,832.0,430.13728371741405,430.13728371741405,18.101464843020143
single-blocker,17,222,product,448,0.0,280.0,896.0,449.1028789821742,449.1028789821742,18.31408670754831
single-blocker,17,222,product,480,0.0,300.0,960.0,468.3192871340485,468.3192871340485,18.537463732640806
single-blocker,17,222,product,512,0.0,320.0,1024.0,486.2187261114789,486.2187261114789,18.7280756043256
outcome-lag-64,19,222,prefix,32,12.6875,29.25,64.0,64.0,64.0,21.083467075658632
outcome-lag-64,19,222,prefix,64,25.375,58.5,128.0,127.85070439107744,127.85070439107744,46.33012610483061
outcome-lag-64,19,222,prefix,96,30.59765625,83.484375,191.77996692166323,188.12530088053097,188.12530088053097,70.18718767344114
outcome-lag-64,19,222,prefix,128,31.91015625,106.234375,245.76244172462106,242.5439700425022,241.4233148163249,91.03648379237968
outcome-lag-64,19,222,prefix,160,33.22265625,128.984375,291.8268893622819,292.18091800650814,287.4614007290471,108.51482423116333
outcome-lag-64,19,222,prefix,192,34.53515625,151.734375,332.5032623604919,335.73796597256637,327.6061843552744,120.73910552538295
outcome-lag-64,19,222,prefix,224,35.84765625,174.484375,368.1306132139704,374.27800391241925,363.0853507989843,130.44920158742693
outcome-lag-64,19,222,prefix,256,37.16015625,197.234375,399.26797717876406,408.8585594881588,394.22271476377796,138.4681768262837
outcome-lag-64,19,222,prefix,288,38.47265625,219.984375,427.82541007849824,440.9572237174121,422.78014766351214,145.71035399087515
outcome-lag-64,19,222,prefix,320,39.416015625,239.2890625,453.05000493922677,469.827702039109,448.00474252424067,152.2991006662372
outcome-lag-64,19,222,prefix,352,39.5390625,250.9375,470.8975874420131,490.81769185741507,465.852325027027,157.35420844393948
outcome-lag-64,19,222,prefix,384,39.5390625,261.4375,489.08252304335826,512.3195704402086,484.03726062837217,162.44923590660738
outcome-lag-64,19,222,prefix,416,39.5390625,271.9375,504.5938815489072,530.5266507964463,499.5486191339211,166.4959989493742
outcome-lag-64,19,222,prefix,448,39.5390625,282.4375,519.7775019316255,547.7946548171896,514.7322395166397,169.77679967877145
outcome-lag-64,19,222,prefix,480,39.5390625,292.9375,535.0391109317648,565.0238273503546,529.9938485167789,172.82730079523603
outcome-lag-64,19,222,prefix,512,39.5390625,303.4375,548.6083807480114,580.4896708932489,543.5631183330256,175.62105368112137
outcome-lag-64,19,222,intersection,32,9.1328125,27.21875,64.0,64.0,64.0,22.781261554487592
outcome-lag-64,19,222,intersection,64,10.4453125,49.96875,128.0,128.0,128.0,53.69759085718382
outcome-lag-64,19,222,intersection,96,11.7578125,72.71875,191.77996692166323,190.46540786715784,190.46540786715784,78.0969448893486
outcome-lag-64,19,222,intersection,128,13.0703125,95.46875,247.40854743001117,246.3542164759965,245.23356124981922,97.46728127005512
outcome-lag-64,19,222,intersection,160,14.3828125,118.21875,293.1831841785391,295.1549006866586,290.4200253849753,112.38890772190068
outcome-lag-64,19,222,intersection,192,15.6953125,140.96875,331.2858702596039,336.935435298552,328.23144461116823,123.4856205244711
outcome-lag-64,19,222,intersection,224,17.0078125,163.71875,364.9958188756083,373.9890742622129,361.6609163342385,132.40411611486232
outcome-lag-64,19,222,intersection,256,18.3203125,186.46875,395.1559090849892,407.70481637772076,391.82100654361943,139.90512825077275
outcome-lag-64,19,222,intersection,288,19.6328125,209.21875,423.2218457985871,439.2282979032977,419.8869432572173,146.81189056960886
outcome-lag-64,19,222,intersection,320,19.71484375,220.484375,443.81879257751416,463.3387806082928,440.48389003614443,152.6033212973941
outcome-lag-64,19,222,intersection,352,19.71484375,230.984375,460.4893162271743,483.0763452370211,457.15441368580457,157.3343834030468
outcome-lag-64,19,222,intersection,384,19.71484375,241.484375,477.8877887056062,503.68385106398233,474.5528861642365,162.11103229470257
outcome-lag-64,19,222,intersection,416,19.71484375,251.984375,492.8749323543941,521.2775149063568,489.5400298130244,165.94250527932792
outcome-lag-64,19,222,intersection,448,19.71484375,262.484375,507.5755091522839,538.0114435730325,504.2406066109142,169.06924820411123
outcome-lag-64,19,222,intersection,480,19.71484375,272.984375,522.3649226629086,554.748369518041,519.0300201215388,172.0093622609069
outcome-lag-64,19,222,intersection,512,19.71484375,283.484375,535.5850483541947,569.8390959855259,532.2501458128248,174.71522649382266
outcome-lag-64,19,222,completed,32,7.35546875,26.203125,64.0,64.0,64.0,23.297894952871562
outcome-lag-64,19,222,completed,64,8.66796875,48.953125,128.0,128.0,128.0,55.147921486547844
outcome-lag-64,19,222,completed,96,9.98046875,71.703125,191.77996692166323,190.76908324884806,190.76908324884806,79.7698611600087
outcome-lag-64,19,222,completed,128,11.29296875,94.453125,247.81860449528517,246.84681329616106,245.72615806998382,98.80943990021073
outcome-lag-64,19,222,completed,160,12.60546875,117.203125,293.2016421554113,295.4303980529139,290.5560164888324,113.58115554078108
outcome-lag-64,19,222,completed,192,13.91796875,139.953125,331.27701493150914,337.17824945681525,328.2779201269794,124.62719264170035
outcome-lag-64,19,222,completed,224,14.779296875,158.4921875,362.9592852251417,372.27992543474596,359.73152648580754,133.19993607661212
outcome-lag-64,19,222,completed,256,15.353515625,174.3515625,389.72017975103137,402.5138110923886,386.4924210116972,140.1528944620095
outcome-lag-64,19,222,completed,288,15.96875,190.59375,413.418151695534,429.52126443892206,410.19039295619984,146.20209456652486
outcome-lag-64,19,222,completed,320,16.953125,210.28125,437.53424751832154,457.184782799426,434.3064887789874,152.12232480618005
outcome-lag-64,19,222,completed,352,17.52734375,226.140625,457.12976606618366,479.92588319844157,453.9020073268495,157.05610956954752
outcome-lag-64,19,222,completed,384,18.060546875,241.6171875,477.8591825443644,504.01734349488686,474.63142380503024,162.13116849336302
outcome-lag-64,19,222,completed,416,18.4296875,255.5625,494.6769450244707,523.4269292473352,491.43862517237915,166.00326522064663
outcome-lag-64,19,222,completed,448,18.880859375,270.2734375,512.9861231624391,543.7995578872643,509.73694482974,169.25807234097155
outcome-lag-64,19,222,completed,480,18.880859375,280.7734375,527.7320593180173,560.4908162383782,524.4828809853183,172.1882165222171
outcome-lag-64,19,222,completed,512,19.373046875,295.8671875,544.4390988014218,579.1575744801974,541.1899204687228,175.0481283825441
outcome-lag-64,19,222,plugin,32,5.681640625,6.1640625,41.0,41.0,41.0,17.921993897442647
outcome-lag-64,19,222,plugin,64,5.806640625,15.1640625,93.0,93.0,93.0,45.51146681313966
outcome-lag-64,19,222,plugin,96,5.931640625,24.1640625,137.77996692166323,136.97256163674027,136.97256163674027,66.2166620437592
outcome-lag-64,19,222,plugin,128,6.056640625,33.1640625,181.39993714957146,181.54802099816487,180.42736577198758,83.45641852729993
outcome-lag-64,19,222,plugin,160,6.181640625,42.1640625,217.7745998137937,221.10564394545,216.39664107032556,96.82534920226232
outcome-lag-64,19,222,plugin,192,6.197265625,52.4765625,246.1167846663346,253.09956212465005,244.7209755718578,106.47482340386279
outcome-lag-64,19,222,plugin,224,6.197265625,62.9765625,272.11588920463623,282.68515080892115,270.7200801101594,114.58414223205534
outcome-lag-64,19,222,plugin,256,6.197265625,73.4765625,294.90977078685694,308.8534850242018,293.5139616923801,121.3347664534506
outcome-lag-64,19,222,plugin,288,6.197265625,83.9765625,315.74346681417836,332.9488583837683,314.34765771970154,127.24196186639635
outcome-lag-64,19,222,plugin,320,6.197265625,94.4765625,335.5483560050584,356.2707010986585,334.1525469105816,132.9919171923263
outcome-lag-64,19,222,plugin,352,6.197265625,104.9765625,352.3780477323172,376.18531461187854,350.9822386378404,137.78519489651413
outcome-lag-64,19,222,plugin,384,6.197265625,115.4765625,369.9463388252042,396.98791924841885,368.55052973072736,142.629906495411
outcome-lag-64,19,222,plugin,416,6.197265625,125.9765625,385.0480593731065,414.71658555984396,383.6522502786297,146.50789102594194
outcome-lag-64,19,222,plugin,448,6.197265625,136.4765625,399.8552023433081,431.56902947813035,398.4593932488313,149.66818069823572
outcome-lag-64,19,222,plugin,480,6.197265625,146.9765625,414.7496387249914,448.41603809621535,413.3538296305146,152.63251862147797
outcome-lag-64,19,222,plugin,512,6.197265625,157.4765625,428.047909813957,463.5910639543682,426.6521007194802,155.3577943328355
outcome-lag-64,19,222,safe,32,8.375,0.0,32.0,32.0,32.0,15.821993897442649
outcome-lag-64,19,222,safe,64,16.75,0.0,64.0,64.0,64.0,33.857282151799595
outcome-lag-64,19,222,safe,96,25.125,0.0,95.77996692166326,94.97256163674027,94.97256163674027,48.15151680437603
outcome-lag-64,19,222,safe,128,33.5,0.0,120.40716307478122,120.56512984916432,119.44447462298704,57.782814798908184
outcome-lag-64,19,222,safe,160,41.875,0.0,139.1663363457124,142.91024212730605,138.20364789391823,66.07292690953064
outcome-lag-64,19,222,safe,192,50.25,0.0,155.08558661297062,162.17974382181848,154.12289816117644,72.63981639919622
outcome-lag-64,19,222,safe,224,58.625,0.0,169.09047063811644,179.02630326355396,168.12778218632226,77.80770148279862
outcome-lag-64,19,222,safe,256,67.0,0.0,181.74473523262867,194.08307616449497,180.7820467808345,81.9959867820535
outcome-lag-64,19,222,safe,288,75.375,0.0,193.39491426498722,207.85488035615268,192.43222581319304,85.5611438113862
outcome-lag-64,19,222,safe,320,83.75,0.0,204.2339086669638,220.99550425194306,203.27122021516962,89.0490199325576
outcome-lag-64,19,222,safe,352,92.125,0.0,214.42461371338092,233.34378709204026,213.46192526158674,92.2170083388768
outcome-lag-64,19,222,safe,384,100.5,0.0,224.06273435293954,245.0190400722558,223.10004590114536,95.12117018904365
outcome-lag-64,19,222,safe,416,108.875,0.0,233.2279186613156,255.8694758586346,232.26523020952143,97.55943534288618
outcome-lag-64,19,222,safe,448,117.25,0.0,241.99051370398107,266.0125155161426,241.0278252521869,99.60846704058625
outcome-lag-64,19,222,safe,480,125.625,0.0,250.3829793681078,275.9238302417698,249.42029091631363,101.71035408379608
outcome-lag-64,19,222,safe,512,134.0,0.0,258.46702647203733,285.46456628155636,257.5043380202432,103.69818267726096
outcome-lag-64,19,222,known,32,0.0,10.5,51.0,51.0,51.0,25.576381503300837
outcome-lag-64,19,222,known,64,0.0,21.0,107.0,107.0,107.0,56.35239249987308
outcome-lag-64,19,222,known,96,0.0,31.5,152.77996692166323,151.97256163674027,151.97256163674027,76.21450369052678
outcome-lag-64,19,222,known,128,0.0,42.0,197.1998657235927,197.31896625062848,196.0938182054332,92.23489933726852
outcome-lag-64,19,222,known,160,0.0,52.5,231.0684009087029,235.45398598807813,229.96235339054343,105.06456566053544
outcome-lag-64,19,222,known,192,0.0,63.0,257.68342802973984,266.22377023948906,256.5773805115804,114.45065018499618
outcome-lag-64,19,222,known,224,0.0,73.5,282.3220219465723,294.56453189969227,281.21597442841284,122.14277443741018
outcome-lag-64,19,222,known,256,0.0,84.0,304.1164770193767,319.7478721095614,303.01042950121723,128.53241821881994
outcome-lag-64,19,222,known,288,0.0,94.5,324.18887201743684,343.036325207394,323.08282449927736,134.14741930568658
outcome-lag-64,19,222,known,320,0.0,105.0,343.34705378673186,365.6491785037905,342.2410062685724,139.64459814378924
outcome-lag-64,19,222,known,352,0.0,115.5,359.75008008101446,385.08632213393827,358.644032562855,144.27192113818427
outcome-lag-64,19,222,known,384,0.0,126.0,376.8601856774606,405.3602675336642,375.75413815930114,148.9340680356224
outcome-lag-64,19,222,known,416,0.0,136.5,391.6510636032853,422.7215968984606,390.54501608512584,152.6866867631934
outcome-lag-64,19,222,known,448,0.0,147.0,406.16784160785596,439.250277534754,405.0617940896965,155.75621867044222
outcome-lag-64,19,222,known,480,0.0,157.5,420.7750115863129,455.79541581955533,419.66896406815346,158.65477811326363
outcome-lag-64,19,222,known,512,0.0,168.0,433.8588810237481,470.7387201390392,432.7528335055886,161.32717792743773
outcome-lag-64,19,222,product,32,0.0,10.5,51.0,51.0,51.0,25.576381503300837
outcome-lag-64,19,222,product,64,0.0,21.0,107.0,107.0,107.0,56.35239249987308
outcome-lag-64,19,222,product,96,0.0,31.5,152.77996692166323,151.97256163674027,151.97256163674027,76.21450369052678
outcome-lag-64,19,222,product,128,0.0,42.0,197.1998657235927,197.31896625062848,196.0938182054332,92.23489933726852
outcome-lag-64,19,222,product,160,0.0,52.5,231.0684009087029,235.45398598807813,229.96235339054343,105.06456566053544
outcome-lag-64,19,222,product,192,0.0,63.0,257.68342802973984,266.22377023948906,256.5773805115804,114.45065018499618
outcome-lag-64,19,222,product,224,0.0,73.5,282.3220219465723,294.56453189969227,281.21597442841284,122.14277443741018
outcome-lag-64,19,222,product,256,0.0,84.0,304.1164770193767,319.7478721095614,303.01042950121723,128.53241821881994
outcome-lag-64,19,222,product,288,0.0,94.5,324.18887201743684,343.036325207394,323.08282449927736,134.14741930568658
outcome-lag-64,19,222,product,320,0.0,105.0,343.34705378673186,365.6491785037905,342.2410062685724,139.64459814378924
outcome-lag-64,19,222,product,352,0.0,115.5,359.75008008101446,385.08632213393827,358.644032562855,144.27192113818427
outcome-lag-64,19,222,product,384,0.0,126.0,376.8601856774606,405.3602675336642,375.75413815930114,148.9340680356224
outcome-lag-64,19,222,product,416,0.0,136.5,391.6510636032853,422.7215968984606,390.54501608512584,152.6866867631934
outcome-lag-64,19,222,product,448,0.0,147.0,406.16784160785596,439.250277534754,405.0617940896965,155.75621867044222
outcome-lag-64,19,222,product,480,0.0,157.5,420.7750115863129,455.79541581955533,419.66896406815346,158.65477811326363
outcome-lag-64,19,222,product,512,0.0,168.0,433.8588810237481,470.7387201390392,432.7528335055886,161.32717792743773
single-blocker,19,222,prefix,32,12.6875,29.25,64.0,63.960661021301576,63.960661021301576,8.02223232635691
single-blocker,19,222,prefix,64,25.375,58.5,128.0,116.40296351353022,116.40296351353022,11.4578538307818
single-blocker,19,222,prefix,96,38.0625,87.75,192.0,156.22383562847133,156.22383562847133,12.491139305959516
single-blocker,19,222,prefix,128,50.75,117.0,256.0,190.21993209379534,190.21993209379534,13.378726689466378
single-blocker,19,222,prefix,160,63.4375,146.25,320.0,219.7687152076844,219.7687152076844,13.958298956440766
single-blocker,19,222,prefix,192,76.125,175.5,384.0,245.88987822105133,245.88987822105133,14.33392884149854
single-blocker,19,222,prefix,224,88.8125,204.75,448.0,271.097534952872,271.097534952872,14.851754743034874
single-blocker,19,222,prefix,256,101.5,234.0,512.0,294.0273332669553,294.0273332669553,15.212649367850505
single-blocker,19,222,prefix,288,114.1875,263.25,576.0,316.9528164808693,316.9528164808693,15.674856195919483
single-blocker,19,222,prefix,320,126.875,292.5,640.0,337.41841949858906,337.41841949858906,15.954800067869881
single-blocker,19,222,prefix,352,139.5625,321.75,704.0,356.2020343714353,356.2020343714353,16.150492698104834
single-blocker,19,222,prefix,384,152.25,351.0,768.0,375.56578288976533,375.56578288976533,16.444590347646713
single-blocker,19,222,prefix,416,164.9375,380.25,832.0,393.4843547398388,393.4843547398388,16.661698569753405
single-blocker,19,222,prefix,448,177.625,409.5,896.0,411.4957943240863,411.4957943240863,16.91146032872051
single-blocker,19,222,prefix,480,190.3125,438.75,960.0,428.19168870435215,428.19168870435215,17.098311193897175
single-blocker,19,222,prefix,512,203.0,468.0,1024.0,445.88372105702865,445.88372105702865,17.354974329875446
single-blocker,19,222,intersection,32,7.0,26.0,64.0,63.96821681185914,63.96821681185914,10.501572154167505
single-blocker,19,222,intersection,64,8.3125,48.75,128.0,121.29725752745718,121.29725752745718,12.778717927032378
single-blocker,19,222,intersection,96,9.625,71.5,192.0,168.42752165004518,168.42752165004518,14.01227416435035
single-blocker,19,222,intersection,128,10.9375,94.25,256.0,207.7459301517233,207.7459301517233,14.875647476061044
single-blocker,19,222,intersection,160,12.25,117.0,320.0,242.20789027614524,242.20789027614524,15.542321519259046
single-blocker,19,222,intersection,192,13.5625,139.75,384.0,273.4707957348357,273.4707957348357,16.093772711485258
single-blocker,19,222,intersection,224,14.875,162.5,448.0,302.05099778112,302.05099778112,16.555428489525415
single-blocker,19,222,intersection,256,16.1875,185.25,512.0,328.6740187688445,328.6740187688445,16.957170608004816
single-blocker,19,222,intersection,288,17.5,208.0,576.0,353.651349346268,353.651349346268,17.311410831014538
single-blocker,19,222,intersection,320,18.8125,230.75,640.0,377.2010213946011,377.2010213946011,17.626647920159883
single-blocker,19,222,intersection,352,19.017578125,243.1640625,690.0,393.66904135042324,393.66904135042324,17.823634359263277
single-blocker,19,222,intersection,384,19.017578125,253.6640625,741.0,409.6106001168299,409.6106001168299,18.00396869718716
single-blocker,19,222,intersection,416,19.017578125,264.1640625,788.0,423.4721673366994,423.4721673366994,18.152010910310278
single-blocker,19,222,intersection,448,19.017578125,274.6640625,836.0,437.17437702444477,437.17437702444477,18.293883798000603
single-blocker,19,222,intersection,480,19.017578125,285.1640625,886.0,451.0638361667891,451.0638361667891,18.433986808571113
single-blocker,19,222,intersection,512,19.017578125,295.6640625,933.0,463.53293208268576,463.53293208268576,18.554160265224112
single-blocker,19,222,completed,32,6.64453125,25.796875,64.0,63.96821681185914,63.96821681185914,10.553953106548455
single-blocker,19,222,completed,64,7.95703125,48.546875,128.0,121.22759708485826,121.22759708485826,12.773646933117574
single-blocker,19,222,completed,96,9.26953125,71.296875,192.0,168.41905442106696,168.41905442106696,14.011830901939003
single-blocker,19,222,completed,128,10.58203125,94.046875,256.0,207.6858128088393,207.6858128088393,14.872898850373884
single-blocker,19,222,completed,160,11.89453125,116.796875,320.0,242.13380020927892,242.13380020927892,15.5392717600295
single-blocker,19,222,completed,192,13.20703125,139.546875,384.0,273.4089105846782,273.4089105846782,16.091441967867038
single-blocker,19,222,completed,224,14.51953125,162.296875,448.0,301.98800008579775,301.98800008579775,16.55322440789275
single-blocker,19,222,completed,256,15.83203125,185.046875,512.0,328.61499639074975,328.61499639074975,16.955235043569242
single-blocker,19,222,completed,288,17.14453125,207.796875,576.0,353.5956412404675,353.5956412404675,17.309685503202257
single-blocker,19,222,completed,320,18.45703125,230.546875,640.0,377.1453618219209,377.1453618219209,17.625009231111125
single-blocker,19,222,completed,352,18.662109375,242.9609375,690.0,393.60247719665256,393.60247719665256,17.821720310870354
single-blocker,19,222,completed,384,18.662109375,253.4609375,741.0,409.5264923319739,409.5264923319739,18.001599340862295
single-blocker,19,222,completed,416,18.662109375,263.9609375,788.0,423.37579318320473,423.37579318320473,18.14933546901622
single-blocker,19,222,completed,448,18.662109375,274.4609375,836.0,437.0661909551331,437.0661909551331,18.290923177132537
single-blocker,19,222,completed,480,18.662109375,284.9609375,886.0,450.9436821496786,450.9436821496786,18.430746836418813
single-blocker,19,222,completed,512,18.662109375,295.4609375,933.0,463.40371260409967,463.40371260409967,18.55071513400515
single-blocker,19,222,plugin,32,1.58984375,12.796875,51.0,50.96821681185914,50.96821681185914,8.845474188665516
single-blocker,19,222,plugin,64,1.58984375,23.296875,107.0,99.68345867134032,99.68345867134032,10.481808942642152
single-blocker,19,222,plugin,96,1.58984375,33.796875,153.0,130.16163488087687,130.16163488087687,11.193258356114535
single-blocker,19,222,plugin,128,1.58984375,44.296875,206.0,160.5796709656615,160.5796709656615,11.813356889808896
single-blocker,19,222,plugin,160,1.58984375,54.796875,258.0,186.5460786863114,186.5460786863114,12.27508139003905
single-blocker,19,222,plugin,192,1.58984375,65.296875,307.0,208.40398042497438,208.40398042497438,12.623348216960427
single-blocker,19,222,plugin,224,1.58984375,75.796875,358.0,229.47534096508926,229.47534096508926,12.935219251348142
single-blocker,19,222,plugin,256,1.58984375,86.296875,408.0,248.61699699057274,248.61699699057274,13.19824122539852
single-blocker,19,222,plugin,288,1.58984375,96.796875,458.0,266.59375012402575,266.59375012402575,13.4306515065507
single-blocker,19,222,plugin,320,1.58984375,107.296875,509.0,283.98644496323135,283.98644496323135,13.644245104716395
single-blocker,19,222,plugin,352,1.58984375,117.796875,556.0,299.01309365731294,299.01309365731294,13.817456661512466
single-blocker,19,222,plugin,384,1.58984375,128.296875,607.0,314.85129798500935,314.85129798500935,13.995124331237625
single-blocker,19,222,plugin,416,1.58984375,138.796875,654.0,328.6404989135782,328.6404989135782,14.141370531042003
single-blocker,19,222,plugin,448,1.58984375,149.296875,702.0,342.27294698391916,342.27294698391916,14.281567660115597
single-blocker,19,222,plugin,480,1.58984375,159.796875,752.0,356.0916488809175,356.0916488809175,14.420026897259394
single-blocker,19,222,plugin,512,1.58984375,170.296875,799.0,368.5070995209046,368.5070995209046,14.538991716039
single-blocker,19,222,safe,32,8.375,0.0,32.0,31.968216811859147,31.968216811859147,4.02724519543652
single-blocker,19,222,safe,64,16.75,0.0,64.0,57.42435623340214,57.42435623340214,4.7282659037057675
single-blocker,19,222,safe,96,25.125,0.0,96.0,76.78319682780861,76.78319682780861,5.136346480888775
single-blocker,19,222,safe,128,33.5,0.0,128.0,93.03345515740088,93.03345515740088,5.425334592589174
single-blocker,19,222,safe,160,41.875,0.0,160.0,107.31238195727079,107.31238195727079,5.649261224939744
single-blocker,19,222,safe,192,50.25,0.0,192.0,120.1978375468853,120.1978375468853,5.832104609707439
single-blocker,19,222,safe,224,58.625,0.0,224.0,132.0310352083931,132.0310352083931,5.986627913082163
single-blocker,19,222,safe,256,67.0,0.0,256.0,143.03333360981438,143.03333360981438,6.120438712817281
single-blocker,19,222,safe,288,75.375,0.0,288.0,153.35798108855585,153.35798108855585,6.238439029233648
single-blocker,19,222,safe,320,83.75,0.0,320.0,163.1162631808352,163.1162631808352,6.343973346894013
single-blocker,19,222,safe,352,92.125,0.0,352.0,172.39200998111025,172.39200998111025,6.43942571339101
single-blocker,19,222,safe,384,100.5,0.0,384.0,181.25023096678382,181.25023096678382,6.5265555690159704
single-blocker,19,222,safe,416,108.875,0.0,416.0,189.74254455085054,189.74254455085054,6.6066985205464555
single-blocker,19,222,safe,448,117.25,0.0,448.0,197.91074640079475,197.91074640079475,6.680892410683006
single-blocker,19,222,safe,480,125.625,0.0,480.0,205.78924141297622,205.78924141297622,6.7499597404471405
single-blocker,19,222,safe,512,134.0,0.0,512.0,213.40675252840046,213.40675252840046,6.81456340954972
single-blocker,19,222,known,32,0.0,10.5,51.0,50.96821681185914,50.96821681185914,7.522353273632833
single-blocker,19,222,known,64,0.0,21.0,107.0,99.21829187074778,99.21829187074778,9.055008710354109
single-blocker,19,222,known,96,0.0,31.5,153.0,129.34141900641316,129.34141900641316,9.747815835672005
single-blocker,19,222,known,128,0.0,42.0,206.0,159.42700048686658,159.42700048686658,10.352835130866076
single-blocker,19,222,known,160,0.0,52.5,258.0,185.18585242102893,185.18585242102893,10.806333650845703
single-blocker,19,222,known,192,0.0,63.0,307.0,206.91311677286905,206.91311677286905,11.149898275735682
single-blocker,19,222,known,224,0.0,73.5,358.0,227.86980329862536,227.86980329862536,11.45794739370264
single-blocker,19,222,known,256,0.0,84.0,408.0,246.9237941513994,246.9237941513994,11.718241818017452
single-blocker,19,222,known,288,0.0,94.5,458.0,264.8275134155665,264.8275134155665,11.948509071218492
single-blocker,19,222,known,320,0.0,105.0,509.0,282.15496699396334,282.15496699396334,12.160288191321476
single-blocker,19,222,known,352,0.0,115.5,556.0,297.13680782770905,297.13680782770905,12.332308389314463
single-blocker,19,222,known,384,0.0,126.0,607.0,312.9249971178479,312.9249971178479,12.508699177165406
single-blocker,19,222,known,416,0.0,136.5,654.0,326.6790911255171,326.6790911255171,12.654082547609226
single-blocker,19,222,known,448,0.0,147.0,702.0,340.2776298539512,340.2776298539512,12.79347254699883
single-blocker,19,222,known,480,0.0,157.5,752.0,354.0618742589148,354.0618742589148,12.931138109982426
single-blocker,19,222,known,512,0.0,168.0,799.0,366.451158772468,366.451158772468,13.04951811822589
single-blocker,19,222,product,32,0.0,10.5,51.0,50.96821681185914,50.96821681185914,7.522353273632833
single-blocker,19,222,product,64,0.0,21.0,107.0,99.21829187074778,99.21829187074778,9.055008710354109
single-blocker,19,222,product,96,0.0,31.5,153.0,129.34141900641316,129.34141900641316,9.747815835672005
single-blocker,19,222,product,128,0.0,42.0,206.0,159.42700048686658,159.42700048686658,10.352835130866076
single-blocker,19,222,product,160,0.0,52.5,258.0,185.18585242102893,185.18585242102893,10.806333650845703
single-blocker,19,222,product,192,0.0,63.0,307.0,206.91311677286905,206.91311677286905,11.149898275735682
single-blocker,19,222,product,224,0.0,73.5,358.0,227.86980329862536,227.86980329862536,11.45794739370264
single-blocker,19,222,product,256,0.0,84.0,408.0,246.9237941513994,246.9237941513994,11.718241818017452
single-blocker,19,222,product,288,0.0,94.5,458.0,264.8275134155665,264.8275134155665,11.948509071218492
single-blocker,19,222,product,320,0.0,105.0,509.0,282.15496699396334,282.15496699396334,12.160288191321476
single-blocker,19,222,product,352,0.0,115.5,556.0,297.13680782770905,297.13680782770905,12.332308389314463
single-blocker,19,222,product,384,0.0,126.0,607.0,312.9249971178479,312.9249971178479,12.508699177165406
single-blocker,19,222,product,416,0.0,136.5,654.0,326.6790911255171,326.6790911255171,12.654082547609226
single-blocker,19,222,product,448,0.0,147.0,702.0,340.2776298539512,340.2776298539512,12.79347254699883
single-blocker,19,222,product,480,0.0,157.5,752.0,354.0618742589148,354.0618742589148,12.931138109982426
single-blocker,19,222,product,512,0.0,168.0,799.0,366.451158772468,366.451158772468,13.04951811822589
outcome-lag-64,21,222,prefix,32,4.5625,27.25,64.0,64.0,64.0,30.286308375855526
outcome-lag-64,21,222,prefix,64,9.125,54.5,128.0,128.0,128.0,63.8659962277261
outcome-lag-64,21,222,prefix,96,10.81640625,80.109375,191.8560471850067,190.8458173829896,190.8458173829896,85.38720066390856
outcome-lag-64,21,222,prefix,128,11.00390625,104.859375,245.13597466513744,243.92368887381159,243.19380272272048,101.04067316263841
outcome-lag-64,21,222,prefix,160,11.19140625,129.609375,291.48903624162523,292.48808055055997,288.98630454136145,114.45066276351514
outcome-lag-64,21,222,prefix,192,11.37890625,154.359375,333.3332098522812,334.5679491694107,327.7204537858763,124.85303533667236
outcome-lag-64,21,222,prefix,224,11.56640625,179.109375,368.2703246075734,372.02521399542974,361.33314946270497,133.7161661783534
outcome-lag-64,21,222,prefix,256,11.75390625,203.859375,398.8457483171417,405.82314198432533,391.49386374040853,141.34515179010882
outcome-lag-64,21,222,prefix,288,11.94140625,228.609375,427.0180979821781,436.79606626062736,419.6662134054449,147.60667509726144
outcome-lag-64,21,222,prefix,320,12.12890625,253.359375,453.52005341260167,465.10984776475186,445.69741975100106,152.30518345220017
outcome-lag-64,21,222,prefix,352,12.169921875,276.7421875,477.97202446801504,492.12966776336776,469.94253719756347,157.06391398941943
outcome-lag-64,21,222,prefix,384,12.169921875,299.7421875,500.0589175486033,516.5926771797228,492.0294302781517,161.37737908828004
outcome-lag-64,21,222,prefix,416,12.169921875,322.7421875,521.0087125120616,539.9770200685105,512.97922524161,165.46940598037816
outcome-lag-64,21,222,prefix,448,12.169921875,345.7421875,540.9874304744927,562.2696523669547,532.9579432040412,169.19314845120078
outcome-lag-64,21,222,prefix,480,12.169921875,368.7421875,560.5217560928509,583.9315201536314,552.4922688223993,172.6011276695668
outcome-lag-64,21,222,prefix,512,12.169921875,391.7421875,578.2656849657322,603.8670863485977,570.2361976952807,175.88393948252664
outcome-lag-64,21,222,intersection,32,4.5625,27.25,64.0,64.0,64.0,30.286308375855526
outcome-lag-64,21,222,intersection,64,7.62109375,53.640625,128.0,128.0,128.0,61.31042914390299
outcome-lag-64,21,222,intersection,96,7.80859375,78.390625,191.8560471850067,191.03860772957546,191.03860772957546,80.34257975025102
outcome-lag-64,21,222,intersection,128,7.99609375,103.140625,245.19937103988698,244.6483326461656,243.85541127982216,95.07838368402128
outcome-lag-64,21,222,intersection,160,8.18359375,127.890625,291.96542719326754,292.3505229545068,288.79456114430036,107.83549384239095
outcome-lag-64,21,222,intersection,192,8.37109375,152.640625,332.2864706216773,333.6573818667981,326.76581116165676,117.99883013531615
outcome-lag-64,21,222,intersection,224,8.470703125,176.5703125,365.79854427827263,370.2152476424294,359.443905437146,126.72014126244007
outcome-lag-64,21,222,intersection,256,8.470703125,199.5703125,395.04015360583446,402.93909502408746,388.48895815937624,134.21933992348198
outcome-lag-64,21,222,intersection,288,8.470703125,222.5703125,422.5952612837493,433.322058523926,416.0440658372911,140.32413931581036
outcome-lag-64,21,222,intersection,320,8.470703125,245.5703125,446.9798715065035,459.71928732463533,440.1497841574697,144.88343506934265
outcome-lag-64,21,222,intersection,352,8.470703125,268.5703125,470.5192045249599,485.9634436245842,463.60215295272064,149.57474747348436
outcome-lag-64,21,222,intersection,384,8.470703125,291.5703125,492.673848222289,510.4868961447773,485.7556472914411,153.82212445526943
outcome-lag-64,21,222,intersection,416,8.470703125,314.5703125,513.7756237414654,534.0155622715644,506.85742281061766,157.93055796807465
outcome-lag-64,21,222,intersection,448,8.470703125,337.5703125,533.9014743747751,556.4597249553085,526.9832734439273,161.6842175598799
outcome-lag-64,21,222,intersection,480,8.470703125,360.5703125,553.5823042017777,578.2764228818421,546.6641032709298,165.1253094996202
outcome-lag-64,21,222,intersection,512,8.470703125,383.5703125,571.4499454349015,598.3535916144494,564.5317445040536,168.44700628624966
outcome-lag-64,21,222,completed,32,2.6484375,26.15625,64.0,64.0,64.0,26.753915631168926
outcome-lag-64,21,222,completed,64,3.36328125,46.265625,122.0,122.0,122.0,54.09729819904905
outcome-lag-64,21,222,completed,96,5.30859375,55.546875,165.8560471850067,165.09471250633777,165.09471250633777,69.33100454911583
outcome-lag-64,21,222,completed,128,5.49609375,80.296875,221.0129722513812,220.4305310943469,219.61630663014537,83.09974885815862
outcome-lag-64,21,222,completed,160,5.54296875,103.734375,267.9921318557258,268.46047436679953,265.09532281238654,95.7498886960594
outcome-lag-64,21,222,completed,192,5.54296875,126.734375,307.991291514969,310.02678494790143,303.59892915526615,106.29952885815665
outcome-lag-64,21,222,completed,224,5.54296875,149.734375,342.2591938268723,347.6682374183875,337.2919090128962,115.49965224342702
outcome-lag-64,21,222,completed,256,5.54296875,172.734375,373.3256388553749,382.2063451102102,368.1864543629152,123.53823462084091
outcome-lag-64,21,222,completed,288,5.54296875,195.734375,402.20898871349254,413.85212187907274,397.06967815101183,130.00503222063617
outcome-lag-64,21,222,completed,320,5.54296875,218.734375,427.42026073466957,441.10647631646526,422.0071789454027,134.88959667562682
outcome-lag-64,21,222,completed,352,5.54296875,241.734375,451.74456259722984,468.1874548445574,446.245882907835,139.82809682420918
outcome-lag-64,21,222,completed,384,5.54296875,264.734375,474.41511688181197,493.25047991952584,468.9154537435829,144.2037707151076
outcome-lag-64,21,222,completed,416,5.54296875,287.734375,496.0617840566419,517.3616939732178,490.5621209184128,148.4588680366519
outcome-lag-64,21,222,completed,448,5.54296875,310.734375,516.7023577010508,540.3363256186013,511.20269456282165,152.32399978746906
outcome-lag-64,21,222,completed,480,5.54296875,333.734375,536.90373181516,562.7022607034392,531.4040686769308,155.88908234203788
outcome-lag-64,21,222,completed,512,5.54296875,356.734375,555.2125088154733,583.2865758318891,549.7128456772441,159.35897834888215
outcome-lag-64,21,222,plugin,32,1.146484375,17.2421875,56.0,56.0,56.0,21.378463460360724
outcome-lag-64,21,222,plugin,64,2.021484375,29.7421875,104.0,104.0,104.0,43.12839637796707
outcome-lag-64,21,222,plugin,96,2.048828125,52.4140625,164.8560471850067,163.0014521872601,163.0014521872601,61.6646024566511
outcome-lag-64,21,222,plugin,128,2.541015625,69.5078125,211.8455036465267,208.8550574091928,208.1472011130659,74.06191216568702
outcome-lag-64,21,222,plugin,160,3.142578125,85.2890625,252.05216948389045,250.50043966598756,247.3064683617129,85.16464741347576
outcome-lag-64,21,222,plugin,192,3.279296875,106.6484375,290.9397156357549,291.5162115499731,285.50272878342054,94.3430139436225
outcome-lag-64,21,222,plugin,224,3.689453125,124.7265625,324.6721607925786,328.40472637733603,318.9376766966911,103.29508830753751
outcome-lag-64,21,222,plugin,256,3.935546875,144.7734375,355.5491386493858,362.31814919554904,349.72131509619663,111.1236036969968
outcome-lag-64,21,222,plugin,288,3.935546875,167.7734375,386.3969343162274,395.6494621360275,380.5294087025968,117.82437840216433
outcome-lag-64,21,222,plugin,320,4.044921875,189.4609375,412.18188003904874,423.3891033447158,406.10280764411186,123.05284500380247
outcome-lag-64,21,222,plugin,352,4.044921875,212.4609375,437.74004839342336,451.7886080499706,431.5928156044238,128.47798555136842
outcome-lag-64,21,222,plugin,384,4.044921875,235.4609375,461.05652962810535,477.5364584546,454.90929683910576,133.0584964887678
outcome-lag-64,21,222,plugin,416,4.044921875,258.4609375,483.45287265873867,502.4477200794743,477.3056398697391,137.55493099230634
outcome-lag-64,21,222,plugin,448,4.044921875,281.4609375,504.80233145571583,526.1399582446332,498.6550986667162,141.5955260393637
outcome-lag-64,21,222,plugin,480,4.044921875,304.4609375,525.7305706792488,549.2597375160536,519.5833378902491,145.35377109413724
outcome-lag-64,21,222,plugin,512,4.044921875,327.4609375,544.6519734992733,570.547964530516,538.5047407102736,149.05825517245495
outcome-lag-64,21,222,safe,32,3.0,0.0,32.0,32.0,32.0,10.005583562480819
outcome-lag-64,21,222,safe,64,6.0,0.0,64.0,64.0,64.0,27.518439560765007
outcome-lag-64,21,222,safe,96,9.0,0.0,95.8560471850067,95.09471250633783,95.09471250633783,40.88752069810124
outcome-lag-64,21,222,safe,128,12.0,0.0,120.34555481054103,119.9713104398444,119.26345414371752,49.802848413715914
outcome-lag-64,21,222,safe,160,15.0,0.0,139.2268447118436,141.33871534929474,138.14474404502008,57.11525315564698
outcome-lag-64,21,222,safe,192,18.0,0.0,155.092133540896,159.96689829660417,154.01003287407246,63.04082389810957
outcome-lag-64,21,222,safe,224,21.0,0.0,169.09937432338657,176.82325104911436,168.01727365656305,68.2185022924868
outcome-lag-64,21,222,safe,256,24.0,0.0,181.77140420322755,192.186965994566,180.68930353640403,72.71372963625221
outcome-lag-64,21,222,safe,288,27.0,0.0,193.42676183283018,205.8810844920419,192.34466116600666,76.20120097140315
outcome-lag-64,21,222,safe,320,30.0,0.0,204.2526848953641,218.2880127571349,203.17058422854058,78.95538146187697
outcome-lag-64,21,222,safe,352,33.0,0.0,214.4425748226424,230.5613458838946,213.36047415581888,82.04842015485852
outcome-lag-64,21,222,safe,384,36.0,0.0,224.08580921162698,242.15728999294632,223.00370854480346,84.87327313386163
outcome-lag-64,21,222,safe,416,39.0,0.0,233.2483527250799,253.2076454301379,232.1662520582564,87.51145793851705
outcome-lag-64,21,222,safe,448,42.0,0.0,242.01050856311954,263.8434346056626,240.92840789629602,90.05323915423403
outcome-lag-64,21,222,safe,480,45.0,0.0,250.41323169902918,273.7463407081769,249.33113103220566,92.14671757433089
outcome-lag-64,21,222,safe,512,48.0,0.0,258.50022343708764,283.1093005936365,257.4181227702641,93.95677001346886
outcome-lag-64,21,222,known,32,0.0,23.0,62.0,62.0,62.0,24.16632282322008
outcome-lag-64,21,222,known,64,0.0,46.0,125.0,125.0,125.0,55.102255674555344
outcome-lag-64,21,222,known,96,0.0,69.0,186.8560471850067,184.84246289458443,184.84246289458443,75.44968536329614
outcome-lag-64,21,222,known,128,0.0,92.0,240.67068519689815,237.26104777815564,236.5531914820288,89.9116152450965
outcome-lag-64,21,222,known,160,0.0,115.0,285.21884762169464,283.04405052452313,279.8386525144192,102.05337259036635
outcome-lag-64,21,222,known,192,0.0,138.0,322.54736487828467,322.91696652130264,316.5767568825929,112.07558720075504
outcome-lag-64,21,222,known,224,0.0,161.0,355.3594700353471,359.39604307129264,349.10493305195786,120.95045053996608
outcome-lag-64,21,222,known,256,0.0,184.0,385.51916590465186,393.1512732983195,379.1752187161919,128.77382656950857
outcome-lag-64,21,222,known,288,0.0,207.0,413.61880989102593,424.07855955193077,407.274862702566,135.06289183128237
outcome-lag-64,21,222,known,320,0.0,230.0,438.1922846554376,450.7661216602316,431.6400608384829,139.8520480032687
outcome-lag-64,21,222,known,352,0.0,253.0,462.01511468275487,477.36548193951194,455.3957181152488,144.7108198376159
outcome-lag-64,21,222,known,384,0.0,276.0,484.20519293195855,501.97427204334,477.5857963644525,149.0017371698303
outcome-lag-64,21,222,known,416,0.0,299.0,505.45984114472867,525.7092185998135,498.8404445772226,153.18299771409102
outcome-lag-64,21,222,known,448,0.0,322.0,525.775952596713,548.3673100158254,519.1565560292069,156.9918881762055
outcome-lag-64,21,222,known,480,0.0,345.0,545.6962004467366,570.4485421160684,539.0768038792305,160.5017508824954
outcome-lag-64,21,222,known,512,0.0,368.0,563.7861420720202,590.798011405181,557.1667455045141,163.9195038997099
outcome-lag-64,21,222,product,32,4.375,25.5,62.0,62.0,62.0,30.286308375855526
outcome-lag-64,21,222,product,64,8.75,51.0,125.0,125.0,125.0,63.8659962277261
outcome-lag-64,21,222,product,96,13.125,76.5,186.7954246804814,184.05394857812655,184.05394857812655,87.7086827216124
outcome-lag-64,21,222,product,128,17.5,102.0,235.7379596097258,232.06619183861122,231.23259026337934,103.89951088248448
outcome-lag-64,21,222,product,160,21.875,127.5,273.39189931186803,273.71156251534205,268.88652996552156,117.55419488012906
outcome-lag-64,21,222,product,192,26.25,153.0,304.5370714869839,310.37621858151584,300.03170214063744,129.32691878094127
outcome-lag-64,21,222,product,224,30.625,178.5,331.9626737559301,343.55252292868613,327.4573044095836,139.602281186716
outcome-lag-64,21,222,product,256,35.0,204.0,356.77359581515253,373.14691311581555,352.26822646880606,147.87385580446252
outcome-lag-64,21,222,product,288,39.375,229.5,379.9635019278662,400.4076013609459,375.45813258151975,154.78464331178563
outcome-lag-64,21,222,product,320,43.75,255.0,400.5473948156106,424.6466239167807,396.0420254692641,160.69336602175105
outcome-lag-64,21,222,product,352,48.125,280.5,420.52375020528314,448.77467338715184,416.01838085893667,166.78005971785092
outcome-lag-64,21,222,product,384,52.5,306.0,439.1367226222152,470.97157751021945,434.6313532758687,172.01397196751896
outcome-lag-64,21,222,product,416,56.875,331.5,456.8677709865295,491.92453117258503,452.362401640183,176.68623739183303
outcome-lag-64,21,222,product,448,61.25,357.0,473.80063278517105,512.0693795587066,469.2952634388246,181.15642443103556
outcome-lag-64,21,222,product,480,65.625,382.5,490.32438894267625,531.563228689028,485.8190195963298,185.27040622952507
outcome-lag-64,21,222,product,512,70.0,408.0,505.46265544251884,549.1548106531003,500.95728609617237,188.7094669203286
single-blocker,21,222,prefix,32,4.5625,27.25,64.0,63.96821681185914,63.96821681185914,8.988898993023579
single-blocker,21,222,prefix,64,9.125,54.5,128.0,115.79869019748698,115.79869019748698,10.90813631665751
single-blocker,21,222,prefix,96,13.6875,81.75,192.0,155.78868966208668,155.78868966208668,12.302250417070626
single-blocker,21,222,prefix,128,18.25,109.0,256.0,189.19365502071457,189.19365502071457,13.085800676085825
single-blocker,21,222,prefix,160,22.8125,136.25,320.0,218.63551763455666,218.63551763455666,13.703643277508345
single-blocker,21,222,prefix,192,27.375,163.5,384.0,245.88987822105145,245.88987822105145,14.333928841498551
single-blocker,21,222,prefix,224,31.9375,190.75,448.0,271.09753495287214,271.09753495287214,14.851754743034887
single-blocker,21,222,prefix,256,36.5,218.0,512.0,294.68622082982426,294.68622082982426,15.2918674748464
single-blocker,21,222,prefix,288,41.0625,245.25,576.0,316.2744216440159,316.2744216440159,15.607090628153925
single-blocker,21,222,prefix,320,45.625,272.5,640.0,338.8077241031948,338.8077241031948,16.06951200897051
single-blocker,21,222,prefix,352,50.1875,299.75,704.0,359.0393899582136,359.0393899582136,16.368009224220845
single-blocker,21,222,prefix,384,54.75,327.0,768.0,379.17337577578894,379.17337577578894,16.682076761470217
single-blocker,21,222,prefix,416,59.3125,354.25,832.0,398.61157882799245,398.61157882799245,16.96473650315834
single-blocker,21,222,prefix,448,63.875,381.5,896.0,417.4322470529223,417.4322470529223,17.221956242382063
single-blocker,21,222,prefix,480,68.4375,408.75,960.0,434.94285768476834,434.94285768476834,17.428071424907692
single-blocker,21,222,prefix,512,73.0,436.0,1024.0,453.9457730023674,453.9457730023674,17.702927559737457
single-blocker,21,222,intersection,32,2.23828125,25.921875,64.0,63.96821681185914,63.96821681185914,10.59486219745755
single-blocker,21,222,intersection,64,2.42578125,50.671875,128.0,121.22759708485823,121.22759708485823,12.773646933117574
single-blocker,21,222,intersection,96,2.61328125,75.421875,192.0,168.35122932401322,168.35122932401322,14.008277712547306
single-blocker,21,222,intersection,128,2.80078125,100.171875,256.0,207.83318476460562,207.83318476460562,14.879632039782814
single-blocker,21,222,intersection,160,2.98828125,124.921875,320.0,242.33234783574648,242.33234783574648,15.547437025952982
single-blocker,21,222,intersection,192,3.1171875,149.125,383.0,272.88923426250045,272.88923426250045,16.082008005602894
single-blocker,21,222,intersection,224,3.1171875,172.125,445.0,300.60556968143163,300.60556968143163,16.53103717078409
single-blocker,21,222,intersection,256,3.1171875,195.125,507.0,326.61349736332704,326.61349736332704,16.92789641284962
single-blocker,21,222,intersection,288,3.1171875,218.125,570.0,351.3630309003363,351.3630309003363,17.28146423115734
single-blocker,21,222,intersection,320,3.1171875,241.125,630.0,373.39434328276843,373.39434328276843,17.576111626200202
single-blocker,21,222,intersection,352,3.1171875,264.125,692.0,395.2526147008451,395.2526147008451,17.85733571475356
single-blocker,21,222,intersection,384,3.1171875,287.125,753.0,415.69548338359743,415.69548338359743,18.107599146833827
single-blocker,21,222,intersection,416,3.1171875,310.125,814.0,435.3601214335475,435.3601214335475,18.339634569635322
single-blocker,21,222,intersection,448,3.1171875,333.125,875.0,454.3129463123098,454.3129463123098,18.555476891314214
single-blocker,21,222,intersection,480,3.1171875,356.125,937.0,472.9813992605276,472.9813992605276,18.761693120448832
single-blocker,21,222,intersection,512,3.1171875,379.125,996.0,490.00305903761904,490.00305903761904,18.94211766630521
single-blocker,21,222,completed,32,1.96484375,25.765625,64.0,63.96821681185914,63.96821681185914,10.625563951843514
single-blocker,21,222,completed,64,2.15234375,50.515625,128.0,121.29725752745715,121.29725752745715,12.778717927032384
single-blocker,21,222,completed,96,2.33984375,75.265625,192.0,168.2917546158205,168.2917546158205,14.005158282957282
single-blocker,21,222,completed,128,2.52734375,100.015625,256.0,207.79503833067966,207.79503833067966,14.877890746250475
single-blocker,21,222,completed,160,2.708984375,124.7109375,320.0,242.27405909054931,242.27405909054931,15.545042389937661
single-blocker,21,222,completed,192,2.7734375,148.3125,382.0,272.304151121271,272.304151121271,16.070103243698135
single-blocker,21,222,completed,224,2.7734375,171.3125,444.0,300.064705535465,300.064705535465,16.520833089151434
single-blocker,21,222,completed,256,2.7734375,194.3125,506.0,326.119285683963,326.119285683963,16.919349404302608
single-blocker,21,222,completed,288,2.7734375,217.3125,569.0,350.90175509735667,350.90175509735667,17.274001544590178
single-blocker,21,222,completed,320,2.7734375,240.3125,629.0,372.952730528794,372.952730528794,17.569262311131716
single-blocker,21,222,completed,352,2.7734375,263.3125,691.0,394.83238811172856,394.83238811172856,17.851124534629342
single-blocker,21,222,completed,384,2.7734375,286.3125,752.0,415.2903045715951,415.2903045715951,18.10181880001303
single-blocker,21,222,completed,416,2.7734375,309.3125,813.0,434.97061693838987,434.97061693838987,18.33428697605244
single-blocker,21,222,completed,448,2.7734375,332.3125,874.0,453.9383772677002,453.9383772677002,18.55052639626473
single-blocker,21,222,completed,480,2.7734375,355.3125,936.0,472.621850189103,472.621850189103,18.75712691040319
single-blocker,21,222,completed,512,2.7734375,378.3125,995.0,489.6561183893283,489.6561183893283,18.93786234715629
single-blocker,21,222,plugin,32,0.6640625,24.40625,63.0,62.96821681185914,62.96821681185914,10.59703651522784
single-blocker,21,222,plugin,64,0.6640625,47.40625,126.0,119.39257304526133,119.39257304526133,12.717164896729347
single-blocker,21,222,plugin,96,0.6640625,70.40625,188.0,164.93254995334354,164.93254995334354,13.908702701291828
single-blocker,21,222,plugin,128,0.6640625,93.40625,251.0,204.29721855579774,204.29721855579774,14.793373838757157
single-blocker,21,222,plugin,160,0.6640625,116.40625,314.0,238.5428798284057,238.5428798284057,15.464351372783243
single-blocker,21,222,plugin,192,0.6640625,139.40625,376.0,268.8803549052675,268.8803549052675,16.001875055824282
single-blocker,21,222,plugin,224,0.6640625,162.40625,438.0,296.89873749554977,296.89873749554977,16.462344734329175
single-blocker,21,222,plugin,256,0.6640625,185.40625,500.0,323.18909785342356,323.18909785342356,16.86920222976482
single-blocker,21,222,plugin,288,0.6640625,208.40625,563.0,348.1540891415208,348.1540891415208,17.229835227750744
single-blocker,21,222,plugin,320,0.6640625,231.40625,623.0,370.3315424068188,370.3315424068188,17.529002034818596
single-blocker,21,222,plugin,352,0.6640625,254.40625,685.0,392.335877052078,392.335877052078,17.814555150081645
single-blocker,21,222,plugin,384,0.6640625,277.40625,746.0,412.89191644409044,412.89191644409044,18.068021394278272
single-blocker,21,222,plugin,416,0.6640625,300.40625,807.0,432.66469435417696,432.66469435417696,18.303013581775087
single-blocker,21,222,plugin,448,0.6640625,323.40625,868.0,451.7172502783138,451.7172502783138,18.52148683177072
single-blocker,21,222,plugin,480,0.6640625,346.40625,930.0,470.48211706405965,470.48211706405965,18.730158059804147
single-blocker,21,222,plugin,512,0.6640625,369.40625,989.0,487.5835035305829,487.5835035305829,18.912544024586275
single-blocker,21,222,safe,32,3.0,0.0,32.0,31.968216811859147,31.968216811859147,4.02724519543652
single-blocker,21,222,safe,64,6.0,0.0,64.0,57.42435623340214,57.42435623340214,4.7282659037057675
single-blocker,21,222,safe,96,9.0,0.0,96.0,76.78319682780861,76.78319682780861,5.136346480888775
single-blocker,21,222,safe,128,12.0,0.0,128.0,93.03345515740088,93.03345515740088,5.425334592589174
single-blocker,21,222,safe,160,15.0,0.0,160.0,107.31238195727079,107.31238195727079,5.649261224939744
single-blocker,21,222,safe,192,18.0,0.0,192.0,120.1978375468853,120.1978375468853,5.832104609707439
single-blocker,21,222,safe,224,21.0,0.0,224.0,132.0310352083931,132.0310352083931,5.986627913082163
single-blocker,21,222,safe,256,24.0,0.0,256.0,143.03333360981438,143.03333360981438,6.120438712817281
single-blocker,21,222,safe,288,27.0,0.0,288.0,153.35798108855585,153.35798108855585,6.238439029233648
single-blocker,21,222,safe,320,30.0,0.0,320.0,163.1162631808352,163.1162631808352,6.343973346894013
single-blocker,21,222,safe,352,33.0,0.0,352.0,172.39200998111025,172.39200998111025,6.43942571339101
single-blocker,21,222,safe,384,36.0,0.0,384.0,181.25023096678382,181.25023096678382,6.5265555690159704
single-blocker,21,222,safe,416,39.0,0.0,416.0,189.74254455085054,189.74254455085054,6.6066985205464555
single-blocker,21,222,safe,448,42.0,0.0,448.0,197.91074640079475,197.91074640079475,6.680892410683006
single-blocker,21,222,safe,480,45.0,0.0,480.0,205.78924141297622,205.78924141297622,6.7499597404471405
single-blocker,21,222,safe,512,48.0,0.0,512.0,213.40675252840046,213.40675252840046,6.81456340954972
single-blocker,21,222,known,32,0.0,23.0,62.0,61.96821681185914,61.96821681185914,10.525607943799267
single-blocker,21,222,known,64,0.0,46.0,125.0,118.39257304526133,118.39257304526133,12.682682138108659
single-blocker,21,222,known,96,0.0,69.0,187.0,164.0657130424064,164.0657130424064,13.883061675650804
single-blocker,21,222,known,128,0.0,92.0,250.0,203.5706864110872,203.5706864110872,14.775192020575341
single-blocker,21,222,known,160,0.0,115.0,313.0,237.8861657912583,237.8861657912583,15.449425999648918
single-blocker,21,222,known,192,0.0,138.0,375.0,268.27665800597657,268.27665800597657,15.989216827976186
single-blocker,21,222,known,224,0.0,161.0,437.0,296.3432464349364,296.3432464349364,16.451592046157135
single-blocker,21,222,known,256,0.0,184.0,499.0,322.6837822445997,322.6837822445997,16.860273658336236
single-blocker,21,222,known,288,0.0,207.0,562.0,347.6838128678669,347.6838128678669,17.222083289766232
single-blocker,21,222,known,320,0.0,230.0,622.0,369.8820453506518,369.8820453506518,17.521909836237022
single-blocker,21,222,known,352,0.0,253.0,684.0,391.90886885301944,391.90886885301944,17.808144893671383
single-blocker,21,222,known,384,0.0,276.0,745.0,412.4806657442877,412.4806657442877,18.062069013325885
single-blocker,21,222,known,416,0.0,299.0,806.0,432.26980181945555,432.26980181945555,18.29751907628058
single-blocker,21,222,known,448,0.0,322.0,867.0,451.3378943867111,451.3378943867111,18.516410689638736
single-blocker,21,222,known,480,0.0,345.0,929.0,470.1183382536335,470.1183382536335,18.725485162607878
single-blocker,21,222,known,512,0.0,368.0,988.0,487.23276556142304,487.23276556142304,18.908196198499315
single-blocker,21,222,product,32,4.375,25.5,62.0,61.96821681185914,61.96821681185914,7.988898993023577
single-blocker,21,222,product,64,8.75,51.0,125.0,112.79869019748699,112.79869019748699,9.408136316657508
single-blocker,21,222,product,96,13.125,76.5,187.0,150.7886896620867,150.7886896620867,10.218917083737292
single-blocker,21,222,product,128,17.5,102.0,250.0,183.1936550207146,183.1936550207146,10.80246734275249
single-blocker,21,222,product,160,21.875,127.5,313.0,211.6355176345567,211.6355176345567,11.253643277508342
single-blocker,21,222,product,192,26.25,153.0,375.0,236.88987822105148,236.88987822105148,11.616071698641404
single-blocker,21,222,product,224,30.625,178.5,437.0,260.0975349528722,260.0975349528722,11.92278648906663
single-blocker,21,222,product,256,35.0,204.0,499.0,281.6862208298243,281.6862208298243,12.188656796635719
single-blocker,21,222,product,288,39.375,229.5,562.0,302.27442164401594,302.27442164401594,12.426956873020167
single-blocker,21,222,product,320,43.75,255.0,622.0,320.80772410319486,320.80772410319486,12.629959486329742
single-blocker,21,222,product,352,48.125,280.5,684.0,339.03938995821363,339.03938995821363,12.820269567077153
single-blocker,21,222,product,384,52.5,306.0,745.0,356.173375775789,356.173375775789,12.991263511252942
single-blocker,21,222,product,416,56.875,331.5,806.0,372.6115788279925,372.6115788279925,13.148778325404837
single-blocker,21,222,product,448,61.25,357.0,867.0,388.4322470529224,388.4322470529224,13.294785203415703
single-blocker,21,222,product,480,65.625,382.5,929.0,403.950413475326,403.950413475326,13.433084293987308
single-blocker,21,222,product,512,70.0,408.0,988.0,418.2259965953276,418.2259965953276,13.556146140720605
outcome-lag-64,23,222,prefix,32,16.625,26.75,64.0,64.0,64.0,30.936792401930376
outcome-lag-64,23,222,prefix,64,33.25,53.5,128.0,128.0,128.0,59.776054021215
outcome-lag-64,23,222,prefix,96,38.96484375,74.015625,191.77735711721652,190.76898153563462,190.76898153563462,89.85159331865202
outcome-lag-64,23,222,prefix,128,38.96484375,91.265625,244.66433818375214,245.85887193899518,243.56967371164893,115.68843804524269
outcome-lag-64,23,222,prefix,160,38.96484375,108.515625,289.1241637952204,293.02579097053484,288.0294993231172,134.50148084677195
outcome-lag-64,23,222,prefix,192,38.96484375,125.765625,329.669230913571,336.2120384654882,328.5745664414678,147.9047837506125
outcome-lag-64,23,222,prefix,224,38.96484375,143.015625,366.82505828141933,378.67436785533107,365.7303938093161,160.89033774666265
outcome-lag-64,23,222,prefix,256,38.96484375,160.265625,398.86658204494984,416.7117701796806,397.77191757284663,172.13783091706802
outcome-lag-64,23,222,prefix,288,38.96484375,177.515625,428.0136613188172,451.76468874107263,426.918996846714,182.17462634952653
outcome-lag-64,23,222,prefix,320,38.96484375,194.765625,454.68168762949034,483.5671951900762,453.58702315738714,190.46846512961713
outcome-lag-64,23,222,prefix,352,38.96484375,212.015625,479.517495378209,512.6517649115032,478.4228309061058,197.23535068502895
outcome-lag-64,23,222,prefix,384,38.96484375,229.265625,502.9079772110037,539.7883356153721,501.8133127389005,203.12039705033825
outcome-lag-64,23,222,prefix,416,38.96484375,246.515625,525.1091522277269,565.6929259383111,524.0144877556237,208.65386899742273
outcome-lag-64,23,222,prefix,448,38.96484375,263.765625,546.489561439944,590.4908616582002,545.3948969678409,213.73289802634702
outcome-lag-64,23,222,prefix,480,38.96484375,281.015625,566.9247364655768,614.1157667639006,565.8300719934736,218.40264475934734
outcome-lag-64,23,222,prefix,512,38.96484375,298.265625,586.5767743495309,637.2869461889397,585.4821098774277,223.26713292800517
outcome-lag-64,23,222,intersection,32,16.625,26.75,64.0,64.0,64.0,30.936792401930376
outcome-lag-64,23,222,intersection,64,23.37890625,47.859375,128.0,128.0,128.0,59.899839670949035
outcome-lag-64,23,222,intersection,96,23.37890625,65.109375,191.77735711721652,190.78074429862852,190.78074429862852,92.30157274202655
outcome-lag-64,23,222,intersection,128,23.37890625,82.359375,244.94436381229843,245.822565134567,243.8445098407031,116.99418164279861
outcome-lag-64,23,222,intersection,160,23.37890625,99.609375,290.38876977959916,293.9530156327897,289.2889158080038,133.5539617384111
outcome-lag-64,23,222,intersection,192,23.37890625,116.859375,329.426531761559,337.0630134033688,328.32667778996364,145.74949100751883
outcome-lag-64,23,222,intersection,224,23.37890625,134.109375,364.3397909286761,377.5799420608051,363.2399369570808,157.5525138330405
outcome-lag-64,23,222,intersection,256,23.37890625,151.359375,395.3668941427554,414.53994254347185,394.2670401711601,168.11795949049562
outcome-lag-64,23,222,intersection,288,23.37890625,168.609375,423.8412466750884,448.87605666515105,422.7413927034931,177.71482319602896
outcome-lag-64,23,222,intersection,320,23.37890625,185.859375,450.1507275768858,480.25053339098014,449.05087360529046,185.74029032971524
outcome-lag-64,23,222,intersection,352,23.37890625,203.109375,474.77331244561464,509.028483565284,473.6734584740193,192.32211841207987
outcome-lag-64,23,222,intersection,384,23.37890625,220.359375,498.05666264215506,535.9624869787094,496.9568086705597,198.06739542823593
outcome-lag-64,23,222,intersection,416,23.37890625,237.609375,520.168748226659,561.7016234202772,519.0688942550637,203.4862556932434
outcome-lag-64,23,222,intersection,448,23.37890625,254.859375,541.3475381028408,586.2451151116887,540.2476841312455,208.45394799416246
outcome-lag-64,23,222,intersection,480,23.37890625,272.109375,561.6430584505425,609.6759967780322,560.5432044789472,213.02280709742948
outcome-lag-64,23,222,intersection,512,23.37890625,289.359375,581.1747216111678,632.6529287281356,580.0748676395725,217.76959795382726
outcome-lag-64,23,222,completed,32,11.94921875,24.078125,64.0,64.0,64.0,29.843411513009755
outcome-lag-64,23,222,completed,64,19.302734375,33.2421875,113.0,113.0,113.0,52.91093224563026
outcome-lag-64,23,222,completed,96,26.65625,42.40625,161.79180896763586,160.83121877829916,160.83121877829916,74.02856446230388
outcome-lag-64,23,222,completed,128,26.65625,59.65625,216.86065809953791,217.1389436099864,215.61878334724108,94.04888412424705
outcome-lag-64,23,222,completed,160,26.65625,76.90625,265.4122130785232,267.39122374558775,263.8247975966359,111.70872209792816
outcome-lag-64,23,222,completed,192,26.65625,94.15625,307.8748382223964,312.8934718068921,306.2874227405091,125.16691347217463
outcome-lag-64,23,222,completed,224,26.65625,111.40625,344.9383210467892,355.4644397286852,343.3509055649019,137.87555143485557
outcome-lag-64,23,222,completed,256,26.65625,128.65625,377.5651203050726,394.07107991606125,375.97770482318526,149.1076385685676
outcome-lag-64,23,222,completed,288,26.65625,145.90625,407.2510562731599,429.71955240624425,405.6636407912726,159.20912802288106
outcome-lag-64,23,222,completed,320,26.65625,163.15625,434.5491851196961,462.15983654724755,432.9617696378088,167.6002786155007
outcome-lag-64,23,222,completed,352,26.65625,180.40625,459.98970228450526,491.8190888245129,458.40228680261794,174.46315118880517
outcome-lag-64,23,222,completed,384,26.65625,197.65625,483.99046886012985,519.5243664307687,482.40305337824253,180.44323852959508
outcome-lag-64,23,222,completed,416,26.65625,214.90625,506.70977504597437,545.9592132900276,505.12235956408705,186.0868518151775
outcome-lag-64,23,222,completed,448,26.65625,232.15625,528.3572440052212,571.0547770942554,526.7698285233337,191.23492956474792
outcome-lag-64,23,222,completed,480,26.65625,249.40625,549.0799671589932,594.948273240447,547.4925516771057,195.92038532549026
outcome-lag-64,23,222,completed,512,26.65625,266.65625,568.9899625858166,618.3428324062602,567.402547103929,200.77095633237846
outcome-lag-64,23,222,plugin,32,3.0625,8.625,48.0,48.0,48.0,24.248064522426866
outcome-lag-64,23,222,plugin,64,4.375,14.125,95.0,95.0,95.0,47.901332494779616
outcome-lag-64,23,222,plugin,96,5.373046875,23.0234375,151.79180896763586,150.8555623554005,150.8555623554005,74.90557845995068
outcome-lag-64,23,222,plugin,128,6.248046875,29.7734375,191.30206664492746,191.83483295487903,190.32900752774074,92.92282484242227
outcome-lag-64,23,222,plugin,160,7.068359375,37.1796875,225.12571414099443,229.24519913337886,224.1526550238077,105.22370828007534
outcome-lag-64,23,222,plugin,192,7.943359375,43.9296875,252.29520240312013,260.0905436664938,251.3221432859334,114.26644191599715
outcome-lag-64,23,222,plugin,224,8.818359375,50.6796875,279.38613931346765,292.2092215562433,278.41308019628093,123.87500337119303
outcome-lag-64,23,222,plugin,256,9.693359375,57.4296875,302.18044357953187,320.17891858125245,301.20738446234515,132.46176573073117
outcome-lag-64,23,222,plugin,288,10.568359375,64.1796875,323.1773783214283,346.1909469909544,322.2043192042416,140.31392694007857
outcome-lag-64,23,222,plugin,320,11.443359375,70.9296875,342.11239080940925,369.49515086166053,341.1393316922225,146.88046916406228
outcome-lag-64,23,222,plugin,352,12.318359375,77.6796875,359.7753871991366,390.7367977641917,358.8023280819499,152.208205985388
outcome-lag-64,23,222,plugin,384,13.193359375,84.4296875,376.05434580287704,410.1465252920975,375.0812866856903,156.78747183646428
outcome-lag-64,23,222,plugin,416,14.068359375,91.1796875,391.5509722437098,428.5425548311135,390.5779131265231,160.94927916218938
outcome-lag-64,23,222,plugin,448,14.943359375,97.9296875,407.8688968005995,447.56852576840953,406.89583768341276,164.89842023696878
outcome-lag-64,23,222,plugin,480,15.818359375,104.6796875,423.15205621740876,465.70487905153857,422.17899710022203,168.86037715222804
outcome-lag-64,23,222,plugin,512,16.693359375,111.4296875,437.87667722049713,483.6546432892774,436.9036181033104,173.12484468624294
outcome-lag-64,23,222,safe,32,15.6875,0.0,32.0,32.0,32.0,15.525625849988197
outcome-lag-64,23,222,safe,64,31.375,0.0,64.0,64.0,64.0,29.0460589145811
outcome-lag-64,23,222,safe,96,47.0625,0.0,95.79180896763587,94.85556235540052,94.85556235540052,41.50246985223665
outcome-lag-64,23,222,safe,128,62.75,0.0,120.30206664492763,120.83483295487906,119.32900752774086,51.52047023382328
outcome-lag-64,23,222,safe,160,78.4375,0.0,139.1898543064308,141.6962004198978,138.216795189244,58.32683753132274
outcome-lag-64,23,222,safe,192,94.125,0.0,155.07325500845164,159.26532583724344,154.10019589126486,63.19335074382151
outcome-lag-64,23,222,safe,224,109.8125,0.0,169.06500990432167,175.3679917877918,168.0919507871349,67.61734233623682
outcome-lag-64,23,222,safe,256,125.5,0.0,181.70055954079365,190.61772468318492,180.72750042360687,71.99858762994376
outcome-lag-64,23,222,safe,288,141.1875,0.0,193.36200325677368,205.16800228550684,192.3889441395869,76.34221806994071
outcome-lag-64,23,222,safe,320,156.875,0.0,204.19966441895411,218.6731600624592,203.22660530176734,80.1946280722741
outcome-lag-64,23,222,safe,352,172.5625,0.0,214.39646540108262,230.92284638440066,213.42340628389584,83.26401996043748
outcome-lag-64,23,222,safe,384,188.25,0.0,224.03457787026957,242.24887498116198,223.0615187530828,85.81895742715012
outcome-lag-64,23,222,safe,416,203.9375,0.0,233.18811917247686,252.8295753218871,232.21506005529008,87.98748713533904
outcome-lag-64,23,222,safe,448,219.625,0.0,241.94275688374185,262.92374474713347,240.96969776655507,89.9876486007775
outcome-lag-64,23,222,safe,480,235.3125,0.0,250.33239362567764,273.01409421811695,249.35933450849086,92.26857038934365
outcome-lag-64,23,222,safe,512,251.0,0.0,258.41933996493685,282.90154387399235,257.44628084775013,94.60311259889735
outcome-lag-64,23,222,known,32,0.0,17.25,64.0,64.0,64.0,32.80139452575687
outcome-lag-64,23,222,known,64,0.0,34.5,128.0,128.0,128.0,64.7208550368434
outcome-lag-64,23,222,known,96,0.0,51.75,191.79180896763586,190.85556235540054,190.85556235540054,94.95304681521394
outcome-lag-64,23,222,known,128,0.0,69.0,248.02869658948333,248.50922470274838,246.8524936125508,117.35177718956696
outcome-lag-64,23,222,known,160,0.0,86.25,293.7355462072077,298.00550748724424,292.1931733770529,132.8041354837388
outcome-lag-64,23,222,known,192,0.0,103.5,332.16065300410145,340.30885523180683,330.61828017394674,144.39263806216644
outcome-lag-64,23,222,known,224,0.0,120.75,365.76665553763706,379.2697101338078,364.22428270748236,155.29195415862122
outcome-lag-64,23,222,known,256,0.0,138.0,396.30467498295667,415.52224203548957,394.76230215280196,165.32935217138672
outcome-lag-64,23,222,known,288,0.0,155.25,424.41794060069327,449.3904191297016,422.87556777053857,174.5801183999242
outcome-lag-64,23,222,known,320,0.0,172.5,450.59585784616166,480.5278506626915,449.05348501600696,182.39631516902702
outcome-lag-64,23,222,known,352,0.0,189.75,475.175173668593,509.14099064051175,473.6328008384383,188.83234862709776
outcome-lag-64,23,222,known,384,0.0,207.0,498.4997359758692,535.9948343373089,496.9573631457145,194.4667818907113
outcome-lag-64,23,222,known,416,0.0,224.25,520.6345902363969,561.6710210042556,519.0922174062422,199.79783066527685
outcome-lag-64,23,222,known,448,0.0,241.5,541.6527271888312,585.9973315985948,540.1103543586764,204.66669201463654
outcome-lag-64,23,222,known,480,0.0,258.75,561.8504949947013,609.2618845473336,560.3081221645465,209.1323937597052
outcome-lag-64,23,222,known,512,0.0,276.0,581.2939947918187,632.0585479158575,579.7516219616639,213.7495487265955
outcome-lag-64,23,222,product,32,0.0,17.25,64.0,64.0,64.0,32.80139452575687
outcome-lag-64,23,222,product,64,0.0,34.5,128.0,128.0,128.0,64.7208550368434
outcome-lag-64,23,222,product,96,0.0,51.75,191.79180896763586,190.85556235540054,190.85556235540054,94.95304681521394
outcome-lag-64,23,222,product,128,0.0,69.0,248.02869658948333,248.50922470274838,246.8524936125508,117.35177718956696
outcome-lag-64,23,222,product,160,0.0,86.25,293.7355462072077,298.00550748724424,292.1931733770529,132.8041354837388
outcome-lag-64,23,222,product,192,0.0,103.5,332.16065300410145,340.30885523180683,330.61828017394674,144.39263806216644
outcome-lag-64,23,222,product,224,0.0,120.75,365.76665553763706,379.2697101338078,364.22428270748236,155.29195415862122
outcome-lag-64,23,222,product,256,0.0,138.0,396.30467498295667,415.52224203548957,394.76230215280196,165.32935217138672
outcome-lag-64,23,222,product,288,0.0,155.25,424.41794060069327,449.3904191297016,422.87556777053857,174.5801183999242
outcome-lag-64,23,222,product,320,0.0,172.5,450.59585784616166,480.5278506626915,449.05348501600696,182.39631516902702
outcome-lag-64,23,222,product,352,0.0,189.75,475.175173668593,509.14099064051175,473.6328008384383,188.83234862709776
outcome-lag-64,23,222,product,384,0.0,207.0,498.4997359758692,535.9948343373089,496.9573631457145,194.4667818907113
outcome-lag-64,23,222,product,416,0.0,224.25,520.6345902363969,561.6710210042556,519.0922174062422,199.79783066527685
outcome-lag-64,23,222,product,448,0.0,241.5,541.6527271888312,585.9973315985948,540.1103543586764,204.66669201463654
outcome-lag-64,23,222,product,480,0.0,258.75,561.8504949947013,609.2618845473336,560.3081221645465,209.1323937597052
outcome-lag-64,23,222,product,512,0.0,276.0,581.2939947918187,632.0585479158575,579.7516219616639,213.7495487265955
single-blocker,23,222,prefix,32,16.625,26.75,64.0,63.96821681185914,63.96821681185914,8.988898993023579
single-blocker,23,222,prefix,64,33.25,53.5,128.0,116.1038297264138,116.1038297264138,11.224802983324174
single-blocker,23,222,prefix,96,49.875,80.25,192.0,155.35037064716923,155.35037064716923,12.063239428059637
single-blocker,23,222,prefix,128,66.5,107.0,256.0,188.6774601546221,188.6774601546221,12.8939973973973
single-blocker,23,222,prefix,160,83.125,133.75,320.0,218.0667550166518,218.0667550166518,13.543512558554092
single-blocker,23,222,prefix,192,99.75,160.5,384.0,244.67638608060284,244.67638608060284,14.076970962124411
single-blocker,23,222,prefix,224,116.375,187.25,448.0,269.82595649674823,269.82595649674823,14.650011364800777
single-blocker,23,222,prefix,256,133.0,214.0,512.0,293.3677375613473,293.3677375613473,15.125838637597155
single-blocker,23,222,prefix,288,149.625,240.75,576.0,317.6306139344942,317.6306139344942,15.737846391997914
single-blocker,23,222,prefix,320,166.25,267.5,640.0,338.80772410319497,338.80772410319497,16.069512008970495
single-blocker,23,222,prefix,352,182.875,294.25,704.0,358.3307124679394,358.3307124679394,16.31838969346623
single-blocker,23,222,prefix,384,199.5,321.0,768.0,377.0099813818821,377.0099813818821,16.54729050337497
single-blocker,23,222,prefix,416,216.125,347.75,832.0,394.2178429069798,394.2178429069798,16.711804896175497
single-blocker,23,222,prefix,448,232.75,374.5,896.0,412.2389253068593,412.2389253068593,16.95673195849915
single-blocker,23,222,prefix,480,249.375,401.25,960.0,428.9437630729034,428.9437630729034,17.141577555544252
single-blocker,23,222,prefix,512,266.0,428.0,1024.0,445.8837210570284,445.8837210570284,17.354974329875436
single-blocker,23,222,intersection,32,8.3125,22.0,64.0,63.96821681185914,63.96821681185914,10.354393849380502
single-blocker,23,222,intersection,64,8.3125,39.25,128.0,120.81662176040322,120.81662176040322,12.73212609475463
single-blocker,23,222,intersection,96,8.3125,56.5,192.0,168.3936382072417,168.3936382072417,14.010499934769527
single-blocker,23,222,intersection,128,8.3125,73.75,256.0,207.83318476460565,207.83318476460565,14.879632039782813
single-blocker,23,222,intersection,160,8.3125,91.0,320.0,242.46026965559653,242.46026965559653,15.552685128172959
single-blocker,23,222,intersection,192,8.3125,108.25,384.0,273.71742014673896,273.71742014673896,16.10304174118459
single-blocker,23,222,intersection,224,8.3125,125.5,448.0,302.4410095627729,302.4410095627729,16.569034690007708
single-blocker,23,222,intersection,256,8.3125,142.75,512.0,329.0832673295124,329.0832673295124,16.9705541199879
single-blocker,23,222,intersection,288,8.3125,160.0,576.0,354.0695920655599,354.0695920655599,17.324329704470987
single-blocker,23,222,intersection,320,8.3125,177.25,640.0,377.69264861442673,377.69264861442673,17.64107972810653
single-blocker,23,222,intersection,352,8.3125,194.5,704.0,400.1435683902209,400.1435683902209,17.92754568454649
single-blocker,23,222,intersection,384,8.3125,211.75,768.0,421.5959818088652,421.5959818088652,18.18942774392624
single-blocker,23,222,intersection,416,8.3125,229.0,832.0,442.15854951540837,442.15854951540837,18.430255777529368
single-blocker,23,222,intersection,448,8.3125,246.25,896.0,461.8752005080016,461.8752005080016,18.651722997163
single-blocker,23,222,intersection,480,8.3125,263.5,960.0,480.89728521958176,480.89728521958176,18.85807652000385
single-blocker,23,222,intersection,512,8.3125,280.75,1024.0,499.28285487443816,499.28285487443816,19.051003957408273
single-blocker,23,222,completed,32,7.79296875,21.703125,64.0,63.96821681185914,63.96821681185914,10.435915588510941
single-blocker,23,222,completed,64,7.79296875,38.953125,128.0,120.93811359426493,120.93811359426493,12.745810305280942
single-blocker,23,222,completed,96,7.79296875,56.203125,192.0,168.4190544210669,168.4190544210669,14.011830901938998
single-blocker,23,222,completed,128,7.79296875,73.453125,256.0,207.8604061387894,207.8604061387894,14.880873967254246
single-blocker,23,222,completed,160,7.79296875,90.703125,320.0,242.48734944291158,242.48734944291158,15.553794830138715
single-blocker,23,222,completed,192,7.79296875,107.953125,384.0,273.73790644675876,273.73790644675876,16.10381029630097
single-blocker,23,222,completed,224,7.79296875,125.203125,448.0,302.43407464551586,302.43407464551586,16.568793338438923
single-blocker,23,222,completed,256,7.79296875,142.453125,512.0,329.0700591678758,329.0700591678758,16.970123191645133
single-blocker,23,222,completed,288,7.79296875,159.703125,576.0,354.05223371654586,354.05223371654586,17.323794737055387
single-blocker,23,222,completed,320,7.79296875,176.953125,640.0,377.6751678935912,377.6751678935912,17.64056787677968
single-blocker,23,222,completed,352,7.79296875,194.203125,704.0,400.1261148140385,400.1261148140385,17.927057784468452
single-blocker,23,222,completed,384,7.79296875,211.453125,768.0,421.58069039573894,421.58069039573894,18.189018086945723
single-blocker,23,222,completed,416,7.79296875,228.703125,832.0,442.1450084430183,442.1450084430183,18.429906940320095
single-blocker,23,222,completed,448,7.79296875,245.953125,896.0,461.85662834241725,461.85662834241725,18.651261335179885
single-blocker,23,222,completed,480,7.79296875,263.203125,960.0,480.87617927201137,480.87617927201137,18.857569083433447
single-blocker,23,222,completed,512,7.79296875,280.453125,1024.0,499.2597396585276,499.2597396585276,19.050465280399024
single-blocker,23,222,plugin,32,4.15625,19.625,64.0,63.96821681185914,63.96821681185914,10.594862197457546
single-blocker,23,222,plugin,64,4.15625,36.875,128.0,121.22759708485825,121.22759708485825,12.773646933117572
single-blocker,23,222,plugin,96,4.15625,54.125,192.0,168.39363820724176,168.39363820724176,14.010499934769525
single-blocker,23,222,plugin,128,4.15625,71.375,256.0,207.87672855263057,207.87672855263057,14.8816183841277
single-blocker,23,222,plugin,160,4.15625,88.625,320.0,242.5221380700229,242.5221380700229,15.555219782830779
single-blocker,23,222,plugin,192,4.15625,105.875,384.0,273.7642312025026,273.7642312025026,16.104797571484994
single-blocker,23,222,plugin,224,4.15625,123.125,448.0,302.38550029443377,302.38550029443377,16.567102244514185
single-blocker,23,222,plugin,256,4.15625,140.375,512.0,329.0077432108087,329.0077432108087,16.968089167358333
single-blocker,23,222,plugin,288,4.15625,157.625,576.0,353.98116065905356,353.98116065905356,17.321603248989895
single-blocker,23,222,plugin,320,4.15625,174.875,640.0,377.60653466820537,377.60653466820537,17.638557310856086
single-blocker,23,222,plugin,352,4.15625,192.125,704.0,400.0597418211668,400.0597418211668,17.92520159017032
single-blocker,23,222,plugin,384,4.15625,209.375,768.0,421.5225467147448,421.5225467147448,18.187459858126047
single-blocker,23,222,plugin,416,4.15625,226.625,832.0,442.093525007171,442.093525007171,18.42858024803326
single-blocker,23,222,plugin,448,4.15625,243.875,896.0,461.79117867909946,461.79117867909946,18.64963378302042
single-blocker,23,222,plugin,480,4.15625,261.125,960.0,480.8040767319857,480.8040767319857,18.855834857493004
single-blocker,23,222,plugin,512,4.15625,278.375,1024.0,499.18241146455745,499.18241146455745,19.04866245091041
single-blocker,23,222,safe,32,15.6875,0.0,32.0,31.968216811859147,31.968216811859147,4.02724519543652
single-blocker,23,222,safe,64,31.375,0.0,64.0,57.42435623340214,57.42435623340214,4.7282659037057675
single-blocker,23,222,safe,96,47.0625,0.0,96.0,76.78319682780861,76.78319682780861,5.136346480888775
single-blocker,23,222,safe,128,62.75,0.0,128.0,93.03345515740088,93.03345515740088,5.425334592589174
single-blocker,23,222,safe,160,78.4375,0.0,160.0,107.31238195727079,107.31238195727079,5.649261224939744
single-blocker,23,222,safe,192,94.125,0.0,192.0,120.1978375468853,120.1978375468853,5.832104609707439
single-blocker,23,222,safe,224,109.8125,0.0,224.0,132.0310352083931,132.0310352083931,5.986627913082163
single-blocker,23,222,safe,256,125.5,0.0,256.0,143.03333360981438,143.03333360981438,6.120438712817281
single-blocker,23,222,safe,288,141.1875,0.0,288.0,153.35798108855585,153.35798108855585,6.238439029233648
single-blocker,23,222,safe,320,156.875,0.0,320.0,163.1162631808352,163.1162631808352,6.343973346894013
single-blocker,23,222,safe,352,172.5625,0.0,352.0,172.39200998111025,172.39200998111025,6.43942571339101
single-blocker,23,222,safe,384,188.25,0.0,384.0,181.25023096678382,181.25023096678382,6.5265555690159704
single-blocker,23,222,safe,416,203.9375,0.0,416.0,189.74254455085054,189.74254455085054,6.6066985205464555
single-blocker,23,222,safe,448,219.625,0.0,448.0,197.91074640079475,197.91074640079475,6.680892410683006
single-blocker,23,222,safe,480,235.3125,0.0,480.0,205.78924141297622,205.78924141297622,6.7499597404471405
single-blocker,23,222,safe,512,251.0,0.0,512.0,213.40675252840046,213.40675252840046,6.81456340954972
single-blocker,23,222,known,32,0.0,17.25,64.0,63.96821681185914,63.96821681185914,10.659536515227842
single-blocker,23,222,known,64,0.0,34.5,128.0,121.29725752745716,121.29725752745716,12.778717927032384
single-blocker,23,222,known,96,0.0,51.75,192.0,168.00974926006973,168.00974926006973,13.99031991356943
single-blocker,23,222,known,128,0.0,69.0,256.0,207.68581280883924,207.68581280883924,14.872898850373891
single-blocker,23,222,known,160,0.0,86.25,320.0,242.42542448406363,242.42542448406363,15.551256556744395
single-blocker,23,222,known,192,0.0,103.5,384.0,273.69106582364975,273.69106582364975,16.102052730195584
single-blocker,23,222,known,224,0.0,120.75,448.0,302.21159106998465,302.21159106998465,16.561039170984117
single-blocker,23,222,known,256,0.0,138.0,512.0,328.8278962261968,328.8278962261968,16.962210438279868
single-blocker,23,222,known,288,0.0,155.25,576.0,353.79907751623847,353.79907751623847,17.315980862646917
single-blocker,23,222,known,320,0.0,172.5,640.0,377.43794370720434,377.43794370720434,17.633612289725793
single-blocker,23,222,known,352,0.0,189.75,704.0,399.9022294852661,399.9022294852661,17.920791548038192
single-blocker,23,222,known,384,0.0,207.0,768.0,421.384607972325,421.384607972325,18.183759601913287
single-blocker,23,222,known,416,0.0,224.25,832.0,441.9714173061287,441.9714173061287,18.42543104333605
single-blocker,23,222,known,448,0.0,241.5,896.0,461.64954390453454,461.64954390453454,18.646108396762333
single-blocker,23,222,known,480,0.0,258.75,960.0,480.6545209047893,480.6545209047893,18.852234193346938
single-blocker,23,222,known,512,0.0,276.0,1024.0,499.0268266464044,499.0268266464044,19.04503153332855
single-blocker,23,222,product,32,0.0,17.25,64.0,63.96821681185914,63.96821681185914,10.659536515227842
single-blocker,23,222,product,64,0.0,34.5,128.0,121.29725752745716,121.29725752745716,12.778717927032384
single-blocker,23,222,product,96,0.0,51.75,192.0,168.00974926006973,168.00974926006973,13.99031991356943
single-blocker,23,222,product,128,0.0,69.0,256.0,207.68581280883924,207.68581280883924,14.872898850373891
single-blocker,23,222,product,160,0.0,86.25,320.0,242.42542448406363,242.42542448406363,15.551256556744395
single-blocker,23,222,product,192,0.0,103.5,384.0,273.69106582364975,273.69106582364975,16.102052730195584
single-blocker,23,222,product,224,0.0,120.75,448.0,302.21159106998465,302.21159106998465,16.561039170984117
single-blocker,23,222,product,256,0.0,138.0,512.0,328.8278962261968,328.8278962261968,16.962210438279868
single-blocker,23,222,product,288,0.0,155.25,576.0,353.79907751623847,353.79907751623847,17.315980862646917
single-blocker,23,222,product,320,0.0,172.5,640.0,377.43794370720434,377.43794370720434,17.633612289725793
single-blocker,23,222,product,352,0.0,189.75,704.0,399.9022294852661,399.9022294852661,17.920791548038192
single-blocker,23,222,product,384,0.0,207.0,768.0,421.384607972325,421.384607972325,18.183759601913287
single-blocker,23,222,product,416,0.0,224.25,832.0,441.9714173061287,441.9714173061287,18.42543104333605
single-blocker,23,222,product,448,0.0,241.5,896.0,461.64954390453454,461.64954390453454,18.646108396762333
single-blocker,23,222,product,480,0.0,258.75,960.0,480.6545209047893,480.6545209047893,18.852234193346938
single-blocker,23,222,product,512,0.0,276.0,1024.0,499.0268266464044,499.0268266464044,19.04503153332855
outcome-lag-64,25,222,prefix,32,9.625,24.75,64.0,64.0,64.0,35.3677998473205
outcome-lag-64,25,222,prefix,64,19.25,49.5,128.0,128.0,128.0,76.12844493604901
outcome-lag-64,25,222,prefix,96,22.859375,70.8125,191.8291467785788,191.87291428123234,191.82733414552754,106.68632964556367
outcome-lag-64,25,222,prefix,128,22.859375,90.0625,245.64677547218693,250.14488844874384,245.64496283913567,128.7336998989886
outcome-lag-64,25,222,prefix,160,22.859375,109.3125,291.09999245579695,299.6664845886527,291.0981798227457,145.26680057225892
outcome-lag-64,25,222,prefix,192,22.859375,128.5625,331.7764929550773,344.4767138954664,331.77468032202603,158.8933990787685
outcome-lag-64,25,222,prefix,224,22.859375,147.8125,365.9505490880696,383.59166573227606,365.9487364550183,169.79646733294996
outcome-lag-64,25,222,prefix,256,22.859375,167.0625,397.1573540963982,418.9964801197888,397.15554146334694,178.6383739645179
outcome-lag-64,25,222,prefix,288,22.859375,186.3125,425.8974575774145,451.316401609924,425.89564494436326,185.91904089052477
outcome-lag-64,25,222,prefix,320,22.859375,205.5625,452.4508057010612,482.3745535756063,452.44899306800994,193.45438859824827
outcome-lag-64,25,222,prefix,352,22.859375,224.8125,477.5248867017569,512.255669120032,477.5230740687056,200.90664818467775
outcome-lag-64,25,222,prefix,384,22.859375,244.0625,500.758291826303,539.5066151471315,500.7564791932517,207.00010193066922
outcome-lag-64,25,222,prefix,416,22.859375,263.3125,523.1764709142319,565.8550043745623,523.1746582811807,212.82362558129586
outcome-lag-64,25,222,prefix,448,22.859375,282.5625,544.3898914843571,591.3079391913074,544.3880788513059,218.69562067665194
outcome-lag-64,25,222,prefix,480,22.859375,301.8125,564.8886195849803,615.2380074459857,564.8868069519291,223.6413192709306
outcome-lag-64,25,222,prefix,512,22.859375,321.0625,584.5812605810693,638.0808366739922,584.579447948018,228.13689511092628
outcome-lag-64,25,222,intersection,32,9.625,24.75,64.0,64.0,64.0,35.3677998473205
outcome-lag-64,25,222,intersection,64,19.25,49.5,128.0,128.0,128.0,76.12844493604901
outcome-lag-64,25,222,intersection,96,22.859375,70.8125,191.8291467785788,191.87291428123234,191.82733414552754,106.68632964556367
outcome-lag-64,25,222,intersection,128,22.859375,90.0625,245.64677547218693,250.14488844874384,245.64496283913567,128.7336998989886
outcome-lag-64,25,222,intersection,160,22.859375,109.3125,291.09999245579695,299.6664845886527,291.0981798227457,145.26680057225892
outcome-lag-64,25,222,intersection,192,22.859375,128.5625,331.7764929550773,344.4767138954664,331.77468032202603,158.8933990787685
outcome-lag-64,25,222,intersection,224,22.859375,147.8125,365.9505490880696,383.59166573227606,365.9487364550183,169.79646733294996
outcome-lag-64,25,222,intersection,256,22.859375,167.0625,397.1573540963982,418.9964801197888,397.15554146334694,178.6383739645179
outcome-lag-64,25,222,intersection,288,22.859375,186.3125,425.8974575774145,451.316401609924,425.89564494436326,185.91904089052477
outcome-lag-64,25,222,intersection,320,22.859375,205.5625,452.4508057010612,482.3745535756063,452.44899306800994,193.45438859824827
outcome-lag-64,25,222,intersection,352,22.859375,224.8125,477.5248867017569,512.255669120032,477.5230740687056,200.90664818467775
outcome-lag-64,25,222,intersection,384,22.859375,244.0625,500.758291826303,539.5066151471315,500.7564791932517,207.00010193066922
outcome-lag-64,25,222,intersection,416,22.859375,263.3125,523.1764709142319,565.8550043745623,523.1746582811807,212.82362558129586
outcome-lag-64,25,222,intersection,448,22.859375,282.5625,544.3898914843571,591.3079391913074,544.3880788513059,218.69562067665194
outcome-lag-64,25,222,intersection,480,22.859375,301.8125,564.8886195849803,615.2380074459857,564.8868069519291,223.6413192709306
outcome-lag-64,25,222,intersection,512,22.859375,321.0625,584.5812605810693,638.0808366739922,584.579447948018,228.13689511092628
outcome-lag-64,25,222,completed,32,9.32421875,24.578125,64.0,64.0,64.0,35.3401678189838
outcome-lag-64,25,222,completed,64,9.92578125,44.171875,128.0,128.0,128.0,71.04562552424571
outcome-lag-64,25,222,completed,96,9.92578125,63.421875,191.8291467785788,191.87291428123234,191.82733414552754,102.12833035076251
outcome-lag-64,25,222,completed,128,9.92578125,82.671875,247.34358788670352,250.22323754541196,246.80704021799727,123.26224340481606
outcome-lag-64,25,222,completed,160,9.92578125,101.921875,292.6692029860609,299.62072100103563,291.9155786812755,138.70569505783888
outcome-lag-64,25,222,completed,192,9.92578125,121.171875,331.0103198125747,342.98706513924884,330.25669550778935,151.3906106300214
outcome-lag-64,25,222,completed,224,9.92578125,140.421875,364.89375098200003,382.11758887894837,364.14012667721465,162.24486615609845
outcome-lag-64,25,222,completed,256,9.92578125,159.671875,395.4492776905055,417.2134980748269,394.6956533857201,171.0842189605419
outcome-lag-64,25,222,completed,288,9.92578125,178.921875,423.5487071300031,449.1353373732897,422.7950828252177,178.3688731934398
outcome-lag-64,25,222,completed,320,9.92578125,198.171875,449.7022756854833,479.845250989844,448.9486513806979,185.77188665160298
outcome-lag-64,25,222,completed,352,9.92578125,217.421875,474.27054458212126,509.15292179691266,473.5169202773359,192.94642335156985
outcome-lag-64,25,222,completed,384,9.92578125,236.671875,497.56737149609836,536.5255793501627,496.813747191313,199.0986894283695
outcome-lag-64,25,222,completed,416,9.92578125,255.921875,519.629152767538,562.4842221824922,518.8755284627528,204.7933523688063
outcome-lag-64,25,222,completed,448,9.92578125,275.171875,540.7620966387841,587.8657414004794,540.0084723339988,210.61829135821534
outcome-lag-64,25,222,completed,480,9.92578125,294.421875,561.0058336339928,611.530821130072,560.2522093292075,215.4841710147203
outcome-lag-64,25,222,completed,512,9.92578125,313.671875,580.3958766189472,634.0371253486736,579.642252314162,219.8694590818754
outcome-lag-64,25,222,plugin,32,4.21875,11.0625,53.0,53.0,53.0,25.525426614905882
outcome-lag-64,25,222,plugin,64,11.7890625,15.28125,96.0,96.0,96.0,48.8965345329778
outcome-lag-64,25,222,plugin,96,13.22265625,32.265625,153.8291467785788,153.87291428123234,153.82733414552754,75.74294122681485
outcome-lag-64,25,222,plugin,128,15.166015625,44.8203125,200.38925686532332,202.30829813476336,199.94232260961837,94.66482592201406
outcome-lag-64,25,222,plugin,160,16.15234375,60.109375,242.35369323958957,246.6922559791364,241.71007270528855,110.42368324083631
outcome-lag-64,25,222,plugin,192,16.19140625,78.890625,285.60057515264293,293.59245136734876,284.9569546183419,124.5291017143006
outcome-lag-64,25,222,plugin,224,16.19140625,98.140625,326.7867090302324,338.34378147321667,326.14308849593135,138.58675951374477
outcome-lag-64,25,222,plugin,256,16.19140625,117.390625,361.9636058165942,378.12436375076356,361.3199852822932,149.66809545867895
outcome-lag-64,25,222,plugin,288,16.19140625,136.640625,393.13549827958786,413.2817574298723,392.49187774528684,158.40346755284526
outcome-lag-64,25,222,plugin,320,16.19140625,155.890625,421.6315697661649,446.5840410388965,420.98794923186387,166.8513743361499
outcome-lag-64,25,222,plugin,352,16.19140625,175.140625,447.8661074446869,477.7807557825837,447.2224869103859,174.72724334597513
outcome-lag-64,25,222,plugin,384,16.19140625,194.390625,472.9453965049569,507.22160714631315,472.30177597065585,181.67105929702927
outcome-lag-64,25,222,plugin,416,16.19140625,213.640625,496.12512785650574,534.5271746878113,495.4815073222047,187.8766143039476
outcome-lag-64,25,222,plugin,448,16.19140625,232.890625,518.3945671197316,561.3340253999719,517.7509465854306,194.22619968984887
outcome-lag-64,25,222,plugin,480,16.19140625,252.140625,539.476042148359,586.0053863955793,538.8324216140579,199.43803548080928
outcome-lag-64,25,222,plugin,512,16.19140625,271.390625,559.5218690232736,609.2593791996333,558.8782484889724,204.03551776326324
outcome-lag-64,25,222,safe,32,11.4375,0.0,32.0,32.0,32.0,16.251915403894664
outcome-lag-64,25,222,safe,64,22.875,0.0,64.0,64.0,64.0,34.990556472846755
outcome-lag-64,25,222,safe,96,34.3125,0.0,95.82914677857879,95.87291428123234,95.82733414552752,51.1049718047045
outcome-lag-64,25,222,safe,128,45.75,0.0,120.43983834179095,122.80400123388463,120.43802570873966,62.07478853946489
outcome-lag-64,25,222,safe,160,57.1875,0.0,139.32615450976311,144.0875480375359,139.32434187671183,69.3033351755968
outcome-lag-64,25,222,safe,192,68.625,0.0,155.20805227330186,162.4372622951347,155.20623964025057,74.95043722834883
outcome-lag-64,25,222,safe,224,80.0625,0.0,169.21363188742734,178.7605118559236,169.21181925437605,79.59501243100468
outcome-lag-64,25,222,safe,256,91.5,0.0,181.88538847864658,193.09187386872028,181.8835758455953,83.05788684211521
outcome-lag-64,25,222,safe,288,102.9375,0.0,193.52495024309565,206.33308291289288,193.52313761004436,86.09244872396295
outcome-lag-64,25,222,safe,320,114.375,0.0,204.35643182258127,219.2915010563672,204.35461918952998,89.39811909281829
outcome-lag-64,25,222,safe,352,125.8125,0.0,214.54684561208248,231.75982297046758,214.5450329790312,92.68614657314063
outcome-lag-64,25,222,safe,384,137.25,0.0,224.1842434127542,243.2682988455301,224.1824307797029,95.42353131815453
outcome-lag-64,25,222,safe,416,148.6875,0.0,233.3542709519259,254.1356393364154,233.35245831887462,97.87870117650367
outcome-lag-64,25,222,safe,448,160.125,0.0,242.11326627233083,264.8037861454576,242.11145363927955,100.45284002573806
outcome-lag-64,25,222,safe,480,171.5625,0.0,250.5171599503215,274.8680076577183,250.51534731727023,102.70763385558142
outcome-lag-64,25,222,safe,512,183.0,0.0,258.5970368676437,284.70055632101935,258.59522423459237,104.98727507256083
outcome-lag-64,25,222,known,32,0.0,19.25,64.0,64.0,64.0,30.30475320506838
outcome-lag-64,25,222,known,64,0.0,38.5,128.0,128.0,128.0,63.9731469482456
outcome-lag-64,25,222,known,96,0.0,57.75,191.8291467785788,191.79235901819956,191.74677888249477,93.61245233878863
outcome-lag-64,25,222,known,128,0.0,77.0,246.87743103937817,248.04222925015287,245.67312940845784,115.94667914737414
outcome-lag-64,25,222,known,160,0.0,96.25,292.48704790686884,296.8541716056015,291.2827462759485,132.0949219072893
outcome-lag-64,25,222,known,192,0.0,115.5,331.70218248596774,340.74701158497584,330.4978808550474,145.0155241511741
outcome-lag-64,25,222,known,224,0.0,134.75,366.6332281015252,380.8358304566225,365.4289264706049,156.3169362356852
outcome-lag-64,25,222,known,256,0.0,154.0,397.5208876375138,416.38287128661835,396.31658600659347,165.45951584499218
outcome-lag-64,25,222,known,288,0.0,173.25,425.7120248286524,448.4956235315922,424.50772319773205,172.93308080884375
outcome-lag-64,25,222,known,320,0.0,192.5,451.9529635131135,479.3228862504113,450.7486618821932,180.40178178257582
outcome-lag-64,25,222,known,352,0.0,211.75,476.459239821434,508.5422367273175,475.25493819051366,187.52397967364456
outcome-lag-64,25,222,known,384,0.0,231.0,499.9694373582509,536.1776293811698,498.7651357273306,193.79172675508275
outcome-lag-64,25,222,known,416,0.0,250.25,521.9569913354125,562.0599948319086,520.7526897044922,199.47519572999119
outcome-lag-64,25,222,known,448,0.0,269.5,543.1505731083286,587.5284700774546,541.9462714774083,205.32804002334012
outcome-lag-64,25,222,known,480,0.0,288.75,563.3322229593763,611.1365943115673,562.1279213284561,210.18549432768
outcome-lag-64,25,222,known,512,0.0,308.0,582.6146895946157,633.5216593323083,581.4103879636955,214.53251941897585
outcome-lag-64,25,222,product,32,9.625,24.75,64.0,64.0,64.0,35.3677998473205
outcome-lag-64,25,222,product,64,19.25,49.5,128.0,128.0,128.0,76.12844493604901
outcome-lag-64,25,222,product,96,28.875,74.25,191.82192085336914,191.87291428123234,191.82010822031788,111.39418233235025
outcome-lag-64,25,222,product,128,38.5,99.0,242.69736397895608,249.68323168813927,242.69555134590482,137.09446640900822
outcome-lag-64,25,222,product,160,48.125,123.75,282.4564057435168,296.42900978048175,282.45459311046557,153.95373972822358
outcome-lag-64,25,222,product,192,57.75,148.5,314.9744939507709,335.4591775373962,314.97268131771966,167.0780577987144
outcome-lag-64,25,222,product,224,67.375,173.25,343.62454482113543,370.8073013806532,343.62273218808417,178.68361210206845
outcome-lag-64,25,222,product,256,77.0,198.0,370.07466091268765,403.17070353394695,370.0728482796364,188.33944583287627
outcome-lag-64,25,222,product,288,86.625,222.75,394.3944338213073,432.73454821275845,394.39262118825604,196.60506773658008
outcome-lag-64,25,222,product,320,96.25,247.5,417.03814241610644,461.1931323039285,417.0363297830552,204.87799268198086
outcome-lag-64,25,222,product,352,105.875,272.25,439.73317799195195,489.2344689016754,439.7313653589007,212.48500502094132
outcome-lag-64,25,222,product,384,115.5,297.0,461.36817653670755,515.3657414592566,461.3663639036563,218.91297812400254
outcome-lag-64,25,222,product,416,125.125,321.75,482.0778444205773,540.1241617291107,482.07603178752606,224.65859944424835
outcome-lag-64,25,222,product,448,134.75,346.5,500.56659775468887,563.0179734902682,500.5647851216376,230.4547587725781
outcome-lag-64,25,222,product,480,144.375,371.25,521.2790778783291,587.4649111904582,521.2772652452778,235.72040742442573
outcome-lag-64,25,222,product,512,154.0,396.0,541.3920551299643,611.0575048927186,541.3902424969131,240.76397036985907
single-blocker,25,222,prefix,32,9.625,24.75,64.0,63.96821681185914,63.96821681185914,9.752035282021934
single-blocker,25,222,prefix,64,19.25,49.5,128.0,116.4029635135302,116.4029635135302,11.4578538307818
single-blocker,25,222,prefix,96,28.875,74.25,192.0,157.5096872336578,157.5096872336578,12.891569271189944
single-blocker,25,222,prefix,128,38.5,99.0,256.0,191.23788560354492,191.23788560354492,13.597959862961766
single-blocker,25,222,prefix,160,48.125,123.75,320.0,222.0173878758394,222.0173878758394,14.316714937886472
single-blocker,25,222,prefix,192,57.75,148.5,384.0,248.30364348612133,248.30364348612133,14.697120861744787
single-blocker,25,222,prefix,224,67.375,173.25,448.0,272.36563301393204,272.36563301393204,15.016540849652332
single-blocker,25,222,prefix,256,77.0,198.0,512.0,295.344395830207,295.344395830207,15.364658320364503
single-blocker,25,222,prefix,288,86.625,222.75,576.0,316.9528164808697,316.9528164808697,15.674856195919476
single-blocker,25,222,prefix,320,96.25,247.5,640.0,337.4184194985893,337.4184194985893,15.954800067869872
single-blocker,25,222,prefix,352,105.875,272.25,704.0,358.3307124679394,358.3307124679394,16.31838969346623
single-blocker,25,222,prefix,384,115.5,297.0,768.0,378.45263357573026,378.45263357573026,16.639392299118157
single-blocker,25,222,prefix,416,125.125,321.75,832.0,397.8801524261461,397.8801524261461,16.927300605722436
single-blocker,25,222,prefix,448,134.75,346.5,896.0,415.2083905185584,415.2083905185584,17.11788626530712
single-blocker,25,222,prefix,480,144.375,371.25,960.0,434.9428576847684,434.9428576847684,17.428071424907674
single-blocker,25,222,prefix,512,154.0,396.0,1024.0,453.9457730023675,453.9457730023675,17.702927559737443
single-blocker,25,222,intersection,32,4.8125,22.0,64.0,63.96821681185914,63.96821681185914,10.646931473211033
single-blocker,25,222,intersection,64,4.8125,41.25,128.0,121.04745485487555,121.04745485487555,12.757244816715456
single-blocker,25,222,intersection,96,4.8125,60.5,192.0,167.38490272941004,167.38490272941004,13.957160271426117
single-blocker,25,222,intersection,128,4.8125,79.75,256.0,207.08984996602044,207.08984996602044,14.845503404608909
single-blocker,25,222,intersection,160,4.8125,99.0,320.0,241.8635118905394,241.8635118905394,15.528117438236569
single-blocker,25,222,intersection,192,4.8125,118.25,384.0,273.18713627571486,273.18713627571486,16.083073256818377
single-blocker,25,222,intersection,224,4.8125,137.5,448.0,302.16277564810093,302.16277564810093,16.559334902196586
single-blocker,25,222,intersection,256,4.8125,156.75,512.0,328.8714999728405,328.8714999728405,16.963636883330718
single-blocker,25,222,intersection,288,4.8125,176.0,576.0,353.84188603983813,353.84188603983813,17.317303743587644
single-blocker,25,222,intersection,320,4.8125,195.25,640.0,377.4771040650468,377.4771040650468,17.634761715013163
single-blocker,25,222,intersection,352,4.8125,214.5,704.0,399.8636592302526,399.8636592302526,17.91971057319544
single-blocker,25,222,intersection,384,4.8125,233.75,768.0,421.41631147275274,421.41631147275274,18.184610502220742
single-blocker,25,222,intersection,416,4.8125,253.0,832.0,441.8762755937647,441.8762755937647,18.422974786975896
single-blocker,25,222,intersection,448,4.8125,272.25,896.0,461.68113565938705,461.68113565938705,18.646895131209224
single-blocker,25,222,intersection,480,4.8125,291.5,960.0,480.65452090478954,480.65452090478954,18.852234193346966
single-blocker,25,222,intersection,512,4.8125,310.75,1024.0,498.91737190095847,498.91737190095847,19.04247426480153
single-blocker,25,222,completed,32,4.2109375,21.65625,64.0,63.96821681185914,63.96821681185914,10.646931473211033
single-blocker,25,222,completed,64,4.2109375,40.90625,128.0,121.04745485487555,121.04745485487555,12.757244816715456
single-blocker,25,222,completed,96,4.2109375,60.15625,192.0,167.38490272941004,167.38490272941004,13.957160271426117
single-blocker,25,222,completed,128,4.2109375,79.40625,256.0,207.08984996602044,207.08984996602044,14.845503404608909
single-blocker,25,222,completed,160,4.2109375,98.65625,320.0,241.8635118905394,241.8635118905394,15.528117438236569
single-blocker,25,222,completed,192,4.2109375,117.90625,384.0,273.18713627571486,273.18713627571486,16.083073256818377
single-blocker,25,222,completed,224,4.2109375,137.15625,448.0,302.16277564810093,302.16277564810093,16.559334902196586
single-blocker,25,222,completed,256,4.2109375,156.40625,512.0,328.8714999728405,328.8714999728405,16.963636883330718
single-blocker,25,222,completed,288,4.2109375,175.65625,576.0,353.84188603983813,353.84188603983813,17.317303743587644
single-blocker,25,222,completed,320,4.2109375,194.90625,640.0,377.4771040650468,377.4771040650468,17.634761715013163
single-blocker,25,222,completed,352,4.2109375,214.15625,704.0,399.8636592302526,399.8636592302526,17.91971057319544
single-blocker,25,222,completed,384,4.2109375,233.40625,768.0,421.41631147275274,421.41631147275274,18.184610502220742
single-blocker,25,222,completed,416,4.2109375,252.65625,832.0,441.8762755937647,441.8762755937647,18.422974786975896
single-blocker,25,222,completed,448,4.2109375,271.90625,896.0,461.68113565938705,461.68113565938705,18.646895131209224
single-blocker,25,222,completed,480,4.2109375,291.15625,960.0,480.65452090478954,480.65452090478954,18.852234193346966
single-blocker,25,222,completed,512,4.2109375,310.40625,1024.0,498.91737190095847,498.91737190095847,19.04247426480153
single-blocker,25,222,plugin,32,1.24609375,19.421875,62.0,61.96821681185914,61.96821681185914,10.486675062954623
single-blocker,25,222,plugin,64,1.26953125,38.390625,126.0,118.53907305509676,118.53907305509676,12.60454859978583
single-blocker,25,222,plugin,96,1.26953125,57.640625,190.0,164.52227487158657,164.52227487158657,13.843726499641923
single-blocker,25,222,plugin,128,1.26953125,76.890625,254.0,204.87666030121628,204.87666030121628,14.773261987086013
single-blocker,25,222,plugin,160,1.26953125,96.140625,318.0,240.01648869506565,240.01648869506565,15.475894785446922
single-blocker,25,222,plugin,192,1.26953125,115.390625,382.0,271.57847546599845,271.57847546599845,16.04248197646417
single-blocker,25,222,plugin,224,1.26953125,134.640625,446.0,300.8241610459966,300.8241610459966,16.529908655022606
single-blocker,25,222,plugin,256,1.26953125,153.890625,510.0,327.66107614939824,327.66107614939824,16.939233027567234
single-blocker,25,222,plugin,288,1.26953125,173.140625,574.0,352.6975482007066,352.6975482007066,17.295474323078032
single-blocker,25,222,plugin,320,1.26953125,192.390625,638.0,376.40342026232327,376.40342026232327,17.615443350453027
single-blocker,25,222,plugin,352,1.26953125,211.640625,702.0,398.8246081679148,398.8246081679148,17.90168694127043
single-blocker,25,222,plugin,384,1.26953125,230.890625,766.0,420.4631506097315,420.4631506097315,18.169210222301498
single-blocker,25,222,plugin,416,1.26953125,250.140625,830.0,440.93723174969557,440.93723174969557,18.408132921052307
single-blocker,25,222,plugin,448,1.26953125,269.390625,894.0,460.79105427375106,460.79105427375106,18.633476577291415
single-blocker,25,222,plugin,480,1.26953125,288.640625,958.0,479.77638099670577,479.77638099670577,18.839252493983246
single-blocker,25,222,plugin,512,1.26953125,307.890625,1022.0,498.0375451794087,498.0375451794087,19.0295888777727
single-blocker,25,222,safe,32,11.4375,0.0,32.0,31.968216811859147,31.968216811859147,4.02724519543652
single-blocker,25,222,safe,64,22.875,0.0,64.0,57.42435623340214,57.42435623340214,4.7282659037057675
single-blocker,25,222,safe,96,34.3125,0.0,96.0,76.78319682780861,76.78319682780861,5.136346480888775
single-blocker,25,222,safe,128,45.75,0.0,128.0,93.03345515740088,93.03345515740088,5.425334592589174
single-blocker,25,222,safe,160,57.1875,0.0,160.0,107.31238195727079,107.31238195727079,5.649261224939744
single-blocker,25,222,safe,192,68.625,0.0,192.0,120.1978375468853,120.1978375468853,5.832104609707439
single-blocker,25,222,safe,224,80.0625,0.0,224.0,132.0310352083931,132.0310352083931,5.986627913082163
single-blocker,25,222,safe,256,91.5,0.0,256.0,143.03333360981438,143.03333360981438,6.120438712817281
single-blocker,25,222,safe,288,102.9375,0.0,288.0,153.35798108855585,153.35798108855585,6.238439029233648
single-blocker,25,222,safe,320,114.375,0.0,320.0,163.1162631808352,163.1162631808352,6.343973346894013
single-blocker,25,222,safe,352,125.8125,0.0,352.0,172.39200998111025,172.39200998111025,6.43942571339101
single-blocker,25,222,safe,384,137.25,0.0,384.0,181.25023096678382,181.25023096678382,6.5265555690159704
single-blocker,25,222,safe,416,148.6875,0.0,416.0,189.74254455085054,189.74254455085054,6.6066985205464555
single-blocker,25,222,safe,448,160.125,0.0,448.0,197.91074640079475,197.91074640079475,6.680892410683006
single-blocker,25,222,safe,480,171.5625,0.0,480.0,205.78924141297622,205.78924141297622,6.7499597404471405
single-blocker,25,222,safe,512,183.0,0.0,512.0,213.40675252840046,213.40675252840046,6.81456340954972
single-blocker,25,222,known,32,0.0,19.25,64.0,63.96821681185914,63.96821681185914,10.501572154167501
single-blocker,25,222,known,64,0.0,38.5,128.0,119.85735034754569,119.85735034754569,12.596099875231179
single-blocker,25,222,known,96,0.0,57.75,192.0,165.2085924709284,165.2085924709284,13.837944554097037
single-blocker,25,222,known,128,0.0,77.0,256.0,205.63350583511902,205.63350583511902,14.777401485871161
single-blocker,25,222,known,160,0.0,96.25,320.0,240.77872467988516,240.77872467988516,15.482893336322055
single-blocker,25,222,known,192,0.0,115.5,384.0,272.324290447517,272.324290447517,16.050270409817973
single-blocker,25,222,known,224,0.0,134.75,448.0,301.60107525523784,301.60107525523784,16.53964843040305
single-blocker,25,222,known,256,0.0,154.0,512.0,328.41453917030327,328.41453917030327,16.94865112477979
single-blocker,25,222,known,288,0.0,173.25,576.0,353.4089716022251,353.4089716022251,17.303896275579337
single-blocker,25,222,known,320,0.0,192.5,640.0,377.08692478791085,377.08692478791085,17.623287716177973
single-blocker,25,222,known,352,0.0,211.75,704.0,399.4694269077268,399.4694269077268,17.908637250156335
single-blocker,25,222,known,384,0.0,231.0,768.0,421.10466999008366,421.10466999008366,18.176234760098968
single-blocker,25,222,known,416,0.0,250.25,832.0,441.5416499584179,441.5416499584179,18.414318252602985
single-blocker,25,222,known,448,0.0,269.5,896.0,461.38240949343856,461.38240949343856,18.6394468354264
single-blocker,25,222,known,480,0.0,288.75,960.0,480.3382363254693,480.3382363254693,18.844603737684423
single-blocker,25,222,known,512,0.0,308.0,1024.0,498.56591929753705,498.56591929753705,19.034246780307193
single-blocker,25,222,product,32,9.625,24.75,64.0,63.96821681185914,63.96821681185914,9.752035282021934
single-blocker,25,222,product,64,19.25,49.5,128.0,116.4029635135302,116.4029635135302,11.4578538307818
single-blocker,25,222,product,96,28.875,74.25,192.0,157.5096872336578,157.5096872336578,12.891569271189944
single-blocker,25,222,product,128,38.5,99.0,256.0,191.23788560354492,191.23788560354492,13.597959862961766
single-blocker,25,222,product,160,48.125,123.75,320.0,222.0173878758394,222.0173878758394,14.316714937886472
single-blocker,25,222,product,192,57.75,148.5,384.0,248.30364348612133,248.30364348612133,14.697120861744787
single-blocker,25,222,product,224,67.375,173.25,448.0,272.36563301393204,272.36563301393204,15.016540849652332
single-blocker,25,222,product,256,77.0,198.0,512.0,295.344395830207,295.344395830207,15.364658320364503
single-blocker,25,222,product,288,86.625,222.75,576.0,316.9528164808697,316.9528164808697,15.674856195919476
single-blocker,25,222,product,320,96.25,247.5,640.0,337.4184194985893,337.4184194985893,15.954800067869872
single-blocker,25,222,product,352,105.875,272.25,704.0,358.3307124679394,358.3307124679394,16.31838969346623
single-blocker,25,222,product,384,115.5,297.0,768.0,378.45263357573026,378.45263357573026,16.639392299118157
single-blocker,25,222,product,416,125.125,321.75,832.0,397.8801524261461,397.8801524261461,16.927300605722436
single-blocker,25,222,product,448,134.75,346.5,896.0,415.2083905185584,415.2083905185584,17.11788626530712
single-blocker,25,222,product,480,144.375,371.25,960.0,434.9428576847684,434.9428576847684,17.428071424907674
single-blocker,25,222,product,512,154.0,396.0,1024.0,453.9457730023675,453.9457730023675,17.702927559737443
