scenario,truth,seed,algorithm,episode,pseudo_regret,expected_waste,prefix_exposure,completion_exposure,intersection_exposure,unresolved_mass_exposure
outcome-lag-64,1,333,prefix,32,0.1875,24.75,64.0,64.0,64.0,24.248631257072898
outcome-lag-64,1,333,prefix,64,0.375,49.5,128.0,128.0,128.0,58.277397625427525
outcome-lag-64,1,333,prefix,96,0.5625,74.25,191.85451036490912,190.95555495595104,190.95555495595104,82.98601740439997
outcome-lag-64,1,333,prefix,128,0.75,99.0,248.02538439426357,242.31050975863306,242.29220801624595,96.07597541553547
outcome-lag-64,1,333,prefix,160,0.9375,123.75,292.87383377483985,286.13717699789083,284.51371537308677,105.93064580346514
outcome-lag-64,1,333,prefix,192,1.125,148.5,330.78666237787246,325.02735753751494,320.94498021675224,114.17490614928907
outcome-lag-64,1,333,prefix,224,1.201171875,172.2109375,364.3295489359372,360.69411738076064,353.8042255135658,121.62194509712799
outcome-lag-64,1,333,prefix,256,1.201171875,195.2109375,393.9832176020909,392.93066896286666,383.2677444307799,128.13323242852357
outcome-lag-64,1,333,prefix,288,1.201171875,218.2109375,419.82597138151726,420.82444272709415,408.9899749148079,133.1999841199
outcome-lag-64,1,333,prefix,320,1.201171875,241.2109375,444.5359880444356,447.80500409621084,433.69088682368874,137.9815614034528
outcome-lag-64,1,333,prefix,352,1.201171875,264.2109375,468.7096511861347,474.61942315866906,457.8645499653878,142.87937447851712
outcome-lag-64,1,333,prefix,384,1.201171875,287.2109375,492.12340311837903,500.53199348112423,481.27830189763216,147.40751801182378
outcome-lag-64,1,333,prefix,416,1.201171875,310.2109375,513.6266492791465,524.7447119743604,502.77234501042284,151.8104280537948
outcome-lag-64,1,333,prefix,448,1.201171875,333.2109375,534.4896585287574,548.7582042428766,523.6172123424507,156.4732747120057
outcome-lag-64,1,333,prefix,480,1.201171875,356.2109375,554.4963710098651,571.1265816701908,543.6202658074862,160.19648948999182
outcome-lag-64,1,333,prefix,512,1.201171875,379.2109375,573.7174216059907,592.2293557685912,562.8371902641015,163.24041576898756
outcome-lag-64,1,333,intersection,32,0.1875,24.75,64.0,64.0,64.0,24.248631257072898
outcome-lag-64,1,333,intersection,64,0.375,49.5,128.0,128.0,128.0,58.277397625427525
outcome-lag-64,1,333,intersection,96,1.109375,74.5625,191.85451036490912,191.06111235119457,191.06111235119457,83.64051325340854
outcome-lag-64,1,333,intersection,128,1.296875,99.3125,248.02538439426357,242.4622866052012,242.4439848628141,96.61527966402322
outcome-lag-64,1,333,intersection,160,1.431640625,123.5703125,292.915456911259,286.23761122419586,284.6141495993917,106.43657248041724
outcome-lag-64,1,333,intersection,192,1.431640625,146.5703125,329.55034038321065,323.9603398035385,319.84995745007006,114.55694207822687
outcome-lag-64,1,333,intersection,224,1.431640625,169.5703125,363.0761656408041,359.6702815238723,352.7280673068108,121.98133794527271
outcome-lag-64,1,333,intersection,256,1.431640625,192.5703125,392.79583220353976,391.97470156388596,382.2465242864025,128.48631729477017
outcome-lag-64,1,333,intersection,288,1.431640625,215.5703125,418.7367686434054,419.93485652431553,408.0392393555772,133.5567546911498
outcome-lag-64,1,333,intersection,320,1.431640625,238.5703125,443.484001797953,446.9344950573102,432.77107378034617,138.33252749324998
outcome-lag-64,1,333,intersection,352,1.431640625,261.5703125,467.6987240566528,473.78371233477884,456.98579603904597,143.23194180422914
outcome-lag-64,1,333,intersection,384,1.431640625,284.5703125,491.1322553356773,499.71052222655356,480.4193273180705,147.7571473233986
outcome-lag-64,1,333,intersection,416,1.431640625,307.5703125,512.6321448567993,523.9102368106098,501.9077012973201,152.14608750720578
outcome-lag-64,1,333,intersection,448,1.431640625,330.5703125,533.5154851494287,547.9309326787965,522.7703447804611,156.79626362998133
outcome-lag-64,1,333,intersection,480,1.431640625,353.5703125,553.5485529517229,570.3203471613377,542.7988060486216,160.51650470378988
outcome-lag-64,1,333,intersection,512,1.431640625,376.5703125,572.7891377386649,591.4406671891347,562.0344192471606,163.56180544937797
outcome-lag-64,1,333,completed,32,0.1875,24.75,64.0,64.0,64.0,24.248631257072898
outcome-lag-64,1,333,completed,64,0.375,49.5,128.0,128.0,128.0,58.277397625427525
outcome-lag-64,1,333,completed,96,0.533203125,73.9765625,190.85451036490912,190.04181356693184,190.04181356693184,82.79786032338578
outcome-lag-64,1,333,completed,128,0.580078125,97.4140625,244.02538439426357,239.20681152434142,239.1885097819543,95.50528704913295
outcome-lag-64,1,333,completed,160,0.580078125,120.4140625,287.2454235648195,282.0593849862358,280.4359233614318,105.27786435749383
outcome-lag-64,1,333,completed,192,0.580078125,143.4140625,324.1256658663253,320.1785604540872,316.09618313332464,113.49419039573179
outcome-lag-64,1,333,completed,224,0.580078125,166.4140625,358.0372815942598,356.2204325104621,349.33054064326757,121.00097292610715
outcome-lag-64,1,333,completed,256,0.580078125,189.4140625,388.0475851162744,388.7785737056421,379.11564917355554,127.56699605798548
outcome-lag-64,1,333,completed,288,0.580078125,212.4140625,414.1960753118206,416.9288958207055,405.0970107148509,132.68301981184666
outcome-lag-64,1,333,completed,320,0.580078125,235.4140625,439.1211546020517,444.1014804785589,430.0014706371965,137.50060567878364
outcome-lag-64,1,333,completed,352,0.580078125,258.4140625,463.49581539651365,471.10879534043437,454.37613143165845,142.43804995371897
outcome-lag-64,1,333,completed,384,0.580078125,281.4140625,487.0716060126866,497.1748755913123,477.9519220478314,146.9936518376924
outcome-lag-64,1,333,completed,416,0.580078125,304.4140625,508.6872806522549,521.4919818643632,499.5541990377741,151.4091491654084
outcome-lag-64,1,333,completed,448,0.580078125,327.4140625,529.6731161979535,545.6207925464498,520.5176898593306,156.08522252349908
outcome-lag-64,1,333,completed,480,0.580078125,350.4140625,549.7965257150431,568.0995626975417,540.6358705252175,159.82144436285674
outcome-lag-64,1,333,completed,512,0.580078125,373.4140625,569.1166627126803,589.2967968726797,559.9504989043636,162.8769578806774
outcome-lag-64,1,333,plugin,32,1.513671875,13.7109375,48.0,48.0,48.0,18.874259795201432
outcome-lag-64,1,333,plugin,64,2.388671875,26.2109375,92.0,92.0,92.0,41.99989655269
outcome-lag-64,1,333,plugin,96,2.962890625,42.3203125,144.85451036490912,144.35612166621618,144.35612166621618,61.67372951954466
outcome-lag-64,1,333,plugin,128,3.837890625,54.8203125,186.51154810432757,183.89936378014653,183.88106203775948,72.45464318597664
outcome-lag-64,1,333,plugin,160,4.384765625,71.2578125,222.35799988580482,219.60608266077193,217.98262103596787,80.59807974750422
outcome-lag-64,1,333,plugin,192,5.259765625,83.7578125,250.07326517271616,248.18718803317896,244.208341304521,87.0969040732203
outcome-lag-64,1,333,plugin,224,5.888671875,99.2109375,278.9284780352771,278.62059544191163,272.21939980592384,92.84199831561591
outcome-lag-64,1,333,plugin,256,6.763671875,111.7109375,301.6865035039373,303.49620356198545,294.67654826775725,98.00541184462831
outcome-lag-64,1,333,plugin,288,7.419921875,126.8359375,325.305869193389,328.56746689079665,318.06902898359004,102.26289152051983
outcome-lag-64,1,333,plugin,320,8.185546875,140.6484375,344.42833628902,349.3013973577429,337.1526468967233,105.97002725115621
outcome-lag-64,1,333,plugin,352,8.923828125,154.7890625,364.30225254313626,371.3057494854734,357.02656315083954,109.91577726259351
outcome-lag-64,1,333,plugin,384,9.716796875,168.2734375,382.78978468331474,391.83502100711246,375.514095291018,113.50515609779166
outcome-lag-64,1,333,plugin,416,10.509765625,181.7578125,400.2052502911472,411.2526530284326,392.90958754486115,116.69787840772555
outcome-lag-64,1,333,plugin,448,11.384765625,194.2578125,415.168037150671,428.47869276630803,407.84462867177496,120.02178048787533
outcome-lag-64,1,333,plugin,480,12.232421875,207.0859375,430.906672613463,446.2084937508067,423.57577765308133,123.0005907216545
outcome-lag-64,1,333,plugin,512,13.107421875,219.5859375,444.7402152642802,461.7923115613867,437.4019761984792,125.63325810445312
outcome-lag-64,1,333,safe,32,3.0,0.0,32.0,32.0,32.0,14.90117177211341
outcome-lag-64,1,333,safe,64,6.0,0.0,64.0,64.0,64.0,34.387138311768474
outcome-lag-64,1,333,safe,96,9.0,0.0,95.8545103649091,95.35612166621617,95.35612166621617,49.36735646492209
outcome-lag-64,1,333,safe,128,12.0,0.0,120.51154810432764,119.27250209950822,119.25420035712112,57.32246668032224
outcome-lag-64,1,333,safe,160,15.0,0.0,139.3229316874517,139.68904556504933,138.06558394024518,63.68400997834405
outcome-lag-64,1,333,safe,192,18.0,0.0,155.1677603706808,157.88925935213234,153.9104126234743,69.18161156058015
outcome-lag-64,1,333,safe,224,21.0,0.0,169.18810742117546,174.33195530995692,167.93075967396894,73.9456331602716
outcome-lag-64,1,333,safe,256,24.0,0.0,181.84849891872176,189.41080646574352,180.59115117151524,78.155996714372
outcome-lag-64,1,333,safe,288,27.0,0.0,193.49972530100618,202.74081546100618,192.24237755379966,81.27935854730968
outcome-lag-64,1,333,safe,320,30.0,0.0,204.34230821758823,215.21808987947284,203.0849604703817,84.10388519115725
outcome-lag-64,1,333,safe,352,33.0,0.0,214.5257214799385,227.31267508466175,213.268373732732,87.01817596256812
outcome-lag-64,1,333,safe,384,36.0,0.0,224.16754584657372,238.88039891946005,222.9101980993672,89.81480866731789
outcome-lag-64,1,333,safe,416,39.0,0.0,233.32833844994389,250.06222869361682,232.07099070273736,92.58446780893847
outcome-lag-64,1,333,safe,448,42.0,0.0,242.0916405991663,261.093354102638,240.8342928519598,95.52158525815177
outcome-lag-64,1,333,safe,480,45.0,0.0,250.49810994760307,271.4744263780383,249.24076220039655,98.09322985113474
outcome-lag-64,1,333,safe,512,48.0,0.0,258.58485131633256,281.2728939082713,257.3275035691259,100.33878993504612
outcome-lag-64,1,333,known,32,0.0,23.0,63.0,63.0,63.0,24.252040347981985
outcome-lag-64,1,333,known,64,0.0,46.0,126.0,126.0,126.0,58.164454533196775
outcome-lag-64,1,333,known,96,0.0,69.0,186.85451036490912,186.31706174977936,186.31706174977936,82.56060927457611
outcome-lag-64,1,333,known,128,0.0,92.0,240.02538439426357,236.11294156735013,236.09463982496302,95.45400455713835
outcome-lag-64,1,333,known,160,0.0,115.0,283.71723079632653,279.3089243125907,277.6854626877865,105.30458272118335
outcome-lag-64,1,333,known,192,0.0,138.0,321.00029408721707,317.6817552886841,313.5993779679212,113.56441644087309
outcome-lag-64,1,333,known,224,0.0,161.0,355.1945787850179,353.92868740769535,347.0387955405005,121.10462463083199
outcome-lag-64,1,333,known,256,0.0,184.0,385.41404722284346,386.66047742461956,376.9975528925326,127.70080036172097
outcome-lag-64,1,333,known,288,0.0,207.0,411.7286634016721,414.94807125956004,403.11703417950764,132.84364341668712
outcome-lag-64,1,333,known,320,0.0,230.0,436.76919880461696,442.2226799129399,428.1289972064329,137.68065761277498
outcome-lag-64,1,333,known,352,0.0,253.0,461.25082669438166,469.33194338048764,452.6106250961976,142.6393363262547
outcome-lag-64,1,333,known,384,0.0,276.0,484.9123129625585,495.478730148298,476.27211136437444,147.20956162504885
outcome-lag-64,1,333,known,416,0.0,299.0,506.5871149840281,519.8504752427732,497.9304079565714,151.631733491849
outcome-lag-64,1,333,known,448,0.0,322.0,527.6372923407765,544.0394583672041,518.9556859422563,156.3147923771933
outcome-lag-64,1,333,known,480,0.0,345.0,547.8216243130036,566.5756611648982,539.133724011003,160.0578574158995
outcome-lag-64,1,333,known,512,0.0,368.0,567.1933413716431,587.8219133894984,558.4991555264979,163.119446435904
outcome-lag-64,1,333,product,32,4.375,25.5,63.0,63.0,63.0,27.712574193066292
outcome-lag-64,1,333,product,64,8.75,51.0,126.0,126.0,126.0,64.31809562254351
outcome-lag-64,1,333,product,96,13.125,76.5,186.76630609912306,186.0031033607333,186.0031033607333,93.0506950758108
outcome-lag-64,1,333,product,128,17.5,102.0,233.9248302465583,232.5511562765543,232.20765056704116,108.73445802279517
outcome-lag-64,1,333,product,160,21.875,127.5,270.6855772752951,271.86327410212726,268.96839759577796,120.3812924248414
outcome-lag-64,1,333,product,192,26.25,153.0,301.87311123516815,307.0002451067817,300.155931555651,130.51522851528946
outcome-lag-64,1,333,product,224,30.625,178.5,330.3566239482084,340.0214378592748,328.63944426869125,139.82484952163992
outcome-lag-64,1,333,product,256,35.0,204.0,355.6844515747881,369.7866326503826,353.967271895271,147.90643291062116
outcome-lag-64,1,333,product,288,39.375,229.5,377.8360146578203,395.81611416417286,376.11883497830314,154.54159514300014
outcome-lag-64,1,333,product,320,43.75,255.0,398.7656139836045,420.6055509659495,397.0484343040874,160.6512413863635
outcome-lag-64,1,333,product,352,48.125,280.5,419.09857281488956,444.57434752939133,417.38139313537243,166.26133707906465
outcome-lag-64,1,333,product,384,52.5,306.0,438.683046698224,467.66513211470306,436.9658670187069,171.5477908631289
outcome-lag-64,1,333,product,416,56.875,331.5,456.7072651735736,489.157977064989,454.9900854940565,176.5155322158535
outcome-lag-64,1,333,product,448,61.25,357.0,474.2103318786452,510.42125259034947,472.4931521991281,181.62100687124044
outcome-lag-64,1,333,product,480,65.625,382.5,491.0036100419253,530.5250822724355,489.28643036240817,186.14173148506785
outcome-lag-64,1,333,product,512,70.0,408.0,507.1195873980749,549.546831087947,505.40240771855775,190.09778348946057
single-blocker,1,333,prefix,32,0.1875,24.75,64.0,63.96821681185914,63.96821681185914,10.659536515227838
single-blocker,1,333,prefix,64,0.375,49.5,128.0,121.29725752745718,121.29725752745718,12.778717927032377
single-blocker,1,333,prefix,96,0.5625,74.25,192.0,168.39363820724176,168.39363820724176,14.01049993476952
single-blocker,1,333,prefix,128,0.75,99.0,256.0,207.6858128088393,207.6858128088393,14.872898850373884
single-blocker,1,333,prefix,160,0.9375,123.75,320.0,242.33234783574648,242.33234783574648,15.54743702595298
single-blocker,1,333,prefix,192,1.125,148.5,384.0,273.526707812532,273.526707812532,16.09587680893818
single-blocker,1,333,prefix,224,1.3125,173.25,448.0,302.2115910699847,302.2115910699847,16.561039170984113
single-blocker,1,333,prefix,256,1.5,198.0,512.0,328.780455856466,328.780455856466,16.9606576432488
single-blocker,1,333,prefix,288,1.6875,222.75,576.0,353.59564124046705,353.59564124046705,17.309685503202246
single-blocker,1,333,prefix,320,1.875,247.5,640.0,377.20102139460084,377.20102139460084,17.626647920159872
single-blocker,1,333,prefix,352,2.0625,272.25,704.0,399.6352014416123,399.6352014416123,17.913299031114814
single-blocker,1,333,prefix,384,2.25,297.0,768.0,421.15090577172356,421.15090577172356,18.17747902266602
single-blocker,1,333,prefix,416,2.4375,321.75,832.0,441.8036869881902,441.8036869881902,18.421099295712693
single-blocker,1,333,prefix,448,2.625,346.5,896.0,461.5814465368098,461.5814465368098,18.64441178664723
single-blocker,1,333,prefix,480,2.8125,371.25,960.0,480.62018433384173,480.62018433384173,18.851406845086114
single-blocker,1,333,prefix,512,3.0,396.0,1024.0,499.0606222837027,499.0606222837027,19.045820640554265
single-blocker,1,333,intersection,32,0.1875,24.75,64.0,63.96821681185914,63.96821681185914,10.659536515227838
single-blocker,1,333,intersection,64,0.375,49.5,128.0,121.29725752745718,121.29725752745718,12.778717927032377
single-blocker,1,333,intersection,96,0.5625,74.25,192.0,168.39363820724176,168.39363820724176,14.01049993476952
single-blocker,1,333,intersection,128,0.75,99.0,256.0,207.6858128088393,207.6858128088393,14.872898850373884
single-blocker,1,333,intersection,160,0.931640625,123.6953125,320.0,242.33234783574648,242.33234783574648,15.54743702595298
single-blocker,1,333,intersection,192,0.931640625,146.6953125,382.0,272.47463877621396,272.47463877621396,16.07655268645872
single-blocker,1,333,intersection,224,0.931640625,169.6953125,446.0,301.2378681430656,301.2378681430656,16.54444137484086
single-blocker,1,333,intersection,256,0.931640625,192.6953125,509.0,327.422126303429,327.422126303429,16.939074164690048
single-blocker,1,333,intersection,288,0.931640625,215.6953125,569.0,350.62566235592584,350.62566235592584,17.265374604912818
single-blocker,1,333,intersection,320,0.931640625,238.6953125,630.0,373.16651360786506,373.16651360786506,17.5693257961393
single-blocker,1,333,intersection,352,0.931640625,261.6953125,693.0,395.40712936409943,395.40712936409943,17.855991815580435
single-blocker,1,333,intersection,384,0.931640625,284.6953125,757.0,417.09092799691587,417.09092799691587,18.124582178549886
single-blocker,1,333,intersection,416,0.931640625,307.6953125,819.0,437.16113313545696,437.16113313545696,18.362524094107034
single-blocker,1,333,intersection,448,0.931640625,330.6953125,882.0,456.75995715598077,456.75995715598077,18.585694799083456
single-blocker,1,333,intersection,480,0.931640625,353.6953125,945.0,475.6361101941876,475.6361101941876,18.79279639727487
single-blocker,1,333,intersection,512,0.931640625,376.6953125,1008.0,493.9096038021147,493.9096038021147,18.987088232896298
single-blocker,1,333,completed,32,0.1875,24.75,64.0,63.96821681185914,63.96821681185914,10.659536515227838
single-blocker,1,333,completed,64,0.375,49.5,128.0,121.29725752745718,121.29725752745718,12.778717927032377
single-blocker,1,333,completed,96,0.5625,74.25,192.0,168.39363820724176,168.39363820724176,14.01049993476952
single-blocker,1,333,completed,128,0.75,99.0,256.0,207.6858128088393,207.6858128088393,14.872898850373884
single-blocker,1,333,completed,160,0.890625,123.3125,320.0,242.33234783574648,242.33234783574648,15.54743702595298
single-blocker,1,333,completed,192,0.890625,146.3125,382.0,272.47463877621396,272.47463877621396,16.07655268645872
single-blocker,1,333,completed,224,0.890625,169.3125,446.0,301.2378681430656,301.2378681430656,16.54444137484086
single-blocker,1,333,completed,256,0.890625,192.3125,509.0,327.422126303429,327.422126303429,16.939074164690048
single-blocker,1,333,completed,288,0.890625,215.3125,569.0,350.62566235592584,350.62566235592584,17.265374604912818
single-blocker,1,333,completed,320,0.890625,238.3125,630.0,373.16651360786506,373.16651360786506,17.5693257961393
single-blocker,1,333,completed,352,0.890625,261.3125,693.0,395.40712936409943,395.40712936409943,17.855991815580435
single-blocker,1,333,completed,384,0.890625,284.3125,757.0,417.09092799691587,417.09092799691587,18.124582178549886
single-blocker,1,333,completed,416,0.890625,307.3125,819.0,437.16113313545696,437.16113313545696,18.362524094107034
single-blocker,1,333,completed,448,0.890625,330.3125,882.0,456.75995715598077,456.75995715598077,18.585694799083456
single-blocker,1,333,completed,480,0.890625,353.3125,945.0,475.6361101941876,475.6361101941876,18.79279639727487
single-blocker,1,333,completed,512,0.890625,376.3125,1008.0,493.9096038021147,493.9096038021147,18.987088232896298
single-blocker,1,333,plugin,32,0.966796875,14.8046875,51.0,50.96821681185914,50.96821681185914,8.845474188665511
single-blocker,1,333,plugin,64,1.859375,27.46875,95.0,88.42435623340214,88.42435623340214,10.119722656957848
single-blocker,1,333,plugin,96,2.734375,39.96875,144.0,123.2161909419521,123.2161909419521,11.009072374217872
single-blocker,1,333,plugin,128,3.609375,52.46875,193.0,152.09679443158083,152.09679443158083,11.621598448163857
single-blocker,1,333,plugin,160,4.484375,64.96875,240.0,176.0942749814454,176.0942749814454,12.06377475022963
single-blocker,1,333,plugin,192,5.359375,77.46875,288.0,198.32357183703394,198.32357183703394,12.436533788762352
single-blocker,1,333,plugin,224,6.234375,89.96875,337.0,219.21958084742508,219.21958084742508,12.75977160223523
single-blocker,1,333,plugin,256,7.109375,102.46875,387.0,239.06678876721526,239.06678876721526,13.045773305406454
single-blocker,1,333,plugin,288,7.984375,114.96875,436.0,257.178217654174,257.178217654174,13.288936197177067
single-blocker,1,333,plugin,320,8.859375,127.46875,483.0,273.42864513810605,273.42864513810605,13.493234571833765
single-blocker,1,333,plugin,352,9.734375,139.96875,532.0,289.69793954617415,289.69793954617415,13.689963592175477
single-blocker,1,333,plugin,384,10.609375,152.46875,580.0,304.8323987091454,304.8323987091454,13.86386851205675
single-blocker,1,333,plugin,416,11.484375,164.96875,625.0,318.231828694125,318.231828694125,14.009361206034704
single-blocker,1,333,plugin,448,12.359375,177.46875,673.0,332.22843187719207,332.22843187719207,14.158531514327931
single-blocker,1,333,plugin,480,13.234375,189.96875,722.0,346.0705083667003,346.0705083667003,14.301545448182182
single-blocker,1,333,plugin,512,14.109375,202.46875,770.0,359.1071922530922,359.1071922530922,14.431080553739557
single-blocker,1,333,safe,32,3.0,0.0,32.0,31.968216811859147,31.968216811859147,4.02724519543652
single-blocker,1,333,safe,64,6.0,0.0,64.0,57.42435623340214,57.42435623340214,4.7282659037057675
single-blocker,1,333,safe,96,9.0,0.0,96.0,76.78319682780861,76.78319682780861,5.136346480888775
single-blocker,1,333,safe,128,12.0,0.0,128.0,93.03345515740088,93.03345515740088,5.425334592589174
single-blocker,1,333,safe,160,15.0,0.0,160.0,107.31238195727079,107.31238195727079,5.649261224939744
single-blocker,1,333,safe,192,18.0,0.0,192.0,120.1978375468853,120.1978375468853,5.832104609707439
single-blocker,1,333,safe,224,21.0,0.0,224.0,132.0310352083931,132.0310352083931,5.986627913082163
single-blocker,1,333,safe,256,24.0,0.0,256.0,143.03333360981438,143.03333360981438,6.120438712817281
single-blocker,1,333,safe,288,27.0,0.0,288.0,153.35798108855585,153.35798108855585,6.238439029233648
single-blocker,1,333,safe,320,30.0,0.0,320.0,163.1162631808352,163.1162631808352,6.343973346894013
single-blocker,1,333,safe,352,33.0,0.0,352.0,172.39200998111025,172.39200998111025,6.43942571339101
single-blocker,1,333,safe,384,36.0,0.0,384.0,181.25023096678382,181.25023096678382,6.5265555690159704
single-blocker,1,333,safe,416,39.0,0.0,416.0,189.74254455085054,189.74254455085054,6.6066985205464555
single-blocker,1,333,safe,448,42.0,0.0,448.0,197.91074640079475,197.91074640079475,6.680892410683006
single-blocker,1,333,safe,480,45.0,0.0,480.0,205.78924141297622,205.78924141297622,6.7499597404471405
single-blocker,1,333,safe,512,48.0,0.0,512.0,213.40675252840046,213.40675252840046,6.81456340954972
single-blocker,1,333,known,32,0.0,23.0,63.0,62.96821681185914,62.96821681185914,10.597036515227835
single-blocker,1,333,known,64,0.0,46.0,126.0,119.29725752745718,119.29725752745718,12.708520882697394
single-blocker,1,333,known,96,0.0,69.0,187.0,164.45451802939155,164.45451802939155,13.90402048976919
single-blocker,1,333,known,128,0.0,92.0,248.0,202.36837263167382,202.36837263167382,14.750611662596206
single-blocker,1,333,known,160,0.0,115.0,310.0,236.38775045407195,236.38775045407195,15.424584903798843
single-blocker,1,333,known,192,0.0,138.0,372.0,267.05006224288314,267.05006224288314,15.973899436206379
single-blocker,1,333,known,224,0.0,161.0,436.0,296.239936845703,296.239936845703,16.45705010997386
single-blocker,1,333,known,256,0.0,184.0,499.0,322.78206799319906,322.78206799319906,16.8635669714347
single-blocker,1,333,known,288,0.0,207.0,559.0,346.26171206782016,346.26171206782016,17.198460266081707
single-blocker,1,333,known,320,0.0,230.0,620.0,369.00936323812493,369.00936323812493,17.508516979094182
single-blocker,1,333,known,352,0.0,253.0,683.0,391.4523126055552,391.4523126055552,17.80088159245647
single-blocker,1,333,known,384,0.0,276.0,747.0,413.30193103615625,413.30193103615625,18.073938554041575
single-blocker,1,333,known,416,0.0,299.0,809.0,433.4925750177332,433.4925750177332,18.31500930794309
single-blocker,1,333,known,448,0.0,322.0,872.0,453.225027535704,453.225027535704,18.541537586827477
single-blocker,1,333,known,480,0.0,345.0,935.0,472.2283506276988,472.2283506276988,18.751722919834343
single-blocker,1,333,known,512,0.0,368.0,998.0,490.6098387777712,490.6098387777712,18.94854786531143
single-blocker,1,333,product,32,4.375,25.5,63.0,62.960661021301576,62.960661021301576,8.02223232635691
single-blocker,1,333,product,64,8.75,51.0,126.0,113.48769550758207,113.48769550758207,9.424529759280464
single-blocker,1,333,product,96,13.125,76.5,187.0,150.78868966208668,150.78868966208668,10.218917083737294
single-blocker,1,333,product,128,17.5,102.0,248.0,182.21993209379534,182.21993209379534,10.785869546609236
single-blocker,1,333,product,160,21.875,127.5,310.0,210.33312111762987,210.33312111762987,11.233775146916958
single-blocker,1,333,product,192,26.25,153.0,372.0,235.7018776606321,235.7018776606321,11.599496775712879
single-blocker,1,333,product,224,30.625,178.5,436.0,259.73202213899646,259.73202213899646,11.918069507934542
single-blocker,1,333,product,256,35.0,204.0,499.0,281.6862208298242,281.6862208298242,12.188656796635708
single-blocker,1,333,product,288,39.375,229.5,559.0,301.3078106764681,301.3078106764681,12.41592736186855
single-blocker,1,333,product,320,43.75,255.0,620.0,320.1949777668734,320.1949777668734,12.623303893860188
single-blocker,1,333,product,352,48.125,280.5,683.0,338.7476231627946,338.7476231627946,12.817248419040892
single-blocker,1,333,product,384,52.5,306.0,747.0,356.7315015702958,356.7315015702958,12.996796025294653
single-blocker,1,333,product,416,56.875,331.5,809.0,373.41626013569663,373.41626013569663,13.15645099313413
single-blocker,1,333,product,448,61.25,357.0,872.0,389.7242718345301,389.7242718345301,13.306661821993924
single-blocker,1,333,product,480,65.625,382.5,935.0,405.44708860146767,405.44708860146767,13.446373520673049
single-blocker,1,333,product,512,70.0,408.0,998.0,420.64337043086636,420.64337043086636,13.57695853895321
outcome-lag-64,3,333,prefix,32,1.3125,22.75,64.0,64.0,64.0,22.70912224853465
outcome-lag-64,3,333,prefix,64,2.625,45.5,128.0,128.0,128.0,48.576712590434575
outcome-lag-64,3,333,prefix,96,3.9375,68.25,191.80465390010184,191.2304205163814,191.09774595933828,72.96726471638006
outcome-lag-64,3,333,prefix,128,5.25,91.0,247.72332649918525,249.05882261777614,245.2800090962959,93.44543262595893
outcome-lag-64,3,333,prefix,160,6.5625,113.75,293.0184556425369,298.27142977918527,289.765354038129,108.71036391001563
outcome-lag-64,3,333,prefix,192,7.875,136.5,331.6896941499397,340.5044524804812,327.8050614885584,120.19153750771785
outcome-lag-64,3,333,prefix,224,9.1875,159.25,365.3893450096018,376.8884259014243,361.0649654341518,128.3808214397176
outcome-lag-64,3,333,prefix,256,9.556640625,173.1953125,393.1892296463097,407.69828644745485,388.8315406244263,135.70709050256784
outcome-lag-64,3,333,prefix,288,9.556640625,183.6953125,414.54261012817165,432.2770462404097,410.18492110628824,141.92550015713132
outcome-lag-64,3,333,prefix,320,9.556640625,194.1953125,433.77043214104367,455.11627784156343,429.41274311916027,147.82485333082644
outcome-lag-64,3,333,prefix,352,9.556640625,204.6953125,452.9331979610063,477.5285677930089,448.57550893912287,153.00790374779385
outcome-lag-64,3,333,prefix,384,9.556640625,215.1953125,468.9659104293634,496.4350879934552,464.60822140748,157.29313432456885
outcome-lag-64,3,333,prefix,416,9.556640625,225.6953125,485.3657781442538,515.6484561412503,481.0080891223704,161.42386124920637
outcome-lag-64,3,333,prefix,448,9.556640625,236.1953125,501.4515421708336,533.956566797325,497.0938531489502,164.9035261987477
outcome-lag-64,3,333,prefix,480,9.556640625,246.6953125,516.8525954952647,551.3515805040622,512.4949064733811,168.0154928282343
outcome-lag-64,3,333,prefix,512,9.556640625,257.1953125,530.9562028154395,567.3553508094251,526.5985137935559,170.8397345710576
outcome-lag-64,3,333,intersection,32,1.3125,22.75,64.0,64.0,64.0,22.70912224853465
outcome-lag-64,3,333,intersection,64,2.625,45.5,128.0,128.0,128.0,48.576712590434575
outcome-lag-64,3,333,intersection,96,3.9375,68.25,191.80465390010184,191.2304205163814,191.09774595933828,72.96726471638006
outcome-lag-64,3,333,intersection,128,5.25,91.0,247.72332649918525,249.05882261777614,245.2800090962959,93.44543262595893
outcome-lag-64,3,333,intersection,160,6.5625,113.75,293.0184556425369,298.27142977918527,289.765354038129,108.71036391001563
outcome-lag-64,3,333,intersection,192,7.013671875,128.4609375,325.85819390618354,335.1616731234049,322.4622821314822,119.80648373915622
outcome-lag-64,3,333,intersection,224,7.013671875,138.9609375,351.9119450899172,364.3394937824882,348.51603331521585,127.55499482707063
outcome-lag-64,3,333,intersection,256,7.013671875,149.4609375,379.13865134730037,394.6094853956275,375.742739572599,134.84456664221443
outcome-lag-64,3,333,intersection,288,7.013671875,159.9609375,400.49203182916233,419.1882451885823,397.096120054461,141.06297629677792
outcome-lag-64,3,333,intersection,320,7.013671875,170.4609375,419.71985384203435,442.02747678973606,416.323942067333,146.96232947047304
outcome-lag-64,3,333,intersection,352,7.013671875,180.9609375,438.88261966199696,464.43976674118153,435.4867078872956,152.14537988744044
outcome-lag-64,3,333,intersection,384,7.013671875,191.4609375,454.9153321303541,483.3462869416278,451.51942035565276,156.43061046421545
outcome-lag-64,3,333,intersection,416,7.013671875,201.9609375,471.3151998452445,502.5596550894229,467.91928807054313,160.56133738885296
outcome-lag-64,3,333,intersection,448,7.013671875,212.4609375,487.4009638718243,520.8677657454975,484.0050520971229,164.0410023383943
outcome-lag-64,3,333,intersection,480,7.013671875,222.9609375,502.8020171962552,538.2627794522348,499.4061054215538,167.1529689678809
outcome-lag-64,3,333,intersection,512,7.013671875,233.4609375,516.9056245164304,554.2665497575977,513.509712741729,169.97721071070418
outcome-lag-64,3,333,completed,32,1.3125,22.75,64.0,64.0,64.0,22.70912224853465
outcome-lag-64,3,333,completed,64,6.15625,34.125,112.0,112.0,112.0,44.103042350517114
outcome-lag-64,3,333,completed,96,8.08984375,54.359375,171.80465390010184,171.93732845714493,171.80465390010184,67.77589523512721
outcome-lag-64,3,333,completed,128,8.623046875,69.8359375,221.40544089054404,224.58653895274549,221.10340322129,86.96284493627716
outcome-lag-64,3,333,completed,160,9.3203125,86.84375,264.44960832453063,271.0043917181339,263.42865495064854,101.62921434023966
outcome-lag-64,3,333,completed,192,10.46875,108.0625,303.9514252324119,313.9627844955036,302.41971977262193,113.35227788909599
outcome-lag-64,3,333,completed,224,10.591796875,119.7109375,332.04985009549233,345.0673827986861,330.48093039493045,121.41433041144141
outcome-lag-64,3,333,completed,256,11.001953125,134.0390625,361.19238056548943,377.21437437939875,359.62346086492755,128.98078672668464
outcome-lag-64,3,333,completed,288,11.9453125,153.34375,387.27479962811896,406.56927456356243,385.6984655680236,135.53043653809792
outcome-lag-64,3,333,completed,320,11.9453125,163.84375,406.74544483339565,429.69814057968824,405.1691107733003,141.56293896183905
outcome-lag-64,3,333,completed,352,12.6015625,180.46875,430.91367103759916,457.2584122504868,429.33602842801923,147.11128805174738
outcome-lag-64,3,333,completed,384,12.6015625,190.96875,447.0801634817529,476.3102977328482,445.50252087217297,151.44005418437294
outcome-lag-64,3,333,completed,416,13.462890625,209.5078125,466.9800382610714,499.07854121831605,465.4023956514915,155.68664203369696
outcome-lag-64,3,333,completed,448,13.462890625,220.0078125,483.19352714086324,517.5235523527134,481.6158845312833,159.2041837955937
outcome-lag-64,3,333,completed,480,14.078125,236.25,501.4564685615172,537.8372111245228,499.8788259519373,162.45189789569
outcome-lag-64,3,333,completed,512,14.283203125,248.6640625,517.826324875818,556.1491780787361,516.2486822662382,165.40658652438677
outcome-lag-64,3,333,plugin,32,0.927734375,11.0234375,50.0,50.0,50.0,22.697379824292224
outcome-lag-64,3,333,plugin,64,1.052734375,20.0234375,95.0,95.0,95.0,46.098699396267705
outcome-lag-64,3,333,plugin,96,1.177734375,29.0234375,137.80465390010184,137.93732845714493,137.80465390010184,66.31861753758751
outcome-lag-64,3,333,plugin,128,1.271484375,38.3984375,179.3058736571225,182.88857662199968,179.3058736571225,83.67426307746986
outcome-lag-64,3,333,plugin,160,1.318359375,48.3359375,210.77740326093735,218.74516103084738,210.77740326093735,96.26194254204172
outcome-lag-64,3,333,plugin,192,1.318359375,58.8359375,242.16435990401195,254.09957829789818,242.16435990401195,107.18093923646975
outcome-lag-64,3,333,plugin,224,1.318359375,69.3359375,268.6638824948695,283.66581678348615,268.6638824948695,115.07602364547526
outcome-lag-64,3,333,plugin,256,1.318359375,79.8359375,296.3271401852487,314.33653306719634,296.3271401852487,122.52026334841663
outcome-lag-64,3,333,plugin,288,1.318359375,90.3359375,317.92076526175566,339.1761316143734,317.92076526175566,128.85983031528116
outcome-lag-64,3,333,plugin,320,1.318359375,100.8359375,337.3198873609063,362.22005031849375,337.3198873609063,134.85312198574755
outcome-lag-64,3,333,plugin,352,1.318359375,111.3359375,356.63513285405844,384.8022582586226,356.63513285405844,140.0966968931706
outcome-lag-64,3,333,plugin,384,1.318359375,121.8359375,372.76254704761,403.81175965030377,372.76254704761,144.41271464938185
outcome-lag-64,3,333,plugin,416,1.318359375,132.3359375,389.2593364380686,423.1284657122744,389.2593364380686,148.5709923486757
outcome-lag-64,3,333,plugin,448,1.318359375,142.8359375,405.43565168575765,441.5336900906923,405.43565168575765,152.07748487272255
outcome-lag-64,3,333,plugin,480,1.318359375,153.3359375,420.9156859015543,459.01264643670777,420.9156859015543,155.21104056022858
outcome-lag-64,3,333,plugin,512,1.318359375,163.8359375,435.08126031281967,475.08111281582325,435.08126031281967,158.04948826876048
outcome-lag-64,3,333,safe,32,8.375,0.0,32.0,32.0,32.0,15.97299864991105
outcome-lag-64,3,333,safe,64,16.75,0.0,64.0,64.0,64.0,33.245859637588346
outcome-lag-64,3,333,safe,96,25.125,0.0,95.80465390010183,95.93732845714493,95.80465390010183,49.36493737330977
outcome-lag-64,3,333,safe,128,33.5,0.0,120.40544089054417,123.88857662199966,120.40544089054417,61.35491532027261
outcome-lag-64,3,333,safe,160,41.875,0.0,139.29949141117058,146.52511676927043,139.29949141117058,69.93645530002406
outcome-lag-64,3,333,safe,192,50.25,0.0,155.20859308753958,165.17932128185743,155.20859308753958,75.88804760776424
outcome-lag-64,3,333,safe,224,58.625,0.0,169.23255902377494,181.25108984829197,169.23255902377494,80.28114181606573
outcome-lag-64,3,333,safe,256,67.0,0.0,181.87300668443137,195.61982027135332,181.87300668443137,83.78138463744096
outcome-lag-64,3,333,safe,288,75.375,0.0,193.49717067950402,208.53731104092074,193.49717067950402,86.4922282446834
outcome-lag-64,3,333,safe,320,83.75,0.0,204.32250691989307,221.02696096099464,204.32250691989307,89.32913039013825
outcome-lag-64,3,333,safe,352,92.125,0.0,214.51000637674056,233.18288837768776,214.51000637674056,92.30476337305333
outcome-lag-64,3,333,safe,384,100.5,0.0,224.1478928264644,245.0017869252869,224.1478928264644,95.35257079060383
outcome-lag-64,3,333,safe,416,108.875,0.0,233.31517972537685,256.3390456034008,233.31517972537685,98.27765883618152
outcome-lag-64,3,333,safe,448,117.25,0.0,242.0800625636857,266.6346515759659,242.0800625636857,100.4792568489388
outcome-lag-64,3,333,safe,480,125.625,0.0,250.48249411056034,276.4422809780941,250.48249411056034,102.4774585686496
outcome-lag-64,3,333,safe,512,134.0,0.0,258.56590473802595,286.0306601330467,258.56590473802595,104.51293027728053
outcome-lag-64,3,333,known,32,0.0,10.5,49.0,49.0,49.0,22.286528175940578
outcome-lag-64,3,333,known,64,0.0,21.0,95.0,95.0,95.0,45.883182867152996
outcome-lag-64,3,333,known,96,0.0,31.5,139.80465390010184,139.93732845714493,139.80465390010184,67.31313389501605
outcome-lag-64,3,333,known,128,0.0,42.0,181.10462357159253,184.88343709307287,181.10462357159253,85.18853944187596
outcome-lag-64,3,333,known,160,0.0,52.5,212.93125114867084,221.4373268897275,212.93125114867084,98.12346005692278
outcome-lag-64,3,333,known,192,0.0,63.0,243.68355292679956,256.3829439187228,243.68355292679956,108.98440302462112
outcome-lag-64,3,333,known,224,0.0,73.5,269.7373041105332,285.5607645778061,269.7373041105332,116.73291411253552
outcome-lag-64,3,333,known,256,0.0,84.0,296.9640103679164,315.83075619094535,296.9640103679164,124.0224859276794
outcome-lag-64,3,333,known,288,0.0,94.5,318.31739084977835,340.4095159839002,318.31739084977835,130.24089558224293
outcome-lag-64,3,333,known,320,0.0,105.0,337.5452128626504,363.24874758505393,337.5452128626504,136.14024875593805
outcome-lag-64,3,333,known,352,0.0,115.5,356.707978682613,385.6610375364994,356.707978682613,141.32329917290545
outcome-lag-64,3,333,known,384,0.0,126.0,372.7406911509701,404.5675577369457,372.7406911509701,145.60852974968046
outcome-lag-64,3,333,known,416,0.0,136.5,389.1405588658605,423.7809258847408,389.1405588658605,149.73925667431797
outcome-lag-64,3,333,known,448,0.0,147.0,405.2263228924403,442.08903654081524,405.2263228924403,153.2189216238593
outcome-lag-64,3,333,known,480,0.0,157.5,420.6273762168712,459.4840502475525,420.6273762168712,156.3308882533459
outcome-lag-64,3,333,known,512,0.0,168.0,434.7309835370464,475.48782055291525,434.7309835370464,159.1551299961692
outcome-lag-64,3,333,product,32,0.0,10.5,49.0,49.0,49.0,22.286528175940578
outcome-lag-64,3,333,product,64,0.0,21.0,95.0,95.0,95.0,45.883182867152996
outcome-lag-64,3,333,product,96,0.0,31.5,139.80465390010184,139.93732845714493,139.80465390010184,67.31313389501605
outcome-lag-64,3,333,product,128,0.0,42.0,181.10462357159253,184.88343709307287,181.10462357159253,85.18853944187596
outcome-lag-64,3,333,product,160,0.0,52.5,212.93125114867084,221.4373268897275,212.93125114867084,98.12346005692278
outcome-lag-64,3,333,product,192,0.0,63.0,243.68355292679956,256.3829439187228,243.68355292679956,108.98440302462112
outcome-lag-64,3,333,product,224,0.0,73.5,269.7373041105332,285.5607645778061,269.7373041105332,116.73291411253552
outcome-lag-64,3,333,product,256,0.0,84.0,296.9640103679164,315.83075619094535,296.9640103679164,124.0224859276794
outcome-lag-64,3,333,product,288,0.0,94.5,318.31739084977835,340.4095159839002,318.31739084977835,130.24089558224293
outcome-lag-64,3,333,product,320,0.0,105.0,337.5452128626504,363.24874758505393,337.5452128626504,136.14024875593805
outcome-lag-64,3,333,product,352,0.0,115.5,356.707978682613,385.6610375364994,356.707978682613,141.32329917290545
outcome-lag-64,3,333,product,384,0.0,126.0,372.7406911509701,404.5675577369457,372.7406911509701,145.60852974968046
outcome-lag-64,3,333,product,416,0.0,136.5,389.1405588658605,423.7809258847408,389.1405588658605,149.73925667431797
outcome-lag-64,3,333,product,448,0.0,147.0,405.2263228924403,442.08903654081524,405.2263228924403,153.2189216238593
outcome-lag-64,3,333,product,480,0.0,157.5,420.6273762168712,459.4840502475525,420.6273762168712,156.3308882533459
outcome-lag-64,3,333,product,512,0.0,168.0,434.7309835370464,475.48782055291525,434.7309835370464,159.1551299961692
single-blocker,3,333,prefix,32,1.3125,22.75,64.0,63.96821681185914,63.96821681185914,10.659536515227844
single-blocker,3,333,prefix,64,2.625,45.5,128.0,121.34492236728798,121.34492236728798,12.781748230062686
single-blocker,3,333,prefix,96,3.9375,68.25,192.0,168.2917546158206,168.2917546158206,14.005158282957288
single-blocker,3,333,prefix,128,5.25,91.0,256.0,207.83318476460565,207.83318476460565,14.87963203978281
single-blocker,3,333,prefix,160,6.5625,113.75,320.0,242.4602696555966,242.4602696555966,15.552685128172962
single-blocker,3,333,prefix,192,7.875,136.5,384.0,273.76423120250246,273.76423120250246,16.104797571484998
single-blocker,3,333,prefix,224,9.1875,159.25,448.0,302.4225140762974,302.4225140762974,16.56839095633688
single-blocker,3,333,prefix,256,10.5,182.0,512.0,328.78045585646595,328.78045585646595,16.960657643248823
single-blocker,3,333,prefix,288,11.8125,204.75,576.0,353.70381820322734,353.70381820322734,17.31303484676258
single-blocker,3,333,prefix,320,13.125,227.5,640.0,377.3040422391392,377.3040422391392,17.62967840617745
single-blocker,3,333,prefix,352,14.4375,250.25,704.0,399.5823479667601,399.5823479667601,17.911813588452922
single-blocker,3,333,prefix,384,15.75,273.0,768.0,421.10466999008355,421.10466999008355,18.176234760098993
single-blocker,3,333,prefix,416,17.0625,295.75,832.0,441.5899567666326,441.5899567666326,18.41556961020796
single-blocker,3,333,prefix,448,18.375,318.5,896.0,461.2431173490543,461.2431173490543,18.635966837189873
single-blocker,3,333,prefix,480,19.6875,341.25,960.0,480.19496611171104,480.19496611171104,18.841140269721922
single-blocker,3,333,prefix,512,21.0,364.0,1024.0,498.61461953556494,498.61461953556494,19.035388332818627
single-blocker,3,333,intersection,32,1.3125,22.75,64.0,63.96821681185914,63.96821681185914,10.659536515227844
single-blocker,3,333,intersection,64,2.625,45.5,128.0,121.34492236728798,121.34492236728798,12.781748230062686
single-blocker,3,333,intersection,96,3.9375,68.25,192.0,168.2917546158206,168.2917546158206,14.005158282957288
single-blocker,3,333,intersection,128,5.25,91.0,256.0,207.83318476460565,207.83318476460565,14.87963203978281
single-blocker,3,333,intersection,160,6.5625,113.75,320.0,242.4602696555966,242.4602696555966,15.552685128172962
single-blocker,3,333,intersection,192,7.423828125,132.2890625,378.0,270.4216731753567,270.4216731753567,16.03991058233363
single-blocker,3,333,intersection,224,7.423828125,142.7890625,429.0,292.18695323503965,292.18695323503965,16.375881070847825
single-blocker,3,333,intersection,256,7.423828125,153.2890625,487.0,315.5058154311451,315.5058154311451,16.714323468957982
single-blocker,3,333,intersection,288,7.423828125,163.7890625,538.0,334.11100184648944,334.11100184648944,16.959159745910807
single-blocker,3,333,intersection,320,7.423828125,174.2890625,588.0,351.2633409629674,351.2633409629674,17.17162043493001
single-blocker,3,333,intersection,352,7.423828125,184.7890625,641.0,368.69985109013714,368.69985109013714,17.378891027621727
single-blocker,3,333,intersection,384,7.423828125,195.2890625,689.0,383.48579105580154,383.48579105580154,17.543541369614847
single-blocker,3,333,intersection,416,7.423828125,205.7890625,740.0,398.73344742785025,398.73344742785025,17.70855651850589
single-blocker,3,333,intersection,448,7.423828125,216.2890625,792.0,413.71826865461384,413.71826865461384,17.864932038736224
single-blocker,3,333,intersection,480,7.423828125,226.7890625,844.0,428.14632076909913,428.14632076909913,18.00993707597106
single-blocker,3,333,intersection,512,7.423828125,237.2890625,894.0,441.45419131800185,441.45419131800185,18.138279062334373
single-blocker,3,333,completed,32,1.3125,22.75,64.0,63.96821681185914,63.96821681185914,10.659536515227844
single-blocker,3,333,completed,64,2.625,45.5,128.0,121.34492236728798,121.34492236728798,12.781748230062686
single-blocker,3,333,completed,96,3.9375,68.25,192.0,168.2917546158206,168.2917546158206,14.005158282957288
single-blocker,3,333,completed,128,5.25,91.0,256.0,207.83318476460565,207.83318476460565,14.87963203978281
single-blocker,3,333,completed,160,6.5625,113.75,320.0,242.4602696555966,242.4602696555966,15.552685128172962
single-blocker,3,333,completed,192,7.30078125,131.140625,376.0,269.2822283326244,269.2822283326244,16.01731099091381
single-blocker,3,333,completed,224,7.30078125,141.640625,427.0,291.04750839230735,291.04750839230735,16.353281479428006
single-blocker,3,333,completed,256,7.30078125,152.140625,485.0,314.3663705884128,314.3663705884128,16.691723877538163
single-blocker,3,333,completed,288,7.30078125,162.640625,536.0,332.97155700375714,332.97155700375714,16.936560154490987
single-blocker,3,333,completed,320,7.30078125,173.140625,586.0,350.1238961202351,350.1238961202351,17.14902084351019
single-blocker,3,333,completed,352,7.30078125,183.640625,639.0,367.56040624740484,367.56040624740484,17.356291436201907
single-blocker,3,333,completed,384,7.30078125,194.140625,687.0,382.34634621306924,382.34634621306924,17.520941778195027
single-blocker,3,333,completed,416,7.30078125,204.640625,738.0,397.594002585118,397.594002585118,17.68595692708607
single-blocker,3,333,completed,448,7.30078125,215.140625,790.0,412.5788238118816,412.5788238118816,17.842332447316405
single-blocker,3,333,completed,480,7.30078125,225.640625,842.0,427.0068759263669,427.0068759263669,17.98733748455124
single-blocker,3,333,completed,512,7.30078125,236.140625,892.0,440.3147464752696,440.3147464752696,18.115679470914554
single-blocker,3,333,plugin,32,0.287109375,13.1796875,52.0,51.96821681185914,51.96821681185914,8.907974188665513
single-blocker,3,333,plugin,64,0.287109375,23.6796875,98.0,91.41680044284458,91.41680044284458,10.223253034626163
single-blocker,3,333,plugin,96,0.287109375,34.1796875,143.0,122.40150392822382,122.40150392822382,10.986345101490606
single-blocker,3,333,plugin,128,0.287109375,44.6796875,192.0,151.40778912148573,151.40778912148573,11.60520500554091
single-blocker,3,333,plugin,160,0.287109375,55.1796875,239.0,175.47852607829356,175.47852607829356,12.050616855492791
single-blocker,3,333,plugin,192,0.287109375,65.6796875,291.0,199.98103437469393,199.98103437469393,12.468451090596215
single-blocker,3,333,plugin,224,0.287109375,76.1796875,342.0,221.74631443437698,221.74631443437698,12.804421579110409
single-blocker,3,333,plugin,256,0.287109375,86.6796875,400.0,245.0651766304824,245.0651766304824,13.14286397722056
single-blocker,3,333,plugin,288,0.287109375,97.1796875,451.0,263.6703630458267,263.6703630458267,13.387700254173394
single-blocker,3,333,plugin,320,0.287109375,107.6796875,501.0,280.82270216230467,280.82270216230467,13.600160943192604
single-blocker,3,333,plugin,352,0.287109375,118.1796875,554.0,298.2592122894744,298.2592122894744,13.807431535884325
single-blocker,3,333,plugin,384,0.287109375,128.6796875,602.0,313.0451522551388,313.0451522551388,13.97208187787746
single-blocker,3,333,plugin,416,0.287109375,139.1796875,653.0,328.2928086271876,328.2928086271876,14.137097026768497
single-blocker,3,333,plugin,448,0.287109375,149.6796875,705.0,343.27762985395117,343.27762985395117,14.293472546998833
single-blocker,3,333,plugin,480,0.287109375,160.1796875,757.0,357.70568196843647,357.70568196843647,14.438477584233667
single-blocker,3,333,plugin,512,0.287109375,170.6796875,807.0,371.0135525173392,371.0135525173392,14.56681957059697
single-blocker,3,333,safe,32,8.375,0.0,32.0,31.968216811859147,31.968216811859147,4.02724519543652
single-blocker,3,333,safe,64,16.75,0.0,64.0,57.42435623340214,57.42435623340214,4.7282659037057675
single-blocker,3,333,safe,96,25.125,0.0,96.0,76.78319682780861,76.78319682780861,5.136346480888775
single-blocker,3,333,safe,128,33.5,0.0,128.0,93.03345515740088,93.03345515740088,5.425334592589174
single-blocker,3,333,safe,160,41.875,0.0,160.0,107.31238195727079,107.31238195727079,5.649261224939744
single-blocker,3,333,safe,192,50.25,0.0,192.0,120.1978375468853,120.1978375468853,5.832104609707439
single-blocker,3,333,safe,224,58.625,0.0,224.0,132.0310352083931,132.0310352083931,5.986627913082163
single-blocker,3,333,safe,256,67.0,0.0,256.0,143.03333360981438,143.03333360981438,6.120438712817281
single-blocker,3,333,safe,288,75.375,0.0,288.0,153.35798108855585,153.35798108855585,6.238439029233648
single-blocker,3,333,safe,320,83.75,0.0,320.0,163.1162631808352,163.1162631808352,6.343973346894013
single-blocker,3,333,safe,352,92.125,0.0,352.0,172.39200998111025,172.39200998111025,6.43942571339101
single-blocker,3,333,safe,384,100.5,0.0,384.0,181.25023096678382,181.25023096678382,6.5265555690159704
single-blocker,3,333,safe,416,108.875,0.0,416.0,189.74254455085054,189.74254455085054,6.6066985205464555
single-blocker,3,333,safe,448,117.25,0.0,448.0,197.91074640079475,197.91074640079475,6.680892410683006
single-blocker,3,333,safe,480,125.625,0.0,480.0,205.78924141297622,205.78924141297622,6.7499597404471405
single-blocker,3,333,safe,512,134.0,0.0,512.0,213.40675252840046,213.40675252840046,6.81456340954972
single-blocker,3,333,known,32,0.0,10.5,49.0,48.96821681185914,48.96821681185914,7.407974188665513
single-blocker,3,333,known,64,0.0,21.0,95.0,88.41680044284456,88.41680044284456,8.723253034626161
single-blocker,3,333,known,96,0.0,31.5,140.0,119.40150392822382,119.40150392822382,9.486345101490604
single-blocker,3,333,known,128,0.0,42.0,189.0,148.40778912148573,148.40778912148573,10.105205005540908
single-blocker,3,333,known,160,0.0,52.5,236.0,172.47852607829356,172.47852607829356,10.55061685549279
single-blocker,3,333,known,192,0.0,63.0,288.0,196.98103437469393,196.98103437469393,10.968451090596213
single-blocker,3,333,known,224,0.0,73.5,339.0,218.74631443437698,218.74631443437698,11.304421579110405
single-blocker,3,333,known,256,0.0,84.0,397.0,242.0651766304824,242.0651766304824,11.642863977220557
single-blocker,3,333,known,288,0.0,94.5,448.0,260.67036304582666,260.67036304582666,11.88770025417339
single-blocker,3,333,known,320,0.0,105.0,498.0,277.8227021623046,277.8227021623046,12.1001609431926
single-blocker,3,333,known,352,0.0,115.5,551.0,295.25921228947436,295.25921228947436,12.307431535884321
single-blocker,3,333,known,384,0.0,126.0,599.0,310.04515225513876,310.04515225513876,12.472081877877457
single-blocker,3,333,known,416,0.0,136.5,650.0,325.29280862718747,325.29280862718747,12.637097026768494
single-blocker,3,333,known,448,0.0,147.0,702.0,340.27762985395105,340.27762985395105,12.79347254699883
single-blocker,3,333,known,480,0.0,157.5,754.0,354.70568196843635,354.70568196843635,12.938477584233663
single-blocker,3,333,known,512,0.0,168.0,804.0,368.01355251733906,368.01355251733906,13.066819570596966
single-blocker,3,333,product,32,0.0,10.5,49.0,48.96821681185914,48.96821681185914,7.407974188665513
single-blocker,3,333,product,64,0.0,21.0,95.0,88.41680044284456,88.41680044284456,8.723253034626161
single-blocker,3,333,product,96,0.0,31.5,140.0,119.40150392822382,119.40150392822382,9.486345101490604
single-blocker,3,333,product,128,0.0,42.0,189.0,148.40778912148573,148.40778912148573,10.105205005540908
single-blocker,3,333,product,160,0.0,52.5,236.0,172.47852607829356,172.47852607829356,10.55061685549279
single-blocker,3,333,product,192,0.0,63.0,288.0,196.98103437469393,196.98103437469393,10.968451090596213
single-blocker,3,333,product,224,0.0,73.5,339.0,218.74631443437698,218.74631443437698,11.304421579110405
single-blocker,3,333,product,256,0.0,84.0,397.0,242.0651766304824,242.0651766304824,11.642863977220557
single-blocker,3,333,product,288,0.0,94.5,448.0,260.67036304582666,260.67036304582666,11.88770025417339
single-blocker,3,333,product,320,0.0,105.0,498.0,277.8227021623046,277.8227021623046,12.1001609431926
single-blocker,3,333,product,352,0.0,115.5,551.0,295.25921228947436,295.25921228947436,12.307431535884321
single-blocker,3,333,product,384,0.0,126.0,599.0,310.04515225513876,310.04515225513876,12.472081877877457
single-blocker,3,333,product,416,0.0,136.5,650.0,325.29280862718747,325.29280862718747,12.637097026768494
single-blocker,3,333,product,448,0.0,147.0,702.0,340.27762985395105,340.27762985395105,12.79347254699883
single-blocker,3,333,product,480,0.0,157.5,754.0,354.70568196843635,354.70568196843635,12.938477584233663
single-blocker,3,333,product,512,0.0,168.0,804.0,368.01355251733906,368.01355251733906,13.066819570596966
outcome-lag-64,5,333,prefix,32,0.0,19.25,64.0,64.0,64.0,31.8152710299092
outcome-lag-64,5,333,prefix,64,0.0,38.5,128.0,128.0,128.0,64.53807451090748
outcome-lag-64,5,333,prefix,96,0.0,57.75,191.61640154677335,188.75764875924853,188.75764875924853,90.362968695454
outcome-lag-64,5,333,prefix,128,0.0,77.0,246.90152341656338,242.82490424863107,242.72701993404075,109.50822269808656
outcome-lag-64,5,333,prefix,160,0.0,96.25,292.94631947979605,292.0738278812426,288.7718159972734,126.15838871223612
outcome-lag-64,5,333,prefix,192,0.0,115.5,332.3647782914943,337.64342074878437,328.19027480897165,140.82421072180603
outcome-lag-64,5,333,prefix,224,0.0,134.75,365.7132380066438,376.1458237455362,361.53873452412114,151.36924991261924
outcome-lag-64,5,333,prefix,256,0.0,154.0,396.6832812364122,412.4581833204678,392.50877775388955,161.144120748491
outcome-lag-64,5,333,prefix,288,0.0,173.25,424.9351332457478,446.1304560063131,420.76062976322515,170.075370482978
outcome-lag-64,5,333,prefix,320,0.0,192.5,451.3921840255095,478.77496689846237,447.21768054298684,179.25548847290193
outcome-lag-64,5,333,prefix,352,0.0,211.75,475.9070198661891,508.14308149454746,471.7325163836665,186.52377487633802
outcome-lag-64,5,333,prefix,384,0.0,231.0,499.14030490237195,535.1596179026005,494.96580141984936,192.38715337957368
outcome-lag-64,5,333,prefix,416,0.0,250.25,521.1451294114502,560.990912998452,516.9706259289278,198.01269495131612
outcome-lag-64,5,333,prefix,448,0.0,269.5,542.1785970254216,585.7465867356968,538.0040935428992,203.33212715075027
outcome-lag-64,5,333,prefix,480,0.0,288.75,562.5967254044825,609.458787347244,558.4222219219602,208.04621675990367
outcome-lag-64,5,333,prefix,512,0.0,308.0,581.8769071337607,631.7922235573335,577.7024036512383,212.36317112396972
outcome-lag-64,5,333,intersection,32,0.0,19.25,64.0,64.0,64.0,31.8152710299092
outcome-lag-64,5,333,intersection,64,0.0,38.5,128.0,128.0,128.0,64.53807451090748
outcome-lag-64,5,333,intersection,96,0.0,57.75,191.61640154677335,188.75764875924853,188.75764875924853,90.362968695454
outcome-lag-64,5,333,intersection,128,0.0,77.0,246.90152341656338,242.82490424863107,242.72701993404075,109.50822269808656
outcome-lag-64,5,333,intersection,160,0.0,96.25,292.94631947979605,292.0738278812426,288.7718159972734,126.15838871223612
outcome-lag-64,5,333,intersection,192,0.0,115.5,332.3647782914943,337.64342074878437,328.19027480897165,140.82421072180603
outcome-lag-64,5,333,intersection,224,0.0,134.75,365.7132380066438,376.1458237455362,361.53873452412114,151.36924991261924
outcome-lag-64,5,333,intersection,256,0.0,154.0,396.6832812364122,412.4581833204678,392.50877775388955,161.144120748491
outcome-lag-64,5,333,intersection,288,0.0,173.25,424.9351332457478,446.1304560063131,420.76062976322515,170.075370482978
outcome-lag-64,5,333,intersection,320,0.0,192.5,451.3921840255095,478.77496689846237,447.21768054298684,179.25548847290193
outcome-lag-64,5,333,intersection,352,0.0,211.75,475.9070198661891,508.14308149454746,471.7325163836665,186.52377487633802
outcome-lag-64,5,333,intersection,384,0.0,231.0,499.14030490237195,535.1596179026005,494.96580141984936,192.38715337957368
outcome-lag-64,5,333,intersection,416,0.0,250.25,521.1451294114502,560.990912998452,516.9706259289278,198.01269495131612
outcome-lag-64,5,333,intersection,448,0.0,269.5,542.1785970254216,585.7465867356968,538.0040935428992,203.33212715075027
outcome-lag-64,5,333,intersection,480,0.0,288.75,562.5967254044825,609.458787347244,558.4222219219602,208.04621675990367
outcome-lag-64,5,333,intersection,512,0.0,308.0,581.8769071337607,631.7922235573335,577.7024036512383,212.36317112396972
outcome-lag-64,5,333,completed,32,0.0,19.25,64.0,64.0,64.0,31.8152710299092
outcome-lag-64,5,333,completed,64,7.505859375,25.8671875,107.0,107.0,107.0,50.91286804076726
outcome-lag-64,5,333,completed,96,18.5859375,26.46875,139.61640154677335,136.82121290232448,136.82121290232448,61.35907321550374
outcome-lag-64,5,333,completed,128,24.3046875,36.09375,179.69222203221835,176.19092112028767,176.07176039221463,70.9805369861413
outcome-lag-64,5,333,completed,160,24.3046875,55.34375,229.77998872879985,228.55709775812738,226.08168602310883,88.24432579986234
outcome-lag-64,5,333,completed,192,24.3046875,74.59375,276.3370773308458,278.16543423193116,272.4509021879701,107.1408183435588
outcome-lag-64,5,333,completed,224,24.3046875,93.84375,316.8180959562958,322.72296028183587,312.9319208134201,120.43393082039226
outcome-lag-64,5,333,completed,256,24.3046875,113.09375,352.7773375160724,363.8451171116958,348.8911623731967,132.22059210615188
outcome-lag-64,5,333,completed,288,24.3046875,132.34375,384.59321461862964,401.1858924494207,380.70703947575396,142.5942704757817
outcome-lag-64,5,333,completed,320,24.3046875,151.59375,413.80425461218005,437.01869543677685,409.91807946930436,153.14707689439524
outcome-lag-64,5,333,completed,352,24.3046875,170.84375,440.5333087572701,468.8798951463823,436.6471336143944,161.3417361664267
outcome-lag-64,5,333,completed,384,24.3046875,190.09375,465.597310461489,497.96869893867495,461.7111353186133,167.94180803166034
outcome-lag-64,5,333,completed,416,24.3046875,209.34375,489.15955284337844,525.653649466318,485.27337770050275,174.25175104335028
outcome-lag-64,5,333,completed,448,24.3046875,228.59375,511.52917672504526,552.0484707893327,507.6430015821696,180.184249730229
outcome-lag-64,5,333,completed,480,24.3046875,247.84375,533.0843933588199,577.1087237013268,529.1982182159444,185.34783120246243
outcome-lag-64,5,333,completed,512,24.3046875,267.09375,553.3939177725338,600.6331187328808,549.5077426296583,190.03068836963956
outcome-lag-64,5,333,plugin,32,0.71875,18.1875,62.0,62.0,62.0,32.39128128556343
outcome-lag-64,5,333,plugin,64,2.7578125,30.46875,117.0,117.0,117.0,57.97951258140268
outcome-lag-64,5,333,plugin,96,3.169921875,47.3984375,175.61640154677335,172.82121290232445,172.82121290232445,79.79517368419492
outcome-lag-64,5,333,plugin,128,3.294921875,65.1484375,228.597592724188,224.90290830998754,224.8137043617689,96.94291534395185
outcome-lag-64,5,333,plugin,160,3.310546875,84.2109375,275.6757946196026,274.7923536952372,271.89190625718345,114.6739385076955
outcome-lag-64,5,333,plugin,192,3.310546875,103.4609375,317.41188280604194,321.453631936516,313.6279944436228,130.21030901388187
outcome-lag-64,5,333,plugin,224,3.310546875,122.7109375,352.1558287025424,361.33052329648297,348.3719403401233,141.32430212236125
outcome-lag-64,5,333,plugin,256,3.310546875,141.9609375,384.20877138436316,398.75850622904426,380.424883021944,151.5519161157743
outcome-lag-64,5,333,plugin,288,3.310546875,161.2109375,413.2721507005401,433.3028996936009,409.488262338121,160.8197383625321
outcome-lag-64,5,333,plugin,320,3.310546875,180.4609375,440.3831713623289,466.7270756708487,436.59928299990975,170.33126626265175
outcome-lag-64,5,333,plugin,352,3.310546875,199.7109375,465.42550270128487,496.7027652290802,461.64161433886574,177.82286392525828
outcome-lag-64,5,333,plugin,384,3.310546875,218.9609375,489.1035036149746,524.231109416475,485.3196152525555,183.86471654167912
outcome-lag-64,5,333,plugin,416,3.310546875,238.2109375,511.48923581104486,550.5202594227344,507.70534744862573,189.65530994489424
outcome-lag-64,5,333,plugin,448,3.310546875,257.4609375,532.8539135653209,575.6840905826909,529.0700252029019,195.12337953918555
outcome-lag-64,5,333,plugin,480,3.310546875,276.7109375,553.5635280131394,599.7431506747023,549.7796396507204,199.95030675139645
outcome-lag-64,5,333,plugin,512,3.310546875,295.9609375,573.101153899308,622.3767002972991,569.317265536889,204.3581822434665
outcome-lag-64,5,333,safe,32,11.4375,0.0,32.0,32.0,32.0,12.74201111129325
outcome-lag-64,5,333,safe,64,22.875,0.0,64.0,64.0,64.0,25.09911730057353
outcome-lag-64,5,333,safe,96,34.3125,0.0,95.61640154677333,92.82121290232442,92.82121290232442,35.30394316496519
outcome-lag-64,5,333,safe,128,45.75,0.0,120.0193350233457,116.48730583427276,116.41343799595923,43.0087658790217
outcome-lag-64,5,333,safe,160,57.1875,0.0,138.76132770218166,137.49563416967072,135.1554306747953,49.962094046900376
outcome-lag-64,5,333,safe,192,68.625,0.0,154.66320352052435,156.61791377369588,151.057306493138,56.38176144607861
outcome-lag-64,5,333,safe,224,80.0625,0.0,168.6771876624141,173.23821719976937,165.07129063502774,61.323390514019
outcome-lag-64,5,333,safe,256,91.5,0.0,181.35109882751522,188.6491246983404,177.74520180012885,65.86581041090379
outcome-lag-64,5,333,safe,288,102.9375,0.0,193.00630805898837,203.24056960557328,189.400411031602,70.25060815581175
outcome-lag-64,5,333,safe,320,114.375,0.0,203.86202402366055,216.95692692180242,200.2561269962742,74.31421769742184
outcome-lag-64,5,333,safe,352,125.8125,0.0,214.0566253933397,229.61840523522343,210.45072836595332,77.79540157706481
outcome-lag-64,5,333,safe,384,137.25,0.0,223.6979997161952,240.955584415757,220.09210268880884,80.36148962754966
outcome-lag-64,5,333,safe,416,148.6875,0.0,232.8625033136902,251.71269996593674,229.25660628630385,82.7064345451932
outcome-lag-64,5,333,safe,448,160.125,0.0,241.62143326088517,261.9339539257672,238.0155362334988,84.83368054521584
outcome-lag-64,5,333,safe,480,171.5625,0.0,250.02384408173805,271.80065541007633,246.41794705435169,86.89095434710767
outcome-lag-64,5,333,safe,512,183.0,0.0,258.10792222409407,281.40740891275084,254.5020251967076,88.9448004034605
outcome-lag-64,5,333,known,32,0.0,19.25,64.0,64.0,64.0,31.8152710299092
outcome-lag-64,5,333,known,64,0.0,38.5,128.0,128.0,128.0,64.53807451090748
outcome-lag-64,5,333,known,96,0.0,57.75,191.61640154677335,188.75764875924853,188.75764875924853,90.362968695454
outcome-lag-64,5,333,known,128,0.0,77.0,246.90152341656338,242.82490424863107,242.72701993404075,109.50822269808656
outcome-lag-64,5,333,known,160,0.0,96.25,292.94631947979605,292.0738278812426,288.7718159972734,126.15838871223612
outcome-lag-64,5,333,known,192,0.0,115.5,332.3647782914943,337.64342074878437,328.19027480897165,140.82421072180603
outcome-lag-64,5,333,known,224,0.0,134.75,365.7132380066438,376.1458237455362,361.53873452412114,151.36924991261924
outcome-lag-64,5,333,known,256,0.0,154.0,396.6832812364122,412.4581833204678,392.50877775388955,161.144120748491
outcome-lag-64,5,333,known,288,0.0,173.25,424.9351332457478,446.1304560063131,420.76062976322515,170.075370482978
outcome-lag-64,5,333,known,320,0.0,192.5,451.3921840255095,478.77496689846237,447.21768054298684,179.25548847290193
outcome-lag-64,5,333,known,352,0.0,211.75,475.9070198661891,508.14308149454746,471.7325163836665,186.52377487633802
outcome-lag-64,5,333,known,384,0.0,231.0,499.14030490237195,535.1596179026005,494.96580141984936,192.38715337957368
outcome-lag-64,5,333,known,416,0.0,250.25,521.1451294114502,560.990912998452,516.9706259289278,198.01269495131612
outcome-lag-64,5,333,known,448,0.0,269.5,542.1785970254216,585.7465867356968,538.0040935428992,203.33212715075027
outcome-lag-64,5,333,known,480,0.0,288.75,562.5967254044825,609.458787347244,558.4222219219602,208.04621675990367
outcome-lag-64,5,333,known,512,0.0,308.0,581.8769071337607,631.7922235573335,577.7024036512383,212.36317112396972
outcome-lag-64,5,333,product,32,9.625,24.75,64.0,64.0,64.0,38.862464203875376
outcome-lag-64,5,333,product,64,19.25,49.5,128.0,128.0,128.0,77.56944765022823
outcome-lag-64,5,333,product,96,28.875,74.25,191.58468274308672,188.82121290232445,188.78949409863782,108.58226392047598
outcome-lag-64,5,333,product,128,38.5,99.0,242.1139094405295,242.6325096413602,238.50801241314312,129.27079996359686
outcome-lag-64,5,333,product,160,48.125,123.75,280.8007452099213,289.03780013627625,277.1948481825349,146.67600285255625
outcome-lag-64,5,333,product,192,57.75,148.5,314.2612064508557,330.80452958132696,310.6553094234693,161.83379877734626
outcome-lag-64,5,333,product,224,67.375,173.25,343.3909239361871,367.5212855616022,339.7850269088007,174.3243412084106
outcome-lag-64,5,333,product,256,77.0,198.0,370.36174972682863,401.54285515583786,366.75585269944224,185.15808400062772
outcome-lag-64,5,333,product,288,86.625,222.75,395.9625572923848,433.8605883334511,392.3566602649984,195.17445377511646
outcome-lag-64,5,333,product,320,96.25,247.5,418.6914632126649,463.71020849849367,415.08556618527854,204.8621771744392
outcome-lag-64,5,333,product,352,105.875,272.25,439.43385334394276,490.91808556804716,435.82795631655637,213.42260772586934
outcome-lag-64,5,333,product,384,115.5,297.0,463.86658840094464,519.7489128236682,460.26069137355825,220.28959170485837
outcome-lag-64,5,333,product,416,125.125,321.75,483.89443838042007,544.266667220892,480.2885413530337,226.6534453564949
outcome-lag-64,5,333,product,448,134.75,346.5,502.43893670243756,566.91926110701,498.83303967505117,232.15720513605706
outcome-lag-64,5,333,product,480,144.375,371.25,520.2526337631823,588.4912787377201,516.646736735796,237.13329888949897
outcome-lag-64,5,333,product,512,154.0,396.0,538.1092409205439,609.9493398046196,534.5033438931576,241.84507657429884
single-blocker,5,333,prefix,32,0.0,19.25,64.0,63.96821681185914,63.96821681185914,10.594862197457548
single-blocker,5,333,prefix,64,0.0,38.5,128.0,120.53907305509676,120.53907305509676,12.697622192859424
single-blocker,5,333,prefix,96,0.0,57.75,192.0,166.45795258658748,166.45795258658748,13.907234564158049
single-blocker,5,333,prefix,128,0.0,77.0,256.0,206.63587578322375,206.63587578322375,14.82445281875071
single-blocker,5,333,prefix,160,0.0,96.25,320.0,241.64271824720535,241.64271824720535,15.518972293744817
single-blocker,5,333,prefix,192,0.0,115.5,384.0,273.18713627571475,273.18713627571475,16.08307325681837
single-blocker,5,333,prefix,224,0.0,134.75,448.0,301.60107525523784,301.60107525523784,16.539648430403062
single-blocker,5,333,prefix,256,0.0,154.0,512.0,328.55208604289936,328.55208604289936,16.953170479004687
single-blocker,5,333,prefix,288,0.0,173.25,576.0,353.65134934626775,353.65134934626775,17.31141083101455
single-blocker,5,333,prefix,320,0.0,192.5,640.0,377.43794370720445,377.43794370720445,17.633612289725793
single-blocker,5,333,prefix,352,0.0,211.75,704.0,399.82272241654937,399.82272241654937,17.91856280642164
single-blocker,5,333,prefix,384,0.0,231.0,768.0,421.2371150269562,421.2371150269562,18.179797512010758
single-blocker,5,333,prefix,416,0.0,250.25,832.0,441.68099744531025,441.68099744531025,18.417926406255614
single-blocker,5,333,prefix,448,0.0,269.5,896.0,461.3376414352204,461.3376414352204,18.638328858355106
single-blocker,5,333,prefix,480,0.0,288.75,960.0,480.54706782805187,480.54706782805187,18.849644248792725
single-blocker,5,333,prefix,512,0.0,308.0,1024.0,498.75252369443785,498.75252369443785,19.038618269155037
single-blocker,5,333,intersection,32,0.0,19.25,64.0,63.96821681185914,63.96821681185914,10.594862197457548
single-blocker,5,333,intersection,64,0.0,38.5,128.0,120.53907305509676,120.53907305509676,12.697622192859424
single-blocker,5,333,intersection,96,0.0,57.75,192.0,166.45795258658748,166.45795258658748,13.907234564158049
single-blocker,5,333,intersection,128,0.0,77.0,256.0,206.63587578322375,206.63587578322375,14.82445281875071
single-blocker,5,333,intersection,160,0.0,96.25,320.0,241.64271824720535,241.64271824720535,15.518972293744817
single-blocker,5,333,intersection,192,0.0,115.5,384.0,273.18713627571475,273.18713627571475,16.08307325681837
single-blocker,5,333,intersection,224,0.0,134.75,448.0,301.60107525523784,301.60107525523784,16.539648430403062
single-blocker,5,333,intersection,256,0.0,154.0,512.0,328.55208604289936,328.55208604289936,16.953170479004687
single-blocker,5,333,intersection,288,0.0,173.25,576.0,353.65134934626775,353.65134934626775,17.31141083101455
single-blocker,5,333,intersection,320,0.0,192.5,640.0,377.43794370720445,377.43794370720445,17.633612289725793
single-blocker,5,333,intersection,352,0.0,211.75,704.0,399.82272241654937,399.82272241654937,17.91856280642164
single-blocker,5,333,intersection,384,0.0,231.0,768.0,421.2371150269562,421.2371150269562,18.179797512010758
single-blocker,5,333,intersection,416,0.0,250.25,832.0,441.68099744531025,441.68099744531025,18.417926406255614
single-blocker,5,333,intersection,448,0.0,269.5,896.0,461.3376414352204,461.3376414352204,18.638328858355106
single-blocker,5,333,intersection,480,0.0,288.75,960.0,480.54706782805187,480.54706782805187,18.849644248792725
single-blocker,5,333,intersection,512,0.0,308.0,1024.0,498.75252369443785,498.75252369443785,19.038618269155037
single-blocker,5,333,completed,32,0.0,19.25,64.0,63.96821681185914,63.96821681185914,10.594862197457548
single-blocker,5,333,completed,64,0.0,38.5,128.0,120.53907305509676,120.53907305509676,12.697622192859424
single-blocker,5,333,completed,96,0.0,57.75,192.0,166.45795258658748,166.45795258658748,13.907234564158049
single-blocker,5,333,completed,128,0.0,77.0,256.0,206.63587578322375,206.63587578322375,14.82445281875071
single-blocker,5,333,completed,160,0.0,96.25,320.0,241.64271824720535,241.64271824720535,15.518972293744817
single-blocker,5,333,completed,192,0.0,115.5,384.0,273.18713627571475,273.18713627571475,16.08307325681837
single-blocker,5,333,completed,224,0.0,134.75,448.0,301.60107525523784,301.60107525523784,16.539648430403062
single-blocker,5,333,completed,256,0.0,154.0,512.0,328.55208604289936,328.55208604289936,16.953170479004687
single-blocker,5,333,completed,288,0.0,173.25,576.0,353.65134934626775,353.65134934626775,17.31141083101455
single-blocker,5,333,completed,320,0.0,192.5,640.0,377.43794370720445,377.43794370720445,17.633612289725793
single-blocker,5,333,completed,352,0.0,211.75,704.0,399.82272241654937,399.82272241654937,17.91856280642164
single-blocker,5,333,completed,384,0.0,231.0,768.0,421.2371150269562,421.2371150269562,18.179797512010758
single-blocker,5,333,completed,416,0.0,250.25,832.0,441.68099744531025,441.68099744531025,18.417926406255614
single-blocker,5,333,completed,448,0.0,269.5,896.0,461.3376414352204,461.3376414352204,18.638328858355106
single-blocker,5,333,completed,480,0.0,288.75,960.0,480.54706782805187,480.54706782805187,18.849644248792725
single-blocker,5,333,completed,512,0.0,308.0,1024.0,498.75252369443785,498.75252369443785,19.038618269155037
single-blocker,5,333,plugin,32,0.015625,19.0625,64.0,63.96821681185914,63.96821681185914,10.594862197457548
single-blocker,5,333,plugin,64,0.015625,38.3125,128.0,120.53907305509676,120.53907305509676,12.697622192859424
single-blocker,5,333,plugin,96,0.015625,57.5625,192.0,166.45795258658748,166.45795258658748,13.907234564158049
single-blocker,5,333,plugin,128,0.015625,76.8125,256.0,206.63587578322375,206.63587578322375,14.82445281875071
single-blocker,5,333,plugin,160,0.015625,96.0625,320.0,241.64271824720535,241.64271824720535,15.518972293744817
single-blocker,5,333,plugin,192,0.015625,115.3125,384.0,273.18713627571475,273.18713627571475,16.08307325681837
single-blocker,5,333,plugin,224,0.015625,134.5625,448.0,301.60107525523784,301.60107525523784,16.539648430403062
single-blocker,5,333,plugin,256,0.015625,153.8125,512.0,328.55208604289936,328.55208604289936,16.953170479004687
single-blocker,5,333,plugin,288,0.015625,173.0625,576.0,353.65134934626775,353.65134934626775,17.31141083101455
single-blocker,5,333,plugin,320,0.015625,192.3125,640.0,377.43794370720445,377.43794370720445,17.633612289725793
single-blocker,5,333,plugin,352,0.015625,211.5625,704.0,399.82272241654937,399.82272241654937,17.91856280642164
single-blocker,5,333,plugin,384,0.015625,230.8125,768.0,421.2371150269562,421.2371150269562,18.179797512010758
single-blocker,5,333,plugin,416,0.015625,250.0625,832.0,441.68099744531025,441.68099744531025,18.417926406255614
single-blocker,5,333,plugin,448,0.015625,269.3125,896.0,461.3376414352204,461.3376414352204,18.638328858355106
single-blocker,5,333,plugin,480,0.015625,288.5625,960.0,480.54706782805187,480.54706782805187,18.849644248792725
single-blocker,5,333,plugin,512,0.015625,307.8125,1024.0,498.75252369443785,498.75252369443785,19.038618269155037
single-blocker,5,333,safe,32,11.4375,0.0,32.0,31.968216811859147,31.968216811859147,4.02724519543652
single-blocker,5,333,safe,64,22.875,0.0,64.0,57.42435623340214,57.42435623340214,4.7282659037057675
single-blocker,5,333,safe,96,34.3125,0.0,96.0,76.78319682780861,76.78319682780861,5.136346480888775
single-blocker,5,333,safe,128,45.75,0.0,128.0,93.03345515740088,93.03345515740088,5.425334592589174
single-blocker,5,333,safe,160,57.1875,0.0,160.0,107.31238195727079,107.31238195727079,5.649261224939744
single-blocker,5,333,safe,192,68.625,0.0,192.0,120.1978375468853,120.1978375468853,5.832104609707439
single-blocker,5,333,safe,224,80.0625,0.0,224.0,132.0310352083931,132.0310352083931,5.986627913082163
single-blocker,5,333,safe,256,91.5,0.0,256.0,143.03333360981438,143.03333360981438,6.120438712817281
single-blocker,5,333,safe,288,102.9375,0.0,288.0,153.35798108855585,153.35798108855585,6.238439029233648
single-blocker,5,333,safe,320,114.375,0.0,320.0,163.1162631808352,163.1162631808352,6.343973346894013
single-blocker,5,333,safe,352,125.8125,0.0,352.0,172.39200998111025,172.39200998111025,6.43942571339101
single-blocker,5,333,safe,384,137.25,0.0,384.0,181.25023096678382,181.25023096678382,6.5265555690159704
single-blocker,5,333,safe,416,148.6875,0.0,416.0,189.74254455085054,189.74254455085054,6.6066985205464555
single-blocker,5,333,safe,448,160.125,0.0,448.0,197.91074640079475,197.91074640079475,6.680892410683006
single-blocker,5,333,safe,480,171.5625,0.0,480.0,205.78924141297622,205.78924141297622,6.7499597404471405
single-blocker,5,333,safe,512,183.0,0.0,512.0,213.40675252840046,213.40675252840046,6.81456340954972
single-blocker,5,333,known,32,0.0,19.25,64.0,63.96821681185914,63.96821681185914,10.594862197457548
single-blocker,5,333,known,64,0.0,38.5,128.0,120.53907305509676,120.53907305509676,12.697622192859424
single-blocker,5,333,known,96,0.0,57.75,192.0,166.45795258658748,166.45795258658748,13.907234564158049
single-blocker,5,333,known,128,0.0,77.0,256.0,206.63587578322375,206.63587578322375,14.82445281875071
single-blocker,5,333,known,160,0.0,96.25,320.0,241.64271824720535,241.64271824720535,15.518972293744817
single-blocker,5,333,known,192,0.0,115.5,384.0,273.18713627571475,273.18713627571475,16.08307325681837
single-blocker,5,333,known,224,0.0,134.75,448.0,301.60107525523784,301.60107525523784,16.539648430403062
single-blocker,5,333,known,256,0.0,154.0,512.0,328.55208604289936,328.55208604289936,16.953170479004687
single-blocker,5,333,known,288,0.0,173.25,576.0,353.65134934626775,353.65134934626775,17.31141083101455
single-blocker,5,333,known,320,0.0,192.5,640.0,377.43794370720445,377.43794370720445,17.633612289725793
single-blocker,5,333,known,352,0.0,211.75,704.0,399.82272241654937,399.82272241654937,17.91856280642164
single-blocker,5,333,known,384,0.0,231.0,768.0,421.2371150269562,421.2371150269562,18.179797512010758
single-blocker,5,333,known,416,0.0,250.25,832.0,441.68099744531025,441.68099744531025,18.417926406255614
single-blocker,5,333,known,448,0.0,269.5,896.0,461.3376414352204,461.3376414352204,18.638328858355106
single-blocker,5,333,known,480,0.0,288.75,960.0,480.54706782805187,480.54706782805187,18.849644248792725
single-blocker,5,333,known,512,0.0,308.0,1024.0,498.75252369443785,498.75252369443785,19.038618269155037
single-blocker,5,333,product,32,9.625,24.75,64.0,63.96821681185914,63.96821681185914,8.988898993023579
single-blocker,5,333,product,64,19.25,49.5,128.0,115.79869019748696,115.79869019748696,10.908136316657512
single-blocker,5,333,product,96,28.875,74.25,192.0,156.65575452539122,156.65575452539122,12.646570017570008
single-blocker,5,333,product,128,38.5,99.0,256.0,191.23788560354487,191.23788560354487,13.597959862961774
single-blocker,5,333,product,160,48.125,123.75,320.0,220.89604533802918,220.89604533802918,14.156031991489245
single-blocker,5,333,product,192,57.75,148.5,384.0,248.30364348612125,248.30364348612125,14.697120861744795
single-blocker,5,333,product,224,67.375,173.25,448.0,272.99836127232396,272.99836127232396,15.088702021813509
single-blocker,5,333,product,256,77.0,198.0,512.0,296.6585902333955,296.6585902333955,15.494437514199724
single-blocker,5,333,product,288,86.625,222.75,576.0,319.6603885564971,319.6603885564971,15.903614264242208
single-blocker,5,333,product,320,96.25,247.5,640.0,340.1949777668735,340.1949777668735,16.171043551003873
single-blocker,5,333,product,352,105.875,272.25,704.0,359.03938995821386,359.03938995821386,16.368009224220835
single-blocker,5,333,product,384,115.5,297.0,768.0,382.05241367590395,382.05241367590395,16.83452551783231
single-blocker,5,333,product,416,125.125,321.75,832.0,400.803762888784,400.803762888784,17.068217371368014
single-blocker,5,333,product,448,134.75,346.5,896.0,418.17290903909753,418.17290903909753,17.254046656505157
single-blocker,5,333,product,480,144.375,371.25,960.0,434.9428576847682,434.9428576847682,17.428071424907703
single-blocker,5,333,product,512,154.0,396.0,1024.0,451.8820003047215,451.8820003047215,17.62093066276118
outcome-lag-64,7,333,prefix,32,0.0,17.25,64.0,64.0,64.0,36.13401470094211
outcome-lag-64,7,333,prefix,64,0.0,34.5,128.0,128.0,128.0,71.73903377991854
outcome-lag-64,7,333,prefix,96,0.0,51.75,191.79180896763586,189.91993890989963,189.91993890989963,100.46804157108397
outcome-lag-64,7,333,prefix,128,0.0,69.0,247.04692033066326,245.17848641570484,244.30057258811482,119.56325540962563
outcome-lag-64,7,333,prefix,160,0.0,86.25,292.87857875730265,294.74592288834646,290.118893621003,135.25635238834317
outcome-lag-64,7,333,prefix,192,0.0,103.5,332.0226349534068,341.4804715062763,329.26294981710714,151.0934009125969
outcome-lag-64,7,333,prefix,224,0.0,120.75,365.67435445789334,382.5670218388301,362.9146693215937,164.13977046745237
outcome-lag-64,7,333,prefix,256,0.0,138.0,396.4978116019698,418.93048560202556,393.7381264656701,174.03036476367984
outcome-lag-64,7,333,prefix,288,0.0,155.25,424.18673333804867,452.72922891594374,421.427048201749,183.54412163647936
outcome-lag-64,7,333,prefix,320,0.0,172.5,450.3274020851791,483.83270868111777,447.56771694887937,191.32756345519354
outcome-lag-64,7,333,prefix,352,0.0,189.75,475.3883151989827,513.5053742703682,472.628630062683,198.4176473133274
outcome-lag-64,7,333,prefix,384,0.0,207.0,499.0074728297099,541.7993073409493,496.2477876934102,205.3372572434749
outcome-lag-64,7,333,prefix,416,0.0,224.25,521.125149119768,568.0097098744734,518.3654639834682,211.26129763545285
outcome-lag-64,7,333,prefix,448,0.0,241.5,542.2226566825984,592.8825479130193,539.4629715462986,216.6152894278061
outcome-lag-64,7,333,prefix,480,0.0,258.75,562.4693113870799,616.9550857595433,559.70962625078,221.85543732371735
outcome-lag-64,7,333,prefix,512,0.0,276.0,581.9542773198901,640.2399163740397,579.1945921835903,226.92661486915233
outcome-lag-64,7,333,intersection,32,0.0,17.25,64.0,64.0,64.0,36.13401470094211
outcome-lag-64,7,333,intersection,64,0.0,34.5,128.0,128.0,128.0,71.73903377991854
outcome-lag-64,7,333,intersection,96,0.0,51.75,191.79180896763586,189.91993890989963,189.91993890989963,100.46804157108397
outcome-lag-64,7,333,intersection,128,0.0,69.0,247.04692033066326,245.17848641570484,244.30057258811482,119.56325540962563
outcome-lag-64,7,333,intersection,160,0.0,86.25,292.87857875730265,294.74592288834646,290.118893621003,135.25635238834317
outcome-lag-64,7,333,intersection,192,0.0,103.5,332.0226349534068,341.4804715062763,329.26294981710714,151.0934009125969
outcome-lag-64,7,333,intersection,224,0.0,120.75,365.67435445789334,382.5670218388301,362.9146693215937,164.13977046745237
outcome-lag-64,7,333,intersection,256,0.0,138.0,396.4978116019698,418.93048560202556,393.7381264656701,174.03036476367984
outcome-lag-64,7,333,intersection,288,0.0,155.25,424.18673333804867,452.72922891594374,421.427048201749,183.54412163647936
outcome-lag-64,7,333,intersection,320,0.0,172.5,450.3274020851791,483.83270868111777,447.56771694887937,191.32756345519354
outcome-lag-64,7,333,intersection,352,0.0,189.75,475.3883151989827,513.5053742703682,472.628630062683,198.4176473133274
outcome-lag-64,7,333,intersection,384,0.0,207.0,499.0074728297099,541.7993073409493,496.2477876934102,205.3372572434749
outcome-lag-64,7,333,intersection,416,0.0,224.25,521.125149119768,568.0097098744734,518.3654639834682,211.26129763545285
outcome-lag-64,7,333,intersection,448,0.0,241.5,542.2226566825984,592.8825479130193,539.4629715462986,216.6152894278061
outcome-lag-64,7,333,intersection,480,0.0,258.75,562.4693113870799,616.9550857595433,559.70962625078,221.85543732371735
outcome-lag-64,7,333,intersection,512,0.0,276.0,581.9542773198901,640.2399163740397,579.1945921835903,226.92661486915233
outcome-lag-64,7,333,completed,32,0.0,17.25,64.0,64.0,64.0,36.13401470094211
outcome-lag-64,7,333,completed,64,6.86328125,26.953125,114.0,114.0,114.0,62.041417336101276
outcome-lag-64,7,333,completed,96,20.099609375,29.6484375,150.79180896763586,148.9199389098996,148.9199389098996,75.14393051579603
outcome-lag-64,7,333,completed,128,20.099609375,46.8984375,206.42111643867122,203.94903445252655,203.55898010384703,89.69215880961481
outcome-lag-64,7,333,completed,160,20.099609375,64.1484375,255.48465014242677,255.9462220576497,252.6096234918227,106.41086633026605
outcome-lag-64,7,333,completed,192,20.099609375,81.3984375,299.4859730039109,306.4697553755001,296.6109463533068,124.86989151184855
outcome-lag-64,7,333,completed,224,20.099609375,98.6484375,336.7425234141491,351.3346017883873,333.86749676354503,139.77544353953468
outcome-lag-64,7,333,completed,256,20.099609375,115.8984375,370.08755233223485,390.34651966663415,367.2125256816308,150.8033520467882
outcome-lag-64,7,333,completed,288,20.099609375,133.1484375,399.6629687663017,426.3500483041359,396.74592547918814,161.2965788524099
outcome-lag-64,7,333,completed,320,20.099609375,150.3984375,427.28580854298446,459.1875487251218,424.3633074901393,169.7889749801719
outcome-lag-64,7,333,completed,352,20.099609375,167.6484375,453.5589576232743,490.25894222342004,450.6364565704291,177.41029984904546
outcome-lag-64,7,333,completed,384,20.099609375,184.8984375,478.19938391974625,519.727903244304,475.2768828669011,184.7662601845792
outcome-lag-64,7,333,completed,416,20.099609375,202.1484375,501.18121909568,546.9371627242444,498.2587180428348,191.02830026189713
outcome-lag-64,7,333,completed,448,20.099609375,219.3984375,523.0218376115637,572.6854235283125,520.0993365587185,196.67310916526304
outcome-lag-64,7,333,completed,480,20.099609375,236.6484375,543.9241376681342,597.5720176377315,541.001636615289,202.20532084501946
outcome-lag-64,7,333,completed,512,20.099609375,253.8984375,563.9911868041112,621.6104877512374,561.0686857512661,207.56031181579655
outcome-lag-64,7,333,plugin,32,0.4375,13.0,58.0,58.0,58.0,34.916157558084954
outcome-lag-64,7,333,plugin,64,1.75,18.5,105.0,105.0,105.0,62.467607096114556
outcome-lag-64,7,333,plugin,96,2.474609375,27.4296875,158.79180896763586,156.9199389098996,156.9199389098996,86.51612136141054
outcome-lag-64,7,333,plugin,128,3.349609375,34.1796875,198.5818903184639,196.47965106928817,195.83554257591544,100.2854973750176
outcome-lag-64,7,333,plugin,160,3.896484375,44.8671875,238.4435258531796,239.84985170391923,235.69717811063114,112.81321815129567
outcome-lag-64,7,333,plugin,192,4.771484375,51.6171875,264.5609377307454,272.2853132952936,261.81458998819693,124.02660721097652
outcome-lag-64,7,333,plugin,224,5.345703125,61.9765625,295.2166543201179,309.2734563434514,292.47030657756943,134.94607665795158
outcome-lag-64,7,333,plugin,256,6.001953125,71.3515625,319.93133703059925,338.9240768231213,317.18498928805076,143.3296270139088
outcome-lag-64,7,333,plugin,288,6.712890625,80.0703125,342.7984615347071,367.9350690505843,340.0521137921586,152.32674329885356
outcome-lag-64,7,333,plugin,320,6.822265625,96.0078125,372.83473440146605,402.7102704807664,370.08838665891756,160.59500822630451
outcome-lag-64,7,333,plugin,352,7.697265625,102.7578125,387.69719519948467,421.09222885556466,384.9508474569362,165.57049292400964
outcome-lag-64,7,333,plugin,384,7.833984375,118.3671875,418.3124591838703,455.0807334489462,415.1898233148646,172.11523444627753
outcome-lag-64,7,333,plugin,416,8.708984375,125.1171875,434.40097698495146,474.7399862450912,431.27834111594575,176.90453077236165
outcome-lag-64,7,333,plugin,448,8.982421875,139.0859375,456.1084879385295,499.8910098492986,452.9858520695238,182.06245770143948
outcome-lag-64,7,333,plugin,480,8.982421875,156.3359375,481.25742083387996,528.7196593058942,478.13394502044423,188.00595318246147
outcome-lag-64,7,333,plugin,512,8.982421875,173.5859375,505.3624201680788,557.1723006985723,502.2389443546431,194.87770197493361
outcome-lag-64,7,333,safe,32,15.6875,0.0,32.0,32.0,32.0,13.01934264698987
outcome-lag-64,7,333,safe,64,31.375,0.0,64.0,64.0,64.0,27.13740047302482
outcome-lag-64,7,333,safe,96,47.0625,0.0,95.79180896763587,93.91993890989963,93.91993890989963,38.66587070220602
outcome-lag-64,7,333,safe,128,62.75,0.0,120.24823359334118,117.88818771925621,117.50188585079258,46.672849293670716
outcome-lag-64,7,333,safe,160,78.4375,0.0,139.0705869819439,139.1256891284797,136.3242392393953,53.85535053537491
outcome-lag-64,7,333,safe,192,94.125,0.0,154.96212003558986,158.99405230648776,152.21577229304125,61.02110150853613
outcome-lag-64,7,333,safe,224,109.8125,0.0,168.98430198798496,176.2919531176279,166.23795424543636,66.64032796154318
outcome-lag-64,7,333,safe,256,125.5,0.0,181.6569140798967,191.6333158927505,178.9105663373481,71.11320313497953
outcome-lag-64,7,333,safe,288,141.1875,0.0,193.31458292998212,206.11184570303823,190.56823518743352,75.38508578294238
outcome-lag-64,7,333,safe,320,156.875,0.0,204.1724991946522,219.12137146947717,201.4261514521036,78.74186377476221
outcome-lag-64,7,333,safe,352,172.5625,0.0,214.3595746333781,231.49445280511435,211.61322689082948,81.93465067662136
outcome-lag-64,7,333,safe,384,188.25,0.0,224.00079659218653,243.6307350733,221.25444884963792,85.29984181475842
outcome-lag-64,7,333,safe,416,203.9375,0.0,233.1739171592266,255.06173349083207,230.42756941667798,88.31866959975432
outcome-lag-64,7,333,safe,448,219.625,0.0,241.9393859128443,265.7838543057793,239.1930381702957,90.9467824548937
outcome-lag-64,7,333,safe,480,235.3125,0.0,250.34341413490972,275.907789088496,247.5970663923611,93.26128955519276
outcome-lag-64,7,333,safe,512,251.0,0.0,258.42844309894576,285.4698118858399,255.68209535639716,95.27040490621512
outcome-lag-64,7,333,known,32,0.0,17.25,64.0,64.0,64.0,36.13401470094211
outcome-lag-64,7,333,known,64,0.0,34.5,128.0,128.0,128.0,71.73903377991854
outcome-lag-64,7,333,known,96,0.0,51.75,191.79180896763586,189.91993890989963,189.91993890989963,100.46804157108397
outcome-lag-64,7,333,known,128,0.0,69.0,247.04692033066326,245.17848641570484,244.30057258811482,119.56325540962563
outcome-lag-64,7,333,known,160,0.0,86.25,292.87857875730265,294.74592288834646,290.118893621003,135.25635238834317
outcome-lag-64,7,333,known,192,0.0,103.5,332.0226349534068,341.4804715062763,329.26294981710714,151.0934009125969
outcome-lag-64,7,333,known,224,0.0,120.75,365.67435445789334,382.5670218388301,362.9146693215937,164.13977046745237
outcome-lag-64,7,333,known,256,0.0,138.0,396.4978116019698,418.93048560202556,393.7381264656701,174.03036476367984
outcome-lag-64,7,333,known,288,0.0,155.25,424.18673333804867,452.72922891594374,421.427048201749,183.54412163647936
outcome-lag-64,7,333,known,320,0.0,172.5,450.3274020851791,483.83270868111777,447.56771694887937,191.32756345519354
outcome-lag-64,7,333,known,352,0.0,189.75,475.3883151989827,513.5053742703682,472.628630062683,198.4176473133274
outcome-lag-64,7,333,known,384,0.0,207.0,499.0074728297099,541.7993073409493,496.2477876934102,205.3372572434749
outcome-lag-64,7,333,known,416,0.0,224.25,521.125149119768,568.0097098744734,518.3654639834682,211.26129763545285
outcome-lag-64,7,333,known,448,0.0,241.5,542.2226566825984,592.8825479130193,539.4629715462986,216.6152894278061
outcome-lag-64,7,333,known,480,0.0,258.75,562.4693113870799,616.9550857595433,559.70962625078,221.85543732371735
outcome-lag-64,7,333,known,512,0.0,276.0,581.9542773198901,640.2399163740397,579.1945921835903,226.92661486915233
outcome-lag-64,7,333,product,32,0.0,17.25,64.0,64.0,64.0,36.13401470094211
outcome-lag-64,7,333,product,64,0.0,34.5,128.0,128.0,128.0,71.73903377991854
outcome-lag-64,7,333,product,96,0.0,51.75,191.79180896763586,189.91993890989963,189.91993890989963,100.46804157108397
outcome-lag-64,7,333,product,128,0.0,69.0,247.04692033066326,245.17848641570484,244.30057258811482,119.56325540962563
outcome-lag-64,7,333,product,160,0.0,86.25,292.87857875730265,294.74592288834646,290.118893621003,135.25635238834317
outcome-lag-64,7,333,product,192,0.0,103.5,332.0226349534068,341.4804715062763,329.26294981710714,151.0934009125969
outcome-lag-64,7,333,product,224,0.0,120.75,365.67435445789334,382.5670218388301,362.9146693215937,164.13977046745237
outcome-lag-64,7,333,product,256,0.0,138.0,396.4978116019698,418.93048560202556,393.7381264656701,174.03036476367984
outcome-lag-64,7,333,product,288,0.0,155.25,424.18673333804867,452.72922891594374,421.427048201749,183.54412163647936
outcome-lag-64,7,333,product,320,0.0,172.5,450.3274020851791,483.83270868111777,447.56771694887937,191.32756345519354
outcome-lag-64,7,333,product,352,0.0,189.75,475.3883151989827,513.5053742703682,472.628630062683,198.4176473133274
outcome-lag-64,7,333,product,384,0.0,207.0,499.0074728297099,541.7993073409493,496.2477876934102,205.3372572434749
outcome-lag-64,7,333,product,416,0.0,224.25,521.125149119768,568.0097098744734,518.3654639834682,211.26129763545285
outcome-lag-64,7,333,product,448,0.0,241.5,542.2226566825984,592.8825479130193,539.4629715462986,216.6152894278061
outcome-lag-64,7,333,product,480,0.0,258.75,562.4693113870799,616.9550857595433,559.70962625078,221.85543732371735
outcome-lag-64,7,333,product,512,0.0,276.0,581.9542773198901,640.2399163740397,579.1945921835903,226.92661486915233
single-blocker,7,333,prefix,32,0.0,17.25,64.0,63.96821681185914,63.96821681185914,10.435915588510936
single-blocker,7,333,prefix,64,0.0,34.5,128.0,120.2182918707478,120.2182918707478,12.65274836749779
single-blocker,7,333,prefix,96,0.0,51.75,192.0,166.7194373960435,166.7194373960435,13.921408562203013
single-blocker,7,333,prefix,128,0.0,69.0,256.0,206.7991147788602,206.7991147788602,14.8320404691955
single-blocker,7,333,prefix,160,0.0,86.25,320.0,241.64271824720532,241.64271824720532,15.518972293744811
single-blocker,7,333,prefix,192,0.0,103.5,384.0,273.1010645340336,273.1010645340336,16.079818486896933
single-blocker,7,333,prefix,224,0.0,120.75,448.0,301.6010752552381,301.6010752552381,16.539648430403055
single-blocker,7,333,prefix,256,0.0,138.0,512.0,328.48527241344095,328.48527241344095,16.950976121637904
single-blocker,7,333,prefix,288,0.0,155.25,576.0,353.11400623705225,353.11400623705225,17.29472350413069
single-blocker,7,333,prefix,320,0.0,172.5,640.0,376.7527428118118,376.7527428118118,17.613422132430397
single-blocker,7,333,prefix,352,0.0,189.75,704.0,399.63520144161265,399.63520144161265,17.91329903111482
single-blocker,7,333,prefix,384,0.0,207.0,768.0,421.27709767993787,421.27709767993787,18.18087212900623
single-blocker,7,333,prefix,416,0.0,224.25,832.0,441.8036869881904,441.8036869881904,18.421099295712697
single-blocker,7,333,prefix,448,0.0,241.5,896.0,461.54493564159,461.54493564159,18.643501702919533
single-blocker,7,333,prefix,480,0.0,258.75,960.0,480.5843674503666,480.5843674503666,18.8505435610833
single-blocker,7,333,prefix,512,0.0,276.0,1024.0,498.99168777873683,498.99168777873683,19.044210820392234
single-blocker,7,333,intersection,32,0.0,17.25,64.0,63.96821681185914,63.96821681185914,10.435915588510936
single-blocker,7,333,intersection,64,0.0,34.5,128.0,120.2182918707478,120.2182918707478,12.65274836749779
single-blocker,7,333,intersection,96,0.0,51.75,192.0,166.7194373960435,166.7194373960435,13.921408562203013
single-blocker,7,333,intersection,128,0.0,69.0,256.0,206.7991147788602,206.7991147788602,14.8320404691955
single-blocker,7,333,intersection,160,0.0,86.25,320.0,241.64271824720532,241.64271824720532,15.518972293744811
single-blocker,7,333,intersection,192,0.0,103.5,384.0,273.1010645340336,273.1010645340336,16.079818486896933
single-blocker,7,333,intersection,224,0.0,120.75,448.0,301.6010752552381,301.6010752552381,16.539648430403055
single-blocker,7,333,intersection,256,0.0,138.0,512.0,328.48527241344095,328.48527241344095,16.950976121637904
single-blocker,7,333,intersection,288,0.0,155.25,576.0,353.11400623705225,353.11400623705225,17.29472350413069
single-blocker,7,333,intersection,320,0.0,172.5,640.0,376.7527428118118,376.7527428118118,17.613422132430397
single-blocker,7,333,intersection,352,0.0,189.75,704.0,399.63520144161265,399.63520144161265,17.91329903111482
single-blocker,7,333,intersection,384,0.0,207.0,768.0,421.27709767993787,421.27709767993787,18.18087212900623
single-blocker,7,333,intersection,416,0.0,224.25,832.0,441.8036869881904,441.8036869881904,18.421099295712697
single-blocker,7,333,intersection,448,0.0,241.5,896.0,461.54493564159,461.54493564159,18.643501702919533
single-blocker,7,333,intersection,480,0.0,258.75,960.0,480.5843674503666,480.5843674503666,18.8505435610833
single-blocker,7,333,intersection,512,0.0,276.0,1024.0,498.99168777873683,498.99168777873683,19.044210820392234
single-blocker,7,333,completed,32,0.0,17.25,64.0,63.96821681185914,63.96821681185914,10.435915588510936
single-blocker,7,333,completed,64,0.0,34.5,128.0,120.2182918707478,120.2182918707478,12.65274836749779
single-blocker,7,333,completed,96,0.0,51.75,192.0,166.7194373960435,166.7194373960435,13.921408562203013
single-blocker,7,333,completed,128,0.0,69.0,256.0,206.7991147788602,206.7991147788602,14.8320404691955
single-blocker,7,333,completed,160,0.0,86.25,320.0,241.64271824720532,241.64271824720532,15.518972293744811
single-blocker,7,333,completed,192,0.0,103.5,384.0,273.1010645340336,273.1010645340336,16.079818486896933
single-blocker,7,333,completed,224,0.0,120.75,448.0,301.6010752552381,301.6010752552381,16.539648430403055
single-blocker,7,333,completed,256,0.0,138.0,512.0,328.48527241344095,328.48527241344095,16.950976121637904
single-blocker,7,333,completed,288,0.0,155.25,576.0,353.11400623705225,353.11400623705225,17.29472350413069
single-blocker,7,333,completed,320,0.0,172.5,640.0,376.7527428118118,376.7527428118118,17.613422132430397
single-blocker,7,333,completed,352,0.0,189.75,704.0,399.63520144161265,399.63520144161265,17.91329903111482
single-blocker,7,333,completed,384,0.0,207.0,768.0,421.27709767993787,421.27709767993787,18.18087212900623
single-blocker,7,333,completed,416,0.0,224.25,832.0,441.8036869881904,441.8036869881904,18.421099295712697
single-blocker,7,333,completed,448,0.0,241.5,896.0,461.54493564159,461.54493564159,18.643501702919533
single-blocker,7,333,completed,480,0.0,258.75,960.0,480.5843674503666,480.5843674503666,18.8505435610833
single-blocker,7,333,completed,512,0.0,276.0,1024.0,498.99168777873683,498.99168777873683,19.044210820392234
single-blocker,7,333,plugin,32,0.328125,13.3125,58.0,57.96821681185914,57.96821681185914,9.218058445653792
single-blocker,7,333,plugin,64,1.203125,20.0625,110.0,102.2182918707478,102.2182918707478,10.555008710354109
single-blocker,7,333,plugin,96,2.078125,26.8125,161.0,135.84653610198853,135.84653610198853,11.332610336463462
single-blocker,7,333,plugin,128,2.953125,33.5625,209.0,162.42700048686655,162.42700048686655,11.852835130866074
single-blocker,7,333,plugin,160,3.828125,40.3125,258.0,186.54607868631138,186.54607868631138,12.275081390039043
single-blocker,7,333,plugin,192,4.703125,47.0625,306.0,207.89635341435226,207.89635341435226,12.614339207951414
single-blocker,7,333,plugin,224,5.578125,53.8125,358.0,229.47534096508926,229.47534096508926,12.935219251348133
single-blocker,7,333,plugin,256,6.453125,60.5625,405.0,247.2967267744088,247.2967267744088,13.177832432484834
single-blocker,7,333,plugin,288,7.328125,67.3125,460.0,267.41749882350035,267.41749882350035,13.442591911455173
single-blocker,7,333,plugin,320,8.203125,74.0625,510.0,284.37700950444315,284.37700950444315,13.649621448802414
single-blocker,7,333,plugin,352,9.078125,80.8125,553.0,297.8808283822313,297.8808283822313,13.802381030833812
single-blocker,7,333,plugin,384,9.953125,87.5625,598.0,311.58482877232234,311.58482877232234,13.953257827375467
single-blocker,7,333,plugin,416,10.828125,94.3125,648.0,326.54294066458203,326.54294066458203,14.115451193804303
single-blocker,7,333,plugin,448,11.703125,101.0625,698.0,340.92385196538663,340.92385196538663,14.265470754798097
single-blocker,7,333,plugin,480,12.578125,107.8125,748.0,354.78944616201113,354.78944616201113,14.40501725222185
single-blocker,7,333,plugin,512,13.453125,114.5625,798.0,368.19129166500477,368.19129166500477,14.535458147134403
single-blocker,7,333,safe,32,15.6875,0.0,32.0,31.968216811859147,31.968216811859147,4.02724519543652
single-blocker,7,333,safe,64,31.375,0.0,64.0,57.42435623340214,57.42435623340214,4.7282659037057675
single-blocker,7,333,safe,96,47.0625,0.0,96.0,76.78319682780861,76.78319682780861,5.136346480888775
single-blocker,7,333,safe,128,62.75,0.0,128.0,93.03345515740088,93.03345515740088,5.425334592589174
single-blocker,7,333,safe,160,78.4375,0.0,160.0,107.31238195727079,107.31238195727079,5.649261224939744
single-blocker,7,333,safe,192,94.125,0.0,192.0,120.1978375468853,120.1978375468853,5.832104609707439
single-blocker,7,333,safe,224,109.8125,0.0,224.0,132.0310352083931,132.0310352083931,5.986627913082163
single-blocker,7,333,safe,256,125.5,0.0,256.0,143.03333360981438,143.03333360981438,6.120438712817281
single-blocker,7,333,safe,288,141.1875,0.0,288.0,153.35798108855585,153.35798108855585,6.238439029233648
single-blocker,7,333,safe,320,156.875,0.0,320.0,163.1162631808352,163.1162631808352,6.343973346894013
single-blocker,7,333,safe,352,172.5625,0.0,352.0,172.39200998111025,172.39200998111025,6.43942571339101
single-blocker,7,333,safe,384,188.25,0.0,384.0,181.25023096678382,181.25023096678382,6.5265555690159704
single-blocker,7,333,safe,416,203.9375,0.0,416.0,189.74254455085054,189.74254455085054,6.6066985205464555
single-blocker,7,333,safe,448,219.625,0.0,448.0,197.91074640079475,197.91074640079475,6.680892410683006
single-blocker,7,333,safe,480,235.3125,0.0,480.0,205.78924141297622,205.78924141297622,6.7499597404471405
single-blocker,7,333,safe,512,251.0,0.0,512.0,213.40675252840046,213.40675252840046,6.81456340954972
single-blocker,7,333,known,32,0.0,17.25,64.0,63.96821681185914,63.96821681185914,10.435915588510936
single-blocker,7,333,known,64,0.0,34.5,128.0,120.2182918707478,120.2182918707478,12.65274836749779
single-blocker,7,333,known,96,0.0,51.75,192.0,166.7194373960435,166.7194373960435,13.921408562203013
single-blocker,7,333,known,128,0.0,69.0,256.0,206.7991147788602,206.7991147788602,14.8320404691955
single-blocker,7,333,known,160,0.0,86.25,320.0,241.64271824720532,241.64271824720532,15.518972293744811
single-blocker,7,333,known,192,0.0,103.5,384.0,273.1010645340336,273.1010645340336,16.079818486896933
single-blocker,7,333,known,224,0.0,120.75,448.0,301.6010752552381,301.6010752552381,16.539648430403055
single-blocker,7,333,known,256,0.0,138.0,512.0,328.48527241344095,328.48527241344095,16.950976121637904
single-blocker,7,333,known,288,0.0,155.25,576.0,353.11400623705225,353.11400623705225,17.29472350413069
single-blocker,7,333,known,320,0.0,172.5,640.0,376.7527428118118,376.7527428118118,17.613422132430397
single-blocker,7,333,known,352,0.0,189.75,704.0,399.63520144161265,399.63520144161265,17.91329903111482
single-blocker,7,333,known,384,0.0,207.0,768.0,421.27709767993787,421.27709767993787,18.18087212900623
single-blocker,7,333,known,416,0.0,224.25,832.0,441.8036869881904,441.8036869881904,18.421099295712697
single-blocker,7,333,known,448,0.0,241.5,896.0,461.54493564159,461.54493564159,18.643501702919533
single-blocker,7,333,known,480,0.0,258.75,960.0,480.5843674503666,480.5843674503666,18.8505435610833
single-blocker,7,333,known,512,0.0,276.0,1024.0,498.99168777873683,498.99168777873683,19.044210820392234
single-blocker,7,333,product,32,0.0,17.25,64.0,63.96821681185914,63.96821681185914,10.435915588510936
single-blocker,7,333,product,64,0.0,34.5,128.0,120.2182918707478,120.2182918707478,12.65274836749779
single-blocker,7,333,product,96,0.0,51.75,192.0,166.7194373960435,166.7194373960435,13.921408562203013
single-blocker,7,333,product,128,0.0,69.0,256.0,206.7991147788602,206.7991147788602,14.8320404691955
single-blocker,7,333,product,160,0.0,86.25,320.0,241.64271824720532,241.64271824720532,15.518972293744811
single-blocker,7,333,product,192,0.0,103.5,384.0,273.1010645340336,273.1010645340336,16.079818486896933
single-blocker,7,333,product,224,0.0,120.75,448.0,301.6010752552381,301.6010752552381,16.539648430403055
single-blocker,7,333,product,256,0.0,138.0,512.0,328.48527241344095,328.48527241344095,16.950976121637904
single-blocker,7,333,product,288,0.0,155.25,576.0,353.11400623705225,353.11400623705225,17.29472350413069
single-blocker,7,333,product,320,0.0,172.5,640.0,376.7527428118118,376.7527428118118,17.613422132430397
single-blocker,7,333,product,352,0.0,189.75,704.0,399.63520144161265,399.63520144161265,17.91329903111482
single-blocker,7,333,product,384,0.0,207.0,768.0,421.27709767993787,421.27709767993787,18.18087212900623
single-blocker,7,333,product,416,0.0,224.25,832.0,441.8036869881904,441.8036869881904,18.421099295712697
single-blocker,7,333,product,448,0.0,241.5,896.0,461.54493564159,461.54493564159,18.643501702919533
single-blocker,7,333,product,480,0.0,258.75,960.0,480.5843674503666,480.5843674503666,18.8505435610833
single-blocker,7,333,product,512,0.0,276.0,1024.0,498.99168777873683,498.99168777873683,19.044210820392234
outcome-lag-64,9,333,prefix,32,2.0,28.0,64.0,64.0,64.0,21.181095093896772
outcome-lag-64,9,333,prefix,64,4.0,56.0,128.0,128.0,128.0,46.83919026680893
outcome-lag-64,9,333,prefix,96,6.0,84.0,191.79441398765346,189.23022840573378,189.23022840573378,66.90772917276034
outcome-lag-64,9,333,prefix,128,8.0,112.0,245.11850317015734,240.7318953352781,239.30804642520255,81.47364445255177
outcome-lag-64,9,333,prefix,160,10.0,140.0,288.5143615874513,285.03541510075286,281.3405744579329,92.28260943025288
outcome-lag-64,9,333,prefix,192,12.0,168.0,325.255749207977,322.6087365576826,317.24517620933375,100.11770253723586
outcome-lag-64,9,333,prefix,224,13.90625,195.125,358.6008890947809,357.72394353710666,350.14699583158205,106.9920119283213
outcome-lag-64,9,333,prefix,256,15.296875,217.4375,391.1428784544128,391.65723985882914,381.1615615746874,113.65691664273452
outcome-lag-64,9,333,prefix,288,16.5078125,237.78125,421.0527702350881,422.8000255706728,409.4644117723993,120.50924887558946
outcome-lag-64,9,333,prefix,320,16.546875,238.4375,431.9080998965201,435.9184483381324,420.3197414338313,123.97492386843
outcome-lag-64,9,333,prefix,352,16.546875,238.4375,442.10084303595147,448.086518664785,430.51248457326267,126.96269976130446
outcome-lag-64,9,333,prefix,384,16.546875,238.4375,451.73993568832907,459.61947039124686,440.15157722564027,129.72456035771765
outcome-lag-64,9,333,prefix,416,16.546875,238.4375,460.8981710146205,470.88181514145685,449.3098125519317,132.57473447539144
outcome-lag-64,9,333,prefix,448,16.546875,238.4375,469.6639940541036,481.73828059627806,458.0756355914148,135.33719197040477
outcome-lag-64,9,333,prefix,480,16.546875,238.4375,478.0664287323047,492.20270300735723,466.4780702696159,137.99218669906665
outcome-lag-64,9,333,prefix,512,16.546875,238.4375,486.1546220860557,502.26150121164824,474.5662636233669,140.49807745703615
outcome-lag-64,9,333,intersection,32,2.0,28.0,64.0,64.0,64.0,21.181095093896772
outcome-lag-64,9,333,intersection,64,4.0,56.0,128.0,128.0,128.0,46.82352633940541
outcome-lag-64,9,333,intersection,96,6.0,84.0,191.81609176328246,189.81288499095905,189.81288499095905,67.2445868265541
outcome-lag-64,9,333,intersection,128,8.0,112.0,246.26696595379133,241.94934181180628,240.52549290173081,81.9568316392146
outcome-lag-64,9,333,intersection,160,10.0,140.0,290.3357577576528,286.1757063747508,282.48086573193115,92.75080665697318
outcome-lag-64,9,333,intersection,192,11.90625,167.125,327.91054360672945,324.4897698371052,319.13803538604566,100.59296247594321
outcome-lag-64,9,333,intersection,224,12.53125,177.625,351.00361927727045,349.0071099684923,341.4809577614594,106.02541518367003
outcome-lag-64,9,333,intersection,256,12.53125,177.625,363.6670298251233,364.58617796703135,354.14436830931226,110.73599558052307
outcome-lag-64,9,333,intersection,288,12.53125,177.625,375.32499231356695,379.0840759696066,365.8023307977559,115.02724642077344
outcome-lag-64,9,333,intersection,320,12.53125,177.625,386.180321974999,392.2024987370662,376.657660459188,118.49292141361397
outcome-lag-64,9,333,intersection,352,12.53125,177.625,396.37306511443035,404.3705690637188,386.8504035986193,121.48069730648844
outcome-lag-64,9,333,intersection,384,12.53125,177.625,406.01215776680795,415.90352079018066,396.4894962509969,124.24255790290165
outcome-lag-64,9,333,intersection,416,12.53125,177.625,415.1703930930994,427.16586554039066,405.64773157728837,127.09273202057541
outcome-lag-64,9,333,intersection,448,12.53125,177.625,423.9362161325825,438.02233099521186,414.4135546167715,129.85518951558873
outcome-lag-64,9,333,intersection,480,12.53125,177.625,432.3386508107836,448.48675340629103,422.81598929497255,132.5101842442506
outcome-lag-64,9,333,intersection,512,12.53125,177.625,440.4268441645346,458.54555161058204,430.9041826487236,135.0160750022201
outcome-lag-64,9,333,completed,32,2.0,28.0,64.0,64.0,64.0,20.828154123991876
outcome-lag-64,9,333,completed,64,3.9375,55.125,127.0,127.0,127.0,48.31274226156311
outcome-lag-64,9,333,completed,96,5.421875,77.4375,181.81609176328246,180.84117755335564,180.84117755335564,67.36655364222008
outcome-lag-64,9,333,completed,128,7.0703125,102.15625,235.4069112879107,232.88565465223053,231.4618057421552,81.11856252136833
outcome-lag-64,9,333,completed,160,8.5546875,125.34375,278.55959414305954,276.3747513822895,272.67991073947,92.05971072143065
outcome-lag-64,9,333,completed,192,9.6796875,143.71875,311.3913448705181,309.81656983357783,304.4257714156561,99.11284662560739
outcome-lag-64,9,333,completed,224,10.6328125,159.03125,334.99793311736545,335.2534581064176,327.6882419325226,104.36587716276672
outcome-lag-64,9,333,completed,256,11.3359375,170.84375,355.29885722632594,358.20147844707833,347.6973123736715,109.4469448431938
outcome-lag-64,9,333,completed,288,11.4921875,173.46875,369.24421250355454,375.0225954455935,361.6426676509001,113.88817853798736
outcome-lag-64,9,333,completed,320,11.921875,180.6875,384.90169856954986,392.91193637426164,377.26876800899635,117.41561051259592
outcome-lag-64,9,333,completed,352,11.921875,180.6875,395.0944417089812,405.0800067009142,387.4615111484277,120.40338640547039
outcome-lag-64,9,333,completed,384,11.921875,180.6875,404.7335343613588,416.6129584273761,397.1006038008053,123.1652470018836
outcome-lag-64,9,333,completed,416,11.921875,180.6875,413.89176968765025,427.8753031775861,406.25883912709673,126.01542111955736
outcome-lag-64,9,333,completed,448,11.921875,180.6875,422.65759272713336,438.7317686324073,415.02466216657984,128.77787861457068
outcome-lag-64,9,333,completed,480,11.921875,180.6875,431.06002740533444,449.19619104348646,423.4270968447809,131.43287334323256
outcome-lag-64,9,333,completed,512,11.921875,180.6875,439.14822075908546,459.2549892477775,431.51529019853194,133.93876410120205
outcome-lag-64,9,333,plugin,32,0.2421875,3.71875,37.0,37.0,37.0,17.346803530141283
outcome-lag-64,9,333,plugin,64,0.7421875,17.71875,86.0,86.0,86.0,38.14867971297492
outcome-lag-64,9,333,plugin,96,0.8828125,21.65625,123.81609176328242,123.02571295994088,123.02571295994088,53.42445424842591
outcome-lag-64,9,333,plugin,128,0.8828125,21.65625,148.30070574248865,148.78101285141733,147.35716394134192,63.21848392201048
outcome-lag-64,9,333,plugin,160,0.8828125,21.65625,167.16232486242515,169.9136237040981,166.21878306127843,70.29609460717184
outcome-lag-64,9,333,plugin,192,0.8828125,21.65625,183.05565528238608,187.46146793520563,182.11211348123936,75.1413266334326
outcome-lag-64,9,333,plugin,224,0.8828125,21.65625,197.05504650509124,203.63527691388396,196.11150470394452,79.63646125397781
outcome-lag-64,9,333,plugin,256,0.8828125,21.65625,209.71845705294407,219.21434491242314,208.77491525179735,84.34704165083085
outcome-lag-64,9,333,plugin,288,0.8828125,21.65625,221.37641954138763,233.71224291499854,220.4328777402409,88.63829249108122
outcome-lag-64,9,333,plugin,320,0.8828125,21.65625,232.23174920281963,246.83066568245806,231.2882074016729,92.10396748392175
outcome-lag-64,9,333,plugin,352,0.8828125,21.65625,242.42449234225077,258.99873600911053,241.48095054110405,95.09174337679622
outcome-lag-64,9,333,plugin,384,0.8828125,21.65625,252.06358499462812,270.5316877355724,251.1200431934814,97.85360397320943
outcome-lag-64,9,333,plugin,416,0.8828125,21.65625,261.22182032091945,281.7940324857824,260.27827851977264,100.70377809088319
outcome-lag-64,9,333,plugin,448,0.8828125,21.65625,269.98764336040256,292.6504979406036,269.04410155925575,103.46623558589651
outcome-lag-64,9,333,plugin,480,0.8828125,21.65625,278.39007803860363,303.11492035168277,277.4465362374568,106.12123031455833
outcome-lag-64,9,333,plugin,512,0.8828125,21.65625,286.47827139235466,313.1737185559738,285.53472959120785,108.62712107252771
outcome-lag-64,9,333,safe,32,0.0,0.0,32.0,32.0,32.0,17.346803530141283
outcome-lag-64,9,333,safe,64,0.0,0.0,64.0,64.0,64.0,36.24551513159827
outcome-lag-64,9,333,safe,96,0.0,0.0,95.81609176328242,95.02571295994088,95.02571295994088,50.148530397333474
outcome-lag-64,9,333,safe,128,0.0,0.0,120.30070574248876,120.78101285141734,119.35716394134202,59.94256007091804
outcome-lag-64,9,333,safe,160,0.0,0.0,139.16232486242524,141.91362370409806,138.2187830612785,67.0201707560794
outcome-lag-64,9,333,safe,192,0.0,0.0,155.05565528238617,159.4614679352056,154.11211348123942,71.86540278234015
outcome-lag-64,9,333,safe,224,0.0,0.0,169.05504650509133,175.63527691388393,168.11150470394458,76.36053740288537
outcome-lag-64,9,333,safe,256,0.0,0.0,181.71845705294416,191.21434491242312,180.7749152517974,81.0711177997384
outcome-lag-64,9,333,safe,288,0.0,0.0,193.37641954138772,205.7122429149985,192.43287774024097,85.36236863998877
outcome-lag-64,9,333,safe,320,0.0,0.0,204.2317492028197,218.83066568245803,203.28820740167296,88.8280436328293
outcome-lag-64,9,333,safe,352,0.0,0.0,214.42449234225086,230.9987360091105,213.4809505411041,91.81581952570377
outcome-lag-64,9,333,safe,384,0.0,0.0,224.0635849946282,242.5316877355723,223.12004319348145,94.57768012211699
outcome-lag-64,9,333,safe,416,0.0,0.0,233.22182032091922,253.79403248578228,232.27827851977247,97.42785423979075
outcome-lag-64,9,333,safe,448,0.0,0.0,241.98764336040236,264.65049794060343,241.0441015592556,100.19031173480407
outcome-lag-64,9,333,safe,480,0.0,0.0,250.39007803860366,275.1149203516826,249.4465362374569,102.84530646346589
outcome-lag-64,9,333,safe,512,0.0,0.0,258.47827139235454,285.1737185559736,257.53472959120785,105.35119722143527
outcome-lag-64,9,333,known,32,0.0,0.0,32.0,32.0,32.0,17.346803530141283
outcome-lag-64,9,333,known,64,0.0,0.0,64.0,64.0,64.0,36.24551513159827
outcome-lag-64,9,333,known,96,0.0,0.0,95.81609176328242,95.02571295994088,95.02571295994088,50.148530397333474
outcome-lag-64,9,333,known,128,0.0,0.0,120.30070574248876,120.78101285141734,119.35716394134202,59.94256007091804
outcome-lag-64,9,333,known,160,0.0,0.0,139.16232486242524,141.91362370409806,138.2187830612785,67.0201707560794
outcome-lag-64,9,333,known,192,0.0,0.0,155.05565528238617,159.4614679352056,154.11211348123942,71.86540278234015
outcome-lag-64,9,333,known,224,0.0,0.0,169.05504650509133,175.63527691388393,168.11150470394458,76.36053740288537
outcome-lag-64,9,333,known,256,0.0,0.0,181.71845705294416,191.21434491242312,180.7749152517974,81.0711177997384
outcome-lag-64,9,333,known,288,0.0,0.0,193.37641954138772,205.7122429149985,192.43287774024097,85.36236863998877
outcome-lag-64,9,333,known,320,0.0,0.0,204.2317492028197,218.83066568245803,203.28820740167296,88.8280436328293
outcome-lag-64,9,333,known,352,0.0,0.0,214.42449234225086,230.9987360091105,213.4809505411041,91.81581952570377
outcome-lag-64,9,333,known,384,0.0,0.0,224.0635849946282,242.5316877355723,223.12004319348145,94.57768012211699
outcome-lag-64,9,333,known,416,0.0,0.0,233.22182032091922,253.79403248578228,232.27827851977247,97.42785423979075
outcome-lag-64,9,333,known,448,0.0,0.0,241.98764336040236,264.65049794060343,241.0441015592556,100.19031173480407
outcome-lag-64,9,333,known,480,0.0,0.0,250.39007803860366,275.1149203516826,249.4465362374569,102.84530646346589
outcome-lag-64,9,333,known,512,0.0,0.0,258.47827139235454,285.1737185559736,257.53472959120785,105.35119722143527
outcome-lag-64,9,333,product,32,0.0,0.0,32.0,32.0,32.0,17.346803530141283
outcome-lag-64,9,333,product,64,0.0,0.0,64.0,64.0,64.0,36.24551513159827
outcome-lag-64,9,333,product,96,0.0,0.0,95.81609176328242,95.02571295994088,95.02571295994088,50.148530397333474
outcome-lag-64,9,333,product,128,0.0,0.0,120.30070574248876,120.78101285141734,119.35716394134202,59.94256007091804
outcome-lag-64,9,333,product,160,0.0,0.0,139.16232486242524,141.91362370409806,138.2187830612785,67.0201707560794
outcome-lag-64,9,333,product,192,0.0,0.0,155.05565528238617,159.4614679352056,154.11211348123942,71.86540278234015
outcome-lag-64,9,333,product,224,0.0,0.0,169.05504650509133,175.63527691388393,168.11150470394458,76.36053740288537
outcome-lag-64,9,333,product,256,0.0,0.0,181.71845705294416,191.21434491242312,180.7749152517974,81.0711177997384
outcome-lag-64,9,333,product,288,0.0,0.0,193.37641954138772,205.7122429149985,192.43287774024097,85.36236863998877
outcome-lag-64,9,333,product,320,0.0,0.0,204.2317492028197,218.83066568245803,203.28820740167296,88.8280436328293
outcome-lag-64,9,333,product,352,0.0,0.0,214.42449234225086,230.9987360091105,213.4809505411041,91.81581952570377
outcome-lag-64,9,333,product,384,0.0,0.0,224.0635849946282,242.5316877355723,223.12004319348145,94.57768012211699
outcome-lag-64,9,333,product,416,0.0,0.0,233.22182032091922,253.79403248578228,232.27827851977247,97.42785423979075
outcome-lag-64,9,333,product,448,0.0,0.0,241.98764336040236,264.65049794060343,241.0441015592556,100.19031173480407
outcome-lag-64,9,333,product,480,0.0,0.0,250.39007803860366,275.1149203516826,249.4465362374569,102.84530646346589
outcome-lag-64,9,333,product,512,0.0,0.0,258.47827139235454,285.1737185559736,257.53472959120785,105.35119722143527
single-blocker,9,333,prefix,32,2.0,28.0,64.0,63.96821681185914,63.96821681185914,10.354393849380502
single-blocker,9,333,prefix,64,4.0,56.0,128.0,119.24651864452042,119.24651864452042,12.484458738665552
single-blocker,9,333,prefix,96,6.0,84.0,192.0,163.4436800031568,163.4436800031568,13.71755925665595
single-blocker,9,333,prefix,128,8.0,112.0,256.0,201.35567214055345,201.35567214055345,14.56708487106501
single-blocker,9,333,prefix,160,10.0,140.0,320.0,235.75796133160344,235.75796133160344,15.263339217896183
single-blocker,9,333,prefix,192,12.0,168.0,384.0,266.05269223702413,266.05269223702413,15.799289023636963
single-blocker,9,333,prefix,224,14.0,196.0,448.0,294.51766999881244,294.51766999881244,16.278440626277398
single-blocker,9,333,prefix,256,16.0,224.0,512.0,321.49743306606234,321.49743306606234,16.71118059148663
single-blocker,9,333,prefix,288,18.0,252.0,576.0,346.7188524819522,346.7188524819522,17.087879921108133
single-blocker,9,333,prefix,320,20.0,280.0,640.0,369.34290176915664,369.34290176915664,17.384968949218653
single-blocker,9,333,prefix,352,22.0,308.0,704.0,390.84965217393375,390.84965217393375,17.654535762853282
single-blocker,9,333,prefix,384,24.0,336.0,768.0,411.85397900393235,411.85397900393235,17.915086200101587
single-blocker,9,333,prefix,416,26.0,364.0,832.0,431.98925357502577,431.98925357502577,18.15480307386054
single-blocker,9,333,prefix,448,28.0,392.0,896.0,452.178576915738,452.178576915738,18.399341829706927
single-blocker,9,333,prefix,480,30.0,420.0,960.0,471.5902191951067,471.5902191951067,18.624578338705692
single-blocker,9,333,prefix,512,32.0,448.0,1024.0,489.9612759870164,489.9612759870164,18.824610647774684
single-blocker,9,333,intersection,32,2.0,28.0,64.0,63.96821681185914,63.96821681185914,10.354393849380502
single-blocker,9,333,intersection,64,4.0,56.0,128.0,120.2182918707478,120.2182918707478,12.652748367497793
single-blocker,9,333,intersection,96,6.0,84.0,192.0,165.2085924709284,165.2085924709284,13.837944554097044
single-blocker,9,333,intersection,128,8.0,112.0,256.0,203.3204053838013,203.3204053838013,14.665675625443566
single-blocker,9,333,intersection,160,10.0,140.0,320.0,237.46065529739795,237.46065529739795,15.339780784297089
single-blocker,9,333,intersection,192,11.859375,166.6875,384.0,268.79578580571894,268.79578580571894,15.911906396228574
single-blocker,9,333,intersection,224,12.484375,177.1875,427.0,288.2160113550697,288.2160113550697,16.247244521919114
single-blocker,9,333,intersection,256,12.484375,177.1875,459.0,299.21830975649095,299.21830975649095,16.381055321654237
single-blocker,9,333,intersection,288,12.484375,177.1875,491.0,309.54295723523234,309.54295723523234,16.499055638070605
single-blocker,9,333,intersection,320,12.484375,177.1875,523.0,319.3012393275118,319.3012393275118,16.60458995573097
single-blocker,9,333,intersection,352,12.484375,177.1875,555.0,328.5769861277867,328.5769861277867,16.70004232222797
single-blocker,9,333,intersection,384,12.484375,177.1875,587.0,337.43520711346014,337.43520711346014,16.78717217785293
single-blocker,9,333,intersection,416,12.484375,177.1875,619.0,345.927520697527,345.927520697527,16.867315129383407
single-blocker,9,333,intersection,448,12.484375,177.1875,651.0,354.0957225474713,354.0957225474713,16.941509019519962
single-blocker,9,333,intersection,480,12.484375,177.1875,683.0,361.97421755965297,361.97421755965297,17.010576349284104
single-blocker,9,333,intersection,512,12.484375,177.1875,715.0,369.5917286750772,369.5917286750772,17.07518001838669
single-blocker,9,333,completed,32,2.0,28.0,64.0,63.96821681185914,63.96821681185914,10.354393849380502
single-blocker,9,333,completed,64,4.0,56.0,128.0,119.85735034754568,119.85735034754568,12.596099875231184
single-blocker,9,333,completed,96,6.0,84.0,192.0,164.51706454200288,164.51706454200288,13.794824486832988
single-blocker,9,333,completed,128,8.0,112.0,256.0,202.58758180221793,202.58758180221793,14.629314685555682
single-blocker,9,333,completed,160,10.0,140.0,320.0,236.81653636139674,236.81653636139674,15.311114039445405
single-blocker,9,333,completed,192,11.2734375,161.21875,381.0,270.42521861432147,270.42521861432147,16.008598383749842
single-blocker,9,333,completed,224,11.4296875,163.84375,416.0,284.15748810902534,284.15748810902534,16.204793713192696
single-blocker,9,333,completed,256,11.4296875,163.84375,448.0,295.15978651044657,295.15978651044657,16.33860451292782
single-blocker,9,333,completed,288,11.4296875,163.84375,480.0,305.48443398918795,305.48443398918795,16.456604829344187
single-blocker,9,333,completed,320,11.4296875,163.84375,512.0,315.2427160814674,315.2427160814674,16.56213914700455
single-blocker,9,333,completed,352,11.4296875,163.84375,544.0,324.5184628817423,324.5184628817423,16.65759151350155
single-blocker,9,333,completed,384,11.4296875,163.84375,576.0,333.37668386741575,333.37668386741575,16.744721369126513
single-blocker,9,333,completed,416,11.4296875,163.84375,608.0,341.8689974514826,341.8689974514826,16.82486432065699
single-blocker,9,333,completed,448,11.4296875,163.84375,640.0,350.03719930142694,350.03719930142694,16.899058210793545
single-blocker,9,333,completed,480,11.4296875,163.84375,672.0,357.9156943136086,357.9156943136086,16.968125540557686
single-blocker,9,333,completed,512,11.4296875,163.84375,704.0,365.5332054290328,365.5332054290328,17.03272920966027
single-blocker,9,333,plugin,32,0.328125,4.8125,38.0,37.96821681185914,37.96821681185914,7.027245195436518
single-blocker,9,333,plugin,64,0.328125,4.8125,70.0,63.42435623340213,63.42435623340213,7.728265903705766
single-blocker,9,333,plugin,96,0.328125,4.8125,102.0,82.7831968278086,82.7831968278086,8.136346480888772
single-blocker,9,333,plugin,128,0.328125,4.8125,134.0,99.03345515740088,99.03345515740088,8.425334592589167
single-blocker,9,333,plugin,160,0.328125,4.8125,166.0,113.31238195727079,113.31238195727079,8.649261224939734
single-blocker,9,333,plugin,192,0.328125,4.8125,198.0,126.1978375468853,126.1978375468853,8.832104609707427
single-blocker,9,333,plugin,224,0.328125,4.8125,230.0,138.0310352083931,138.0310352083931,8.98662791308215
single-blocker,9,333,plugin,256,0.328125,4.8125,262.0,149.03333360981438,149.03333360981438,9.120438712817272
single-blocker,9,333,plugin,288,0.328125,4.8125,294.0,159.35798108855585,159.35798108855585,9.238439029233643
single-blocker,9,333,plugin,320,0.328125,4.8125,326.0,169.1162631808352,169.1162631808352,9.343973346894012
single-blocker,9,333,plugin,352,0.328125,4.8125,358.0,178.39200998111025,178.39200998111025,9.43942571339101
single-blocker,9,333,plugin,384,0.328125,4.8125,390.0,187.25023096678382,187.25023096678382,9.526555569015972
single-blocker,9,333,plugin,416,0.328125,4.8125,422.0,195.74254455085054,195.74254455085054,9.606698520546455
single-blocker,9,333,plugin,448,0.328125,4.8125,454.0,203.91074640079475,203.91074640079475,9.680892410683008
single-blocker,9,333,plugin,480,0.328125,4.8125,486.0,211.78924141297622,211.78924141297622,9.749959740447146
single-blocker,9,333,plugin,512,0.328125,4.8125,518.0,219.40675252840046,219.40675252840046,9.814563409549722
single-blocker,9,333,safe,32,0.0,0.0,32.0,31.968216811859147,31.968216811859147,4.02724519543652
single-blocker,9,333,safe,64,0.0,0.0,64.0,57.42435623340214,57.42435623340214,4.7282659037057675
single-blocker,9,333,safe,96,0.0,0.0,96.0,76.78319682780861,76.78319682780861,5.136346480888775
single-blocker,9,333,safe,128,0.0,0.0,128.0,93.03345515740088,93.03345515740088,5.425334592589174
single-blocker,9,333,safe,160,0.0,0.0,160.0,107.31238195727079,107.31238195727079,5.649261224939744
single-blocker,9,333,safe,192,0.0,0.0,192.0,120.1978375468853,120.1978375468853,5.832104609707439
single-blocker,9,333,safe,224,0.0,0.0,224.0,132.0310352083931,132.0310352083931,5.986627913082163
single-blocker,9,333,safe,256,0.0,0.0,256.0,143.03333360981438,143.03333360981438,6.120438712817281
single-blocker,9,333,safe,288,0.0,0.0,288.0,153.35798108855585,153.35798108855585,6.238439029233648
single-blocker,9,333,safe,320,0.0,0.0,320.0,163.1162631808352,163.1162631808352,6.343973346894013
single-blocker,9,333,safe,352,0.0,0.0,352.0,172.39200998111025,172.39200998111025,6.43942571339101
single-blocker,9,333,safe,384,0.0,0.0,384.0,181.25023096678382,181.25023096678382,6.5265555690159704
single-blocker,9,333,safe,416,0.0,0.0,416.0,189.74254455085054,189.74254455085054,6.6066985205464555
single-blocker,9,333,safe,448,0.0,0.0,448.0,197.91074640079475,197.91074640079475,6.680892410683006
single-blocker,9,333,safe,480,0.0,0.0,480.0,205.78924141297622,205.78924141297622,6.7499597404471405
single-blocker,9,333,safe,512,0.0,0.0,512.0,213.40675252840046,213.40675252840046,6.81456340954972
single-blocker,9,333,known,32,0.0,0.0,32.0,31.968216811859147,31.968216811859147,4.02724519543652
single-blocker,9,333,known,64,0.0,0.0,64.0,57.42435623340214,57.42435623340214,4.7282659037057675
single-blocker,9,333,known,96,0.0,0.0,96.0,76.78319682780861,76.78319682780861,5.136346480888775
single-blocker,9,333,known,128,0.0,0.0,128.0,93.03345515740088,93.03345515740088,5.425334592589174
single-blocker,9,333,known,160,0.0,0.0,160.0,107.31238195727079,107.31238195727079,5.649261224939744
single-blocker,9,333,known,192,0.0,0.0,192.0,120.1978375468853,120.1978375468853,5.832104609707439
single-blocker,9,333,known,224,0.0,0.0,224.0,132.0310352083931,132.0310352083931,5.986627913082163
single-blocker,9,333,known,256,0.0,0.0,256.0,143.03333360981438,143.03333360981438,6.120438712817281
single-blocker,9,333,known,288,0.0,0.0,288.0,153.35798108855585,153.35798108855585,6.238439029233648
single-blocker,9,333,known,320,0.0,0.0,320.0,163.1162631808352,163.1162631808352,6.343973346894013
single-blocker,9,333,known,352,0.0,0.0,352.0,172.39200998111025,172.39200998111025,6.43942571339101
single-blocker,9,333,known,384,0.0,0.0,384.0,181.25023096678382,181.25023096678382,6.5265555690159704
single-blocker,9,333,known,416,0.0,0.0,416.0,189.74254455085054,189.74254455085054,6.6066985205464555
single-blocker,9,333,known,448,0.0,0.0,448.0,197.91074640079475,197.91074640079475,6.680892410683006
single-blocker,9,333,known,480,0.0,0.0,480.0,205.78924141297622,205.78924141297622,6.7499597404471405
single-blocker,9,333,known,512,0.0,0.0,512.0,213.40675252840046,213.40675252840046,6.81456340954972
single-blocker,9,333,product,32,0.0,0.0,32.0,31.968216811859147,31.968216811859147,4.02724519543652
single-blocker,9,333,product,64,0.0,0.0,64.0,57.42435623340214,57.42435623340214,4.7282659037057675
single-blocker,9,333,product,96,0.0,0.0,96.0,76.78319682780861,76.78319682780861,5.136346480888775
single-blocker,9,333,product,128,0.0,0.0,128.0,93.03345515740088,93.03345515740088,5.425334592589174
single-blocker,9,333,product,160,0.0,0.0,160.0,107.31238195727079,107.31238195727079,5.649261224939744
single-blocker,9,333,product,192,0.0,0.0,192.0,120.1978375468853,120.1978375468853,5.832104609707439
single-blocker,9,333,product,224,0.0,0.0,224.0,132.0310352083931,132.0310352083931,5.986627913082163
single-blocker,9,333,product,256,0.0,0.0,256.0,143.03333360981438,143.03333360981438,6.120438712817281
single-blocker,9,333,product,288,0.0,0.0,288.0,153.35798108855585,153.35798108855585,6.238439029233648
single-blocker,9,333,product,320,0.0,0.0,320.0,163.1162631808352,163.1162631808352,6.343973346894013
single-blocker,9,333,product,352,0.0,0.0,352.0,172.39200998111025,172.39200998111025,6.43942571339101
single-blocker,9,333,product,384,0.0,0.0,384.0,181.25023096678382,181.25023096678382,6.5265555690159704
single-blocker,9,333,product,416,0.0,0.0,416.0,189.74254455085054,189.74254455085054,6.6066985205464555
single-blocker,9,333,product,448,0.0,0.0,448.0,197.91074640079475,197.91074640079475,6.680892410683006
single-blocker,9,333,product,480,0.0,0.0,480.0,205.78924141297622,205.78924141297622,6.7499597404471405
single-blocker,9,333,product,512,0.0,0.0,512.0,213.40675252840046,213.40675252840046,6.81456340954972
outcome-lag-64,11,333,prefix,32,7.75,26.0,64.0,64.0,64.0,30.51440785003475
outcome-lag-64,11,333,prefix,64,15.5,52.0,128.0,127.97097685929405,127.97097685929405,55.878428919784064
outcome-lag-64,11,333,prefix,96,17.34375,74.625,191.75566814314791,189.2925260525486,189.2925260525486,82.50127578256294
outcome-lag-64,11,333,prefix,128,24.0,100.0,245.63019461572674,240.0124976574311,239.46001447827007,98.17929734998262
outcome-lag-64,11,333,prefix,160,24.75,122.0,293.56112753166485,289.5645612761261,287.015560972723,115.00175527602694
outcome-lag-64,11,333,prefix,192,25.171875,140.9375,329.4031181828439,329.1562256604804,322.44683424185536,126.92590462844406
outcome-lag-64,11,333,prefix,224,25.171875,155.9375,358.49173943483845,363.6279234904147,351.5354554938499,138.23056402344352
outcome-lag-64,11,333,prefix,256,25.171875,170.9375,384.64850495843945,395.0291641458774,377.6922210174509,147.90121245648976
outcome-lag-64,11,333,prefix,288,25.171875,185.9375,407.7688978258875,422.53474856845827,400.81261388489895,155.6449585082109
outcome-lag-64,11,333,prefix,320,25.171875,200.9375,431.7480202037882,452.3601661175862,424.79173626279965,164.57630039564242
outcome-lag-64,11,333,prefix,352,25.171875,215.9375,451.47102776594664,477.72524670839664,444.5147438249581,172.51323542038352
outcome-lag-64,11,333,prefix,384,25.171875,230.9375,470.69453456637433,502.3574320694619,463.7382506253858,179.86127202749233
outcome-lag-64,11,333,prefix,416,25.171875,245.9375,489.59913298245215,526.6991873095604,482.6428490414636,187.0527615866169
outcome-lag-64,11,333,prefix,448,25.171875,260.9375,508.6773887788741,551.6160155793199,501.72110483788555,194.63504419038838
outcome-lag-64,11,333,prefix,480,25.171875,275.9375,525.8228842304316,574.1754889000275,518.866600289443,201.49091795604366
outcome-lag-64,11,333,prefix,512,25.171875,290.9375,540.9083006944434,593.3603945933522,533.9520167534548,206.69636982821655
outcome-lag-64,11,333,intersection,32,6.4375,25.25,64.0,64.0,64.0,32.851429308108834
outcome-lag-64,11,333,intersection,64,7.1875,47.25,128.0,128.0,128.0,65.65857098669318
outcome-lag-64,11,333,intersection,96,7.9375,69.25,191.75566814314791,190.12904648646355,190.12904648646355,95.68942363062835
outcome-lag-64,11,333,intersection,128,14.59375,94.625,247.64821018717186,244.05432178839925,242.9799863088885,110.39853884713047
outcome-lag-64,11,333,intersection,160,14.734375,110.9375,287.288822814388,287.6336132557461,282.3782694080757,124.08049380112777
outcome-lag-64,11,333,intersection,192,14.734375,125.9375,315.43365117532875,320.1438766364589,310.52309776901643,134.13750976395795
outcome-lag-64,11,333,intersection,224,14.734375,140.9375,342.1299101579669,352.1233507831942,337.21935675165463,144.11194028720635
outcome-lag-64,11,333,intersection,256,14.734375,155.9375,366.6232819260968,381.6308478872536,361.71272851978455,152.81168388255796
outcome-lag-64,11,333,intersection,288,14.734375,170.9375,388.5848490665343,407.8218717218915,383.674295660222,159.9405057311962
outcome-lag-64,11,333,intersection,320,14.734375,185.9375,411.4585387014186,436.26925159793035,406.54798529510634,168.20842767828836
outcome-lag-64,11,333,intersection,352,14.734375,200.9375,430.4867719467617,460.6861723704722,425.5762185404494,175.65962094661245
outcome-lag-64,11,333,intersection,384,14.734375,215.9375,449.1082389062103,484.46499928417643,444.19768549989806,182.58528061404397
outcome-lag-64,11,333,intersection,416,14.734375,230.9375,467.46746959869034,508.02486120317604,462.5569161923781,189.39504987331313
outcome-lag-64,11,333,intersection,448,14.734375,245.9375,486.02092259383613,532.1907464590479,481.1103691875239,196.60941376395465
outcome-lag-64,11,333,intersection,480,14.734375,260.9375,502.7659015748002,554.1584032789734,497.8553481684879,203.17219764257382
outcome-lag-64,11,333,intersection,512,14.734375,275.9375,517.5626410139506,572.9220092818894,512.6520876076384,208.18236319009492
outcome-lag-64,11,333,completed,32,5.78125,24.875,64.0,64.0,64.0,33.70523579573886
outcome-lag-64,11,333,completed,64,10.640625,40.1875,117.0,117.0,117.0,59.41193674417736
outcome-lag-64,11,333,completed,96,17.7578125,60.28125,174.75566814314791,173.1593141695112,173.1593141695112,77.30488300939345
outcome-lag-64,11,333,completed,128,18.8359375,79.59375,227.10358524809456,225.17268124737396,224.533486965697,93.49607054219057
outcome-lag-64,11,333,completed,160,19.46875,100.5,274.3258505291191,274.381742530211,271.3514162006801,109.8051485836509
outcome-lag-64,11,333,completed,192,20.21875,122.5,314.6985890654786,318.6606862227279,311.32454456181875,122.18317822569911
outcome-lag-64,11,333,completed,224,20.6171875,141.21875,344.88268088061346,354.20500182232547,341.47770634264003,133.11994323785632
outcome-lag-64,11,333,completed,256,21.296875,162.5625,375.5175476915495,390.0548821193193,372.1056994667545,142.76829965256783
outcome-lag-64,11,333,completed,288,21.53125,179.75,399.4474866095727,418.3447954081393,396.0356383847777,150.38388642430908
outcome-lag-64,11,333,completed,320,22.28125,201.75,425.3879390079897,450.03296670904876,421.96661358408727,159.1460703621187
outcome-lag-64,11,333,completed,352,22.703125,220.6875,448.26029527463453,478.55928661647687,444.8389698507321,167.07524389864605
outcome-lag-64,11,333,completed,384,22.703125,235.6875,467.26984426276755,502.8895140973118,463.8485188388651,174.27255822335084
outcome-lag-64,11,333,completed,416,23.453125,257.6875,489.22302009617124,530.1927203176293,485.7971856295935,181.33947479500213
outcome-lag-64,11,333,completed,448,23.96875,277.5,508.6477268757028,555.3848128493413,505.2218924091251,188.802195199121
outcome-lag-64,11,333,completed,480,23.96875,292.5,525.6533689642418,577.7380396541514,522.2275344976642,195.55528180350362
outcome-lag-64,11,333,completed,512,24.0859375,308.59375,541.1637799054961,597.3019658699758,537.7379454389185,200.69248986258162
outcome-lag-64,11,333,plugin,32,6.625,9.875,48.0,48.0,48.0,27.79486838537144
outcome-lag-64,11,333,plugin,64,15.34375,23.0,95.0,95.0,95.0,48.109379717254
outcome-lag-64,11,333,plugin,96,16.859375,37.6875,151.75566814314791,150.1628089739647,150.1628089739647,71.02721611959296
outcome-lag-64,11,333,plugin,128,17.1171875,52.21875,199.19029635061048,197.7341420749676,197.18165889580655,93.74543682806434
outcome-lag-64,11,333,plugin,160,18.6640625,64.40625,239.01432688836303,238.93721277547587,237.0056894335591,110.27752329673567
outcome-lag-64,11,333,plugin,192,18.6640625,79.40625,270.16681040368286,273.93262051349626,268.1581729488789,121.64623464171758
outcome-lag-64,11,333,plugin,224,18.6640625,94.40625,298.90379639583125,308.0510279558025,296.89515894102726,132.70978727702905
outcome-lag-64,11,333,plugin,256,18.6640625,109.40625,324.8943474971517,339.27019257249395,322.88571004234774,142.28527817020367
outcome-lag-64,11,333,plugin,288,18.6640625,124.40625,347.9028974921695,366.6521540793558,345.8942600373655,149.97014346419576
outcome-lag-64,11,333,plugin,320,18.6640625,139.40625,371.778039461825,396.3500731737535,369.76940200702103,158.8391803930311
outcome-lag-64,11,333,plugin,352,18.6640625,154.40625,391.43678811786236,421.62846177702534,389.4281506630584,166.73114397546559
outcome-lag-64,11,333,plugin,384,18.6640625,169.40625,410.6054306253465,446.18336504404004,408.5967931705425,174.04047625265
outcome-lag-64,11,333,plugin,416,18.6640625,184.40625,429.4608295361617,470.45489234086625,427.45219208135774,181.19730845859146
outcome-lag-64,11,333,plugin,448,18.6640625,199.40625,448.4920912577347,495.3047593320677,446.48345380293074,188.7464637549318
outcome-lag-64,11,333,plugin,480,18.6640625,214.40625,465.6019840060099,517.8117726737589,463.5933465512059,195.57612859825676
outcome-lag-64,11,333,plugin,512,18.6640625,229.40625,480.6619068041002,536.9595168889265,478.65326934929624,200.76420435806548
outcome-lag-64,11,333,safe,32,8.25,0.0,32.0,32.0,32.0,19.279392194895255
outcome-lag-64,11,333,safe,64,16.5,0.0,64.0,64.0,64.0,35.18188879142716
outcome-lag-64,11,333,safe,96,24.75,0.0,95.7556681431479,94.16280897396473,94.16280897396473,46.97497008593006
outcome-lag-64,11,333,safe,128,33.0,0.0,120.19029635061061,118.73414207496764,118.18165889580665,55.58503296904103
outcome-lag-64,11,333,safe,160,41.25,0.0,139.0388197668401,138.93721277547598,137.03018231203617,61.733103502030076
outcome-lag-64,11,333,safe,192,49.5,0.0,154.8975806747311,156.4509052581175,152.88894321992717,66.54418377982485
outcome-lag-64,11,333,safe,224,57.75,0.0,168.90448925400057,172.52804268861075,166.89585179919663,70.942646852185
outcome-lag-64,11,333,safe,256,66.0,0.0,181.55771749279242,187.1099158914792,179.5490800379885,74.65603245336735
outcome-lag-64,11,333,safe,288,74.25,0.0,193.20081909204856,200.70759173888732,191.19218163724463,78.04706113845043
outcome-lag-64,11,333,safe,320,82.5,0.0,204.0339838287494,213.8837959779197,202.02534637394547,81.57051760286377
outcome-lag-64,11,333,safe,352,90.75,0.0,214.22509546377646,226.54008691484555,212.21645800897252,85.04651410601156
outcome-lag-64,11,333,safe,384,99.0,0.0,223.871384246256,238.381404997507,221.86274679145208,88.11674105862431
outcome-lag-64,11,333,safe,416,107.25,0.0,233.03580481048445,249.72241241223998,231.02716735568052,91.04557784082111
outcome-lag-64,11,333,safe,448,115.5,0.0,241.80011381335802,260.86684870895994,239.7914763585541,94.0960061777333
outcome-lag-64,11,333,safe,480,123.75,0.0,250.20509902758008,271.58457870628047,248.19646157277614,97.00430849263644
outcome-lag-64,11,333,safe,512,132.0,0.0,258.29653015711136,281.5199180888308,256.28789270230754,99.38674042886511
outcome-lag-64,11,333,known,32,0.0,15.0,58.0,58.0,58.0,41.40424430697008
outcome-lag-64,11,333,known,64,0.0,30.0,112.0,112.0,112.0,74.4815100176392
outcome-lag-64,11,333,known,96,0.0,45.0,169.75566814314791,168.1628089739647,168.1628089739647,102.43902501553023
outcome-lag-64,11,333,known,128,0.0,60.0,215.03009933975946,216.1854397306187,213.02146188495553,121.71000003260276
outcome-lag-64,11,333,known,160,0.0,75.0,250.83326681097944,257.2020299720915,248.8246293561755,136.12931261866214
outcome-lag-64,11,333,known,192,0.0,90.0,277.39801576437543,288.23970357539775,275.3893783095715,145.77122692901796
outcome-lag-64,11,333,known,224,0.0,105.0,302.4198630222695,318.2654375424395,300.4112255674656,154.75346261531885
outcome-lag-64,11,333,known,256,0.0,120.0,325.62206714579156,346.1999694046825,323.61342969098763,162.68105519063397
outcome-lag-64,11,333,known,288,0.0,135.0,346.62416682977687,371.2499415380201,344.61552937497294,169.29746872336824
outcome-lag-64,11,333,known,320,0.0,150.0,368.53613725902653,398.4613747083761,366.5274998042226,176.9902375675385
outcome-lag-64,11,333,known,352,0.0,165.0,386.9394555687157,422.00716431853886,384.93081811391176,184.0076910320416
outcome-lag-64,11,333,known,384,0.0,180.0,405.0030179102248,444.986209056843,402.99438045542087,190.54796816470366
outcome-lag-64,11,333,known,416,0.0,195.0,422.84628829842626,467.8004731215428,420.8376508436223,197.00258905740694
outcome-lag-64,11,333,known,448,0.0,210.0,440.895535643635,491.2392326638895,438.8868981888311,203.8685183226774
outcome-lag-64,11,333,known,480,0.0,225.0,457.24976596314326,512.6265672151559,455.24112850833933,210.14960930939174
outcome-lag-64,11,333,known,512,0.0,240.0,471.7609449472182,530.9726466647086,469.7523074924143,214.97005015524803
outcome-lag-64,11,333,product,32,0.0,15.0,58.0,58.0,58.0,41.40424430697008
outcome-lag-64,11,333,product,64,0.0,30.0,112.0,112.0,112.0,74.4815100176392
outcome-lag-64,11,333,product,96,0.0,45.0,169.75566814314791,168.1628089739647,168.1628089739647,102.43902501553023
outcome-lag-64,11,333,product,128,0.0,60.0,215.03009933975946,216.1854397306187,213.02146188495553,121.71000003260276
outcome-lag-64,11,333,product,160,0.0,75.0,250.83326681097944,257.2020299720915,248.8246293561755,136.12931261866214
outcome-lag-64,11,333,product,192,0.0,90.0,277.39801576437543,288.23970357539775,275.3893783095715,145.77122692901796
outcome-lag-64,11,333,product,224,0.0,105.0,302.4198630222695,318.2654375424395,300.4112255674656,154.75346261531885
outcome-lag-64,11,333,product,256,0.0,120.0,325.62206714579156,346.1999694046825,323.61342969098763,162.68105519063397
outcome-lag-64,11,333,product,288,0.0,135.0,346.62416682977687,371.2499415380201,344.61552937497294,169.29746872336824
outcome-lag-64,11,333,product,320,0.0,150.0,368.53613725902653,398.4613747083761,366.5274998042226,176.9902375675385
outcome-lag-64,11,333,product,352,0.0,165.0,386.9394555687157,422.00716431853886,384.93081811391176,184.0076910320416
outcome-lag-64,11,333,product,384,0.0,180.0,405.0030179102248,444.986209056843,402.99438045542087,190.54796816470366
outcome-lag-64,11,333,product,416,0.0,195.0,422.84628829842626,467.8004731215428,420.8376508436223,197.00258905740694
outcome-lag-64,11,333,product,448,0.0,210.0,440.895535643635,491.2392326638895,438.8868981888311,203.8685183226774
outcome-lag-64,11,333,product,480,0.0,225.0,457.24976596314326,512.6265672151559,455.24112850833933,210.14960930939174
outcome-lag-64,11,333,product,512,0.0,240.0,471.7609449472182,530.9726466647086,469.7523074924143,214.97005015524803
single-blocker,11,333,prefix,32,7.75,26.0,64.0,63.96821681185914,63.96821681185914,10.501572154167503
single-blocker,11,333,prefix,64,15.5,52.0,128.0,119.2465186445204,119.2465186445204,12.484458738665548
single-blocker,11,333,prefix,96,23.25,78.0,192.0,162.32941263606904,162.32941263606904,13.622108435252175
single-blocker,11,333,prefix,128,31.0,104.0,256.0,199.52119059988723,199.52119059988723,14.46713182644384
single-blocker,11,333,prefix,160,38.75,130.0,320.0,234.15796454223312,234.15796454223312,15.189502196732207
single-blocker,11,333,prefix,192,46.5,156.0,384.0,263.3474005264085,263.3474005264085,15.683450753843983
single-blocker,11,333,prefix,224,54.25,182.0,448.0,292.1337186378817,292.1337186378817,16.184566863034625
single-blocker,11,333,prefix,256,62.0,208.0,512.0,317.4083673213943,317.4083673213943,16.560356660542578
single-blocker,11,333,prefix,288,69.75,234.0,576.0,342.8133725303508,342.8133725303508,16.95333284602156
single-blocker,11,333,prefix,320,77.5,260.0,640.0,367.8208707306932,367.8208707306932,17.33555973758437
single-blocker,11,333,prefix,352,85.25,286.0,704.0,389.0874919105177,389.0874919105177,17.59951295011231
single-blocker,11,333,prefix,384,93.0,312.0,768.0,410.1733726233968,410.1733726233968,17.86480699044594
single-blocker,11,333,prefix,416,100.75,338.0,832.0,429.8913192453018,429.8913192453018,18.094300218757645
single-blocker,11,333,prefix,448,108.5,364.0,896.0,449.3410543524158,449.3410543524158,18.320786640268608
single-blocker,11,333,prefix,480,116.25,390.0,960.0,468.7628363444379,468.7628363444379,18.54944433586458
single-blocker,11,333,prefix,512,124.0,416.0,1024.0,485.77697552679837,485.77697552679837,18.716447474812874
single-blocker,11,333,intersection,32,7.75,26.0,64.0,63.96821681185914,63.96821681185914,10.501572154167503
single-blocker,11,333,intersection,64,15.5,52.0,128.0,119.2465186445204,119.2465186445204,12.484458738665548
single-blocker,11,333,intersection,96,16.90625,74.375,192.0,167.88066702102367,167.88066702102367,13.983501731751241
single-blocker,11,333,intersection,128,17.65625,96.375,256.0,207.88216762420518,207.88216762420518,14.881866400000716
single-blocker,11,333,intersection,160,18.40625,118.375,320.0,242.20789027614538,242.20789027614538,15.542321519259042
single-blocker,11,333,intersection,192,18.59375,135.125,376.0,268.52542623437876,268.52542623437876,15.988170358227691
single-blocker,11,333,intersection,224,18.59375,150.125,430.0,291.1730508167627,291.1730508167627,16.328882574208876
single-blocker,11,333,intersection,256,18.59375,165.125,485.0,312.5226134081232,312.5226134081232,16.626176395938916
single-blocker,11,333,intersection,288,18.59375,180.125,539.0,332.0255691703299,332.0255691703299,16.87893643467505
single-blocker,11,333,intersection,320,18.59375,195.125,599.0,352.65357200497925,352.65357200497925,17.133285544996127
single-blocker,11,333,intersection,352,18.59375,210.125,653.0,369.9446522364756,369.9446522364756,17.33187354274051
single-blocker,11,333,intersection,384,18.59375,225.125,709.0,387.10540160801924,387.10540160801924,17.520570384744587
single-blocker,11,333,intersection,416,18.59375,240.125,767.0,404.14614030509574,404.14614030509574,17.700221629922513
single-blocker,11,333,intersection,448,18.59375,255.125,828.0,421.3790468395715,421.3790468395715,17.874845768982926
single-blocker,11,333,intersection,480,18.59375,270.125,886.0,437.0187856027983,437.0187856027983,18.02610777361977
single-blocker,11,333,intersection,512,18.59375,285.125,940.0,450.9649066305336,450.9649066305336,18.155344753493786
single-blocker,11,333,completed,32,7.75,26.0,64.0,63.96821681185914,63.96821681185914,10.501572154167503
single-blocker,11,333,completed,64,15.5,52.0,128.0,119.2465186445204,119.2465186445204,12.484458738665548
single-blocker,11,333,completed,96,16.6875,74.25,192.0,168.00974926006973,168.00974926006973,13.990319913569422
single-blocker,11,333,completed,128,17.4375,96.25,256.0,207.87672855263042,207.87672855263042,14.881618384127702
single-blocker,11,333,completed,160,18.1875,118.25,320.0,242.13380020927883,242.13380020927883,15.539271760029512
single-blocker,11,333,completed,192,18.3515625,134.78125,375.0,267.79605964329363,267.79605964329363,15.970582770640108
single-blocker,11,333,completed,224,18.3515625,149.78125,429.0,290.3973634195771,290.3973634195771,16.309728035054352
single-blocker,11,333,completed,256,18.3515625,164.78125,484.0,311.7097291236832,311.7097291236832,16.6058654968045
single-blocker,11,333,completed,288,18.3515625,179.78125,538.0,331.1842714194249,331.1842714194249,16.857803873542494
single-blocker,11,333,completed,320,18.3515625,194.78125,598.0,351.78308348192155,351.78308348192155,17.111364806523667
single-blocker,11,333,completed,352,18.3515625,209.78125,652.0,369.05519278904706,369.05519278904706,17.309471140338097
single-blocker,11,333,completed,384,18.3515625,224.78125,708.0,386.19820825089346,386.19820825089346,17.497739602154745
single-blocker,11,333,completed,416,18.3515625,239.78125,766.0,403.22243889859715,403.22243889859715,17.677011146712005
single-blocker,11,333,completed,448,18.3515625,254.78125,827.0,420.4395101509281,420.4395101509281,17.85128839582026
single-blocker,11,333,completed,480,18.3515625,269.78125,885.0,436.06687704914816,436.06687704914816,18.002291229803195
single-blocker,11,333,completed,512,18.3515625,284.78125,939.0,450.00362592473334,450.00362592473334,18.13133881573782
single-blocker,11,333,plugin,32,3.34375,19.375,60.0,59.96821681185914,59.96821681185914,10.167841995437342
single-blocker,11,333,plugin,64,3.34375,34.375,114.0,106.38388570923827,106.38388570923827,11.624056329401727
single-blocker,11,333,plugin,96,3.34375,49.375,172.0,144.86530650807578,144.86530650807578,12.518556031122147
single-blocker,11,333,plugin,128,3.34375,64.375,228.0,175.60062897676158,175.60062897676158,13.111751349283846
single-blocker,11,333,plugin,160,3.34375,79.375,285.0,203.02260072405087,203.02260072405087,13.577228375654219
single-blocker,11,333,plugin,192,3.34375,94.375,336.0,224.9574180504421,224.9574180504421,13.91115132715963
single-blocker,11,333,plugin,224,3.34375,109.375,390.0,246.4962601487292,246.4962601487292,14.2161278587789
single-blocker,11,333,plugin,256,3.34375,124.375,445.0,266.9344846546537,266.9344846546537,14.486243577235431
single-blocker,11,333,plugin,288,3.34375,139.375,499.0,285.72914579167696,285.72914579167696,14.71925273963986
single-blocker,11,333,plugin,320,3.34375,154.375,559.0,305.6189097055139,305.6189097055139,14.954297801323044
single-blocker,11,333,plugin,352,3.34375,169.375,613.0,322.42467082239307,322.42467082239307,15.140910423394018
single-blocker,11,333,plugin,384,3.34375,184.375,669.0,339.12793554021243,339.12793554021243,15.318839742738291
single-blocker,11,333,plugin,416,3.34375,199.375,727.0,355.7396082566082,355.7396082566082,15.48885306111747
single-blocker,11,333,plugin,448,3.34375,214.375,788.0,372.558126377898,372.558126377898,15.65459340722629
single-blocker,11,333,plugin,480,3.34375,229.375,846.0,387.8722575955179,387.8722575955179,15.799168236353761
single-blocker,11,333,plugin,512,3.34375,244.375,900.0,401.57066869643006,401.57066869643006,15.92349110345491
single-blocker,11,333,safe,32,8.25,0.0,32.0,31.968216811859147,31.968216811859147,4.02724519543652
single-blocker,11,333,safe,64,16.5,0.0,64.0,57.42435623340214,57.42435623340214,4.7282659037057675
single-blocker,11,333,safe,96,24.75,0.0,96.0,76.78319682780861,76.78319682780861,5.136346480888775
single-blocker,11,333,safe,128,33.0,0.0,128.0,93.03345515740088,93.03345515740088,5.425334592589174
single-blocker,11,333,safe,160,41.25,0.0,160.0,107.31238195727079,107.31238195727079,5.649261224939744
single-blocker,11,333,safe,192,49.5,0.0,192.0,120.1978375468853,120.1978375468853,5.832104609707439
single-blocker,11,333,safe,224,57.75,0.0,224.0,132.0310352083931,132.0310352083931,5.986627913082163
single-blocker,11,333,safe,256,66.0,0.0,256.0,143.03333360981438,143.03333360981438,6.120438712817281
single-blocker,11,333,safe,288,74.25,0.0,288.0,153.35798108855585,153.35798108855585,6.238439029233648
single-blocker,11,333,safe,320,82.5,0.0,320.0,163.1162631808352,163.1162631808352,6.343973346894013
single-blocker,11,333,safe,352,90.75,0.0,352.0,172.39200998111025,172.39200998111025,6.43942571339101
single-blocker,11,333,safe,384,99.0,0.0,384.0,181.25023096678382,181.25023096678382,6.5265555690159704
single-blocker,11,333,safe,416,107.25,0.0,416.0,189.74254455085054,189.74254455085054,6.6066985205464555
single-blocker,11,333,safe,448,115.5,0.0,448.0,197.91074640079475,197.91074640079475,6.680892410683006
single-blocker,11,333,safe,480,123.75,0.0,480.0,205.78924141297622,205.78924141297622,6.7499597404471405
single-blocker,11,333,safe,512,132.0,0.0,512.0,213.40675252840046,213.40675252840046,6.81456340954972
single-blocker,11,333,known,32,0.0,15.0,58.0,57.96821681185914,57.96821681185914,7.843203373190026
single-blocker,11,333,known,64,0.0,30.0,112.0,103.24651864452044,103.24651864452044,9.166229745436555
single-blocker,11,333,known,96,0.0,45.0,170.0,140.7052192822965,140.7052192822965,10.010855264594978
single-blocker,11,333,known,128,0.0,60.0,226.0,170.90692562115905,170.90692562115905,10.582407018495136
single-blocker,11,333,known,160,0.0,75.0,283.0,197.95638695449196,197.95638695449196,11.034590696414536
single-blocker,11,333,known,192,0.0,90.0,334.0,219.67917762372014,219.67917762372014,11.36162207269228
single-blocker,11,333,known,224,0.0,105.0,388.0,241.02171195874632,241.02171195874632,11.66065812697746
single-blocker,11,333,known,256,0.0,120.0,443.0,261.2940799334226,261.2940799334226,11.926086814725691
single-blocker,11,333,known,288,0.0,135.0,497.0,279.9571464131362,279.9571464131362,12.155594693836038
single-blocker,11,333,known,320,0.0,150.0,557.0,299.7073540101601,299.7073540101601,12.387137964674102
single-blocker,11,333,known,352,0.0,165.0,611.0,316.4200898869298,316.4200898869298,12.571537695784219
single-blocker,11,333,known,384,0.0,180.0,667.0,333.03477010338827,333.03477010338827,12.747450306600667
single-blocker,11,333,known,416,0.0,195.0,725.0,349.5625994353792,349.5625994353792,12.915636466595336
single-blocker,11,333,known,448,0.0,210.0,786.0,366.2994671975545,366.2994671975545,13.07967395169448
single-blocker,11,333,known,480,0.0,225.0,844.0,381.54899182807463,381.54899182807463,13.222955017662477
single-blocker,11,333,known,512,0.0,240.0,898.0,395.19799596193826,395.19799596193826,13.346320547829778
single-blocker,11,333,product,32,0.0,15.0,58.0,57.96821681185914,57.96821681185914,7.843203373190026
single-blocker,11,333,product,64,0.0,30.0,112.0,103.24651864452044,103.24651864452044,9.166229745436555
single-blocker,11,333,product,96,0.0,45.0,170.0,140.7052192822965,140.7052192822965,10.010855264594978
single-blocker,11,333,product,128,0.0,60.0,226.0,170.90692562115905,170.90692562115905,10.582407018495136
single-blocker,11,333,product,160,0.0,75.0,283.0,197.95638695449196,197.95638695449196,11.034590696414536
single-blocker,11,333,product,192,0.0,90.0,334.0,219.67917762372014,219.67917762372014,11.36162207269228
single-blocker,11,333,product,224,0.0,105.0,388.0,241.02171195874632,241.02171195874632,11.66065812697746
single-blocker,11,333,product,256,0.0,120.0,443.0,261.2940799334226,261.2940799334226,11.926086814725691
single-blocker,11,333,product,288,0.0,135.0,497.0,279.9571464131362,279.9571464131362,12.155594693836038
single-blocker,11,333,product,320,0.0,150.0,557.0,299.7073540101601,299.7073540101601,12.387137964674102
single-blocker,11,333,product,352,0.0,165.0,611.0,316.4200898869298,316.4200898869298,12.571537695784219
single-blocker,11,333,product,384,0.0,180.0,667.0,333.03477010338827,333.03477010338827,12.747450306600667
single-blocker,11,333,product,416,0.0,195.0,725.0,349.5625994353792,349.5625994353792,12.915636466595336
single-blocker,11,333,product,448,0.0,210.0,786.0,366.2994671975545,366.2994671975545,13.07967395169448
single-blocker,11,333,product,480,0.0,225.0,844.0,381.54899182807463,381.54899182807463,13.222955017662477
single-blocker,11,333,product,512,0.0,240.0,898.0,395.19799596193826,395.19799596193826,13.346320547829778
outcome-lag-64,13,333,prefix,32,0.0,24.0,64.0,64.0,64.0,30.373621912245927
outcome-lag-64,13,333,prefix,64,0.0,48.0,128.0,128.0,128.0,61.41745124153994
outcome-lag-64,13,333,prefix,96,0.0,72.0,191.85451036490912,190.79422644816347,190.79422644816347,87.98225192255927
outcome-lag-64,13,333,prefix,128,0.0,96.0,245.09956731892714,244.22752329554532,243.68636134993108,106.23060911903443
outcome-lag-64,13,333,prefix,160,0.0,120.0,286.7639538699424,288.30725964056603,285.3507479009463,119.40788673220163
outcome-lag-64,13,333,prefix,192,0.0,144.0,325.7121706218843,331.02271144420627,324.23190555242104,131.26227576662754
outcome-lag-64,13,333,prefix,224,0.0,168.0,359.71781197117036,369.2031998418631,358.00898651181893,141.20186657594584
outcome-lag-64,13,333,prefix,256,0.0,192.0,393.5731510862297,407.7101950048656,391.86432562687827,151.407383251908
outcome-lag-64,13,333,prefix,288,0.0,216.0,425.8156743870681,445.14125068275456,424.10684892771667,162.22888524563857
outcome-lag-64,13,333,prefix,320,0.0,240.0,456.20493928838357,479.92379100693813,454.49611382903214,172.08614085028773
outcome-lag-64,13,333,prefix,352,0.0,264.0,483.65929853139437,512.2203112168106,481.95047307204294,181.2241120773624
outcome-lag-64,13,333,prefix,384,0.0,288.0,508.05893115984077,541.5051274998633,506.35010570048934,189.03919734314556
outcome-lag-64,13,333,prefix,416,0.0,312.0,530.7546041945953,568.0765282580293,529.0457787352439,195.15826658378302
outcome-lag-64,13,333,prefix,448,0.0,336.0,552.0769317358869,592.8185768632648,550.3681062765354,200.3245157985257
outcome-lag-64,13,333,prefix,480,0.0,360.0,572.3646745911138,616.4941300528332,570.6558491317624,205.14371604090152
outcome-lag-64,13,333,prefix,512,0.0,384.0,591.8572029959101,639.5059871766741,590.1483775365587,209.9873375024213
outcome-lag-64,13,333,intersection,32,0.0,24.0,64.0,64.0,64.0,30.373621912245927
outcome-lag-64,13,333,intersection,64,0.0,48.0,128.0,128.0,128.0,61.41745124153994
outcome-lag-64,13,333,intersection,96,0.0,72.0,191.85451036490912,190.79422644816347,190.79422644816347,87.98225192255927
outcome-lag-64,13,333,intersection,128,0.0,96.0,244.73058636686625,243.87270463773135,243.31738039787018,106.17596201802975
outcome-lag-64,13,333,intersection,160,0.0,120.0,286.3949729178815,287.97358444748306,284.9817669488854,119.445542683288
outcome-lag-64,13,333,intersection,192,0.0,144.0,326.82790887235853,332.03496492634986,325.4049419756628,131.76926160582462
outcome-lag-64,13,333,intersection,224,0.0,168.0,367.6746099299845,375.7804578401885,365.65497301837263,143.8874505016512
outcome-lag-64,13,333,intersection,256,0.0,192.0,404.0164214533378,416.1880059064927,401.9959736581769,156.25386595474856
outcome-lag-64,13,333,intersection,288,0.0,216.0,435.3328523942972,452.42130575384834,433.31240459913636,167.01801145403385
outcome-lag-64,13,333,intersection,320,0.0,240.0,462.6356260842252,483.9049838482383,460.6151782890643,174.86575888121365
outcome-lag-64,13,333,intersection,352,0.0,264.0,487.49105448119036,512.6122202008193,485.4706066860295,181.34319945662875
outcome-lag-64,13,333,intersection,384,0.0,288.0,510.2055651978092,539.4900787684606,508.18511740264836,187.56905253067632
outcome-lag-64,13,333,intersection,416,0.0,312.0,532.1467176420497,564.7678661784404,530.1262698468888,192.78139588566134
outcome-lag-64,13,333,intersection,448,0.0,336.0,552.9834584829415,588.5711689516238,550.9630106877806,197.35829922115627
outcome-lag-64,13,333,intersection,480,0.0,360.0,572.8815875442579,611.6744746880556,570.861139749097,202.00135102794707
outcome-lag-64,13,333,intersection,512,0.0,384.0,591.9997247803287,634.3356626825846,589.9792769851679,206.8300145159959
outcome-lag-64,13,333,completed,32,0.0,24.0,64.0,64.0,64.0,30.373621912245927
outcome-lag-64,13,333,completed,64,2.0,36.0,112.0,112.0,112.0,52.46394238715953
outcome-lag-64,13,333,completed,96,3.625,50.25,162.85451036490912,161.82682992120377,161.82682992120377,73.18759853400888
outcome-lag-64,13,333,completed,128,3.625,74.25,217.12147504242017,216.74872430710485,215.83267987044155,90.6679745571254
outcome-lag-64,13,333,completed,160,3.625,98.25,264.85372448861443,265.8152805882528,263.5609276583647,105.15673084304069
outcome-lag-64,13,333,completed,192,3.625,122.25,306.00762665382314,309.71049184308356,303.9803551259274,116.7466331141993
outcome-lag-64,13,333,completed,224,3.625,146.25,341.28793705700355,349.1246774619093,339.100612059089,127.04899760470653
outcome-lag-64,13,333,completed,256,3.625,170.25,372.8141211604093,385.3557648528971,370.62679616249466,136.53753075580437
outcome-lag-64,13,333,completed,288,3.625,194.25,401.0334015388368,418.9073551048149,398.8460765409222,145.64384156691628
outcome-lag-64,13,333,completed,320,3.625,218.25,426.9842482914075,449.50777402658537,424.79692329349285,153.43862808769904
outcome-lag-64,13,333,completed,352,3.625,242.25,452.2169955222211,478.9987800535222,450.0296705243065,160.16307419676951
outcome-lag-64,13,333,completed,384,3.625,266.25,474.7641150111312,505.90990032966187,472.57679001321657,166.67707543753656
outcome-lag-64,13,333,completed,416,3.625,290.25,497.26314529115916,531.7268718779357,495.07582029324453,171.85818827493875
outcome-lag-64,13,333,completed,448,3.625,314.25,518.5184847293757,555.9674486717922,516.331159731461,176.46158466035524
outcome-lag-64,13,333,completed,480,3.625,338.25,538.7367198334052,579.4027325667606,536.5493948354905,181.1489238575995
outcome-lag-64,13,333,completed,512,3.625,362.25,558.1519033119721,602.3825682414584,555.9645783140573,186.01592890668408
outcome-lag-64,13,333,plugin,32,0.828125,15.5625,54.0,54.0,54.0,30.27881496469534
outcome-lag-64,13,333,plugin,64,1.828125,27.5625,101.0,101.0,101.0,53.078294132764704
outcome-lag-64,13,333,plugin,96,2.8125,43.5,151.85451036490912,150.8268299212038,150.8268299212038,72.08918479220462
outcome-lag-64,13,333,plugin,128,2.84375,67.125,208.21113180870182,207.0039620416475,206.69200975134137,90.63855420879939
outcome-lag-64,13,333,plugin,160,3.140625,87.5625,252.70994115627903,251.92935303542276,250.4079630993524,104.73985133861319
outcome-lag-64,13,333,plugin,192,3.140625,111.5625,296.0098449290904,297.2590469572872,293.1143045560831,116.78751055625634
outcome-lag-64,13,333,plugin,224,3.203125,134.8125,332.69330614592116,337.50016808683534,329.6963647426979,126.90247191596576
outcome-lag-64,13,333,plugin,256,3.234375,158.4375,365.6612022731896,374.9342088566869,362.6642608699663,136.62530797878796
outcome-lag-64,13,333,plugin,288,3.234375,182.4375,394.96657662645276,409.521415344436,391.9696352232295,146.06164716069756
outcome-lag-64,13,333,plugin,320,3.234375,206.4375,421.9276911373116,441.2635261225224,418.93074973408835,154.4146205079906
outcome-lag-64,13,333,plugin,352,3.234375,230.4375,447.6055885172139,471.2781726502415,444.6086471139906,161.4148258337161
outcome-lag-64,13,333,plugin,384,3.234375,254.4375,470.7759042450826,498.9550806718446,467.7789628418593,168.2630180462225
outcome-lag-64,13,333,plugin,416,3.234375,278.4375,493.5688518982069,525.1270946262414,490.5719104949836,173.60778054381552
outcome-lag-64,13,333,plugin,448,3.234375,302.4375,515.0906043092402,549.663956359661,512.0936629060168,178.31373795494608
outcome-lag-64,13,333,plugin,480,3.234375,326.4375,535.5552211487076,573.3975804626239,532.5582797454841,183.10714012234914
outcome-lag-64,13,333,plugin,512,3.234375,350.4375,555.1876367388644,596.6574143169549,552.190695335641,188.0848587723075
outcome-lag-64,13,333,safe,32,4.0,0.0,32.0,32.0,32.0,15.104356090236477
outcome-lag-64,13,333,safe,64,8.0,0.0,64.0,64.0,64.0,28.3543214812507
outcome-lag-64,13,333,safe,96,12.0,0.0,95.8545103649091,94.8268299212038,94.8268299212038,40.68089699378764
outcome-lag-64,13,333,safe,128,16.0,0.0,120.2356246871788,119.25878180550639,118.94682951520024,49.15157866019837
outcome-lag-64,13,333,safe,160,20.0,0.0,139.07033839376737,139.30293315785917,137.7815432217888,55.14072984503188
outcome-lag-64,13,333,safe,192,24.0,0.0,154.94742924744864,157.58737196673658,153.65863407547008,60.72255644906244
outcome-lag-64,13,333,safe,224,28.0,0.0,168.94967616843843,174.4526768066739,167.66088099645987,65.90918693086671
outcome-lag-64,13,333,safe,256,32.0,0.0,181.63137327310614,190.24994114485293,180.34257810112757,70.8379636673595
outcome-lag-64,13,333,safe,288,36.0,0.0,193.28606561560645,204.48852893269842,191.99727044362788,74.86990429288007
outcome-lag-64,13,333,safe,320,40.0,0.0,204.1254551187508,217.34431212604548,202.83665994677224,78.07293971160806
outcome-lag-64,13,333,safe,352,44.0,0.0,214.31637969923747,229.61231115287296,213.0275845272589,81.16064430465747
outcome-lag-64,13,333,safe,384,48.0,0.0,223.9522175281797,241.2240286106645,222.66342235620112,84.00127063240043
outcome-lag-64,13,333,safe,416,52.0,0.0,233.12315794912143,252.2577289282498,231.83436277714287,86.6228003174495
outcome-lag-64,13,333,safe,448,56.0,0.0,241.8823182585191,262.7884661532484,240.59352308654053,89.05952958264034
outcome-lag-64,13,333,safe,480,60.0,0.0,250.28626660305977,272.7832970780762,248.9974714310812,91.2449328250508
outcome-lag-64,13,333,safe,512,64.0,0.0,258.36951198279985,282.4728268031992,257.0807168108213,93.38155510385235
outcome-lag-64,13,333,known,32,0.0,24.0,64.0,64.0,64.0,30.373621912245927
outcome-lag-64,13,333,known,64,0.0,48.0,128.0,128.0,128.0,61.41745124153994
outcome-lag-64,13,333,known,96,0.0,72.0,191.85451036490912,190.79422644816347,190.79422644816347,87.98225192255927
outcome-lag-64,13,333,known,128,0.0,96.0,244.73058636686625,243.87270463773135,243.31738039787018,106.17596201802975
outcome-lag-64,13,333,known,160,0.0,120.0,286.3949729178815,287.97358444748306,284.9817669488854,119.445542683288
outcome-lag-64,13,333,known,192,0.0,144.0,325.4410555241925,330.78754088301883,323.9537144296155,131.3291201055092
outcome-lag-64,13,333,known,224,0.0,168.0,359.61232336372785,369.0693039629793,357.8348829294169,141.2867651669274
outcome-lag-64,13,333,known,256,0.0,192.0,390.0691883978857,404.1200457820518,388.2917479635747,150.32547289927322
outcome-lag-64,13,333,known,288,0.0,216.0,417.0797441615921,436.1660940613204,415.3023037272811,158.74802440599166
outcome-lag-64,13,333,known,320,0.0,240.0,441.8783638968515,465.3642614789018,440.10092346254055,165.86220738398873
outcome-lag-64,13,333,known,352,0.0,264.0,466.6863081738452,494.30284294558084,464.90886773953423,172.2726772586793
outcome-lag-64,13,333,known,384,0.0,288.0,488.44446562552713,520.211193030598,486.66702519121617,178.35931797413022
outcome-lag-64,13,333,known,416,0.0,312.0,510.62818413283264,545.6135626214541,508.8507436985217,183.33703466332022
outcome-lag-64,13,333,known,448,0.0,336.0,531.5738134164808,569.495406902179,529.7963729821699,187.81690228292308
outcome-lag-64,13,333,known,480,0.0,360.0,551.4890022941232,592.5520860849421,549.7115618598124,192.37379697554917
outcome-lag-64,13,333,known,512,0.0,384.0,570.6291270123552,615.169166703022,568.8516865780443,197.10021152065445
outcome-lag-64,13,333,product,32,0.0,24.0,64.0,64.0,64.0,30.373621912245927
outcome-lag-64,13,333,product,64,0.0,48.0,128.0,128.0,128.0,61.41745124153994
outcome-lag-64,13,333,product,96,0.0,72.0,191.85451036490912,190.79422644816347,190.79422644816347,87.98225192255927
outcome-lag-64,13,333,product,128,0.0,96.0,244.73058636686625,243.87270463773135,243.31738039787018,106.17596201802975
outcome-lag-64,13,333,product,160,0.0,120.0,286.3949729178815,287.97358444748306,284.9817669488854,119.445542683288
outcome-lag-64,13,333,product,192,0.0,144.0,325.4410555241925,330.78754088301883,323.9537144296155,131.3291201055092
outcome-lag-64,13,333,product,224,0.0,168.0,359.61232336372785,369.0693039629793,357.8348829294169,141.2867651669274
outcome-lag-64,13,333,product,256,0.0,192.0,390.0691883978857,404.1200457820518,388.2917479635747,150.32547289927322
outcome-lag-64,13,333,product,288,0.0,216.0,417.0797441615921,436.1660940613204,415.3023037272811,158.74802440599166
outcome-lag-64,13,333,product,320,0.0,240.0,441.8783638968515,465.3642614789018,440.10092346254055,165.86220738398873
outcome-lag-64,13,333,product,352,0.0,264.0,466.6863081738452,494.30284294558084,464.90886773953423,172.2726772586793
outcome-lag-64,13,333,product,384,0.0,288.0,488.44446562552713,520.211193030598,486.66702519121617,178.35931797413022
outcome-lag-64,13,333,product,416,0.0,312.0,510.62818413283264,545.6135626214541,508.8507436985217,183.33703466332022
outcome-lag-64,13,333,product,448,0.0,336.0,531.5738134164808,569.495406902179,529.7963729821699,187.81690228292308
outcome-lag-64,13,333,product,480,0.0,360.0,551.4890022941232,592.5520860849421,549.7115618598124,192.37379697554917
outcome-lag-64,13,333,product,512,0.0,384.0,570.6291270123552,615.169166703022,568.8516865780443,197.10021152065445
single-blocker,13,333,prefix,32,0.0,24.0,64.0,63.96821681185914,63.96821681185914,9.964998244984898
single-blocker,13,333,prefix,64,0.0,48.0,128.0,118.31460692099891,118.31460692099891,12.266956430049788
single-blocker,13,333,prefix,96,0.0,72.0,192.0,161.94934094883135,161.94934094883135,13.585441768585497
single-blocker,13,333,prefix,128,0.0,96.0,256.0,200.44778976712553,200.44778976712553,14.51978213909414
single-blocker,13,333,prefix,160,0.0,120.0,320.0,233.26877766497202,233.26877766497202,15.147583519583915
single-blocker,13,333,prefix,192,0.0,144.0,384.0,265.6995577989192,265.6995577989192,15.784446444926296
single-blocker,13,333,prefix,224,0.0,168.0,448.0,294.51766999881244,294.51766999881244,16.278440626277373
single-blocker,13,333,prefix,256,0.0,192.0,512.0,320.9424620833979,320.9424620833979,16.691198624136224
single-blocker,13,333,prefix,288,0.0,216.0,576.0,344.9008431199655,344.9008431199655,17.026082888153493
single-blocker,13,333,prefix,320,0.0,240.0,640.0,367.2764069589993,367.2764069589993,17.317662287602914
single-blocker,13,333,prefix,352,0.0,264.0,704.0,390.11870513599456,390.11870513599456,17.63184887260971
single-blocker,13,333,prefix,384,0.0,288.0,768.0,410.1733726233971,410.1733726233971,17.86480699044595
single-blocker,13,333,prefix,416,0.0,312.0,832.0,430.8554947351016,430.8554947351016,18.12227620048466
single-blocker,13,333,prefix,448,0.0,336.0,896.0,450.48801283658634,450.48801283658634,18.352817640847512
single-blocker,13,333,prefix,480,0.0,360.0,960.0,469.1960744680664,469.1960744680664,18.561094782190917
single-blocker,13,333,prefix,512,0.0,384.0,1024.0,487.28149037558416,487.28149037558416,18.755844616734386
single-blocker,13,333,intersection,32,0.0,24.0,64.0,63.96821681185914,63.96821681185914,9.964998244984898
single-blocker,13,333,intersection,64,0.0,48.0,128.0,118.31460692099891,118.31460692099891,12.266956430049788
single-blocker,13,333,intersection,96,0.0,72.0,192.0,161.94934094883135,161.94934094883135,13.585441768585497
single-blocker,13,333,intersection,128,0.0,96.0,256.0,200.44778976712553,200.44778976712553,14.51978213909414
single-blocker,13,333,intersection,160,0.0,120.0,320.0,233.26877766497202,233.26877766497202,15.147583519583915
single-blocker,13,333,intersection,192,0.0,144.0,384.0,266.72830368774004,266.72830368774004,15.827461501277503
single-blocker,13,333,intersection,224,0.0,168.0,448.0,298.9737968232401,298.9737968232401,16.445650618765562
single-blocker,13,333,intersection,256,0.0,192.0,512.0,327.48726741412526,327.48726741412526,16.91798859644389
single-blocker,13,333,intersection,288,0.0,216.0,576.0,353.3401933260801,353.3401933260801,17.301760160328477
single-blocker,13,333,intersection,320,0.0,240.0,640.0,377.57824839900275,377.57824839900275,17.637728254401285
single-blocker,13,333,intersection,352,0.0,264.0,704.0,400.19589668219703,400.19589668219703,17.929007958141177
single-blocker,13,333,intersection,384,0.0,288.0,768.0,421.64183219985614,421.64183219985614,18.19065570892548
single-blocker,13,333,intersection,416,0.0,312.0,832.0,442.188329328053,442.188329328053,18.431022791322288
single-blocker,13,333,intersection,448,0.0,336.0,896.0,461.875200508002,461.875200508002,18.651722997163002
single-blocker,13,333,intersection,480,0.0,360.0,960.0,480.7771089548316,480.7771089548316,18.855185939607424
single-blocker,13,333,intersection,512,0.0,384.0,1024.0,499.0606222837029,499.0606222837029,19.045820640554286
single-blocker,13,333,completed,32,0.0,24.0,64.0,63.96821681185914,63.96821681185914,9.964998244984898
single-blocker,13,333,completed,64,0.0,48.0,128.0,118.31460692099891,118.31460692099891,12.266956430049788
single-blocker,13,333,completed,96,0.0,72.0,192.0,161.94934094883135,161.94934094883135,13.585441768585497
single-blocker,13,333,completed,128,0.0,96.0,256.0,200.44778976712553,200.44778976712553,14.51978213909414
single-blocker,13,333,completed,160,0.0,120.0,320.0,233.26877766497202,233.26877766497202,15.147583519583915
single-blocker,13,333,completed,192,0.0,144.0,384.0,267.05129191571376,267.05129191571376,15.840827411021687
single-blocker,13,333,completed,224,0.0,168.0,448.0,299.16091439741206,299.16091439741206,16.452452722883105
single-blocker,13,333,completed,256,0.0,192.0,512.0,327.5983333858354,327.5983333858354,16.921679350134642
single-blocker,13,333,completed,288,0.0,216.0,576.0,353.40897160222534,353.40897160222534,17.303896275579337
single-blocker,13,333,completed,320,0.0,240.0,640.0,377.3514194180162,377.3514194180162,17.63107094218443
single-blocker,13,333,completed,352,0.0,264.0,704.0,399.86365923025267,399.86365923025267,17.919710573195424
single-blocker,13,333,completed,384,0.0,288.0,768.0,420.78309278618366,420.78309278618366,18.167565030353206
single-blocker,13,333,completed,416,0.0,312.0,832.0,441.0877006784756,441.0877006784756,18.40253090599565
single-blocker,13,333,completed,448,0.0,336.0,896.0,460.534578477386,460.534578477386,18.61819609080282
single-blocker,13,333,completed,480,0.0,360.0,960.0,479.19883605705604,479.19883605705604,18.81693704923395
single-blocker,13,333,completed,512,0.0,384.0,1024.0,497.2211419716917,497.2211419716917,19.002534175915343
single-blocker,13,333,plugin,32,0.1875,21.75,62.0,61.96821681185914,61.96821681185914,9.381664911651566
single-blocker,13,333,plugin,64,0.6875,39.75,119.0,109.31460692099891,109.31460692099891,10.747079085172446
single-blocker,13,333,plugin,96,1.1875,57.75,175.0,144.94934094883135,144.94934094883135,11.537702111441815
single-blocker,13,333,plugin,128,1.6875,75.75,230.0,174.44778976712553,174.44778976712553,12.09261110012777
single-blocker,13,333,plugin,160,2.1875,93.75,289.0,202.39587637091702,202.39587637091702,12.55878529384436
single-blocker,13,333,plugin,192,2.6875,111.75,341.0,224.46123071147971,224.46123071147971,12.889498329374971
single-blocker,13,333,plugin,224,3.1875,129.75,395.0,245.67930224353543,245.67930224353543,13.184828414351287
single-blocker,13,333,plugin,256,3.6875,147.75,450.0,265.8458225225039,265.8458225225039,13.447307720430455
single-blocker,13,333,plugin,288,4.1875,165.75,508.0,285.8778924986736,285.8778924986736,13.693246130515424
single-blocker,13,333,plugin,320,4.6875,183.75,567.0,305.1102628379765,305.1102628379765,13.916306657049873
single-blocker,13,333,plugin,352,5.1875,201.75,620.0,321.3922147301453,321.3922147301453,14.094483225165687
single-blocker,13,333,plugin,384,5.6875,219.75,680.0,339.1678797891189,339.1678797891189,14.282236387597434
single-blocker,13,333,plugin,416,6.1875,237.75,734.0,354.367759292615,354.367759292615,14.434898682845033
single-blocker,13,333,plugin,448,6.6875,255.75,789.0,369.29946719755424,369.29946719755424,14.579673951694435
single-blocker,13,333,plugin,480,7.1875,273.75,845.0,383.99164402192235,383.99164402192235,14.717437765786565
single-blocker,13,333,plugin,512,7.6875,291.75,901.0,398.19799596193786,398.19799596193786,14.846320547829732
single-blocker,13,333,safe,32,4.0,0.0,32.0,31.968216811859147,31.968216811859147,4.02724519543652
single-blocker,13,333,safe,64,8.0,0.0,64.0,57.42435623340214,57.42435623340214,4.7282659037057675
single-blocker,13,333,safe,96,12.0,0.0,96.0,76.78319682780861,76.78319682780861,5.136346480888775
single-blocker,13,333,safe,128,16.0,0.0,128.0,93.03345515740088,93.03345515740088,5.425334592589174
single-blocker,13,333,safe,160,20.0,0.0,160.0,107.31238195727079,107.31238195727079,5.649261224939744
single-blocker,13,333,safe,192,24.0,0.0,192.0,120.1978375468853,120.1978375468853,5.832104609707439
single-blocker,13,333,safe,224,28.0,0.0,224.0,132.0310352083931,132.0310352083931,5.986627913082163
single-blocker,13,333,safe,256,32.0,0.0,256.0,143.03333360981438,143.03333360981438,6.120438712817281
single-blocker,13,333,safe,288,36.0,0.0,288.0,153.35798108855585,153.35798108855585,6.238439029233648
single-blocker,13,333,safe,320,40.0,0.0,320.0,163.1162631808352,163.1162631808352,6.343973346894013
single-blocker,13,333,safe,352,44.0,0.0,352.0,172.39200998111025,172.39200998111025,6.43942571339101
single-blocker,13,333,safe,384,48.0,0.0,384.0,181.25023096678382,181.25023096678382,6.5265555690159704
single-blocker,13,333,safe,416,52.0,0.0,416.0,189.74254455085054,189.74254455085054,6.6066985205464555
single-blocker,13,333,safe,448,56.0,0.0,448.0,197.91074640079475,197.91074640079475,6.680892410683006
single-blocker,13,333,safe,480,60.0,0.0,480.0,205.78924141297622,205.78924141297622,6.7499597404471405
single-blocker,13,333,safe,512,64.0,0.0,512.0,213.40675252840046,213.40675252840046,6.81456340954972
single-blocker,13,333,known,32,0.0,24.0,64.0,63.96821681185914,63.96821681185914,9.964998244984898
single-blocker,13,333,known,64,0.0,48.0,128.0,118.31460692099891,118.31460692099891,12.266956430049788
single-blocker,13,333,known,96,0.0,72.0,192.0,161.94934094883135,161.94934094883135,13.585441768585497
single-blocker,13,333,known,128,0.0,96.0,256.0,200.44778976712553,200.44778976712553,14.51978213909414
single-blocker,13,333,known,160,0.0,120.0,320.0,233.26877766497202,233.26877766497202,15.147583519583915
single-blocker,13,333,known,192,0.0,144.0,384.0,265.6995577989192,265.6995577989192,15.784446444926296
single-blocker,13,333,known,224,0.0,168.0,448.0,294.51766999881244,294.51766999881244,16.278440626277373
single-blocker,13,333,known,256,0.0,192.0,512.0,320.9424620833979,320.9424620833979,16.691198624136224
single-blocker,13,333,known,288,0.0,216.0,576.0,344.9008431199655,344.9008431199655,17.026082888153493
single-blocker,13,333,known,320,0.0,240.0,640.0,367.2764069589993,367.2764069589993,17.317662287602914
single-blocker,13,333,known,352,0.0,264.0,704.0,390.11870513599456,390.11870513599456,17.63184887260971
single-blocker,13,333,known,384,0.0,288.0,768.0,410.1733726233971,410.1733726233971,17.86480699044595
single-blocker,13,333,known,416,0.0,312.0,832.0,430.8554947351016,430.8554947351016,18.12227620048466
single-blocker,13,333,known,448,0.0,336.0,896.0,450.48801283658634,450.48801283658634,18.352817640847512
single-blocker,13,333,known,480,0.0,360.0,960.0,469.1960744680664,469.1960744680664,18.561094782190917
single-blocker,13,333,known,512,0.0,384.0,1024.0,487.28149037558416,487.28149037558416,18.755844616734386
single-blocker,13,333,product,32,0.0,24.0,64.0,63.96821681185914,63.96821681185914,9.964998244984898
single-blocker,13,333,product,64,0.0,48.0,128.0,118.31460692099891,118.31460692099891,12.266956430049788
single-blocker,13,333,product,96,0.0,72.0,192.0,161.94934094883135,161.94934094883135,13.585441768585497
single-blocker,13,333,product,128,0.0,96.0,256.0,200.44778976712553,200.44778976712553,14.51978213909414
single-blocker,13,333,product,160,0.0,120.0,320.0,233.26877766497202,233.26877766497202,15.147583519583915
single-blocker,13,333,product,192,0.0,144.0,384.0,265.6995577989192,265.6995577989192,15.784446444926296
single-blocker,13,333,product,224,0.0,168.0,448.0,294.51766999881244,294.51766999881244,16.278440626277373
single-blocker,13,333,product,256,0.0,192.0,512.0,320.9424620833979,320.9424620833979,16.691198624136224
single-blocker,13,333,product,288,0.0,216.0,576.0,344.9008431199655,344.9008431199655,17.026082888153493
single-blocker,13,333,product,320,0.0,240.0,640.0,367.2764069589993,367.2764069589993,17.317662287602914
single-blocker,13,333,product,352,0.0,264.0,704.0,390.11870513599456,390.11870513599456,17.63184887260971
single-blocker,13,333,product,384,0.0,288.0,768.0,410.1733726233971,410.1733726233971,17.86480699044595
single-blocker,13,333,product,416,0.0,312.0,832.0,430.8554947351016,430.8554947351016,18.12227620048466
single-blocker,13,333,product,448,0.0,336.0,896.0,450.48801283658634,450.48801283658634,18.352817640847512
single-blocker,13,333,product,480,0.0,360.0,960.0,469.1960744680664,469.1960744680664,18.561094782190917
single-blocker,13,333,product,512,0.0,384.0,1024.0,487.28149037558416,487.28149037558416,18.755844616734386
outcome-lag-64,15,333,prefix,32,0.75,22.0,64.0,64.0,64.0,37.98360920183218
outcome-lag-64,15,333,prefix,64,1.5,44.0,128.0,128.0,128.0,75.037437973637
outcome-lag-64,15,333,prefix,96,2.25,66.0,191.7740581516024,190.4700281117374,190.4700281117374,105.68513595548025
outcome-lag-64,15,333,prefix,128,3.0,88.0,244.77646769504534,247.52146105644232,243.30697209718872,127.61663145453294
outcome-lag-64,15,333,prefix,160,3.75,110.0,288.28474353427197,297.7548464812734,286.81524793641535,144.53811693976536
outcome-lag-64,15,333,prefix,192,4.5,132.0,323.8991830337152,340.38221684757775,322.18738736638346,158.4596823364832
outcome-lag-64,15,333,prefix,224,5.25,154.0,358.3083032734639,379.46968150383606,355.57099477791604,168.44975626393747
outcome-lag-64,15,333,prefix,256,6.0,176.0,387.4301146684299,414.4640031317583,384.68455557046013,177.97729173620172
outcome-lag-64,15,333,prefix,288,6.75,198.0,416.86075534107647,448.0690040511331,413.90432830030437,185.83138029054794
outcome-lag-64,15,333,prefix,320,7.5,220.0,442.79282208014706,478.43402776438523,439.60439001154555,193.16185401922215
outcome-lag-64,15,333,prefix,352,8.25,242.0,466.607218721645,506.1946929241346,463.2601444776367,199.4623565473868
outcome-lag-64,15,333,prefix,384,9.0,264.0,489.08113358686774,532.5160375340921,485.71456399670933,205.27391344957408
outcome-lag-64,15,333,prefix,416,9.609375,284.6875,509.5104233395895,556.9326277807277,506.1058324516317,210.96358973058307
outcome-lag-64,15,333,prefix,448,9.609375,299.6875,525.9108484213361,577.1130107247328,522.5062575333784,216.03899406656612
outcome-lag-64,15,333,prefix,480,9.6328125,314.90625,541.5203610289292,596.3971115921963,538.1157701409714,220.78656908029777
outcome-lag-64,15,333,prefix,512,9.6328125,329.90625,556.9055994737174,615.3411828093067,553.5010085857597,225.34915166770412
outcome-lag-64,15,333,intersection,32,0.75,22.0,64.0,64.0,64.0,37.98360920183218
outcome-lag-64,15,333,intersection,64,1.5,44.0,128.0,128.0,128.0,75.037437973637
outcome-lag-64,15,333,intersection,96,2.25,66.0,191.7740581516024,190.4700281117374,190.4700281117374,105.68513595548025
outcome-lag-64,15,333,intersection,128,3.0,88.0,244.77646769504534,247.52146105644232,243.30697209718872,127.61663145453294
outcome-lag-64,15,333,intersection,160,3.75,110.0,288.28474353427197,297.7548464812734,286.81524793641535,144.53811693976536
outcome-lag-64,15,333,intersection,192,4.5,132.0,323.8991830337152,340.38221684757775,322.18738736638346,158.4596823364832
outcome-lag-64,15,333,intersection,224,5.25,154.0,358.3083032734639,379.46968150383606,355.57099477791604,168.44975626393747
outcome-lag-64,15,333,intersection,256,6.0,176.0,387.4301146684299,414.4640031317583,384.68455557046013,177.97729173620172
outcome-lag-64,15,333,intersection,288,6.75,198.0,416.86075534107647,448.0690040511331,413.90432830030437,185.83138029054794
outcome-lag-64,15,333,intersection,320,7.5,220.0,442.79282208014706,478.43402776438523,439.60439001154555,193.16185401922215
outcome-lag-64,15,333,intersection,352,8.25,242.0,466.607218721645,506.1946929241346,463.2601444776367,199.4623565473868
outcome-lag-64,15,333,intersection,384,8.859375,262.6875,489.08113358686774,532.5160375340921,485.71456399670933,205.27391344957408
outcome-lag-64,15,333,intersection,416,8.859375,277.6875,507.27651889616556,554.7367446351032,503.90994930600715,210.86387687694474
outcome-lag-64,15,333,intersection,448,8.859375,292.6875,523.6769439779123,574.9171275791083,520.3103743877538,215.9392812129278
outcome-lag-64,15,333,intersection,480,8.859375,307.6875,538.7688368448429,593.6836087059094,535.4022672546844,220.68685622665944
outcome-lag-64,15,333,intersection,512,8.859375,322.6875,554.1540752896311,612.6276799230197,550.7875056994726,225.2494388140658
outcome-lag-64,15,333,completed,32,0.75,22.0,64.0,64.0,64.0,37.98360920183218
outcome-lag-64,15,333,completed,64,5.25,33.0,112.0,112.0,112.0,64.75355684545137
outcome-lag-64,15,333,completed,96,9.28125,45.375,161.7740581516024,160.4700281117374,160.4700281117374,84.96811959933694
outcome-lag-64,15,333,completed,128,10.03125,67.375,215.37710718978587,217.94740756431545,213.90761159192925,104.53203957281805
outcome-lag-64,15,333,completed,160,10.78125,89.375,261.81475378998067,270.769296429986,260.3452581921241,123.44701421543618
outcome-lag-64,15,333,completed,192,11.53125,111.375,299.9814696928747,316.46195144587574,298.4717254171251,139.07997124804066
outcome-lag-64,15,333,completed,224,12.28125,133.375,336.28854390640123,357.9113444002257,333.95421770893466,149.91899547462316
outcome-lag-64,15,333,completed,256,13.03125,155.375,366.92790043971985,394.6703369927288,364.56670270606986,160.18257126853842
outcome-lag-64,15,333,completed,288,13.3125,173.0,390.67367426399244,422.8764066013012,388.2289626063148,167.630756099419
outcome-lag-64,15,333,completed,320,13.9453125,193.90625,416.95642595778287,453.74414335446966,414.26428320053367,175.00129587523162
outcome-lag-64,15,333,completed,352,13.96875,209.125,437.5600860980251,478.5971102997808,434.8679433407759,181.2733583436427
outcome-lag-64,15,333,completed,384,14.15625,225.875,457.07319514486977,502.12161285810663,454.38105238762057,187.08097943787175
outcome-lag-64,15,333,completed,416,14.25,241.75,476.33259704077824,525.5522592170481,473.64045428352904,192.92682746378443
outcome-lag-64,15,333,completed,448,14.25,256.75,493.06216809179716,546.180208409315,490.37002533454796,198.19832255003897
outcome-lag-64,15,333,completed,480,14.25,271.75,508.4153006234037,565.3193182604377,505.7231578661545,203.11137391315106
outcome-lag-64,15,333,completed,512,14.25,286.75,524.0623690372001,584.6350685606188,521.3702262799507,207.83296629908264
outcome-lag-64,15,333,plugin,32,3.4765625,11.15625,51.0,51.0,51.0,29.89550037720532
outcome-lag-64,15,333,plugin,64,5.4296875,20.84375,100.0,100.0,100.0,58.550039102333415
outcome-lag-64,15,333,plugin,96,5.59375,35.375,156.7740581516024,155.4700281117374,155.4700281117374,85.55876018260109
outcome-lag-64,15,333,plugin,128,5.59375,50.375,202.6096592704734,203.0082753154866,201.14016367261675,105.81776592526826
outcome-lag-64,15,333,plugin,160,5.59375,65.375,238.8800492050154,245.57801596691962,237.41055360715873,122.48892067961411
outcome-lag-64,15,333,plugin,192,5.59375,80.375,272.50397296856056,286.7294544595414,271.0344773707039,137.2852609431314
outcome-lag-64,15,333,plugin,224,5.59375,95.375,297.36648709123904,317.4774424801706,295.89699149338236,147.485136362288
outcome-lag-64,15,333,plugin,256,5.59375,110.375,322.18322857107154,348.3686560968869,320.71373297321486,157.21360322330918
outcome-lag-64,15,333,plugin,288,5.59375,125.375,341.8422423631313,372.54143438231733,340.3727467652746,164.21615295728128
outcome-lag-64,15,333,plugin,320,5.59375,140.375,362.1493816521644,397.6490274063319,360.6798860543077,171.22888710275308
outcome-lag-64,15,333,plugin,352,5.59375,155.375,381.9905943401302,421.7098652825699,380.5210987422735,177.42755848607
outcome-lag-64,15,333,plugin,384,5.59375,170.375,400.7760790849464,444.47688594025055,399.3065834870897,183.1805130986669
outcome-lag-64,15,333,plugin,416,5.59375,185.375,419.31997607950024,467.1642990314312,417.85048048164356,188.9768397237332
outcome-lag-64,15,333,plugin,448,5.59375,200.375,435.9865330068619,487.70675417366255,434.51703740900524,194.21057921651172
outcome-lag-64,15,333,plugin,480,5.59375,215.375,451.28988719545146,506.77491815098966,449.8203915975948,199.09189274936676
outcome-lag-64,15,333,plugin,512,5.59375,230.375,466.88725219179497,526.0201300295255,465.4177565939383,203.7830936249436
outcome-lag-64,15,333,safe,32,8.25,0.0,32.0,32.0,32.0,14.937279431484383
outcome-lag-64,15,333,safe,64,16.5,0.0,64.0,64.0,64.0,29.29148809176849
outcome-lag-64,15,333,safe,96,24.75,0.0,95.77405815160233,94.47002811173732,94.47002811173732,41.43392604082881
outcome-lag-64,15,333,safe,128,33.0,0.0,120.24264093451177,120.00827531548649,118.77314533665505,51.0109030266861
outcome-lag-64,15,333,safe,160,41.25,0.0,139.08460798462937,141.24579640639467,137.61511238677264,58.19342395007499
outcome-lag-64,15,333,safe,192,49.5,0.0,154.9787323253977,159.30280346806416,153.50923672754095,63.547818806897496
outcome-lag-64,15,333,safe,224,57.75,0.0,168.98592467323175,175.82336495400745,167.51642907537502,68.38970593470773
outcome-lag-64,15,333,safe,256,66.0,0.0,181.64416597491194,190.97521009126046,180.1746703770552,72.67306347027457
outcome-lag-64,15,333,safe,288,74.25,0.0,193.3045839386378,205.01728666719313,191.83508834078106,76.50849288388228
outcome-lag-64,15,333,safe,320,82.5,0.0,204.13807499284317,218.32128492662073,202.66857939498644,80.15974336869083
outcome-lag-64,15,333,safe,352,90.75,0.0,214.33481636129818,230.41129302554972,212.86532076344145,83.06945703384174
outcome-lag-64,15,333,safe,384,99.0,0.0,223.95913021865238,241.523722349993,222.48963462079564,85.41079522823637
outcome-lag-64,15,333,safe,416,107.25,0.0,233.12702799553665,252.31974756864392,231.65753239767992,87.79464981435103
outcome-lag-64,15,333,safe,448,115.5,0.0,241.88535885630722,262.80308451919603,240.41586325845049,90.18397880509534
outcome-lag-64,15,333,safe,480,123.75,0.0,250.2873863119093,272.92234044461674,248.81789071405257,92.49380704809852
outcome-lag-64,15,333,safe,512,132.0,0.0,258.37064680942876,282.52538596682973,256.90115121157214,94.54394512398976
outcome-lag-64,15,333,known,32,0.0,15.0,58.0,58.0,58.0,37.98360920183218
outcome-lag-64,15,333,known,64,0.0,30.0,115.0,115.0,115.0,74.29450868070771
outcome-lag-64,15,333,known,96,0.0,45.0,172.7740581516024,171.4700281117374,171.4700281117374,103.53407982207116
outcome-lag-64,15,333,known,128,0.0,60.0,215.77646769504534,218.52146105644232,214.30697209718872,122.80866389328565
outcome-lag-64,15,333,known,160,0.0,75.0,249.28474353427197,258.7548464812733,247.81524793641535,137.92860983235445
outcome-lag-64,15,333,known,192,0.0,90.0,280.95566849581456,297.6810023791522,279.48617289795794,151.4517900776384
outcome-lag-64,15,333,known,224,0.0,105.0,304.9032927813571,327.29919385512716,303.4337971835005,161.04180321093435
outcome-lag-64,15,333,known,256,0.0,120.0,328.8758729395343,357.1199904141913,327.4063773416777,170.22648381612333
outcome-lag-64,15,333,known,288,0.0,135.0,348.06410232624853,380.69344799043614,346.5946067283919,176.94674209920407
outcome-lag-64,15,333,known,320,0.0,150.0,367.88639208232064,405.18069974851903,366.416896484464,183.68750906618686
outcome-lag-64,15,333,known,352,0.0,165.0,387.2908630945255,428.6791297274364,385.82136749666887,189.64653693509513
outcome-lag-64,15,333,known,384,0.0,180.0,405.69939091391717,450.9423669475593,404.22989531606055,195.17343034411067
outcome-lag-64,15,333,known,416,0.0,195.0,423.894776223215,473.1630740485705,422.42528062535837,200.76339377148133
outcome-lag-64,15,333,known,448,0.0,210.0,440.2952013049614,493.34345699257517,438.82570570710476,205.83879810746438
outcome-lag-64,15,333,known,480,0.0,225.0,455.3870941718918,512.1099381193764,453.9175985740352,210.58637312119603
outcome-lag-64,15,333,known,512,0.0,240.0,470.7723326166794,531.0540093364867,469.3028370188228,215.1489557086024
outcome-lag-64,15,333,product,32,0.0,15.0,58.0,58.0,58.0,37.98360920183218
outcome-lag-64,15,333,product,64,0.0,30.0,115.0,115.0,115.0,74.29450868070771
outcome-lag-64,15,333,product,96,0.0,45.0,172.7740581516024,171.4700281117374,171.4700281117374,103.53407982207116
outcome-lag-64,15,333,product,128,0.0,60.0,215.77646769504534,218.52146105644232,214.30697209718872,122.80866389328565
outcome-lag-64,15,333,product,160,0.0,75.0,249.28474353427197,258.7548464812733,247.81524793641535,137.92860983235445
outcome-lag-64,15,333,product,192,0.0,90.0,280.95566849581456,297.6810023791522,279.48617289795794,151.4517900776384
outcome-lag-64,15,333,product,224,0.0,105.0,304.9032927813571,327.29919385512716,303.4337971835005,161.04180321093435
outcome-lag-64,15,333,product,256,0.0,120.0,328.8758729395343,357.1199904141913,327.4063773416777,170.22648381612333
outcome-lag-64,15,333,product,288,0.0,135.0,348.06410232624853,380.69344799043614,346.5946067283919,176.94674209920407
outcome-lag-64,15,333,product,320,0.0,150.0,367.88639208232064,405.18069974851903,366.416896484464,183.68750906618686
outcome-lag-64,15,333,product,352,0.0,165.0,387.2908630945255,428.6791297274364,385.82136749666887,189.64653693509513
outcome-lag-64,15,333,product,384,0.0,180.0,405.69939091391717,450.9423669475593,404.22989531606055,195.17343034411067
outcome-lag-64,15,333,product,416,0.0,195.0,423.894776223215,473.1630740485705,422.42528062535837,200.76339377148133
outcome-lag-64,15,333,product,448,0.0,210.0,440.2952013049614,493.34345699257517,438.82570570710476,205.83879810746438
outcome-lag-64,15,333,product,480,0.0,225.0,455.3870941718918,512.1099381193764,453.9175985740352,210.58637312119603
outcome-lag-64,15,333,product,512,0.0,240.0,470.7723326166794,531.0540093364867,469.3028370188228,215.1489557086024
single-blocker,15,333,prefix,32,0.75,22.0,64.0,63.96821681185914,63.96821681185914,10.12653670652336
single-blocker,15,333,prefix,64,1.5,44.0,128.0,118.55939461546323,118.55939461546323,12.330681920245873
single-blocker,15,333,prefix,96,2.25,66.0,192.0,161.5650898519832,161.5650898519832,13.54596808437498
single-blocker,15,333,prefix,128,3.0,88.0,256.0,200.44778976712556,200.44778976712556,14.519782139094152
single-blocker,15,333,prefix,160,3.75,110.0,320.0,235.37901319205423,235.37901319205423,15.246031525588487
single-blocker,15,333,prefix,192,4.5,132.0,384.0,264.57543656498933,264.57543656498933,15.736649928937016
single-blocker,15,333,prefix,224,5.25,154.0,448.0,294.20238855390437,294.20238855390437,16.26621118904796
single-blocker,15,333,prefix,256,6.0,176.0,512.0,320.06216037909735,320.06216037909735,16.65919685858299
single-blocker,15,333,prefix,288,6.75,198.0,576.0,346.2251121401819,346.2251121401819,17.07123625463907
single-blocker,15,333,prefix,320,7.5,220.0,640.0,369.5810442620955,369.5810442620955,17.392618391974462
single-blocker,15,333,prefix,352,8.25,242.0,704.0,391.3175468151887,391.3175468151887,17.66895831348271
single-blocker,15,333,prefix,384,9.0,264.0,768.0,412.08015771928063,412.08015771928063,17.921781509804383
single-blocker,15,333,prefix,416,9.75,286.0,832.0,431.5450150360222,431.5450150360222,18.14210512025652
single-blocker,15,333,prefix,448,10.5,308.0,896.0,450.92691366920945,450.92691366920945,18.364974009420777
single-blocker,15,333,prefix,480,11.25,330.0,960.0,470.0324574588323,470.0324574588323,18.583443843659875
single-blocker,15,333,prefix,512,12.0,352.0,1024.0,487.8915383579276,487.8915383579276,18.771655105097388
single-blocker,15,333,intersection,32,0.75,22.0,64.0,63.96821681185914,63.96821681185914,10.12653670652336
single-blocker,15,333,intersection,64,1.5,44.0,128.0,118.55939461546323,118.55939461546323,12.330681920245873
single-blocker,15,333,intersection,96,2.25,66.0,192.0,161.5650898519832,161.5650898519832,13.54596808437498
single-blocker,15,333,intersection,128,3.0,88.0,256.0,200.44778976712556,200.44778976712556,14.519782139094152
single-blocker,15,333,intersection,160,3.75,110.0,320.0,235.37901319205423,235.37901319205423,15.246031525588487
single-blocker,15,333,intersection,192,4.5,132.0,384.0,264.57543656498933,264.57543656498933,15.736649928937016
single-blocker,15,333,intersection,224,5.25,154.0,448.0,294.20238855390437,294.20238855390437,16.26621118904796
single-blocker,15,333,intersection,256,6.0,176.0,512.0,320.06216037909735,320.06216037909735,16.65919685858299
single-blocker,15,333,intersection,288,6.75,198.0,576.0,346.2251121401819,346.2251121401819,17.07123625463907
single-blocker,15,333,intersection,320,7.5,220.0,640.0,369.5810442620955,369.5810442620955,17.392618391974462
single-blocker,15,333,intersection,352,8.25,242.0,704.0,391.3175468151887,391.3175468151887,17.66895831348271
single-blocker,15,333,intersection,384,9.0,264.0,768.0,412.08015771928063,412.08015771928063,17.921781509804383
single-blocker,15,333,intersection,416,9.75,286.0,832.0,431.5450150360222,431.5450150360222,18.14210512025652
single-blocker,15,333,intersection,448,10.5,308.0,896.0,450.92691366920945,450.92691366920945,18.364974009420777
single-blocker,15,333,intersection,480,11.25,330.0,960.0,470.0324574588323,470.0324574588323,18.583443843659875
single-blocker,15,333,intersection,512,12.0,352.0,1024.0,487.8915383579276,487.8915383579276,18.771655105097388
single-blocker,15,333,completed,32,0.75,22.0,64.0,63.96821681185914,63.96821681185914,10.12653670652336
single-blocker,15,333,completed,64,1.5,44.0,128.0,118.55939461546323,118.55939461546323,12.330681920245873
single-blocker,15,333,completed,96,2.25,66.0,192.0,161.5650898519832,161.5650898519832,13.54596808437498
single-blocker,15,333,completed,128,3.0,88.0,256.0,200.44778976712556,200.44778976712556,14.519782139094152
single-blocker,15,333,completed,160,3.75,110.0,320.0,235.37901319205423,235.37901319205423,15.246031525588487
single-blocker,15,333,completed,192,4.5,132.0,384.0,264.57543656498933,264.57543656498933,15.736649928937016
single-blocker,15,333,completed,224,5.25,154.0,448.0,294.20238855390437,294.20238855390437,16.26621118904796
single-blocker,15,333,completed,256,6.0,176.0,512.0,320.06216037909735,320.06216037909735,16.65919685858299
single-blocker,15,333,completed,288,6.75,198.0,576.0,346.2251121401819,346.2251121401819,17.07123625463907
single-blocker,15,333,completed,320,7.5,220.0,640.0,369.5810442620955,369.5810442620955,17.392618391974462
single-blocker,15,333,completed,352,8.25,242.0,704.0,391.3175468151887,391.3175468151887,17.66895831348271
single-blocker,15,333,completed,384,9.0,264.0,768.0,412.08015771928063,412.08015771928063,17.921781509804383
single-blocker,15,333,completed,416,9.09375,279.875,828.0,429.41978451450916,429.41978451450916,18.102691470724807
single-blocker,15,333,completed,448,9.09375,294.875,884.0,444.6731795716134,444.6731795716134,18.25110791980741
single-blocker,15,333,completed,480,9.09375,309.875,938.0,458.8246663760117,458.8246663760117,18.383688611136186
single-blocker,15,333,completed,512,9.09375,324.875,995.0,473.33835192472765,473.33835192472765,18.515885530147838
single-blocker,15,333,plugin,32,0.6953125,17.65625,60.0,59.96821681185914,59.96821681185914,9.303203373190025
single-blocker,15,333,plugin,64,0.6953125,32.65625,117.0,107.79647052539588,107.79647052539588,10.707471242035194
single-blocker,15,333,plugin,96,0.6953125,47.65625,175.0,144.94934094883135,144.94934094883135,11.537702111441817
single-blocker,15,333,plugin,128,0.6953125,62.65625,229.0,173.90692562115908,173.90692562115908,12.082407018495124
single-blocker,15,333,plugin,160,0.6953125,77.65625,283.0,199.4988588936653,199.4988588936653,12.509796178959794
single-blocker,15,333,plugin,192,0.6953125,92.65625,343.0,225.34292831470583,225.34292831470583,12.90315036553191
single-blocker,15,333,plugin,224,0.6953125,107.65625,395.0,245.6793022435355,245.6793022435355,13.184828414351298
single-blocker,15,333,plugin,256,0.6953125,122.65625,452.0,266.6155013521761,266.6155013521761,13.45775165585804
single-blocker,15,333,plugin,288,0.6953125,137.65625,502.0,283.6925788940946,283.6925788940946,13.665141287593135
single-blocker,15,333,plugin,320,0.6953125,152.65625,557.0,301.6665272571721,301.6665272571721,13.874371853116045
single-blocker,15,333,plugin,352,0.6953125,167.65625,614.0,319.4200898869296,319.4200898869296,14.071537695784192
single-blocker,15,333,plugin,384,0.6953125,182.65625,671.0,336.3505779592878,336.3505779592878,14.250983875505232
single-blocker,15,333,plugin,416,0.6953125,197.65625,730.0,353.1662748789191,353.1662748789191,14.42209851900161
single-blocker,15,333,plugin,448,0.6953125,212.65625,786.0,368.4307691005085,368.4307691005085,14.570745327540951
single-blocker,15,333,plugin,480,0.6953125,227.65625,840.0,382.591424122096,382.591424122096,14.703509973048423
single-blocker,15,333,plugin,512,0.6953125,242.65625,897.0,397.1145448405702,397.1145448405702,14.835890211461132
single-blocker,15,333,safe,32,8.25,0.0,32.0,31.968216811859147,31.968216811859147,4.02724519543652
single-blocker,15,333,safe,64,16.5,0.0,64.0,57.42435623340214,57.42435623340214,4.7282659037057675
single-blocker,15,333,safe,96,24.75,0.0,96.0,76.78319682780861,76.78319682780861,5.136346480888775
single-blocker,15,333,safe,128,33.0,0.0,128.0,93.03345515740088,93.03345515740088,5.425334592589174
single-blocker,15,333,safe,160,41.25,0.0,160.0,107.31238195727079,107.31238195727079,5.649261224939744
single-blocker,15,333,safe,192,49.5,0.0,192.0,120.1978375468853,120.1978375468853,5.832104609707439
single-blocker,15,333,safe,224,57.75,0.0,224.0,132.0310352083931,132.0310352083931,5.986627913082163
single-blocker,15,333,safe,256,66.0,0.0,256.0,143.03333360981438,143.03333360981438,6.120438712817281
single-blocker,15,333,safe,288,74.25,0.0,288.0,153.35798108855585,153.35798108855585,6.238439029233648
single-blocker,15,333,safe,320,82.5,0.0,320.0,163.1162631808352,163.1162631808352,6.343973346894013
single-blocker,15,333,safe,352,90.75,0.0,352.0,172.39200998111025,172.39200998111025,6.43942571339101
single-blocker,15,333,safe,384,99.0,0.0,384.0,181.25023096678382,181.25023096678382,6.5265555690159704
single-blocker,15,333,safe,416,107.25,0.0,416.0,189.74254455085054,189.74254455085054,6.6066985205464555
single-blocker,15,333,safe,448,115.5,0.0,448.0,197.91074640079475,197.91074640079475,6.680892410683006
single-blocker,15,333,safe,480,123.75,0.0,480.0,205.78924141297622,205.78924141297622,6.7499597404471405
single-blocker,15,333,safe,512,132.0,0.0,512.0,213.40675252840046,213.40675252840046,6.81456340954972
single-blocker,15,333,known,32,0.0,15.0,58.0,57.96821681185914,57.96821681185914,7.8432033731900255
single-blocker,15,333,known,64,0.0,30.0,115.0,105.55939461546322,105.55939461546322,9.227471242035195
single-blocker,15,333,known,96,0.0,45.0,173.0,142.56508985198323,142.56508985198323,10.050860006178667
single-blocker,15,333,known,128,0.0,60.0,227.0,171.44778976712558,171.44778976712558,10.592611100127783
single-blocker,15,333,known,160,0.0,75.0,281.0,196.9867476650532,196.9867476650532,11.018129512293132
single-blocker,15,333,known,192,0.0,90.0,341.0,222.78150092764375,222.78150092764375,11.409907122288674
single-blocker,15,333,known,224,0.0,105.0,393.0,243.09055294333783,243.09055294333783,11.690780795303686
single-blocker,15,333,known,256,0.0,120.0,450.0,263.9988211049175,263.9988211049175,11.962933003008308
single-blocker,15,333,known,288,0.0,135.0,500.0,281.0589680191591,281.0589680191591,12.169880624086034
single-blocker,15,333,known,320,0.0,150.0,555.0,299.0142175435629,299.0142175435629,12.378645357389557
single-blocker,15,333,known,352,0.0,165.0,612.0,316.75037299582783,316.75037299582783,12.57539869964521
single-blocker,15,333,known,384,0.0,180.0,669.0,333.6658231095558,333.6658231095558,12.754505002265809
single-blocker,15,333,known,416,0.0,195.0,728.0,350.46737573401595,350.46737573401595,12.925313953085228
single-blocker,15,333,known,448,0.0,210.0,784.0,365.7207707911202,365.7207707911202,13.073730402167838
single-blocker,15,333,known,480,0.0,225.0,838.0,379.8722575955185,379.8722575955185,13.206311093496618
single-blocker,15,333,known,512,0.0,240.0,895.0,394.38594314423443,394.38594314423443,13.33850801250827
single-blocker,15,333,product,32,0.0,15.0,58.0,57.96821681185914,57.96821681185914,7.8432033731900255
single-blocker,15,333,product,64,0.0,30.0,115.0,105.55939461546322,105.55939461546322,9.227471242035195
single-blocker,15,333,product,96,0.0,45.0,173.0,142.56508985198323,142.56508985198323,10.050860006178667
single-blocker,15,333,product,128,0.0,60.0,227.0,171.44778976712558,171.44778976712558,10.592611100127783
single-blocker,15,333,product,160,0.0,75.0,281.0,196.9867476650532,196.9867476650532,11.018129512293132
single-blocker,15,333,product,192,0.0,90.0,341.0,222.78150092764375,222.78150092764375,11.409907122288674
single-blocker,15,333,product,224,0.0,105.0,393.0,243.09055294333783,243.09055294333783,11.690780795303686
single-blocker,15,333,product,256,0.0,120.0,450.0,263.9988211049175,263.9988211049175,11.962933003008308
single-blocker,15,333,product,288,0.0,135.0,500.0,281.0589680191591,281.0589680191591,12.169880624086034
single-blocker,15,333,product,320,0.0,150.0,555.0,299.0142175435629,299.0142175435629,12.378645357389557
single-blocker,15,333,product,352,0.0,165.0,612.0,316.75037299582783,316.75037299582783,12.57539869964521
single-blocker,15,333,product,384,0.0,180.0,669.0,333.6658231095558,333.6658231095558,12.754505002265809
single-blocker,15,333,product,416,0.0,195.0,728.0,350.46737573401595,350.46737573401595,12.925313953085228
single-blocker,15,333,product,448,0.0,210.0,784.0,365.7207707911202,365.7207707911202,13.073730402167838
single-blocker,15,333,product,480,0.0,225.0,838.0,379.8722575955185,379.8722575955185,13.206311093496618
single-blocker,15,333,product,512,0.0,240.0,895.0,394.38594314423443,394.38594314423443,13.33850801250827
outcome-lag-64,17,333,prefix,32,0.0,20.0,64.0,64.0,64.0,32.97267787512855
outcome-lag-64,17,333,prefix,64,0.0,40.0,128.0,128.0,128.0,71.00542332773261
outcome-lag-64,17,333,prefix,96,0.0,60.0,191.6566664558271,190.43110852868844,190.43110852868844,103.2410953617883
outcome-lag-64,17,333,prefix,128,0.0,80.0,245.56060951169255,245.95717860894905,243.32800429971454,126.22777128439773
outcome-lag-64,17,333,prefix,160,0.0,100.0,288.03842695626946,294.507866296562,285.80558967836714,143.62619870674226
outcome-lag-64,17,333,prefix,192,0.0,120.0,325.93495320085157,338.95810569436355,323.70211592294925,158.02100611856383
outcome-lag-64,17,333,prefix,224,0.0,140.0,357.59756331744,378.1647934659358,355.3647260395377,170.8873093183158
outcome-lag-64,17,333,prefix,256,0.0,160.0,388.00508542595315,414.7320559744164,385.7722481480508,181.29395212388707
outcome-lag-64,17,333,prefix,288,0.0,180.0,414.9967797283917,447.8621391628026,412.7639424504893,190.76562534001698
outcome-lag-64,17,333,prefix,320,0.0,200.0,439.4518208801895,477.72366826175244,437.2189836022871,198.8272812370358
outcome-lag-64,17,333,prefix,352,0.0,220.0,464.57885293733955,507.73037459456276,462.34601565943717,206.1336280282374
outcome-lag-64,17,333,prefix,384,0.0,240.0,488.1328102197008,536.2409422598657,485.8999729417984,213.29978742432164
outcome-lag-64,17,333,prefix,416,0.0,260.0,508.54526925560793,561.4675142206736,506.31243197770556,219.77387038830472
outcome-lag-64,17,333,prefix,448,0.0,280.0,529.5964388363376,587.4376357350005,527.3636015584352,226.2506368444419
outcome-lag-64,17,333,prefix,480,0.0,300.0,550.0654971981357,612.7809786233072,547.8326599202334,232.5861591279208
outcome-lag-64,17,333,prefix,512,0.0,320.0,569.288076410178,636.3653166316514,567.0552391322756,238.242076921905
outcome-lag-64,17,333,intersection,32,0.0,20.0,64.0,64.0,64.0,32.97267787512855
outcome-lag-64,17,333,intersection,64,0.0,40.0,128.0,128.0,128.0,71.00542332773261
outcome-lag-64,17,333,intersection,96,0.0,60.0,191.6566664558271,190.43110852868844,190.43110852868844,103.2410953617883
outcome-lag-64,17,333,intersection,128,0.0,80.0,245.56060951169255,245.95717860894905,243.32800429971454,126.22777128439773
outcome-lag-64,17,333,intersection,160,0.0,100.0,288.03842695626946,294.507866296562,285.80558967836714,143.62619870674226
outcome-lag-64,17,333,intersection,192,0.0,120.0,325.93495320085157,338.95810569436355,323.70211592294925,158.02100611856383
outcome-lag-64,17,333,intersection,224,0.0,140.0,357.59756331744,378.1647934659358,355.3647260395377,170.8873093183158
outcome-lag-64,17,333,intersection,256,0.0,160.0,388.00508542595315,414.7320559744164,385.7722481480508,181.29395212388707
outcome-lag-64,17,333,intersection,288,0.0,180.0,414.9967797283917,447.8621391628026,412.7639424504893,190.76562534001698
outcome-lag-64,17,333,intersection,320,0.0,200.0,439.4518208801895,477.72366826175244,437.2189836022871,198.8272812370358
outcome-lag-64,17,333,intersection,352,0.0,220.0,464.57885293733955,507.73037459456276,462.34601565943717,206.1336280282374
outcome-lag-64,17,333,intersection,384,0.0,240.0,488.1328102197008,536.2409422598657,485.8999729417984,213.29978742432164
outcome-lag-64,17,333,intersection,416,0.0,260.0,508.54526925560793,561.4675142206736,506.31243197770556,219.77387038830472
outcome-lag-64,17,333,intersection,448,0.0,280.0,529.5964388363376,587.4376357350005,527.3636015584352,226.2506368444419
outcome-lag-64,17,333,intersection,480,0.0,300.0,550.0654971981357,612.7809786233072,547.8326599202334,232.5861591279208
outcome-lag-64,17,333,intersection,512,0.0,320.0,569.288076410178,636.3653166316514,567.0552391322756,238.242076921905
outcome-lag-64,17,333,completed,32,0.0,20.0,64.0,64.0,64.0,32.97267787512855
outcome-lag-64,17,333,completed,64,1.875,36.25,122.0,122.0,122.0,66.3944740938821
outcome-lag-64,17,333,completed,96,6.875,46.25,169.6566664558271,168.43110852868844,168.43110852868844,86.64083283509416
outcome-lag-64,17,333,completed,128,6.875,66.25,223.69572832464902,223.88860197753883,221.46312311267096,106.86771521028946
outcome-lag-64,17,333,completed,160,6.875,86.25,269.3563568845846,274.9624705778969,267.1235196066821,125.56004455824556
outcome-lag-64,17,333,completed,192,6.875,106.25,309.5686354380507,321.59867465410775,307.3357981601482,141.35315509351156
outcome-lag-64,17,333,completed,224,6.875,126.25,342.8609611912507,362.6690968855795,340.6281239133482,155.25550027519765
outcome-lag-64,17,333,completed,256,6.875,146.25,374.33973395674144,400.53258381236765,372.10689667883895,166.30971871725095
outcome-lag-64,17,333,completed,288,6.875,166.25,402.1894871600718,434.7920543825915,399.9566498821693,176.35483901088068
outcome-lag-64,17,333,completed,320,6.875,186.25,427.3355836231608,465.5523698140674,425.1027463452583,184.84054024052102
outcome-lag-64,17,333,completed,352,6.875,206.25,452.970910169008,496.1824113412098,450.7380728911055,192.3994482371306
outcome-lag-64,17,333,completed,384,6.875,226.25,476.9593759595064,525.2336027885389,474.7265386816039,199.77961928099927
outcome-lag-64,17,333,completed,416,6.875,246.25,497.7827589265166,551.0019637816991,495.5499216486141,206.47903536626802
outcome-lag-64,17,333,completed,448,6.875,266.25,519.1644584689317,577.4111929542105,516.9316211910292,213.1369217041348
outcome-lag-64,17,333,completed,480,6.875,286.25,539.9186054414705,603.1403376782731,537.685768163568,219.63021030554827
outcome-lag-64,17,333,completed,512,6.875,306.25,559.4024333956083,627.0852075457442,557.1695961177059,225.43434469527816
outcome-lag-64,17,333,plugin,32,3.9765625,10.78125,47.0,47.0,47.0,20.079860525489952
outcome-lag-64,17,333,plugin,64,7.8828125,20.15625,94.0,94.0,94.0,45.71757577682
outcome-lag-64,17,333,plugin,96,9.96875,35.0,146.6566664558271,145.4311085286884,145.4311085286884,68.76873982179964
outcome-lag-64,17,333,plugin,128,9.96875,55.0,203.22618194025992,200.99357672828177,200.99357672828177,94.58181898799303
outcome-lag-64,17,333,plugin,160,9.96875,75.0,253.98548058313074,252.37868899598166,251.7526433052282,116.22995804351135
outcome-lag-64,17,333,plugin,192,9.96875,95.0,298.4737655882383,301.3516025644996,296.24092831033573,133.98403053228944
outcome-lag-64,17,333,plugin,224,9.96875,115.0,334.49336456557324,344.6361166840207,332.2605272876707,148.59450586143785
outcome-lag-64,17,333,plugin,256,9.96875,135.0,367.3722700338981,384.26444482989183,365.13943275599553,160.83793722223785
outcome-lag-64,17,333,plugin,288,9.96875,155.0,396.5959725800189,420.3959496675853,394.36313530211635,172.02609601324139
outcome-lag-64,17,333,plugin,320,9.96875,175.0,422.9394526549327,452.71451066145573,420.7066153770302,181.34819973585536
outcome-lag-64,17,333,plugin,352,9.96875,195.0,448.76707231393453,483.6032617220084,446.534235036032,189.07812388711454
outcome-lag-64,17,333,plugin,384,9.96875,215.0,472.9397565718384,512.9567433361748,470.70691929393587,196.60158091955734
outcome-lag-64,17,333,plugin,416,9.96875,235.0,494.4481749860802,539.6536696215766,492.21533770817763,203.72505762702434
outcome-lag-64,17,333,plugin,448,9.96875,255.0,516.0566048905072,566.4406486988368,513.8237676126046,210.6194324070518
outcome-lag-64,17,333,plugin,480,9.96875,275.0,536.9285671713113,592.4234261531021,534.6957298934087,217.27728665780072
outcome-lag-64,17,333,plugin,512,9.96875,295.0,556.6093290285257,616.71582043945,554.3764917506231,223.26876395692912
outcome-lag-64,17,333,safe,32,10.0,0.0,32.0,32.0,32.0,12.906051001680439
outcome-lag-64,17,333,safe,64,20.0,0.0,64.0,64.0,64.0,27.75532372718405
outcome-lag-64,17,333,safe,96,30.0,0.0,95.65666645582714,94.43110852868845,94.43110852868845,40.080567370718356
outcome-lag-64,17,333,safe,128,40.0,0.0,120.22618194025993,117.99357672828182,117.99357672828182,47.681765352419816
outcome-lag-64,17,333,safe,160,50.0,0.0,138.98548058313065,137.37868899598175,136.7526433052282,53.011877452600466
outcome-lag-64,17,333,safe,192,60.0,0.0,154.8469505939763,155.09918270327984,152.61411331607383,58.02975895505175
outcome-lag-64,17,333,safe,224,70.0,0.0,168.84382339756633,171.8656086025548,166.61098611966386,63.11751049619361
outcome-lag-64,17,333,safe,256,80.0,0.0,181.5174313373522,186.94129360193602,179.28459405944974,67.32470789388876
outcome-lag-64,17,333,safe,288,90.0,0.0,193.17541801504265,200.61591553770356,190.9425807371402,70.79268266733138
outcome-lag-64,17,333,safe,320,100.0,0.0,204.01764507657177,213.38326370995702,201.7848077986693,73.9072830649658
outcome-lag-64,17,333,safe,352,110.0,0.0,214.20904271251635,225.57282567918824,211.9762054346139,76.91655060041893
outcome-lag-64,17,333,safe,384,120.0,0.0,223.8463186510679,237.49174249061818,221.61348137316543,80.0643762818001
outcome-lag-64,17,333,safe,416,130.0,0.0,233.0189273041285,248.91737460868316,230.78609002622605,83.07783776732883
outcome-lag-64,17,333,safe,448,140.0,0.0,241.78298038217773,260.0401946551348,239.55014310427526,86.1066498539727
outcome-lag-64,17,333,safe,480,150.0,0.0,250.18925152213222,270.7674869410332,247.95641424422976,89.02451445745376
outcome-lag-64,17,333,safe,512,160.0,0.0,258.2800664622033,280.7201843212863,256.04722918430076,91.42430439138501
outcome-lag-64,17,333,known,32,0.0,20.0,64.0,64.0,64.0,32.97267787512855
outcome-lag-64,17,333,known,64,0.0,40.0,128.0,128.0,128.0,71.00542332773261
outcome-lag-64,17,333,known,96,0.0,60.0,191.6566664558271,190.43110852868844,190.43110852868844,103.2410953617883
outcome-lag-64,17,333,known,128,0.0,80.0,245.56060951169255,245.95717860894905,243.32800429971454,126.22777128439773
outcome-lag-64,17,333,known,160,0.0,100.0,288.03842695626946,294.507866296562,285.80558967836714,143.62619870674226
outcome-lag-64,17,333,known,192,0.0,120.0,325.93495320085157,338.95810569436355,323.70211592294925,158.02100611856383
outcome-lag-64,17,333,known,224,0.0,140.0,357.59756331744,378.1647934659358,355.3647260395377,170.8873093183158
outcome-lag-64,17,333,known,256,0.0,160.0,388.00508542595315,414.7320559744164,385.7722481480508,181.29395212388707
outcome-lag-64,17,333,known,288,0.0,180.0,414.9967797283917,447.8621391628026,412.7639424504893,190.76562534001698
outcome-lag-64,17,333,known,320,0.0,200.0,439.4518208801895,477.72366826175244,437.2189836022871,198.8272812370358
outcome-lag-64,17,333,known,352,0.0,220.0,464.57885293733955,507.73037459456276,462.34601565943717,206.1336280282374
outcome-lag-64,17,333,known,384,0.0,240.0,488.1328102197008,536.2409422598657,485.8999729417984,213.29978742432164
outcome-lag-64,17,333,known,416,0.0,260.0,508.54526925560793,561.4675142206736,506.31243197770556,219.77387038830472
outcome-lag-64,17,333,known,448,0.0,280.0,529.5964388363376,587.4376357350005,527.3636015584352,226.2506368444419
outcome-lag-64,17,333,known,480,0.0,300.0,550.0654971981357,612.7809786233072,547.8326599202334,232.5861591279208
outcome-lag-64,17,333,known,512,0.0,320.0,569.288076410178,636.3653166316514,567.0552391322756,238.242076921905
outcome-lag-64,17,333,product,32,0.0,20.0,64.0,64.0,64.0,32.97267787512855
outcome-lag-64,17,333,product,64,0.0,40.0,128.0,128.0,128.0,71.00542332773261
outcome-lag-64,17,333,product,96,0.0,60.0,191.6566664558271,190.43110852868844,190.43110852868844,103.2410953617883
outcome-lag-64,17,333,product,128,0.0,80.0,245.56060951169255,245.95717860894905,243.32800429971454,126.22777128439773
outcome-lag-64,17,333,product,160,0.0,100.0,288.03842695626946,294.507866296562,285.80558967836714,143.62619870674226
outcome-lag-64,17,333,product,192,0.0,120.0,325.93495320085157,338.95810569436355,323.70211592294925,158.02100611856383
outcome-lag-64,17,333,product,224,0.0,140.0,357.59756331744,378.1647934659358,355.3647260395377,170.8873093183158
outcome-lag-64,17,333,product,256,0.0,160.0,388.00508542595315,414.7320559744164,385.7722481480508,181.29395212388707
outcome-lag-64,17,333,product,288,0.0,180.0,414.9967797283917,447.8621391628026,412.7639424504893,190.76562534001698
outcome-lag-64,17,333,product,320,0.0,200.0,439.4518208801895,477.72366826175244,437.2189836022871,198.8272812370358
outcome-lag-64,17,333,product,352,0.0,220.0,464.57885293733955,507.73037459456276,462.34601565943717,206.1336280282374
outcome-lag-64,17,333,product,384,0.0,240.0,488.1328102197008,536.2409422598657,485.8999729417984,213.29978742432164
outcome-lag-64,17,333,product,416,0.0,260.0,508.54526925560793,561.4675142206736,506.31243197770556,219.77387038830472
outcome-lag-64,17,333,product,448,0.0,280.0,529.5964388363376,587.4376357350005,527.3636015584352,226.2506368444419
outcome-lag-64,17,333,product,480,0.0,300.0,550.0654971981357,612.7809786233072,547.8326599202334,232.5861591279208
outcome-lag-64,17,333,product,512,0.0,320.0,569.288076410178,636.3653166316514,567.0552391322756,238.242076921905
single-blocker,17,333,prefix,32,0.0,20.0,64.0,63.96821681185914,63.96821681185914,10.354393849380502
single-blocker,17,333,prefix,64,0.0,40.0,128.0,119.66268332084157,119.66268332084157,12.562766541897847
single-blocker,17,333,prefix,96,0.0,60.0,192.0,164.5170645420029,164.5170645420029,13.794824486832987
single-blocker,17,333,prefix,128,0.0,80.0,256.0,202.19527381088488,202.19527381088488,14.609649953124986
single-blocker,17,333,prefix,160,0.0,100.0,320.0,234.9863391814471,234.9863391814471,15.227980198924714
single-blocker,17,333,prefix,192,0.0,120.0,384.0,266.052692237024,266.052692237024,15.799289023636952
single-blocker,17,333,prefix,224,0.0,140.0,448.0,292.858342498069,292.858342498069,16.213447553042347
single-blocker,17,333,prefix,256,0.0,160.0,512.0,319.441934241533,319.441934241533,16.63641959359684
single-blocker,17,333,prefix,288,0.0,180.0,576.0,343.4392782721612,343.4392782721612,16.975353651968952
single-blocker,17,333,prefix,320,0.0,200.0,640.0,365.52299746180205,365.52299746180205,17.25919963967895
single-blocker,17,333,prefix,352,0.0,220.0,704.0,388.5465506887033,388.5465506887033,17.582393324971438
single-blocker,17,333,prefix,384,0.0,240.0,768.0,410.17337262339623,410.17337262339623,17.86480699044599
single-blocker,17,333,prefix,416,0.0,260.0,832.0,429.13314862924,429.13314862924,18.07209399946496
single-blocker,17,333,prefix,448,0.0,280.0,896.0,448.86169463439325,448.86169463439325,18.307284946428425
single-blocker,17,333,prefix,480,0.0,300.0,960.0,468.0935767083484,468.0935767083484,18.53134641555584
single-blocker,17,333,prefix,512,0.0,320.0,1024.0,486.2187261114781,486.2187261114781,18.728075604325607
single-blocker,17,333,intersection,32,0.0,20.0,64.0,63.96821681185914,63.96821681185914,10.354393849380502
single-blocker,17,333,intersection,64,0.0,40.0,128.0,119.66268332084157,119.66268332084157,12.562766541897847
single-blocker,17,333,intersection,96,0.0,60.0,192.0,164.5170645420029,164.5170645420029,13.794824486832987
single-blocker,17,333,intersection,128,0.0,80.0,256.0,202.19527381088488,202.19527381088488,14.609649953124986
single-blocker,17,333,intersection,160,0.0,100.0,320.0,234.9863391814471,234.9863391814471,15.227980198924714
single-blocker,17,333,intersection,192,0.0,120.0,384.0,266.052692237024,266.052692237024,15.799289023636952
single-blocker,17,333,intersection,224,0.0,140.0,448.0,292.858342498069,292.858342498069,16.213447553042347
single-blocker,17,333,intersection,256,0.0,160.0,512.0,319.441934241533,319.441934241533,16.63641959359684
single-blocker,17,333,intersection,288,0.0,180.0,576.0,343.4392782721612,343.4392782721612,16.975353651968952
single-blocker,17,333,intersection,320,0.0,200.0,640.0,365.52299746180205,365.52299746180205,17.25919963967895
single-blocker,17,333,intersection,352,0.0,220.0,704.0,388.5465506887033,388.5465506887033,17.582393324971438
single-blocker,17,333,intersection,384,0.0,240.0,768.0,410.17337262339623,410.17337262339623,17.86480699044599
single-blocker,17,333,intersection,416,0.0,260.0,832.0,429.13314862924,429.13314862924,18.07209399946496
single-blocker,17,333,intersection,448,0.0,280.0,896.0,448.86169463439325,448.86169463439325,18.307284946428425
single-blocker,17,333,intersection,480,0.0,300.0,960.0,468.0935767083484,468.0935767083484,18.53134641555584
single-blocker,17,333,intersection,512,0.0,320.0,1024.0,486.2187261114781,486.2187261114781,18.728075604325607
single-blocker,17,333,completed,32,0.0,20.0,64.0,63.96821681185914,63.96821681185914,10.354393849380502
single-blocker,17,333,completed,64,0.0,40.0,128.0,119.66268332084157,119.66268332084157,12.562766541897847
single-blocker,17,333,completed,96,0.0,60.0,192.0,164.5170645420029,164.5170645420029,13.794824486832987
single-blocker,17,333,completed,128,0.0,80.0,256.0,202.19527381088488,202.19527381088488,14.609649953124986
single-blocker,17,333,completed,160,0.0,100.0,320.0,234.9863391814471,234.9863391814471,15.227980198924714
single-blocker,17,333,completed,192,0.0,120.0,384.0,266.052692237024,266.052692237024,15.799289023636952
single-blocker,17,333,completed,224,0.0,140.0,448.0,292.858342498069,292.858342498069,16.213447553042347
single-blocker,17,333,completed,256,0.0,160.0,512.0,319.441934241533,319.441934241533,16.63641959359684
single-blocker,17,333,completed,288,0.0,180.0,576.0,343.4392782721612,343.4392782721612,16.975353651968952
single-blocker,17,333,completed,320,0.0,200.0,640.0,365.52299746180205,365.52299746180205,17.25919963967895
single-blocker,17,333,completed,352,0.0,220.0,704.0,388.5465506887033,388.5465506887033,17.582393324971438
single-blocker,17,333,completed,384,0.0,240.0,768.0,410.17337262339623,410.17337262339623,17.86480699044599
single-blocker,17,333,completed,416,0.0,260.0,832.0,429.13314862924,429.13314862924,18.07209399946496
single-blocker,17,333,completed,448,0.0,280.0,896.0,448.86169463439325,448.86169463439325,18.307284946428425
single-blocker,17,333,completed,480,0.0,300.0,960.0,468.0935767083484,468.0935767083484,18.53134641555584
single-blocker,17,333,completed,512,0.0,320.0,1024.0,486.2187261114781,486.2187261114781,18.728075604325607
single-blocker,17,333,plugin,32,0.0,20.0,64.0,63.96821681185914,63.96821681185914,10.354393849380502
single-blocker,17,333,plugin,64,0.0,40.0,128.0,119.66268332084157,119.66268332084157,12.562766541897847
single-blocker,17,333,plugin,96,0.0,60.0,192.0,164.5170645420029,164.5170645420029,13.794824486832987
single-blocker,17,333,plugin,128,0.0,80.0,256.0,202.19527381088488,202.19527381088488,14.609649953124986
single-blocker,17,333,plugin,160,0.0,100.0,320.0,234.9863391814471,234.9863391814471,15.227980198924714
single-blocker,17,333,plugin,192,0.0,120.0,384.0,266.052692237024,266.052692237024,15.799289023636952
single-blocker,17,333,plugin,224,0.0,140.0,448.0,292.858342498069,292.858342498069,16.213447553042347
single-blocker,17,333,plugin,256,0.0,160.0,512.0,319.441934241533,319.441934241533,16.63641959359684
single-blocker,17,333,plugin,288,0.0,180.0,576.0,343.4392782721612,343.4392782721612,16.975353651968952
single-blocker,17,333,plugin,320,0.0,200.0,640.0,365.52299746180205,365.52299746180205,17.25919963967895
single-blocker,17,333,plugin,352,0.0,220.0,704.0,388.5465506887033,388.5465506887033,17.582393324971438
single-blocker,17,333,plugin,384,0.0,240.0,768.0,410.17337262339623,410.17337262339623,17.86480699044599
single-blocker,17,333,plugin,416,0.0,260.0,832.0,429.13314862924,429.13314862924,18.07209399946496
single-blocker,17,333,plugin,448,0.0,280.0,896.0,448.86169463439325,448.86169463439325,18.307284946428425
single-blocker,17,333,plugin,480,0.0,300.0,960.0,468.0935767083484,468.0935767083484,18.53134641555584
single-blocker,17,333,plugin,512,0.0,320.0,1024.0,486.2187261114781,486.2187261114781,18.728075604325607
single-blocker,17,333,safe,32,10.0,0.0,32.0,31.968216811859147,31.968216811859147,4.02724519543652
single-blocker,17,333,safe,64,20.0,0.0,64.0,57.42435623340214,57.42435623340214,4.7282659037057675
single-blocker,17,333,safe,96,30.0,0.0,96.0,76.78319682780861,76.78319682780861,5.136346480888775
single-blocker,17,333,safe,128,40.0,0.0,128.0,93.03345515740088,93.03345515740088,5.425334592589174
single-blocker,17,333,safe,160,50.0,0.0,160.0,107.31238195727079,107.31238195727079,5.649261224939744
single-blocker,17,333,safe,192,60.0,0.0,192.0,120.1978375468853,120.1978375468853,5.832104609707439
single-blocker,17,333,safe,224,70.0,0.0,224.0,132.0310352083931,132.0310352083931,5.986627913082163
single-blocker,17,333,safe,256,80.0,0.0,256.0,143.03333360981438,143.03333360981438,6.120438712817281
single-blocker,17,333,safe,288,90.0,0.0,288.0,153.35798108855585,153.35798108855585,6.238439029233648
single-blocker,17,333,safe,320,100.0,0.0,320.0,163.1162631808352,163.1162631808352,6.343973346894013
single-blocker,17,333,safe,352,110.0,0.0,352.0,172.39200998111025,172.39200998111025,6.43942571339101
single-blocker,17,333,safe,384,120.0,0.0,384.0,181.25023096678382,181.25023096678382,6.5265555690159704
single-blocker,17,333,safe,416,130.0,0.0,416.0,189.74254455085054,189.74254455085054,6.6066985205464555
single-blocker,17,333,safe,448,140.0,0.0,448.0,197.91074640079475,197.91074640079475,6.680892410683006
single-blocker,17,333,safe,480,150.0,0.0,480.0,205.78924141297622,205.78924141297622,6.7499597404471405
single-blocker,17,333,safe,512,160.0,0.0,512.0,213.40675252840046,213.40675252840046,6.81456340954972
single-blocker,17,333,known,32,0.0,20.0,64.0,63.96821681185914,63.96821681185914,10.354393849380502
single-blocker,17,333,known,64,0.0,40.0,128.0,119.66268332084157,119.66268332084157,12.562766541897847
single-blocker,17,333,known,96,0.0,60.0,192.0,164.5170645420029,164.5170645420029,13.794824486832987
single-blocker,17,333,known,128,0.0,80.0,256.0,202.19527381088488,202.19527381088488,14.609649953124986
single-blocker,17,333,known,160,0.0,100.0,320.0,234.9863391814471,234.9863391814471,15.227980198924714
single-blocker,17,333,known,192,0.0,120.0,384.0,266.052692237024,266.052692237024,15.799289023636952
single-blocker,17,333,known,224,0.0,140.0,448.0,292.858342498069,292.858342498069,16.213447553042347
single-blocker,17,333,known,256,0.0,160.0,512.0,319.441934241533,319.441934241533,16.63641959359684
single-blocker,17,333,known,288,0.0,180.0,576.0,343.4392782721612,343.4392782721612,16.975353651968952
single-blocker,17,333,known,320,0.0,200.0,640.0,365.52299746180205,365.52299746180205,17.25919963967895
single-blocker,17,333,known,352,0.0,220.0,704.0,388.5465506887033,388.5465506887033,17.582393324971438
single-blocker,17,333,known,384,0.0,240.0,768.0,410.17337262339623,410.17337262339623,17.86480699044599
single-blocker,17,333,known,416,0.0,260.0,832.0,429.13314862924,429.13314862924,18.07209399946496
single-blocker,17,333,known,448,0.0,280.0,896.0,448.86169463439325,448.86169463439325,18.307284946428425
single-blocker,17,333,known,480,0.0,300.0,960.0,468.0935767083484,468.0935767083484,18.53134641555584
single-blocker,17,333,known,512,0.0,320.0,1024.0,486.2187261114781,486.2187261114781,18.728075604325607
single-blocker,17,333,product,32,0.0,20.0,64.0,63.96821681185914,63.96821681185914,10.354393849380502
single-blocker,17,333,product,64,0.0,40.0,128.0,119.66268332084157,119.66268332084157,12.562766541897847
single-blocker,17,333,product,96,0.0,60.0,192.0,164.5170645420029,164.5170645420029,13.794824486832987
single-blocker,17,333,product,128,0.0,80.0,256.0,202.19527381088488,202.19527381088488,14.609649953124986
single-blocker,17,333,product,160,0.0,100.0,320.0,234.9863391814471,234.9863391814471,15.227980198924714
single-blocker,17,333,product,192,0.0,120.0,384.0,266.052692237024,266.052692237024,15.799289023636952
single-blocker,17,333,product,224,0.0,140.0,448.0,292.858342498069,292.858342498069,16.213447553042347
single-blocker,17,333,product,256,0.0,160.0,512.0,319.441934241533,319.441934241533,16.63641959359684
single-blocker,17,333,product,288,0.0,180.0,576.0,343.4392782721612,343.4392782721612,16.975353651968952
single-blocker,17,333,product,320,0.0,200.0,640.0,365.52299746180205,365.52299746180205,17.25919963967895
single-blocker,17,333,product,352,0.0,220.0,704.0,388.5465506887033,388.5465506887033,17.582393324971438
single-blocker,17,333,product,384,0.0,240.0,768.0,410.17337262339623,410.17337262339623,17.86480699044599
single-blocker,17,333,product,416,0.0,260.0,832.0,429.13314862924,429.13314862924,18.07209399946496
single-blocker,17,333,product,448,0.0,280.0,896.0,448.86169463439325,448.86169463439325,18.307284946428425
single-blocker,17,333,product,480,0.0,300.0,960.0,468.0935767083484,468.0935767083484,18.53134641555584
single-blocker,17,333,product,512,0.0,320.0,1024.0,486.2187261114781,486.2187261114781,18.728075604325607
outcome-lag-64,19,333,prefix,32,12.6875,29.25,64.0,64.0,64.0,21.261528577401375
outcome-lag-64,19,333,prefix,64,25.375,58.5,128.0,127.1966891185507,127.1966891185507,44.896962370367234
outcome-lag-64,19,333,prefix,96,30.2421875,83.28125,191.68874527653347,186.9189801564131,186.9189801564131,65.97836382437518
outcome-lag-64,19,333,prefix,128,31.5546875,106.03125,244.19194439421557,238.24634168845517,237.65846782330533,81.41773191807486
outcome-lag-64,19,333,prefix,160,32.8671875,128.78125,289.92903144588513,285.73621027360923,282.8076587237653,94.46526477519807
outcome-lag-64,19,333,prefix,192,33.1953125,142.34375,320.15191334462503,316.90638548906463,311.9147582094487,102.21633011567175
outcome-lag-64,19,333,prefix,224,33.1953125,152.84375,346.9890778090519,345.3949121883379,338.56630494811077,108.92721308422847
outcome-lag-64,19,333,prefix,256,33.1953125,163.34375,372.8935550912193,374.0909832736497,364.4707822302782,116.03783173288824
outcome-lag-64,19,333,prefix,288,33.1953125,173.84375,394.5196406412049,398.87954084185355,386.0968677802638,122.39146545669053
outcome-lag-64,19,333,prefix,320,33.1953125,184.34375,412.6646726550727,419.7488148545075,404.2418997941316,127.3453076582149
outcome-lag-64,19,333,prefix,352,33.1953125,194.84375,430.02166841974093,439.45749174676286,421.5988955587998,131.48222476867556
outcome-lag-64,19,333,prefix,384,33.1953125,205.34375,447.3866923126639,459.3547480157017,438.9639194517228,135.6850977244742
outcome-lag-64,19,333,prefix,416,33.1953125,215.84375,462.8964787941995,476.8507152965108,454.4737059332584,138.99815996357125
outcome-lag-64,19,333,prefix,448,33.1953125,226.34375,477.6328574025979,493.2076387106359,469.2100845416568,141.7241314749371
outcome-lag-64,19,333,prefix,480,33.1953125,236.84375,493.85015329176093,511.73017733921034,485.4273804308198,145.25044051349943
outcome-lag-64,19,333,prefix,512,33.1953125,247.34375,508.6658067780457,529.0316902866505,500.2430339171046,148.8497558941863
outcome-lag-64,19,333,intersection,32,8.421875,26.8125,64.0,64.0,64.0,21.68519716543593
outcome-lag-64,19,333,intersection,64,9.734375,49.5625,128.0,128.0,128.0,49.94596040830353
outcome-lag-64,19,333,intersection,96,11.046875,72.3125,191.79180896763586,189.86546933715545,189.86546933715545,73.30282278371965
outcome-lag-64,19,333,intersection,128,12.1953125,93.53125,245.2717089724738,241.82969737646312,241.24182351131333,88.31178421001773
outcome-lag-64,19,333,intersection,160,12.1953125,104.03125,281.63547095119367,278.7990422761565,275.8704907263126,98.90809327554332
outcome-lag-64,19,333,intersection,192,12.1953125,114.53125,305.6319938916877,304.75234788619275,299.74380363295523,105.73445041279746
outcome-lag-64,19,333,intersection,224,12.1953125,125.03125,329.82738937364746,331.05984880558145,323.93919911491497,111.70917333828578
outcome-lag-64,19,333,intersection,256,12.1953125,135.53125,353.5073208393935,357.7576054068168,347.619130580661,118.09860361885693
outcome-lag-64,19,333,intersection,288,12.1953125,146.03125,373.7340798600704,381.19505297191336,367.8458896013379,123.9397994529926
outcome-lag-64,19,333,intersection,320,12.1953125,156.53125,391.01867394269993,401.1554667081283,385.13048368396744,128.55498443460502
outcome-lag-64,19,333,intersection,352,12.1953125,167.03125,407.6467375471375,420.0763747762433,401.758547288405,132.43389298913476
outcome-lag-64,19,333,intersection,384,12.1953125,177.53125,424.30400844405915,439.1979391384557,418.41581818532666,136.38302063959773
outcome-lag-64,19,333,intersection,416,12.1953125,188.03125,439.29475508430687,456.1222036651924,433.4065648255744,139.52316208924663
outcome-lag-64,19,333,intersection,448,12.1953125,198.53125,453.59063718841287,471.9945212766139,447.7024469296804,142.11961784871224
outcome-lag-64,19,333,intersection,480,12.1953125,209.03125,469.2677441030749,489.9205356591718,463.3795538443424,145.4744768492763
outcome-lag-64,19,333,intersection,512,12.1953125,219.53125,483.65035631529787,506.7351518665407,477.7621660565654,148.92195068915652
outcome-lag-64,19,333,completed,32,6.64453125,25.796875,64.0,64.0,64.0,20.738271808184486
outcome-lag-64,19,333,completed,64,8.177734375,47.8359375,127.0,127.0,127.0,47.23771938275568
outcome-lag-64,19,333,completed,96,9.505859375,67.9609375,187.79180896763586,186.51187555093077,186.51187555093077,69.39319756335507
outcome-lag-64,19,333,completed,128,10.326171875,86.1171875,238.21593464474896,235.858366012986,235.27049214783617,83.695910732462
outcome-lag-64,19,333,completed,160,10.94140625,102.359375,280.35193214304155,278.2445543861699,275.31600283632594,94.61691930715901
outcome-lag-64,19,333,completed,192,11.146484375,114.7734375,306.8979641719366,306.6887706648456,301.66874971311836,101.4914293734985
outcome-lag-64,19,333,completed,224,11.3515625,127.1875,332.20233209454415,334.1250072025262,326.9731176357259,107.4514006458228
outcome-lag-64,19,333,completed,256,11.59765625,139.984375,357.58112981533594,362.54165607613976,352.3519153565177,113.82332277251078
outcome-lag-64,19,333,completed,288,11.59765625,150.484375,377.71984880368024,385.8900319989727,372.490634344862,119.63196246540745
outcome-lag-64,19,333,completed,320,11.76171875,162.515625,396.73638134079084,407.58639392341485,391.5071668819726,124.23773940472607
outcome-lag-64,19,333,completed,352,11.76171875,173.015625,413.3152904032714,426.45326675076194,408.0860759444531,128.09951486485963
outcome-lag-64,19,333,completed,384,12.212890625,187.7265625,433.4479897441763,449.1352056518899,428.21877528535805,132.17509393589015
outcome-lag-64,19,333,completed,416,12.212890625,198.2265625,448.4025126617787,466.0191694116866,443.1732982029605,135.30337731417464
outcome-lag-64,19,333,completed,448,12.869140625,214.8515625,466.5894323118276,485.8018594780087,461.3602178530094,137.93709254702438
outcome-lag-64,19,333,completed,480,12.869140625,225.3515625,482.22800703050507,503.6850074148166,476.99879257168686,141.27991927856
outcome-lag-64,19,333,completed,512,12.869140625,235.8515625,496.5794805487974,520.4643593855734,491.3502660899792,144.7166256525523
outcome-lag-64,19,333,plugin,32,0.88671875,10.546875,51.0,51.0,51.0,22.23698047433325
outcome-lag-64,19,333,plugin,64,1.01171875,19.546875,101.0,101.0,101.0,46.58679038670495
outcome-lag-64,19,333,plugin,96,1.13671875,28.546875,146.79180896763586,145.9799683431313,145.9799683431313,65.3573137974166
outcome-lag-64,19,333,plugin,128,1.26171875,37.546875,185.90414534345334,185.06929095872022,184.48141709357057,78.06291470254702
outcome-lag-64,19,333,plugin,160,1.38671875,46.546875,220.52500486927858,221.09088226354004,218.16233071369638,88.32254178798682
outcome-lag-64,19,333,plugin,192,1.51171875,55.546875,242.66600435925136,245.26003336153812,240.2494402699492,94.71852085717201
outcome-lag-64,19,333,plugin,224,1.63671875,64.546875,266.3738497288359,271.0827550007344,263.9572856395338,100.42944789525485
outcome-lag-64,19,333,plugin,256,1.76171875,73.546875,287.40804874221413,294.8999047601252,284.991484652912,106.02616897571635
outcome-lag-64,19,333,plugin,288,1.82421875,83.296875,306.87904118757916,317.49950510289193,304.462477098277,111.50512600011831
outcome-lag-64,19,333,plugin,320,1.87109375,93.234375,323.0937069791593,336.2256080103458,320.6771428898572,115.74529194656223
outcome-lag-64,19,333,plugin,352,1.87109375,103.734375,339.7154277804303,355.1116118568558,337.29886369112813,119.55168328867724
outcome-lag-64,19,333,plugin,384,1.87109375,114.234375,356.39023811920276,374.25790381684567,353.9736740299006,123.48806269200335
outcome-lag-64,19,333,plugin,416,1.87109375,124.734375,371.41789735389057,391.22318469264485,369.0013332645884,126.64031850135476
outcome-lag-64,19,333,plugin,448,1.87109375,135.234375,385.7454903399019,407.1305927103224,383.32892625059975,129.24593947206063
outcome-lag-64,19,333,plugin,480,1.87109375,145.734375,401.46175114314286,425.10012434308106,399.0451870538407,132.61305359867805
outcome-lag-64,19,333,plugin,512,1.87109375,156.234375,415.87597094663926,441.95050281650526,413.4594068573371,136.07147919979752
outcome-lag-64,19,333,safe,32,8.375,0.0,32.0,32.0,32.0,17.035493072845842
outcome-lag-64,19,333,safe,64,16.75,0.0,64.0,64.0,64.0,34.15588803061913
outcome-lag-64,19,333,safe,96,25.125,0.0,95.79180896763587,94.97996834313132,94.97996834313132,47.817217213104506
outcome-lag-64,19,333,safe,128,33.5,0.0,120.39289358389249,120.05520356531888,119.46732970016917,56.93118221740018
outcome-lag-64,19,333,safe,160,41.875,0.0,139.2294991274709,141.23248679359128,138.3039352437476,64.05346527815333
outcome-lag-64,19,333,safe,192,50.25,0.0,155.1136326506966,159.17969604658924,154.1880687669733,69.29806232630442
outcome-lag-64,19,333,safe,224,58.625,0.0,169.12918481972656,174.79291075744,168.20362093600326,73.23260267902208
outcome-lag-64,19,333,safe,256,67.0,0.0,181.75992830634138,189.540895343411,180.83436442261808,77.11209966330686
outcome-lag-64,19,333,safe,288,75.375,0.0,193.41256100755757,203.45029867996087,192.48699712383427,80.81485583753182
outcome-lag-64,19,333,safe,320,83.75,0.0,204.26606944310518,216.11124106184857,203.34050555938188,83.8230504448005
outcome-lag-64,19,333,safe,352,92.125,0.0,214.44171299473527,227.80831597387666,213.51614911101197,86.33983092305051
outcome-lag-64,19,333,safe,384,100.5,0.0,224.0747432452457,239.03287772731335,223.1491793615224,88.79330154643854
outcome-lag-64,19,333,safe,416,108.875,0.0,233.23983856443067,249.4636559652498,232.31427468070737,90.81190915183873
outcome-lag-64,19,333,safe,448,117.25,0.0,241.99583848899044,259.2406208817767,241.07027460526714,92.49486610855787
outcome-lag-64,19,333,safe,480,125.625,0.0,250.3872887576701,269.0807168860337,249.4617248739468,94.52553443039741
outcome-lag-64,19,333,safe,512,134.0,0.0,258.4694711852449,278.8008591780471,257.5439073015216,96.69276927608912
outcome-lag-64,19,333,known,32,0.0,10.5,50.0,50.0,50.0,25.08443449090492
outcome-lag-64,19,333,known,64,0.0,21.0,103.0,103.0,103.0,50.67078523777024
outcome-lag-64,19,333,known,96,0.0,31.5,150.79180896763586,149.97996834313128,149.97996834313128,69.87069532194211
outcome-lag-64,19,333,known,128,0.0,42.0,189.61717958449842,188.56161617892442,187.97374231377475,82.46524974867266
outcome-lag-64,19,333,known,160,0.0,52.5,223.2607757006777,223.88594745891217,220.9568443312557,92.48447510823286
outcome-lag-64,19,333,known,192,0.0,63.0,246.37981836293062,249.15842902401653,244.05669403011163,99.09164736653841
outcome-lag-64,19,333,known,224,0.0,73.5,269.72144358752735,274.67719282379664,267.39831925470827,104.8194128728775
outcome-lag-64,19,333,known,256,0.0,84.0,292.61315791401375,300.608219588167,290.2900335811947,110.94804550769892
outcome-lag-64,19,333,known,288,0.0,94.5,312.31194910811564,323.504706207926,309.98882477529656,116.5939940293871
outcome-lag-64,19,333,known,320,0.0,105.0,329.25471261829375,343.090779450451,326.9315882854747,121.07582562260502
outcome-lag-64,19,333,known,352,0.0,115.5,345.58202581419164,361.6794319364576,343.25890148137256,124.85057882612071
outcome-lag-64,19,333,known,384,0.0,126.0,361.9405037388773,380.4675117657436,359.6173794060582,128.69482570561692
outcome-lag-64,19,333,known,416,0.0,136.5,376.70720722259955,397.141751894655,374.38408288978053,131.76212725003876
outcome-lag-64,19,333,known,448,0.0,147.0,390.80938373660734,412.79909756123504,388.4862594037883,134.3031797409239
outcome-lag-64,19,333,known,480,0.0,157.5,406.2464449174156,430.457436546519,403.9233205845966,137.5835536989119
outcome-lag-64,19,333,known,512,0.0,168.0,420.43454292462474,447.05125493254525,418.1114185918057,140.96413452703638
outcome-lag-64,19,333,product,32,0.0,10.5,50.0,50.0,50.0,25.08443449090492
outcome-lag-64,19,333,product,64,0.0,21.0,103.0,103.0,103.0,50.67078523777024
outcome-lag-64,19,333,product,96,0.0,31.5,150.79180896763586,149.97996834313128,149.97996834313128,69.87069532194211
outcome-lag-64,19,333,product,128,0.0,42.0,189.61717958449842,188.56161617892442,187.97374231377475,82.46524974867266
outcome-lag-64,19,333,product,160,0.0,52.5,223.2607757006777,223.88594745891217,220.9568443312557,92.48447510823286
outcome-lag-64,19,333,product,192,0.0,63.0,246.37981836293062,249.15842902401653,244.05669403011163,99.09164736653841
outcome-lag-64,19,333,product,224,0.0,73.5,269.72144358752735,274.67719282379664,267.39831925470827,104.8194128728775
outcome-lag-64,19,333,product,256,0.0,84.0,292.61315791401375,300.608219588167,290.2900335811947,110.94804550769892
outcome-lag-64,19,333,product,288,0.0,94.5,312.31194910811564,323.504706207926,309.98882477529656,116.5939940293871
outcome-lag-64,19,333,product,320,0.0,105.0,329.25471261829375,343.090779450451,326.9315882854747,121.07582562260502
outcome-lag-64,19,333,product,352,0.0,115.5,345.58202581419164,361.6794319364576,343.25890148137256,124.85057882612071
outcome-lag-64,19,333,product,384,0.0,126.0,361.9405037388773,380.4675117657436,359.6173794060582,128.69482570561692
outcome-lag-64,19,333,product,416,0.0,136.5,376.70720722259955,397.141751894655,374.38408288978053,131.76212725003876
outcome-lag-64,19,333,product,448,0.0,147.0,390.80938373660734,412.79909756123504,388.4862594037883,134.3031797409239
outcome-lag-64,19,333,product,480,0.0,157.5,406.2464449174156,430.457436546519,403.9233205845966,137.5835536989119
outcome-lag-64,19,333,product,512,0.0,168.0,420.43454292462474,447.05125493254525,418.1114185918057,140.96413452703638
single-blocker,19,333,prefix,32,12.6875,29.25,64.0,63.936433623718294,63.936433623718294,8.05449039087304
single-blocker,19,333,prefix,64,25.375,58.5,128.0,115.798690197487,115.798690197487,10.908136316657508
single-blocker,19,333,prefix,96,38.0625,87.75,192.0,155.7886896620867,155.7886896620867,12.302250417070624
single-blocker,19,333,prefix,128,50.75,117.0,256.0,188.67746015462214,188.67746015462214,12.893997397397298
single-blocker,19,333,prefix,160,63.4375,146.25,320.0,217.49656881099452,217.49656881099452,13.350006065047596
single-blocker,19,333,prefix,192,76.125,175.5,384.0,244.67638608060287,244.67638608060287,14.07697096212441
single-blocker,19,333,prefix,224,88.8125,204.75,448.0,268.5509466185109,268.5509466185109,14.391435014363962
single-blocker,19,333,prefix,256,101.5,234.0,512.0,293.3677375613474,293.3677375613474,15.125838637597154
single-blocker,19,333,prefix,288,114.1875,263.25,576.0,315.595432721778,315.595432721778,15.533817186267333
single-blocker,19,333,prefix,320,126.875,292.5,640.0,336.72300447648087,336.72300447648087,15.891422874887429
single-blocker,19,333,prefix,352,139.5625,321.75,704.0,356.2020343714355,356.2020343714355,16.150492698104834
single-blocker,19,333,prefix,384,152.25,351.0,768.0,374.120050856317,374.120050856317,16.328723854312425
single-blocker,19,333,prefix,416,164.9375,380.25,832.0,391.28186109306597,391.28186109306597,16.49235720495197
single-blocker,19,333,prefix,448,177.625,409.5,896.0,407.77560514255435,407.77560514255435,16.643604803119846
single-blocker,19,333,prefix,480,190.3125,438.75,960.0,425.9338300080364,425.9338300080364,16.954596535725234
single-blocker,19,333,prefix,512,203.0,468.0,1024.0,442.0817544583683,442.0817544583683,17.136980843663213
single-blocker,19,333,intersection,32,5.93359375,25.390625,64.0,63.96821681185914,63.96821681185914,10.501572154167501
single-blocker,19,333,intersection,64,7.24609375,48.140625,128.0,121.34492236728798,121.34492236728798,12.78174823006268
single-blocker,19,333,intersection,96,8.55859375,70.890625,192.0,168.41905442106693,168.41905442106693,14.011830901939003
single-blocker,19,333,intersection,128,9.87109375,93.640625,256.0,207.86040613878941,207.86040613878941,14.880873967254255
single-blocker,19,333,intersection,160,11.18359375,116.390625,320.0,242.51827423403734,242.51827423403734,15.55506155498268
single-blocker,19,333,intersection,192,11.306640625,128.0390625,366.0,263.5657644560435,263.5657644560435,15.903489181502831
single-blocker,19,333,intersection,224,11.306640625,138.5390625,414.0,283.9932328646612,283.9932328646612,16.219162989007227
single-blocker,19,333,intersection,256,11.306640625,149.0390625,465.0,304.3935158081749,304.3935158081749,16.515724247616284
single-blocker,19,333,intersection,288,11.306640625,159.5390625,513.0,322.0879608504703,322.0879608504703,16.75282370369747
single-blocker,19,333,intersection,320,11.306640625,170.0390625,558.0,337.52960726616067,337.52960726616067,16.94566142452961
single-blocker,19,333,intersection,352,11.306640625,180.5390625,604.0,352.6622953979184,352.6622953979184,17.127320713333706
single-blocker,19,333,intersection,384,11.306640625,191.0390625,652.0,367.9211658389775,367.9211658389775,17.30465228479621
single-blocker,19,333,intersection,416,11.306640625,201.5390625,698.0,381.78791927181726,381.78791927181726,17.45755442662575
single-blocker,19,333,intersection,448,11.306640625,212.0390625,744.0,395.14264196852156,395.14264196852156,17.599570780306077
single-blocker,19,333,intersection,480,11.306640625,222.5390625,795.0,409.7918137946379,409.7918137946379,17.753891359133476
single-blocker,19,333,intersection,512,11.306640625,233.0390625,844.0,423.23346044782045,423.23346044782045,17.889063616940174
single-blocker,19,333,completed,32,5.22265625,24.984375,64.0,63.96821681185914,63.96821681185914,10.594862197457548
single-blocker,19,333,completed,64,6.53515625,47.734375,128.0,121.34492236728798,121.34492236728798,12.781748230062682
single-blocker,19,333,completed,96,7.84765625,70.484375,192.0,168.41905442106685,168.41905442106685,14.011830901939003
single-blocker,19,333,completed,128,9.16015625,93.234375,256.0,207.88216762420515,207.88216762420515,14.88186640000072
single-blocker,19,333,completed,160,9.734375,109.09375,311.0,236.78756609900404,236.78756609900404,15.428633712225059
single-blocker,19,333,completed,192,9.734375,119.59375,354.0,255.9611725779144,255.9611725779144,15.736638884310631
single-blocker,19,333,completed,224,9.734375,130.09375,402.0,276.30169052769213,276.30169052769213,16.049124009611464
single-blocker,19,333,completed,256,9.734375,140.59375,453.0,296.62103850377446,296.62103850377446,16.342938212782695
single-blocker,19,333,completed,288,9.734375,151.09375,501.0,314.2603273344411,314.2603273344411,16.578288604553308
single-blocker,19,333,completed,320,9.734375,161.59375,546.0,329.66359780143836,329.66359780143836,16.769968557109845
single-blocker,19,333,completed,352,9.734375,172.09375,592.0,344.760016790946,344.760016790946,16.950578468909644
single-blocker,19,333,completed,384,9.734375,182.59375,640.0,359.9825914658163,359.9825914658163,17.126903671883504
single-blocker,19,333,completed,416,9.734375,193.09375,686.0,373.82124988962937,373.82124988962937,17.27905700042225
single-blocker,19,333,completed,448,9.734375,203.59375,732.0,387.1506983420602,387.1506983420602,17.420422289711425
single-blocker,19,333,completed,480,9.734375,214.09375,783.0,401.7693054559714,401.7693054559714,17.573984158318936
single-blocker,19,333,completed,512,9.734375,224.59375,832.0,415.1866301043858,415.1866301043858,17.708575130103586
single-blocker,19,333,plugin,32,1.189453125,12.2578125,51.0,50.96821681185914,50.96821681185914,8.845474188665515
single-blocker,19,333,plugin,64,1.189453125,22.7578125,104.0,97.04745485487553,97.04745485487553,10.402825100500412
single-blocker,19,333,plugin,96,1.189453125,33.2578125,152.0,129.42117529086147,129.42117529086147,11.174390431586227
single-blocker,19,333,plugin,128,1.189453125,43.7578125,199.0,156.11556483766813,156.11556483766813,11.714686999965402
single-blocker,19,333,plugin,160,1.189453125,54.2578125,250.0,182.03887236311996,182.03887236311996,12.186626872383764
single-blocker,19,333,plugin,192,1.189453125,64.7578125,293.0,201.0713080106435,201.0713080106435,12.489177035613388
single-blocker,19,333,plugin,224,1.189453125,75.2578125,341.0,221.24552900648368,221.24552900648368,12.79564964928584
single-blocker,19,333,plugin,256,1.189453125,85.7578125,392.0,241.40906691718286,241.40906691718286,13.084239396445268
single-blocker,19,333,plugin,288,1.189453125,96.2578125,440.0,258.9416444693143,258.9416444693143,13.31624154181488
single-blocker,19,333,plugin,320,1.189453125,106.7578125,485.0,274.27042891910054,274.27042891910054,13.505695751957978
single-blocker,19,333,plugin,352,1.189453125,117.2578125,531.0,289.2962778574919,289.2962778574919,13.684281773993652
single-blocker,19,333,plugin,384,1.189453125,127.7578125,579.0,304.44806851366917,304.44806851366917,13.858660178723413
single-blocker,19,333,plugin,416,1.189453125,138.2578125,625.0,318.2318286941253,318.2318286941253,14.009361206034702
single-blocker,19,333,plugin,448,1.189453125,148.7578125,671.0,331.5118134190209,331.5118134190209,14.14946117290465
single-blocker,19,333,plugin,480,1.189453125,159.2578125,722.0,346.0705083667008,346.0705083667008,14.301545448182182
single-blocker,19,333,plugin,512,1.189453125,169.7578125,771.0,359.4400861382153,359.4400861382153,14.435002122367
single-blocker,19,333,safe,32,8.375,0.0,32.0,31.968216811859147,31.968216811859147,4.02724519543652
single-blocker,19,333,safe,64,16.75,0.0,64.0,57.42435623340214,57.42435623340214,4.7282659037057675
single-blocker,19,333,safe,96,25.125,0.0,96.0,76.78319682780861,76.78319682780861,5.136346480888775
single-blocker,19,333,safe,128,33.5,0.0,128.0,93.03345515740088,93.03345515740088,5.425334592589174
single-blocker,19,333,safe,160,41.875,0.0,160.0,107.31238195727079,107.31238195727079,5.649261224939744
single-blocker,19,333,safe,192,50.25,0.0,192.0,120.1978375468853,120.1978375468853,5.832104609707439
single-blocker,19,333,safe,224,58.625,0.0,224.0,132.0310352083931,132.0310352083931,5.986627913082163
single-blocker,19,333,safe,256,67.0,0.0,256.0,143.03333360981438,143.03333360981438,6.120438712817281
single-blocker,19,333,safe,288,75.375,0.0,288.0,153.35798108855585,153.35798108855585,6.238439029233648
single-blocker,19,333,safe,320,83.75,0.0,320.0,163.1162631808352,163.1162631808352,6.343973346894013
single-blocker,19,333,safe,352,92.125,0.0,352.0,172.39200998111025,172.39200998111025,6.43942571339101
single-blocker,19,333,safe,384,100.5,0.0,384.0,181.25023096678382,181.25023096678382,6.5265555690159704
single-blocker,19,333,safe,416,108.875,0.0,416.0,189.74254455085054,189.74254455085054,6.6066985205464555
single-blocker,19,333,safe,448,117.25,0.0,448.0,197.91074640079475,197.91074640079475,6.680892410683006
single-blocker,19,333,safe,480,125.625,0.0,480.0,205.78924141297622,205.78924141297622,6.7499597404471405
single-blocker,19,333,safe,512,134.0,0.0,512.0,213.40675252840046,213.40675252840046,6.81456340954972
single-blocker,19,333,known,32,0.0,10.5,50.0,49.96821681185914,49.96821681185914,7.466797718077277
single-blocker,19,333,known,64,0.0,21.0,103.0,95.81662176040324,95.81662176040324,8.95616791700112
single-blocker,19,333,known,96,0.0,31.5,151.0,127.89503243837518,127.89503243837518,9.711776874633049
single-blocker,19,333,known,128,0.0,42.0,198.0,154.41423460874634,154.41423460874634,10.243885635941533
single-blocker,19,333,known,160,0.0,52.5,249.0,180.18493965485348,180.18493965485348,10.709484761620967
single-blocker,19,333,known,192,0.0,63.0,292.0,199.1502463273784,199.1502463273784,11.009482127347054
single-blocker,19,333,known,224,0.0,73.5,340.0,219.24487972475663,219.24487972475663,11.313117231284314
single-blocker,19,333,known,256,0.0,84.0,391.0,239.33337750302616,239.33337750302616,11.599220880004912
single-blocker,19,333,known,288,0.0,94.5,439.0,256.8143143389696,256.8143143389696,11.829619617877523
single-blocker,19,333,known,320,0.0,105.0,484.0,272.1069399311885,272.1069399311885,12.018003560789303
single-blocker,19,333,known,352,0.0,115.5,530.0,287.09844896257965,287.09844896257965,12.19561330968959
single-blocker,19,333,known,384,0.0,126.0,578.0,302.2157184618869,302.2157184618869,12.369049859206994
single-blocker,19,333,known,416,0.0,136.5,624.0,315.9726536800106,315.9726536800106,12.51904649284113
single-blocker,19,333,known,448,0.0,147.0,670.0,329.2284318771923,329.2284318771923,12.658531514327922
single-blocker,19,333,known,480,0.0,157.5,721.0,343.75776160542745,343.75776160542745,12.809896215267244
single-blocker,19,333,known,512,0.0,168.0,770.0,357.1039023710125,357.1039023710125,12.942799422950648
single-blocker,19,333,product,32,0.0,10.5,50.0,49.96821681185914,49.96821681185914,7.466797718077277
single-blocker,19,333,product,64,0.0,21.0,103.0,95.81662176040324,95.81662176040324,8.95616791700112
single-blocker,19,333,product,96,0.0,31.5,151.0,127.89503243837518,127.89503243837518,9.711776874633049
single-blocker,19,333,product,128,0.0,42.0,198.0,154.41423460874634,154.41423460874634,10.243885635941533
single-blocker,19,333,product,160,0.0,52.5,249.0,180.18493965485348,180.18493965485348,10.709484761620967
single-blocker,19,333,product,192,0.0,63.0,292.0,199.1502463273784,199.1502463273784,11.009482127347054
single-blocker,19,333,product,224,0.0,73.5,340.0,219.24487972475663,219.24487972475663,11.313117231284314
single-blocker,19,333,product,256,0.0,84.0,391.0,239.33337750302616,239.33337750302616,11.599220880004912
single-blocker,19,333,product,288,0.0,94.5,439.0,256.8143143389696,256.8143143389696,11.829619617877523
single-blocker,19,333,product,320,0.0,105.0,484.0,272.1069399311885,272.1069399311885,12.018003560789303
single-blocker,19,333,product,352,0.0,115.5,530.0,287.09844896257965,287.09844896257965,12.19561330968959
single-blocker,19,333,product,384,0.0,126.0,578.0,302.2157184618869,302.2157184618869,12.369049859206994
single-blocker,19,333,product,416,0.0,136.5,624.0,315.9726536800106,315.9726536800106,12.51904649284113
single-blocker,19,333,product,448,0.0,147.0,670.0,329.2284318771923,329.2284318771923,12.658531514327922
single-blocker,19,333,product,480,0.0,157.5,721.0,343.75776160542745,343.75776160542745,12.809896215267244
single-blocker,19,333,product,512,0.0,168.0,770.0,357.1039023710125,357.1039023710125,12.942799422950648
outcome-lag-64,21,333,prefix,32,4.5625,27.25,64.0,64.0,64.0,32.84516497699694
outcome-lag-64,21,333,prefix,64,9.125,54.5,128.0,128.0,128.0,57.98565404393871
outcome-lag-64,21,333,prefix,96,10.54296875,79.953125,191.72653445676565,189.71306684898352,189.6977764269407,80.01447185442983
outcome-lag-64,21,333,prefix,128,10.73046875,104.703125,245.2018846188709,245.5990577270306,242.8844294363369,97.33043782696366
outcome-lag-64,21,333,prefix,160,10.91796875,129.453125,292.0126259280382,294.27877383413306,287.4795737680642,110.39697885125288
outcome-lag-64,21,333,prefix,192,11.10546875,154.203125,332.34851966252813,336.17818207554456,325.3701928668732,121.02173523431611
outcome-lag-64,21,333,prefix,224,11.29296875,178.953125,367.79508566547787,373.3779154456652,359.05991183097115,129.5115172390531
outcome-lag-64,21,333,prefix,256,11.416015625,203.1015625,398.22784902016804,406.2122539345291,388.48667509325134,136.4507882636075
outcome-lag-64,21,333,prefix,288,11.416015625,226.1015625,424.7933650177116,435.86861550575975,414.8914736654317,142.73520152563262
outcome-lag-64,21,333,prefix,320,11.416015625,249.1015625,450.4702997444798,464.71771933234936,440.54003391422805,148.59903174639803
outcome-lag-64,21,333,prefix,352,11.416015625,272.1015625,473.6786573264198,491.25454231868696,463.74839149616804,154.09589914988933
outcome-lag-64,21,333,prefix,384,11.416015625,295.1015625,496.59114183302995,517.081930360555,486.6608760027782,158.93486409914448
outcome-lag-64,21,333,prefix,416,11.416015625,318.1015625,518.8304437821856,542.3173726911641,508.9001779519338,163.7130188788817
outcome-lag-64,21,333,prefix,448,11.416015625,341.1015625,539.2882297791136,565.4025507664214,529.3579639488618,167.8398934173778
outcome-lag-64,21,333,prefix,480,11.416015625,364.1015625,559.3224832415921,588.1082806885929,549.3922174113402,171.89701175982458
outcome-lag-64,21,333,prefix,512,11.416015625,387.1015625,578.2492503971143,609.3709069446857,568.3189845668625,175.46151147688448
outcome-lag-64,21,333,intersection,32,4.5625,27.25,64.0,64.0,64.0,32.84516497699694
outcome-lag-64,21,333,intersection,64,5.296875,52.3125,128.0,128.0,128.0,57.87417324481501
outcome-lag-64,21,333,intersection,96,5.484375,77.0625,191.72653445676565,189.9289769236196,189.8709346597386,79.44709143448944
outcome-lag-64,21,333,intersection,128,5.671875,101.8125,245.8083698805037,245.7868662096341,242.86640631152488,96.70275374899938
outcome-lag-64,21,333,intersection,160,5.859375,126.5625,292.53036949981174,292.62324688313487,285.6524698128416,109.33202801942763
outcome-lag-64,21,333,intersection,192,6.046875,151.3125,330.9711798308487,333.6919447173181,322.80208000076175,119.69620038169627
outcome-lag-64,21,333,intersection,224,6.0703125,174.53125,364.2197077038773,369.49241549952916,355.10767651196954,127.9036590401592
outcome-lag-64,21,333,intersection,256,6.0703125,197.53125,392.41285926365356,400.61782229227816,382.8006796328284,134.65718526274765
outcome-lag-64,21,333,intersection,288,6.0703125,220.53125,418.9377481328782,430.35016863774763,409.24477246396367,140.9203036749224
outcome-lag-64,21,333,intersection,320,6.0703125,243.53125,444.7528916716723,459.4036778101674,435.0474153577046,146.85940558137384
outcome-lag-64,21,333,intersection,352,6.0703125,266.53125,468.2056189386304,486.26480769743074,458.5001426246627,152.5125275962899
outcome-lag-64,21,333,intersection,384,6.0703125,289.53125,490.852087741369,511.85528173214146,481.14661142740135,157.3235266872901
outcome-lag-64,21,333,intersection,416,6.0703125,312.53125,513.2104217062171,537.2802643100617,503.5049453922495,162.17027873799964
outcome-lag-64,21,333,intersection,448,6.0703125,335.53125,533.7598085456686,560.4966526666686,524.0543322317011,166.35380195935414
outcome-lag-64,21,333,intersection,480,6.0703125,358.53125,553.8722585637312,583.3130797497469,544.1667822497636,170.46422350843488
outcome-lag-64,21,333,intersection,512,6.0703125,381.53125,572.8209152089271,604.6197236006736,563.1154388949595,174.05161859574008
outcome-lag-64,21,333,completed,32,2.921875,26.3125,64.0,64.0,64.0,32.26031694924036
outcome-lag-64,21,333,completed,64,4.427734375,39.4609375,113.0,113.0,113.0,51.852039949323064
outcome-lag-64,21,333,completed,96,5.0546875,60.34375,171.78471754017954,169.94452537242492,169.9298583257148,70.7897658674903
outcome-lag-64,21,333,completed,128,5.2421875,85.09375,226.76379051807243,226.68472512404813,224.10594899465744,87.00747465080323
outcome-lag-64,21,333,completed,160,5.259765625,108.2578125,272.49521205422275,273.3614243926319,266.87720744956016,99.94208099383654
outcome-lag-64,21,333,completed,192,5.259765625,131.2578125,311.489385711094,314.63953908806604,304.3422766343727,110.36436836599287
outcome-lag-64,21,333,completed,224,5.259765625,154.2578125,345.39481799314007,351.0267869314002,337.2647172792684,118.63716179977935
outcome-lag-64,21,333,completed,256,5.259765625,177.2578125,374.7532478168941,383.22718141640365,366.02142285642344,125.65433504297572
outcome-lag-64,21,333,completed,288,5.259765625,200.2578125,402.29652896962483,413.9240694951253,393.4054670179003,132.17190788246265
outcome-lag-64,21,333,completed,320,5.259765625,223.2578125,429.01425518831036,443.8733857627613,420.090962171271,138.36284989958622
outcome-lag-64,21,333,completed,352,5.259765625,246.2578125,453.17643014732073,471.49807010883865,444.25313713028135,144.258958097171
outcome-lag-64,21,333,completed,384,5.259765625,269.2578125,476.40082884735955,497.68206095619155,467.47753583032016,149.21361274476405
outcome-lag-64,21,333,completed,416,5.259765625,292.2578125,499.32253960461406,523.697354800032,490.3992465875747,154.21128302395914
outcome-lag-64,21,333,completed,448,5.259765625,315.2578125,520.3276657830609,547.4192340290257,511.4043727660216,158.53895355190545
outcome-lag-64,21,333,completed,480,5.259765625,338.2578125,540.8586238628578,570.7016845785953,531.9353308458185,162.7822564491527
outcome-lag-64,21,333,completed,512,5.259765625,361.2578125,560.1610525394594,592.3726541848375,551.2377595224201,166.4460357249916
outcome-lag-64,21,333,plugin,32,1.3828125,13.375,47.0,47.0,47.0,26.384027986785707
outcome-lag-64,21,333,plugin,64,2.2578125,25.875,91.0,91.0,91.0,43.66452909292878
outcome-lag-64,21,333,plugin,96,3.05078125,39.359375,140.82560666407045,138.97074744960574,138.97074744960574,58.62429694968966
outcome-lag-64,21,333,plugin,128,3.92578125,51.859375,179.24018526306645,177.46475797242485,175.83821942385705,70.45680582055283
outcome-lag-64,21,333,plugin,160,4.80078125,64.359375,213.35064312848118,212.73764145658473,207.71384099310308,80.39753244334771
outcome-lag-64,21,333,plugin,192,5.67578125,76.859375,241.91417798216898,244.20602360755268,235.42007193244189,89.16453013923525
outcome-lag-64,21,333,plugin,224,6.55078125,89.359375,269.5174387416808,274.2855853967172,262.2095340568896,96.46234978128919
outcome-lag-64,21,333,plugin,256,7.42578125,101.859375,291.44305226828607,298.54106896530766,283.598246587988,102.09077735333088
outcome-lag-64,21,333,plugin,288,8.30078125,114.359375,310.9307787502068,320.44536921698824,302.9540250023657,106.95298303116367
outcome-lag-64,21,333,plugin,320,9.17578125,126.859375,328.9534530835909,340.7095068466969,320.95192388224956,111.08506276666786
outcome-lag-64,21,333,plugin,352,10.05078125,139.359375,344.5444133390273,358.414688819168,336.542884137686,114.64861164733793
outcome-lag-64,21,333,plugin,384,10.92578125,151.859375,364.8214906008105,381.2294570899241,356.81996139946915,118.89750052259751
outcome-lag-64,21,333,plugin,416,11.80078125,164.359375,380.18200917886674,398.76338482806835,372.1804799775254,122.44635127066111
outcome-lag-64,21,333,plugin,448,12.67578125,176.859375,394.7456985031692,415.12436653438766,386.74416930182787,125.33846363112313
outcome-lag-64,21,333,plugin,480,13.55078125,189.359375,409.06222145006456,431.292329235033,401.0606922487232,128.15993994627667
outcome-lag-64,21,333,plugin,512,14.42578125,201.859375,423.24362155303567,447.38815824980117,415.24209235169434,131.0196478637152
outcome-lag-64,21,333,safe,32,3.0,0.0,32.0,32.0,32.0,19.542253095010807
outcome-lag-64,21,333,safe,64,6.0,0.0,64.0,64.0,64.0,33.567140027259995
outcome-lag-64,21,333,safe,96,9.0,0.0,95.82560666407043,93.9707474496057,93.9707474496057,45.02844877552171
outcome-lag-64,21,333,safe,128,12.0,0.0,120.24018526306656,119.7475110215618,118.12097247299405,54.84394212958598
outcome-lag-64,21,333,safe,160,15.0,0.0,139.08092143281732,141.98550910622632,136.96170864274484,63.02694004673124
outcome-lag-64,21,333,safe,192,18.0,0.0,154.99394189980367,161.66068078484176,152.8747291097312,69.99949952049991
outcome-lag-64,21,333,safe,224,21.0,0.0,169.02592707454704,178.98276562430217,166.90671428447456,75.64291000182719
outcome-lag-64,21,333,safe,256,24.0,0.0,181.69610886627743,194.51971845352486,179.57689607620495,80.3113752293636
outcome-lag-64,21,333,safe,288,27.0,0.0,193.3585608153227,208.7306922398733,191.23934802525022,84.31570185338705
outcome-lag-64,21,333,safe,320,30.0,0.0,204.20981046422582,221.82558269015937,202.09059767415334,87.75784452905413
outcome-lag-64,21,333,safe,352,33.0,0.0,214.40535962931807,233.9634098122543,212.2861468392456,90.715377217371
outcome-lag-64,21,333,safe,384,36.0,0.0,224.04114939214148,245.69726251705424,221.921936602069,93.67813879212233
outcome-lag-64,21,333,safe,416,39.0,0.0,233.20860922306275,256.9432072483191,231.08939643299027,96.51191289085081
outcome-lag-64,21,333,safe,448,42.0,0.0,241.97320709121854,267.1069909426221,239.85399430114606,98.58168862534598
outcome-lag-64,21,333,safe,480,45.0,0.0,250.36551856828498,276.92965656878806,248.2463057782125,100.59492656909451
outcome-lag-64,21,333,safe,512,48.0,0.0,258.44702934972395,286.7660063673626,256.3278165596516,102.87836892134739
outcome-lag-64,21,333,known,32,0.0,23.0,63.0,63.0,63.0,29.152695430453136
outcome-lag-64,21,333,known,64,0.0,46.0,124.0,124.0,124.0,51.04777900195222
outcome-lag-64,21,333,known,96,0.0,69.0,182.82560666407045,180.903071218319,180.903071218319,69.51595959225583
outcome-lag-64,21,333,known,128,0.0,92.0,233.9177187202895,231.93064782746347,230.000565136863,85.62037872738112
outcome-lag-64,21,333,known,160,0.0,115.0,276.8120099367482,276.68351787574437,270.8773180132411,97.89640701723552
outcome-lag-64,21,333,known,192,0.0,138.0,314.6509599527627,317.50860054865734,307.9033407045891,108.20252662226687
outcome-lag-64,21,333,known,224,0.0,161.0,347.8952022139389,353.46030481185414,340.39747367552076,116.3774490411515
outcome-lag-64,21,333,known,256,0.0,184.0,376.94982191025105,385.4655664181429,368.958698197918,123.36503746893614
outcome-lag-64,21,333,known,288,0.0,207.0,404.3131803269515,416.03122905493547,396.2086100000036,129.86740625005217
outcome-lag-64,21,333,known,320,0.0,230.0,430.9120325719665,445.8880915651593,422.78762944408976,136.05874971651212
outcome-lag-64,21,333,known,352,0.0,253.0,455.01282596414205,473.46561658350987,446.88842283626525,141.96178985505284
outcome-lag-64,21,333,known,384,0.0,276.0,478.0139277985285,499.43347222638863,469.8895246706517,146.87516375904917
outcome-lag-64,21,333,known,416,0.0,299.0,500.8541426404241,525.3863365759028,492.72973951254727,151.86539754967765
outcome-lag-64,21,333,known,448,0.0,322.0,521.790959243258,549.042336484647,513.6665561153812,156.18212075349388
outcome-lag-64,21,333,known,480,0.0,345.0,542.2563791963839,572.2594731961291,534.1319760685071,160.41533442128065
outcome-lag-64,21,333,known,512,0.0,368.0,561.4868829721643,593.8636232286638,553.3624798442875,164.07034911386407
outcome-lag-64,21,333,product,32,4.375,25.5,63.0,63.0,63.0,32.84516497699694
outcome-lag-64,21,333,product,64,8.75,51.0,124.0,124.0,124.0,57.15232071060537
outcome-lag-64,21,333,product,96,13.125,76.5,182.3302456275465,179.7826203930493,179.7826203930493,78.03789500853146
outcome-lag-64,21,333,product,128,17.5,102.0,227.82400953499288,228.22249245357872,224.97776508401319,96.30014954768728
outcome-lag-64,21,333,product,160,21.875,127.5,263.9451478640384,269.6010323973776,261.0989034130587,110.57733877200374
outcome-lag-64,21,333,product,192,26.25,153.0,295.5939391159395,306.1415370570982,292.7476946649598,121.80295705930106
outcome-lag-64,21,333,product,224,30.625,178.5,323.44222526734194,338.7368122072187,320.5959808163622,131.17006504670277
outcome-lag-64,21,333,product,256,35.0,204.0,347.84841722803964,368.11666279430824,345.0021727770599,139.65622854808421
outcome-lag-64,21,333,product,288,39.375,229.5,370.6739403400759,395.852538729735,367.82769588909616,147.42827846779355
outcome-lag-64,21,333,product,320,43.75,255.0,392.60712944494384,422.2086771533867,389.7608849939641,154.28952759320998
outcome-lag-64,21,333,product,352,48.125,280.5,412.53431463967945,446.24060896949635,409.6880701886997,160.40111105249832
outcome-lag-64,21,333,product,384,52.5,306.0,431.99665638125543,469.69853275518795,429.1504119302757,166.1747203511279
outcome-lag-64,21,333,product,416,56.875,331.5,450.7971472226291,492.1879105976398,447.9509027716494,171.4568487778839
outcome-lag-64,21,333,product,448,61.25,357.0,468.17435982880835,512.7705314352899,465.3281153778286,176.0294440424328
outcome-lag-64,21,333,product,480,65.625,382.5,485.085104497699,532.9184106762241,482.23886004671925,180.48567305422878
outcome-lag-64,21,333,product,512,70.0,408.0,501.07592881392543,552.0622382111488,498.2296843629457,184.70750986445657
single-blocker,21,333,prefix,32,4.5625,27.25,64.0,63.960661021301576,63.960661021301576,8.022232326356912
single-blocker,21,333,prefix,64,9.125,54.5,128.0,116.10382972641382,116.10382972641382,11.224802983324178
single-blocker,21,333,prefix,96,13.6875,81.75,192.0,157.50968723365776,157.50968723365776,12.89156927118995
single-blocker,21,333,prefix,128,18.25,109.0,256.0,193.24794895549147,193.24794895549147,13.914490083926616
single-blocker,21,333,prefix,160,22.8125,136.25,320.0,224.7937220341055,224.7937220341055,14.618331210565346
single-blocker,21,333,prefix,192,27.375,163.5,384.0,252.48373467645396,252.48373467645396,15.101644614993514
single-blocker,21,333,prefix,224,31.9375,190.75,448.0,278.0276308669049,278.0276308669049,15.51499269034445
single-blocker,21,333,prefix,256,36.5,218.0,512.0,303.18524216533336,303.18524216533336,15.949516376055714
single-blocker,21,333,prefix,288,41.0625,245.25,576.0,326.3860609943752,326.3860609943752,16.297722050593215
single-blocker,21,333,prefix,320,45.625,272.5,640.0,347.09974408694575,347.09974408694575,16.550998603549417
single-blocker,21,333,prefix,352,50.1875,299.75,704.0,368.1391338262948,368.1391338262948,16.838759459483327
single-blocker,21,333,prefix,384,54.75,327.0,768.0,386.94823855562265,386.94823855562265,17.049073362440406
single-blocker,21,333,prefix,416,59.3125,354.25,832.0,404.3232381570757,404.3232381570757,17.216823548197436
single-blocker,21,333,prefix,448,63.875,381.5,896.0,422.33003086246964,422.33003086246964,17.42469876078285
single-blocker,21,333,prefix,480,68.4375,408.75,960.0,439.06670204686714,439.06670204686714,17.59417527938651
single-blocker,21,333,prefix,512,73.0,436.0,1024.0,455.8880606025166,455.8880606025166,17.77771902131186
single-blocker,21,333,intersection,32,1.828125,25.6875,64.0,63.96821681185914,63.96821681185914,10.3543938493805
single-blocker,21,333,intersection,64,2.015625,50.4375,128.0,120.53907305509676,120.53907305509676,12.697622192859418
single-blocker,21,333,intersection,96,2.203125,75.1875,192.0,168.35122932401316,168.35122932401316,14.008277712547295
single-blocker,21,333,intersection,128,2.390625,99.9375,256.0,207.88216762420515,207.88216762420515,14.881866400000703
single-blocker,21,333,intersection,160,2.578125,124.6875,320.0,242.42542448406368,242.42542448406368,15.551256556744375
single-blocker,21,333,intersection,192,2.765625,149.4375,384.0,273.57667080682177,273.57667080682177,16.097755677196353
single-blocker,21,333,intersection,224,2.783203125,172.6015625,446.0,300.96643594510533,300.96643594510533,16.534915129542235
single-blocker,21,333,intersection,256,2.783203125,195.6015625,506.0,325.7413762724028,325.7413762724028,16.90683335444702
single-blocker,21,333,intersection,288,2.783203125,218.6015625,567.0,349.6145770813049,349.6145770813049,17.247631620386176
single-blocker,21,333,intersection,320,2.783203125,241.6015625,630.0,373.1225326144901,373.1225326144901,17.568013904476125
single-blocker,21,333,intersection,352,2.783203125,264.6015625,691.0,394.6966416508043,394.6966416508043,17.847255922002702
single-blocker,21,333,intersection,384,2.783203125,287.6015625,754.0,415.6345058342089,415.6345058342089,18.100625946374606
single-blocker,21,333,intersection,416,2.783203125,310.6015625,818.0,436.5231166411506,436.5231166411506,18.350647702522537
single-blocker,21,333,intersection,448,2.783203125,333.6015625,880.0,455.81278047056435,455.81278047056435,18.570770727936786
single-blocker,21,333,intersection,480,2.783203125,356.6015625,943.0,474.75529019071286,474.75529019071286,18.77969554136532
single-blocker,21,333,intersection,512,2.783203125,379.6015625,1005.0,492.67426759271035,492.67426759271035,18.96969084582953
single-blocker,21,333,completed,32,1.69140625,25.609375,64.0,63.96821681185914,63.96821681185914,10.3543938493805
single-blocker,21,333,completed,64,1.87890625,50.359375,128.0,120.53907305509676,120.53907305509676,12.697622192859418
single-blocker,21,333,completed,96,2.06640625,75.109375,192.0,168.35122932401316,168.35122932401316,14.008277712547295
single-blocker,21,333,completed,128,2.25390625,99.859375,256.0,207.88216762420515,207.88216762420515,14.881866400000703
single-blocker,21,333,completed,160,2.44140625,124.609375,320.0,242.42542448406368,242.42542448406368,15.551256556744375
single-blocker,21,333,completed,192,2.62890625,149.359375,384.0,273.57667080682177,273.57667080682177,16.097755677196353
single-blocker,21,333,completed,224,2.634765625,172.4140625,446.0,300.96643594510533,300.96643594510533,16.534915129542235
single-blocker,21,333,completed,256,2.634765625,195.4140625,506.0,325.7413762724028,325.7413762724028,16.90683335444702
single-blocker,21,333,completed,288,2.634765625,218.4140625,567.0,349.6145770813049,349.6145770813049,17.247631620386176
single-blocker,21,333,completed,320,2.634765625,241.4140625,630.0,373.1225326144901,373.1225326144901,17.568013904476125
single-blocker,21,333,completed,352,2.634765625,264.4140625,691.0,394.6966416508043,394.6966416508043,17.847255922002702
single-blocker,21,333,completed,384,2.634765625,287.4140625,754.0,415.6345058342089,415.6345058342089,18.100625946374606
single-blocker,21,333,completed,416,2.634765625,310.4140625,818.0,436.5231166411506,436.5231166411506,18.350647702522537
single-blocker,21,333,completed,448,2.634765625,333.4140625,880.0,455.81278047056435,455.81278047056435,18.570770727936786
single-blocker,21,333,completed,480,2.634765625,356.4140625,943.0,474.75529019071286,474.75529019071286,18.77969554136532
single-blocker,21,333,completed,512,2.634765625,379.4140625,1005.0,492.67426759271035,492.67426759271035,18.96969084582953
single-blocker,21,333,plugin,32,1.255859375,14.2109375,48.0,47.96821681185914,47.96821681185914,8.630455873647197
single-blocker,21,333,plugin,64,2.130859375,26.7109375,92.0,85.42435623340214,85.42435623340214,10.004224081459277
single-blocker,21,333,plugin,96,3.005859375,39.2109375,141.0,120.74272630364472,120.74272630364472,10.939279763727589
single-blocker,21,333,plugin,128,3.880859375,51.7109375,187.0,147.87182291267789,147.87182291267789,11.51894680451526
single-blocker,21,333,plugin,160,4.755859375,64.2109375,236.0,173.60585742989727,173.60585742989727,12.010071378508952
single-blocker,21,333,plugin,192,5.630859375,76.7109375,285.0,196.63847634754794,196.63847634754794,12.403564101444836
single-blocker,21,333,plugin,224,6.505859375,89.2109375,338.0,219.72955107585994,219.72955107585994,12.768862511326136
single-blocker,21,333,plugin,256,7.380859375,101.7109375,386.0,238.59276271837734,238.59276271837734,13.037899289658418
single-blocker,21,333,plugin,288,8.255859375,114.2109375,433.0,255.83932116539046,255.83932116539046,13.267956492218484
single-blocker,21,333,plugin,320,9.130859375,126.7109375,480.0,272.1558623754214,272.1558623754214,13.474246722982015
single-blocker,21,333,plugin,352,10.005859375,139.2109375,524.0,286.4515277160549,286.4515277160549,13.643578595612542
single-blocker,21,333,plugin,384,10.880859375,151.7109375,581.0,305.2157184618869,305.2157184618869,13.869049859207006
single-blocker,21,333,plugin,416,11.755859375,164.2109375,628.0,319.3417098754308,319.3417098754308,14.023854185148831
single-blocker,21,333,plugin,448,12.630859375,176.7109375,675.0,332.94178160918807,332.94178160918807,14.167520323765174
single-blocker,21,333,plugin,480,13.505859375,189.2109375,723.0,346.41449803655746,346.41449803655746,14.305729548600594
single-blocker,21,333,plugin,512,14.380859375,201.7109375,772.0,359.7723215519611,359.7723215519611,14.438908372367008
single-blocker,21,333,safe,32,3.0,0.0,32.0,31.968216811859147,31.968216811859147,4.02724519543652
single-blocker,21,333,safe,64,6.0,0.0,64.0,57.42435623340214,57.42435623340214,4.7282659037057675
single-blocker,21,333,safe,96,9.0,0.0,96.0,76.78319682780861,76.78319682780861,5.136346480888775
single-blocker,21,333,safe,128,12.0,0.0,128.0,93.03345515740088,93.03345515740088,5.425334592589174
single-blocker,21,333,safe,160,15.0,0.0,160.0,107.31238195727079,107.31238195727079,5.649261224939744
single-blocker,21,333,safe,192,18.0,0.0,192.0,120.1978375468853,120.1978375468853,5.832104609707439
single-blocker,21,333,safe,224,21.0,0.0,224.0,132.0310352083931,132.0310352083931,5.986627913082163
single-blocker,21,333,safe,256,24.0,0.0,256.0,143.03333360981438,143.03333360981438,6.120438712817281
single-blocker,21,333,safe,288,27.0,0.0,288.0,153.35798108855585,153.35798108855585,6.238439029233648
single-blocker,21,333,safe,320,30.0,0.0,320.0,163.1162631808352,163.1162631808352,6.343973346894013
single-blocker,21,333,safe,352,33.0,0.0,352.0,172.39200998111025,172.39200998111025,6.43942571339101
single-blocker,21,333,safe,384,36.0,0.0,384.0,181.25023096678382,181.25023096678382,6.5265555690159704
single-blocker,21,333,safe,416,39.0,0.0,416.0,189.74254455085054,189.74254455085054,6.6066985205464555
single-blocker,21,333,safe,448,42.0,0.0,448.0,197.91074640079475,197.91074640079475,6.680892410683006
single-blocker,21,333,safe,480,45.0,0.0,480.0,205.78924141297622,205.78924141297622,6.7499597404471405
single-blocker,21,333,safe,512,48.0,0.0,512.0,213.40675252840046,213.40675252840046,6.81456340954972
single-blocker,21,333,known,32,0.0,23.0,63.0,62.96821681185914,62.96821681185914,10.597036515227838
single-blocker,21,333,known,64,0.0,46.0,124.0,117.35247815784555,117.35247815784555,12.641180815357334
single-blocker,21,333,known,96,0.0,69.0,183.0,161.19543956556944,161.19543956556944,13.813087908138941
single-blocker,21,333,known,128,0.0,92.0,242.0,198.14340111277085,198.14340111277085,14.64796001894761
single-blocker,21,333,known,160,0.0,115.0,302.0,231.2839934086512,231.2839934086512,15.31171055640135
single-blocker,21,333,known,192,0.0,138.0,364.0,262.369889422622,262.369889422622,15.878643502490473
single-blocker,21,333,known,224,0.0,161.0,426.0,290.61505139288863,290.61505139288863,16.347023628444934
single-blocker,21,333,known,256,0.0,184.0,486.0,316.02666426599376,316.02666426599376,16.740963323046063
single-blocker,21,333,known,288,0.0,207.0,547.0,340.44878021738504,340.44878021738504,17.09978541876086
single-blocker,21,333,known,320,0.0,230.0,610.0,364.4500504443117,364.4500504443117,17.435536601923623
single-blocker,21,333,known,352,0.0,253.0,671.0,386.4154225863391,386.4154225863391,17.72642386414149
single-blocker,21,333,known,384,0.0,276.0,734.0,407.73373116487153,407.73373116487153,17.99025070379145
single-blocker,21,333,known,416,0.0,299.0,798.0,428.9554641937977,428.9554641937977,18.249353173831945
single-blocker,21,333,known,448,0.0,322.0,860.0,448.5220885366398,448.5220885366398,18.476700811746262
single-blocker,21,333,known,480,0.0,345.0,923.0,467.72138730957096,467.72138730957096,18.692076540982054
single-blocker,21,333,known,512,0.0,368.0,985.0,485.86597491214843,485.86597491214843,18.887528803608117
single-blocker,21,333,product,32,4.375,25.5,63.0,62.960661021301576,62.960661021301576,8.022232326356912
single-blocker,21,333,product,64,8.75,51.0,124.0,112.10382972641382,112.10382972641382,9.391469649990846
single-blocker,21,333,product,96,13.125,76.5,183.0,148.5096872336578,148.5096872336578,10.17371212833281
single-blocker,21,333,product,128,17.5,102.0,242.0,179.24794895549147,179.24794895549147,10.734356328792863
single-blocker,21,333,product,160,21.875,127.5,302.0,206.7937220341055,206.7937220341055,11.17877868792459
single-blocker,21,333,product,192,26.25,153.0,364.0,232.48373467645396,232.48373467645396,11.553904957849833
single-blocker,21,333,product,224,30.625,178.5,426.0,256.02763086690476,256.02763086690476,11.86963398558172
single-blocker,21,333,product,256,35.0,204.0,486.0,277.18524216533325,277.18524216533325,12.133558198302207
single-blocker,21,333,product,288,39.375,229.5,547.0,297.3860609943751,297.3860609943751,12.370551011626844
single-blocker,21,333,product,320,43.75,255.0,610.0,317.09974408694563,317.09974408694563,12.589344805962352
single-blocker,21,333,product,352,48.125,280.5,671.0,335.2110119018513,335.2110119018513,12.780264264046794
single-blocker,21,333,product,384,52.5,306.0,734.0,353.0753372615675,353.0753372615675,12.960275136700858
single-blocker,21,333,product,416,56.875,331.5,798.0,370.45033686302054,370.45033686302054,13.128025322457885
single-blocker,21,333,product,448,61.25,357.0,860.0,386.61025445542964,386.61025445542964,13.277917341765994
single-blocker,21,333,product,480,65.625,382.5,923.0,402.4436034253935,402.4436034253935,13.419616082591876
single-blocker,21,333,product,512,70.0,408.0,985.0,417.4957950755153,417.4957950755153,13.5498170080165
outcome-lag-64,23,333,prefix,32,16.625,26.75,64.0,64.0,64.0,32.514102531320944
outcome-lag-64,23,333,prefix,64,33.25,53.5,128.0,128.0,128.0,66.52685180128879
outcome-lag-64,23,333,prefix,96,38.96484375,74.015625,191.58013742297166,188.9270639798958,188.9270639798958,93.01553549343207
outcome-lag-64,23,333,prefix,128,38.96484375,91.265625,245.20597449099836,240.48813886986778,240.36113222599178,112.14839260178991
outcome-lag-64,23,333,prefix,160,38.96484375,108.515625,289.53375419991033,285.9110514913967,284.6889119349037,128.07175276262595
outcome-lag-64,23,333,prefix,192,38.96484375,125.765625,329.1483483248497,328.1686317112885,324.303506059843,141.6954645598048
outcome-lag-64,23,333,prefix,224,38.96484375,143.015625,367.80921021602376,372.233111761055,362.9643679510171,156.04810322920954
outcome-lag-64,23,333,prefix,256,38.96484375,160.265625,401.2765051914012,412.88392153185555,396.4316629263945,169.36405017423286
outcome-lag-64,23,333,prefix,288,38.96484375,177.515625,430.64911839215546,448.4731679327587,425.80427612714874,180.00224211526796
outcome-lag-64,23,333,prefix,320,38.96484375,194.765625,457.2297663621408,479.57925749518245,452.3849240971341,187.63903352989638
outcome-lag-64,23,333,prefix,352,38.96484375,212.015625,481.8216582562778,507.78987606167345,476.97681599127105,193.70212316033096
outcome-lag-64,23,333,prefix,384,38.96484375,229.265625,505.53324305541184,535.854017353797,500.6884007904051,200.28731849254015
outcome-lag-64,23,333,prefix,416,38.96484375,246.515625,527.8356548972891,562.4958034883535,522.9908126322825,206.5310673895402
outcome-lag-64,23,333,prefix,448,38.96484375,263.765625,549.1905558882786,588.2149244092609,544.345713623272,212.60906529192525
outcome-lag-64,23,333,prefix,480,38.96484375,281.015625,569.4978328842634,612.2730355893538,564.6529906192568,217.78635687783589
outcome-lag-64,23,333,prefix,512,38.96484375,298.265625,588.983109493947,634.9597833455018,584.1382672289404,222.25382017207122
outcome-lag-64,23,333,intersection,32,16.625,26.75,64.0,64.0,64.0,32.514102531320944
outcome-lag-64,23,333,intersection,64,29.09375,51.125,128.0,128.0,128.0,67.82576759201571
outcome-lag-64,23,333,intersection,96,29.09375,68.375,191.58013742297166,188.91266290571548,188.91266290571548,94.26480781656075
outcome-lag-64,23,333,intersection,128,29.09375,85.625,245.23822791419533,240.32163198294182,240.28592404658272,112.57516543350954
outcome-lag-64,23,333,intersection,160,29.09375,102.875,289.96494294488144,286.0527892001758,285.01263907726883,127.38236300917104
outcome-lag-64,23,333,intersection,192,29.09375,120.125,329.5300531202911,328.62756357374894,324.5777492526785,140.41405701414772
outcome-lag-64,23,333,intersection,224,29.09375,137.375,366.8273885518581,372.00843034408575,361.8750846842455,154.10460510159183
outcome-lag-64,23,333,intersection,256,29.09375,154.625,399.5407822660717,411.91494410595897,394.5884783984591,166.98233558145566
outcome-lag-64,23,333,intersection,288,29.09375,171.875,428.5753343626362,447.18511813000237,423.6230304950236,177.41292539895107
outcome-lag-64,23,333,intersection,320,29.09375,189.125,455.01170869294805,478.1322780651714,450.05940482533543,184.95624275452943
outcome-lag-64,23,333,intersection,352,29.09375,206.375,479.5807143801151,506.29695576936905,474.6284105125025,190.98182487153264
outcome-lag-64,23,333,intersection,384,29.09375,223.625,503.1398539613146,534.1654348212802,498.187550093702,197.47580132088626
outcome-lag-64,23,333,intersection,416,29.09375,240.875,525.3750504597893,560.7049898498796,520.4227465921765,203.65619538657307
outcome-lag-64,23,333,intersection,448,29.09375,258.125,546.6516164559018,586.2981645632005,541.699312588289,209.65838199692143
outcome-lag-64,23,333,intersection,480,29.09375,275.375,566.9326380089584,610.2982383482406,561.9803341413456,214.79266836736662
outcome-lag-64,23,333,intersection,512,29.09375,292.625,586.4281206942591,632.9794035778806,581.4758168266462,219.2438123708005
outcome-lag-64,23,333,completed,32,15.06640625,25.859375,64.0,64.0,64.0,32.962378393389905
outcome-lag-64,23,333,completed,64,18.98828125,38.796875,120.0,120.0,120.0,66.04537748669412
outcome-lag-64,23,333,completed,96,22.91015625,51.734375,175.58013742297166,173.222844807353,173.222844807353,89.42262625665471
outcome-lag-64,23,333,completed,128,22.91015625,68.984375,230.39661967594841,225.60300867795618,225.60300867795618,106.70499114866386
outcome-lag-64,23,333,completed,160,22.91015625,86.234375,277.73779543275487,273.24439075369094,272.5258202552374,120.98082400772097
outcome-lag-64,23,333,completed,192,22.91015625,103.484375,318.2295905933385,317.20206435146764,313.01761541582107,133.82596315343827
outcome-lag-64,23,333,completed,224,22.91015625,120.734375,354.6607068269411,359.80240119717485,349.4487316494237,146.96176973648602
outcome-lag-64,23,333,completed,256,22.91015625,137.984375,386.9469722928504,399.2887600810433,381.73499711533293,159.491517395119
outcome-lag-64,23,333,completed,288,22.91015625,155.234375,416.09890235699584,434.7485517455341,410.8869271794784,169.84941858725657
outcome-lag-64,23,333,completed,320,22.91015625,172.484375,442.85006136381514,466.01814155146315,437.6380861862977,177.431696872418
outcome-lag-64,23,333,completed,352,22.91015625,189.734375,467.9073692295322,494.654447088192,462.6953940520147,183.5672552051044
outcome-lag-64,23,333,completed,384,22.91015625,206.984375,491.5168656045971,522.5383134606989,486.3048904270796,190.0254042418877
outcome-lag-64,23,333,completed,416,22.91015625,224.234375,513.9555215217601,549.2632156795257,508.7435463442427,196.20940100755638
outcome-lag-64,23,333,completed,448,22.91015625,241.484375,535.3499766856905,574.9179718803455,530.138001508173,202.15799081238154
outcome-lag-64,23,333,completed,480,22.91015625,258.734375,555.8428993196959,599.1001029033335,550.6309241421784,207.29085900783522
outcome-lag-64,23,333,completed,512,22.91015625,275.984375,575.6176698895954,622.061782366287,570.4056947120779,211.79122456484305
outcome-lag-64,23,333,plugin,32,7.90625,6.09375,48.0,48.0,48.0,28.130397094849187
outcome-lag-64,23,333,plugin,64,9.21875,11.59375,95.0,95.0,95.0,55.67743145309337
outcome-lag-64,23,333,plugin,96,10.189453125,19.0703125,141.58736334818133,139.32975590024554,139.32975590024554,74.23347968765796
outcome-lag-64,23,333,plugin,128,11.064453125,25.8203125,183.1149779673088,179.12843677521911,179.12843677521911,87.49232626338852
outcome-lag-64,23,333,plugin,160,11.666015625,35.8515625,222.21047217890705,220.1986656059999,218.22393098681738,99.69152116711565
outcome-lag-64,23,333,plugin,192,12.541015625,42.6015625,248.82569484467862,250.55500542909118,244.83915365258895,109.03616024562751
outcome-lag-64,23,333,plugin,224,12.732421875,57.5546875,284.9966426753331,292.42007348047065,281.0101014832433,120.62966797080978
outcome-lag-64,23,333,plugin,256,12.869140625,73.1640625,318.1181269153618,331.9170566652222,314.13158572327205,133.3088184193414
outcome-lag-64,23,333,plugin,288,13.251953125,85.8203125,348.4727496271134,367.6061277393078,344.4862084350236,144.90780062089271
outcome-lag-64,23,333,plugin,320,13.251953125,103.0703125,382.446712714816,405.1410064472762,378.2721820961713,154.48392900324572
outcome-lag-64,23,333,plugin,352,13.251953125,120.3203125,416.22888048033724,440.63125495494575,410.9454750596237,162.91525993127843
outcome-lag-64,23,333,plugin,384,13.251953125,137.5703125,442.9243815765983,471.2838874135942,437.64097615588474,170.3107457660618
outcome-lag-64,23,333,plugin,416,13.251953125,154.8203125,468.74542603879377,501.31898632564383,463.4620206180802,177.46976375677295
outcome-lag-64,23,333,plugin,448,13.251953125,172.0703125,492.3807192911282,528.9987209741336,487.09731387041455,183.77891195017514
outcome-lag-64,23,333,plugin,480,13.251953125,189.3203125,515.3672860344362,555.5677002528613,510.0838806137226,189.42816476054162
outcome-lag-64,23,333,plugin,512,13.251953125,206.5703125,537.7751743690521,581.1993942334631,532.4917689483386,194.63768094821756
outcome-lag-64,23,333,safe,32,15.6875,0.0,32.0,32.0,32.0,17.233607773059866
outcome-lag-64,23,333,safe,64,31.375,0.0,64.0,64.0,64.0,32.50775646809969
outcome-lag-64,23,333,safe,96,47.0625,0.0,95.58736334818134,93.32975590024552,93.32975590024552,43.55975321259106
outcome-lag-64,23,333,safe,128,62.75,0.0,120.11497796730892,116.12843677521907,116.12843677521907,50.397163869672745
outcome-lag-64,23,333,safe,160,78.4375,0.0,138.89297251876943,135.61580192996897,134.90643132667955,55.82952885690329
outcome-lag-64,23,333,safe,192,94.125,0.0,154.73549813023874,153.35883328845395,150.74895693814886,60.869948010541385
outcome-lag-64,23,333,safe,224,109.8125,0.0,168.72280234791972,169.53467119679775,164.73626115582985,65.36711156075208
outcome-lag-64,23,333,safe,256,125.5,0.0,181.36071697609034,184.9097108901277,177.37417578400047,69.87366365239596
outcome-lag-64,23,333,safe,288,141.1875,0.0,193.017716196468,199.5620102503505,189.03117500437813,74.3193158502938
outcome-lag-64,23,333,safe,320,156.875,0.0,203.87548237614996,212.6299757003232,199.8889411840601,77.73453352564742
outcome-lag-64,23,333,safe,352,172.5625,0.0,214.06276846886345,224.47209496300715,210.07622727677358,80.3963583545533
outcome-lag-64,23,333,safe,384,188.25,0.0,223.69988897345794,235.89981262845674,219.71334778136807,83.05298488995413
outcome-lag-64,23,333,safe,416,203.9375,0.0,232.8643067941263,246.94637694390184,228.87776560203642,85.68737857286305
outcome-lag-64,23,333,safe,448,219.625,0.0,241.62613211814096,257.5985382889046,237.63959092605108,88.24553195805795
outcome-lag-64,23,333,safe,480,235.3125,0.0,250.03108883641005,267.72901917999593,246.04454764432018,90.56658516673181
outcome-lag-64,23,333,safe,512,251.0,0.0,258.12069025601437,277.3273608545322,254.13414906392447,92.61201939494647
outcome-lag-64,23,333,known,32,0.0,17.25,64.0,64.0,64.0,39.544680197367576
outcome-lag-64,23,333,known,64,0.0,34.5,128.0,128.0,128.0,78.22136318437865
outcome-lag-64,23,333,known,96,0.0,51.75,191.58736334818133,189.32975590024557,189.32975590024557,105.64675848779733
outcome-lag-64,23,333,known,128,0.0,69.0,247.4738959034106,243.22291631783972,242.95360068589787,122.19503157171077
outcome-lag-64,23,333,known,160,0.0,86.25,292.8938461331133,290.0874710597551,287.6154616701743,135.08777819493687
outcome-lag-64,23,333,known,192,0.0,103.5,331.1202831545202,332.50292578505855,325.8418986915812,146.82197674886726
outcome-lag-64,23,333,known,224,0.0,120.75,364.9988417417592,372.3870408257388,359.72045727882016,158.53586819819307
outcome-lag-64,23,333,known,256,0.0,138.0,395.55151919093504,409.8949962652912,390.273134727996,169.99653589974812
outcome-lag-64,23,333,known,288,0.0,155.25,423.7437039422576,444.29423125793494,418.46531947931857,179.7783600267173
outcome-lag-64,23,333,known,320,0.0,172.5,449.9247941119095,474.89663437884104,444.64640964897046,187.0595283837363
outcome-lag-64,23,333,known,352,0.0,189.75,474.68372138098744,503.14135190266455,469.4053369180484,193.0284251498243
outcome-lag-64,23,333,known,384,0.0,207.0,497.7451961102141,530.3290155512461,492.4668116472751,199.20001542268858
outcome-lag-64,23,333,known,416,0.0,224.25,519.8355086151985,556.579702357508,514.5571241522592,205.16434008740404
outcome-lag-64,23,333,known,448,0.0,241.5,540.876571416234,581.7315211464356,535.5981869532948,210.8733287577896
outcome-lag-64,23,333,known,480,0.0,258.75,561.1430937170164,605.5817324478862,555.8647092540772,215.8515342910014
outcome-lag-64,23,333,known,512,0.0,276.0,580.7814624919121,628.3427160127488,575.5030780289728,220.2634429521385
outcome-lag-64,23,333,product,32,0.0,17.25,64.0,64.0,64.0,39.544680197367576
outcome-lag-64,23,333,product,64,0.0,34.5,128.0,128.0,128.0,78.22136318437865
outcome-lag-64,23,333,product,96,0.0,51.75,191.58736334818133,189.32975590024557,189.32975590024557,105.64675848779733
outcome-lag-64,23,333,product,128,0.0,69.0,247.4738959034106,243.22291631783972,242.95360068589787,122.19503157171077
outcome-lag-64,23,333,product,160,0.0,86.25,292.8938461331133,290.0874710597551,287.6154616701743,135.08777819493687
outcome-lag-64,23,333,product,192,0.0,103.5,331.1202831545202,332.50292578505855,325.8418986915812,146.82197674886726
outcome-lag-64,23,333,product,224,0.0,120.75,364.9988417417592,372.3870408257388,359.72045727882016,158.53586819819307
outcome-lag-64,23,333,product,256,0.0,138.0,395.55151919093504,409.8949962652912,390.273134727996,169.99653589974812
outcome-lag-64,23,333,product,288,0.0,155.25,423.7437039422576,444.29423125793494,418.46531947931857,179.7783600267173
outcome-lag-64,23,333,product,320,0.0,172.5,449.9247941119095,474.89663437884104,444.64640964897046,187.0595283837363
outcome-lag-64,23,333,product,352,0.0,189.75,474.68372138098744,503.14135190266455,469.4053369180484,193.0284251498243
outcome-lag-64,23,333,product,384,0.0,207.0,497.7451961102141,530.3290155512461,492.4668116472751,199.20001542268858
outcome-lag-64,23,333,product,416,0.0,224.25,519.8355086151985,556.579702357508,514.5571241522592,205.16434008740404
outcome-lag-64,23,333,product,448,0.0,241.5,540.876571416234,581.7315211464356,535.5981869532948,210.8733287577896
outcome-lag-64,23,333,product,480,0.0,258.75,561.1430937170164,605.5817324478862,555.8647092540772,215.8515342910014
outcome-lag-64,23,333,product,512,0.0,276.0,580.7814624919121,628.3427160127488,575.5030780289728,220.2634429521385
single-blocker,23,333,prefix,32,16.625,26.75,64.0,63.96821681185914,63.96821681185914,8.988898993023579
single-blocker,23,333,prefix,64,33.25,53.5,128.0,116.10382972641379,116.10382972641379,11.224802983324176
single-blocker,23,333,prefix,96,49.875,80.25,192.0,155.35037064716923,155.35037064716923,12.063239428059639
single-blocker,23,333,prefix,128,66.5,107.0,256.0,188.15926133532366,188.15926133532366,12.65212747869811
single-blocker,23,333,prefix,160,83.125,133.75,320.0,216.92497295279873,216.92497295279873,13.106457677950816
single-blocker,23,333,prefix,192,99.75,160.5,384.0,244.06801932928155,244.06801932928155,13.915709700863143
single-blocker,23,333,prefix,224,116.375,187.25,448.0,268.55094661851086,268.55094661851086,14.391435014363958
single-blocker,23,333,prefix,256,133.0,214.0,512.0,294.68622082982426,294.68622082982426,15.291867474846386
single-blocker,23,333,prefix,288,149.625,240.75,576.0,316.95281648086944,316.95281648086944,15.674856195919478
single-blocker,23,333,prefix,320,166.25,267.5,640.0,338.113326886593,338.113326886593,16.013999737836873
single-blocker,23,333,prefix,352,182.875,294.25,704.0,358.3307124679393,358.3307124679393,16.31838969346623
single-blocker,23,333,prefix,384,199.5,321.0,768.0,377.7315015702959,377.7315015702959,16.594535682438337
single-blocker,23,333,prefix,416,216.125,347.75,832.0,395.6837969120974,395.6837969120974,16.804354227158942
single-blocker,23,333,prefix,448,232.75,374.5,896.0,413.72427183453016,413.72427183453016,17.040953333080758
single-blocker,23,333,prefix,480,249.375,401.25,960.0,431.1983379396323,431.1983379396323,17.26012905525474
single-blocker,23,333,prefix,512,266.0,428.0,1024.0,447.40277002580285,447.40277002580285,17.429316399498145
single-blocker,23,333,intersection,32,8.3125,22.0,64.0,63.96821681185914,63.96821681185914,10.354393849380507
single-blocker,23,333,intersection,64,8.3125,39.25,128.0,120.81662176040325,120.81662176040325,12.732126094754634
single-blocker,23,333,intersection,96,8.3125,56.5,192.0,167.38490272941007,167.38490272941007,13.957160271426122
single-blocker,23,333,intersection,128,8.3125,73.75,256.0,207.33391566495703,207.33391566495703,14.856755251521134
single-blocker,23,333,intersection,160,8.3125,91.0,320.0,242.0517425057432,242.0517425057432,15.535890117517443
single-blocker,23,333,intersection,192,8.3125,108.25,384.0,273.2671116502721,273.2671116502721,16.086094066842996
single-blocker,23,333,intersection,224,8.3125,125.5,448.0,302.36003565161997,302.36003565161997,16.566215290797047
single-blocker,23,333,intersection,256,8.3125,142.75,512.0,329.09835793207054,329.09835793207054,16.971046382247614
single-blocker,23,333,intersection,288,8.3125,160.0,576.0,354.0948300277923,354.0948300277923,17.32510732837299
single-blocker,23,333,intersection,320,8.3125,177.25,640.0,377.7195309267162,377.7195309267162,17.64186668046707
single-blocker,23,333,intersection,352,8.3125,194.5,704.0,400.19589668219663,400.19589668219663,17.929007958141188
single-blocker,23,333,intersection,384,8.3125,211.75,768.0,421.5806903957385,421.5806903957385,18.189018086945715
single-blocker,23,333,intersection,416,8.3125,229.0,832.0,442.1124976321145,442.1124976321145,18.42906923420195
single-blocker,23,333,intersection,448,8.3125,246.25,896.0,461.8146190393923,461.8146190393923,18.650216791343382
single-blocker,23,333,intersection,480,8.3125,263.5,960.0,480.8761792720111,480.8761792720111,18.857569083433447
single-blocker,23,333,intersection,512,8.3125,280.75,1024.0,499.3620472163521,499.3620472163521,19.05284865018042
single-blocker,23,333,completed,32,7.79296875,21.703125,64.0,63.96821681185914,63.96821681185914,10.435915588510943
single-blocker,23,333,completed,64,7.79296875,38.953125,128.0,120.93811359426493,120.93811359426493,12.74581030528095
single-blocker,23,333,completed,96,7.79296875,56.203125,192.0,167.56853238876445,167.56853238876445,13.966945919142804
single-blocker,23,333,completed,128,7.79296875,73.453125,256.0,207.43876624059408,207.43876624059408,14.86157513990267
single-blocker,23,333,completed,160,7.79296875,90.703125,320.0,242.13380020927895,242.13380020927895,15.539271760029516
single-blocker,23,333,completed,192,7.79296875,107.953125,384.0,273.341025690659,273.341025690659,16.08888300035482
single-blocker,23,333,completed,224,7.79296875,125.203125,448.0,302.3855002944339,302.3855002944339,16.567102244514174
single-blocker,23,333,completed,256,7.79296875,142.453125,512.0,329.09269951080756,329.09269951080756,16.970861812295595
single-blocker,23,333,completed,288,7.79296875,159.703125,576.0,354.0837899563953,354.0837899563953,17.324767192318564
single-blocker,23,333,completed,320,7.79296875,176.953125,640.0,377.7074355510073,377.7074355510073,17.641512628539438
single-blocker,23,333,completed,352,7.79296875,194.203125,704.0,400.1900848279614,400.1900848279614,17.928845588848453
single-blocker,23,333,completed,384,7.79296875,211.453125,768.0,421.5633553171528,421.5633553171528,18.188553606071384
single-blocker,23,333,completed,416,7.79296875,228.703125,832.0,442.0935250071707,442.0935250071707,18.428580248033267
single-blocker,23,333,completed,448,7.79296875,245.953125,896.0,461.791178679099,461.791178679099,18.649633783020434
single-blocker,23,333,completed,480,7.79296875,263.203125,960.0,480.85361023118367,480.85361023118367,18.857026366346606
single-blocker,23,333,completed,512,7.79296875,280.453125,1024.0,499.34423700763193,499.34423700763193,19.052433890894413
single-blocker,23,333,plugin,32,3.63671875,19.328125,64.0,63.96821681185914,63.96821681185914,10.646931473211033
single-blocker,23,333,plugin,64,3.63671875,36.578125,128.0,121.34492236728798,121.34492236728798,12.781748230062677
single-blocker,23,333,plugin,96,3.63671875,53.828125,192.0,168.21511092820714,168.21511092820714,14.001133238234564
single-blocker,23,333,plugin,128,3.63671875,71.078125,256.0,207.79503833067977,207.79503833067977,14.87789074625047
single-blocker,23,333,plugin,160,3.63671875,88.328125,320.0,242.4254244840637,242.4254244840637,15.551256556744384
single-blocker,23,333,plugin,192,3.63671875,105.578125,384.0,273.62070606794737,273.62070606794737,16.09941057569592
single-blocker,23,333,plugin,224,3.63671875,122.828125,448.0,302.443320964571,302.443320964571,16.569115127588145
single-blocker,23,333,plugin,256,3.63671875,140.078125,512.0,329.0077432108082,329.0077432108082,16.96808916735832
single-blocker,23,333,plugin,288,3.63671875,157.328125,576.0,353.98116065905305,353.98116065905305,17.32160324898989
single-blocker,23,333,plugin,320,3.63671875,174.578125,640.0,377.6065346682048,377.6065346682048,17.638557310856083
single-blocker,23,333,plugin,352,3.63671875,191.828125,704.0,400.12611481403786,400.12611481403786,17.92705778446845
single-blocker,23,333,plugin,384,3.63671875,209.078125,768.0,421.4459540915275,421.4459540915275,18.18540585080281
single-blocker,23,333,plugin,416,3.63671875,226.328125,832.0,441.9714173061286,441.9714173061286,18.425431043336072
single-blocker,23,333,plugin,448,3.63671875,243.578125,896.0,461.6495439045344,461.6495439045344,18.64610839676234
single-blocker,23,333,plugin,480,3.63671875,260.828125,960.0,480.7187622938062,480.7187622938062,18.853781432723473
single-blocker,23,333,plugin,512,3.63671875,278.078125,1024.0,499.2352949909475,499.2352949909475,19.049895506152797
single-blocker,23,333,safe,32,15.6875,0.0,32.0,31.968216811859147,31.968216811859147,4.02724519543652
single-blocker,23,333,safe,64,31.375,0.0,64.0,57.42435623340214,57.42435623340214,4.7282659037057675
single-blocker,23,333,safe,96,47.0625,0.0,96.0,76.78319682780861,76.78319682780861,5.136346480888775
single-blocker,23,333,safe,128,62.75,0.0,128.0,93.03345515740088,93.03345515740088,5.425334592589174
single-blocker,23,333,safe,160,78.4375,0.0,160.0,107.31238195727079,107.31238195727079,5.649261224939744
single-blocker,23,333,safe,192,94.125,0.0,192.0,120.1978375468853,120.1978375468853,5.832104609707439
single-blocker,23,333,safe,224,109.8125,0.0,224.0,132.0310352083931,132.0310352083931,5.986627913082163
single-blocker,23,333,safe,256,125.5,0.0,256.0,143.03333360981438,143.03333360981438,6.120438712817281
single-blocker,23,333,safe,288,141.1875,0.0,288.0,153.35798108855585,153.35798108855585,6.238439029233648
single-blocker,23,333,safe,320,156.875,0.0,320.0,163.1162631808352,163.1162631808352,6.343973346894013
single-blocker,23,333,safe,352,172.5625,0.0,352.0,172.39200998111025,172.39200998111025,6.43942571339101
single-blocker,23,333,safe,384,188.25,0.0,384.0,181.25023096678382,181.25023096678382,6.5265555690159704
single-blocker,23,333,safe,416,203.9375,0.0,416.0,189.74254455085054,189.74254455085054,6.6066985205464555
single-blocker,23,333,safe,448,219.625,0.0,448.0,197.91074640079475,197.91074640079475,6.680892410683006
single-blocker,23,333,safe,480,235.3125,0.0,480.0,205.78924141297622,205.78924141297622,6.7499597404471405
single-blocker,23,333,safe,512,251.0,0.0,512.0,213.40675252840046,213.40675252840046,6.81456340954972
single-blocker,23,333,known,32,0.0,17.25,64.0,63.96821681185914,63.96821681185914,10.62556395184351
single-blocker,23,333,known,64,0.0,34.5,128.0,121.14413264044192,121.14413264044192,12.766504075974716
single-blocker,23,333,known,96,0.0,51.75,192.0,168.42752165004524,168.42752165004524,14.012274164350348
single-blocker,23,333,known,128,0.0,69.0,256.0,207.87672855263054,207.87672855263054,14.881618384127696
single-blocker,23,333,known,160,0.0,86.25,320.0,242.5221380700229,242.5221380700229,15.555219782830777
single-blocker,23,333,known,192,0.0,103.5,384.0,273.7525333614055,273.7525333614055,16.10435890284036
single-blocker,23,333,known,224,0.0,120.75,448.0,302.3855002944337,302.3855002944337,16.56710224451418
single-blocker,23,333,known,256,0.0,138.0,512.0,328.82789622619674,328.82789622619674,16.962210438279868
single-blocker,23,333,known,288,0.0,155.25,576.0,353.79907751623847,353.79907751623847,17.315980862646914
single-blocker,23,333,known,320,0.0,172.5,640.0,377.4379437072043,377.4379437072043,17.633612289725786
single-blocker,23,333,known,352,0.0,189.75,704.0,400.0037879776024,400.0037879776024,17.923635802388603
single-blocker,23,333,known,384,0.0,207.0,768.0,421.2770976799376,421.2770976799376,18.180872129006215
single-blocker,23,333,known,416,0.0,224.25,832.0,441.80368698819024,441.80368698819024,18.421099295712676
single-blocker,23,333,known,448,0.0,241.5,896.0,461.4669752293715,461.4669752293715,18.64155741835183
single-blocker,23,333,known,480,0.0,258.75,960.0,480.54706782805124,480.54706782805124,18.849644248792675
single-blocker,23,333,known,512,0.0,276.0,1024.0,499.093076699296,499.093076699296,19.046578216311822
single-blocker,23,333,product,32,0.0,17.25,64.0,63.96821681185914,63.96821681185914,10.62556395184351
single-blocker,23,333,product,64,0.0,34.5,128.0,121.14413264044192,121.14413264044192,12.766504075974716
single-blocker,23,333,product,96,0.0,51.75,192.0,168.42752165004524,168.42752165004524,14.012274164350348
single-blocker,23,333,product,128,0.0,69.0,256.0,207.87672855263054,207.87672855263054,14.881618384127696
single-blocker,23,333,product,160,0.0,86.25,320.0,242.5221380700229,242.5221380700229,15.555219782830777
single-blocker,23,333,product,192,0.0,103.5,384.0,273.7525333614055,273.7525333614055,16.10435890284036
single-blocker,23,333,product,224,0.0,120.75,448.0,302.3855002944337,302.3855002944337,16.56710224451418
single-blocker,23,333,product,256,0.0,138.0,512.0,328.82789622619674,328.82789622619674,16.962210438279868
single-blocker,23,333,product,288,0.0,155.25,576.0,353.79907751623847,353.79907751623847,17.315980862646914
single-blocker,23,333,product,320,0.0,172.5,640.0,377.4379437072043,377.4379437072043,17.633612289725786
single-blocker,23,333,product,352,0.0,189.75,704.0,400.0037879776024,400.0037879776024,17.923635802388603
single-blocker,23,333,product,384,0.0,207.0,768.0,421.2770976799376,421.2770976799376,18.180872129006215
single-blocker,23,333,product,416,0.0,224.25,832.0,441.80368698819024,441.80368698819024,18.421099295712676
single-blocker,23,333,product,448,0.0,241.5,896.0,461.4669752293715,461.4669752293715,18.64155741835183
single-blocker,23,333,product,480,0.0,258.75,960.0,480.54706782805124,480.54706782805124,18.849644248792675
single-blocker,23,333,product,512,0.0,276.0,1024.0,499.093076699296,499.093076699296,19.046578216311822
outcome-lag-64,25,333,prefix,32,9.625,24.75,64.0,64.0,64.0,38.78138583705018
outcome-lag-64,25,333,prefix,64,19.25,49.5,128.0,128.0,128.0,79.49998394875605
outcome-lag-64,25,333,prefix,96,22.2578125,70.46875,191.7573387582067,190.5337626526298,190.52653672742014,110.71966378873351
outcome-lag-64,25,333,prefix,128,22.2578125,89.71875,245.75821314685967,247.28598925258783,244.1126437684369,137.4677990358503
outcome-lag-64,25,333,prefix,160,22.2578125,108.96875,292.9144394261171,298.887259766215,291.26887004769435,159.17517535860907
outcome-lag-64,25,333,prefix,192,22.2578125,128.21875,334.4863925370794,344.61959504385356,332.00460339859865,173.81858643235432
outcome-lag-64,25,333,prefix,224,22.2578125,147.46875,369.5077994949763,383.67615580527536,366.621956076807,184.2782508672681
outcome-lag-64,25,333,prefix,256,22.2578125,166.71875,400.70735290083087,420.12250235574953,397.82150948266155,194.25151000613744
outcome-lag-64,25,333,prefix,288,22.2578125,185.96875,428.9914524957199,453.36941185435444,426.1056090775506,202.80803256424048
outcome-lag-64,25,333,prefix,320,22.2578125,205.21875,455.2318406847786,483.360126279185,452.3459972666093,209.45647687448138
outcome-lag-64,25,333,prefix,352,22.2578125,224.46875,480.00301060647956,512.438408813059,477.11716718831025,216.25925684728202
outcome-lag-64,25,333,prefix,384,22.2578125,243.71875,503.31445347344993,539.8036275922198,500.4286100552806,222.4210498260972
outcome-lag-64,25,333,prefix,416,22.2578125,262.96875,525.489128903374,565.5746039560344,522.6032854852047,227.84801571657385
outcome-lag-64,25,333,prefix,448,22.2578125,282.21875,546.6142990313942,590.5293811749455,543.7284556132249,233.26016230917307
outcome-lag-64,25,333,prefix,480,22.2578125,301.46875,566.8955690317908,614.0826478355301,564.0097256136215,237.9589822699454
outcome-lag-64,25,333,prefix,512,22.2578125,320.71875,586.4199962294178,636.4637724590611,583.5341528112485,242.09295546910468
outcome-lag-64,25,333,intersection,32,9.625,24.75,64.0,64.0,64.0,38.78138583705018
outcome-lag-64,25,333,intersection,64,14.13671875,46.578125,128.0,128.0,128.0,76.65017878810714
outcome-lag-64,25,333,intersection,96,14.13671875,65.828125,191.7573387582067,190.5337626526298,190.52653672742014,104.73491279153109
outcome-lag-64,25,333,intersection,128,14.13671875,85.078125,245.87064084754698,247.0864263835518,244.22507146912417,128.7761634211384
outcome-lag-64,25,333,intersection,160,14.13671875,104.328125,293.4810797287042,299.11987808134796,291.79615189850614,148.21648910485638
outcome-lag-64,25,333,intersection,192,14.13671875,123.578125,333.28465995094945,343.8425051083244,331.4514032852206,162.13830483488823
outcome-lag-64,25,333,intersection,224,14.13671875,142.828125,367.2863539095588,382.3852645338284,365.3749300163337,172.44095457386683
outcome-lag-64,25,333,intersection,256,14.13671875,162.078125,397.92824089142647,418.458758260497,396.01681699820136,182.27594092799373
outcome-lag-64,25,333,intersection,288,14.13671875,181.328125,426.05895796181545,451.6077081836264,424.14753406859035,190.76788136122852
outcome-lag-64,25,333,intersection,320,14.13671875,200.578125,452.24496997567275,481.5680031408051,450.33354608244764,197.41110442659294
outcome-lag-64,25,333,intersection,352,14.13671875,219.828125,476.79344895025116,510.38590978415374,474.88202505702606,204.0997829555003
outcome-lag-64,25,333,intersection,384,14.13671875,239.078125,500.0457338351188,537.7052955843675,498.1343099418937,210.24351915259572
outcome-lag-64,25,333,intersection,416,14.13671875,258.328125,522.11411892238,563.4148008497892,520.2026950291549,215.67975196767247
outcome-lag-64,25,333,intersection,448,14.13671875,277.578125,543.2720431509081,588.4638127499045,541.360619257683,221.15370000043416
outcome-lag-64,25,333,intersection,480,14.13671875,296.828125,563.58979862212,612.1125280924888,561.6783747288949,225.9215957488356
outcome-lag-64,25,333,intersection,512,14.13671875,316.078125,583.1007290764286,634.517147645149,581.1893051832035,230.09341038881408
outcome-lag-64,25,333,completed,32,6.91796875,23.203125,64.0,64.0,64.0,37.261418509691545
outcome-lag-64,25,333,completed,64,11.564453125,34.6328125,115.0,115.0,115.0,65.02102095848171
outcome-lag-64,25,333,completed,96,12.994140625,51.4765625,174.76456468341638,173.5337626526298,173.5337626526298,89.93386252833037
outcome-lag-64,25,333,completed,128,12.994140625,70.7265625,230.20209054542872,230.71646642360488,228.55652116700594,112.04771460950232
outcome-lag-64,25,333,completed,160,12.994140625,89.9765625,279.1614909392825,284.09861566549915,277.49564973344786,131.91041636933036
outcome-lag-64,25,333,completed,192,12.994140625,109.2265625,320.03643834771003,329.98955537319586,318.2606406169224,146.24441933184107
outcome-lag-64,25,333,completed,224,12.994140625,128.4765625,354.9705124330564,369.5827918457899,353.12978487965495,156.9869269788065
outcome-lag-64,25,333,completed,256,12.994140625,147.7265625,386.36194904007885,406.54527136508636,384.5212214866774,167.2046722384112
outcome-lag-64,25,333,completed,288,12.994140625,166.9765625,415.2429690632802,440.54085443276034,413.40224150987876,176.01446405578957
outcome-lag-64,25,333,completed,320,12.994140625,186.2265625,442.0661040266709,471.1934827341471,440.2253764732695,182.91055915025217
outcome-lag-64,25,333,completed,352,12.994140625,205.4765625,466.9904258904534,500.4330534979367,465.14969833705203,189.74478256056423
outcome-lag-64,25,333,completed,384,12.994140625,224.7265625,490.6516788039977,528.2391944891293,488.8109512505963,196.06251459009454
outcome-lag-64,25,333,completed,416,12.994140625,243.9765625,513.0211602346957,554.3285744544438,511.18043268129423,201.6421020228195
outcome-lag-64,25,333,completed,448,12.994140625,263.2265625,534.5351558275582,579.8452260796222,532.6944282741567,207.3016119531584
outcome-lag-64,25,333,completed,480,12.994140625,282.4765625,555.171200344485,603.9167968994843,553.3304727910835,212.24376669836394
outcome-lag-64,25,333,completed,512,12.994140625,301.7265625,574.927658603027,626.6370988441296,573.0869310496255,216.53709330280338
outcome-lag-64,25,333,plugin,32,4.3515625,9.28125,48.0,48.0,48.0,25.591715456952425
outcome-lag-64,25,333,plugin,64,7.5390625,18.28125,93.0,93.0,93.0,48.635597661444294
outcome-lag-64,25,333,plugin,96,10.7265625,27.28125,139.76456468341638,138.53376265262978,138.53376265262978,67.50228805695842
outcome-lag-64,25,333,plugin,128,13.8828125,36.65625,179.81864783768953,179.81128243481663,178.17307845926672,82.13191597254531
outcome-lag-64,25,333,plugin,160,17.02734375,46.171875,216.934401078155,221.24039862241366,215.28883169973219,96.10511077991721
outcome-lag-64,25,333,plugin,192,20.1015625,56.53125,246.25755570217444,254.93030546175405,244.61198632375164,106.97025589424393
outcome-lag-64,25,333,plugin,224,23.1640625,67.03125,272.2006951550808,284.26917210955975,270.54256866796493,114.92610261190994
outcome-lag-64,25,333,plugin,256,26.2265625,77.53125,295.48264806088173,311.5645273712144,293.8245215737659,122.4190637440155
outcome-lag-64,25,333,plugin,288,29.2890625,88.03125,315.3086555800403,335.11654413771225,313.65052909292444,128.72054241244257
outcome-lag-64,25,333,plugin,320,32.3515625,98.53125,333.63678603634344,356.1400245023352,331.9786595492276,133.4128711060633
outcome-lag-64,25,333,plugin,352,35.4140625,109.03125,352.6133495244137,378.58488412204827,350.95522303729786,138.7658946284516
outcome-lag-64,25,333,plugin,384,38.4765625,119.53125,369.3097997586006,398.2546441330951,367.65167327148475,143.26774656047417
outcome-lag-64,25,333,plugin,416,41.5390625,130.03125,385.94308785415507,417.49477843240703,384.2849613670392,147.25500285501056
outcome-lag-64,25,333,plugin,448,44.6015625,140.53125,400.3256244879352,434.2715057077653,398.66749800081936,150.7411821658722
outcome-lag-64,25,333,plugin,480,47.6640625,151.03125,414.1111866154034,449.8599496656455,412.4530601282876,153.48532771480146
outcome-lag-64,25,333,plugin,512,50.7265625,161.53125,428.0692854842331,465.5788472736281,426.41115899711724,156.12271352069186
outcome-lag-64,25,333,safe,32,11.4375,0.0,32.0,32.0,32.0,19.739173554410524
outcome-lag-64,25,333,safe,64,22.875,0.0,64.0,64.0,64.0,35.69378996759763
outcome-lag-64,25,333,safe,96,34.3125,0.0,95.76456468341635,94.53376265262976,94.53376265262976,47.966259332285944
outcome-lag-64,25,333,safe,128,45.75,0.0,119.85477746373775,119.8112824348166,118.20920808531488,57.28250889658088
outcome-lag-64,25,333,safe,160,57.1875,0.0,138.71205169702324,142.0515249715214,137.06648231860038,65.46775126576642
outcome-lag-64,25,333,safe,192,68.625,0.0,154.6319714530417,162.05626538705312,152.98640207461884,72.76987947645128
outcome-lag-64,25,333,safe,224,80.0625,0.0,168.6617553932689,179.14759001182063,167.01618601484603,78.18252974308571
outcome-lag-64,25,333,safe,256,91.5,0.0,181.3229180923112,194.72910974442402,179.67734871388834,82.89556187400298
outcome-lag-64,25,333,safe,288,102.9375,0.0,192.97707722542458,208.93031389559908,191.33150784700172,86.89011886285303
outcome-lag-64,25,333,safe,320,114.375,0.0,203.82971018188053,221.61569153213944,202.18414080345767,89.92274872477434
outcome-lag-64,25,333,safe,352,125.8125,0.0,214.0169386526318,233.76147968702134,212.37136927420894,92.8882424458782
outcome-lag-64,25,333,safe,384,137.25,0.0,223.65591794040984,245.34971713401228,222.01034856198697,95.70538876282052
outcome-lag-64,25,333,safe,416,148.6875,0.0,232.82602226798258,256.5460572313498,231.18045288955972,98.48955822762181
outcome-lag-64,25,333,safe,448,160.125,0.0,241.5877948672628,267.17010416708473,239.94222548883994,101.01959720354901
outcome-lag-64,25,333,safe,480,171.5625,0.0,249.99376767628,276.9225953234459,248.34819829785712,102.96266067749283
outcome-lag-64,25,333,safe,512,183.0,0.0,258.0721549563322,286.31279529980014,256.42658557790935,104.79995320752559
outcome-lag-64,25,333,known,32,0.0,19.25,64.0,64.0,64.0,42.21478813590745
outcome-lag-64,25,333,known,64,0.0,38.5,128.0,128.0,128.0,79.6061746239858
outcome-lag-64,25,333,known,96,0.0,57.75,191.76456468341638,190.5337626526298,190.5337626526298,107.83516267562138
outcome-lag-64,25,333,known,128,0.0,77.0,247.10272837302418,247.67944823511755,245.4571589946014,129.5949938806216
outcome-lag-64,25,333,known,160,0.0,96.25,292.1987263248675,298.95630632289755,290.55315694644474,147.44314883300962
outcome-lag-64,25,333,known,192,0.0,115.5,330.5036168430161,343.1108761051702,328.85804746459337,160.97318202821123
outcome-lag-64,25,333,known,224,0.0,134.75,364.14246669364593,381.69114637290636,362.4968973152232,171.4030150781175
outcome-lag-64,25,333,known,256,0.0,154.0,394.6248666124099,417.7943624428704,392.97929723398715,181.3123894460429
outcome-lag-64,25,333,known,288,0.0,173.25,422.97829755165486,451.22866553730574,421.3327281732321,189.90228672344335
outcome-lag-64,25,333,known,320,0.0,192.5,449.4027203506212,481.4501103370572,447.7571509721985,196.6657805148506
outcome-lag-64,25,333,known,352,0.0,211.75,473.8304424717277,510.09907184672875,472.18487309330493,203.27891121236158
outcome-lag-64,25,333,known,384,0.0,231.0,497.166577089516,537.5373427747277,495.52100771109326,209.47408159006494
outcome-lag-64,25,333,known,416,0.0,250.25,519.2025817638446,563.2934920022848,517.5570123854218,214.97966398754602
outcome-lag-64,25,333,known,448,0.0,269.5,540.5232190509549,588.6199913473719,538.8776496725321,220.6044134421437
outcome-lag-64,25,333,known,480,0.0,288.75,560.9895682712587,612.5262637288749,559.3439988928359,225.52553506014908
outcome-lag-64,25,333,known,512,0.0,308.0,580.5531646007222,635.051732118285,578.9075952222994,229.78849756385998
outcome-lag-64,25,333,product,32,9.625,24.75,64.0,64.0,64.0,38.78138583705018
outcome-lag-64,25,333,product,64,19.25,49.5,128.0,128.0,128.0,79.49998394875605
outcome-lag-64,25,333,product,96,28.875,74.25,191.7573387582067,190.5337626526298,190.52653672742014,112.77030001368199
outcome-lag-64,25,333,product,128,38.5,99.0,242.98122933017987,246.6543034159669,241.33565995175707,137.10522958771128
outcome-lag-64,25,333,product,160,48.125,123.75,282.2187740841963,293.58809618399886,280.5732047057735,155.16514154084408
outcome-lag-64,25,333,product,192,57.75,148.5,315.875120164051,335.01634565635067,314.2295507856282,170.06388919719146
outcome-lag-64,25,333,product,224,67.375,173.25,345.3601188061437,371.86595051570794,343.7145494277209,182.40019071267199
outcome-lag-64,25,333,product,256,77.0,198.0,374.90071789963054,408.1608007018784,373.25514852120773,192.84789791840723
outcome-lag-64,25,333,product,288,86.625,222.75,401.30498070367287,440.6773757230806,399.65941132525006,202.1263263391468
outcome-lag-64,25,333,product,320,96.25,247.5,424.8635661590508,469.0488357188644,423.21799678062797,209.52344258826471
outcome-lag-64,25,333,product,352,105.875,272.25,447.10523449795613,495.85295856952155,445.4596651195333,216.32945037944074
outcome-lag-64,25,333,product,384,115.5,297.0,470.00985282248024,523.0357711380361,468.30415004276676,222.56315887507233
outcome-lag-64,25,333,product,416,125.125,321.75,491.8127957798133,549.1669183081884,490.019543459638,228.68047722262935
outcome-lag-64,25,333,product,448,134.75,346.5,509.81065285922614,571.8870080955501,508.0174005390508,234.76502080503025
outcome-lag-64,25,333,product,480,144.375,371.25,529.6723130053563,595.6105634243182,527.8594914201581,239.8582590170013
outcome-lag-64,25,333,product,512,154.0,396.0,548.6976790416481,618.1463808161891,546.8848574564499,244.42996492899843
single-blocker,25,333,prefix,32,9.625,24.75,64.0,63.96821681185914,63.96821681185914,9.454416234402885
single-blocker,25,333,prefix,64,19.25,49.5,128.0,116.40296351353022,116.40296351353022,11.457853830781797
single-blocker,25,333,prefix,96,28.875,74.25,192.0,157.5096872336578,157.5096872336578,12.891569271189939
single-blocker,25,333,prefix,128,38.5,99.0,256.0,193.74491364431378,193.74491364431378,13.977069097833049
single-blocker,25,333,prefix,160,48.125,123.75,320.0,224.2416086293878,224.2416086293878,14.566549934674697
single-blocker,25,333,prefix,192,57.75,148.5,384.0,251.89010645450034,251.89010645450034,15.054826989534506
single-blocker,25,333,prefix,224,67.375,173.25,448.0,276.7758330549918,276.7758330549918,15.42725024614928
single-blocker,25,333,prefix,256,77.0,198.0,512.0,303.18524216533336,303.18524216533336,15.949516376055696
single-blocker,25,333,prefix,288,86.625,222.75,576.0,327.05513093116735,327.05513093116735,16.32832884022163
single-blocker,25,333,prefix,320,96.25,247.5,640.0,348.44246108125,348.44246108125,16.60965757156417
single-blocker,25,333,prefix,352,105.875,272.25,704.0,368.7861799779702,368.7861799779702,16.86591783569827
single-blocker,25,333,prefix,384,115.5,297.0,768.0,390.0431339039042,390.0431339039042,17.17376768874945
single-blocker,25,333,prefix,416,125.125,321.75,832.0,410.3346570098626,410.3346570098626,17.451461972112803
single-blocker,25,333,prefix,448,134.75,346.5,896.0,427.1270246825253,427.1270246825253,17.608283439814592
single-blocker,25,333,prefix,480,144.375,371.25,960.0,445.999978488612,445.999978488612,17.85092012910425
single-blocker,25,333,prefix,512,154.0,396.0,1024.0,464.18763787284433,464.18763787284433,18.07446803346275
single-blocker,25,333,intersection,32,5.4140625,22.34375,64.0,63.96821681185914,63.96821681185914,10.553953106548457
single-blocker,25,333,intersection,64,5.4140625,41.59375,128.0,120.9381135942649,120.9381135942649,12.745810305280948
single-blocker,25,333,intersection,96,5.4140625,60.84375,192.0,168.35122932401313,168.35122932401313,14.008277712547303
single-blocker,25,333,intersection,128,5.4140625,80.09375,256.0,207.8604061387893,207.8604061387893,14.880873967254248
single-blocker,25,333,intersection,160,5.4140625,99.34375,320.0,242.27405909054923,242.27405909054923,15.54504238993766
single-blocker,25,333,intersection,192,5.4140625,118.59375,384.0,273.408910584678,273.408910584678,16.09144196786705
single-blocker,25,333,intersection,224,5.4140625,137.84375,448.0,301.9880000857976,301.9880000857976,16.553224407892753
single-blocker,25,333,intersection,256,5.4140625,157.09375,512.0,328.5520860428998,328.5520860428998,16.953170479004676
single-blocker,25,333,intersection,288,5.4140625,176.34375,576.0,353.6513493462681,353.6513493462681,17.31141083101454
single-blocker,25,333,intersection,320,5.4140625,195.59375,640.0,377.35141941801646,377.35141941801646,17.631070942184454
single-blocker,25,333,intersection,352,5.4140625,214.84375,704.0,399.68565934435316,399.68565934435316,17.91471639547637
single-blocker,25,333,intersection,384,5.4140625,234.09375,768.0,421.15090577172384,421.15090577172384,18.177479022666038
single-blocker,25,333,intersection,416,5.4140625,253.34375,832.0,441.6364045168807,441.6364045168807,18.416772270208902
single-blocker,25,333,intersection,448,5.4140625,272.59375,896.0,461.5067795301636,461.5067795301636,18.642550285915505
single-blocker,25,333,intersection,480,5.4140625,291.84375,960.0,480.6545209047899,480.6545209047899,18.85223419334695
single-blocker,25,333,intersection,512,5.4140625,311.09375,1024.0,499.0930766992964,499.0930766992964,19.04657821631187
single-blocker,25,333,completed,32,4.8125,22.0,64.0,63.96821681185914,63.96821681185914,10.553953106548457
single-blocker,25,333,completed,64,4.8125,41.25,128.0,120.9381135942649,120.9381135942649,12.745810305280948
single-blocker,25,333,completed,96,4.8125,60.5,192.0,168.35122932401313,168.35122932401313,14.008277712547303
single-blocker,25,333,completed,128,4.8125,79.75,256.0,207.8604061387893,207.8604061387893,14.880873967254248
single-blocker,25,333,completed,160,4.8125,99.0,320.0,242.27405909054923,242.27405909054923,15.54504238993766
single-blocker,25,333,completed,192,4.8125,118.25,384.0,273.408910584678,273.408910584678,16.09144196786705
single-blocker,25,333,completed,224,4.8125,137.5,448.0,301.9880000857976,301.9880000857976,16.553224407892753
single-blocker,25,333,completed,256,4.8125,156.75,512.0,328.5520860428998,328.5520860428998,16.953170479004676
single-blocker,25,333,completed,288,4.8125,176.0,576.0,353.6513493462681,353.6513493462681,17.31141083101454
single-blocker,25,333,completed,320,4.8125,195.25,640.0,377.35141941801646,377.35141941801646,17.631070942184454
single-blocker,25,333,completed,352,4.8125,214.5,704.0,399.68565934435316,399.68565934435316,17.91471639547637
single-blocker,25,333,completed,384,4.8125,233.75,768.0,421.15090577172384,421.15090577172384,18.177479022666038
single-blocker,25,333,completed,416,4.8125,253.0,832.0,441.6364045168807,441.6364045168807,18.416772270208902
single-blocker,25,333,completed,448,4.8125,272.25,896.0,461.5067795301636,461.5067795301636,18.642550285915505
single-blocker,25,333,completed,480,4.8125,291.5,960.0,480.6545209047899,480.6545209047899,18.85223419334695
single-blocker,25,333,completed,512,4.8125,310.75,1024.0,499.0930766992964,499.0930766992964,19.04657821631187
single-blocker,25,333,plugin,32,3.677734375,11.8359375,51.0,50.96821681185914,50.96821681185914,8.845474188665513
single-blocker,25,333,plugin,64,6.740234375,22.3359375,98.0,91.41680044284459,91.41680044284459,10.223253034626165
single-blocker,25,333,plugin,96,9.802734375,32.8359375,149.0,127.15531111980233,127.15531111980233,11.115551819218208
single-blocker,25,333,plugin,128,12.865234375,43.3359375,202.0,158.05640577869278,158.05640577869278,11.758171350227249
single-blocker,25,333,plugin,160,15.927734375,53.8359375,256.0,185.43811624741963,185.43811624741963,12.253690403994664
single-blocker,25,333,plugin,192,18.990234375,64.3359375,307.0,208.40398042497458,208.40398042497458,12.62334821696043
single-blocker,25,333,plugin,224,22.052734375,74.8359375,358.0,229.47534096508943,229.47534096508943,12.935219251348142
single-blocker,25,333,plugin,256,25.115234375,85.3359375,409.0,249.05407277017372,249.05407277017372,13.204952634794495
single-blocker,25,333,plugin,288,28.177734375,95.8359375,457.0,266.1799934627667,266.1799934627667,13.424627410165156
single-blocker,25,333,plugin,320,31.240234375,106.3359375,505.0,282.41341132028043,282.41341132028043,13.622445930333468
single-blocker,25,333,plugin,352,34.302734375,116.8359375,557.0,299.3886056396222,299.3886056396222,13.822431785890567
single-blocker,25,333,plugin,384,37.365234375,127.3359375,606.0,314.49174891358524,314.49174891358524,13.990558121191953
single-blocker,25,333,plugin,416,40.427734375,137.8359375,657.0,329.679091125517,329.679091125517,14.154082547609223
single-blocker,25,333,plugin,448,43.490234375,148.3359375,704.0,342.94340724207785,342.94340724207785,14.289519977828864
single-blocker,25,333,plugin,480,46.552734375,158.8359375,751.0,355.7670232056277,355.7670232056277,14.4162955539758
single-blocker,25,333,plugin,512,49.615234375,169.3359375,800.0,368.82234467117235,368.82234467117235,14.542512842799551
single-blocker,25,333,safe,32,11.4375,0.0,32.0,31.968216811859147,31.968216811859147,4.02724519543652
single-blocker,25,333,safe,64,22.875,0.0,64.0,57.42435623340214,57.42435623340214,4.7282659037057675
single-blocker,25,333,safe,96,34.3125,0.0,96.0,76.78319682780861,76.78319682780861,5.136346480888775
single-blocker,25,333,safe,128,45.75,0.0,128.0,93.03345515740088,93.03345515740088,5.425334592589174
single-blocker,25,333,safe,160,57.1875,0.0,160.0,107.31238195727079,107.31238195727079,5.649261224939744
single-blocker,25,333,safe,192,68.625,0.0,192.0,120.1978375468853,120.1978375468853,5.832104609707439
single-blocker,25,333,safe,224,80.0625,0.0,224.0,132.0310352083931,132.0310352083931,5.986627913082163
single-blocker,25,333,safe,256,91.5,0.0,256.0,143.03333360981438,143.03333360981438,6.120438712817281
single-blocker,25,333,safe,288,102.9375,0.0,288.0,153.35798108855585,153.35798108855585,6.238439029233648
single-blocker,25,333,safe,320,114.375,0.0,320.0,163.1162631808352,163.1162631808352,6.343973346894013
single-blocker,25,333,safe,352,125.8125,0.0,352.0,172.39200998111025,172.39200998111025,6.43942571339101
single-blocker,25,333,safe,384,137.25,0.0,384.0,181.25023096678382,181.25023096678382,6.5265555690159704
single-blocker,25,333,safe,416,148.6875,0.0,416.0,189.74254455085054,189.74254455085054,6.6066985205464555
single-blocker,25,333,safe,448,160.125,0.0,448.0,197.91074640079475,197.91074640079475,6.680892410683006
single-blocker,25,333,safe,480,171.5625,0.0,480.0,205.78924141297622,205.78924141297622,6.7499597404471405
single-blocker,25,333,safe,512,183.0,0.0,512.0,213.40675252840046,213.40675252840046,6.81456340954972
single-blocker,25,333,known,32,0.0,19.25,64.0,63.96821681185914,63.96821681185914,10.625563951843512
single-blocker,25,333,known,64,0.0,38.5,128.0,121.29725752745716,121.29725752745716,12.778717927032375
single-blocker,25,333,known,96,0.0,57.75,192.0,168.2151109282072,168.2151109282072,14.001133238234559
single-blocker,25,333,known,128,0.0,77.0,256.0,207.33391566495715,207.33391566495715,14.856755251521118
single-blocker,25,333,known,160,0.0,96.25,320.0,241.51993501848148,241.51993501848148,15.513873609534285
single-blocker,25,333,known,192,0.0,115.5,384.0,272.6950097970438,272.6950097970438,16.064411801025567
single-blocker,25,333,known,224,0.0,134.75,448.0,301.31044209928814,301.31044209928814,16.52940688544004
single-blocker,25,333,known,256,0.0,154.0,512.0,327.90678011057975,327.90678011057975,16.93190319469313
single-blocker,25,333,known,288,0.0,173.25,576.0,353.1140062370522,353.1140062370522,17.294723504130705
single-blocker,25,333,known,320,0.0,192.5,640.0,376.8948556077643,376.8948556077643,17.61762186649863
single-blocker,25,333,known,352,0.0,211.75,704.0,399.21451793826105,399.21451793826105,17.901453384834806
single-blocker,25,333,known,384,0.0,231.0,768.0,420.7220821814461,420.7220821814461,18.165917077724853
single-blocker,25,333,known,416,0.0,250.25,832.0,441.21250870405225,441.21250870405225,18.40577677025491
single-blocker,25,333,known,448,0.0,269.5,896.0,461.1419175574942,461.1419175574942,18.633435733207712
single-blocker,25,333,known,480,0.0,288.75,960.0,480.33823632546864,480.33823632546864,18.844603737684402
single-blocker,25,333,known,512,0.0,308.0,1024.0,498.79576882534906,498.79576882534906,19.0396303518655
single-blocker,25,333,product,32,9.625,24.75,64.0,63.96821681185914,63.96821681185914,9.454416234402885
single-blocker,25,333,product,64,19.25,49.5,128.0,116.40296351353022,116.40296351353022,11.457853830781797
single-blocker,25,333,product,96,28.875,74.25,192.0,157.5096872336578,157.5096872336578,12.891569271189939
single-blocker,25,333,product,128,38.5,99.0,256.0,193.74491364431378,193.74491364431378,13.977069097833049
single-blocker,25,333,product,160,48.125,123.75,320.0,224.2416086293878,224.2416086293878,14.566549934674697
single-blocker,25,333,product,192,57.75,148.5,384.0,251.89010645450034,251.89010645450034,15.054826989534506
single-blocker,25,333,product,224,67.375,173.25,448.0,276.7758330549918,276.7758330549918,15.42725024614928
single-blocker,25,333,product,256,77.0,198.0,512.0,303.18524216533336,303.18524216533336,15.949516376055696
single-blocker,25,333,product,288,86.625,222.75,576.0,327.05513093116735,327.05513093116735,16.32832884022163
single-blocker,25,333,product,320,96.25,247.5,640.0,348.44246108125,348.44246108125,16.60965757156417
single-blocker,25,333,product,352,105.875,272.25,704.0,368.7861799779702,368.7861799779702,16.86591783569827
single-blocker,25,333,product,384,115.5,297.0,768.0,390.0431339039042,390.0431339039042,17.17376768874945
single-blocker,25,333,product,416,125.125,321.75,832.0,410.3346570098626,410.3346570098626,17.451461972112803
single-blocker,25,333,product,448,134.75,346.5,896.0,427.1270246825253,427.1270246825253,17.608283439814592
single-blocker,25,333,product,480,144.375,371.25,960.0,445.999978488612,445.999978488612,17.85092012910425
single-blocker,25,333,product,512,154.0,396.0,1024.0,464.18763787284433,464.18763787284433,18.07446803346275
