scenario,truth,seed,algorithm,episode,pseudo_regret,expected_waste,prefix_exposure,completion_exposure,intersection_exposure,unresolved_mass_exposure
outcome-lag-64,0,444,prefix,32,1.5,26.5,64.0,64.0,64.0,20.278027554469478
outcome-lag-64,0,444,prefix,64,3.0,53.0,128.0,128.0,128.0,42.245646277622505
outcome-lag-64,0,444,prefix,96,4.5,79.5,191.83804331884727,189.0078338610781,189.0078338610781,59.81821987066451
outcome-lag-64,0,444,prefix,128,6.0,106.0,246.56224207484942,239.93810276945652,239.23158266607703,72.29075771210736
outcome-lag-64,0,444,prefix,160,7.5,132.5,291.6621885116162,284.22866844187786,281.1332915493285,82.6289915872195
outcome-lag-64,0,444,prefix,192,8.818359375,157.3046875,328.9821230697179,322.0608679120568,316.1428380468628,90.28979193443199
outcome-lag-64,0,444,prefix,224,10.048828125,181.2890625,361.0240491676969,355.39720802720484,346.80753428827506,96.26725983667887
outcome-lag-64,0,444,prefix,256,10.048828125,193.7890625,381.82066665210743,378.7377818071485,367.58330188403886,101.40625694732499
outcome-lag-64,0,444,prefix,288,10.048828125,206.2890625,399.7825898736527,399.25819208128775,385.5086785712042,106.06670212718052
outcome-lag-64,0,444,prefix,320,10.048828125,218.7890625,419.6683028783006,421.4014972440994,405.31604717591694,110.31135853410598
outcome-lag-64,0,444,prefix,352,10.048828125,231.2890625,437.1706431016641,440.75187437491627,422.75274343130906,113.84158794887867
outcome-lag-64,0,444,prefix,384,10.048828125,243.7890625,451.2811130663602,456.86982026203566,436.86321339600516,117.04989786611844
outcome-lag-64,0,444,prefix,416,10.048828125,256.2890625,466.6913370154799,474.6442139197678,452.2734373451249,120.59006931055993
outcome-lag-64,0,444,prefix,448,10.048828125,268.7890625,481.85005124838074,491.86910268276637,467.4321515780257,123.7661888524717
outcome-lag-64,0,444,prefix,480,10.048828125,281.2890625,496.03108198966197,507.8596419134389,481.61318231930693,126.53788639065232
outcome-lag-64,0,444,prefix,512,10.048828125,293.7890625,508.28913345189517,521.928989182181,493.8712337815401,129.1102529588262
outcome-lag-64,0,444,intersection,32,1.6640625,26.59375,64.0,64.0,64.0,20.278027554469478
outcome-lag-64,0,444,intersection,64,4.4765625,53.84375,128.0,128.0,128.0,42.107092181290916
outcome-lag-64,0,444,intersection,96,5.9765625,80.34375,191.83804331884727,189.33818603605604,189.33818603605604,59.53600809895023
outcome-lag-64,0,444,intersection,128,8.044921875,106.3984375,243.7867208940009,238.39872753317763,237.69220742979826,72.0025488998175
outcome-lag-64,0,444,intersection,160,9.357421875,131.1484375,286.508811038643,281.1179372557141,278.0225603631648,82.33636441053731
outcome-lag-64,0,444,intersection,192,10.30078125,152.453125,323.4119358719718,318.7605669482448,312.8425370830506,90.10365996187355
outcome-lag-64,0,444,intersection,224,10.30078125,164.953125,346.222635046955,343.659029766971,335.07846409609243,95.5915587777851
outcome-lag-64,0,444,intersection,256,10.30078125,177.453125,367.5171938139388,367.4384127359987,356.3060917889327,100.80923285115114
outcome-lag-64,0,444,intersection,288,10.30078125,189.953125,385.8297079835434,388.2629193008492,374.5417491934005,105.52579506222371
outcome-lag-64,0,444,intersection,320,10.30078125,202.453125,406.14561373430814,410.78620822711025,394.7302437427905,109.8273260459211
outcome-lag-64,0,444,intersection,352,10.30078125,214.953125,423.96132746877845,430.41589644580785,412.45793932243237,113.4048963698789
outcome-lag-64,0,444,intersection,384,10.30078125,227.453125,438.24262426451935,446.70706357668485,426.73923611817327,116.65283478717734
outcome-lag-64,0,444,intersection,416,10.30078125,239.953125,453.87005337027557,464.71136950949017,442.3666652239295,120.2476416542726
outcome-lag-64,0,444,intersection,448,10.30078125,252.453125,469.235427252687,482.1400975978186,457.7320391063409,123.4620328119155
outcome-lag-64,0,444,intersection,480,10.30078125,264.953125,483.58727176527964,498.29389188378235,472.08388361893356,126.25728324061049
outcome-lag-64,0,444,intersection,512,10.30078125,277.453125,495.95960351702985,512.4781863264583,484.45621537068376,128.84855320437904
outcome-lag-64,0,444,completed,32,1.5,26.5,64.0,64.0,64.0,20.278027554469478
outcome-lag-64,0,444,completed,64,3.15625,46.375,120.0,120.0,120.0,40.791705370469536
outcome-lag-64,0,444,completed,96,4.83984375,64.484375,173.83804331884727,172.48158603186,172.48158603186,56.92478092722943
outcome-lag-64,0,444,completed,128,6.216796875,89.8359375,226.38291753130892,223.38964222024865,222.6780148546359,69.52633640401608
outcome-lag-64,0,444,completed,160,7.447265625,113.8203125,271.5701787288024,267.6983977065174,264.597913551735,80.06163528585279
outcome-lag-64,0,444,completed,192,8.5546875,136.65625,308.55676127677555,305.0073153223678,299.0841781949407,87.73342164283939
outcome-lag-64,0,444,completed,224,8.96484375,152.984375,333.7300511940972,332.05161522090816,323.4700231671647,93.32914779271096
outcome-lag-64,0,444,completed,256,9.703125,172.375,359.48305722341297,360.30044343065543,349.1252173284359,98.6849602499127
outcome-lag-64,0,444,completed,288,9.703125,184.875,377.95999265322416,381.2648442546007,367.5013101806337,103.4279985083177
outcome-lag-64,0,444,completed,320,10.27734375,202.734375,401.3799503784333,406.8875329558951,390.7660480457148,107.8164058615391
outcome-lag-64,0,444,completed,352,10.27734375,215.234375,419.33868574262954,426.6430853784324,408.62462761068286,111.4157371201641
outcome-lag-64,0,444,completed,384,10.27734375,227.734375,433.69717686340846,443.0119550346197,422.9831187314618,114.68176402430977
outcome-lag-64,0,444,completed,416,10.27734375,240.234375,449.4220561035276,461.1189131400005,438.70799797158094,118.30136704208387
outcome-lag-64,0,444,completed,448,10.27734375,252.734375,464.8796534029257,478.63808056731136,454.16559527097905,121.53301288379873
outcome-lag-64,0,444,completed,480,10.27734375,265.234375,479.30728594563993,494.863923532249,468.59322781369326,124.33881984401947
outcome-lag-64,0,444,completed,512,10.27734375,277.734375,491.7300866893449,509.09879860747276,481.0160285573982,126.93852782333573
outcome-lag-64,0,444,plugin,32,0.212890625,13.4765625,50.0,50.0,50.0,17.258929169194626
outcome-lag-64,0,444,plugin,64,0.212890625,25.9765625,100.0,100.0,100.0,34.509013017795944
outcome-lag-64,0,444,plugin,96,0.212890625,38.4765625,144.83804331884727,142.6916595468189,142.6916595468189,48.07268634965029
outcome-lag-64,0,444,plugin,128,0.212890625,50.9765625,184.42075006830885,180.41835979991663,179.71183969653728,58.421806316887825
outcome-lag-64,0,444,plugin,160,0.212890625,63.4765625,215.63785557346,212.34773668189874,209.2523597893496,66.86437918666478
outcome-lag-64,0,444,plugin,192,0.212890625,75.9765625,243.21513246294066,241.4735011408555,235.55547127566146,73.645699668022
outcome-lag-64,0,444,plugin,224,0.212890625,88.4765625,266.13960123765315,266.45754814894536,257.8785790405912,79.14354693204119
outcome-lag-64,0,444,plugin,256,0.212890625,100.9765625,287.5263934360407,290.31694908344974,279.1866853181104,84.37589186999672
outcome-lag-64,0,444,plugin,288,0.212890625,113.4765625,305.90323481621715,311.19639629461534,297.4778245575287,89.10280282998926
outcome-lag-64,0,444,plugin,320,0.212890625,125.9765625,326.29700863755204,333.7877037559752,317.73433764201746,93.41471236030289
outcome-lag-64,0,444,plugin,352,0.212890625,138.4765625,344.16897649228616,353.46701942380486,335.5135883826033,97.00083136859267
outcome-lag-64,0,444,plugin,384,0.212890625,150.9765625,358.4806937916475,369.788850872808,349.82530568196466,100.2558852816264
outcome-lag-64,0,444,plugin,416,0.212890625,163.4765625,374.14657838430475,387.8337029746504,365.49119027462183,103.8604568370601
outcome-lag-64,0,444,plugin,448,0.212890625,175.9765625,389.54838217726603,405.29819559154504,380.8929940675831,107.08165137371485
outcome-lag-64,0,444,plugin,480,0.212890625,188.4765625,403.9301969218036,421.48051007897226,395.2748088121207,109.88106875335494
outcome-lag-64,0,444,plugin,512,0.212890625,200.9765625,416.32250398798004,435.68483764331495,407.6671158782971,112.47567198166173
outcome-lag-64,0,444,safe,32,2.125,0.0,32.0,32.0,32.0,16.024033509298967
outcome-lag-64,0,444,safe,64,4.25,0.0,64.0,64.0,64.0,31.522638844893123
outcome-lag-64,0,444,safe,96,6.375,0.0,95.83804331884724,94.54926226314669,94.54926226314669,43.77774270329436
outcome-lag-64,0,444,safe,128,8.5,0.0,120.23895979413486,119.41590947800233,118.70938937462289,52.68311970025812
outcome-lag-64,0,444,safe,160,10.625,0.0,139.10820956997335,140.67401604301068,137.57863915046138,59.88622609774717
outcome-lag-64,0,444,safe,192,12.75,0.0,155.01834859396828,159.40680803965037,153.48877817445631,65.91640588954
outcome-lag-64,0,444,safe,224,14.875,0.0,169.0320206834862,176.0653466302474,167.50245026397423,70.89627012200395
outcome-lag-64,0,444,safe,256,17.0,0.0,181.70299892281403,191.2860240342034,180.17342850330206,75.24845992427377
outcome-lag-64,0,444,safe,288,19.125,0.0,193.3571162380477,205.5284493211844,191.82754581853573,79.28423804892982
outcome-lag-64,0,444,safe,320,21.25,0.0,204.20986540854392,218.71599286855178,202.68029498903195,82.81903382167813
outcome-lag-64,0,444,safe,352,23.375,0.0,214.3998406911477,230.75630042964227,212.87027027163572,85.67904694899057
outcome-lag-64,0,444,safe,384,25.5,0.0,224.03248388942262,242.1310450051026,222.50291346991065,88.28270039440226
outcome-lag-64,0,444,safe,416,27.625,0.0,233.20349240134948,253.19275910923625,231.6739219818375,90.93224386599967
outcome-lag-64,0,444,safe,448,29.75,0.0,241.96431403608236,263.7856721745595,240.4347436165704,93.43114897151516
outcome-lag-64,0,444,safe,480,31.875,0.0,250.37127878731576,273.91597877529745,248.8417083678038,95.75202788983563
outcome-lag-64,0,444,safe,512,34.0,0.0,258.45624470098335,283.6577169915283,256.92667428147143,97.9408586597448
outcome-lag-64,0,444,known,32,0.0,12.5,49.0,49.0,49.0,19.00215816242362
outcome-lag-64,0,444,known,64,0.0,25.0,99.0,99.0,99.0,36.918173234485735
outcome-lag-64,0,444,known,96,0.0,37.5,143.83804331884727,141.57931670654597,141.57931670654597,50.50641366920736
outcome-lag-64,0,444,known,128,0.0,50.0,183.35211405412272,179.17517545973274,178.46865535635328,60.829110444193326
outcome-lag-64,0,444,known,160,0.0,62.5,214.41897957275123,211.0198458739164,207.92446898136717,69.25401091456632
outcome-lag-64,0,444,known,192,0.0,75.0,241.897629223606,240.08102738513986,234.16299751994575,76.02658998001083
outcome-lag-64,0,444,known,224,0.0,87.5,264.7646526021924,265.021957386229,256.4421745375808,81.51941470066373
outcome-lag-64,0,444,known,256,0.0,100.0,286.1049601280214,288.8410800151522,277.70976803562405,86.74436246540176
outcome-lag-64,0,444,known,288,0.0,112.5,304.44940543462315,309.6928918628904,295.9730474220169,91.4660599897784
outcome-lag-64,0,444,known,320,0.0,125.0,324.8040053158138,332.25000999521455,316.19537117747007,95.77274530791097
outcome-lag-64,0,444,known,352,0.0,137.5,342.6476909311204,351.9043947165058,333.9487142487214,99.35456464147582
outcome-lag-64,0,444,known,384,0.0,150.0,356.9441234388888,368.21082590478153,348.2451467564898,102.60604126270809
outcome-lag-64,0,444,known,416,0.0,162.5,372.59069459491667,386.2353206946639,363.89171791251766,106.20570537265311
outcome-lag-64,0,444,known,448,0.0,175.0,387.97420826282956,403.6818636454789,379.27523158043056,109.42348211506732
outcome-lag-64,0,444,known,480,0.0,187.5,402.34098135983567,419.8498689097992,393.64200467743666,112.22080690469394
outcome-lag-64,0,444,known,512,0.0,200.0,414.72326593742,434.0441472007338,406.024289255021,114.81373662581449
outcome-lag-64,0,444,product,32,2.125,0.0,32.0,32.0,32.0,16.024033509298967
outcome-lag-64,0,444,product,64,4.25,0.0,64.0,64.0,64.0,31.522638844893123
outcome-lag-64,0,444,product,96,6.375,0.0,95.83804331884724,94.54926226314669,94.54926226314669,43.77774270329436
outcome-lag-64,0,444,product,128,8.5,0.0,120.23895979413486,119.41590947800233,118.70938937462289,52.68311970025812
outcome-lag-64,0,444,product,160,10.625,0.0,139.10820956997335,140.67401604301068,137.57863915046138,59.88622609774717
outcome-lag-64,0,444,product,192,12.75,0.0,155.01834859396828,159.40680803965037,153.48877817445631,65.91640588954
outcome-lag-64,0,444,product,224,14.875,0.0,169.0320206834862,176.0653466302474,167.50245026397423,70.89627012200395
outcome-lag-64,0,444,product,256,17.0,0.0,181.70299892281403,191.2860240342034,180.17342850330206,75.24845992427377
outcome-lag-64,0,444,product,288,19.125,0.0,193.3571162380477,205.5284493211844,191.82754581853573,79.28423804892982
outcome-lag-64,0,444,product,320,21.25,0.0,204.20986540854392,218.71599286855178,202.68029498903195,82.81903382167813
outcome-lag-64,0,444,product,352,23.375,0.0,214.3998406911477,230.75630042964227,212.87027027163572,85.67904694899057
outcome-lag-64,0,444,product,384,25.5,0.0,224.03248388942262,242.1310450051026,222.50291346991065,88.28270039440226
outcome-lag-64,0,444,product,416,27.625,0.0,233.20349240134948,253.19275910923625,231.6739219818375,90.93224386599967
outcome-lag-64,0,444,product,448,29.75,0.0,241.96431403608236,263.7856721745595,240.4347436165704,93.43114897151516
outcome-lag-64,0,444,product,480,31.875,0.0,250.37127878731576,273.91597877529745,248.8417083678038,95.75202788983563
outcome-lag-64,0,444,product,512,34.0,0.0,258.45624470098335,283.6577169915283,256.92667428147143,97.9408586597448
single-blocker,0,444,prefix,32,1.5,26.5,64.0,63.96821681185914,63.96821681185914,10.64693147321103
single-blocker,0,444,prefix,64,3.0,53.0,128.0,120.81662176040324,120.81662176040324,12.732126094754623
single-blocker,0,444,prefix,96,4.5,79.5,192.0,168.00974926006967,168.00974926006967,13.990319913569417
single-blocker,0,444,prefix,128,6.0,106.0,256.0,207.333915664957,207.333915664957,14.856755251521124
single-blocker,0,444,prefix,160,7.5,132.5,320.0,241.96166545689857,241.96166545689857,15.53217324615349
single-blocker,0,444,prefix,192,9.0,159.0,384.0,273.1871362757148,273.1871362757148,16.08307325681836
single-blocker,0,444,prefix,224,10.5,185.5,448.0,301.92023709066643,301.92023709066643,16.550851637478736
single-blocker,0,444,prefix,256,12.0,212.0,512.0,328.48527241344095,328.48527241344095,16.950976121637886
single-blocker,0,444,prefix,288,13.5,238.5,576.0,353.59564124046733,353.59564124046733,17.30968550320223
single-blocker,0,444,prefix,320,15.0,265.0,640.0,376.89485560776444,376.89485560776444,17.617621866498606
single-blocker,0,444,prefix,352,16.5,291.5,704.0,399.2818985955297,399.2818985955297,17.903354145138913
single-blocker,0,444,prefix,384,18.0,318.0,768.0,420.7220821814464,420.7220821814464,18.165917077724835
single-blocker,0,444,prefix,416,19.5,344.5,832.0,441.38553010698666,441.38553010698666,18.410270143907766
single-blocker,0,444,prefix,448,21.0,371.0,896.0,461.0888043370449,461.0888043370449,18.632106381113463
single-blocker,0,444,prefix,480,22.5,397.5,960.0,480.1441950847813,480.1441950847813,18.83991185597788
single-blocker,0,444,prefix,512,24.0,424.0,1024.0,498.70791891090886,498.70791891090886,19.037573972262955
single-blocker,0,444,intersection,32,1.5,26.5,64.0,63.96821681185914,63.96821681185914,10.64693147321103
single-blocker,0,444,intersection,64,3.0,53.0,128.0,120.81662176040324,120.81662176040324,12.732126094754623
single-blocker,0,444,intersection,96,4.5,79.5,192.0,168.00974926006967,168.00974926006967,13.990319913569417
single-blocker,0,444,intersection,128,5.90625,105.125,254.0,206.0723763858173,206.0723763858173,14.829167732495252
single-blocker,0,444,intersection,160,7.21875,129.875,315.0,239.12098204338702,239.12098204338702,15.475979279759994
single-blocker,0,444,intersection,192,8.53125,154.625,378.0,270.076229938689,270.076229938689,16.02672073483663
single-blocker,0,444,intersection,224,8.818359375,169.8046875,428.0,291.2943693404774,291.2943693404774,16.35273254034261
single-blocker,0,444,intersection,256,8.818359375,182.3046875,476.0,309.9002042215586,309.9002042215586,16.613193914589843
single-blocker,0,444,intersection,288,8.818359375,194.8046875,521.0,326.0698985749086,326.0698985749086,16.823457819643053
single-blocker,0,444,intersection,320,8.818359375,207.3046875,573.0,344.3313569345098,344.3313569345098,17.056146882748077
single-blocker,0,444,intersection,352,8.818359375,219.8046875,622.0,360.43738523336003,360.43738523336003,17.248265100392906
single-blocker,0,444,intersection,384,8.818359375,232.3046875,665.0,373.5461848240233,373.5461848240233,17.393305738095393
single-blocker,0,444,intersection,416,8.818359375,244.8046875,713.0,388.01035819998634,388.01035819998634,17.552113149983764
single-blocker,0,444,intersection,448,8.818359375,257.3046875,762.0,402.2779692330589,402.2779692330589,17.703618118525778
single-blocker,0,444,intersection,480,8.818359375,269.8046875,810.0,415.6904720830417,415.6904720830417,17.840364445843683
single-blocker,0,444,intersection,512,8.818359375,282.3046875,854.0,427.33914827049335,427.33914827049335,17.95288140695193
single-blocker,0,444,completed,32,1.5,26.5,64.0,63.96821681185914,63.96821681185914,10.64693147321103
single-blocker,0,444,completed,64,3.0,53.0,128.0,120.81662176040324,120.81662176040324,12.732126094754623
single-blocker,0,444,completed,96,4.5,79.5,192.0,168.00974926006967,168.00974926006967,13.990319913569417
single-blocker,0,444,completed,128,5.888671875,104.9609375,253.0,205.43484383176096,205.43484383176096,14.815083225452996
single-blocker,0,444,completed,160,7.201171875,129.7109375,314.0,238.5428798284057,238.5428798284057,15.464351372783248
single-blocker,0,444,completed,192,8.513671875,154.4609375,377.0,269.5489014601623,269.5489014601623,16.017011996972556
single-blocker,0,444,completed,224,8.71875,168.875,425.0,289.6285401160032,289.6285401160032,16.32030500939558
single-blocker,0,444,completed,256,8.71875,181.375,473.0,308.2651761615127,308.2651761615127,16.581778273346842
single-blocker,0,444,completed,288,8.71875,193.875,518.0,324.45606146859035,324.45606146859035,16.79270214387878
single-blocker,0,444,completed,320,8.71875,206.375,570.0,342.7451066777712,342.7451066777712,17.02620590412015
single-blocker,0,444,completed,352,8.71875,218.875,619.0,358.87092224036184,358.87092224036184,17.218877363108376
single-blocker,0,444,completed,384,8.71875,231.375,662.0,371.9911101254457,371.9911101254457,17.364224578291353
single-blocker,0,444,completed,416,8.71875,243.875,710.0,386.47021681785526,386.47021681785526,17.523420858815033
single-blocker,0,444,completed,448,8.71875,256.375,759.0,400.7519249301605,400.7519249301605,17.675279198937666
single-blocker,0,444,completed,480,8.71875,268.875,807.0,414.1763155315834,414.1763155315834,17.812313130512116
single-blocker,0,444,completed,512,8.71875,281.375,851.0,425.83316059968087,425.83316059968087,17.9250222022761
single-blocker,0,444,plugin,32,0.31640625,15.453125,53.0,52.96821681185914,52.96821681185914,8.966797718077277
single-blocker,0,444,plugin,64,0.31640625,27.953125,103.0,96.14413264044191,96.14413264044191,10.375047322722633
single-blocker,0,444,plugin,96,0.31640625,40.453125,148.0,126.3844362965463,126.3844362965463,11.0951436559529
single-blocker,0,444,plugin,128,0.31640625,52.953125,196.0,154.1300947182949,154.1300947182949,11.669225496294946
single-blocker,0,444,plugin,160,0.31640625,65.453125,243.0,177.91726001364682,177.91726001364682,12.102240503885263
single-blocker,0,444,plugin,192,0.31640625,77.953125,292.0,200.5276103205954,200.5276103205954,12.478867757262881
single-blocker,0,444,plugin,224,0.31640625,90.453125,339.0,220.23717808648215,220.23717808648215,12.77787152033515
single-blocker,0,444,plugin,256,0.31640625,102.953125,387.0,239.0667887672152,239.0667887672152,13.045773305406458
single-blocker,0,444,plugin,288,0.31640625,115.453125,432.0,255.3898241092236,255.3898241092236,13.260864293636931
single-blocker,0,444,plugin,320,0.31640625,127.953125,484.0,273.85020232998386,273.85020232998386,13.499484571833765
single-blocker,0,444,plugin,352,0.31640625,140.453125,533.0,290.09844896257925,290.09844896257925,13.6956133096896
single-blocker,0,444,plugin,384,0.31640625,152.953125,576.0,303.28893477991164,303.28893477991164,13.84287041344343
single-blocker,0,444,plugin,416,0.31640625,165.453125,624.0,317.8600465894326,317.8600465894326,14.004483157254215
single-blocker,0,444,plugin,448,0.31640625,177.953125,673.0,332.228431877192,332.228431877192,14.158531514327931
single-blocker,0,444,plugin,480,0.31640625,190.453125,721.0,345.72578798764255,345.72578798764255,14.297343767509915
single-blocker,0,444,plugin,512,0.31640625,202.953125,765.0,357.43270735802247,357.43270735802247,14.411238658982306
single-blocker,0,444,safe,32,2.125,0.0,32.0,31.968216811859147,31.968216811859147,4.02724519543652
single-blocker,0,444,safe,64,4.25,0.0,64.0,57.42435623340214,57.42435623340214,4.7282659037057675
single-blocker,0,444,safe,96,6.375,0.0,96.0,76.78319682780861,76.78319682780861,5.136346480888775
single-blocker,0,444,safe,128,8.5,0.0,128.0,93.03345515740088,93.03345515740088,5.425334592589174
single-blocker,0,444,safe,160,10.625,0.0,160.0,107.31238195727079,107.31238195727079,5.649261224939744
single-blocker,0,444,safe,192,12.75,0.0,192.0,120.1978375468853,120.1978375468853,5.832104609707439
single-blocker,0,444,safe,224,14.875,0.0,224.0,132.0310352083931,132.0310352083931,5.986627913082163
single-blocker,0,444,safe,256,17.0,0.0,256.0,143.03333360981438,143.03333360981438,6.120438712817281
single-blocker,0,444,safe,288,19.125,0.0,288.0,153.35798108855585,153.35798108855585,6.238439029233648
single-blocker,0,444,safe,320,21.25,0.0,320.0,163.1162631808352,163.1162631808352,6.343973346894013
single-blocker,0,444,safe,352,23.375,0.0,352.0,172.39200998111025,172.39200998111025,6.43942571339101
single-blocker,0,444,safe,384,25.5,0.0,384.0,181.25023096678382,181.25023096678382,6.5265555690159704
single-blocker,0,444,safe,416,27.625,0.0,416.0,189.74254455085054,189.74254455085054,6.6066985205464555
single-blocker,0,444,safe,448,29.75,0.0,448.0,197.91074640079475,197.91074640079475,6.680892410683006
single-blocker,0,444,safe,480,31.875,0.0,480.0,205.78924141297622,205.78924141297622,6.7499597404471405
single-blocker,0,444,safe,512,34.0,0.0,512.0,213.40675252840046,213.40675252840046,6.81456340954972
single-blocker,0,444,known,32,0.0,12.5,49.0,48.96821681185914,48.96821681185914,7.407974188665511
single-blocker,0,444,known,64,0.0,25.0,99.0,92.22759708485822,92.22759708485822,8.846475894151203
single-blocker,0,444,known,96,0.0,37.5,144.0,122.60535923892688,122.60535923892688,9.574310322619558
single-blocker,0,444,known,128,0.0,50.0,192.0,150.45781139080307,150.45781139080307,10.15360049629494
single-blocker,0,444,known,160,0.0,62.5,239.0,174.31356311435596,174.31356311435596,10.58958227603716
single-blocker,0,444,known,192,0.0,75.0,288.0,196.98103437469388,196.98103437469388,10.968451090596215
single-blocker,0,444,known,224,0.0,87.5,335.0,216.7295510758601,216.7295510758601,11.268862511326144
single-blocker,0,444,known,256,0.0,100.0,383.0,235.5927627183775,235.5927627183775,11.537899289658432
single-blocker,0,444,known,288,0.0,112.5,428.0,251.93869918857473,251.93869918857473,11.75372143649408
single-blocker,0,444,known,320,0.0,125.0,480.0,270.428645138106,270.428645138106,11.99323457183377
single-blocker,0,444,known,352,0.0,137.5,529.0,286.697939546174,286.697939546174,12.189963592175483
single-blocker,0,444,known,384,0.0,150.0,572.0,299.90048178554923,299.90048178554923,12.33755126450727
single-blocker,0,444,known,416,0.0,162.5,620.0,314.4873423974492,314.4873423974492,12.499581196469915
single-blocker,0,444,known,448,0.0,175.0,669.0,328.8705340368303,328.8705340368303,12.65400662745012
single-blocker,0,444,known,480,0.0,187.5,717.0,342.38033224230094,342.38033224230094,12.79312435822723
single-blocker,0,444,known,512,0.0,200.0,761.0,354.0957790486131,354.0957790486131,12.907222594725296
single-blocker,0,444,product,32,2.125,0.0,32.0,31.968216811859147,31.968216811859147,4.02724519543652
single-blocker,0,444,product,64,4.25,0.0,64.0,57.42435623340214,57.42435623340214,4.7282659037057675
single-blocker,0,444,product,96,6.375,0.0,96.0,76.78319682780861,76.78319682780861,5.136346480888775
single-blocker,0,444,product,128,8.5,0.0,128.0,93.03345515740088,93.03345515740088,5.425334592589174
single-blocker,0,444,product,160,10.625,0.0,160.0,107.31238195727079,107.31238195727079,5.649261224939744
single-blocker,0,444,product,192,12.75,0.0,192.0,120.1978375468853,120.1978375468853,5.832104609707439
single-blocker,0,444,product,224,14.875,0.0,224.0,132.0310352083931,132.0310352083931,5.986627913082163
single-blocker,0,444,product,256,17.0,0.0,256.0,143.03333360981438,143.03333360981438,6.120438712817281
single-blocker,0,444,product,288,19.125,0.0,288.0,153.35798108855585,153.35798108855585,6.238439029233648
single-blocker,0,444,product,320,21.25,0.0,320.0,163.1162631808352,163.1162631808352,6.343973346894013
single-blocker,0,444,product,352,23.375,0.0,352.0,172.39200998111025,172.39200998111025,6.43942571339101
single-blocker,0,444,product,384,25.5,0.0,384.0,181.25023096678382,181.25023096678382,6.5265555690159704
single-blocker,0,444,product,416,27.625,0.0,416.0,189.74254455085054,189.74254455085054,6.6066985205464555
single-blocker,0,444,product,448,29.75,0.0,448.0,197.91074640079475,197.91074640079475,6.680892410683006
single-blocker,0,444,product,480,31.875,0.0,480.0,205.78924141297622,205.78924141297622,6.7499597404471405
single-blocker,0,444,product,512,34.0,0.0,512.0,213.40675252840046,213.40675252840046,6.81456340954972
outcome-lag-64,2,444,prefix,32,0.1875,23.0,64.0,64.0,64.0,29.64243261724061
outcome-lag-64,2,444,prefix,64,0.375,46.0,128.0,127.99115411755615,127.99115411755615,56.14638600313128
outcome-lag-64,2,444,prefix,96,0.5625,69.0,191.388404994334,188.19753483324155,188.19753483324155,78.4301557151201
outcome-lag-64,2,444,prefix,128,0.75,92.0,245.25984865693528,241.66955209476058,240.3791925956793,97.23151064831669
outcome-lag-64,2,444,prefix,160,0.9375,115.0,290.9142122067181,290.0962936713316,285.62764981030404,112.22142155948514
outcome-lag-64,2,444,prefix,192,1.04296875,137.234375,328.67300553425173,330.2397888528511,322.5489770713431,122.143519338977
outcome-lag-64,2,444,prefix,224,1.078125,158.8125,359.77998803562787,364.17681246274304,353.34790785138256,130.06635693211237
outcome-lag-64,2,444,prefix,256,1.078125,180.0625,388.2888123948868,395.97469673563444,381.85673221064144,137.0898143231697
outcome-lag-64,2,444,prefix,288,1.078125,201.3125,414.3686709770044,425.3516354813353,407.9272076665141,143.39716021422785
outcome-lag-64,2,444,prefix,320,1.078125,222.5625,439.98733791906335,455.07787808619486,433.5456282374699,150.18855192434012
outcome-lag-64,2,444,prefix,352,1.078125,243.8125,462.9498395942298,481.1884651015658,456.5081299126363,155.49857424953842
outcome-lag-64,2,444,prefix,384,1.078125,265.0625,485.28107498837255,506.58868833786886,478.7894712108996,160.51004594019565
outcome-lag-64,2,444,prefix,416,1.078125,286.3125,507.59553778840257,532.9823701500441,501.0927805750939,166.40637329640998
outcome-lag-64,2,444,prefix,448,1.078125,307.5625,528.2380908291178,556.3984985968378,521.7353336158092,170.60463493749722
outcome-lag-64,2,444,prefix,480,1.078125,328.8125,548.7779238907026,579.5847585852364,542.2751666773939,174.71248382641537
outcome-lag-64,2,444,prefix,512,1.078125,350.0625,567.1201072532615,600.3748208512296,560.5514842948314,178.33294214402602
outcome-lag-64,2,444,intersection,32,0.1875,23.0,64.0,64.0,64.0,29.64243261724061
outcome-lag-64,2,444,intersection,64,1.796875,46.8125,128.0,128.0,128.0,61.00281064306657
outcome-lag-64,2,444,intersection,96,1.984375,69.8125,191.64497597640826,189.30624388976503,189.30624388976503,84.65242869355396
outcome-lag-64,2,444,intersection,128,2.171875,92.8125,246.84615127312873,243.61302095253913,242.32266145345775,103.5643623149702
outcome-lag-64,2,444,intersection,160,2.359375,115.8125,291.9320707892,292.09785259665426,286.7492685439041,118.12089997721021
outcome-lag-64,2,444,intersection,192,2.400390625,137.4453125,329.4186950793906,331.7089279162617,323.1019377427476,127.83233356734388
outcome-lag-64,2,444,intersection,224,2.400390625,158.6953125,360.60160492701846,365.50558191307005,353.7623099183431,135.55158333665048
outcome-lag-64,2,444,intersection,256,2.400390625,179.9453125,388.9586756393079,397.04541877687564,382.1193806306326,142.42389901267018
outcome-lag-64,2,444,intersection,288,2.400390625,201.1953125,415.0260939394236,426.34137090732844,408.1722174230921,148.65064001811865
outcome-lag-64,2,444,intersection,320,2.400390625,222.4453125,440.5158400089043,455.8793043865877,433.6604563364246,155.3214182206873
outcome-lag-64,2,444,intersection,352,2.400390625,243.6953125,463.47625824562635,481.9501107795189,456.62087457314664,160.58385959616544
outcome-lag-64,2,444,intersection,384,2.400390625,264.9453125,485.7712074418801,507.2594429195344,478.8540816432892,165.52388980961032
outcome-lag-64,2,444,intersection,416,2.400390625,286.1953125,507.9696720609503,533.4780827924928,501.03917865209417,171.3194093746032
outcome-lag-64,2,444,intersection,448,2.400390625,307.4453125,528.7106661989112,556.9811882872333,521.780172790055,175.5206336688895
outcome-lag-64,2,444,intersection,480,2.400390625,328.6953125,549.2740942385419,580.1538729377608,542.3435143185138,179.60019941999548
outcome-lag-64,2,444,intersection,512,2.400390625,349.9453125,567.6103520115502,600.8998043403698,560.6072778530947,183.18319153764875
outcome-lag-64,2,444,completed,32,0.1875,23.0,64.0,64.0,64.0,29.64243261724061
outcome-lag-64,2,444,completed,64,1.74609375,39.203125,119.0,119.0,119.0,52.607250568199944
outcome-lag-64,2,444,completed,96,2.458984375,58.3984375,176.388404994334,174.31066658965148,174.31066658965148,73.7423647757698
outcome-lag-64,2,444,completed,128,2.458984375,79.6484375,228.81710261992484,226.95398911617798,225.66362961709663,92.53929473051859
outcome-lag-64,2,444,completed,160,2.458984375,100.8984375,275.46624841241345,275.2136971680015,271.33749930159644,107.83503620892105
outcome-lag-64,2,444,completed,192,2.458984375,122.1484375,314.19573990532865,315.54008600582523,308.5031415297782,117.4399940588738
outcome-lag-64,2,444,completed,224,2.458984375,143.3984375,346.4630957518095,350.2725001314007,340.1120220188567,125.44034970911518
outcome-lag-64,2,444,completed,256,2.458984375,164.6484375,375.8093493420418,382.8676649621147,369.458275609089,132.69662681061808
outcome-lag-64,2,444,completed,288,2.458984375,185.8984375,402.5897196494979,412.9346627229304,396.2179170244181,139.2084062126594
outcome-lag-64,2,444,completed,320,2.458984375,207.1484375,428.7931235737568,443.2799472798694,422.41889263423957,146.19067104437087
outcome-lag-64,2,444,completed,352,2.458984375,228.3984375,452.23070259790296,469.8832505450416,445.8564716583857,151.63612089258342
outcome-lag-64,2,444,completed,384,2.458984375,249.6484375,474.97647014356374,495.71137204771463,468.5319063412589,156.75725001459722
outcome-lag-64,2,444,completed,416,2.458984375,270.8984375,497.65174682978005,522.5135409115782,491.1922737803244,162.7780760201146
outcome-lag-64,2,444,completed,448,2.458984375,292.1484375,518.6493589295367,546.3126134759004,512.1898858800812,167.06833156680455
outcome-lag-64,2,444,completed,480,2.458984375,313.3984375,539.5066643454707,569.8343740774936,533.0466655654371,171.26050610515213
outcome-lag-64,2,444,completed,512,2.458984375,334.6484375,558.0869402422398,590.8756604784733,551.5499560848538,174.93776418025234
outcome-lag-64,2,444,plugin,32,2.685546875,13.8046875,53.0,53.0,53.0,25.28208857531762
outcome-lag-64,2,444,plugin,64,5.748046875,26.3046875,103.0,103.0,103.0,43.90802112794004
outcome-lag-64,2,444,plugin,96,8.71484375,39.078125,147.63052412598893,145.71744652227028,145.71744652227028,57.81570567617523
outcome-lag-64,2,444,plugin,128,11.77734375,51.578125,185.96193897385078,183.67118268155258,182.38082318247137,69.15812924045036
outcome-lag-64,2,444,plugin,160,14.83984375,64.078125,216.72312915447935,216.01991369844868,212.2090978344116,78.02005624514129
outcome-lag-64,2,444,plugin,192,17.90234375,76.578125,248.27422182157966,248.545869687642,242.14295180569727,85.53441355782316
outcome-lag-64,2,444,plugin,224,20.96484375,89.078125,273.40486961354026,275.35295394299186,266.59302808354676,91.57708128815365
outcome-lag-64,2,444,plugin,256,24.02734375,101.578125,293.22843734068016,296.9618102089691,286.41659581068666,96.18250896375413
outcome-lag-64,2,444,plugin,288,27.08984375,114.078125,312.87873154377877,318.5901473311959,306.044532523325,100.45915045825353
outcome-lag-64,2,444,plugin,320,30.15234375,126.578125,330.15613965235764,338.26795770722856,323.3193140552125,104.54654801929037
outcome-lag-64,2,444,plugin,352,33.21484375,139.078125,347.42349121775385,357.6133806652899,340.5866656206087,108.23471278150352
outcome-lag-64,2,444,plugin,384,36.27734375,151.578125,363.3625387650982,375.2707886196513,356.45351629378575,111.31068835491776
outcome-lag-64,2,444,plugin,416,39.33984375,164.078125,377.2643116039471,391.3001751268886,370.34005552037047,114.44172199612142
outcome-lag-64,2,444,plugin,448,42.40234375,176.578125,394.8270618073166,411.0042435297061,387.90280572374,117.80863180202226
outcome-lag-64,2,444,plugin,480,45.46484375,189.078125,410.30001802316434,428.028478112201,403.37514410315043,120.52491333584524
outcome-lag-64,2,444,plugin,512,48.52734375,201.578125,423.7012639228365,442.78415956193226,416.6984717589882,122.77309471936506
outcome-lag-64,2,444,safe,32,5.1875,0.0,32.0,32.0,32.0,18.00414225693012
outcome-lag-64,2,444,safe,64,10.375,0.0,64.0,64.0,64.0,32.786033724041175
outcome-lag-64,2,444,safe,96,15.5625,0.0,95.6449759764083,94.4623521188103,94.4623521188103,45.14395758104948
outcome-lag-64,2,444,safe,128,20.75,0.0,120.203013873996,120.2902944657077,118.99993496662644,55.01062971005497
outcome-lag-64,2,444,safe,160,25.9375,0.0,139.05024677787944,141.65798373454703,137.84716787050988,62.32331881137502
outcome-lag-64,2,444,safe,192,31.125,0.0,154.94409050099003,160.1439294755654,153.74101159362047,68.10665234754654
outcome-lag-64,2,444,safe,224,36.3125,0.0,168.9646887409601,176.52153569303584,167.76160983359054,72.80558420688386
outcome-lag-64,2,444,safe,256,41.5,0.0,181.62964094418518,190.82677191219685,180.42656203681562,76.24233282435874
outcome-lag-64,2,444,safe,288,46.6875,0.0,193.22026594395774,204.36575253462857,192.01718703658818,79.57466628446552
outcome-lag-64,2,444,safe,320,51.875,0.0,204.07016036593328,217.47951897286652,202.86708145856372,83.03568494808438
outcome-lag-64,2,444,safe,352,57.0625,0.0,214.25436099158543,229.53250869657154,213.05128208421587,85.90838023801138
outcome-lag-64,2,444,safe,384,62.25,0.0,223.89254688835268,240.9599986451621,222.68946798098312,88.56477905655325
outcome-lag-64,2,444,safe,416,67.4375,0.0,233.0606761586481,252.17557369755278,231.85759725127855,91.36818347640761
outcome-lag-64,2,444,safe,448,72.625,0.0,241.81833412559382,262.5536270002979,240.61525521822426,93.65222881934491
outcome-lag-64,2,444,safe,480,77.8125,0.0,250.21644890354966,272.3563659632087,249.0133699961801,95.64554009983824
outcome-lag-64,2,444,safe,512,83.0,0.0,258.295053735177,281.8592552876658,257.09197482780746,97.59552197797375
outcome-lag-64,2,444,known,32,0.0,21.25,61.0,61.0,61.0,28.95784615107519
outcome-lag-64,2,444,known,64,0.0,42.5,123.0,123.0,123.0,55.55436649372332
outcome-lag-64,2,444,known,96,0.0,63.75,182.59599021945434,180.60565448521626,180.60565448521626,77.5923839139698
outcome-lag-64,2,444,known,128,0.0,85.0,235.71795939191443,233.4364344304214,232.14607493134005,96.2144820202099
outcome-lag-64,2,444,known,160,0.0,106.25,281.61274280690435,281.62198818779655,277.1533443267689,110.86316405627993
outcome-lag-64,2,444,known,192,0.0,127.5,319.863627178204,321.5311912148431,313.8403794333351,120.29402169289703
outcome-lag-64,2,444,known,224,0.0,148.75,351.7511085655547,355.8964854056651,345.0693854632835,128.1503343631326
outcome-lag-64,2,444,known,256,0.0,170.0,380.70030654921163,388.05425771889105,374.0185834469404,135.2384061049031
outcome-lag-64,2,444,known,288,0.0,191.25,407.21779567650475,417.822285178286,400.5153436821065,141.62617867827987
outcome-lag-64,2,444,known,320,0.0,212.5,433.13106387951103,447.8314494272677,426.42618357067533,148.46596797296255
outcome-lag-64,2,444,known,352,0.0,233.75,456.39651254706166,474.2344628364238,449.69163223822596,153.83392635919006
outcome-lag-64,2,444,known,384,0.0,255.0,478.9721700036072,499.85576680909094,472.19695683198387,158.8728769247712
outcome-lag-64,2,444,known,416,0.0,276.25,501.44991597401327,526.4091703978954,494.65979355523916,164.78916128120517
outcome-lag-64,2,444,known,448,0.0,297.5,522.3793274995072,550.1233998009258,515.5892050807331,169.0483683545495
outcome-lag-64,2,444,known,480,0.0,318.75,543.1379373644678,573.5182258428035,536.3472892151157,173.1937997468566
outcome-lag-64,2,444,known,512,0.0,340.0,561.63049912974,594.4447662956438,554.7628656030353,176.82880476329112
outcome-lag-64,2,444,product,32,3.5,23.25,61.0,61.0,61.0,36.88203990345981
outcome-lag-64,2,444,product,64,7.0,46.5,123.0,123.0,123.0,72.69731446878818
outcome-lag-64,2,444,product,96,10.5,69.75,182.63775005119862,181.46235211881034,181.45512619360068,100.73566235889383
outcome-lag-64,2,444,product,128,14.0,93.0,231.35561500110228,235.29481166093393,230.15253609373283,123.0469861550242
outcome-lag-64,2,444,product,160,17.5,116.25,269.44551748400806,280.7903700056104,268.24243857663856,140.28860807910797
outcome-lag-64,2,444,product,192,21.0,139.5,301.49155805003824,319.7467998923767,300.28847914266873,153.7724704076142
outcome-lag-64,2,444,product,224,24.5,162.75,328.307934801745,352.732612743366,327.1048558943755,164.47097537939504
outcome-lag-64,2,444,product,256,28.0,186.0,352.4934133270977,382.4150062790345,351.2903344197282,173.37423284762983
outcome-lag-64,2,444,product,288,31.5,209.25,374.70560138001895,410.1620248426746,373.50252247264945,181.5799858710996
outcome-lag-64,2,444,product,320,35.0,232.5,396.16522013367285,437.29159115033065,394.96214122630334,189.59273713046073
outcome-lag-64,2,444,product,352,38.5,255.75,415.6686078059001,461.74843135956195,414.4655288985306,196.4652945440737
outcome-lag-64,2,444,product,384,42.0,279.0,434.43569628152744,485.5293915459623,433.23261737415794,203.14973323892025
outcome-lag-64,2,444,product,416,45.5,302.25,452.91028377694016,509.44435563162017,451.70720486957066,210.12658091066984
outcome-lag-64,2,444,product,448,49.0,325.5,470.57228046182496,531.7240442860443,469.36920155445546,216.1271109902051
outcome-lag-64,2,444,product,480,52.5,348.75,487.7628016271818,553.3205243439098,486.55972271981227,221.78235058960897
outcome-lag-64,2,444,product,512,56.0,372.0,503.22601206656554,573.0255442075028,502.02293315919604,227.0567711533962
single-blocker,2,444,prefix,32,0.1875,23.0,64.0,63.96821681185914,63.96821681185914,10.501572154167505
single-blocker,2,444,prefix,64,0.375,46.0,128.0,120.38388570923826,120.38388570923826,12.676557891307317
single-blocker,2,444,prefix,96,0.5625,69.0,192.0,167.5685323887643,167.5685323887643,13.966945919142804
single-blocker,2,444,prefix,128,0.75,92.0,256.0,207.21764942871428,207.21764942871428,14.85140084050635
single-blocker,2,444,prefix,160,0.9375,115.0,320.0,242.05174250574325,242.05174250574325,15.535890117517441
single-blocker,2,444,prefix,192,1.125,138.0,384.0,272.80587667444144,272.80587667444144,16.06862688418804
single-blocker,2,444,prefix,224,1.3125,161.0,448.0,301.09180966988043,301.09180966988043,16.521677387994824
single-blocker,2,444,prefix,256,1.5,184.0,512.0,327.90678011058,327.90678011058,16.931903194693167
single-blocker,2,444,prefix,288,1.6875,207.0,576.0,352.7655292221548,352.7655292221548,17.28384699689269
single-blocker,2,444,prefix,320,1.875,230.0,640.0,376.5992727506597,376.5992727506597,17.608879529587483
single-blocker,2,444,prefix,352,2.0625,253.0,704.0,398.9204019778077,398.9204019778077,17.893141094499388
single-blocker,2,444,prefix,384,2.25,276.0,768.0,420.3848573911563,420.3848573911563,18.156790367105955
single-blocker,2,444,prefix,416,2.4375,299.0,832.0,441.2720690508132,441.2720690508132,18.40732438930257
single-blocker,2,444,prefix,448,2.625,322.0,896.0,460.66968485844757,460.66968485844757,18.621593613478126
single-blocker,2,444,prefix,480,2.8125,345.0,960.0,479.68324305909937,479.68324305909937,18.828733653342663
single-blocker,2,444,prefix,512,3.0,368.0,1024.0,498.065539514691,498.065539514691,19.02248990258305
single-blocker,2,444,intersection,32,0.1875,23.0,64.0,63.96821681185914,63.96821681185914,10.501572154167505
single-blocker,2,444,intersection,64,0.375,46.0,128.0,120.38388570923826,120.38388570923826,12.676557891307317
single-blocker,2,444,intersection,96,0.5625,69.0,192.0,167.5685323887643,167.5685323887643,13.966945919142804
single-blocker,2,444,intersection,128,0.71484375,91.671875,255.0,206.59345607494163,206.59345607494163,14.837887326992837
single-blocker,2,444,intersection,160,0.7265625,113.03125,318.0,240.91880736904778,240.91880736904778,15.513543051350151
single-blocker,2,444,intersection,192,0.7265625,134.28125,381.0,271.289898743818,271.289898743818,16.041839746228334
single-blocker,2,444,intersection,224,0.7265625,155.53125,441.0,297.83782438001674,297.83782438001674,16.468634905988946
single-blocker,2,444,intersection,256,0.7265625,176.78125,501.0,323.06498451012897,323.06498451012897,16.85703860510941
single-blocker,2,444,intersection,288,0.7265625,198.03125,561.0,346.5384852548758,346.5384852548758,17.192875498101515
single-blocker,2,444,intersection,320,0.7265625,219.28125,623.0,369.84646606710027,369.84646606710027,17.514365033302422
single-blocker,2,444,intersection,352,0.7265625,240.53125,683.0,390.9714874719928,390.9714874719928,17.786981125388305
single-blocker,2,444,intersection,384,0.7265625,261.78125,744.0,411.66099486449116,411.66099486449116,18.044785512653068
single-blocker,2,444,intersection,416,0.7265625,283.03125,807.0,432.44173371558685,432.44173371558685,18.2970808900106
single-blocker,2,444,intersection,448,0.7265625,304.28125,870.0,451.9331307732466,451.9331307732466,18.517708007554077
single-blocker,2,444,intersection,480,0.7265625,325.53125,934.0,471.26427294605554,471.26427294605554,18.732183878575274
single-blocker,2,444,intersection,512,0.7265625,346.78125,994.0,488.6467114382698,488.6467114382698,18.91768213268261
single-blocker,2,444,completed,32,0.1875,23.0,64.0,63.96821681185914,63.96821681185914,10.501572154167505
single-blocker,2,444,completed,64,0.375,46.0,128.0,120.38388570923826,120.38388570923826,12.676557891307317
single-blocker,2,444,completed,96,1.009765625,68.3828125,191.0,167.01383011008656,167.01383011008656,13.957860706110218
single-blocker,2,444,completed,128,1.015625,89.6875,253.0,205.43484383176087,205.43484383176087,14.815083225453
single-blocker,2,444,completed,160,1.015625,110.9375,316.0,239.84154959948376,239.84154959948376,15.493550008759383
single-blocker,2,444,completed,192,1.015625,132.1875,379.0,270.36046327044096,270.36046327044096,16.027135778772056
single-blocker,2,444,completed,224,1.015625,153.4375,439.0,296.9870873196218,296.9870873196218,16.45637551866802
single-blocker,2,444,completed,256,1.015625,174.6875,499.0,322.23892050806626,322.23892050806626,16.84531804264472
single-blocker,2,444,completed,288,1.015625,195.9375,559.0,345.75601245864254,345.75601245864254,17.182339854210326
single-blocker,2,444,completed,320,1.015625,217.1875,621.0,369.0867002959178,369.0867002959178,17.50435115516778
single-blocker,2,444,completed,352,1.015625,238.4375,681.0,390.2460784176731,390.2460784176731,17.77784478930695
single-blocker,2,444,completed,384,1.015625,259.6875,742.0,410.9600775382887,410.9600775382887,18.036229319977
single-blocker,2,444,completed,416,1.015625,280.9375,805.0,431.7494610465175,431.7494610465175,18.288677994183285
single-blocker,2,444,completed,448,1.015625,302.1875,868.0,451.2872492972397,451.2872492972397,18.5104307735955
single-blocker,2,444,completed,480,1.015625,323.4375,932.0,470.64494326725315,470.64494326725315,18.725495194205735
single-blocker,2,444,completed,512,1.015625,344.6875,992.0,488.04375780188013,488.04375780188013,18.911332824721434
single-blocker,2,444,plugin,32,2.685546875,13.8046875,53.0,52.96821681185914,52.96821681185914,8.966797718077279
single-blocker,2,444,plugin,64,5.748046875,26.3046875,103.0,96.14413264044192,96.14413264044192,10.375047322722637
single-blocker,2,444,plugin,96,8.810546875,38.8046875,147.0,125.60535923892691,125.60535923892691,11.07431032261957
single-blocker,2,444,plugin,128,11.873046875,51.3046875,194.0,152.78008899173642,152.78008899173642,11.637727480421933
single-blocker,2,444,plugin,160,14.935546875,63.8046875,241.0,176.7059272867363,176.7059272867363,12.076761763216648
single-blocker,2,444,plugin,192,17.998046875,76.3046875,295.0,202.15024632737826,202.15024632737826,12.509482127347065
single-blocker,2,444,plugin,224,21.060546875,88.8046875,345.0,223.23546565453705,223.23546565453705,12.830284929486506
single-blocker,2,444,plugin,256,24.123046875,101.3046875,390.0,240.47763936651046,240.47763936651046,13.069030051083267
single-blocker,2,444,plugin,288,27.185546875,113.8046875,438.0,258.0629870071244,258.0629870071244,13.302682063969705
single-blocker,2,444,plugin,320,30.248046875,126.3046875,484.0,273.85020232998414,273.85020232998414,13.499484571833765
single-blocker,2,444,plugin,352,33.310546875,138.8046875,532.0,289.69793954617404,289.69793954617404,13.68996359217548
single-blocker,2,444,plugin,384,36.373046875,151.3046875,579.0,304.44806851366894,304.44806851366894,13.85866017872342
single-blocker,2,444,plugin,416,39.435546875,163.8046875,623.0,317.48734239744925,317.48734239744925,13.999581196469912
single-blocker,2,444,plugin,448,42.498046875,176.3046875,678.0,334.005773630581,334.005773630581,14.18085383268497
single-blocker,2,444,plugin,480,45.560546875,188.8046875,729.0,348.46334589047973,348.46334589047973,14.330473043911827
single-blocker,2,444,plugin,512,48.623046875,201.3046875,776.0,361.0947554624294,361.0947554624294,14.45438254965007
single-blocker,2,444,safe,32,5.1875,0.0,32.0,31.968216811859147,31.968216811859147,4.02724519543652
single-blocker,2,444,safe,64,10.375,0.0,64.0,57.42435623340214,57.42435623340214,4.7282659037057675
single-blocker,2,444,safe,96,15.5625,0.0,96.0,76.78319682780861,76.78319682780861,5.136346480888775
single-blocker,2,444,safe,128,20.75,0.0,128.0,93.03345515740088,93.03345515740088,5.425334592589174
single-blocker,2,444,safe,160,25.9375,0.0,160.0,107.31238195727079,107.31238195727079,5.649261224939744
single-blocker,2,444,safe,192,31.125,0.0,192.0,120.1978375468853,120.1978375468853,5.832104609707439
single-blocker,2,444,safe,224,36.3125,0.0,224.0,132.0310352083931,132.0310352083931,5.986627913082163
single-blocker,2,444,safe,256,41.5,0.0,256.0,143.03333360981438,143.03333360981438,6.120438712817281
single-blocker,2,444,safe,288,46.6875,0.0,288.0,153.35798108855585,153.35798108855585,6.238439029233648
single-blocker,2,444,safe,320,51.875,0.0,320.0,163.1162631808352,163.1162631808352,6.343973346894013
single-blocker,2,444,safe,352,57.0625,0.0,352.0,172.39200998111025,172.39200998111025,6.43942571339101
single-blocker,2,444,safe,384,62.25,0.0,384.0,181.25023096678382,181.25023096678382,6.5265555690159704
single-blocker,2,444,safe,416,67.4375,0.0,416.0,189.74254455085054,189.74254455085054,6.6066985205464555
single-blocker,2,444,safe,448,72.625,0.0,448.0,197.91074640079475,197.91074640079475,6.680892410683006
single-blocker,2,444,safe,480,77.8125,0.0,480.0,205.78924141297622,205.78924141297622,6.7499597404471405
single-blocker,2,444,safe,512,83.0,0.0,512.0,213.40675252840046,213.40675252840046,6.81456340954972
single-blocker,2,444,known,32,0.0,21.25,61.0,60.96821681185914,60.96821681185914,10.351321527601089
single-blocker,2,444,known,64,0.0,42.5,123.0,116.04745485487554,116.04745485487554,12.54818380526314
single-blocker,2,444,known,96,0.0,63.75,183.0,160.89819365740902,160.89819365740902,13.796729879774567
single-blocker,2,444,known,128,0.0,85.0,245.0,200.09578985385585,200.09578985385585,14.6916444469924
single-blocker,2,444,known,160,0.0,106.25,308.0,235.04743082855023,235.04743082855023,15.393640565766331
single-blocker,2,444,known,192,0.0,127.5,371.0,266.0791183188373,266.0791183188373,15.946982665623961
single-blocker,2,444,known,224,0.0,148.75,431.0,293.02873657987516,293.02873657987516,16.387619406075274
single-blocker,2,444,known,256,0.0,170.0,491.0,318.49456381343214,318.49456381343214,16.783746068176782
single-blocker,2,444,known,288,0.0,191.25,551.0,342.21835108235985,342.21835108235985,17.12727845108638
single-blocker,2,444,known,320,0.0,212.5,613.0,365.71473467579625,365.71473467579625,17.454287090223968
single-blocker,2,444,known,352,0.0,233.75,673.0,387.0276756346963,387.0276756346963,17.73217302619557
single-blocker,2,444,known,384,0.0,255.0,734.0,407.8719979037315,407.8719979037315,17.99414188814475
single-blocker,2,444,known,416,0.0,276.25,797.0,428.76431446581387,428.76431446581387,18.24933921785686
single-blocker,2,444,known,448,0.0,297.5,860.0,448.4446882664796,448.4446882664796,18.47469068883686
single-blocker,2,444,known,480,0.0,318.75,924.0,467.9118094870867,467.9118094870867,18.692417259873054
single-blocker,2,444,known,512,0.0,340.0,984.0,485.39108198449173,485.39108198449173,18.88015432087219
single-blocker,2,444,product,32,3.5,23.25,61.0,60.96821681185914,60.96821681185914,7.954416234402887
single-blocker,2,444,product,64,7.0,46.5,123.0,111.40296351353022,111.40296351353022,9.374520497448467
single-blocker,2,444,product,96,10.5,69.75,183.0,148.5096872336578,148.5096872336578,10.173712128332802
single-blocker,2,444,product,128,14.0,93.0,245.0,180.74367392418105,180.74367392418105,10.760444600446503
single-blocker,2,444,product,160,17.5,116.25,308.0,209.45747272509132,209.45747272509132,11.220306980764228
single-blocker,2,444,product,192,21.0,139.5,371.0,235.30364348612136,235.30364348612136,11.593910183534108
single-blocker,2,444,product,224,24.5,162.75,431.0,257.8911861492983,257.8911861492983,11.894144967502445
single-blocker,2,444,product,256,28.0,186.0,491.0,278.93128797254224,278.93128797254224,12.155110723312815
single-blocker,2,444,product,288,31.5,209.25,551.0,298.7033491702514,298.7033491702514,12.385906380851642
single-blocker,2,444,product,320,35.0,232.5,613.0,318.0339120031703,318.0339120031703,12.59965416547549
single-blocker,2,444,product,352,38.5,255.75,673.0,335.8050646935981,335.8050646935981,12.786524060285016
single-blocker,2,444,product,384,42.0,279.0,734.0,353.07533726156777,353.07533726156777,12.960275136700831
single-blocker,2,444,product,416,45.5,302.25,797.0,370.17857918931713,370.17857918931713,13.12540065054185
single-blocker,2,444,product,448,49.0,325.5,860.0,386.61025445543015,386.61025445543015,13.277917341765967
single-blocker,2,444,product,480,52.5,348.75,924.0,402.6954509910604,402.6954509910604,13.421873418934963
single-blocker,2,444,product,512,56.0,372.0,984.0,417.25187523587977,417.25187523587977,13.54769836394868
outcome-lag-64,4,444,prefix,32,0.0,21.0,64.0,64.0,64.0,20.192841333519667
outcome-lag-64,4,444,prefix,64,0.0,42.0,128.0,128.0,128.0,49.284534756624225
outcome-lag-64,4,444,prefix,96,0.0,63.0,191.75706163691405,190.38780303738224,190.38780303738224,73.94473753017174
outcome-lag-64,4,444,prefix,128,0.0,84.0,245.9565011873013,244.7593045892479,243.452371468448,90.62424826081468
outcome-lag-64,4,444,prefix,160,0.0,105.0,291.3383443578061,290.85842447050555,287.6696352860605,102.68438104278992
outcome-lag-64,4,444,prefix,192,0.0,126.0,328.9851071157181,331.54896879387667,325.26915506728534,112.98195156796677
outcome-lag-64,4,444,prefix,224,0.0,147.0,363.273948316911,369.5808613727288,359.55799626847823,122.35145252912557
outcome-lag-64,4,444,prefix,256,0.0,168.0,393.48775584247545,403.73011618898204,389.7718037940427,130.495733701997
outcome-lag-64,4,444,prefix,288,0.0,189.0,421.09637003179205,435.5492583665036,417.3804179833593,137.99220915536074
outcome-lag-64,4,444,prefix,320,0.0,210.0,447.36264237171446,465.5019956696289,443.6466903232817,144.50365579073934
outcome-lag-64,4,444,prefix,352,0.0,231.0,471.88388312262674,492.9575047716964,468.167931074194,149.83973016102564
outcome-lag-64,4,444,prefix,384,0.0,252.0,494.9127136731901,519.0470628074885,491.19676162475736,154.87316126181815
outcome-lag-64,4,444,prefix,416,0.0,273.0,517.1224500287553,544.7800007254007,513.4064979803226,160.19228060312838
outcome-lag-64,4,444,prefix,448,0.0,294.0,538.2920424337664,569.4932682574174,534.5760903853336,165.34221142604488
outcome-lag-64,4,444,prefix,480,0.0,315.0,558.6681945752931,593.144850308127,554.9522425268603,170.06090660895984
outcome-lag-64,4,444,prefix,512,0.0,336.0,578.0410799483986,615.547516472548,574.3251278999659,174.33648484167117
outcome-lag-64,4,444,intersection,32,0.0,21.0,64.0,64.0,64.0,20.192841333519667
outcome-lag-64,4,444,intersection,64,0.0,42.0,128.0,128.0,128.0,49.284534756624225
outcome-lag-64,4,444,intersection,96,0.0,63.0,191.75706163691405,190.38780303738224,190.38780303738224,73.94473753017174
outcome-lag-64,4,444,intersection,128,0.0,84.0,245.9565011873013,244.7593045892479,243.452371468448,90.62424826081468
outcome-lag-64,4,444,intersection,160,0.0,105.0,291.3383443578061,290.85842447050555,287.6696352860605,102.68438104278992
outcome-lag-64,4,444,intersection,192,0.0,126.0,328.9851071157181,331.54896879387667,325.26915506728534,112.98195156796677
outcome-lag-64,4,444,intersection,224,0.0,147.0,363.273948316911,369.5808613727288,359.55799626847823,122.35145252912557
outcome-lag-64,4,444,intersection,256,0.0,168.0,393.48775584247545,403.73011618898204,389.7718037940427,130.495733701997
outcome-lag-64,4,444,intersection,288,0.0,189.0,421.09637003179205,435.5492583665036,417.3804179833593,137.99220915536074
outcome-lag-64,4,444,intersection,320,0.0,210.0,447.36264237171446,465.5019956696289,443.6466903232817,144.50365579073934
outcome-lag-64,4,444,intersection,352,0.0,231.0,471.88388312262674,492.9575047716964,468.167931074194,149.83973016102564
outcome-lag-64,4,444,intersection,384,0.0,252.0,494.9127136731901,519.0470628074885,491.19676162475736,154.87316126181815
outcome-lag-64,4,444,intersection,416,0.0,273.0,517.1224500287553,544.7800007254007,513.4064979803226,160.19228060312838
outcome-lag-64,4,444,intersection,448,0.0,294.0,538.2920424337664,569.4932682574174,534.5760903853336,165.34221142604488
outcome-lag-64,4,444,intersection,480,0.0,315.0,558.6681945752931,593.144850308127,554.9522425268603,170.06090660895984
outcome-lag-64,4,444,intersection,512,0.0,336.0,578.0410799483986,615.547516472548,574.3251278999659,174.33648484167117
outcome-lag-64,4,444,completed,32,0.0,21.0,64.0,64.0,64.0,20.192841333519667
outcome-lag-64,4,444,completed,64,6.359375,27.5625,106.0,106.0,106.0,37.558951527515816
outcome-lag-64,4,444,completed,96,13.296875,32.8125,145.75706163691405,144.38780303738218,144.38780303738218,51.464111822903206
outcome-lag-64,4,444,completed,128,13.5859375,53.15625,200.58062194619973,199.9053423166889,198.55100965466008,65.57791937876212
outcome-lag-64,4,444,completed,160,13.5859375,74.15625,250.62098130401876,250.27627751437393,247.04008878869988,78.61995609840554
outcome-lag-64,4,444,completed,192,13.5859375,95.15625,294.3085069899959,295.8099740825218,290.27593656491035,90.74643126582214
outcome-lag-64,4,444,completed,224,13.5859375,116.15625,333.28413502412354,337.74408120386715,329.1379706237532,101.55677721962782
outcome-lag-64,4,444,completed,256,13.5859375,137.15625,366.4400894643236,374.56760275627977,362.2939250639532,110.62432166273425
outcome-lag-64,4,444,completed,288,13.5859375,158.15625,396.175047198424,408.6122695881387,392.02888279805364,118.9440159354771
outcome-lag-64,4,444,completed,320,13.5859375,179.15625,424.2542612505588,440.49660570838034,420.1080968501884,126.13736221410865
outcome-lag-64,4,444,completed,352,13.5859375,200.15625,450.2219771311164,469.4201692160117,446.075812730746,131.9123198296363
outcome-lag-64,4,444,completed,384,13.5859375,221.15625,474.4150309778401,496.7697730978889,470.26886657746974,137.3288884354552
outcome-lag-64,4,444,completed,416,13.5859375,242.15625,497.6643605188291,523.7071042045487,493.5181961184587,143.05717827273008
outcome-lag-64,4,444,completed,448,13.5859375,263.15625,519.726606339803,549.4534600028006,515.5804419394326,148.5481199632485
outcome-lag-64,4,444,completed,480,13.5859375,284.15625,540.8921466327103,573.9947846058872,536.7459822323399,153.53385487983152
outcome-lag-64,4,444,completed,512,13.5859375,305.15625,560.932098661954,597.1632822940892,556.7859342615836,158.03327468548767
outcome-lag-64,4,444,plugin,32,1.046875,12.5625,53.0,53.0,53.0,16.399407144729448
outcome-lag-64,4,444,plugin,64,2.046875,21.5625,102.0,102.0,102.0,38.374209916475984
outcome-lag-64,4,444,plugin,96,3.01953125,30.890625,151.75706163691405,150.38780303738224,150.38780303738224,58.467500938546635
outcome-lag-64,4,444,plugin,128,3.94140625,40.828125,193.7901867115013,192.8550055846229,191.5480724638229,72.11332640091534
outcome-lag-64,4,444,plugin,160,4.92578125,50.015625,224.75215915595996,225.3621985907312,222.17340940628605,81.57489396354993
outcome-lag-64,4,444,plugin,192,5.80078125,60.515625,254.954438153007,258.5580622828019,252.3756884033331,90.73235949894924
outcome-lag-64,4,444,plugin,224,6.67578125,71.015625,277.283965520111,284.11599131360344,274.7052157704371,97.67431182501535
outcome-lag-64,4,444,plugin,256,7.55078125,81.515625,301.1969356433518,311.20450131997245,298.61818589367795,104.21085845580791
outcome-lag-64,4,444,plugin,288,8.42578125,92.015625,323.54486825609524,336.95375164950804,320.96611850642137,110.35770044048907
outcome-lag-64,4,444,plugin,320,9.30078125,102.515625,342.16323505516,358.2953788773658,339.5844853054861,115.21511088478043
outcome-lag-64,4,444,plugin,352,10.17578125,113.015625,360.4030457604779,378.8170785579661,357.824296010804,119.29396759347333
outcome-lag-64,4,444,plugin,384,11.05078125,123.515625,377.98722998165755,398.8237542257831,375.4084802319837,123.25123322248719
outcome-lag-64,4,444,plugin,416,11.92578125,134.015625,393.64311099906286,417.08983394355477,391.064361249389,127.1766900209737
outcome-lag-64,4,444,plugin,448,12.80078125,144.515625,408.93721604381966,435.19989976407686,406.3584662941458,131.1444122462217
outcome-lag-64,4,444,plugin,480,13.67578125,155.015625,423.24428276848295,452.0515097993237,420.66553301880907,134.668556660614
outcome-lag-64,4,444,plugin,512,14.55078125,165.515625,438.0251353076559,469.3441218335084,435.446385557982,138.1340106189395
outcome-lag-64,4,444,safe,32,9.25,0.0,32.0,32.0,32.0,8.72842396124626
outcome-lag-64,4,444,safe,64,18.5,0.0,64.0,64.0,64.0,20.13660932644801
outcome-lag-64,4,444,safe,96,27.75,0.0,95.75706163691405,94.38780303738218,94.38780303738218,32.018710710583704
outcome-lag-64,4,444,safe,128,37.0,0.0,120.24207385366394,120.07613802807894,118.76920490727896,41.74577548338852
outcome-lag-64,4,444,safe,160,46.25,0.0,139.10781320135013,140.82373343941043,137.63494425496518,48.43837072720071
outcome-lag-64,4,444,safe,192,55.5,0.0,154.9742619383942,158.7515221461271,153.50139299200924,53.66354722907043
outcome-lag-64,4,444,safe,224,64.75,0.0,168.98218399063686,175.13786892887012,167.5093150442519,58.37121965368029
outcome-lag-64,4,444,safe,256,74.0,0.0,181.63926603838598,190.43986551580605,180.16639709200103,62.80472863893007
outcome-lag-64,4,444,safe,288,83.25,0.0,193.29314608592364,204.21370268223228,191.8202771395387,66.37191864303122
outcome-lag-64,4,444,safe,320,92.5,0.0,204.12571209084712,216.76524250399444,202.65284314446217,69.27071069017447
outcome-lag-64,4,444,safe,352,101.75,0.0,214.30511813489466,228.66324711956477,212.8322491885097,71.98842087196664
outcome-lag-64,4,444,safe,384,111.0,0.0,223.93472069291738,239.88456363116404,222.46185174653243,74.43864625351725
outcome-lag-64,4,444,safe,416,120.25,0.0,233.10040598368658,250.61129102310016,231.62753703730164,76.75320301291723
outcome-lag-64,4,444,safe,448,129.5,0.0,241.8592552437669,261.1009939659763,240.38638629738196,79.14889799598545
outcome-lag-64,4,444,safe,480,138.75,0.0,250.26312743697184,271.315206729155,248.7902584905869,81.55368307674698
outcome-lag-64,4,444,safe,512,148.0,0.0,258.3495296672279,281.0084818064096,256.87666072084306,83.69405070767988
outcome-lag-64,4,444,known,32,0.0,21.0,64.0,64.0,64.0,20.192841333519667
outcome-lag-64,4,444,known,64,0.0,42.0,128.0,128.0,128.0,49.284534756624225
outcome-lag-64,4,444,known,96,0.0,63.0,191.75706163691405,190.38780303738224,190.38780303738224,73.94473753017174
outcome-lag-64,4,444,known,128,0.0,84.0,245.9565011873013,244.7593045892479,243.452371468448,90.62424826081468
outcome-lag-64,4,444,known,160,0.0,105.0,291.3383443578061,290.85842447050555,287.6696352860605,102.68438104278992
outcome-lag-64,4,444,known,192,0.0,126.0,328.9851071157181,331.54896879387667,325.26915506728534,112.98195156796677
outcome-lag-64,4,444,known,224,0.0,147.0,363.273948316911,369.5808613727288,359.55799626847823,122.35145252912557
outcome-lag-64,4,444,known,256,0.0,168.0,393.48775584247545,403.73011618898204,389.7718037940427,130.495733701997
outcome-lag-64,4,444,known,288,0.0,189.0,421.09637003179205,435.5492583665036,417.3804179833593,137.99220915536074
outcome-lag-64,4,444,known,320,0.0,210.0,447.36264237171446,465.5019956696289,443.6466903232817,144.50365579073934
outcome-lag-64,4,444,known,352,0.0,231.0,471.88388312262674,492.9575047716964,468.167931074194,149.83973016102564
outcome-lag-64,4,444,known,384,0.0,252.0,494.9127136731901,519.0470628074885,491.19676162475736,154.87316126181815
outcome-lag-64,4,444,known,416,0.0,273.0,517.1224500287553,544.7800007254007,513.4064979803226,160.19228060312838
outcome-lag-64,4,444,known,448,0.0,294.0,538.2920424337664,569.4932682574174,534.5760903853336,165.34221142604488
outcome-lag-64,4,444,known,480,0.0,315.0,558.6681945752931,593.144850308127,554.9522425268603,170.06090660895984
outcome-lag-64,4,444,known,512,0.0,336.0,578.0410799483986,615.547516472548,574.3251278999659,174.33648484167117
outcome-lag-64,4,444,product,32,0.0,21.0,64.0,64.0,64.0,20.192841333519667
outcome-lag-64,4,444,product,64,0.0,42.0,128.0,128.0,128.0,49.284534756624225
outcome-lag-64,4,444,product,96,0.0,63.0,191.75706163691405,190.38780303738224,190.38780303738224,73.94473753017174
outcome-lag-64,4,444,product,128,0.0,84.0,245.9565011873013,244.7593045892479,243.452371468448,90.62424826081468
outcome-lag-64,4,444,product,160,0.0,105.0,291.3383443578061,290.85842447050555,287.6696352860605,102.68438104278992
outcome-lag-64,4,444,product,192,0.0,126.0,328.9851071157181,331.54896879387667,325.26915506728534,112.98195156796677
outcome-lag-64,4,444,product,224,0.0,147.0,363.273948316911,369.5808613727288,359.55799626847823,122.35145252912557
outcome-lag-64,4,444,product,256,0.0,168.0,393.48775584247545,403.73011618898204,389.7718037940427,130.495733701997
outcome-lag-64,4,444,product,288,0.0,189.0,421.09637003179205,435.5492583665036,417.3804179833593,137.99220915536074
outcome-lag-64,4,444,product,320,0.0,210.0,447.36264237171446,465.5019956696289,443.6466903232817,144.50365579073934
outcome-lag-64,4,444,product,352,0.0,231.0,471.88388312262674,492.9575047716964,468.167931074194,149.83973016102564
outcome-lag-64,4,444,product,384,0.0,252.0,494.9127136731901,519.0470628074885,491.19676162475736,154.87316126181815
outcome-lag-64,4,444,product,416,0.0,273.0,517.1224500287553,544.7800007254007,513.4064979803226,160.19228060312838
outcome-lag-64,4,444,product,448,0.0,294.0,538.2920424337664,569.4932682574174,534.5760903853336,165.34221142604488
outcome-lag-64,4,444,product,480,0.0,315.0,558.6681945752931,593.144850308127,554.9522425268603,170.06090660895984
outcome-lag-64,4,444,product,512,0.0,336.0,578.0410799483986,615.547516472548,574.3251278999659,174.33648484167117
single-blocker,4,444,prefix,32,0.0,21.0,64.0,63.96821681185914,63.96821681185914,10.553953106548455
single-blocker,4,444,prefix,64,0.0,42.0,128.0,120.68345867134032,120.68345867134032,12.716100453728984
single-blocker,4,444,prefix,96,0.0,63.0,192.0,167.73368453341425,167.73368453341425,13.975717848967356
single-blocker,4,444,prefix,128,0.0,84.0,256.0,206.79911477886023,206.79911477886023,14.832040469195498
single-blocker,4,444,prefix,160,0.0,105.0,320.0,241.5199350184815,241.5199350184815,15.513873609534283
single-blocker,4,444,prefix,192,0.0,126.0,384.0,272.45427212192607,272.45427212192607,16.05523691478448
single-blocker,4,444,prefix,224,0.0,147.0,448.0,301.6010752552382,301.6010752552382,16.539648430403055
single-blocker,4,444,prefix,256,0.0,168.0,512.0,328.0014334534057,328.0014334534057,16.935032985188787
single-blocker,4,444,prefix,288,0.0,189.0,576.0,352.6699226062634,352.6699226062634,17.2808554138889
single-blocker,4,444,prefix,320,0.0,210.0,640.0,376.4343473072177,376.4343473072177,17.603989447096378
single-blocker,4,444,prefix,352,0.0,231.0,704.0,398.84067612187584,398.84067612187584,17.890883529973443
single-blocker,4,444,prefix,384,0.0,252.0,768.0,420.15651258168396,420.15651258168396,18.150593054781915
single-blocker,4,444,prefix,416,0.0,273.0,832.0,440.8151678503872,440.8151678503872,18.39542974688309
single-blocker,4,444,prefix,448,0.0,294.0,896.0,460.6029918239959,460.6029918239959,18.61991701139168
single-blocker,4,444,prefix,480,0.0,315.0,960.0,479.74622537658263,479.74622537658263,18.830263696183867
single-blocker,4,444,prefix,512,0.0,336.0,1024.0,498.06553951469107,498.06553951469107,19.02248990258306
single-blocker,4,444,intersection,32,0.0,21.0,64.0,63.96821681185914,63.96821681185914,10.553953106548455
single-blocker,4,444,intersection,64,0.0,42.0,128.0,120.68345867134032,120.68345867134032,12.716100453728984
single-blocker,4,444,intersection,96,0.0,63.0,192.0,167.73368453341425,167.73368453341425,13.975717848967356
single-blocker,4,444,intersection,128,0.0,84.0,256.0,206.79911477886023,206.79911477886023,14.832040469195498
single-blocker,4,444,intersection,160,0.0,105.0,320.0,241.5199350184815,241.5199350184815,15.513873609534283
single-blocker,4,444,intersection,192,0.0,126.0,384.0,272.45427212192607,272.45427212192607,16.05523691478448
single-blocker,4,444,intersection,224,0.0,147.0,448.0,301.6010752552382,301.6010752552382,16.539648430403055
single-blocker,4,444,intersection,256,0.0,168.0,512.0,328.0014334534057,328.0014334534057,16.935032985188787
single-blocker,4,444,intersection,288,0.0,189.0,576.0,352.6699226062634,352.6699226062634,17.2808554138889
single-blocker,4,444,intersection,320,0.0,210.0,640.0,376.4343473072177,376.4343473072177,17.603989447096378
single-blocker,4,444,intersection,352,0.0,231.0,704.0,398.84067612187584,398.84067612187584,17.890883529973443
single-blocker,4,444,intersection,384,0.0,252.0,768.0,420.15651258168396,420.15651258168396,18.150593054781915
single-blocker,4,444,intersection,416,0.0,273.0,832.0,440.8151678503872,440.8151678503872,18.39542974688309
single-blocker,4,444,intersection,448,0.0,294.0,896.0,460.6029918239959,460.6029918239959,18.61991701139168
single-blocker,4,444,intersection,480,0.0,315.0,960.0,479.74622537658263,479.74622537658263,18.830263696183867
single-blocker,4,444,intersection,512,0.0,336.0,1024.0,498.06553951469107,498.06553951469107,19.02248990258306
single-blocker,4,444,completed,32,0.0,21.0,64.0,63.96821681185914,63.96821681185914,10.553953106548455
single-blocker,4,444,completed,64,0.0,42.0,128.0,120.68345867134032,120.68345867134032,12.716100453728984
single-blocker,4,444,completed,96,0.0,63.0,192.0,167.73368453341425,167.73368453341425,13.975717848967356
single-blocker,4,444,completed,128,0.0,84.0,256.0,206.79911477886023,206.79911477886023,14.832040469195498
single-blocker,4,444,completed,160,0.0,105.0,320.0,241.5199350184815,241.5199350184815,15.513873609534283
single-blocker,4,444,completed,192,0.0,126.0,384.0,272.45427212192607,272.45427212192607,16.05523691478448
single-blocker,4,444,completed,224,0.0,147.0,448.0,301.6010752552382,301.6010752552382,16.539648430403055
single-blocker,4,444,completed,256,0.0,168.0,512.0,328.0014334534057,328.0014334534057,16.935032985188787
single-blocker,4,444,completed,288,0.0,189.0,576.0,352.6699226062634,352.6699226062634,17.2808554138889
single-blocker,4,444,completed,320,0.0,210.0,640.0,376.4343473072177,376.4343473072177,17.603989447096378
single-blocker,4,444,completed,352,0.0,231.0,704.0,398.84067612187584,398.84067612187584,17.890883529973443
single-blocker,4,444,completed,384,0.0,252.0,768.0,420.15651258168396,420.15651258168396,18.150593054781915
single-blocker,4,444,completed,416,0.0,273.0,832.0,440.8151678503872,440.8151678503872,18.39542974688309
single-blocker,4,444,completed,448,0.0,294.0,896.0,460.6029918239959,460.6029918239959,18.61991701139168
single-blocker,4,444,completed,480,0.0,315.0,960.0,479.74622537658263,479.74622537658263,18.830263696183867
single-blocker,4,444,completed,512,0.0,336.0,1024.0,498.06553951469107,498.06553951469107,19.02248990258306
single-blocker,4,444,plugin,32,0.28125,17.625,61.0,60.96821681185914,60.96821681185914,10.217841995437343
single-blocker,4,444,plugin,64,1.15625,28.125,112.0,104.6834586713403,104.6834586713403,11.574666085499288
single-blocker,4,444,plugin,96,2.03125,38.625,161.0,137.3414190064131,137.3414190064131,12.34067297852915
single-blocker,4,444,plugin,128,2.90625,49.125,214.0,167.42700048686646,167.42700048686646,12.945692273723216
single-blocker,4,444,plugin,160,3.78125,59.625,264.0,192.0955787850793,192.0955787850793,13.378464848685656
single-blocker,4,444,plugin,192,4.65625,70.125,317.0,215.90805631366538,215.90805631366538,13.760071760421905
single-blocker,4,444,plugin,224,5.53125,80.625,363.0,234.4753409650892,234.4753409650892,14.028076394205277
single-blocker,4,444,plugin,256,6.40625,91.125,416.0,254.92379415139942,254.92379415139942,14.311098960874588
single-blocker,4,444,plugin,288,7.28125,101.625,470.0,274.4554288081728,274.4554288081728,14.564690820542362
single-blocker,4,444,plugin,320,8.15625,112.125,519.0,290.92875209352457,290.92875209352457,14.763699497364351
single-blocker,4,444,plugin,352,9.03125,122.625,570.0,307.35933604504095,307.35933604504095,14.954223209845738
single-blocker,4,444,plugin,384,9.90625,133.125,622.0,323.40213952230266,323.40213952230266,15.132532197358035
single-blocker,4,444,plugin,416,10.78125,143.625,671.0,337.75565011544234,337.75565011544234,15.28413400751868
single-blocker,4,444,plugin,448,11.65625,154.125,721.0,351.9109511498297,351.9109511498297,15.428807065314844
single-blocker,4,444,plugin,480,12.53125,164.625,770.0,365.2574069754614,365.2574069754614,15.560165521598178
single-blocker,4,444,plugin,512,13.40625,175.125,822.0,379.0982134507602,379.0982134507602,15.693406691842576
single-blocker,4,444,safe,32,9.25,0.0,32.0,31.968216811859147,31.968216811859147,4.02724519543652
single-blocker,4,444,safe,64,18.5,0.0,64.0,57.42435623340214,57.42435623340214,4.7282659037057675
single-blocker,4,444,safe,96,27.75,0.0,96.0,76.78319682780861,76.78319682780861,5.136346480888775
single-blocker,4,444,safe,128,37.0,0.0,128.0,93.03345515740088,93.03345515740088,5.425334592589174
single-blocker,4,444,safe,160,46.25,0.0,160.0,107.31238195727079,107.31238195727079,5.649261224939744
single-blocker,4,444,safe,192,55.5,0.0,192.0,120.1978375468853,120.1978375468853,5.832104609707439
single-blocker,4,444,safe,224,64.75,0.0,224.0,132.0310352083931,132.0310352083931,5.986627913082163
single-blocker,4,444,safe,256,74.0,0.0,256.0,143.03333360981438,143.03333360981438,6.120438712817281
single-blocker,4,444,safe,288,83.25,0.0,288.0,153.35798108855585,153.35798108855585,6.238439029233648
single-blocker,4,444,safe,320,92.5,0.0,320.0,163.1162631808352,163.1162631808352,6.343973346894013
single-blocker,4,444,safe,352,101.75,0.0,352.0,172.39200998111025,172.39200998111025,6.43942571339101
single-blocker,4,444,safe,384,111.0,0.0,384.0,181.25023096678382,181.25023096678382,6.5265555690159704
single-blocker,4,444,safe,416,120.25,0.0,416.0,189.74254455085054,189.74254455085054,6.6066985205464555
single-blocker,4,444,safe,448,129.5,0.0,448.0,197.91074640079475,197.91074640079475,6.680892410683006
single-blocker,4,444,safe,480,138.75,0.0,480.0,205.78924141297622,205.78924141297622,6.7499597404471405
single-blocker,4,444,safe,512,148.0,0.0,512.0,213.40675252840046,213.40675252840046,6.81456340954972
single-blocker,4,444,known,32,0.0,21.0,64.0,63.96821681185914,63.96821681185914,10.553953106548455
single-blocker,4,444,known,64,0.0,42.0,128.0,120.68345867134032,120.68345867134032,12.716100453728984
single-blocker,4,444,known,96,0.0,63.0,192.0,167.73368453341425,167.73368453341425,13.975717848967356
single-blocker,4,444,known,128,0.0,84.0,256.0,206.79911477886023,206.79911477886023,14.832040469195498
single-blocker,4,444,known,160,0.0,105.0,320.0,241.5199350184815,241.5199350184815,15.513873609534283
single-blocker,4,444,known,192,0.0,126.0,384.0,272.45427212192607,272.45427212192607,16.05523691478448
single-blocker,4,444,known,224,0.0,147.0,448.0,301.6010752552382,301.6010752552382,16.539648430403055
single-blocker,4,444,known,256,0.0,168.0,512.0,328.0014334534057,328.0014334534057,16.935032985188787
single-blocker,4,444,known,288,0.0,189.0,576.0,352.6699226062634,352.6699226062634,17.2808554138889
single-blocker,4,444,known,320,0.0,210.0,640.0,376.4343473072177,376.4343473072177,17.603989447096378
single-blocker,4,444,known,352,0.0,231.0,704.0,398.84067612187584,398.84067612187584,17.890883529973443
single-blocker,4,444,known,384,0.0,252.0,768.0,420.15651258168396,420.15651258168396,18.150593054781915
single-blocker,4,444,known,416,0.0,273.0,832.0,440.8151678503872,440.8151678503872,18.39542974688309
single-blocker,4,444,known,448,0.0,294.0,896.0,460.6029918239959,460.6029918239959,18.61991701139168
single-blocker,4,444,known,480,0.0,315.0,960.0,479.74622537658263,479.74622537658263,18.830263696183867
single-blocker,4,444,known,512,0.0,336.0,1024.0,498.06553951469107,498.06553951469107,19.02248990258306
single-blocker,4,444,product,32,0.0,21.0,64.0,63.96821681185914,63.96821681185914,10.553953106548455
single-blocker,4,444,product,64,0.0,42.0,128.0,120.68345867134032,120.68345867134032,12.716100453728984
single-blocker,4,444,product,96,0.0,63.0,192.0,167.73368453341425,167.73368453341425,13.975717848967356
single-blocker,4,444,product,128,0.0,84.0,256.0,206.79911477886023,206.79911477886023,14.832040469195498
single-blocker,4,444,product,160,0.0,105.0,320.0,241.5199350184815,241.5199350184815,15.513873609534283
single-blocker,4,444,product,192,0.0,126.0,384.0,272.45427212192607,272.45427212192607,16.05523691478448
single-blocker,4,444,product,224,0.0,147.0,448.0,301.6010752552382,301.6010752552382,16.539648430403055
single-blocker,4,444,product,256,0.0,168.0,512.0,328.0014334534057,328.0014334534057,16.935032985188787
single-blocker,4,444,product,288,0.0,189.0,576.0,352.6699226062634,352.6699226062634,17.2808554138889
single-blocker,4,444,product,320,0.0,210.0,640.0,376.4343473072177,376.4343473072177,17.603989447096378
single-blocker,4,444,product,352,0.0,231.0,704.0,398.84067612187584,398.84067612187584,17.890883529973443
single-blocker,4,444,product,384,0.0,252.0,768.0,420.15651258168396,420.15651258168396,18.150593054781915
single-blocker,4,444,product,416,0.0,273.0,832.0,440.8151678503872,440.8151678503872,18.39542974688309
single-blocker,4,444,product,448,0.0,294.0,896.0,460.6029918239959,460.6029918239959,18.61991701139168
single-blocker,4,444,product,480,0.0,315.0,960.0,479.74622537658263,479.74622537658263,18.830263696183867
single-blocker,4,444,product,512,0.0,336.0,1024.0,498.06553951469107,498.06553951469107,19.02248990258306
outcome-lag-64,6,444,prefix,32,1.3125,19.0,64.0,64.0,64.0,32.12736047277592
outcome-lag-64,6,444,prefix,64,2.625,38.0,128.0,128.0,128.0,66.79310048695315
outcome-lag-64,6,444,prefix,96,3.9375,57.0,191.7266299445559,189.14758852841337,189.14758852841337,96.38360191687347
outcome-lag-64,6,444,prefix,128,5.25,76.0,247.48976295548718,243.57660425924288,242.78634019834996,112.92510463765558
outcome-lag-64,6,444,prefix,160,6.5625,95.0,292.1536069847077,292.323287654906,286.36027584230357,128.19780018804065
outcome-lag-64,6,444,prefix,192,7.875,114.0,330.6635370505802,334.9391401311807,323.9920562035968,139.7876970539473
outcome-lag-64,6,444,prefix,224,9.1875,133.0,364.38596912954966,373.1913671055517,356.7845227026198,149.7912598738554
outcome-lag-64,6,444,prefix,256,10.0078125,147.40625,392.4119388243,405.8247804357144,384.3386849752274,158.3233517582636
outcome-lag-64,6,444,prefix,288,10.0078125,154.15625,414.489965710353,433.1233350237429,406.41671186128036,166.3438635491865
outcome-lag-64,6,444,prefix,320,10.0078125,160.90625,431.5172775526627,453.8207758294987,423.44402370359006,171.91335452821468
outcome-lag-64,6,444,prefix,352,10.0078125,167.65625,449.5533432734928,475.63442173131153,441.4800894244202,177.43332723303882
outcome-lag-64,6,444,prefix,384,10.0078125,174.40625,465.4110585550871,494.92714439091276,457.3378047060145,182.2149701061615
outcome-lag-64,6,444,prefix,416,10.0078125,181.15625,481.25319972545077,514.3892976864935,473.17994587637816,187.04899159448982
outcome-lag-64,6,444,prefix,448,10.0078125,187.90625,497.1893164453001,533.8936199923367,489.11606259622744,191.8197058642279
outcome-lag-64,6,444,prefix,480,10.0078125,194.65625,513.2191780444102,553.4636172209971,505.1459241953375,196.56481480537977
outcome-lag-64,6,444,prefix,512,10.0078125,201.40625,528.6062110666005,572.0512564142463,520.5329572175275,200.85233685711228
outcome-lag-64,6,444,intersection,32,1.3125,19.0,64.0,64.0,64.0,32.12736047277592
outcome-lag-64,6,444,intersection,64,2.625,38.0,128.0,128.0,128.0,66.79310048695315
outcome-lag-64,6,444,intersection,96,3.9375,57.0,191.7266299445559,189.14758852841337,189.14758852841337,96.38360191687347
outcome-lag-64,6,444,intersection,128,5.25,76.0,247.48976295548718,243.57660425924288,242.78634019834996,112.92510463765558
outcome-lag-64,6,444,intersection,160,6.5625,95.0,292.1536069847077,292.323287654906,286.36027584230357,128.19780018804065
outcome-lag-64,6,444,intersection,192,7.875,114.0,330.6635370505802,334.9391401311807,323.9920562035968,139.7876970539473
outcome-lag-64,6,444,intersection,224,8.61328125,127.640625,360.4369609979423,369.6040116004052,353.1971671974734,149.57397291619108
outcome-lag-64,6,444,intersection,256,8.61328125,134.390625,382.82387173635254,397.0701733963704,375.5840779358836,157.79092229782566
outcome-lag-64,6,444,intersection,288,8.61328125,141.140625,404.9018986224055,424.36872798439896,397.66210482193657,165.81143408874857
outcome-lag-64,6,444,intersection,320,8.61328125,147.890625,421.9292104647152,445.06616879015473,414.68941666424627,171.38092506777676
outcome-lag-64,6,444,intersection,352,8.61328125,154.640625,439.96527618554535,466.87981469196757,432.7254823850764,176.9008977726009
outcome-lag-64,6,444,intersection,384,8.61328125,161.390625,455.8229914671396,486.1725373515688,448.5831976666707,181.68254064572358
outcome-lag-64,6,444,intersection,416,8.61328125,168.140625,471.6651326375033,505.63469064714957,464.42533883703436,186.5165621340519
outcome-lag-64,6,444,intersection,448,8.61328125,174.890625,487.60124935735263,525.139012952993,480.36145555688364,191.28727640378997
outcome-lag-64,6,444,intersection,480,8.61328125,181.640625,503.6311109564627,544.7090101816534,496.3913171559937,196.03238534494184
outcome-lag-64,6,444,intersection,512,8.61328125,188.390625,519.0181439786529,563.2966493749026,511.77835017818404,200.31990739667435
outcome-lag-64,6,444,completed,32,1.3125,19.0,64.0,64.0,64.0,32.12736047277592
outcome-lag-64,6,444,completed,64,6.84375,32.0625,118.0,118.0,118.0,60.55579896319053
outcome-lag-64,6,444,completed,96,17.015625,38.59375,160.7266299445559,158.14758852841337,158.14758852841337,75.47049293232695
outcome-lag-64,6,444,completed,128,18.328125,57.59375,216.8754202860213,213.3256388848655,212.83925390672488,89.4693661970505
outcome-lag-64,6,444,completed,160,19.640625,76.59375,266.1826123395417,264.9355787972584,261.1808472822145,105.61490570364305
outcome-lag-64,6,444,completed,192,20.953125,95.59375,308.27658509994006,310.6133213953951,302.10414181695523,118.61466181195773
outcome-lag-64,6,444,completed,224,21.4453125,106.9375,339.3030845211031,346.7167864525601,332.6778078089669,129.22596644387679
outcome-lag-64,6,444,completed,256,21.9375,118.28125,366.2090828195426,378.7902959626478,359.49227019030087,138.25874467869122
outcome-lag-64,6,444,completed,288,21.9375,125.03125,389.543185568692,407.6745044764461,382.8263729394503,147.07241369370928
outcome-lag-64,6,444,completed,320,22.142578125,133.6953125,408.35039052643106,430.3465748441606,401.63357789718935,153.04261891379738
outcome-lag-64,6,444,completed,352,22.142578125,140.4453125,427.0768560035119,453.0309768923487,420.3600433742702,158.93322991099578
outcome-lag-64,6,444,completed,384,22.142578125,147.1953125,443.41059805516767,472.90879507493656,436.69378542592597,163.9327694358623
outcome-lag-64,6,444,completed,416,22.142578125,153.9453125,459.7124719803197,492.9504826189257,452.995659351078,168.98048464164762
outcome-lag-64,6,444,completed,448,22.142578125,160.6953125,476.10697839670934,513.0746455224464,469.3901657674677,174.01233669333226
outcome-lag-64,6,444,completed,480,22.142578125,167.4453125,492.58986405625905,533.2679982391495,485.8730514270174,179.0333155797816
outcome-lag-64,6,444,completed,512,22.142578125,174.1953125,508.3713776186225,552.3995666767503,501.65456498938084,183.5573998169111
outcome-lag-64,6,444,plugin,32,0.21875,8.625,52.0,52.0,52.0,27.743486013901457
outcome-lag-64,6,444,plugin,64,0.65625,14.125,100.0,100.0,100.0,57.104915537148806
outcome-lag-64,6,444,plugin,96,0.765625,20.5625,155.7266299445559,153.1475885284133,153.1475885284133,84.02306732040222
outcome-lag-64,6,444,plugin,128,0.765625,27.3125,194.8416710948517,191.78240127687516,191.26226710756498,98.74678805895145
outcome-lag-64,6,444,plugin,160,0.765625,34.0625,230.71696736602448,232.72040277186002,227.13756337873775,113.03027776611084
outcome-lag-64,6,444,plugin,192,0.765625,40.8125,257.13221682640244,264.12197639419634,253.55281283911566,123.42083447831857
outcome-lag-64,6,444,plugin,224,0.765625,47.5625,281.49196939444545,293.96291023998435,277.9125654071586,132.92692711409254
outcome-lag-64,6,444,plugin,256,0.765625,54.3125,304.06805118197525,321.64867854186434,300.4886471946884,141.24261092339418
outcome-lag-64,6,444,plugin,288,0.765625,61.0625,326.32000032957984,349.171305541522,322.740596342293,149.3731734876971
outcome-lag-64,6,444,plugin,320,0.765625,67.8125,343.4364474857617,369.98696110163013,339.8570434984748,154.99913733023476
outcome-lag-64,6,444,plugin,352,0.765625,74.5625,361.5717814125694,391.92685748970683,357.99237742528254,160.57193737693854
outcome-lag-64,6,444,plugin,384,0.765625,81.3125,377.49887055019207,411.3052754537084,373.9194665629052,165.3849569518382
outcome-lag-64,6,444,plugin,416,0.765625,88.0625,393.40862353784973,430.8529084409046,389.82921955056287,170.2500084895788
outcome-lag-64,6,444,plugin,448,0.765625,94.8125,409.4125538657246,450.4491538264965,405.8331498784377,175.05894806616448
outcome-lag-64,6,444,plugin,480,0.765625,101.5625,425.50979755801586,470.11212208646833,421.930393570729,179.84472696706857
outcome-lag-64,6,444,plugin,512,0.765625,108.3125,440.95588402696654,488.7813466894805,437.3764800396797,184.16734833236598
outcome-lag-64,6,444,safe,32,14.8125,0.0,32.0,32.0,32.0,12.683038536542222
outcome-lag-64,6,444,safe,64,29.625,0.0,64.0,64.0,64.0,28.11652658785772
outcome-lag-64,6,444,safe,96,44.4375,0.0,95.72662994455591,93.14758852841335,93.14758852841335,39.0593706920513
outcome-lag-64,6,444,safe,128,59.25,0.0,120.23425208083533,116.78240127687513,116.65484809354842,46.73291322262124
outcome-lag-64,6,444,safe,160,74.0625,0.0,138.92995486084735,137.5172792869675,135.35055087356042,53.41279106519429
outcome-lag-64,6,444,safe,192,88.875,0.0,154.80536875714688,156.3097423692085,151.22596476985996,59.502641942588376
outcome-lag-64,6,444,safe,224,103.6875,0.0,168.81605451744932,173.8169264221601,165.2366505301624,65.33115163740685
outcome-lag-64,6,444,safe,256,118.5,0.0,181.49834651906676,189.49757460327712,177.91894253177983,70.14331221683766
outcome-lag-64,6,444,safe,288,133.3125,0.0,193.15532081464352,203.3662865204294,189.5759168273566,73.80537697166496
outcome-lag-64,6,444,safe,320,148.125,0.0,204.0044827594062,216.0994810193377,200.42507877211926,76.88582369595422
outcome-lag-64,6,444,safe,352,162.9375,0.0,214.18579015782822,228.25731418447737,210.6063861705413,79.86336242731579
outcome-lag-64,6,444,safe,384,177.75,0.0,223.82171208153406,240.16204558564513,220.24230809424714,82.99700269843488
outcome-lag-64,6,444,safe,416,192.5625,0.0,232.98729988173508,251.6450851063938,229.40789589444816,86.06787158664734
outcome-lag-64,6,444,safe,448,207.375,0.0,241.7512057812104,262.15094923084416,238.17180179392346,88.47972775128974
outcome-lag-64,6,444,safe,480,222.1875,0.0,250.1527068076258,271.98723391751753,246.57330282033888,90.50658475554573
outcome-lag-64,6,444,safe,512,237.0,0.0,258.237058813225,281.2906787068345,254.65765482593812,92.25712209854102
outcome-lag-64,6,444,known,32,0.0,6.75,51.0,51.0,51.0,28.632374902790346
outcome-lag-64,6,444,known,64,0.0,13.5,100.0,100.0,100.0,58.99528791777261
outcome-lag-64,6,444,known,96,0.0,20.25,157.7266299445559,155.14758852841334,155.14758852841334,87.62657814500982
outcome-lag-64,6,444,known,128,0.0,27.0,196.57154120326896,193.7824012768752,192.99213721598227,102.2047831660237
outcome-lag-64,6,444,known,160,0.0,33.75,231.80838704801627,234.19199487333222,228.22898306072958,116.19901942460396
outcome-lag-64,6,444,known,192,0.0,40.5,257.9057884581528,265.2734683984501,254.32638447086606,126.42745328710552
outcome-lag-64,6,444,known,224,0.0,47.25,282.02526955275806,294.8527099684032,278.44586556547125,135.81357343514057
outcome-lag-64,6,444,known,256,0.0,54.0,304.4121802911683,322.3188717643684,300.8327763038815,144.03052281677515
outcome-lag-64,6,444,known,288,0.0,60.75,326.49020717722124,349.61742635239693,322.9108031899344,152.05103460769806
outcome-lag-64,6,444,known,320,0.0,67.5,343.51751901953094,370.3148671581527,339.9381150322441,157.62052558672625
outcome-lag-64,6,444,known,352,0.0,74.25,361.5535847403611,392.12851305996554,357.9741807530743,163.1404982915504
outcome-lag-64,6,444,known,384,0.0,81.0,377.41130002195536,411.42123571956677,373.83189603466855,167.92214116467306
outcome-lag-64,6,444,known,416,0.0,87.75,393.25344119231903,430.8833890151475,389.6740372050322,172.75616265300138
outcome-lag-64,6,444,known,448,0.0,94.5,409.18955791216837,450.3877113209911,405.61015392488156,177.52687692273946
outcome-lag-64,6,444,known,480,0.0,101.25,425.21941951127843,469.95770854965156,421.6400155239916,182.27198586389133
outcome-lag-64,6,444,known,512,0.0,108.0,440.60645253346877,488.545347742901,437.02704854618196,186.55950791562384
outcome-lag-64,6,444,product,32,0.0,6.75,51.0,51.0,51.0,28.632374902790346
outcome-lag-64,6,444,product,64,0.0,13.5,100.0,100.0,100.0,58.99528791777261
outcome-lag-64,6,444,product,96,0.0,20.25,157.7266299445559,155.14758852841334,155.14758852841334,87.62657814500982
outcome-lag-64,6,444,product,128,0.0,27.0,196.57154120326896,193.7824012768752,192.99213721598227,102.2047831660237
outcome-lag-64,6,444,product,160,0.0,33.75,231.80838704801627,234.19199487333222,228.22898306072958,116.19901942460396
outcome-lag-64,6,444,product,192,0.0,40.5,257.9057884581528,265.2734683984501,254.32638447086606,126.42745328710552
outcome-lag-64,6,444,product,224,0.0,47.25,282.02526955275806,294.8527099684032,278.44586556547125,135.81357343514057
outcome-lag-64,6,444,product,256,0.0,54.0,304.4121802911683,322.3188717643684,300.8327763038815,144.03052281677515
outcome-lag-64,6,444,product,288,0.0,60.75,326.49020717722124,349.61742635239693,322.9108031899344,152.05103460769806
outcome-lag-64,6,444,product,320,0.0,67.5,343.51751901953094,370.3148671581527,339.9381150322441,157.62052558672625
outcome-lag-64,6,444,product,352,0.0,74.25,361.5535847403611,392.12851305996554,357.9741807530743,163.1404982915504
outcome-lag-64,6,444,product,384,0.0,81.0,377.41130002195536,411.42123571956677,373.83189603466855,167.92214116467306
outcome-lag-64,6,444,product,416,0.0,87.75,393.25344119231903,430.8833890151475,389.6740372050322,172.75616265300138
outcome-lag-64,6,444,product,448,0.0,94.5,409.18955791216837,450.3877113209911,405.61015392488156,177.52687692273946
outcome-lag-64,6,444,product,480,0.0,101.25,425.21941951127843,469.95770854965156,421.6400155239916,182.27198586389133
outcome-lag-64,6,444,product,512,0.0,108.0,440.60645253346877,488.545347742901,437.02704854618196,186.55950791562384
single-blocker,6,444,prefix,32,1.3125,19.0,64.0,63.96821681185914,63.96821681185914,10.625563951843512
single-blocker,6,444,prefix,64,2.625,38.0,128.0,121.14413264044194,121.14413264044194,12.76650407597472
single-blocker,6,444,prefix,96,3.9375,57.0,192.0,166.7194373960435,166.7194373960435,13.921408562203021
single-blocker,6,444,prefix,128,5.25,76.0,256.0,206.95038656363667,206.95038656363667,14.839053456208497
single-blocker,6,444,prefix,160,6.5625,95.0,320.0,241.10105053108026,241.10105053108026,15.496408145430097
single-blocker,6,444,prefix,192,7.875,114.0,384.0,272.6950097970438,272.6950097970438,16.064411801025578
single-blocker,6,444,prefix,224,9.1875,133.0,448.0,301.4122613500398,301.4122613500398,16.532999199558688
single-blocker,6,444,prefix,256,10.5,152.0,512.0,328.0014334534057,328.0014334534057,16.9350329851888
single-blocker,6,444,prefix,288,11.8125,171.0,576.0,352.6699226062636,352.6699226062636,17.28085541388892
single-blocker,6,444,prefix,320,13.125,190.0,640.0,376.67743337973906,376.67743337973906,17.611193968437554
single-blocker,6,444,prefix,352,14.4375,209.0,704.0,399.07239748763357,399.07239748763357,17.897439935754722
single-blocker,6,444,prefix,384,15.75,228.0,768.0,420.65893626699716,420.65893626699716,18.164210402105148
single-blocker,6,444,prefix,416,17.0625,247.0,832.0,441.2125087040528,441.2125087040528,18.405776770254917
single-blocker,6,444,prefix,448,18.375,266.0,896.0,460.85949565843185,460.85949565843185,18.626359652691754
single-blocker,6,444,prefix,480,19.6875,285.0,960.0,479.6832430590999,479.6832430590999,18.828733653342642
single-blocker,6,444,prefix,512,21.0,304.0,1024.0,497.8736447649517,497.8736447649517,19.01796766540109
single-blocker,6,444,intersection,32,1.3125,19.0,64.0,63.96821681185914,63.96821681185914,10.625563951843512
single-blocker,6,444,intersection,64,2.625,38.0,128.0,121.14413264044194,121.14413264044194,12.76650407597472
single-blocker,6,444,intersection,96,3.9375,57.0,192.0,166.7194373960435,166.7194373960435,13.921408562203021
single-blocker,6,444,intersection,128,5.25,76.0,256.0,206.95038656363667,206.95038656363667,14.839053456208497
single-blocker,6,444,intersection,160,6.5625,95.0,320.0,241.10105053108026,241.10105053108026,15.496408145430097
single-blocker,6,444,intersection,192,7.875,114.0,384.0,272.6950097970438,272.6950097970438,16.064411801025578
single-blocker,6,444,intersection,224,8.94140625,130.703125,447.0,300.84740731642444,300.84740731642444,16.521888088447575
single-blocker,6,444,intersection,256,8.94140625,137.453125,498.0,320.3644329520625,320.3644329520625,16.789701309754868
single-blocker,6,444,intersection,288,8.94140625,144.203125,552.0,339.8960676088359,339.8960676088359,17.043293169422633
single-blocker,6,444,intersection,320,8.94140625,150.953125,598.0,355.2071528002636,355.2071528002636,17.226428534122707
single-blocker,6,444,intersection,352,8.94140625,157.703125,649.0,371.6927997226783,371.6927997226783,17.418402259548692
single-blocker,6,444,intersection,384,8.94140625,164.453125,697.0,386.36563591851086,386.36563591851086,17.580158668902794
single-blocker,6,444,intersection,416,8.94140625,171.203125,747.0,401.15170354396446,401.15170354396446,17.738094487103943
single-blocker,6,444,intersection,448,8.94140625,177.953125,799.0,416.03938813548666,416.03938813548666,17.892171042520737
single-blocker,6,444,intersection,480,8.94140625,184.703125,853.0,431.0144193502439,431.0144193502439,18.0423139697692
single-blocker,6,444,intersection,512,8.94140625,191.453125,907.0,445.45413262470953,445.45413262470953,18.181910102718188
single-blocker,6,444,completed,32,1.3125,19.0,64.0,63.96821681185914,63.96821681185914,10.625563951843512
single-blocker,6,444,completed,64,2.625,38.0,128.0,121.14413264044194,121.14413264044194,12.76650407597472
single-blocker,6,444,completed,96,3.9375,57.0,192.0,166.7194373960435,166.7194373960435,13.921408562203021
single-blocker,6,444,completed,128,5.25,76.0,256.0,206.95038656363667,206.95038656363667,14.839053456208497
single-blocker,6,444,completed,160,6.5625,95.0,320.0,241.10105053108026,241.10105053108026,15.496408145430097
single-blocker,6,444,completed,192,7.875,114.0,384.0,272.6950097970438,272.6950097970438,16.064411801025578
single-blocker,6,444,completed,224,8.654296875,128.0234375,443.0,298.55515670662936,298.55515670662936,16.47616633717745
single-blocker,6,444,completed,256,8.654296875,134.7734375,494.0,318.0721823422674,318.0721823422674,16.743979558484742
single-blocker,6,444,completed,288,8.654296875,141.5234375,548.0,337.6038169990408,337.6038169990408,16.997571418152507
single-blocker,6,444,completed,320,8.654296875,148.2734375,594.0,352.9149021904685,352.9149021904685,17.18070678285258
single-blocker,6,444,completed,352,8.654296875,155.0234375,645.0,369.4005491128832,369.4005491128832,17.372680508278567
single-blocker,6,444,completed,384,8.654296875,161.7734375,693.0,384.0733853087158,384.0733853087158,17.534436917632668
single-blocker,6,444,completed,416,8.654296875,168.5234375,743.0,398.8594529341694,398.8594529341694,17.692372735833818
single-blocker,6,444,completed,448,8.654296875,175.2734375,795.0,413.7471375256916,413.7471375256916,17.84644929125061
single-blocker,6,444,completed,480,8.654296875,182.0234375,849.0,428.7221687404488,428.7221687404488,17.996592218499075
single-blocker,6,444,completed,512,8.654296875,188.7734375,903.0,443.16188201491445,443.16188201491445,18.136188351448062
single-blocker,6,444,plugin,32,0.287109375,9.4296875,54.0,53.96821681185914,53.96821681185914,9.022353273632836
single-blocker,6,444,plugin,64,0.287109375,16.1796875,103.0,96.14413264044192,96.14413264044192,10.375047322722638
single-blocker,6,444,plugin,96,0.287109375,22.9296875,161.0,135.84653610198842,135.84653610198842,11.332610336463475
single-blocker,6,444,plugin,128,0.287109375,29.6796875,208.0,161.81534818157547,161.81534818157547,11.839848117879072
single-blocker,6,444,plugin,160,0.287109375,36.4296875,262.0,188.7267165669953,188.7267165669953,12.316537732478357
single-blocker,6,444,plugin,192,0.287109375,43.1796875,310.0,209.91311677286893,209.91311677286893,12.649898275735685
single-blocker,6,444,plugin,224,0.287109375,49.9296875,360.0,230.40676851576137,230.40676851576137,12.950428596710163
single-blocker,6,444,plugin,256,0.287109375,56.6796875,411.0,249.92379415139925,249.92379415139925,13.218241818017459
single-blocker,6,444,plugin,288,0.287109375,63.4296875,465.0,269.4554288081727,269.4554288081727,13.471833677685234
single-blocker,6,444,plugin,320,0.287109375,70.1796875,511.0,284.7665139996004,284.7665139996004,13.65496904238532
single-blocker,6,444,plugin,352,0.287109375,76.9296875,562.0,301.2521609220151,301.2521609220151,13.846942767811319
single-blocker,6,444,plugin,384,0.287109375,83.6796875,610.0,315.9249971178477,315.9249971178477,14.008699177165424
single-blocker,6,444,plugin,416,0.287109375,90.4296875,660.0,330.7110647433013,330.7110647433013,14.166634995366591
single-blocker,6,444,plugin,448,0.287109375,97.1796875,712.0,345.5987493348235,345.5987493348235,14.320711550783376
single-blocker,6,444,plugin,480,0.287109375,103.9296875,766.0,360.5737805495807,360.5737805495807,14.470854478031843
single-blocker,6,444,plugin,512,0.287109375,110.6796875,820.0,375.01349382404635,375.01349382404635,14.610450610980818
single-blocker,6,444,safe,32,14.8125,0.0,32.0,31.968216811859147,31.968216811859147,4.02724519543652
single-blocker,6,444,safe,64,29.625,0.0,64.0,57.42435623340214,57.42435623340214,4.7282659037057675
single-blocker,6,444,safe,96,44.4375,0.0,96.0,76.78319682780861,76.78319682780861,5.136346480888775
single-blocker,6,444,safe,128,59.25,0.0,128.0,93.03345515740088,93.03345515740088,5.425334592589174
single-blocker,6,444,safe,160,74.0625,0.0,160.0,107.31238195727079,107.31238195727079,5.649261224939744
single-blocker,6,444,safe,192,88.875,0.0,192.0,120.1978375468853,120.1978375468853,5.832104609707439
single-blocker,6,444,safe,224,103.6875,0.0,224.0,132.0310352083931,132.0310352083931,5.986627913082163
single-blocker,6,444,safe,256,118.5,0.0,256.0,143.03333360981438,143.03333360981438,6.120438712817281
single-blocker,6,444,safe,288,133.3125,0.0,288.0,153.35798108855585,153.35798108855585,6.238439029233648
single-blocker,6,444,safe,320,148.125,0.0,320.0,163.1162631808352,163.1162631808352,6.343973346894013
single-blocker,6,444,safe,352,162.9375,0.0,352.0,172.39200998111025,172.39200998111025,6.43942571339101
single-blocker,6,444,safe,384,177.75,0.0,384.0,181.25023096678382,181.25023096678382,6.5265555690159704
single-blocker,6,444,safe,416,192.5625,0.0,416.0,189.74254455085054,189.74254455085054,6.6066985205464555
single-blocker,6,444,safe,448,207.375,0.0,448.0,197.91074640079475,197.91074640079475,6.680892410683006
single-blocker,6,444,safe,480,222.1875,0.0,480.0,205.78924141297622,205.78924141297622,6.7499597404471405
single-blocker,6,444,safe,512,237.0,0.0,512.0,213.40675252840046,213.40675252840046,6.81456340954972
single-blocker,6,444,known,32,0.0,6.75,51.0,50.96821681185914,50.96821681185914,7.522353273632832
single-blocker,6,444,known,64,0.0,13.5,100.0,93.14413264044192,93.14413264044192,8.875047322722633
single-blocker,6,444,known,96,0.0,20.25,158.0,132.84653610198845,132.84653610198845,9.83261033646347
single-blocker,6,444,known,128,0.0,27.0,205.0,158.8153481815755,158.8153481815755,10.339848117879066
single-blocker,6,444,known,160,0.0,33.75,259.0,185.72671656699532,185.72671656699532,10.816537732478352
single-blocker,6,444,known,192,0.0,40.5,307.0,206.91311677286896,206.91311677286896,11.14989827573568
single-blocker,6,444,known,224,0.0,47.25,357.0,227.4067685157614,227.4067685157614,11.450428596710157
single-blocker,6,444,known,256,0.0,54.0,408.0,246.92379415139928,246.92379415139928,11.718241818017454
single-blocker,6,444,known,288,0.0,60.75,462.0,266.4554288081728,266.4554288081728,11.971833677685229
single-blocker,6,444,known,320,0.0,67.5,508.0,281.76651399960053,281.76651399960053,12.154969042385314
single-blocker,6,444,known,352,0.0,74.25,559.0,298.2521609220152,298.2521609220152,12.346942767811314
single-blocker,6,444,known,384,0.0,81.0,607.0,312.9249971178478,312.9249971178478,12.508699177165418
single-blocker,6,444,known,416,0.0,87.75,657.0,327.7110647433014,327.7110647433014,12.666634995366586
single-blocker,6,444,known,448,0.0,94.5,709.0,342.5987493348236,342.5987493348236,12.82071155078337
single-blocker,6,444,known,480,0.0,101.25,763.0,357.5737805495808,357.5737805495808,12.970854478031837
single-blocker,6,444,known,512,0.0,108.0,817.0,372.01349382404646,372.01349382404646,13.110450610980813
single-blocker,6,444,product,32,0.0,6.75,51.0,50.96821681185914,50.96821681185914,7.522353273632832
single-blocker,6,444,product,64,0.0,13.5,100.0,93.14413264044192,93.14413264044192,8.875047322722633
single-blocker,6,444,product,96,0.0,20.25,158.0,132.84653610198845,132.84653610198845,9.83261033646347
single-blocker,6,444,product,128,0.0,27.0,205.0,158.8153481815755,158.8153481815755,10.339848117879066
single-blocker,6,444,product,160,0.0,33.75,259.0,185.72671656699532,185.72671656699532,10.816537732478352
single-blocker,6,444,product,192,0.0,40.5,307.0,206.91311677286896,206.91311677286896,11.14989827573568
single-blocker,6,444,product,224,0.0,47.25,357.0,227.4067685157614,227.4067685157614,11.450428596710157
single-blocker,6,444,product,256,0.0,54.0,408.0,246.92379415139928,246.92379415139928,11.718241818017454
single-blocker,6,444,product,288,0.0,60.75,462.0,266.4554288081728,266.4554288081728,11.971833677685229
single-blocker,6,444,product,320,0.0,67.5,508.0,281.76651399960053,281.76651399960053,12.154969042385314
single-blocker,6,444,product,352,0.0,74.25,559.0,298.2521609220152,298.2521609220152,12.346942767811314
single-blocker,6,444,product,384,0.0,81.0,607.0,312.9249971178478,312.9249971178478,12.508699177165418
single-blocker,6,444,product,416,0.0,87.75,657.0,327.7110647433014,327.7110647433014,12.666634995366586
single-blocker,6,444,product,448,0.0,94.5,709.0,342.5987493348236,342.5987493348236,12.82071155078337
single-blocker,6,444,product,480,0.0,101.25,763.0,357.5737805495808,357.5737805495808,12.970854478031837
single-blocker,6,444,product,512,0.0,108.0,817.0,372.01349382404646,372.01349382404646,13.110450610980813
outcome-lag-64,8,444,prefix,32,0.0,15.5,64.0,64.0,64.0,39.57885341018698
outcome-lag-64,8,444,prefix,64,0.0,31.0,128.0,128.0,128.0,80.5857563555655
outcome-lag-64,8,444,prefix,96,0.0,46.5,191.69817979455516,191.2748628334161,191.2748628334161,112.87452917303294
outcome-lag-64,8,444,prefix,128,0.0,62.0,247.2661194039373,249.51932682467833,246.84280244279825,135.72752842592465
outcome-lag-64,8,444,prefix,160,0.0,77.5,292.2537576659677,300.53267165746126,291.8304407048287,153.19728794182438
outcome-lag-64,8,444,prefix,192,0.0,93.0,330.5588517575164,345.3371190817032,330.1355347963773,167.4045988329245
outcome-lag-64,8,444,prefix,224,0.0,108.5,364.5878104936343,386.36784468501617,364.16449353249527,179.99846996849442
outcome-lag-64,8,444,prefix,256,0.0,124.0,395.22018920201214,423.3271684115425,394.7968722408731,190.66741780102802
outcome-lag-64,8,444,prefix,288,0.0,139.5,423.55621805285995,457.84927572131807,423.1329010917209,200.4107866875407
outcome-lag-64,8,444,prefix,320,0.0,155.0,449.7930167405843,490.31007679615215,449.36969977944517,209.54641870375093
outcome-lag-64,8,444,prefix,352,0.0,170.5,474.35702674777883,520.2276261289294,473.9337097866397,217.3234772554674
outcome-lag-64,8,444,prefix,384,0.0,186.0,497.5187790665087,547.6920111198372,497.0954621053696,223.71859510744534
outcome-lag-64,8,444,prefix,416,0.0,201.5,519.4471664708024,573.6008177129081,519.0238495096634,229.52236679015428
outcome-lag-64,8,444,prefix,448,0.0,217.0,540.7018097236336,599.3002395865308,540.2784927624946,235.55728766518462
outcome-lag-64,8,444,prefix,480,0.0,232.5,561.0033629594059,624.0314588765293,560.5800459982669,241.41119662579234
outcome-lag-64,8,444,prefix,512,0.0,248.0,580.4228949648559,647.4978386004292,579.9995780037169,246.74171086361105
outcome-lag-64,8,444,intersection,32,0.0,15.5,64.0,64.0,64.0,39.57885341018698
outcome-lag-64,8,444,intersection,64,0.0,31.0,128.0,128.0,128.0,80.5857563555655
outcome-lag-64,8,444,intersection,96,0.0,46.5,191.69817979455516,191.2748628334161,191.2748628334161,112.87452917303294
outcome-lag-64,8,444,intersection,128,0.0,62.0,247.2661194039373,249.51932682467833,246.84280244279825,135.72752842592465
outcome-lag-64,8,444,intersection,160,0.0,77.5,292.2537576659677,300.53267165746126,291.8304407048287,153.19728794182438
outcome-lag-64,8,444,intersection,192,0.0,93.0,330.5588517575164,345.3371190817032,330.1355347963773,167.4045988329245
outcome-lag-64,8,444,intersection,224,0.0,108.5,364.5878104936343,386.36784468501617,364.16449353249527,179.99846996849442
outcome-lag-64,8,444,intersection,256,0.0,124.0,395.22018920201214,423.3271684115425,394.7968722408731,190.66741780102802
outcome-lag-64,8,444,intersection,288,0.0,139.5,423.55621805285995,457.84927572131807,423.1329010917209,200.4107866875407
outcome-lag-64,8,444,intersection,320,0.0,155.0,449.7930167405843,490.31007679615215,449.36969977944517,209.54641870375093
outcome-lag-64,8,444,intersection,352,0.0,170.5,474.35702674777883,520.2276261289294,473.9337097866397,217.3234772554674
outcome-lag-64,8,444,intersection,384,0.0,186.0,497.5187790665087,547.6920111198372,497.0954621053696,223.71859510744534
outcome-lag-64,8,444,intersection,416,0.0,201.5,519.4471664708024,573.6008177129081,519.0238495096634,229.52236679015428
outcome-lag-64,8,444,intersection,448,0.0,217.0,540.7018097236336,599.3002395865308,540.2784927624946,235.55728766518462
outcome-lag-64,8,444,intersection,480,0.0,232.5,561.0033629594059,624.0314588765293,560.5800459982669,241.41119662579234
outcome-lag-64,8,444,intersection,512,0.0,248.0,580.4228949648559,647.4978386004292,579.9995780037169,246.74171086361105
outcome-lag-64,8,444,completed,32,0.0,15.5,64.0,64.0,64.0,39.57885341018698
outcome-lag-64,8,444,completed,64,4.46875,27.125,120.0,120.0,120.0,74.67547597808563
outcome-lag-64,8,444,completed,96,7.8203125,39.71875,177.69817979455516,177.2748628334161,177.2748628334161,102.42541183861053
outcome-lag-64,8,444,completed,128,7.8203125,55.21875,233.4587476211529,235.62045173272404,233.03543066001384,124.3601781899884
outcome-lag-64,8,444,completed,160,7.8203125,70.71875,280.71095183198423,288.037684116011,280.2876348708451,142.7802113141633
outcome-lag-64,8,444,completed,192,7.8203125,86.21875,320.5690444885792,334.3821075679735,320.1457275274401,157.7412984596294
outcome-lag-64,8,444,completed,224,7.8203125,101.71875,355.76376949337435,376.6728008663101,355.34045253223525,170.93768736494252
outcome-lag-64,8,444,completed,256,7.8203125,117.21875,387.19757399977556,414.52197310880786,386.77425703863645,182.0026837704635
outcome-lag-64,8,444,completed,288,7.8203125,132.71875,416.1800287770697,449.78751379382004,415.7567118159306,192.07084606462567
outcome-lag-64,8,444,completed,320,7.8203125,148.21875,442.9080254589965,482.8599677669844,442.4847084978574,201.48195009432985
outcome-lag-64,8,444,completed,352,7.8203125,163.71875,467.8612630664926,513.2755076605991,467.4379461053535,209.47456840649787
outcome-lag-64,8,444,completed,384,7.8203125,179.21875,491.33800720574646,541.1350043543018,490.91469024460736,216.0282498417414
outcome-lag-64,8,444,completed,416,7.8203125,194.71875,513.5256311970468,567.3640106431292,513.1023142359077,221.95240413663845
outcome-lag-64,8,444,completed,448,7.8203125,210.21875,535.0414623007202,593.39345150415,534.6181453395811,228.11036163989004
outcome-lag-64,8,444,completed,480,7.8203125,225.71875,555.5650486266718,618.4065017491502,555.1417316655327,234.06907744678367
outcome-lag-64,8,444,completed,512,7.8203125,241.21875,575.1701610829174,642.111000818679,574.7468441217783,239.487455361565
outcome-lag-64,8,444,plugin,32,0.232421875,14.8359375,64.0,64.0,64.0,39.57885341018698
outcome-lag-64,8,444,plugin,64,2.87109375,22.796875,115.0,115.0,115.0,69.73981002330015
outcome-lag-64,8,444,plugin,96,3.322265625,37.0078125,175.69817979455516,175.2748628334161,175.2748628334161,99.64596431799417
outcome-lag-64,8,444,plugin,128,3.322265625,52.5078125,231.49837884601075,233.65637071854962,231.0750618848717,122.4938231001112
outcome-lag-64,8,444,plugin,160,3.322265625,68.0078125,278.6005082866648,285.59056914057646,278.17719132552577,141.0375330901714
outcome-lag-64,8,444,plugin,192,3.322265625,83.5078125,318.77206171758826,332.14824520777233,318.3487447564492,156.1100224787879
outcome-lag-64,8,444,plugin,224,3.322265625,99.0078125,354.4324745358351,374.8825124166471,354.0091575746961,169.51679227333162
outcome-lag-64,8,444,plugin,256,3.322265625,114.5078125,386.10197136054126,412.959703371214,385.6786543994022,180.68104169753147
outcome-lag-64,8,444,plugin,288,3.322265625,130.0078125,415.31221139067054,448.4768203607585,414.8888944295315,190.87190430919014
outcome-lag-64,8,444,plugin,320,3.322265625,145.5078125,442.1698733730576,481.7175525721822,441.74655641191856,200.37560279559165
outcome-lag-64,8,444,plugin,352,3.322265625,161.0078125,467.19998756508096,512.2423928844397,466.7766706039419,208.42515839573431
outcome-lag-64,8,444,plugin,384,3.322265625,176.5078125,490.71125670910897,540.1540690323305,490.2879397479699,215.00388135064995
outcome-lag-64,8,444,plugin,416,3.322265625,192.0078125,512.9071982062309,566.3937892266598,512.4838812450919,220.9293830888322
outcome-lag-64,8,444,plugin,448,3.322265625,207.5078125,534.500668825122,592.5161241674648,534.077351863983,227.11778846005188
outcome-lag-64,8,444,plugin,480,3.322265625,223.0078125,555.0779172774485,617.5923632166641,554.6546003163095,233.09944690276836
outcome-lag-64,8,444,plugin,512,3.322265625,238.5078125,574.7070245121175,641.3251580222974,574.2837075509785,238.52813972850979
outcome-lag-64,8,444,safe,32,17.875,0.0,32.0,32.0,32.0,13.655948124897792
outcome-lag-64,8,444,safe,64,35.75,0.0,64.0,64.0,64.0,29.692289531700276
outcome-lag-64,8,444,safe,96,53.625,0.0,95.69817979455514,95.27486283341615,95.27486283341615,43.69149419207117
outcome-lag-64,8,444,safe,128,71.5,0.0,120.21936992714559,121.70134880631909,119.7960529660066,54.156709947082234
outcome-lag-64,8,444,safe,160,89.375,0.0,139.1094911439175,143.0161729667992,138.6861741827785,61.41653394004309
outcome-lag-64,8,444,safe,192,107.25,0.0,155.0078815431369,161.0048215016948,154.5845645819979,66.70257027009178
outcome-lag-64,8,444,safe,224,125.125,0.0,168.9900346220019,177.63577734704023,168.5667176608629,71.65485175730414
outcome-lag-64,8,444,safe,256,143.0,0.0,181.65852708227163,193.01452030474195,181.23521012113264,76.1651071133197
outcome-lag-64,8,444,safe,288,160.875,0.0,193.32097609069623,207.54807755812908,192.89765912955724,80.49201720438188
outcome-lag-64,8,444,safe,320,178.75,0.0,204.1706839043523,221.05346046270293,203.7473669432133,84.34465233433674
outcome-lag-64,8,444,safe,352,196.625,0.0,214.363203821375,233.27044112134047,213.93988686023602,87.3813385591962
outcome-lag-64,8,444,safe,384,214.5,0.0,224.00506656745392,244.42282646633683,223.58174960631493,89.76263277414394
outcome-lag-64,8,444,safe,416,232.375,0.0,233.16933941194225,255.07838077572487,232.74602245080325,92.00601645099573
outcome-lag-64,8,444,safe,448,250.25,0.0,241.92214320618882,265.6874316821116,241.49882624504983,94.52105939757467
outcome-lag-64,8,444,safe,480,268.125,0.0,250.32461435087535,276.0758496815037,249.90129738973636,97.10004971454954
outcome-lag-64,8,444,safe,512,286.0,0.0,258.4148443241799,285.8764601038409,257.991527363041,99.34775269056509
outcome-lag-64,8,444,known,32,0.0,15.5,64.0,64.0,64.0,39.57885341018698
outcome-lag-64,8,444,known,64,0.0,31.0,128.0,128.0,128.0,80.5857563555655
outcome-lag-64,8,444,known,96,0.0,46.5,191.69817979455516,191.2748628334161,191.2748628334161,112.87452917303294
outcome-lag-64,8,444,known,128,0.0,62.0,247.2661194039373,249.51932682467833,246.84280244279825,135.72752842592465
outcome-lag-64,8,444,known,160,0.0,77.5,292.2537576659677,300.53267165746126,291.8304407048287,153.19728794182438
outcome-lag-64,8,444,known,192,0.0,93.0,330.5588517575164,345.3371190817032,330.1355347963773,167.4045988329245
outcome-lag-64,8,444,known,224,0.0,108.5,364.5878104936343,386.36784468501617,364.16449353249527,179.99846996849442
outcome-lag-64,8,444,known,256,0.0,124.0,395.22018920201214,423.3271684115425,394.7968722408731,190.66741780102802
outcome-lag-64,8,444,known,288,0.0,139.5,423.55621805285995,457.84927572131807,423.1329010917209,200.4107866875407
outcome-lag-64,8,444,known,320,0.0,155.0,449.7930167405843,490.31007679615215,449.36969977944517,209.54641870375093
outcome-lag-64,8,444,known,352,0.0,170.5,474.35702674777883,520.2276261289294,473.9337097866397,217.3234772554674
outcome-lag-64,8,444,known,384,0.0,186.0,497.5187790665087,547.6920111198372,497.0954621053696,223.71859510744534
outcome-lag-64,8,444,known,416,0.0,201.5,519.4471664708024,573.6008177129081,519.0238495096634,229.52236679015428
outcome-lag-64,8,444,known,448,0.0,217.0,540.7018097236336,599.3002395865308,540.2784927624946,235.55728766518462
outcome-lag-64,8,444,known,480,0.0,232.5,561.0033629594059,624.0314588765293,560.5800459982669,241.41119662579234
outcome-lag-64,8,444,known,512,0.0,248.0,580.4228949648559,647.4978386004292,579.9995780037169,246.74171086361105
outcome-lag-64,8,444,product,32,0.0,15.5,64.0,64.0,64.0,39.57885341018698
outcome-lag-64,8,444,product,64,0.0,31.0,128.0,128.0,128.0,80.5857563555655
outcome-lag-64,8,444,product,96,0.0,46.5,191.69817979455516,191.2748628334161,191.2748628334161,112.87452917303294
outcome-lag-64,8,444,product,128,0.0,62.0,247.2661194039373,249.51932682467833,246.84280244279825,135.72752842592465
outcome-lag-64,8,444,product,160,0.0,77.5,292.2537576659677,300.53267165746126,291.8304407048287,153.19728794182438
outcome-lag-64,8,444,product,192,0.0,93.0,330.5588517575164,345.3371190817032,330.1355347963773,167.4045988329245
outcome-lag-64,8,444,product,224,0.0,108.5,364.5878104936343,386.36784468501617,364.16449353249527,179.99846996849442
outcome-lag-64,8,444,product,256,0.0,124.0,395.22018920201214,423.3271684115425,394.7968722408731,190.66741780102802
outcome-lag-64,8,444,product,288,0.0,139.5,423.55621805285995,457.84927572131807,423.1329010917209,200.4107866875407
outcome-lag-64,8,444,product,320,0.0,155.0,449.7930167405843,490.31007679615215,449.36969977944517,209.54641870375093
outcome-lag-64,8,444,product,352,0.0,170.5,474.35702674777883,520.2276261289294,473.9337097866397,217.3234772554674
outcome-lag-64,8,444,product,384,0.0,186.0,497.5187790665087,547.6920111198372,497.0954621053696,223.71859510744534
outcome-lag-64,8,444,product,416,0.0,201.5,519.4471664708024,573.6008177129081,519.0238495096634,229.52236679015428
outcome-lag-64,8,444,product,448,0.0,217.0,540.7018097236336,599.3002395865308,540.2784927624946,235.55728766518462
outcome-lag-64,8,444,product,480,0.0,232.5,561.0033629594059,624.0314588765293,560.5800459982669,241.41119662579234
outcome-lag-64,8,444,product,512,0.0,248.0,580.4228949648559,647.4978386004292,579.9995780037169,246.74171086361105
single-blocker,8,444,prefix,32,0.0,15.5,64.0,63.96821681185914,63.96821681185914,10.553953106548454
single-blocker,8,444,prefix,64,0.0,31.0,128.0,121.04745485487555,121.04745485487555,12.757244816715454
single-blocker,8,444,prefix,96,0.0,46.5,192.0,168.29175461582065,168.29175461582065,14.005158282957282
single-blocker,8,444,prefix,128,0.0,62.0,256.0,207.61462795729733,207.61462795729733,14.869640705010472
single-blocker,8,444,prefix,160,0.0,77.5,320.0,241.86351189053937,241.86351189053937,15.528117438236556
single-blocker,8,444,prefix,192,0.0,93.0,384.0,273.0088584813505,273.0088584813505,16.07632749590594
single-blocker,8,444,prefix,224,0.0,108.5,448.0,301.9202370906664,301.9202370906664,16.55085163747875
single-blocker,8,444,prefix,256,0.0,124.0,512.0,328.61499639074924,328.61499639074924,16.955235043569246
single-blocker,8,444,prefix,288,0.0,139.5,576.0,353.7530578090294,353.7530578090294,17.314558038586473
single-blocker,8,444,prefix,320,0.0,155.0,640.0,377.39605096006244,377.39605096006244,17.632382130995637
single-blocker,8,444,prefix,352,0.0,170.5,704.0,399.82272241654914,399.82272241654914,17.918562806421644
single-blocker,8,444,prefix,384,0.0,186.0,768.0,421.15090577172344,421.15090577172344,18.177479022666027
single-blocker,8,444,prefix,416,0.0,201.5,832.0,441.4914796756159,441.4914796756159,18.41301801619637
single-blocker,8,444,prefix,448,0.0,217.0,896.0,461.3824094934383,461.3824094934383,18.63944683542641
single-blocker,8,444,prefix,480,0.0,232.5,960.0,480.4680101362309,480.4680101362309,18.84773714882818
single-blocker,8,444,prefix,512,0.0,248.0,1024.0,498.79576882534917,498.79576882534917,19.03963035186552
single-blocker,8,444,intersection,32,0.0,15.5,64.0,63.96821681185914,63.96821681185914,10.553953106548454
single-blocker,8,444,intersection,64,0.0,31.0,128.0,121.04745485487555,121.04745485487555,12.757244816715454
single-blocker,8,444,intersection,96,0.0,46.5,192.0,168.29175461582065,168.29175461582065,14.005158282957282
single-blocker,8,444,intersection,128,0.0,62.0,256.0,207.61462795729733,207.61462795729733,14.869640705010472
single-blocker,8,444,intersection,160,0.0,77.5,320.0,241.86351189053937,241.86351189053937,15.528117438236556
single-blocker,8,444,intersection,192,0.0,93.0,384.0,273.0088584813505,273.0088584813505,16.07632749590594
single-blocker,8,444,intersection,224,0.0,108.5,448.0,301.9202370906664,301.9202370906664,16.55085163747875
single-blocker,8,444,intersection,256,0.0,124.0,512.0,328.61499639074924,328.61499639074924,16.955235043569246
single-blocker,8,444,intersection,288,0.0,139.5,576.0,353.7530578090294,353.7530578090294,17.314558038586473
single-blocker,8,444,intersection,320,0.0,155.0,640.0,377.39605096006244,377.39605096006244,17.632382130995637
single-blocker,8,444,intersection,352,0.0,170.5,704.0,399.82272241654914,399.82272241654914,17.918562806421644
single-blocker,8,444,intersection,384,0.0,186.0,768.0,421.15090577172344,421.15090577172344,18.177479022666027
single-blocker,8,444,intersection,416,0.0,201.5,832.0,441.4914796756159,441.4914796756159,18.41301801619637
single-blocker,8,444,intersection,448,0.0,217.0,896.0,461.3824094934383,461.3824094934383,18.63944683542641
single-blocker,8,444,intersection,480,0.0,232.5,960.0,480.4680101362309,480.4680101362309,18.84773714882818
single-blocker,8,444,intersection,512,0.0,248.0,1024.0,498.79576882534917,498.79576882534917,19.03963035186552
single-blocker,8,444,completed,32,0.0,15.5,64.0,63.96821681185914,63.96821681185914,10.553953106548454
single-blocker,8,444,completed,64,0.0,31.0,128.0,121.04745485487555,121.04745485487555,12.757244816715454
single-blocker,8,444,completed,96,0.0,46.5,192.0,168.29175461582065,168.29175461582065,14.005158282957282
single-blocker,8,444,completed,128,0.0,62.0,256.0,207.61462795729733,207.61462795729733,14.869640705010472
single-blocker,8,444,completed,160,0.0,77.5,320.0,241.86351189053937,241.86351189053937,15.528117438236556
single-blocker,8,444,completed,192,0.0,93.0,384.0,273.0088584813505,273.0088584813505,16.07632749590594
single-blocker,8,444,completed,224,0.0,108.5,448.0,301.9202370906664,301.9202370906664,16.55085163747875
single-blocker,8,444,completed,256,0.0,124.0,512.0,328.61499639074924,328.61499639074924,16.955235043569246
single-blocker,8,444,completed,288,0.0,139.5,576.0,353.7530578090294,353.7530578090294,17.314558038586473
single-blocker,8,444,completed,320,0.0,155.0,640.0,377.39605096006244,377.39605096006244,17.632382130995637
single-blocker,8,444,completed,352,0.0,170.5,704.0,399.82272241654914,399.82272241654914,17.918562806421644
single-blocker,8,444,completed,384,0.0,186.0,768.0,421.15090577172344,421.15090577172344,18.177479022666027
single-blocker,8,444,completed,416,0.0,201.5,832.0,441.4914796756159,441.4914796756159,18.41301801619637
single-blocker,8,444,completed,448,0.0,217.0,896.0,461.3824094934383,461.3824094934383,18.63944683542641
single-blocker,8,444,completed,480,0.0,232.5,960.0,480.4680101362309,480.4680101362309,18.84773714882818
single-blocker,8,444,completed,512,0.0,248.0,1024.0,498.79576882534917,498.79576882534917,19.03963035186552
single-blocker,8,444,plugin,32,0.0,15.5,64.0,63.96821681185914,63.96821681185914,10.553953106548454
single-blocker,8,444,plugin,64,0.0,31.0,128.0,121.04745485487555,121.04745485487555,12.757244816715454
single-blocker,8,444,plugin,96,0.0,46.5,192.0,168.29175461582065,168.29175461582065,14.005158282957282
single-blocker,8,444,plugin,128,0.0,62.0,256.0,207.61462795729733,207.61462795729733,14.869640705010472
single-blocker,8,444,plugin,160,0.0,77.5,320.0,241.86351189053937,241.86351189053937,15.528117438236556
single-blocker,8,444,plugin,192,0.0,93.0,384.0,273.0088584813505,273.0088584813505,16.07632749590594
single-blocker,8,444,plugin,224,0.0,108.5,448.0,301.9202370906664,301.9202370906664,16.55085163747875
single-blocker,8,444,plugin,256,0.0,124.0,512.0,328.61499639074924,328.61499639074924,16.955235043569246
single-blocker,8,444,plugin,288,0.0,139.5,576.0,353.7530578090294,353.7530578090294,17.314558038586473
single-blocker,8,444,plugin,320,0.0,155.0,640.0,377.39605096006244,377.39605096006244,17.632382130995637
single-blocker,8,444,plugin,352,0.0,170.5,704.0,399.82272241654914,399.82272241654914,17.918562806421644
single-blocker,8,444,plugin,384,0.0,186.0,768.0,421.15090577172344,421.15090577172344,18.177479022666027
single-blocker,8,444,plugin,416,0.0,201.5,832.0,441.4914796756159,441.4914796756159,18.41301801619637
single-blocker,8,444,plugin,448,0.0,217.0,896.0,461.3824094934383,461.3824094934383,18.63944683542641
single-blocker,8,444,plugin,480,0.0,232.5,960.0,480.4680101362309,480.4680101362309,18.84773714882818
single-blocker,8,444,plugin,512,0.0,248.0,1024.0,498.79576882534917,498.79576882534917,19.03963035186552
single-blocker,8,444,safe,32,17.875,0.0,32.0,31.968216811859147,31.968216811859147,4.02724519543652
single-blocker,8,444,safe,64,35.75,0.0,64.0,57.42435623340214,57.42435623340214,4.7282659037057675
single-blocker,8,444,safe,96,53.625,0.0,96.0,76.78319682780861,76.78319682780861,5.136346480888775
single-blocker,8,444,safe,128,71.5,0.0,128.0,93.03345515740088,93.03345515740088,5.425334592589174
single-blocker,8,444,safe,160,89.375,0.0,160.0,107.31238195727079,107.31238195727079,5.649261224939744
single-blocker,8,444,safe,192,107.25,0.0,192.0,120.1978375468853,120.1978375468853,5.832104609707439
single-blocker,8,444,safe,224,125.125,0.0,224.0,132.0310352083931,132.0310352083931,5.986627913082163
single-blocker,8,444,safe,256,143.0,0.0,256.0,143.03333360981438,143.03333360981438,6.120438712817281
single-blocker,8,444,safe,288,160.875,0.0,288.0,153.35798108855585,153.35798108855585,6.238439029233648
single-blocker,8,444,safe,320,178.75,0.0,320.0,163.1162631808352,163.1162631808352,6.343973346894013
single-blocker,8,444,safe,352,196.625,0.0,352.0,172.39200998111025,172.39200998111025,6.43942571339101
single-blocker,8,444,safe,384,214.5,0.0,384.0,181.25023096678382,181.25023096678382,6.5265555690159704
single-blocker,8,444,safe,416,232.375,0.0,416.0,189.74254455085054,189.74254455085054,6.6066985205464555
single-blocker,8,444,safe,448,250.25,0.0,448.0,197.91074640079475,197.91074640079475,6.680892410683006
single-blocker,8,444,safe,480,268.125,0.0,480.0,205.78924141297622,205.78924141297622,6.7499597404471405
single-blocker,8,444,safe,512,286.0,0.0,512.0,213.40675252840046,213.40675252840046,6.81456340954972
single-blocker,8,444,known,32,0.0,15.5,64.0,63.96821681185914,63.96821681185914,10.553953106548454
single-blocker,8,444,known,64,0.0,31.0,128.0,121.04745485487555,121.04745485487555,12.757244816715454
single-blocker,8,444,known,96,0.0,46.5,192.0,168.29175461582065,168.29175461582065,14.005158282957282
single-blocker,8,444,known,128,0.0,62.0,256.0,207.61462795729733,207.61462795729733,14.869640705010472
single-blocker,8,444,known,160,0.0,77.5,320.0,241.86351189053937,241.86351189053937,15.528117438236556
single-blocker,8,444,known,192,0.0,93.0,384.0,273.0088584813505,273.0088584813505,16.07632749590594
single-blocker,8,444,known,224,0.0,108.5,448.0,301.9202370906664,301.9202370906664,16.55085163747875
single-blocker,8,444,known,256,0.0,124.0,512.0,328.61499639074924,328.61499639074924,16.955235043569246
single-blocker,8,444,known,288,0.0,139.5,576.0,353.7530578090294,353.7530578090294,17.314558038586473
single-blocker,8,444,known,320,0.0,155.0,640.0,377.39605096006244,377.39605096006244,17.632382130995637
single-blocker,8,444,known,352,0.0,170.5,704.0,399.82272241654914,399.82272241654914,17.918562806421644
single-blocker,8,444,known,384,0.0,186.0,768.0,421.15090577172344,421.15090577172344,18.177479022666027
single-blocker,8,444,known,416,0.0,201.5,832.0,441.4914796756159,441.4914796756159,18.41301801619637
single-blocker,8,444,known,448,0.0,217.0,896.0,461.3824094934383,461.3824094934383,18.63944683542641
single-blocker,8,444,known,480,0.0,232.5,960.0,480.4680101362309,480.4680101362309,18.84773714882818
single-blocker,8,444,known,512,0.0,248.0,1024.0,498.79576882534917,498.79576882534917,19.03963035186552
single-blocker,8,444,product,32,0.0,15.5,64.0,63.96821681185914,63.96821681185914,10.553953106548454
single-blocker,8,444,product,64,0.0,31.0,128.0,121.04745485487555,121.04745485487555,12.757244816715454
single-blocker,8,444,product,96,0.0,46.5,192.0,168.29175461582065,168.29175461582065,14.005158282957282
single-blocker,8,444,product,128,0.0,62.0,256.0,207.61462795729733,207.61462795729733,14.869640705010472
single-blocker,8,444,product,160,0.0,77.5,320.0,241.86351189053937,241.86351189053937,15.528117438236556
single-blocker,8,444,product,192,0.0,93.0,384.0,273.0088584813505,273.0088584813505,16.07632749590594
single-blocker,8,444,product,224,0.0,108.5,448.0,301.9202370906664,301.9202370906664,16.55085163747875
single-blocker,8,444,product,256,0.0,124.0,512.0,328.61499639074924,328.61499639074924,16.955235043569246
single-blocker,8,444,product,288,0.0,139.5,576.0,353.7530578090294,353.7530578090294,17.314558038586473
single-blocker,8,444,product,320,0.0,155.0,640.0,377.39605096006244,377.39605096006244,17.632382130995637
single-blocker,8,444,product,352,0.0,170.5,704.0,399.82272241654914,399.82272241654914,17.918562806421644
single-blocker,8,444,product,384,0.0,186.0,768.0,421.15090577172344,421.15090577172344,18.177479022666027
single-blocker,8,444,product,416,0.0,201.5,832.0,441.4914796756159,441.4914796756159,18.41301801619637
single-blocker,8,444,product,448,0.0,217.0,896.0,461.3824094934383,461.3824094934383,18.63944683542641
single-blocker,8,444,product,480,0.0,232.5,960.0,480.4680101362309,480.4680101362309,18.84773714882818
single-blocker,8,444,product,512,0.0,248.0,1024.0,498.79576882534917,498.79576882534917,19.03963035186552
outcome-lag-64,10,444,prefix,32,4.25,27.0,64.0,64.0,64.0,20.765278101010527
outcome-lag-64,10,444,prefix,64,8.5,54.0,128.0,128.0,128.0,46.13432887097367
outcome-lag-64,10,444,prefix,96,12.75,81.0,191.78905756189334,188.10619375072125,188.10619375072125,68.44873927188871
outcome-lag-64,10,444,prefix,128,13.71875,106.125,246.7360691033601,243.6588754132644,241.96317422933504,90.14010267593794
outcome-lag-64,10,444,prefix,160,14.46875,131.125,296.305515099705,296.01609897922975,290.82991924147535,108.65687794075077
outcome-lag-64,10,444,prefix,192,15.125,155.25,338.88297302609794,341.5717123687815,332.1205702160682,123.56208612108361
outcome-lag-64,10,444,prefix,224,15.125,173.25,371.5762652376499,379.3046137233503,364.81386242762017,135.90441815128574
outcome-lag-64,10,444,prefix,256,15.125,191.25,396.0164131498064,407.88838058013164,389.25401033977664,144.28951720138406
outcome-lag-64,10,444,prefix,288,15.125,209.25,420.20742689796947,435.9578209220813,413.4450240879397,151.46207135649922
outcome-lag-64,10,444,prefix,320,15.125,227.25,441.61988824494375,461.3051886000094,434.857485434914,157.96903021800628
outcome-lag-64,10,444,prefix,352,15.125,245.25,462.4598314378751,486.6270557543454,455.69742862784534,164.75858985886165
outcome-lag-64,10,444,prefix,384,15.125,263.25,481.64067283636604,509.7499432077774,474.8782700263363,170.61234340748888
outcome-lag-64,10,444,prefix,416,15.125,281.25,500.16181338522335,532.0215512823607,493.3994105751936,176.0709736890765
outcome-lag-64,10,444,prefix,448,15.125,299.25,517.0867029811765,552.3905223713306,510.3243001711467,180.934377778314
outcome-lag-64,10,444,prefix,480,15.125,317.25,530.943764949124,568.5623425259938,524.1813621390942,184.22408166339844
outcome-lag-64,10,444,prefix,512,15.125,335.25,545.182185934934,584.7015896917466,538.4197831249041,187.01290546252534
outcome-lag-64,10,444,intersection,32,4.25,27.0,64.0,64.0,64.0,20.765278101010527
outcome-lag-64,10,444,intersection,64,6.421875,52.8125,128.0,128.0,128.0,48.17020955871664
outcome-lag-64,10,444,intersection,96,7.171875,77.8125,191.78905756189334,190.92611731095639,190.92611731095639,75.3970901347565
outcome-lag-64,10,444,intersection,128,7.921875,102.8125,247.05295254623584,247.04837324905537,245.3526720651261,96.16446880287864
outcome-lag-64,10,444,intersection,160,8.671875,127.8125,293.4912468810827,296.7818235253373,291.49537613211004,113.1179276533583
outcome-lag-64,10,444,intersection,192,9.859375,153.0625,331.42243095825245,339.57573614050915,329.1623937843067,125.97542517522525
outcome-lag-64,10,444,intersection,224,11.921875,175.9375,362.54413874391616,375.8471625533563,360.2803262716568,135.5805984081397
outcome-lag-64,10,444,intersection,256,11.921875,193.9375,385.70247654753484,403.4194240705442,383.4386640752755,143.33101599869732
outcome-lag-64,10,444,intersection,288,11.921875,211.9375,409.2087225096204,430.8045817289549,406.944910037361,150.19231646487643
outcome-lag-64,10,444,intersection,320,11.921875,229.9375,430.2009542980258,455.67152492998906,427.93714182576645,156.4985596914977
outcome-lag-64,10,444,intersection,352,11.921875,247.9375,450.67109459335944,480.5431621688608,448.4072821211001,163.09056241909707
outcome-lag-64,10,444,intersection,384,11.921875,265.9375,469.56280307726166,503.3167004065553,467.2989906050023,168.8008597458516
outcome-lag-64,10,444,intersection,416,11.921875,283.9375,487.8310643640611,525.2930988995541,485.56725189180173,174.14880918615208
outcome-lag-64,10,444,intersection,448,11.921875,301.9375,504.55774254295187,545.4199230740403,502.2939300706925,178.91917925462565
outcome-lag-64,10,444,intersection,480,11.921875,319.9375,518.2964368828362,561.4479800850628,516.0326244105768,182.16057370044328
outcome-lag-64,10,444,intersection,512,11.921875,337.9375,532.4119794863959,577.4458662848705,530.1481670141364,184.9111572906767
outcome-lag-64,10,444,completed,32,3.15625,26.375,64.0,64.0,64.0,20.562257208859197
outcome-lag-64,10,444,completed,64,5.0234375,41.21875,115.0,115.0,115.0,41.826177687029514
outcome-lag-64,10,444,completed,96,6.9765625,55.28125,164.78905756189334,164.08547602773808,164.08547602773808,61.028213534458374
outcome-lag-64,10,444,completed,128,9.4765625,81.28125,219.2843758360648,219.7478571545869,218.0340779384414,75.83061219622945
outcome-lag-64,10,444,completed,160,10.9375,102.375,266.4560214184921,268.7892827423088,263.5850249723383,90.30223265352849
outcome-lag-64,10,444,completed,192,11.8671875,122.34375,305.240363410011,311.35972101014806,301.69443596180736,102.7846638001094
outcome-lag-64,10,444,completed,224,13.0625,142.875,338.0491555011831,348.99329895150464,334.3358949299965,113.37004172544965
outcome-lag-64,10,444,completed,256,13.0625,160.875,362.75893397904076,377.93764192021376,359.04567340785417,121.5699917234664
outcome-lag-64,10,444,completed,288,14.5234375,181.96875,389.6572319497714,407.97685661368604,385.9314807078191,127.71891202384376
outcome-lag-64,10,444,completed,320,14.5234375,199.96875,411.6767322860153,433.635210343118,407.95098104406304,133.94729296019685
outcome-lag-64,10,444,completed,352,15.8515625,220.78125,434.93600019597847,461.0777271608511,431.20280222165394,140.3810570557067
outcome-lag-64,10,444,completed,384,15.8515625,238.78125,454.7257789183423,484.83654596981285,450.9925809440178,146.3662137524927
outcome-lag-64,10,444,completed,416,16.1171875,257.34375,474.1733770089432,507.9207491655352,470.44017903461867,151.73774519438527
outcome-lag-64,10,444,completed,448,16.1171875,275.34375,491.5840996477135,528.8352985819056,487.850901673389,156.75964351946357
outcome-lag-64,10,444,completed,480,16.1171875,293.34375,505.74810819974294,545.3745504888474,502.0149102254184,160.17079857084656
outcome-lag-64,10,444,completed,512,16.1171875,311.34375,520.3052506822165,561.87915784999,516.5720527078922,163.0607600408688
outcome-lag-64,10,444,plugin,32,2.8203125,6.90625,38.0,38.0,38.0,15.668622704388786
outcome-lag-64,10,444,plugin,64,6.3984375,9.09375,71.0,71.0,71.0,30.35307735671017
outcome-lag-64,10,444,plugin,96,9.2421875,13.09375,107.78905756189332,107.08547602773811,107.08547602773811,43.983750003081525
outcome-lag-64,10,444,plugin,128,12.7421875,13.09375,132.32338546386737,133.2682988657394,131.5725976818102,54.20530262319102
outcome-lag-64,10,444,plugin,160,16.0234375,14.21875,152.20797743875684,156.64336939445394,151.45718965669968,62.650372984386195
outcome-lag-64,10,444,plugin,192,19.5234375,14.21875,168.11855872263092,176.7702689873255,167.36777094057376,70.07466037241092
outcome-lag-64,10,444,plugin,224,23.0234375,14.21875,182.14911703906907,194.69417309003498,181.3983292570119,76.31989011698724
outcome-lag-64,10,444,plugin,256,26.5234375,14.21875,194.82783661476728,210.21654232047703,194.07704883271012,80.97377174574305
outcome-lag-64,10,444,plugin,288,30.0234375,14.21875,206.48408263047608,223.76111051267762,205.73329484841892,84.31169277561871
outcome-lag-64,10,444,plugin,320,33.5234375,14.21875,217.32344958999647,236.57227924522616,216.5726618079393,87.47011373354823
outcome-lag-64,10,444,plugin,352,37.0234375,14.21875,227.50491538488407,248.83544824357364,226.7541276028269,90.55298829811763
outcome-lag-64,10,444,plugin,384,40.5234375,14.21875,237.13996138088152,260.4632581063916,236.38917359882436,93.40970703088693
outcome-lag-64,10,444,plugin,416,44.0234375,14.21875,246.30682799143167,271.78946472817944,245.55604020937452,96.32374302013847
outcome-lag-64,10,444,plugin,448,47.5234375,14.21875,255.06604278881755,282.41119493898634,254.3152550067604,98.85146527113749
outcome-lag-64,10,444,plugin,480,51.0234375,14.21875,263.4658425678734,292.2155312390437,262.71505478581633,100.8463738887776
outcome-lag-64,10,444,plugin,512,54.5234375,14.21875,271.55157924580294,301.4745192929343,270.8007914637459,102.55245449634658
outcome-lag-64,10,444,safe,32,3.5,0.0,32.0,32.0,32.0,13.501956037722119
outcome-lag-64,10,444,safe,64,7.0,0.0,64.0,64.0,64.0,28.186410690043502
outcome-lag-64,10,444,safe,96,10.5,0.0,95.78905756189332,95.08547602773811,95.08547602773811,41.114702384033905
outcome-lag-64,10,444,safe,128,14.0,0.0,120.32338546386731,121.26829886573944,119.57259768181015,51.336255004143396
outcome-lag-64,10,444,safe,160,17.5,0.0,139.2079774387568,143.64336939445394,138.45718965669965,59.656325365338574
outcome-lag-64,10,444,safe,192,21.0,0.0,155.1185587226309,163.7702689873255,154.36777094057373,67.08061275336328
outcome-lag-64,10,444,safe,224,24.5,0.0,169.14911703906904,181.69417309003498,168.39832925701188,73.3258424979396
outcome-lag-64,10,444,safe,256,28.0,0.0,181.82783661476725,197.21654232047703,181.0770488327101,77.97972412669542
outcome-lag-64,10,444,safe,288,31.5,0.0,193.48408263047605,210.76111051267762,192.7332948484189,81.31764515657107
outcome-lag-64,10,444,safe,320,35.0,0.0,204.32344958999644,223.57227924522616,203.57266180793928,84.4760661145006
outcome-lag-64,10,444,safe,352,38.5,0.0,214.50491538488404,235.83544824357364,213.75412760282688,87.55894067906999
outcome-lag-64,10,444,safe,384,42.0,0.0,224.1399613808815,247.46325810639158,223.38917359882433,90.4156594118393
outcome-lag-64,10,444,safe,416,45.5,0.0,233.30682799143165,258.7894647281793,232.5560402093745,93.32969540109083
outcome-lag-64,10,444,safe,448,49.0,0.0,242.06604278881753,269.4111949389862,241.31525500676037,95.85741765208985
outcome-lag-64,10,444,safe,480,52.5,0.0,250.46584256787392,279.21553123904357,249.71505478581676,97.85232626972997
outcome-lag-64,10,444,safe,512,56.0,0.0,258.55157924580334,288.4745192929342,257.80079146374624,99.55840687729895
outcome-lag-64,10,444,known,32,0.0,18.0,55.0,55.0,55.0,22.440312280722335
outcome-lag-64,10,444,known,64,0.0,36.0,109.0,109.0,109.0,46.694220267708666
outcome-lag-64,10,444,known,96,0.0,54.0,165.78905756189334,165.08547602773808,165.08547602773808,70.29722464983098
outcome-lag-64,10,444,known,128,0.0,72.0,210.90129835343214,212.42530699213498,210.12012943886592,88.26240839309315
outcome-lag-64,10,444,known,160,0.0,90.0,249.2922972939906,255.8746801767628,248.51112837942438,103.37258910086659
outcome-lag-64,10,444,known,192,0.0,108.0,280.45920025610906,292.73480523646043,279.6780313415428,115.69483649231373
outcome-lag-64,10,444,known,224,0.0,126.0,308.6826889155789,326.65786533572134,307.90152000101267,126.3176829314113
outcome-lag-64,10,444,known,256,0.0,144.0,330.9219985331086,353.1138311993805,330.14082961854234,133.79111337503423
outcome-lag-64,10,444,known,288,0.0,162.0,353.2492542542431,379.1280926781135,352.46808533967686,140.13503132290253
outcome-lag-64,10,444,known,320,0.0,180.0,373.30255133830735,402.89527002548886,372.5213824237411,145.99591609437277
outcome-lag-64,10,444,known,352,0.0,198.0,392.92571706102257,426.7169307900238,392.1445481464563,152.1394191227651
outcome-lag-64,10,444,known,384,0.0,216.0,411.1404226033111,448.6614162971727,410.35925368874484,157.51782720097648
outcome-lag-64,10,444,known,416,0.0,234.0,428.8067743019943,469.9270103468145,428.0256053874281,162.6057731742234
outcome-lag-64,10,444,known,448,0.0,252.0,445.05495497601197,489.46465430651,444.2737860614457,167.15475635896922
outcome-lag-64,10,444,known,480,0.0,270.0,458.5040644110554,505.1396709074626,457.7228954964892,170.28016117391414
outcome-lag-64,10,444,known,512,0.0,288.0,472.31629259373426,520.7876194419949,471.535123679168,172.93828200223996
outcome-lag-64,10,444,product,32,0.0,18.0,55.0,55.0,55.0,22.440312280722335
outcome-lag-64,10,444,product,64,0.0,36.0,109.0,109.0,109.0,46.694220267708666
outcome-lag-64,10,444,product,96,0.0,54.0,165.78905756189334,165.08547602773808,165.08547602773808,70.29722464983098
outcome-lag-64,10,444,product,128,0.0,72.0,210.90129835343214,212.42530699213498,210.12012943886592,88.26240839309315
outcome-lag-64,10,444,product,160,0.0,90.0,249.2922972939906,255.8746801767628,248.51112837942438,103.37258910086659
outcome-lag-64,10,444,product,192,0.0,108.0,280.45920025610906,292.73480523646043,279.6780313415428,115.69483649231373
outcome-lag-64,10,444,product,224,0.0,126.0,308.6826889155789,326.65786533572134,307.90152000101267,126.3176829314113
outcome-lag-64,10,444,product,256,0.0,144.0,330.9219985331086,353.1138311993805,330.14082961854234,133.79111337503423
outcome-lag-64,10,444,product,288,0.0,162.0,353.2492542542431,379.1280926781135,352.46808533967686,140.13503132290253
outcome-lag-64,10,444,product,320,0.0,180.0,373.30255133830735,402.89527002548886,372.5213824237411,145.99591609437277
outcome-lag-64,10,444,product,352,0.0,198.0,392.92571706102257,426.7169307900238,392.1445481464563,152.1394191227651
outcome-lag-64,10,444,product,384,0.0,216.0,411.1404226033111,448.6614162971727,410.35925368874484,157.51782720097648
outcome-lag-64,10,444,product,416,0.0,234.0,428.8067743019943,469.9270103468145,428.0256053874281,162.6057731742234
outcome-lag-64,10,444,product,448,0.0,252.0,445.05495497601197,489.46465430651,444.2737860614457,167.15475635896922
outcome-lag-64,10,444,product,480,0.0,270.0,458.5040644110554,505.1396709074626,457.7228954964892,170.28016117391414
outcome-lag-64,10,444,product,512,0.0,288.0,472.31629259373426,520.7876194419949,471.535123679168,172.93828200223996
single-blocker,10,444,prefix,32,4.25,27.0,64.0,63.96821681185914,63.96821681185914,10.253203373190027
single-blocker,10,444,prefix,64,8.5,54.0,128.0,119.02559570213987,119.02559570213987,12.43862540533221
single-blocker,10,444,prefix,96,12.75,81.0,192.0,163.80614744910048,163.80614744910048,13.745141416280351
single-blocker,10,444,prefix,128,17.0,108.0,256.0,202.58758180221793,202.58758180221793,14.629314685555679
single-blocker,10,444,prefix,160,21.25,135.0,320.0,237.46065529739815,237.46065529739815,15.339780784297076
single-blocker,10,444,prefix,192,25.5,162.0,384.0,266.7283036877401,266.7283036877401,15.827461501277508
single-blocker,10,444,prefix,224,29.75,189.0,448.0,294.8250264224677,294.8250264224677,16.29030974518243
single-blocker,10,444,prefix,256,34.0,216.0,512.0,320.6555273901018,320.6555273901018,16.68080922623047
single-blocker,10,444,prefix,288,38.25,243.0,576.0,345.17630652490203,345.17630652490203,17.035537765566122
single-blocker,10,444,prefix,320,42.5,270.0,640.0,367.5510434250196,367.5510434250196,17.326704956002313
single-blocker,10,444,prefix,352,46.75,297.0,704.0,389.8670821091238,389.8670821091238,17.623994550538626
single-blocker,10,444,prefix,384,51.0,324.0,768.0,411.62440998456094,411.62440998456094,17.908273425247543
single-blocker,10,444,prefix,416,55.25,351.0,832.0,431.3182993430995,431.3182993430995,18.135601510597578
single-blocker,10,444,prefix,448,59.5,378.0,896.0,451.5647281136074,451.5647281136074,18.382541978590115
single-blocker,10,444,prefix,480,63.75,405.0,960.0,469.6192139193457,469.6192139193457,18.57242485892635
single-blocker,10,444,prefix,512,68.0,432.0,1024.0,487.48709641003137,487.48709641003137,18.761183722073465
single-blocker,10,444,intersection,32,4.25,27.0,64.0,63.96821681185914,63.96821681185914,10.253203373190027
single-blocker,10,444,intersection,64,6.53125,52.875,128.0,120.68345867134035,120.68345867134035,12.716100453728984
single-blocker,10,444,intersection,96,7.28125,77.875,192.0,168.41905442106696,168.41905442106696,14.011830901938994
single-blocker,10,444,intersection,128,8.03125,102.875,256.0,207.53230608802605,207.53230608802605,14.86586806919558
single-blocker,10,444,intersection,160,8.78125,127.875,320.0,240.9442642307755,240.9442642307755,15.48984248886443
single-blocker,10,444,intersection,192,9.96875,153.125,384.0,271.4057534050754,271.4057534050754,16.014916569859263
single-blocker,10,444,intersection,224,13.2265625,178.53125,447.0,300.27137539455657,300.27137539455657,16.50144273351159
single-blocker,10,444,intersection,256,13.2265625,196.53125,500.0,320.4896418351278,320.4896418351278,16.77738366416585
single-blocker,10,444,intersection,288,13.2265625,214.53125,558.0,341.403356340806,341.403356340806,17.047278416235546
single-blocker,10,444,intersection,320,13.2265625,232.53125,614.0,360.28225522394837,360.28225522394837,17.275102046081315
single-blocker,10,444,intersection,352,13.2265625,250.53125,672.0,378.8567910623709,378.8567910623709,17.488070758471476
single-blocker,10,444,intersection,384,13.2265625,268.53125,729.0,396.1754207000342,396.1754207000342,17.676501589855096
single-blocker,10,444,intersection,416,13.2265625,286.53125,787.0,413.03964884277383,413.03964884277383,17.85212976031104
single-blocker,10,444,intersection,448,13.2265625,304.53125,843.0,428.59971214642036,428.59971214642036,18.00703963727149
single-blocker,10,444,intersection,480,13.2265625,322.53125,892.0,441.54013040546135,441.54013040546135,18.129578779510492
single-blocker,10,444,intersection,512,13.2265625,340.53125,944.0,454.9452491117993,454.9452491117993,18.25363527470783
single-blocker,10,444,completed,32,4.25,27.0,64.0,63.96821681185914,63.96821681185914,10.253203373190027
single-blocker,10,444,completed,64,6.3125,52.75,128.0,120.81662176040324,120.81662176040324,12.73212609475463
single-blocker,10,444,completed,96,7.0625,77.75,192.0,168.3936382072417,168.3936382072417,14.010499934769529
single-blocker,10,444,completed,128,7.8125,102.75,256.0,207.43876624059402,207.43876624059402,14.861575139902666
single-blocker,10,444,completed,160,8.5625,127.75,320.0,240.77872467988533,240.77872467988533,15.482893336322071
single-blocker,10,444,completed,192,12.375,154.5,384.0,273.34102569065885,273.34102569065885,16.08888300035482
single-blocker,10,444,completed,224,14.765625,177.5625,445.0,300.48661416002614,300.48661416002614,16.526850613413224
single-blocker,10,444,completed,256,14.765625,195.5625,498.0,321.18334294914285,321.18334294914285,16.817699028316163
single-blocker,10,444,completed,288,14.765625,213.5625,556.0,342.56607569967514,342.56607569967514,17.10115457171514
single-blocker,10,444,completed,320,14.765625,231.5625,612.0,361.7938406517416,361.7938406517416,17.33838542381578
single-blocker,10,444,completed,352,14.765625,249.5625,670.0,380.6815703908562,380.6815703908562,17.55930307771358
single-blocker,10,444,completed,384,14.765625,267.5625,727.0,398.2541082179975,398.2541082179975,17.75383202003613
single-blocker,10,444,completed,416,14.765625,285.5625,785.0,415.3449501704994,415.3449501704994,17.93464003763721
single-blocker,10,444,completed,448,14.765625,303.5625,841.0,431.08750500858537,431.08750500858537,18.09354053715595
single-blocker,10,444,completed,480,14.765625,321.5625,890.0,444.1444581554567,444.1444581554567,18.21854344874653
single-blocker,10,444,completed,512,14.765625,339.5625,942.0,457.6752277889403,457.6752277889403,18.34518245898412
single-blocker,10,444,plugin,32,2.9609375,7.59375,40.0,39.96821681185914,39.96821681185914,7.610578528769852
single-blocker,10,444,plugin,64,6.4609375,7.59375,72.0,65.42435623340212,65.42435623340212,8.311599237039102
single-blocker,10,444,plugin,96,9.9609375,7.59375,104.0,84.7831968278086,84.7831968278086,8.719679814222108
single-blocker,10,444,plugin,128,13.4609375,7.59375,136.0,101.03345515740088,101.03345515740088,9.008667925922502
single-blocker,10,444,plugin,160,16.9609375,7.59375,168.0,115.31238195727079,115.31238195727079,9.23259455827307
single-blocker,10,444,plugin,192,20.4609375,7.59375,200.0,128.1978375468853,128.1978375468853,9.415437943040763
single-blocker,10,444,plugin,224,23.9609375,7.59375,232.0,140.0310352083931,140.0310352083931,9.569961246415486
single-blocker,10,444,plugin,256,27.4609375,7.59375,264.0,151.03333360981438,151.03333360981438,9.703772046150608
single-blocker,10,444,plugin,288,30.9609375,7.59375,296.0,161.35798108855585,161.35798108855585,9.821772362566978
single-blocker,10,444,plugin,320,34.4609375,7.59375,328.0,171.1162631808352,171.1162631808352,9.927306680227348
single-blocker,10,444,plugin,352,37.9609375,7.59375,360.0,180.39200998111025,180.39200998111025,10.022759046724346
single-blocker,10,444,plugin,384,41.4609375,7.59375,392.0,189.25023096678382,189.25023096678382,10.109888902349308
single-blocker,10,444,plugin,416,44.9609375,7.59375,424.0,197.74254455085054,197.74254455085054,10.190031853879791
single-blocker,10,444,plugin,448,48.4609375,7.59375,456.0,205.91074640079475,205.91074640079475,10.264225744016343
single-blocker,10,444,plugin,480,51.9609375,7.59375,488.0,213.78924141297622,213.78924141297622,10.333293073780482
single-blocker,10,444,plugin,512,55.4609375,7.59375,520.0,221.40675252840046,221.40675252840046,10.397896742883058
single-blocker,10,444,safe,32,3.5,0.0,32.0,31.968216811859147,31.968216811859147,4.02724519543652
single-blocker,10,444,safe,64,7.0,0.0,64.0,57.42435623340214,57.42435623340214,4.7282659037057675
single-blocker,10,444,safe,96,10.5,0.0,96.0,76.78319682780861,76.78319682780861,5.136346480888775
single-blocker,10,444,safe,128,14.0,0.0,128.0,93.03345515740088,93.03345515740088,5.425334592589174
single-blocker,10,444,safe,160,17.5,0.0,160.0,107.31238195727079,107.31238195727079,5.649261224939744
single-blocker,10,444,safe,192,21.0,0.0,192.0,120.1978375468853,120.1978375468853,5.832104609707439
single-blocker,10,444,safe,224,24.5,0.0,224.0,132.0310352083931,132.0310352083931,5.986627913082163
single-blocker,10,444,safe,256,28.0,0.0,256.0,143.03333360981438,143.03333360981438,6.120438712817281
single-blocker,10,444,safe,288,31.5,0.0,288.0,153.35798108855585,153.35798108855585,6.238439029233648
single-blocker,10,444,safe,320,35.0,0.0,320.0,163.1162631808352,163.1162631808352,6.343973346894013
single-blocker,10,444,safe,352,38.5,0.0,352.0,172.39200998111025,172.39200998111025,6.43942571339101
single-blocker,10,444,safe,384,42.0,0.0,384.0,181.25023096678382,181.25023096678382,6.5265555690159704
single-blocker,10,444,safe,416,45.5,0.0,416.0,189.74254455085054,189.74254455085054,6.6066985205464555
single-blocker,10,444,safe,448,49.0,0.0,448.0,197.91074640079475,197.91074640079475,6.680892410683006
single-blocker,10,444,safe,480,52.5,0.0,480.0,205.78924141297622,205.78924141297622,6.7499597404471405
single-blocker,10,444,safe,512,56.0,0.0,512.0,213.40675252840046,213.40675252840046,6.81456340954972
single-blocker,10,444,known,32,0.0,18.0,55.0,54.96821681185914,54.96821681185914,7.718058445653794
single-blocker,10,444,known,64,0.0,36.0,109.0,100.85735034754566,100.85735034754566,9.10099179703487
single-blocker,10,444,known,96,0.0,54.0,166.0,138.163976279154,138.163976279154,9.954897524241133
single-blocker,10,444,known,128,0.0,72.0,221.0,168.1591894475497,168.1591894475497,10.529763771644092
single-blocker,10,444,known,160,0.0,90.0,281.0,196.9867476650533,196.9867476650533,11.01812951229314
single-blocker,10,444,known,192,0.0,108.0,339.0,221.90284346545397,221.90284346545397,11.396347644443487
single-blocker,10,444,known,224,0.0,126.0,399.0,245.53247916914427,245.53247916914427,11.725769687970523
single-blocker,10,444,known,256,0.0,144.0,452.0,264.7624607485216,264.7624607485216,11.97321584731178
single-blocker,10,444,known,288,0.0,162.0,510.0,284.675666564953,284.675666564953,12.21607813287858
single-blocker,10,444,known,320,0.0,180.0,566.0,302.79036765833854,302.79036765833854,12.424486650358707
single-blocker,10,444,known,352,0.0,198.0,624.0,320.6646428270487,320.6646428270487,12.620604082926299
single-blocker,10,444,known,384,0.0,216.0,681.0,337.4059350993718,337.4059350993718,12.795818926311824
single-blocker,10,444,known,416,0.0,234.0,739.0,353.74778197175476,353.74778197175476,12.960017722300112
single-blocker,10,444,known,448,0.0,252.0,795.0,368.8824162656607,368.8824162656607,13.105991241256204
single-blocker,10,444,known,480,0.0,270.0,844.0,381.5489918280748,381.5489918280748,13.222955017662478
single-blocker,10,444,known,512,0.0,288.0,896.0,394.65698349518465,394.65698349518465,13.341118978565715
single-blocker,10,444,product,32,0.0,18.0,55.0,54.96821681185914,54.96821681185914,7.718058445653794
single-blocker,10,444,product,64,0.0,36.0,109.0,100.85735034754566,100.85735034754566,9.10099179703487
single-blocker,10,444,product,96,0.0,54.0,166.0,138.163976279154,138.163976279154,9.954897524241133
single-blocker,10,444,product,128,0.0,72.0,221.0,168.1591894475497,168.1591894475497,10.529763771644092
single-blocker,10,444,product,160,0.0,90.0,281.0,196.9867476650533,196.9867476650533,11.01812951229314
single-blocker,10,444,product,192,0.0,108.0,339.0,221.90284346545397,221.90284346545397,11.396347644443487
single-blocker,10,444,product,224,0.0,126.0,399.0,245.53247916914427,245.53247916914427,11.725769687970523
single-blocker,10,444,product,256,0.0,144.0,452.0,264.7624607485216,264.7624607485216,11.97321584731178
single-blocker,10,444,product,288,0.0,162.0,510.0,284.675666564953,284.675666564953,12.21607813287858
single-blocker,10,444,product,320,0.0,180.0,566.0,302.79036765833854,302.79036765833854,12.424486650358707
single-blocker,10,444,product,352,0.0,198.0,624.0,320.6646428270487,320.6646428270487,12.620604082926299
single-blocker,10,444,product,384,0.0,216.0,681.0,337.4059350993718,337.4059350993718,12.795818926311824
single-blocker,10,444,product,416,0.0,234.0,739.0,353.74778197175476,353.74778197175476,12.960017722300112
single-blocker,10,444,product,448,0.0,252.0,795.0,368.8824162656607,368.8824162656607,13.105991241256204
single-blocker,10,444,product,480,0.0,270.0,844.0,381.5489918280748,381.5489918280748,13.222955017662478
single-blocker,10,444,product,512,0.0,288.0,896.0,394.65698349518465,394.65698349518465,13.341118978565715
outcome-lag-64,12,444,prefix,32,0.75,25.0,64.0,64.0,64.0,27.2888338572811
outcome-lag-64,12,444,prefix,64,1.5,50.0,128.0,128.0,128.0,60.63389318906823
outcome-lag-64,12,444,prefix,96,2.25,75.0,191.8480843469049,190.34904639445682,190.34904639445682,86.73680758227907
outcome-lag-64,12,444,prefix,128,3.0,100.0,246.86243332575788,245.98959114654986,244.7016988504922,105.01735159754764
outcome-lag-64,12,444,prefix,160,3.75,125.0,291.4930502453611,294.5583716217847,288.22492295877674,119.60349572114808
outcome-lag-64,12,444,prefix,192,4.5,150.0,327.5446612483548,336.0749320428171,324.06787642496136,132.27966857866886
outcome-lag-64,12,444,prefix,224,5.25,175.0,361.47201038666225,374.4793204024195,357.8444257877318,142.08304471699944
outcome-lag-64,12,444,prefix,256,6.0,200.0,391.55999067725924,409.29021944545815,387.71573126110593,150.818477993592
outcome-lag-64,12,444,prefix,288,6.75,225.0,418.22778873578443,440.00960376657486,414.2052784855324,158.15453461320533
outcome-lag-64,12,444,prefix,320,7.5,250.0,444.0675470530431,468.8597076651178,439.8865377201446,163.79724712908657
outcome-lag-64,12,444,prefix,352,7.5,268.0,463.28546661544806,491.1899241185772,459.10445728254956,168.8484257813726
outcome-lag-64,12,444,prefix,384,7.5,286.0,479.28082550580376,510.3091294061792,475.09981617290526,173.3704819672378
outcome-lag-64,12,444,prefix,416,7.5,304.0,497.53470416852247,532.0766696775971,493.35369483562397,178.33644811923782
outcome-lag-64,12,444,prefix,448,7.5,322.0,513.402594710251,550.7557507804837,509.2215853773526,182.36174018545208
outcome-lag-64,12,444,prefix,480,7.5,340.0,529.2564150608681,569.525810365967,525.0754057279697,186.41738353328697
outcome-lag-64,12,444,prefix,512,7.5,358.0,544.7775464272536,588.0479958776529,540.5965370943552,190.44451075575972
outcome-lag-64,12,444,intersection,32,0.75,25.0,64.0,64.0,64.0,27.2888338572811
outcome-lag-64,12,444,intersection,64,1.5,50.0,128.0,128.0,128.0,60.63389318906823
outcome-lag-64,12,444,intersection,96,2.25,75.0,191.8480843469049,190.34904639445682,190.34904639445682,86.73680758227907
outcome-lag-64,12,444,intersection,128,3.0,100.0,246.86243332575788,245.98959114654986,244.7016988504922,105.01735159754764
outcome-lag-64,12,444,intersection,160,3.75,125.0,291.4930502453611,294.5583716217847,288.22492295877674,119.60349572114808
outcome-lag-64,12,444,intersection,192,4.5,150.0,327.5446612483548,336.0749320428171,324.06787642496136,132.27966857866886
outcome-lag-64,12,444,intersection,224,5.25,175.0,361.47201038666225,374.4793204024195,357.8444257877318,142.08304471699944
outcome-lag-64,12,444,intersection,256,6.0,200.0,391.55999067725924,409.29021944545815,387.71573126110593,150.818477993592
outcome-lag-64,12,444,intersection,288,6.609375,223.6875,418.22778873578443,440.00960376657486,414.2052784855324,158.15453461320533
outcome-lag-64,12,444,intersection,320,6.609375,241.6875,437.9190635357999,462.86972323052095,433.8965532855479,163.5587367494034
outcome-lag-64,12,444,intersection,352,6.609375,259.6875,457.1369830982049,485.19993968398035,453.11447284795287,168.60991540168945
outcome-lag-64,12,444,intersection,384,6.609375,277.6875,473.1323419885606,504.3191449715823,469.10983173830857,173.13197158755463
outcome-lag-64,12,444,intersection,416,6.609375,295.6875,491.3862206512793,526.0866852430005,487.3637104010273,178.09793773955465
outcome-lag-64,12,444,intersection,448,6.609375,313.6875,507.25411119300793,544.7657663458871,503.2316009427559,182.12322980576891
outcome-lag-64,12,444,intersection,480,6.609375,331.6875,523.1079315436251,563.5358259313704,519.0854212933729,186.1788731536038
outcome-lag-64,12,444,intersection,512,6.609375,349.6875,538.6290629100106,582.0580114430562,534.6065526597583,190.20600037607656
outcome-lag-64,12,444,completed,32,0.75,25.0,64.0,64.0,64.0,27.2888338572811
outcome-lag-64,12,444,completed,64,2.2734375,42.96875,119.0,119.0,119.0,56.040983665508556
outcome-lag-64,12,444,completed,96,4.140625,57.8125,169.8480843469049,168.34904639445682,168.34904639445682,74.01829833985147
outcome-lag-64,12,444,completed,128,4.890625,82.8125,224.50879133191938,223.9499191793097,222.36335014658604,90.01700196584721
outcome-lag-64,12,444,completed,160,5.640625,107.8125,271.53226420366207,275.03893721342513,268.5274327541774,105.51895991715926
outcome-lag-64,12,444,completed,192,6.390625,132.8125,310.1369015540663,318.9160690735028,306.8605668972887,119.36056585320054
outcome-lag-64,12,444,completed,224,7.140625,157.8125,345.6062979160061,358.8084513712305,342.1216083391643,129.7734471147566
outcome-lag-64,12,444,completed,256,7.5390625,179.53125,373.82730048467795,391.9551408103975,370.25548351903893,138.69875858823792
outcome-lag-64,12,444,completed,288,8.03125,202.125,399.16302477621,421.54400040604975,395.5597929351052,146.12357656817383
outcome-lag-64,12,444,completed,320,8.453125,224.0625,423.1820880927908,448.7853358626163,419.5662912276772,151.81268658881223
outcome-lag-64,12,444,completed,352,8.453125,242.0625,442.8511785227923,471.60881158232763,439.23538165767866,157.03828283169548
outcome-lag-64,12,444,completed,384,8.6171875,261.59375,460.3392421704091,492.2613489206182,456.72344530529546,161.66645785129194
outcome-lag-64,12,444,completed,416,8.6171875,279.59375,478.948428179638,514.4558174091331,475.33263131452435,166.7818613635814
outcome-lag-64,12,444,completed,448,8.6171875,297.59375,495.07136500862583,533.4475624433753,491.4555681435122,170.92085677220018
outcome-lag-64,12,444,completed,480,8.6171875,315.59375,511.17177317200475,552.5174323819923,507.5559763068911,175.08193504104312
outcome-lag-64,12,444,completed,512,8.6171875,333.59375,526.9171327345922,571.3097816841445,523.3013358694787,179.19771515487366
outcome-lag-64,12,444,plugin,32,1.140625,13.3125,44.0,44.0,44.0,20.28775576870301
outcome-lag-64,12,444,plugin,64,4.140625,17.3125,81.0,81.0,81.0,38.21548757587831
outcome-lag-64,12,444,plugin,96,6.6875,23.25,122.84808434690487,121.34904639445679,121.34904639445679,53.15908729798318
outcome-lag-64,12,444,plugin,128,10.078125,23.8125,147.35273739971694,146.2802226925841,145.4657680193965,62.128993378218574
outcome-lag-64,12,444,plugin,160,10.515625,39.5625,184.15603275704296,185.94728336520203,182.26906337672256,73.21110530188525
outcome-lag-64,12,444,plugin,192,13.6875,41.25,202.05989863225477,206.28435070796104,200.17292925193436,79.51202385443159
outcome-lag-64,12,444,plugin,224,14.453125,55.3125,229.9027946730617,236.95903408302223,228.01020432580052,87.4882020913416
outcome-lag-64,12,444,plugin,256,14.453125,73.3125,260.02335021166243,270.6882650699338,258.1307598644012,96.23483819440042
outcome-lag-64,12,444,plugin,288,15.0,88.5,289.0280327935213,302.9139423671741,287.1354424462601,105.49165094476437
outcome-lag-64,12,444,plugin,320,15.0,106.5,313.91768458053986,330.7787597697025,312.02509423327865,112.79445143806595
outcome-lag-64,12,444,plugin,352,15.0,124.5,337.42915499261846,357.3674011662806,335.53656464535726,119.36110001401691
outcome-lag-64,12,444,plugin,384,15.0,142.5,355.9148425673168,379.2126925115523,354.0222522200556,124.8735212479567
outcome-lag-64,12,444,plugin,416,15.0,160.5,377.21586492787037,404.5311466536503,375.3232745806091,131.1707739514767
outcome-lag-64,12,444,plugin,448,15.0,178.5,395.1889512475512,425.72714023770124,393.2963609002899,136.16821939554708
outcome-lag-64,12,444,plugin,480,15.0,196.5,413.0150297454296,446.8462129575266,411.12243939816835,141.09757816645967
outcome-lag-64,12,444,plugin,512,15.0,214.5,430.27398117452526,467.4323572054726,428.381390827264,145.83866518719256
outcome-lag-64,12,444,safe,32,3.5,0.0,32.0,32.0,32.0,12.963946244893489
outcome-lag-64,12,444,safe,64,7.0,0.0,64.0,64.0,64.0,28.91289017328091
outcome-lag-64,12,444,safe,96,10.5,0.0,95.84808434690487,94.34904639445679,94.34904639445679,41.17063588441566
outcome-lag-64,12,444,safe,128,14.0,0.0,120.35273739971716,119.28022269258415,118.46576801939673,50.14054196465106
outcome-lag-64,12,444,safe,160,17.5,0.0,139.1560327570432,140.94728336520208,137.2690633767228,57.75260246974972
outcome-lag-64,12,444,safe,192,21.0,0.0,155.059898632255,159.2843507079611,153.17292925193462,63.387057607661866
outcome-lag-64,12,444,safe,224,24.5,0.0,169.05886968753563,175.8582595285747,167.17190030721525,68.28229207014236
outcome-lag-64,12,444,safe,256,28.0,0.0,181.71765628135833,191.58697534166012,179.83068690103795,73.14252028154164
outcome-lag-64,12,444,safe,288,31.5,0.0,193.3801880283477,205.82963052833117,191.49321864802732,77.17852830588765
outcome-lag-64,12,444,safe,320,35.0,0.0,204.23738259044694,218.49164059201746,202.35041321012656,80.18779059495489
outcome-lag-64,12,444,safe,352,38.5,0.0,214.4104274838543,230.554141490637,212.52345810353393,83.06999705979628
outcome-lag-64,12,444,safe,384,42.0,0.0,224.0505965060112,242.40099699465034,222.16362712569082,86.14576143376091
outcome-lag-64,12,444,safe,416,45.5,0.0,233.2209402789686,253.55568960306522,231.33397089864823,88.88828340963956
outcome-lag-64,12,444,safe,448,49.0,0.0,241.98202504020804,263.8288917047159,240.09505565988766,91.0674775514824
outcome-lag-64,12,444,safe,480,52.5,0.0,250.37922683568152,273.84839209002405,248.49225745536114,93.27755025437321
outcome-lag-64,12,444,safe,512,56.0,0.0,258.46595873457426,283.75352021793293,256.5789893542539,95.62977093596042
outcome-lag-64,12,444,known,32,0.0,18.0,49.0,49.0,49.0,25.26547110891835
outcome-lag-64,12,444,known,64,0.0,36.0,105.0,105.0,105.0,56.92019341275235
outcome-lag-64,12,444,known,96,0.0,54.0,162.8480843469049,161.3490463944568,161.3490463944568,82.03600998430014
outcome-lag-64,12,444,known,128,0.0,72.0,209.86243332575788,209.076716764437,207.78882446837935,99.70571368255408
outcome-lag-64,12,444,known,160,0.0,90.0,243.77842979502435,248.03826960065382,241.70482093764582,113.62028931184501
outcome-lag-64,12,444,known,192,0.0,108.0,276.29033880225745,286.22378556273475,274.2167299448789,125.95265664715691
outcome-lag-64,12,444,known,224,0.0,126.0,300.73141734065223,315.2498653283561,298.6578084832737,134.70237701507267
outcome-lag-64,12,444,known,256,0.0,144.0,323.6706072414515,343.1243695103077,321.59699838407295,142.8528387716635
outcome-lag-64,12,444,known,288,0.0,162.0,346.8950027709718,370.5786021365183,344.8213939135933,149.93709013157684
outcome-lag-64,12,444,known,320,0.0,180.0,366.5862775709873,393.4387216004644,364.5126687136088,155.34129226777492
outcome-lag-64,12,444,known,352,0.0,198.0,385.8041971333923,415.76893805392376,383.73058827601375,160.39247092006096
outcome-lag-64,12,444,known,384,0.0,216.0,401.799556023748,434.88814334152573,399.72594716636945,164.91452710592614
outcome-lag-64,12,444,known,416,0.0,234.0,420.0534346864667,456.6556836129438,417.97982582908816,169.88049325792616
outcome-lag-64,12,444,known,448,0.0,252.0,435.9213252281953,475.33476471583054,433.8477163708168,173.90578532414042
outcome-lag-64,12,444,known,480,0.0,270.0,451.7751455788124,494.1048243013135,449.70153672143385,177.9614286719753
outcome-lag-64,12,444,known,512,0.0,288.0,467.2962769451979,512.6270098129997,465.2226680878194,181.98855589444807
outcome-lag-64,12,444,product,32,0.0,18.0,49.0,49.0,49.0,25.26547110891835
outcome-lag-64,12,444,product,64,0.0,36.0,105.0,105.0,105.0,56.92019341275235
outcome-lag-64,12,444,product,96,0.0,54.0,162.8480843469049,161.3490463944568,161.3490463944568,82.03600998430014
outcome-lag-64,12,444,product,128,0.0,72.0,209.86243332575788,209.076716764437,207.78882446837935,99.70571368255408
outcome-lag-64,12,444,product,160,0.0,90.0,243.77842979502435,248.03826960065382,241.70482093764582,113.62028931184501
outcome-lag-64,12,444,product,192,0.0,108.0,276.29033880225745,286.22378556273475,274.2167299448789,125.95265664715691
outcome-lag-64,12,444,product,224,0.0,126.0,300.73141734065223,315.2498653283561,298.6578084832737,134.70237701507267
outcome-lag-64,12,444,product,256,0.0,144.0,323.6706072414515,343.1243695103077,321.59699838407295,142.8528387716635
outcome-lag-64,12,444,product,288,0.0,162.0,346.8950027709718,370.5786021365183,344.8213939135933,149.93709013157684
outcome-lag-64,12,444,product,320,0.0,180.0,366.5862775709873,393.4387216004644,364.5126687136088,155.34129226777492
outcome-lag-64,12,444,product,352,0.0,198.0,385.8041971333923,415.76893805392376,383.73058827601375,160.39247092006096
outcome-lag-64,12,444,product,384,0.0,216.0,401.799556023748,434.88814334152573,399.72594716636945,164.91452710592614
outcome-lag-64,12,444,product,416,0.0,234.0,420.0534346864667,456.6556836129438,417.97982582908816,169.88049325792616
outcome-lag-64,12,444,product,448,0.0,252.0,435.9213252281953,475.33476471583054,433.8477163708168,173.90578532414042
outcome-lag-64,12,444,product,480,0.0,270.0,451.7751455788124,494.1048243013135,449.70153672143385,177.9614286719753
outcome-lag-64,12,444,product,512,0.0,288.0,467.2962769451979,512.6270098129997,465.2226680878194,181.98855589444807
single-blocker,12,444,prefix,32,0.75,25.0,64.0,63.96821681185914,63.96821681185914,10.659536515227838
single-blocker,12,444,prefix,64,1.5,50.0,128.0,120.53907305509675,120.53907305509675,12.697622192859413
single-blocker,12,444,prefix,96,2.25,75.0,192.0,165.20859247092844,165.20859247092844,13.837944554097033
single-blocker,12,444,prefix,128,3.0,100.0,256.0,203.66204661315237,203.66204661315237,14.682464392232317
single-blocker,12,444,prefix,160,3.75,125.0,320.0,238.34068724647804,238.34068724647804,15.378468673923505
single-blocker,12,444,prefix,192,4.5,150.0,384.0,267.6688063345011,267.6688063345011,15.866200198434528
single-blocker,12,444,prefix,224,5.25,175.0,448.0,296.7677733990661,296.7677733990661,16.364155041727656
single-blocker,12,444,prefix,256,6.0,200.0,512.0,323.2525042037475,323.2525042037475,16.77342007996291
single-blocker,12,444,prefix,288,6.75,225.0,576.0,346.95832757022146,346.95832757022146,17.095915744933414
single-blocker,12,444,prefix,320,7.5,250.0,640.0,370.4914674030968,370.4914674030968,17.4216641951471
single-blocker,12,444,prefix,352,8.25,275.0,704.0,392.4222224795126,392.4222224795126,17.70270600513627
single-blocker,12,444,prefix,384,9.0,300.0,768.0,414.54358222656504,414.54358222656504,17.99364500738344
single-blocker,12,444,prefix,416,9.75,325.0,832.0,434.03510365325275,434.03510365325275,18.212518385714773
single-blocker,12,444,prefix,448,10.5,350.0,896.0,453.70361954207004,453.70361954207004,18.440630091279157
single-blocker,12,444,prefix,480,11.25,375.0,960.0,472.3143718315396,472.3143718315396,18.643487878230392
single-blocker,12,444,prefix,512,12.0,400.0,1024.0,490.1369694763029,490.1369694763029,18.829058087127766
single-blocker,12,444,intersection,32,0.75,25.0,64.0,63.96821681185914,63.96821681185914,10.659536515227838
single-blocker,12,444,intersection,64,1.5,50.0,128.0,120.53907305509675,120.53907305509675,12.697622192859413
single-blocker,12,444,intersection,96,2.25,75.0,192.0,165.20859247092844,165.20859247092844,13.837944554097033
single-blocker,12,444,intersection,128,3.0,100.0,256.0,203.66204661315237,203.66204661315237,14.682464392232317
single-blocker,12,444,intersection,160,3.75,125.0,320.0,238.34068724647804,238.34068724647804,15.378468673923505
single-blocker,12,444,intersection,192,4.5,150.0,384.0,267.6688063345011,267.6688063345011,15.866200198434528
single-blocker,12,444,intersection,224,5.25,175.0,448.0,296.7677733990661,296.7677733990661,16.364155041727656
single-blocker,12,444,intersection,256,6.0,200.0,512.0,323.2525042037475,323.2525042037475,16.77342007996291
single-blocker,12,444,intersection,288,6.75,225.0,576.0,346.95832757022146,346.95832757022146,17.095915744933414
single-blocker,12,444,intersection,320,7.171875,246.9375,636.0,368.1857364240466,368.1857364240466,17.3754136930508
single-blocker,12,444,intersection,352,7.171875,264.9375,692.0,385.6592764243348,385.6592764243348,17.569915892165756
single-blocker,12,444,intersection,384,7.171875,282.9375,742.0,400.4118930776302,400.4118930776302,17.725383443724393
single-blocker,12,444,intersection,416,7.171875,300.9375,801.0,417.38808585542137,417.38808585542137,17.900002102097545
single-blocker,12,444,intersection,448,7.171875,318.9375,855.0,432.18695184695576,432.18695184695576,18.045079056959455
single-blocker,12,444,intersection,480,7.171875,336.9375,911.0,447.0424304598393,447.0424304598393,18.18614143219485
single-blocker,12,444,intersection,512,7.171875,354.9375,968.0,461.671953174167,461.671953174167,18.320605857309424
single-blocker,12,444,completed,32,0.75,25.0,64.0,63.96821681185914,63.96821681185914,10.659536515227838
single-blocker,12,444,completed,64,1.5,50.0,128.0,120.53907305509675,120.53907305509675,12.697622192859413
single-blocker,12,444,completed,96,2.25,75.0,192.0,165.20859247092844,165.20859247092844,13.837944554097033
single-blocker,12,444,completed,128,3.0,100.0,256.0,203.66204661315237,203.66204661315237,14.682464392232317
single-blocker,12,444,completed,160,3.75,125.0,320.0,238.34068724647804,238.34068724647804,15.378468673923505
single-blocker,12,444,completed,192,4.5,150.0,384.0,267.6688063345011,267.6688063345011,15.866200198434528
single-blocker,12,444,completed,224,5.25,175.0,448.0,296.7677733990661,296.7677733990661,16.364155041727656
single-blocker,12,444,completed,256,6.0,200.0,512.0,323.2525042037475,323.2525042037475,16.77342007996291
single-blocker,12,444,completed,288,6.75,225.0,576.0,346.95832757022146,346.95832757022146,17.095915744933414
single-blocker,12,444,completed,320,7.0546875,245.84375,634.0,367.01198416698037,367.01198416698037,17.351460738374954
single-blocker,12,444,completed,352,7.0546875,263.84375,690.0,384.4855241672686,384.4855241672686,17.54596293748991
single-blocker,12,444,completed,384,7.0546875,281.84375,740.0,399.238140820564,399.238140820564,17.701430489048548
single-blocker,12,444,completed,416,7.0546875,299.84375,799.0,416.21433359835515,416.21433359835515,17.8760491474217
single-blocker,12,444,completed,448,7.0546875,317.84375,853.0,431.01319958988955,431.01319958988955,18.02112610228361
single-blocker,12,444,completed,480,7.0546875,335.84375,909.0,445.8686782027731,445.8686782027731,18.162188477519006
single-blocker,12,444,completed,512,7.0546875,353.84375,966.0,460.4982009171008,460.4982009171008,18.29665290263358
single-blocker,12,444,plugin,32,0.1640625,19.53125,52.0,51.96821681185914,51.96821681185914,8.907974188665513
single-blocker,12,444,plugin,64,0.1640625,37.53125,108.0,100.53907305509674,100.53907305509674,10.50680894264214
single-blocker,12,444,plugin,96,0.1640625,55.53125,166.0,139.20859247092844,139.20859247092844,11.410773515130668
single-blocker,12,444,plugin,128,0.1640625,73.53125,222.0,170.038947991679,170.038947991679,12.007905195437681
single-blocker,12,444,plugin,160,0.1640625,91.53125,275.0,195.51852483535978,195.51852483535978,12.44050483219272
single-blocker,12,444,plugin,192,0.1640625,109.53125,335.0,221.7785556469042,221.7785556469042,12.84738701696785
single-blocker,12,444,plugin,224,0.1640625,127.53125,387.0,242.34341716566385,242.34341716566385,13.135889138021897
single-blocker,12,444,plugin,256,0.1640625,145.53125,441.0,262.33048174925955,262.33048174925955,13.398911296256722
single-blocker,12,444,plugin,288,0.1640625,163.53125,500.0,282.9571464131361,282.9571464131361,13.655594693836012
single-blocker,12,444,plugin,320,0.1640625,181.53125,554.0,300.61890970551406,300.61890970551406,13.861440658465888
single-blocker,12,444,plugin,352,0.1640625,199.53125,610.0,318.09244970580227,318.09244970580227,14.055942857580837
single-blocker,12,444,plugin,384,0.1640625,217.53125,660.0,332.8450663590977,332.8450663590977,14.211410409139475
single-blocker,12,444,plugin,416,0.1640625,235.53125,719.0,349.82125913688884,349.82125913688884,14.386029067512622
single-blocker,12,444,plugin,448,0.1640625,253.53125,773.0,364.62012512842324,364.62012512842324,14.531106022374527
single-blocker,12,444,plugin,480,0.1640625,271.53125,829.0,379.47560374130677,379.47560374130677,14.672168397609914
single-blocker,12,444,plugin,512,0.1640625,289.53125,886.0,394.1051264556345,394.1051264556345,14.806632822724495
single-blocker,12,444,safe,32,3.5,0.0,32.0,31.968216811859147,31.968216811859147,4.02724519543652
single-blocker,12,444,safe,64,7.0,0.0,64.0,57.42435623340214,57.42435623340214,4.7282659037057675
single-blocker,12,444,safe,96,10.5,0.0,96.0,76.78319682780861,76.78319682780861,5.136346480888775
single-blocker,12,444,safe,128,14.0,0.0,128.0,93.03345515740088,93.03345515740088,5.425334592589174
single-blocker,12,444,safe,160,17.5,0.0,160.0,107.31238195727079,107.31238195727079,5.649261224939744
single-blocker,12,444,safe,192,21.0,0.0,192.0,120.1978375468853,120.1978375468853,5.832104609707439
single-blocker,12,444,safe,224,24.5,0.0,224.0,132.0310352083931,132.0310352083931,5.986627913082163
single-blocker,12,444,safe,256,28.0,0.0,256.0,143.03333360981438,143.03333360981438,6.120438712817281
single-blocker,12,444,safe,288,31.5,0.0,288.0,153.35798108855585,153.35798108855585,6.238439029233648
single-blocker,12,444,safe,320,35.0,0.0,320.0,163.1162631808352,163.1162631808352,6.343973346894013
single-blocker,12,444,safe,352,38.5,0.0,352.0,172.39200998111025,172.39200998111025,6.43942571339101
single-blocker,12,444,safe,384,42.0,0.0,384.0,181.25023096678382,181.25023096678382,6.5265555690159704
single-blocker,12,444,safe,416,45.5,0.0,416.0,189.74254455085054,189.74254455085054,6.6066985205464555
single-blocker,12,444,safe,448,49.0,0.0,448.0,197.91074640079475,197.91074640079475,6.680892410683006
single-blocker,12,444,safe,480,52.5,0.0,480.0,205.78924141297622,205.78924141297622,6.7499597404471405
single-blocker,12,444,safe,512,56.0,0.0,512.0,213.40675252840046,213.40675252840046,6.81456340954972
single-blocker,12,444,known,32,0.0,18.0,49.0,48.96821681185914,48.96821681185914,7.407974188665513
single-blocker,12,444,known,64,0.0,36.0,105.0,97.53907305509674,97.53907305509674,9.006808942642138
single-blocker,12,444,known,96,0.0,54.0,163.0,136.2085924709284,136.2085924709284,9.910773515130666
single-blocker,12,444,known,128,0.0,72.0,219.0,167.03894799167898,167.03894799167898,10.50790519543768
single-blocker,12,444,known,160,0.0,90.0,272.0,192.51852483535976,192.51852483535976,10.940504832192719
single-blocker,12,444,known,192,0.0,108.0,332.0,218.77855564690418,218.77855564690418,11.347387016967849
single-blocker,12,444,known,224,0.0,126.0,384.0,239.34341716566382,239.34341716566382,11.635889138021895
single-blocker,12,444,known,256,0.0,144.0,438.0,259.3304817492595,259.3304817492595,11.89891129625672
single-blocker,12,444,known,288,0.0,162.0,497.0,279.95714641313606,279.95714641313606,12.15559469383601
single-blocker,12,444,known,320,0.0,180.0,551.0,297.61890970551394,297.61890970551394,12.361440658465886
single-blocker,12,444,known,352,0.0,198.0,607.0,315.09244970580215,315.09244970580215,12.555942857580835
single-blocker,12,444,known,384,0.0,216.0,657.0,329.8450663590976,329.8450663590976,12.711410409139473
single-blocker,12,444,known,416,0.0,234.0,716.0,346.8212591368887,346.8212591368887,12.88602906751262
single-blocker,12,444,known,448,0.0,252.0,770.0,361.6201251284231,361.6201251284231,13.031106022374525
single-blocker,12,444,known,480,0.0,270.0,826.0,376.47560374130666,376.47560374130666,13.172168397609912
single-blocker,12,444,known,512,0.0,288.0,883.0,391.1051264556344,391.1051264556344,13.306632822724493
single-blocker,12,444,product,32,0.0,18.0,49.0,48.96821681185914,48.96821681185914,7.407974188665513
single-blocker,12,444,product,64,0.0,36.0,105.0,97.53907305509674,97.53907305509674,9.006808942642138
single-blocker,12,444,product,96,0.0,54.0,163.0,136.2085924709284,136.2085924709284,9.910773515130666
single-blocker,12,444,product,128,0.0,72.0,219.0,167.03894799167898,167.03894799167898,10.50790519543768
single-blocker,12,444,product,160,0.0,90.0,272.0,192.51852483535976,192.51852483535976,10.940504832192719
single-blocker,12,444,product,192,0.0,108.0,332.0,218.77855564690418,218.77855564690418,11.347387016967849
single-blocker,12,444,product,224,0.0,126.0,384.0,239.34341716566382,239.34341716566382,11.635889138021895
single-blocker,12,444,product,256,0.0,144.0,438.0,259.3304817492595,259.3304817492595,11.89891129625672
single-blocker,12,444,product,288,0.0,162.0,497.0,279.95714641313606,279.95714641313606,12.15559469383601
single-blocker,12,444,product,320,0.0,180.0,551.0,297.61890970551394,297.61890970551394,12.361440658465886
single-blocker,12,444,product,352,0.0,198.0,607.0,315.09244970580215,315.09244970580215,12.555942857580835
single-blocker,12,444,product,384,0.0,216.0,657.0,329.8450663590976,329.8450663590976,12.711410409139473
single-blocker,12,444,product,416,0.0,234.0,716.0,346.8212591368887,346.8212591368887,12.88602906751262
single-blocker,12,444,product,448,0.0,252.0,770.0,361.6201251284231,361.6201251284231,13.031106022374525
single-blocker,12,444,product,480,0.0,270.0,826.0,376.47560374130666,376.47560374130666,13.172168397609912
single-blocker,12,444,product,512,0.0,288.0,883.0,391.1051264556344,391.1051264556344,13.306632822724493
outcome-lag-64,14,444,prefix,32,3.5,23.0,64.0,64.0,64.0,42.769533456447064
outcome-lag-64,14,444,prefix,64,7.0,46.0,128.0,128.0,128.0,82.04257754029027
outcome-lag-64,14,444,prefix,96,10.5,69.0,191.82331768849212,191.49612846607218,191.49612846607218,112.49777017340217
outcome-lag-64,14,444,prefix,128,14.0,92.0,246.28933037661665,247.83917226291842,245.68995529169814,134.13662670300064
outcome-lag-64,14,444,prefix,160,17.5,115.0,290.31216587148214,296.258675730011,289.71279078656363,150.48607172252088
outcome-lag-64,14,444,prefix,192,21.0,138.0,328.57645089347324,339.43193487786715,327.97707580855473,163.56595193901114
outcome-lag-64,14,444,prefix,224,24.5,161.0,361.69788702424216,377.7987685237711,361.09851193932366,174.40606302219058
outcome-lag-64,14,444,prefix,256,26.90625,183.375,393.8313409854046,415.5620351109012,393.2319659004861,184.79386320881
outcome-lag-64,14,444,prefix,288,26.90625,204.375,426.79870572314326,454.7404886779394,426.19933063822475,196.57640269376418
outcome-lag-64,14,444,prefix,320,26.90625,225.375,456.1876802863444,490.35551654846165,455.5883052014259,207.68544230685396
outcome-lag-64,14,444,prefix,352,26.90625,246.375,482.9387447566963,523.1874839739344,482.3393696717778,217.5198517452372
outcome-lag-64,14,444,prefix,384,26.90625,267.375,507.760298568908,553.7355355673382,507.1609234839895,226.31333360976464
outcome-lag-64,14,444,prefix,416,26.90625,288.375,530.7838615769734,581.9572649980677,530.1844864920549,233.9680303947504
outcome-lag-64,14,444,prefix,448,26.90625,309.375,552.3547710242067,608.6112849792019,551.7553959392882,241.01060398373102
outcome-lag-64,14,444,prefix,480,26.90625,330.375,572.8606793669477,633.7005778218345,572.2613042820292,247.24457434263937
outcome-lag-64,14,444,prefix,512,26.90625,351.375,592.4642692167466,657.7315933153058,591.8648941318281,253.1693914452398
outcome-lag-64,14,444,intersection,32,3.5,23.0,64.0,64.0,64.0,42.769533456447064
outcome-lag-64,14,444,intersection,64,7.0,46.0,128.0,128.0,128.0,82.04257754029027
outcome-lag-64,14,444,intersection,96,10.5,69.0,191.82331768849212,191.49612846607218,191.49612846607218,112.49777017340217
outcome-lag-64,14,444,intersection,128,14.0,92.0,246.28933037661665,247.83917226291842,245.68995529169814,134.13662670300064
outcome-lag-64,14,444,intersection,160,17.5,115.0,290.31216587148214,296.258675730011,289.71279078656363,150.48607172252088
outcome-lag-64,14,444,intersection,192,20.34375,137.625,329.4167250797345,340.1982861132603,328.81734999481597,163.82524100272735
outcome-lag-64,14,444,intersection,224,20.671875,158.8125,368.3443241304872,384.6502916715722,367.7449490455687,177.43226404966248
outcome-lag-64,14,444,intersection,256,22.53125,180.875,400.7847834134326,423.0554762121694,400.1854083285141,189.05061932140305
outcome-lag-64,14,444,intersection,288,22.53125,201.875,432.5284802364525,461.6491504774678,431.929105151534,201.58812195801679
outcome-lag-64,14,444,intersection,320,25.484375,224.5625,458.23677737470354,492.75541794970405,457.63740228978503,209.75958214570153
outcome-lag-64,14,444,intersection,352,28.546875,247.3125,482.9696266154144,522.4418789487706,482.3702515304959,217.17408840095814
outcome-lag-64,14,444,intersection,384,28.546875,268.3125,507.1528004335917,551.1392130341494,506.5534253486732,224.00030834121068
outcome-lag-64,14,444,intersection,416,28.546875,289.3125,530.1859518175329,579.069146180843,529.5865767326143,231.2809930195598
outcome-lag-64,14,444,intersection,448,28.546875,310.3125,551.8403541173253,605.8430403591641,551.2409790324067,238.39742490322837
outcome-lag-64,14,444,intersection,480,28.546875,331.3125,572.4149620905066,631.0308362420097,571.815587005588,244.68710299474418
outcome-lag-64,14,444,intersection,512,28.546875,352.3125,592.0964577279585,655.17089638072,591.4970826430399,250.66530575425227
outcome-lag-64,14,444,completed,32,3.5,23.0,64.0,64.0,64.0,42.769533456447064
outcome-lag-64,14,444,completed,64,6.34375,45.625,128.0,128.0,128.0,83.10043608293945
outcome-lag-64,14,444,completed,96,9.625,68.5,191.82331768849212,191.49612846607218,191.49612846607218,114.50513346436901
outcome-lag-64,14,444,completed,128,10.171875,89.8125,247.7643760064436,249.61554826395678,247.43718678402368,138.9947733936306
outcome-lag-64,14,444,completed,160,13.125,112.5,293.3335648191015,299.7736177404243,293.0063755966816,156.656708654304
outcome-lag-64,14,444,completed,192,15.09375,134.625,331.7918267525929,343.81176191266786,331.464637530173,169.93253949450528
outcome-lag-64,14,444,completed,224,16.1875,156.25,366.281936367853,384.38356099394093,365.9547471454331,181.88508437791134
outcome-lag-64,14,444,completed,256,19.140625,178.9375,396.5063946738388,420.68819891742294,396.1792054514189,192.14259192081013
outcome-lag-64,14,444,completed,288,21.765625,201.4375,424.8345159379667,455.1092981521402,424.50732671554687,201.7718233629575
outcome-lag-64,14,444,completed,320,24.71875,224.125,450.68701847904805,486.4996942410739,450.3598292566282,210.14878456387345
outcome-lag-64,14,444,completed,352,26.03125,245.875,475.59333812215834,516.4772598599367,475.2661488997385,217.66850257317162
outcome-lag-64,14,444,completed,384,26.90625,267.375,499.1404069229997,544.4161417486565,498.81321770057986,224.23774934540668
outcome-lag-64,14,444,completed,416,27.34375,288.625,521.7261389512204,571.3758160026118,521.3989497288005,230.71402306719628
outcome-lag-64,14,444,completed,448,27.34375,309.625,543.166391701209,597.5420931863897,542.8392024787892,237.27987768059913
outcome-lag-64,14,444,completed,480,27.34375,330.625,563.651483114511,622.5849962651058,563.3242938920912,243.47776852690507
outcome-lag-64,14,444,completed,512,27.34375,351.625,583.2360782258585,646.5893566011993,582.9088890034386,249.3895347577998
outcome-lag-64,14,444,plugin,32,2.390625,17.0625,62.0,62.0,62.0,44.409964014021575
outcome-lag-64,14,444,plugin,64,7.9609375,29.46875,115.0,115.0,115.0,76.65542046480651
outcome-lag-64,14,444,plugin,96,9.171875,44.6875,171.82331768849212,171.49612846607218,171.49612846607218,105.73486483143726
outcome-lag-64,14,444,plugin,128,10.03125,65.0,225.28733571297707,226.9382103407757,224.9540403825353,127.614698313586
outcome-lag-64,14,444,plugin,160,10.796875,86.4375,273.2920051268863,279.6802652212789,272.8466146842974,145.63207067627536
outcome-lag-64,14,444,plugin,192,10.828125,107.0625,313.3745729071738,325.8299646045501,312.81861437739065,160.39281025738714
outcome-lag-64,14,444,plugin,224,10.828125,128.0625,348.05429336402506,367.2738511988276,347.47098397914164,173.71929001119108
outcome-lag-64,14,444,plugin,256,10.828125,149.0625,379.1586838923221,405.571900677613,378.57537450743865,185.6794274759537
outcome-lag-64,14,444,plugin,288,10.828125,170.0625,407.10882363864835,440.40449057630644,406.5255142537649,196.44384645257702
outcome-lag-64,14,444,plugin,320,10.828125,191.0625,433.5775918763283,472.7808372434625,432.9942824914449,205.38127021841692
outcome-lag-64,14,444,plugin,352,10.828125,212.0625,458.1634689196127,502.7470639654965,457.58015953472926,213.28743845112413
outcome-lag-64,14,444,plugin,384,10.828125,233.0625,480.97795719303843,530.3755020493757,480.3942573522499,220.2442904603358
outcome-lag-64,14,444,plugin,416,10.828125,254.0625,502.79341191219925,556.6192736221415,502.20955586054396,226.51086540272894
outcome-lag-64,14,444,plugin,448,10.828125,275.0625,524.1752248034069,582.5738239859816,523.5913687517516,232.7234499897392
outcome-lag-64,14,444,plugin,480,10.828125,296.0625,544.4607309988547,607.0399506012927,543.8768749471994,238.3418162068223
outcome-lag-64,14,444,plugin,512,10.828125,317.0625,563.2559246479258,629.793491381917,562.6720685962705,243.56238905225658
outcome-lag-64,14,444,safe,32,8.75,0.0,32.0,32.0,32.0,20.34686877592634
outcome-lag-64,14,444,safe,64,17.5,0.0,64.0,64.0,64.0,40.41640917453235
outcome-lag-64,14,444,safe,96,26.25,0.0,95.82331768849208,95.4961284660722,95.4961284660722,55.48923056957829
outcome-lag-64,14,444,safe,128,35.0,0.0,120.409800105362,122.00565677198756,120.0826108829421,66.0374886576018
outcome-lag-64,14,444,safe,160,43.75,0.0,139.30539298219253,144.21397751121359,138.97820375977264,74.19080922930847
outcome-lag-64,14,444,safe,192,52.5,0.0,155.20921327107442,163.2565070253587,154.88202404865453,80.53072653860669
outcome-lag-64,14,444,safe,224,61.25,0.0,169.23854187377898,180.17671700837482,168.9113526513591,85.77226216348966
outcome-lag-64,14,444,safe,256,70.0,0.0,181.9071285532575,195.8090486768011,181.57993933083762,90.53610623022975
outcome-lag-64,14,444,safe,288,78.75,0.0,193.5693936507322,210.41481890263742,193.2422044283123,94.93522929374103
outcome-lag-64,14,444,safe,320,87.5,0.0,204.4130761140999,223.6352227478401,204.08588689168002,98.50288536432473
outcome-lag-64,14,444,safe,352,96.25,0.0,214.60551956904294,235.8079546091339,214.27833034662305,101.49532279184045
outcome-lag-64,14,444,safe,384,105.0,0.0,224.2352731501596,247.25681060594906,223.9080839277397,104.17308765860692
outcome-lag-64,14,444,safe,416,113.75,0.0,233.40528019769377,258.0874536948224,233.07809097527388,106.59156011494414
outcome-lag-64,14,444,safe,448,122.5,0.0,242.16666370487593,268.72499939867265,241.83947448245604,109.13509785898654
outcome-lag-64,14,444,safe,480,131.25,0.0,250.56636892753264,278.86429298417147,250.23917970511275,111.4649637620679
outcome-lag-64,14,444,safe,512,140.0,0.0,258.65099381652783,288.51901888277405,258.3238045941079,113.56678221434895
outcome-lag-64,14,444,known,32,0.0,21.0,64.0,64.0,64.0,50.2011731560928
outcome-lag-64,14,444,known,64,0.0,42.0,128.0,128.0,128.0,96.33833543158964
outcome-lag-64,14,444,known,96,0.0,63.0,191.7915988848055,191.49612846607218,191.46440966238555,130.96365655953034
outcome-lag-64,14,444,known,128,0.0,84.0,243.86062778294223,249.15916950331876,243.5334385605223,154.23212581387617
outcome-lag-64,14,444,known,160,0.0,105.0,285.8709453492772,298.3250404836341,285.54375612685726,171.65972731016961
outcome-lag-64,14,444,known,192,0.0,126.0,323.38600223536184,342.11463099232805,323.0588130129419,185.1825650144779
outcome-lag-64,14,444,known,224,0.0,147.0,356.04255293549573,380.964212352134,355.6010328236124,196.88147589586492
outcome-lag-64,14,444,known,256,0.0,168.0,386.22922292109195,417.9392433400017,385.7877028092086,207.88188390195668
outcome-lag-64,14,444,known,288,0.0,189.0,412.9432183583116,451.16976478452995,412.50169824642825,217.72520902278296
outcome-lag-64,14,444,known,320,0.0,210.0,439.22459943283513,483.1230017943425,438.7830793209518,226.2943706061
outcome-lag-64,14,444,known,352,0.0,231.0,463.5699658864584,512.542655071881,463.1284457745751,233.81240055473367
outcome-lag-64,14,444,known,384,0.0,252.0,485.9506157267918,539.3628427888694,485.50095020085655,240.2684248846142
outcome-lag-64,14,444,known,416,0.0,273.0,507.49297452836953,565.0266726099363,507.0357037130565,246.12917593363593
outcome-lag-64,14,444,known,448,0.0,294.0,528.909212868272,590.8123994509292,528.4519420529589,252.1139264394566
outcome-lag-64,14,444,known,480,0.0,315.0,549.1551079256203,615.0752412950384,548.6978371103072,257.5524182476125
outcome-lag-64,14,444,known,512,0.0,336.0,567.6530137671886,637.3437660994394,567.1957429518754,262.5355262106808
outcome-lag-64,14,444,product,32,0.0,21.0,64.0,64.0,64.0,50.2011731560928
outcome-lag-64,14,444,product,64,0.0,42.0,128.0,128.0,128.0,96.33833543158964
outcome-lag-64,14,444,product,96,0.0,63.0,191.7915988848055,191.49612846607218,191.46440966238555,130.96365655953034
outcome-lag-64,14,444,product,128,0.0,84.0,243.86062778294223,249.15916950331876,243.5334385605223,154.23212581387617
outcome-lag-64,14,444,product,160,0.0,105.0,285.8709453492772,298.3250404836341,285.54375612685726,171.65972731016961
outcome-lag-64,14,444,product,192,0.0,126.0,323.38600223536184,342.11463099232805,323.0588130129419,185.1825650144779
outcome-lag-64,14,444,product,224,0.0,147.0,356.04255293549573,380.964212352134,355.6010328236124,196.88147589586492
outcome-lag-64,14,444,product,256,0.0,168.0,386.22922292109195,417.9392433400017,385.7877028092086,207.88188390195668
outcome-lag-64,14,444,product,288,0.0,189.0,412.9432183583116,451.16976478452995,412.50169824642825,217.72520902278296
outcome-lag-64,14,444,product,320,0.0,210.0,439.22459943283513,483.1230017943425,438.7830793209518,226.2943706061
outcome-lag-64,14,444,product,352,0.0,231.0,463.5699658864584,512.542655071881,463.1284457745751,233.81240055473367
outcome-lag-64,14,444,product,384,0.0,252.0,485.9506157267918,539.3628427888694,485.50095020085655,240.2684248846142
outcome-lag-64,14,444,product,416,0.0,273.0,507.49297452836953,565.0266726099363,507.0357037130565,246.12917593363593
outcome-lag-64,14,444,product,448,0.0,294.0,528.909212868272,590.8123994509292,528.4519420529589,252.1139264394566
outcome-lag-64,14,444,product,480,0.0,315.0,549.1551079256203,615.0752412950384,548.6978371103072,257.5524182476125
outcome-lag-64,14,444,product,512,0.0,336.0,567.6530137671886,637.3437660994394,567.1957429518754,262.5355262106808
single-blocker,14,444,prefix,32,3.5,23.0,64.0,63.96821681185914,63.96821681185914,10.594862197457548
single-blocker,14,444,prefix,64,7.0,46.0,128.0,119.45897435792278,119.45897435792278,12.525682142920871
single-blocker,14,444,prefix,96,10.5,69.0,192.0,163.07667230043518,163.07667230043518,13.687969884675274
single-blocker,14,444,prefix,128,14.0,92.0,256.0,201.35567214055334,201.35567214055334,14.567084871065019
single-blocker,14,444,prefix,160,17.5,115.0,320.0,236.123606192517,236.123606192517,15.279935856551655
single-blocker,14,444,prefix,192,21.0,138.0,384.0,267.36471894961426,267.36471894961426,15.853735212440156
single-blocker,14,444,prefix,224,24.5,161.0,448.0,295.41662800496937,295.41662800496937,16.31301028169578
single-blocker,14,444,prefix,256,28.0,184.0,512.0,322.02794764761666,322.02794764761666,16.73014510445487
single-blocker,14,444,prefix,288,31.5,207.0,576.0,347.19296827409164,347.19296827409164,17.103766280473867
single-blocker,14,444,prefix,320,35.0,230.0,640.0,370.0445728785482,370.0445728785482,17.407445655066525
single-blocker,14,444,prefix,352,38.5,253.0,704.0,393.04218665732117,393.04218665732117,17.721462544208244
single-blocker,14,444,prefix,384,42.0,276.0,768.0,413.57175384603437,413.57175384603437,17.965523069494928
single-blocker,14,444,prefix,416,45.5,299.0,832.0,434.0351036532519,434.0351036532519,18.21251838571479
single-blocker,14,444,prefix,448,49.0,322.0,896.0,453.88323022184557,453.88323022184557,18.445451334418166
single-blocker,14,444,prefix,480,52.5,345.0,960.0,472.4899227163075,472.4899227163075,18.648052014072917
single-blocker,14,444,prefix,512,56.0,368.0,1024.0,490.9856976159766,490.9856976159766,18.850439385207252
single-blocker,14,444,intersection,32,3.5,23.0,64.0,63.96821681185914,63.96821681185914,10.594862197457548
single-blocker,14,444,intersection,64,7.0,46.0,128.0,119.45897435792278,119.45897435792278,12.525682142920871
single-blocker,14,444,intersection,96,10.5,69.0,192.0,163.07667230043518,163.07667230043518,13.687969884675274
single-blocker,14,444,intersection,128,14.0,92.0,256.0,201.35567214055334,201.35567214055334,14.567084871065019
single-blocker,14,444,intersection,160,17.5,115.0,320.0,236.123606192517,236.123606192517,15.279935856551655
single-blocker,14,444,intersection,192,20.34375,137.625,384.0,267.96376360618416,267.96376360618416,15.878236723061004
single-blocker,14,444,intersection,224,20.671875,158.8125,448.0,299.51793415113633,299.51793415113633,16.465384473108116
single-blocker,14,444,intersection,256,23.515625,181.4375,512.0,325.98279460288717,325.98279460288717,16.86749911440403
single-blocker,14,444,intersection,288,26.140625,203.9375,576.0,351.5214581883475,351.5214581883475,17.244661766213277
single-blocker,14,444,intersection,320,29.203125,226.6875,640.0,374.68787260865304,374.68787260865304,17.551662579995877
single-blocker,14,444,intersection,352,30.515625,248.4375,704.0,398.00926123528,398.00926123528,17.86722894919501
single-blocker,14,444,intersection,384,30.515625,269.4375,768.0,420.52621060790716,420.52621060790716,18.160619684576094
single-blocker,14,444,intersection,416,30.515625,290.4375,832.0,441.68099744531014,441.68099744531014,18.41792640625565
single-blocker,14,444,intersection,448,30.515625,311.4375,896.0,461.7110927644619,461.7110927644619,18.64764094858477
single-blocker,14,444,intersection,480,30.515625,332.4375,960.0,480.95183810983286,480.95183810983286,18.859387663137618
single-blocker,14,444,intersection,512,30.515625,353.4375,1024.0,499.4734197480296,499.4734197480296,19.055440835184328
single-blocker,14,444,completed,32,3.5,23.0,64.0,63.96821681185914,63.96821681185914,10.594862197457548
single-blocker,14,444,completed,64,7.0,46.0,128.0,119.45897435792278,119.45897435792278,12.525682142920871
single-blocker,14,444,completed,96,10.5,69.0,192.0,163.07667230043518,163.07667230043518,13.687969884675274
single-blocker,14,444,completed,128,14.0,92.0,256.0,201.35567214055334,201.35567214055334,14.567084871065019
single-blocker,14,444,completed,160,17.5,115.0,320.0,236.123606192517,236.123606192517,15.279935856551655
single-blocker,14,444,completed,192,19.796875,137.3125,384.0,268.5270704985328,268.5270704985328,15.901077519223236
single-blocker,14,444,completed,224,20.125,158.5,448.0,299.85245293109665,299.85245293109665,16.47744613212301
single-blocker,14,444,completed,256,22.96875,181.125,512.0,326.29598478468813,326.29598478468813,16.878086585486205
single-blocker,14,444,completed,288,25.59375,203.625,576.0,351.7796992250837,351.7796992250837,17.25284197398365
single-blocker,14,444,completed,320,28.65625,226.375,640.0,374.94904444540146,374.94904444540146,17.55955164963004
single-blocker,14,444,completed,352,29.96875,248.125,704.0,398.2119652844397,398.2119652844397,17.873014981860468
single-blocker,14,444,completed,384,29.96875,269.125,768.0,420.65893626699716,420.65893626699716,18.164210402105155
single-blocker,14,444,completed,416,29.96875,290.125,832.0,441.76463488876607,441.76463488876607,18.42008976385376
single-blocker,14,444,completed,448,29.96875,311.125,896.0,461.76611215353586,461.76611215353586,18.64901019113114
single-blocker,14,444,completed,480,29.96875,332.125,960.0,480.9809144578678,480.9809144578678,18.860086237194587
single-blocker,14,444,completed,512,29.96875,353.125,1024.0,499.4707858241687,499.4707858241687,19.05537955926649
single-blocker,14,444,plugin,32,1.046875,16.6875,63.0,62.96821681185914,62.96821681185914,9.926536706523358
single-blocker,14,444,plugin,64,1.546875,31.6875,119.0,109.79647052539586,109.79647052539586,11.290804575368524
single-blocker,14,444,plugin,96,2.046875,46.6875,176.0,146.32941263606912,146.32941263606912,12.107702111441808
single-blocker,14,444,plugin,128,2.546875,61.6875,232.0,176.4477897671255,176.4477897671255,12.675944433461096
single-blocker,14,444,plugin,160,3.046875,76.6875,289.0,203.4381881351935,203.4381881351935,13.126054111048653
single-blocker,14,444,plugin,192,3.546875,91.6875,344.0,226.90284346545388,226.90284346545388,13.479680977776795
single-blocker,14,444,plugin,224,4.046875,106.6875,402.0,249.7233041160082,249.7233041160082,13.79757554804623
single-blocker,14,444,plugin,256,4.546875,121.6875,458.0,270.1427961193332,270.1427961193332,14.061651221461405
single-blocker,14,444,plugin,288,5.046875,136.6875,517.0,290.38901629694874,290.38901629694874,14.308400275649113
single-blocker,14,444,plugin,320,5.546875,151.6875,572.0,308.12936874542714,308.12936874542714,14.511885024342407
single-blocker,14,444,plugin,352,6.046875,166.6875,628.0,325.34183956902245,325.34183956902245,14.700247379359224
single-blocker,14,444,plugin,384,6.546875,181.6875,686.0,342.4059350993715,342.4059350993715,14.879152259645116
single-blocker,14,444,plugin,416,7.046875,196.6875,743.0,358.4519232784786,358.4519232784786,15.040245465571289
single-blocker,14,444,plugin,448,7.546875,211.6875,797.0,373.02523968016783,373.02523968016783,15.180628873710265
single-blocker,14,444,plugin,480,8.046875,226.6875,852.0,387.3821182214362,387.3821182214362,15.314507570207574
single-blocker,14,444,plugin,512,8.546875,241.6875,911.0,402.3480048896477,402.3480048896477,15.450193744732783
single-blocker,14,444,safe,32,8.75,0.0,32.0,31.968216811859147,31.968216811859147,4.02724519543652
single-blocker,14,444,safe,64,17.5,0.0,64.0,57.42435623340214,57.42435623340214,4.7282659037057675
single-blocker,14,444,safe,96,26.25,0.0,96.0,76.78319682780861,76.78319682780861,5.136346480888775
single-blocker,14,444,safe,128,35.0,0.0,128.0,93.03345515740088,93.03345515740088,5.425334592589174
single-blocker,14,444,safe,160,43.75,0.0,160.0,107.31238195727079,107.31238195727079,5.649261224939744
single-blocker,14,444,safe,192,52.5,0.0,192.0,120.1978375468853,120.1978375468853,5.832104609707439
single-blocker,14,444,safe,224,61.25,0.0,224.0,132.0310352083931,132.0310352083931,5.986627913082163
single-blocker,14,444,safe,256,70.0,0.0,256.0,143.03333360981438,143.03333360981438,6.120438712817281
single-blocker,14,444,safe,288,78.75,0.0,288.0,153.35798108855585,153.35798108855585,6.238439029233648
single-blocker,14,444,safe,320,87.5,0.0,320.0,163.1162631808352,163.1162631808352,6.343973346894013
single-blocker,14,444,safe,352,96.25,0.0,352.0,172.39200998111025,172.39200998111025,6.43942571339101
single-blocker,14,444,safe,384,105.0,0.0,384.0,181.25023096678382,181.25023096678382,6.5265555690159704
single-blocker,14,444,safe,416,113.75,0.0,416.0,189.74254455085054,189.74254455085054,6.6066985205464555
single-blocker,14,444,safe,448,122.5,0.0,448.0,197.91074640079475,197.91074640079475,6.680892410683006
single-blocker,14,444,safe,480,131.25,0.0,480.0,205.78924141297622,205.78924141297622,6.7499597404471405
single-blocker,14,444,safe,512,140.0,0.0,512.0,213.40675252840046,213.40675252840046,6.81456340954972
single-blocker,14,444,known,32,0.0,21.0,64.0,63.96821681185914,63.96821681185914,8.988898993023579
single-blocker,14,444,known,64,0.0,42.0,128.0,117.80279428647039,117.80279428647039,12.114146032899775
single-blocker,14,444,known,96,0.0,63.0,192.0,160.78437798489375,160.78437798489375,13.457396525215186
single-blocker,14,444,known,128,0.0,84.0,256.0,198.58376598088037,198.58376598088037,14.408375199649935
single-blocker,14,444,known,160,0.0,105.0,320.0,232.3140539265308,232.3140539265308,15.101841012965428
single-blocker,14,444,known,192,0.0,126.0,384.0,263.7688876189936,263.7688876189936,15.701828237287685
single-blocker,14,444,known,224,0.0,147.0,448.0,291.3715828979775,291.3715828979775,16.15385303785272
single-blocker,14,444,known,256,0.0,168.0,512.0,317.76625289658364,317.76625289658364,16.573900054682987
single-blocker,14,444,known,288,0.0,189.0,576.0,341.48555864946707,341.48555864946707,16.90600948386428
single-blocker,14,444,known,320,0.0,210.0,640.0,365.21233147815394,365.21233147815394,17.24870688605576
single-blocker,14,444,known,352,0.0,231.0,704.0,387.41135463850696,387.41135463850696,17.546106717503907
single-blocker,14,444,known,384,0.0,252.0,768.0,408.0286508373356,408.0286508373356,17.799239529224554
single-blocker,14,444,known,416,0.0,273.0,832.0,428.07322661225584,428.07322661225584,18.04073653209971
single-blocker,14,444,known,448,0.0,294.0,896.0,448.11971701860443,448.11971701860443,18.286250603276226
single-blocker,14,444,known,480,0.0,315.0,960.0,467.1638149821301,467.1638149821301,18.50599853084839
single-blocker,14,444,known,512,0.0,336.0,1024.0,484.62922930106635,484.62922930106635,18.68599600845169
single-blocker,14,444,product,32,0.0,21.0,64.0,63.96821681185914,63.96821681185914,8.988898993023579
single-blocker,14,444,product,64,0.0,42.0,128.0,117.80279428647039,117.80279428647039,12.114146032899775
single-blocker,14,444,product,96,0.0,63.0,192.0,160.78437798489375,160.78437798489375,13.457396525215186
single-blocker,14,444,product,128,0.0,84.0,256.0,198.58376598088037,198.58376598088037,14.408375199649935
single-blocker,14,444,product,160,0.0,105.0,320.0,232.3140539265308,232.3140539265308,15.101841012965428
single-blocker,14,444,product,192,0.0,126.0,384.0,263.7688876189936,263.7688876189936,15.701828237287685
single-blocker,14,444,product,224,0.0,147.0,448.0,291.3715828979775,291.3715828979775,16.15385303785272
single-blocker,14,444,product,256,0.0,168.0,512.0,317.76625289658364,317.76625289658364,16.573900054682987
single-blocker,14,444,product,288,0.0,189.0,576.0,341.48555864946707,341.48555864946707,16.90600948386428
single-blocker,14,444,product,320,0.0,210.0,640.0,365.21233147815394,365.21233147815394,17.24870688605576
single-blocker,14,444,product,352,0.0,231.0,704.0,387.41135463850696,387.41135463850696,17.546106717503907
single-blocker,14,444,product,384,0.0,252.0,768.0,408.0286508373356,408.0286508373356,17.799239529224554
single-blocker,14,444,product,416,0.0,273.0,832.0,428.07322661225584,428.07322661225584,18.04073653209971
single-blocker,14,444,product,448,0.0,294.0,896.0,448.11971701860443,448.11971701860443,18.286250603276226
single-blocker,14,444,product,480,0.0,315.0,960.0,467.1638149821301,467.1638149821301,18.50599853084839
single-blocker,14,444,product,512,0.0,336.0,1024.0,484.62922930106635,484.62922930106635,18.68599600845169
outcome-lag-64,16,444,prefix,32,0.0,21.0,64.0,64.0,64.0,34.84991522301084
outcome-lag-64,16,444,prefix,64,0.0,42.0,128.0,128.0,128.0,71.74477099596514
outcome-lag-64,16,444,prefix,96,1.421875,63.8125,191.60460176530415,189.6202683039686,189.59304024335128,100.63585343624081
outcome-lag-64,16,444,prefix,128,4.921875,86.8125,246.70224163644497,246.50713430202072,244.48466014128726,123.90688808795443
outcome-lag-64,16,444,prefix,160,6.234375,108.5625,291.1561900596511,296.6010230367909,288.93860856449345,141.7995332174288
outcome-lag-64,16,444,prefix,192,6.234375,129.5625,328.8922622055845,341.24685983436086,326.6626719654064,156.3205044897672
outcome-lag-64,16,444,prefix,224,6.234375,150.5625,362.14144791629843,380.6692408169832,359.91185767612035,168.07181621095197
outcome-lag-64,16,444,prefix,256,6.234375,171.5625,392.2800804439651,416.9358354099562,390.05049020378704,178.45204202557875
outcome-lag-64,16,444,prefix,288,6.234375,192.5625,419.61404888591966,450.7714815554585,417.3844586457416,188.40991505566024
outcome-lag-64,16,444,prefix,320,6.234375,213.5625,445.0268296659822,481.486241668139,442.7972394258041,196.56746503231997
outcome-lag-64,16,444,prefix,352,6.234375,234.5625,469.2964892796039,510.00401979375056,467.06689903942583,203.18490524015763
outcome-lag-64,16,444,prefix,384,6.234375,255.5625,491.96170532986025,537.2294766068795,489.73211508968217,209.7778233750634
outcome-lag-64,16,444,prefix,416,6.234375,276.5625,513.2039315706513,563.3958280744523,510.9743413304733,216.45696387327988
outcome-lag-64,16,444,prefix,448,6.234375,297.5625,534.7121451722272,588.9703327209335,532.4825549320492,222.1158391666223
outcome-lag-64,16,444,prefix,480,6.234375,318.5625,554.4663228139408,612.235499870275,552.2367325737628,227.01096131937987
outcome-lag-64,16,444,prefix,512,6.234375,339.5625,573.3434207848566,634.2262981914163,571.1138305446785,231.37222093160463
outcome-lag-64,16,444,intersection,32,0.0,21.0,64.0,64.0,64.0,34.84991522301084
outcome-lag-64,16,444,intersection,64,0.0,42.0,128.0,128.0,128.0,71.74477099596514
outcome-lag-64,16,444,intersection,96,1.640625,63.9375,191.60460176530415,189.63951903349547,189.59304024335128,100.55617971152455
outcome-lag-64,16,444,intersection,128,5.140625,86.9375,246.70224163644497,246.6555015265912,244.48466014128726,123.93115291534754
outcome-lag-64,16,444,intersection,160,6.453125,108.6875,291.25776723912605,296.94736681175016,289.0401857439684,141.8912114050277
outcome-lag-64,16,444,intersection,192,6.453125,129.6875,328.9784750185629,341.6655193617847,326.76005085588906,156.45908987082356
outcome-lag-64,16,444,intersection,224,6.453125,150.6875,362.2830649373891,381.1626877359474,360.06464077471526,168.27339884955262
outcome-lag-64,16,444,intersection,256,6.453125,171.6875,392.42756593884025,417.4512432324031,390.2091417761664,178.67945483225608
outcome-lag-64,16,444,intersection,288,6.453125,192.6875,419.7937602191817,451.33618647263035,417.57533605650787,188.66994857391884
outcome-lag-64,16,444,intersection,320,6.453125,213.6875,445.2317143835475,482.09252669280846,443.01329022087367,196.85860424142516
outcome-lag-64,16,444,intersection,352,6.453125,234.6875,469.49614007955466,510.61937996946887,467.2777159168808,203.49599513733284
outcome-lag-64,16,444,intersection,384,6.453125,255.6875,492.1671323550478,537.8648443216159,489.94870819237394,210.10868765306284
outcome-lag-64,16,444,intersection,416,6.453125,276.6875,513.4228576031294,564.057237487578,511.2044334404555,216.8056248760602
outcome-lag-64,16,444,intersection,448,6.453125,297.6875,534.8986496318956,589.6041721997293,532.6802254692217,222.4644030506374
outcome-lag-64,16,444,intersection,480,6.453125,318.6875,554.6514913547176,612.8751494659978,552.4330671920436,227.36628844601637
outcome-lag-64,16,444,intersection,512,6.453125,339.6875,573.5315365915712,634.876112992724,571.3131124288973,231.73580942056142
outcome-lag-64,16,444,completed,32,0.0,21.0,64.0,64.0,64.0,34.84991522301084
outcome-lag-64,16,444,completed,64,4.7578125,32.53125,113.0,113.0,113.0,61.13811638791904
outcome-lag-64,16,444,completed,96,10.5546875,45.46875,162.60460176530415,160.62678900981732,160.59304024335125,81.15909682030934
outcome-lag-64,16,444,completed,128,13.0703125,67.90625,217.84940012631196,217.56725627599005,215.63181863115423,103.56159110363188
outcome-lag-64,16,444,completed,160,13.0703125,88.90625,264.020348546116,270.35533114257095,261.80276705095827,121.89842636886712
outcome-lag-64,16,444,completed,192,13.0703125,109.90625,305.49605995029503,319.08580044378755,303.2783611971045,138.84830788326883
outcome-lag-64,16,444,completed,224,13.0703125,130.90625,341.2937650929006,361.3075086096633,339.0760663397101,152.1363145456626
outcome-lag-64,16,444,completed,256,13.0703125,151.90625,373.08087794388865,399.4134666720628,370.86317919069813,163.3510142095141
outcome-lag-64,16,444,completed,288,13.0703125,172.90625,401.65672702242045,434.68683997549743,399.43902826922994,173.94826813619073
outcome-lag-64,16,444,completed,320,13.0703125,193.90625,428.0456086363499,466.56016516052534,425.8279098831594,182.59932247854147
outcome-lag-64,16,444,completed,352,13.0703125,214.90625,453.13340725237356,496.05211426342686,450.91570849918304,189.5975111238781
outcome-lag-64,16,444,completed,384,13.0703125,235.90625,476.46847297533003,524.0887934492799,474.2507742221395,196.50252909541317
outcome-lag-64,16,444,completed,416,13.0703125,256.90625,498.2624142526116,550.9557678876552,496.0447154994211,203.45977377746345
outcome-lag-64,16,444,completed,448,13.0703125,277.90625,520.3175860261621,577.1817200693012,518.0998872729716,209.3367878073494
outcome-lag-64,16,444,completed,480,13.0703125,298.90625,540.5076493519341,600.9569733656127,538.2899505987436,214.39398282184104
outcome-lag-64,16,444,completed,512,13.0703125,319.90625,559.7650969772436,623.3927713235904,557.5473982240532,218.89204112999874
outcome-lag-64,16,444,plugin,32,5.90625,6.5,42.0,42.0,42.0,20.628677193384565
outcome-lag-64,16,444,plugin,64,11.8125,10.875,76.0,76.0,76.0,35.546679907462874
outcome-lag-64,16,444,plugin,96,19.6484375,14.71875,112.6610872274035,110.64952570545064,110.64952570545064,47.983249931865664
outcome-lag-64,16,444,plugin,128,25.5625,19.875,145.1048020164557,144.42381354075005,142.887220521298,60.23541834945344
outcome-lag-64,16,444,plugin,160,33.109375,26.0625,172.91998941126977,175.9913542762599,170.70240791611207,70.88677288125803
outcome-lag-64,16,444,plugin,192,33.609375,41.0625,211.8349254173072,217.91700927064434,209.6173439221495,84.46719564746819
outcome-lag-64,16,444,plugin,224,33.71875,60.75,255.85208293209294,263.94817728784943,253.63450143693524,100.64071629664728
outcome-lag-64,16,444,plugin,256,34.078125,77.4375,293.8122963148406,305.85392034397944,291.59471481968285,115.69312450576145
outcome-lag-64,16,444,plugin,288,34.203125,96.9375,328.58327634450455,347.0436202801827,326.3656948493468,129.7466477770946
outcome-lag-64,16,444,plugin,320,34.203125,117.9375,361.6680127259704,385.8461483585819,359.4504312308127,141.12880247193783
outcome-lag-64,16,444,plugin,352,34.203125,138.9375,393.10617044101264,421.85858162547527,390.76984905518367,150.5250877537886
outcome-lag-64,16,444,plugin,384,34.203125,159.9375,420.93562852275244,454.7144883890461,418.5214207539549,159.17015393680538
outcome-lag-64,16,444,plugin,416,34.203125,180.9375,446.0246358514618,485.41207531932514,443.6104280826642,167.60295928965292
outcome-lag-64,16,444,plugin,448,34.203125,201.9375,472.10347425030193,516.0036930963034,469.6892664815043,174.90275209198805
outcome-lag-64,16,444,plugin,480,34.203125,222.9375,494.89811936229876,542.5814425239192,492.48340501442186,180.8308123079939
outcome-lag-64,16,444,plugin,512,34.203125,243.9375,516.2717727928795,567.3125853293081,513.8380421919871,185.99438843215788
outcome-lag-64,16,444,safe,32,8.75,0.0,32.0,32.0,32.0,17.14534386005123
outcome-lag-64,16,444,safe,64,17.5,0.0,64.0,64.0,64.0,30.86691800270096
outcome-lag-64,16,444,safe,96,26.25,0.0,95.6610872274035,93.64952570545064,93.64952570545064,41.93126580488153
outcome-lag-64,16,444,safe,128,35.0,0.0,120.10480201645575,119.42381354075009,117.88722052129802,51.744283422289094
outcome-lag-64,16,444,safe,160,43.75,0.0,138.91998941126977,141.99135427625995,136.70240791611204,60.25682399027969
outcome-lag-64,16,444,safe,192,52.5,0.0,154.8349254173072,160.9170092706444,152.61734392214947,66.4798667798173
outcome-lag-64,16,444,safe,224,61.25,0.0,168.85208293209294,176.9481772878495,166.6345014369352,70.83236043888934
outcome-lag-64,16,444,safe,256,70.0,0.0,181.52510283221335,192.22650612469036,179.30752133705562,75.24220167404401
outcome-lag-64,16,444,safe,288,78.75,0.0,193.18043727336362,207.08553549857353,190.9628557782059,79.8945838856021
outcome-lag-64,16,444,safe,320,87.5,0.0,204.03905548381337,220.1822265044797,201.82147398865564,83.33852711688928
outcome-lag-64,16,444,safe,352,96.25,0.0,214.2255927667337,231.91291908519554,212.00801127157598,85.88892526382708
outcome-lag-64,16,444,safe,384,105.0,0.0,223.85813664243247,243.5565667616243,221.64055514727474,88.76148181020731
outcome-lag-64,16,444,safe,416,113.75,0.0,233.0311091908719,254.98670130272995,230.81352769571416,91.77944571877669
outcome-lag-64,16,444,safe,448,122.5,0.0,241.79467485384228,265.7213036900317,239.57709335868455,94.42004014627057
outcome-lag-64,16,444,safe,480,131.25,0.0,250.196740658248,275.9609763862743,247.97915916309026,96.85028516009582
outcome-lag-64,16,444,safe,512,140.0,0.0,258.28727380847175,285.60432156712835,256.06969231331414,98.94072289462834
outcome-lag-64,16,444,known,32,0.0,21.0,64.0,64.0,64.0,34.84991522301084
outcome-lag-64,16,444,known,64,0.0,42.0,128.0,128.0,128.0,71.74477099596514
outcome-lag-64,16,444,known,96,0.0,63.0,191.5801088868272,189.6137994125928,189.5685473648743,99.88796514010336
outcome-lag-64,16,444,known,128,0.0,84.0,244.32950031109618,245.39276348220187,242.11191881593842,120.72356873076443
outcome-lag-64,16,444,known,160,0.0,105.0,286.01035731594135,294.89224697154765,283.7927758207836,138.77380063113264
outcome-lag-64,16,444,known,192,0.0,126.0,323.6207379497608,339.7786923108123,321.3943105721592,153.43318892164896
outcome-lag-64,16,444,known,224,0.0,147.0,357.27746049638415,379.3923362596036,355.0510331187826,164.94820804927832
outcome-lag-64,16,444,known,256,0.0,168.0,388.2895629070755,416.1831784020261,386.0631355294739,175.3537707990293
outcome-lag-64,16,444,known,288,0.0,189.0,415.6936270759704,449.816755495246,413.46719969836886,185.07584878382485
outcome-lag-64,16,444,known,320,0.0,210.0,441.1034259461049,480.29741257911746,438.8769985685033,192.9356571499242
outcome-lag-64,16,444,known,352,0.0,231.0,465.76758240538976,509.00686430369365,463.5411550277882,199.38259108013307
outcome-lag-64,16,444,known,384,0.0,252.0,488.5686815670933,536.1699522058967,486.3422541894917,205.7718895204946
outcome-lag-64,16,444,known,416,0.0,273.0,509.76989981034353,562.1329090895397,507.54347243274196,212.26227359474709
outcome-lag-64,16,444,known,448,0.0,294.0,531.9476982075454,588.3151943393269,529.7212708299439,217.9955912441341
outcome-lag-64,16,444,known,480,0.0,315.0,551.8398856245219,611.6173215072134,549.6134582469205,222.83331487224356
outcome-lag-64,16,444,known,512,0.0,336.0,570.7657408985306,633.5551069910733,568.5393135209291,227.10406294501558
outcome-lag-64,16,444,product,32,0.0,21.0,64.0,64.0,64.0,34.84991522301084
outcome-lag-64,16,444,product,64,0.0,42.0,128.0,128.0,128.0,71.74477099596514
outcome-lag-64,16,444,product,96,0.0,63.0,191.5801088868272,189.6137994125928,189.5685473648743,99.88796514010336
outcome-lag-64,16,444,product,128,0.0,84.0,244.32950031109618,245.39276348220187,242.11191881593842,120.72356873076443
outcome-lag-64,16,444,product,160,0.0,105.0,286.01035731594135,294.89224697154765,283.7927758207836,138.77380063113264
outcome-lag-64,16,444,product,192,0.0,126.0,323.6207379497608,339.7786923108123,321.3943105721592,153.43318892164896
outcome-lag-64,16,444,product,224,0.0,147.0,357.27746049638415,379.3923362596036,355.0510331187826,164.94820804927832
outcome-lag-64,16,444,product,256,0.0,168.0,388.2895629070755,416.1831784020261,386.0631355294739,175.3537707990293
outcome-lag-64,16,444,product,288,0.0,189.0,415.6936270759704,449.816755495246,413.46719969836886,185.07584878382485
outcome-lag-64,16,444,product,320,0.0,210.0,441.1034259461049,480.29741257911746,438.8769985685033,192.9356571499242
outcome-lag-64,16,444,product,352,0.0,231.0,465.76758240538976,509.00686430369365,463.5411550277882,199.38259108013307
outcome-lag-64,16,444,product,384,0.0,252.0,488.5686815670933,536.1699522058967,486.3422541894917,205.7718895204946
outcome-lag-64,16,444,product,416,0.0,273.0,509.76989981034353,562.1329090895397,507.54347243274196,212.26227359474709
outcome-lag-64,16,444,product,448,0.0,294.0,531.9476982075454,588.3151943393269,529.7212708299439,217.9955912441341
outcome-lag-64,16,444,product,480,0.0,315.0,551.8398856245219,611.6173215072134,549.6134582469205,222.83331487224356
outcome-lag-64,16,444,product,512,0.0,336.0,570.7657408985306,633.5551069910733,568.5393135209291,227.10406294501558
single-blocker,16,444,prefix,32,0.0,21.0,64.0,63.96821681185914,63.96821681185914,8.988898993023575
single-blocker,16,444,prefix,64,0.0,42.0,128.0,118.06233469645498,118.06233469645498,12.19527810837147
single-blocker,16,444,prefix,96,0.0,63.0,192.0,161.56508985198323,161.56508985198323,13.545968084374975
single-blocker,16,444,prefix,128,0.0,84.0,256.0,200.4477897671255,200.4477897671255,14.519782139094149
single-blocker,16,444,prefix,160,0.0,105.0,320.0,233.7212507717289,233.7212507717289,15.168995284289807
single-blocker,16,444,prefix,192,0.0,126.0,384.0,264.96123541512094,264.96123541512094,15.753148986133743
single-blocker,16,444,prefix,224,0.0,147.0,448.0,293.54733550885476,293.54733550885476,16.240624258705623
single-blocker,16,444,prefix,256,0.0,168.0,512.0,320.36213518651147,320.36213518651147,16.670144543690792
single-blocker,16,444,prefix,288,0.0,189.0,576.0,344.61989522004376,344.61989522004376,17.01640546879867
single-blocker,16,444,prefix,320,0.0,210.0,640.0,367.55104342501954,367.55104342501954,17.32670495600232
single-blocker,16,444,prefix,352,0.0,231.0,704.0,390.1187051359942,390.1187051359942,17.63184887260972
single-blocker,16,444,prefix,384,0.0,252.0,768.0,411.1549327107971,411.1549327107971,17.89428698557113
single-blocker,16,444,prefix,416,0.0,273.0,832.0,430.8554947351016,430.8554947351016,18.122276200484666
single-blocker,16,444,prefix,448,0.0,294.0,896.0,451.56472811360777,451.56472811360777,18.382541978590133
single-blocker,16,444,prefix,480,0.0,315.0,960.0,470.23542911931764,470.23542911931764,18.588839444523195
single-blocker,16,444,prefix,512,0.0,336.0,1024.0,488.0904163279174,488.0904163279174,18.77678924203478
single-blocker,16,444,intersection,32,0.765625,21.4375,64.0,63.96821681185914,63.96821681185914,10.126536706523359
single-blocker,16,444,intersection,64,4.046875,44.3125,128.0,120.93811359426493,120.93811359426493,12.745810305280939
single-blocker,16,444,intersection,96,5.359375,66.0625,192.0,168.00974926006978,168.00974926006978,13.99031991356942
single-blocker,16,444,intersection,128,5.359375,87.0625,256.0,206.95038656363667,206.95038656363667,14.839053456208486
single-blocker,16,444,intersection,160,5.359375,108.0625,320.0,240.42091495935486,240.42091495935486,15.467813009030223
single-blocker,16,444,intersection,192,5.359375,129.0625,384.0,271.0449436677402,271.0449436677402,16.00090419770245
single-blocker,16,444,intersection,224,5.359375,150.0625,448.0,299.16091439741217,299.16091439741217,16.452452722883113
single-blocker,16,444,intersection,256,5.359375,171.0625,512.0,325.47848216575585,325.47848216575585,16.85036414232822
single-blocker,16,444,intersection,288,5.359375,192.0625,576.0,349.6542820466237,349.6542820466237,17.18477577756568
single-blocker,16,444,intersection,320,5.359375,213.0625,640.0,372.49038542659537,372.49038542659537,17.484364071199725
single-blocker,16,444,intersection,352,5.359375,234.0625,704.0,394.72109684304075,394.72109684304075,17.771613174435895
single-blocker,16,444,intersection,384,5.359375,255.0625,768.0,415.61299151175496,415.61299151175496,18.024256072049873
single-blocker,16,444,intersection,416,5.359375,276.0625,832.0,435.304198370407,435.304198370407,18.247708810602695
single-blocker,16,444,intersection,448,5.359375,297.0625,896.0,455.5518740699447,455.5518740699447,18.489834924909655
single-blocker,16,444,intersection,480,5.359375,318.0625,960.0,474.12950067830855,474.12950067830855,18.69030982524847
single-blocker,16,444,intersection,512,5.359375,339.0625,1024.0,491.9407086399608,491.9407086399608,18.874296679209028
single-blocker,16,444,completed,32,1.09375,21.625,64.0,63.96821681185914,63.96821681185914,10.435915588510937
single-blocker,16,444,completed,64,4.484375,44.5625,128.0,121.22759708485825,121.22759708485825,12.773646933117574
single-blocker,16,444,completed,96,5.6875,66.25,192.0,168.2151109282071,168.2151109282071,14.001133238234573
single-blocker,16,444,completed,128,5.6875,87.25,256.0,207.2176494287143,207.2176494287143,14.851400840506347
single-blocker,16,444,completed,160,5.6875,108.25,320.0,240.77872467988522,240.77872467988522,15.48289333632207
single-blocker,16,444,completed,192,5.6875,129.25,384.0,271.4057534050752,271.4057534050752,16.014916569859277
single-blocker,16,444,completed,224,5.6875,150.25,448.0,299.51793415113616,299.51793415113616,16.46538447310811
single-blocker,16,444,completed,256,5.6875,171.25,512.0,325.819341750608,325.819341750608,16.861957242482845
single-blocker,16,444,completed,288,5.6875,192.25,576.0,350.00469393442046,350.00469393442046,17.19611518665165
single-blocker,16,444,completed,320,5.6875,213.25,640.0,372.8455165701225,372.8455165701225,17.495353416709627
single-blocker,16,444,completed,352,5.6875,234.25,704.0,395.0590460410277,395.0590460410277,17.781596786455115
single-blocker,16,444,completed,384,5.6875,255.25,768.0,415.9469431293702,415.9469431293702,18.033744673466202
single-blocker,16,444,completed,416,5.6875,276.25,832.0,435.6435841335979,435.6435841335979,18.2570423243815
single-blocker,16,444,completed,448,5.6875,297.25,896.0,455.8587488815691,455.8587488815691,18.497918519387976
single-blocker,16,444,completed,480,5.6875,318.25,960.0,474.43294981837374,474.43294981837374,18.698058677062107
single-blocker,16,444,completed,512,5.6875,339.25,1024.0,492.24414177032315,492.24414177032315,18.881832762880215
single-blocker,16,444,plugin,32,3.9375,18.75,57.0,56.96821681185914,56.96821681185914,9.916797718077277
single-blocker,16,444,plugin,64,9.1875,36.75,109.0,101.9381135942649,101.9381135942649,11.379852127527437
single-blocker,16,444,plugin,96,14.4375,54.75,164.0,139.15753079189344,139.15753079189344,12.26621689384052
single-blocker,16,444,plugin,128,19.6875,72.75,220.0,170.60028187593332,170.60028187593332,12.889307627174107
single-blocker,16,444,plugin,160,24.9375,90.75,279.0,199.51852483535973,199.51852483535973,13.390504832192732
single-blocker,16,444,plugin,192,30.1875,108.75,335.0,223.95741805044196,223.95741805044196,13.768294184302485
single-blocker,16,444,plugin,224,35.4375,126.75,391.0,246.3434171656637,246.3434171656637,14.085889138021903
single-blocker,16,444,plugin,256,40.6875,144.75,450.0,268.2940799334222,268.2940799334222,14.376086814725678
single-blocker,16,444,plugin,288,45.9375,162.75,505.0,287.3253071524865,287.3253071524865,14.610379382831237
single-blocker,16,444,plugin,320,51.1875,180.75,560.0,305.3180824726989,305.3180824726989,14.82008000762249
single-blocker,16,444,plugin,352,56.4375,198.75,617.0,323.0891598237219,323.0891598237219,15.01766172679196
single-blocker,16,444,plugin,384,61.6875,216.75,674.0,340.03477010338804,340.03477010338804,15.197450306600656
single-blocker,16,444,plugin,416,66.9375,234.75,727.0,355.0447008686045,355.0447008686045,15.349296248293332
single-blocker,16,444,plugin,448,72.1875,252.75,784.0,370.68148499195894,370.68148499195894,15.502645299624781
single-blocker,16,444,plugin,480,77.4375,270.75,839.0,385.1812513940865,385.1812513940865,15.639385453838168
single-blocker,16,444,plugin,512,82.6875,288.75,895.0,399.47855798080747,399.47855798080747,15.770037841162837
single-blocker,16,444,safe,32,8.75,0.0,32.0,31.968216811859147,31.968216811859147,4.02724519543652
single-blocker,16,444,safe,64,17.5,0.0,64.0,57.42435623340214,57.42435623340214,4.7282659037057675
single-blocker,16,444,safe,96,26.25,0.0,96.0,76.78319682780861,76.78319682780861,5.136346480888775
single-blocker,16,444,safe,128,35.0,0.0,128.0,93.03345515740088,93.03345515740088,5.425334592589174
single-blocker,16,444,safe,160,43.75,0.0,160.0,107.31238195727079,107.31238195727079,5.649261224939744
single-blocker,16,444,safe,192,52.5,0.0,192.0,120.1978375468853,120.1978375468853,5.832104609707439
single-blocker,16,444,safe,224,61.25,0.0,224.0,132.0310352083931,132.0310352083931,5.986627913082163
single-blocker,16,444,safe,256,70.0,0.0,256.0,143.03333360981438,143.03333360981438,6.120438712817281
single-blocker,16,444,safe,288,78.75,0.0,288.0,153.35798108855585,153.35798108855585,6.238439029233648
single-blocker,16,444,safe,320,87.5,0.0,320.0,163.1162631808352,163.1162631808352,6.343973346894013
single-blocker,16,444,safe,352,96.25,0.0,352.0,172.39200998111025,172.39200998111025,6.43942571339101
single-blocker,16,444,safe,384,105.0,0.0,384.0,181.25023096678382,181.25023096678382,6.5265555690159704
single-blocker,16,444,safe,416,113.75,0.0,416.0,189.74254455085054,189.74254455085054,6.6066985205464555
single-blocker,16,444,safe,448,122.5,0.0,448.0,197.91074640079475,197.91074640079475,6.680892410683006
single-blocker,16,444,safe,480,131.25,0.0,480.0,205.78924141297622,205.78924141297622,6.7499597404471405
single-blocker,16,444,safe,512,140.0,0.0,512.0,213.40675252840046,213.40675252840046,6.81456340954972
single-blocker,16,444,known,32,0.0,21.0,64.0,63.96821681185914,63.96821681185914,8.988898993023575
single-blocker,16,444,known,64,0.0,42.0,128.0,118.06233469645498,118.06233469645498,12.19527810837147
single-blocker,16,444,known,96,0.0,63.0,192.0,161.56508985198323,161.56508985198323,13.545968084374975
single-blocker,16,444,known,128,0.0,84.0,256.0,200.4477897671255,200.4477897671255,14.519782139094149
single-blocker,16,444,known,160,0.0,105.0,320.0,233.7212507717289,233.7212507717289,15.168995284289807
single-blocker,16,444,known,192,0.0,126.0,384.0,264.96123541512094,264.96123541512094,15.753148986133743
single-blocker,16,444,known,224,0.0,147.0,448.0,293.54733550885476,293.54733550885476,16.240624258705623
single-blocker,16,444,known,256,0.0,168.0,512.0,320.36213518651147,320.36213518651147,16.670144543690792
single-blocker,16,444,known,288,0.0,189.0,576.0,344.61989522004376,344.61989522004376,17.01640546879867
single-blocker,16,444,known,320,0.0,210.0,640.0,367.55104342501954,367.55104342501954,17.32670495600232
single-blocker,16,444,known,352,0.0,231.0,704.0,390.1187051359942,390.1187051359942,17.63184887260972
single-blocker,16,444,known,384,0.0,252.0,768.0,411.1549327107971,411.1549327107971,17.89428698557113
single-blocker,16,444,known,416,0.0,273.0,832.0,430.8554947351016,430.8554947351016,18.122276200484666
single-blocker,16,444,known,448,0.0,294.0,896.0,451.56472811360777,451.56472811360777,18.382541978590133
single-blocker,16,444,known,480,0.0,315.0,960.0,470.23542911931764,470.23542911931764,18.588839444523195
single-blocker,16,444,known,512,0.0,336.0,1024.0,488.0904163279174,488.0904163279174,18.77678924203478
single-blocker,16,444,product,32,0.0,21.0,64.0,63.96821681185914,63.96821681185914,8.988898993023575
single-blocker,16,444,product,64,0.0,42.0,128.0,118.06233469645498,118.06233469645498,12.19527810837147
single-blocker,16,444,product,96,0.0,63.0,192.0,161.56508985198323,161.56508985198323,13.545968084374975
single-blocker,16,444,product,128,0.0,84.0,256.0,200.4477897671255,200.4477897671255,14.519782139094149
single-blocker,16,444,product,160,0.0,105.0,320.0,233.7212507717289,233.7212507717289,15.168995284289807
single-blocker,16,444,product,192,0.0,126.0,384.0,264.96123541512094,264.96123541512094,15.753148986133743
single-blocker,16,444,product,224,0.0,147.0,448.0,293.54733550885476,293.54733550885476,16.240624258705623
single-blocker,16,444,product,256,0.0,168.0,512.0,320.36213518651147,320.36213518651147,16.670144543690792
single-blocker,16,444,product,288,0.0,189.0,576.0,344.61989522004376,344.61989522004376,17.01640546879867
single-blocker,16,444,product,320,0.0,210.0,640.0,367.55104342501954,367.55104342501954,17.32670495600232
single-blocker,16,444,product,352,0.0,231.0,704.0,390.1187051359942,390.1187051359942,17.63184887260972
single-blocker,16,444,product,384,0.0,252.0,768.0,411.1549327107971,411.1549327107971,17.89428698557113
single-blocker,16,444,product,416,0.0,273.0,832.0,430.8554947351016,430.8554947351016,18.122276200484666
single-blocker,16,444,product,448,0.0,294.0,896.0,451.56472811360777,451.56472811360777,18.382541978590133
single-blocker,16,444,product,480,0.0,315.0,960.0,470.23542911931764,470.23542911931764,18.588839444523195
single-blocker,16,444,product,512,0.0,336.0,1024.0,488.0904163279174,488.0904163279174,18.77678924203478
outcome-lag-64,18,444,prefix,32,6.75,29.5,64.0,64.0,64.0,23.297471688130994
outcome-lag-64,18,444,prefix,64,13.5,59.0,128.0,127.91052871617643,127.91052871617643,48.80416600107812
outcome-lag-64,18,444,prefix,96,16.640625,86.4375,191.79882481001516,187.219561024591,187.219561024591,71.14924494099834
outcome-lag-64,18,444,prefix,128,18.140625,112.9375,244.22509786768623,237.06319587297307,236.9557540340561,84.75280171993732
outcome-lag-64,18,444,prefix,160,19.640625,139.4375,288.65906330791347,282.1085658949233,280.72972714757424,95.47193095533967
outcome-lag-64,18,444,prefix,192,21.140625,165.9375,330.011544350182,322.9747818763319,319.5713835160933,103.98659944506484
outcome-lag-64,18,444,prefix,224,22.640625,192.4375,366.03553824653864,359.63748506222674,353.5115670469486,111.30256659474364
outcome-lag-64,18,444,prefix,256,23.56640625,213.578125,393.9660512961993,390.2301024083532,380.9652654978632,118.45237081002419
outcome-lag-64,18,444,prefix,288,23.876953125,228.9765625,415.69337591281055,414.3385485519773,402.5047516770765,123.93262134251597
outcome-lag-64,18,444,prefix,320,24.064453125,243.2265625,438.50633725835564,439.16261366195096,425.2761393808007,128.7360198107956
outcome-lag-64,18,444,prefix,352,24.251953125,257.4765625,455.67900702868417,458.5677011376244,442.44880915112924,132.79797854327074
outcome-lag-64,18,444,prefix,384,24.439453125,271.7265625,474.25664309759185,479.3194575553803,461.0264452200369,136.85950421663696
outcome-lag-64,18,444,prefix,416,24.5390625,285.15625,490.0060759683621,497.26061024135356,476.77587809080717,140.4474448948196
outcome-lag-64,18,444,prefix,448,24.5390625,297.65625,505.82551772780806,515.3098268648384,492.59531985025313,143.95600705839254
outcome-lag-64,18,444,prefix,480,24.5390625,310.15625,518.9214523530736,530.1418272803924,505.69125447551903,146.59129135111576
outcome-lag-64,18,444,prefix,512,24.5390625,322.65625,533.0483571700485,545.8283293752138,519.8181592924939,149.06358372763614
outcome-lag-64,18,444,intersection,32,6.75,29.5,64.0,64.0,64.0,23.297471688130994
outcome-lag-64,18,444,intersection,64,9.890625,56.9375,128.0,128.0,128.0,51.12006374092922
outcome-lag-64,18,444,intersection,96,11.390625,83.4375,191.79882481001516,188.38649001935994,188.38649001935994,72.80347507695775
outcome-lag-64,18,444,intersection,128,12.890625,109.9375,244.38093311198128,238.4689884332697,238.36154659435277,85.64259830756882
outcome-lag-64,18,444,intersection,160,14.390625,136.4375,289.7255519575436,282.8819078291573,281.50306908180823,95.4817657523631
outcome-lag-64,18,444,intersection,192,15.890625,162.9375,329.0887855587948,322.2438884895978,318.87832133201067,103.56091836446137
outcome-lag-64,18,444,intersection,224,17.390625,189.4375,363.4001970766629,358.0369848113475,351.9904590839933,110.72187902327697
outcome-lag-64,18,444,intersection,256,17.98828125,207.515625,388.66616153934126,386.25180376357133,377.0782981134893,117.4607305149629
outcome-lag-64,18,444,intersection,288,18.17578125,221.765625,408.2390881999528,408.360853160342,396.6104372645512,122.68817018826026
outcome-lag-64,18,444,intersection,320,18.31640625,235.578125,430.1909731299535,432.4311881988878,418.55937241236467,127.31305291152091
outcome-lag-64,18,444,intersection,352,18.404296875,248.8984375,446.9337167780232,451.4259878151837,435.3021160604344,131.26585301423117
outcome-lag-64,18,444,intersection,384,18.404296875,261.3984375,463.25200587654484,469.8896613515082,451.62040515895603,134.94864521434283
outcome-lag-64,18,444,intersection,416,18.404296875,273.8984375,477.41799603896686,486.0903447616115,465.78639532137805,138.10807300247333
outcome-lag-64,18,444,intersection,448,18.404296875,286.3984375,492.95024426042625,503.64714402610315,481.31864354283744,141.2545875843572
outcome-lag-64,18,444,intersection,480,18.404296875,298.8984375,505.94006955944764,518.3522154381113,494.3084688418588,143.8455675546575
outcome-lag-64,18,444,intersection,512,18.404296875,311.3984375,519.9457689518948,533.9162950561913,508.31416823430646,146.29548693413952
outcome-lag-64,18,444,completed,32,4.453125,28.1875,64.0,64.0,64.0,25.32564369492369
outcome-lag-64,18,444,completed,64,6.265625,41.4375,112.0,112.0,112.0,46.05827376628437
outcome-lag-64,18,444,completed,96,8.29296875,45.578125,148.82331768849212,146.69985534625928,146.69985534625928,58.12603994427722
outcome-lag-64,18,444,completed,128,9.79296875,72.078125,203.87692163003516,199.85932595559353,199.75188411667662,68.75583301604729
outcome-lag-64,18,444,completed,160,11.29296875,98.578125,252.53318937938926,247.68362104880856,246.30478230145945,78.65630872426995
outcome-lag-64,18,444,completed,192,12.79296875,125.078125,296.56539858034984,290.3919563182633,287.0572993909269,87.56864921305512
outcome-lag-64,18,444,completed,224,13.513671875,144.3046875,328.7715085929946,323.2446259392353,317.39278344271696,94.34484730400918
outcome-lag-64,18,444,completed,256,14.83203125,169.109375,359.81268918656656,356.9056873197528,347.97406236208127,101.34450007100816
outcome-lag-64,18,444,completed,288,15.037109375,183.5234375,380.4966970692098,379.8112888215601,368.322981661387,106.35069058503615
outcome-lag-64,18,444,completed,320,15.98046875,204.828125,405.7973310452915,407.0885248870862,393.48437130020136,110.8590507281286
outcome-lag-64,18,444,completed,352,16.267578125,220.0078125,424.0615512495497,427.71396071056813,411.74859150445957,114.94341712996007
outcome-lag-64,18,444,completed,384,17.046875,239.78125,444.35335826542627,450.34674601114466,432.0403985203361,119.0119582523783
outcome-lag-64,18,444,completed,416,17.62109375,257.640625,461.80501373262314,469.92955152963617,449.492053987533,122.44908715917809
outcome-lag-64,18,444,completed,448,18.44140625,277.796875,481.6200836027234,491.9228402367597,469.30712385763326,126.01503274480683
outcome-lag-64,18,444,completed,480,18.8515625,294.125,497.6991759920548,509.84813599083316,485.38621624696464,128.92750705473105
outcome-lag-64,18,444,completed,512,19.302734375,310.8359375,514.7754033528176,528.5283636831696,502.46244360772766,131.60037074808784
outcome-lag-64,18,444,plugin,32,0.505859375,13.3359375,48.0,48.0,48.0,16.711820743634387
outcome-lag-64,18,444,plugin,64,0.505859375,25.8359375,92.0,92.0,92.0,34.28549332649089
outcome-lag-64,18,444,plugin,96,0.505859375,38.3359375,141.82331768849212,139.69985534625928,139.69985534625928,50.45581404645792
outcome-lag-64,18,444,plugin,128,0.505859375,50.8359375,178.12762786996083,174.2807326431014,174.17329080418452,60.11820653014452
outcome-lag-64,18,444,plugin,160,0.505859375,63.3359375,208.35091432607172,204.8319327947904,203.45309404744137,67.92935263319993
outcome-lag-64,18,444,plugin,192,0.505859375,75.8359375,236.05894850759842,233.57727493075697,230.24261800342074,74.34903830483736
outcome-lag-64,18,444,plugin,224,0.505859375,88.3359375,259.5717326250699,258.9162875321568,253.076667790046,79.78719896919812
outcome-lag-64,18,444,plugin,256,0.505859375,100.8359375,280.956463465402,283.2831434560533,274.3637823840351,85.66311299430662
outcome-lag-64,18,444,plugin,288,0.505859375,113.3359375,299.2153273756242,303.9797340309585,292.5036907564388,90.40857343512037
outcome-lag-64,18,444,plugin,320,0.505859375,125.8359375,319.53424365478617,326.3253109032038,312.76094879079636,94.53737161954147
outcome-lag-64,18,444,plugin,352,0.505859375,138.3359375,335.37251371772066,344.463356594392,328.59921885373086,98.37254018438193
outcome-lag-64,18,444,plugin,384,0.505859375,150.8359375,351.7540202339269,363.090090271176,344.9807253699371,102.09211026262938
outcome-lag-64,18,444,plugin,416,0.505859375,163.3359375,366.02090067447176,379.39955110869744,359.24760581048196,105.27037289229831
outcome-lag-64,18,444,plugin,448,0.505859375,175.8359375,381.6936760096535,397.09862267216994,374.92038114566367,108.44552909125149
outcome-lag-64,18,444,plugin,480,0.505859375,188.3359375,394.77112508828293,411.8928603554793,387.9978302242931,111.05363961189164
outcome-lag-64,18,444,plugin,512,0.505859375,200.8359375,408.8824707162205,427.5636748321644,402.1091758522307,113.52304663848483
outcome-lag-64,18,444,safe,32,2.125,0.0,32.0,32.0,32.0,14.241321798135447
outcome-lag-64,18,444,safe,64,4.25,0.0,64.0,64.0,64.0,27.99885313418742
outcome-lag-64,18,444,safe,96,6.375,0.0,95.82331768849208,93.69985534625927,93.69985534625927,38.978829650861194
outcome-lag-64,18,444,safe,128,8.5,0.0,120.25029524163351,117.3455143351134,117.23807249619648,46.663218421823466
outcome-lag-64,18,444,safe,160,10.625,0.0,139.08845559319008,137.45507159510208,136.07623284775298,52.717775514292875
outcome-lag-64,18,444,safe,192,12.75,0.0,154.9629453976296,155.2853795795289,151.9507226521925,57.84547129387279
outcome-lag-64,18,444,safe,224,14.875,0.0,168.9679315254104,171.7953285220842,165.9557087799733,62.676745878295016
outcome-lag-64,18,444,safe,256,17.0,0.0,181.6446103748148,187.5445777574756,178.6323876293777,67.55750751200036
outcome-lag-64,18,444,safe,288,19.125,0.0,193.307229286373,201.7638788715355,190.2950065409359,71.57016146373518
outcome-lag-64,18,444,safe,320,21.25,0.0,204.16060231826097,214.56437229198912,201.14837957282387,74.71790710956985
outcome-lag-64,18,444,safe,352,23.375,0.0,214.346388106022,226.6619418849113,211.3341653605849,77.63518226871389
outcome-lag-64,18,444,safe,384,25.5,0.0,223.99022425531487,238.25249270982525,220.97800150987777,80.4546419635792
outcome-lag-64,18,444,safe,416,27.625,0.0,233.15624019915148,249.34415029502205,230.14401745371438,83.1341289162398
outcome-lag-64,18,444,safe,448,29.75,0.0,241.91738305749945,259.7950573118064,238.90516031206235,85.49102797321642
outcome-lag-64,18,444,safe,480,31.875,0.0,250.31734425702794,269.6875534931121,247.30512151159084,87.57409647210467
outcome-lag-64,18,444,safe,512,34.0,0.0,258.4025485114954,279.0758724222652,255.3903257660584,89.40950795493609
outcome-lag-64,18,444,known,32,0.0,12.5,47.0,47.0,47.0,16.385258417072063
outcome-lag-64,18,444,known,64,0.0,25.0,91.0,91.0,91.0,33.768761316670656
outcome-lag-64,18,444,known,96,0.0,37.5,140.82331768849212,138.69636054180577,138.69636054180577,49.78715267041444
outcome-lag-64,18,444,known,128,0.0,50.0,177.08083885533534,173.16145344914625,173.05401161022934,59.409823730152056
outcome-lag-64,18,444,known,160,0.0,62.5,207.14778369922453,203.61486469893296,202.23602595158405,67.19275922824788
outcome-lag-64,18,444,known,192,0.0,75.0,234.73984885155636,232.28071282097704,228.94605589364087,73.59557310303764
outcome-lag-64,18,444,known,224,0.0,87.5,258.1835571473195,257.5687343802746,251.729114638164,79.02721282975568
outcome-lag-64,18,444,known,256,0.0,100.0,279.515567539099,281.8909495669964,272.9708259426845,84.89394314147705
outcome-lag-64,18,444,known,288,0.0,112.5,297.7385527467873,302.55776587669254,291.08096004987897,89.63334692219762
outcome-lag-64,18,444,known,320,0.0,125.0,318.0150668756393,324.864811296029,311.2990744926365,93.75500224789417
outcome-lag-64,18,444,known,352,0.0,137.5,333.83074314415893,342.97999638391894,327.11475076115613,97.58414619582142
outcome-lag-64,18,444,known,384,0.0,150.0,350.18771602354826,361.5827562816653,343.47172364054546,101.29827148237051
outcome-lag-64,18,444,known,416,0.0,162.5,364.43796895687484,377.8762657669948,357.72197657387204,104.47375338175533
outcome-lag-64,18,444,known,448,0.0,175.0,380.09013209638533,395.55450974392716,373.37413971338253,107.64469128788164
outcome-lag-64,18,444,known,480,0.0,187.5,393.1547556246811,410.33571714183876,386.4387632416783,110.25028415945441
outcome-lag-64,18,444,known,512,0.0,200.0,407.25066177140405,425.9909565350555,400.53466938840126,112.7168318727362
outcome-lag-64,18,444,product,32,2.125,0.0,32.0,32.0,32.0,14.241321798135447
outcome-lag-64,18,444,product,64,4.25,0.0,64.0,64.0,64.0,27.99885313418742
outcome-lag-64,18,444,product,96,6.375,0.0,95.82331768849208,93.69985534625927,93.69985534625927,38.978829650861194
outcome-lag-64,18,444,product,128,8.5,0.0,120.25029524163351,117.3455143351134,117.23807249619648,46.663218421823466
outcome-lag-64,18,444,product,160,10.625,0.0,139.08845559319008,137.45507159510208,136.07623284775298,52.717775514292875
outcome-lag-64,18,444,product,192,12.75,0.0,154.9629453976296,155.2853795795289,151.9507226521925,57.84547129387279
outcome-lag-64,18,444,product,224,14.875,0.0,168.9679315254104,171.7953285220842,165.9557087799733,62.676745878295016
outcome-lag-64,18,444,product,256,17.0,0.0,181.6446103748148,187.5445777574756,178.6323876293777,67.55750751200036
outcome-lag-64,18,444,product,288,19.125,0.0,193.307229286373,201.7638788715355,190.2950065409359,71.57016146373518
outcome-lag-64,18,444,product,320,21.25,0.0,204.16060231826097,214.56437229198912,201.14837957282387,74.71790710956985
outcome-lag-64,18,444,product,352,23.375,0.0,214.346388106022,226.6619418849113,211.3341653605849,77.63518226871389
outcome-lag-64,18,444,product,384,25.5,0.0,223.99022425531487,238.25249270982525,220.97800150987777,80.4546419635792
outcome-lag-64,18,444,product,416,27.625,0.0,233.15624019915148,249.34415029502205,230.14401745371438,83.1341289162398
outcome-lag-64,18,444,product,448,29.75,0.0,241.91738305749945,259.7950573118064,238.90516031206235,85.49102797321642
outcome-lag-64,18,444,product,480,31.875,0.0,250.31734425702794,269.6875534931121,247.30512151159084,87.57409647210467
outcome-lag-64,18,444,product,512,34.0,0.0,258.4025485114954,279.0758724222652,255.3903257660584,89.40950795493609
single-blocker,18,444,prefix,32,6.75,29.5,64.0,63.960661021301576,63.960661021301576,8.022232326356912
single-blocker,18,444,prefix,64,13.5,59.0,128.0,115.798690197487,115.798690197487,10.908136316657513
single-blocker,18,444,prefix,96,20.25,88.5,192.0,156.2238356284713,156.2238356284713,12.491139305959516
single-blocker,18,444,prefix,128,27.0,118.0,256.0,190.2199320937953,190.2199320937953,13.378726689466378
single-blocker,18,444,prefix,160,33.75,147.5,320.0,220.89604533802907,220.89604533802907,14.156031991489234
single-blocker,18,444,prefix,192,40.5,177.0,384.0,248.30364348612108,248.30364348612108,14.697120861744784
single-blocker,18,444,prefix,224,47.25,206.5,448.0,274.89118614929805,274.89118614929805,15.274873960731437
single-blocker,18,444,prefix,256,54.0,236.0,512.0,299.27822862083286,299.27822862083286,15.707105699605428
single-blocker,18,444,prefix,288,60.75,265.5,576.0,321.68466502570175,321.68466502570175,16.042628830676733
single-blocker,18,444,prefix,320,67.5,295.0,640.0,343.6540021768278,343.6540021768278,16.382426673056496
single-blocker,18,444,prefix,352,74.25,324.5,704.0,363.9875775162863,363.9875775162863,16.65334702634498
single-blocker,18,444,prefix,384,81.0,354.0,768.0,384.91752611807186,384.91752611807186,16.96380932241829
single-blocker,18,444,prefix,416,87.75,383.5,832.0,404.32323815707593,404.32323815707593,17.216823548197414
single-blocker,18,444,prefix,448,94.5,413.0,896.0,422.33003086247,422.33003086247,17.424698760782828
single-blocker,18,444,prefix,480,101.25,442.5,960.0,440.94543549422576,440.94543549422576,17.666356377120437
single-blocker,18,444,prefix,512,108.0,472.0,1024.0,458.31248169237927,458.31248169237927,17.86805817260998
single-blocker,18,444,intersection,32,3.796875,27.8125,64.0,63.96821681185914,63.96821681185914,10.435915588510941
single-blocker,18,444,intersection,64,5.296875,54.3125,128.0,120.53907305509676,120.53907305509676,12.697622192859427
single-blocker,18,444,intersection,96,6.796875,80.8125,192.0,168.2917546158205,168.2917546158205,14.00515828295729
single-blocker,18,444,intersection,128,8.296875,107.3125,256.0,207.68581280883927,207.68581280883927,14.872898850373888
single-blocker,18,444,intersection,160,9.796875,133.8125,320.0,242.38279260262632,242.38279260262632,15.549507749113227
single-blocker,18,444,intersection,192,11.296875,160.3125,384.0,273.71742014673896,273.71742014673896,16.10304174118459
single-blocker,18,444,intersection,224,12.796875,186.8125,448.0,302.441009562773,302.441009562773,16.569034690007705
single-blocker,18,444,intersection,256,14.296875,213.3125,512.0,329.0983579320706,329.0983579320706,16.9710463822476
single-blocker,18,444,intersection,288,14.689453125,229.4765625,561.0,347.26307924801966,347.26307924801966,17.215897776313287
single-blocker,18,444,intersection,320,14.87109375,243.671875,615.0,366.4991201846302,366.4991201846302,17.46500015233858
single-blocker,18,444,intersection,352,14.9765625,257.15625,661.0,381.4736874076929,381.4736874076929,17.64213031779135
single-blocker,18,444,intersection,384,14.9765625,269.65625,708.0,396.1915899492336,396.1915899492336,17.809948889780674
single-blocker,18,444,intersection,416,14.9765625,282.15625,752.0,409.2077001814719,409.2077001814719,17.95026023660837
single-blocker,18,444,intersection,448,14.9765625,294.65625,801.0,423.5613840392058,423.5613840392058,18.103935049406104
single-blocker,18,444,intersection,480,14.9765625,307.15625,845.0,435.66306726305106,435.66306726305106,18.22553078151635
single-blocker,18,444,intersection,512,14.9765625,319.65625,893.0,448.7448245988721,448.7448245988721,18.35613768955598
single-blocker,18,444,completed,32,3.6328125,27.71875,64.0,63.96821681185914,63.96821681185914,10.501572154167505
single-blocker,18,444,completed,64,5.1328125,54.21875,128.0,120.68345867134036,120.68345867134036,12.716100453728988
single-blocker,18,444,completed,96,6.6328125,80.71875,192.0,168.35122932401325,168.35122932401325,14.0082777125473
single-blocker,18,444,completed,128,8.1328125,107.21875,256.0,207.74593015172323,207.74593015172323,14.875647476061037
single-blocker,18,444,completed,160,9.6328125,133.71875,320.0,242.42542448406368,242.42542448406368,15.551256556744383
single-blocker,18,444,completed,192,11.1328125,160.21875,384.0,273.7379064467586,273.7379064467586,16.103810296300964
single-blocker,18,444,completed,224,12.6328125,186.71875,448.0,302.4433209645713,302.4433209645713,16.569115127588134
single-blocker,18,444,completed,256,14.1328125,213.21875,512.0,329.09269951080734,329.09269951080734,16.97086181229559
single-blocker,18,444,completed,288,14.5078125,229.21875,561.0,347.2390962050946,347.2390962050946,17.21513884532181
single-blocker,18,444,completed,320,14.595703125,242.5390625,615.0,366.4438707687389,366.4438707687389,17.46330882041471
single-blocker,18,444,completed,352,14.63671875,255.421875,660.0,381.0034111340392,381.0034111340392,17.634378379806876
single-blocker,18,444,completed,384,14.63671875,267.921875,707.0,395.7213136755799,395.7213136755799,17.8021969517962
single-blocker,18,444,completed,416,14.63671875,280.421875,751.0,408.73742390781814,408.73742390781814,17.942508298623896
single-blocker,18,444,completed,448,14.63671875,292.921875,800.0,423.091107765552,423.091107765552,18.09618311142163
single-blocker,18,444,completed,480,14.63671875,305.421875,844.0,435.1927909893973,435.1927909893973,18.217778843531878
single-blocker,18,444,completed,512,14.63671875,317.921875,892.0,448.27454832521835,448.27454832521835,18.348385751571506
single-blocker,18,444,plugin,32,0.7265625,14.96875,48.0,47.96821681185914,47.96821681185914,8.630455873647199
single-blocker,18,444,plugin,64,0.861328125,28.7265625,94.0,87.42435623340214,87.42435623340214,10.082685619920818
single-blocker,18,444,plugin,96,0.873046875,41.3359375,144.0,123.2161909419521,123.2161909419521,11.009072374217872
single-blocker,18,444,plugin,128,0.873046875,53.8359375,188.0,148.59167733600538,148.59167733600538,11.536803947372398
single-blocker,18,444,plugin,160,0.873046875,66.3359375,233.0,171.69316140861608,171.69316140861608,11.967812268292093
single-blocker,18,444,plugin,192,0.873046875,78.8359375,281.0,194.34622573775303,194.34622573775303,12.357842350174712
single-blocker,18,444,plugin,224,0.873046875,91.3359375,328.0,214.5187706508795,214.5187706508795,12.674005430721774
single-blocker,18,444,plugin,256,0.873046875,103.8359375,375.0,233.24717812617766,233.24717812617766,12.946928031019432
single-blocker,18,444,plugin,288,0.873046875,116.3359375,419.0,249.39143624595647,249.39143624595647,13.16377362182282
single-blocker,18,444,plugin,320,0.873046875,128.8359375,470.0,267.8212690994035,267.8212690994035,13.408216381630062
single-blocker,18,444,plugin,352,0.873046875,141.3359375,514.0,282.2814914878906,282.2814914878906,13.582397630154652
single-blocker,18,444,plugin,384,0.873046875,153.8359375,561.0,297.3476786864007,297.3476786864007,13.759950217467546
single-blocker,18,444,plugin,416,0.873046875,166.3359375,605.0,310.6127263332464,310.6127263332464,13.906970278368833
single-blocker,18,444,plugin,448,0.873046875,178.8359375,654.0,325.2819111039158,325.2819111039158,14.06884897823207
single-blocker,18,444,plugin,480,0.873046875,191.3359375,698.0,337.5841627013311,337.5841627013311,14.19548604930862
single-blocker,18,444,plugin,512,0.873046875,203.8359375,746.0,350.90939905307897,350.90939905307897,14.332030721121601
single-blocker,18,444,safe,32,2.125,0.0,32.0,31.968216811859147,31.968216811859147,4.02724519543652
single-blocker,18,444,safe,64,4.25,0.0,64.0,57.42435623340214,57.42435623340214,4.7282659037057675
single-blocker,18,444,safe,96,6.375,0.0,96.0,76.78319682780861,76.78319682780861,5.136346480888775
single-blocker,18,444,safe,128,8.5,0.0,128.0,93.03345515740088,93.03345515740088,5.425334592589174
single-blocker,18,444,safe,160,10.625,0.0,160.0,107.31238195727079,107.31238195727079,5.649261224939744
single-blocker,18,444,safe,192,12.75,0.0,192.0,120.1978375468853,120.1978375468853,5.832104609707439
single-blocker,18,444,safe,224,14.875,0.0,224.0,132.0310352083931,132.0310352083931,5.986627913082163
single-blocker,18,444,safe,256,17.0,0.0,256.0,143.03333360981438,143.03333360981438,6.120438712817281
single-blocker,18,444,safe,288,19.125,0.0,288.0,153.35798108855585,153.35798108855585,6.238439029233648
single-blocker,18,444,safe,320,21.25,0.0,320.0,163.1162631808352,163.1162631808352,6.343973346894013
single-blocker,18,444,safe,352,23.375,0.0,352.0,172.39200998111025,172.39200998111025,6.43942571339101
single-blocker,18,444,safe,384,25.5,0.0,384.0,181.25023096678382,181.25023096678382,6.5265555690159704
single-blocker,18,444,safe,416,27.625,0.0,416.0,189.74254455085054,189.74254455085054,6.6066985205464555
single-blocker,18,444,safe,448,29.75,0.0,448.0,197.91074640079475,197.91074640079475,6.680892410683006
single-blocker,18,444,safe,480,31.875,0.0,480.0,205.78924141297622,205.78924141297622,6.7499597404471405
single-blocker,18,444,safe,512,34.0,0.0,512.0,213.40675252840046,213.40675252840046,6.81456340954972
single-blocker,18,444,known,32,0.0,12.5,47.0,46.96821681185914,46.96821681185914,7.2788075219988455
single-blocker,18,444,known,64,0.0,25.0,91.0,84.42435623340214,84.42435623340214,8.582685619920815
single-blocker,18,444,known,96,0.0,37.5,141.0,120.2161909419521,120.2161909419521,9.509072374217869
single-blocker,18,444,known,128,0.0,50.0,185.0,145.59167733600538,145.59167733600538,10.036803947372395
single-blocker,18,444,known,160,0.0,62.5,230.0,168.69316140861608,168.69316140861608,10.46781226829209
single-blocker,18,444,known,192,0.0,75.0,278.0,191.34622573775303,191.34622573775303,10.857842350174709
single-blocker,18,444,known,224,0.0,87.5,325.0,211.5187706508795,211.5187706508795,11.17400543072177
single-blocker,18,444,known,256,0.0,100.0,372.0,230.24717812617766,230.24717812617766,11.446928031019429
single-blocker,18,444,known,288,0.0,112.5,416.0,246.39143624595647,246.39143624595647,11.663773621822816
single-blocker,18,444,known,320,0.0,125.0,467.0,264.8212690994036,264.8212690994036,11.908216381630059
single-blocker,18,444,known,352,0.0,137.5,511.0,279.2814914878907,279.2814914878907,12.082397630154649
single-blocker,18,444,known,384,0.0,150.0,558.0,294.3476786864008,294.3476786864008,12.259950217467543
single-blocker,18,444,known,416,0.0,162.5,602.0,307.61272633324654,307.61272633324654,12.40697027836883
single-blocker,18,444,known,448,0.0,175.0,651.0,322.2819111039159,322.2819111039159,12.568848978232067
single-blocker,18,444,known,480,0.0,187.5,695.0,334.5841627013312,334.5841627013312,12.695486049308617
single-blocker,18,444,known,512,0.0,200.0,743.0,347.9093990530791,347.9093990530791,12.832030721121598
single-blocker,18,444,product,32,2.125,0.0,32.0,31.968216811859147,31.968216811859147,4.02724519543652
single-blocker,18,444,product,64,4.25,0.0,64.0,57.42435623340214,57.42435623340214,4.7282659037057675
single-blocker,18,444,product,96,6.375,0.0,96.0,76.78319682780861,76.78319682780861,5.136346480888775
single-blocker,18,444,product,128,8.5,0.0,128.0,93.03345515740088,93.03345515740088,5.425334592589174
single-blocker,18,444,product,160,10.625,0.0,160.0,107.31238195727079,107.31238195727079,5.649261224939744
single-blocker,18,444,product,192,12.75,0.0,192.0,120.1978375468853,120.1978375468853,5.832104609707439
single-blocker,18,444,product,224,14.875,0.0,224.0,132.0310352083931,132.0310352083931,5.986627913082163
single-blocker,18,444,product,256,17.0,0.0,256.0,143.03333360981438,143.03333360981438,6.120438712817281
single-blocker,18,444,product,288,19.125,0.0,288.0,153.35798108855585,153.35798108855585,6.238439029233648
single-blocker,18,444,product,320,21.25,0.0,320.0,163.1162631808352,163.1162631808352,6.343973346894013
single-blocker,18,444,product,352,23.375,0.0,352.0,172.39200998111025,172.39200998111025,6.43942571339101
single-blocker,18,444,product,384,25.5,0.0,384.0,181.25023096678382,181.25023096678382,6.5265555690159704
single-blocker,18,444,product,416,27.625,0.0,416.0,189.74254455085054,189.74254455085054,6.6066985205464555
single-blocker,18,444,product,448,29.75,0.0,448.0,197.91074640079475,197.91074640079475,6.680892410683006
single-blocker,18,444,product,480,31.875,0.0,480.0,205.78924141297622,205.78924141297622,6.7499597404471405
single-blocker,18,444,product,512,34.0,0.0,512.0,213.40675252840046,213.40675252840046,6.81456340954972
outcome-lag-64,20,444,prefix,32,18.8125,29.0,64.0,64.0,64.0,36.35678282118927
outcome-lag-64,20,444,prefix,64,37.625,58.0,128.0,127.76507182113255,127.76507182113255,64.76682196412658
outcome-lag-64,20,444,prefix,96,49.328125,82.9375,191.75571193754013,186.49869350293142,186.49869350293142,88.13580116255208
outcome-lag-64,20,444,prefix,128,50.640625,101.9375,245.77599103800597,239.128919369396,238.50142351548274,111.41300520193504
outcome-lag-64,20,444,prefix,160,51.501953125,116.7265625,291.0049112396047,286.8795554087957,283.2437094807521,133.80415074411331
outcome-lag-64,20,444,prefix,192,51.501953125,123.4765625,323.7191164005833,323.33869580570365,315.95791464173067,148.28784895780933
outcome-lag-64,20,444,prefix,224,51.501953125,130.2265625,346.9378032267466,349.40663568317217,339.176601467894,155.51100108318983
outcome-lag-64,20,444,prefix,256,51.501953125,136.9765625,374.85643193877974,381.58770923725433,367.0952301799271,164.40438034452302
outcome-lag-64,20,444,prefix,288,51.501953125,143.7265625,397.9666590085259,410.0547578680994,390.20545724967326,173.38969346398721
outcome-lag-64,20,444,prefix,320,51.501953125,150.4765625,417.99252892641283,434.93314028655,410.2313271675602,180.8966314969491
outcome-lag-64,20,444,prefix,352,51.501953125,157.2265625,436.4248486513377,457.73820668882007,428.6636468924851,187.25094968872128
outcome-lag-64,20,444,prefix,384,51.501953125,163.9765625,451.4985241522189,475.9894047932491,443.7373223933663,191.83008061400648
outcome-lag-64,20,444,prefix,416,51.501953125,170.7265625,469.63869980154425,497.84942210864426,461.8774980426916,197.09716927897077
outcome-lag-64,20,444,prefix,448,51.501953125,177.4765625,486.1160549610293,518.0258866426587,478.3548532021767,202.15493531674738
outcome-lag-64,20,444,prefix,480,51.501953125,184.2265625,502.312112410765,538.0705847260195,494.5509106519124,207.3289322726689
outcome-lag-64,20,444,prefix,512,51.501953125,190.9765625,516.6792634514176,555.6100630469616,508.9180616925648,211.5499545930248
outcome-lag-64,20,444,intersection,32,18.8125,29.0,64.0,64.0,64.0,36.35678282118927
outcome-lag-64,20,444,intersection,64,20.125,48.0,128.0,128.0,128.0,73.03555985736539
outcome-lag-64,20,444,intersection,96,21.4375,67.0,191.75571193754013,189.7810569663144,189.7810569663144,101.20453929040173
outcome-lag-64,20,444,intersection,128,22.75,86.0,246.67455764975134,243.52204775305643,242.89455189914318,121.83974225145683
outcome-lag-64,20,444,intersection,160,23.2421875,97.34375,288.0040763142349,289.3340210162677,283.8918231670701,139.1816995067828
outcome-lag-64,20,444,intersection,192,23.2421875,104.09375,316.30968498536237,323.493265723047,312.19743183819753,151.26635512741896
outcome-lag-64,20,444,intersection,224,23.2421875,110.84375,337.60912219685196,347.78766969908355,333.4968690496871,157.74221673733956
outcome-lag-64,20,444,intersection,256,23.2421875,117.59375,362.950005271067,377.30913988773557,358.8377521239022,165.48883686911756
outcome-lag-64,20,444,intersection,288,23.2421875,124.34375,384.3837044946961,403.92614364226625,380.27145134753124,173.57700012824725
outcome-lag-64,20,444,intersection,320,23.2421875,131.09375,403.29546116673,427.46123723020514,399.18320801956514,180.4404315581843
outcome-lag-64,20,444,intersection,352,23.2421875,137.84375,420.8918954341474,449.16997489366753,416.77964228698255,186.29198910707726
outcome-lag-64,20,444,intersection,384,23.2421875,144.59375,435.4751820235171,466.7613460654001,431.36292887635227,190.57993358898764
outcome-lag-64,20,444,intersection,416,23.2421875,151.34375,452.8840382483723,487.6367814248435,448.77178510120746,195.428115579674
outcome-lag-64,20,444,intersection,448,23.2421875,158.09375,468.78458048444855,507.0351614937072,464.6723273372837,200.14967429257086
outcome-lag-64,20,444,intersection,480,23.2421875,164.84375,484.4421980930299,526.3622408351105,480.32994494586507,205.01442273852103
outcome-lag-64,20,444,intersection,512,23.2421875,171.59375,498.4143045595272,543.3753063510766,494.30205141236235,209.01869329406503
outcome-lag-64,20,444,completed,32,12.796875,25.5625,64.0,64.0,64.0,37.87899454708521
outcome-lag-64,20,444,completed,64,14.109375,44.5625,128.0,128.0,128.0,74.58261832180125
outcome-lag-64,20,444,completed,96,15.421875,63.5625,191.80469769449405,190.15247817188472,190.15247817188472,102.68299755261756
outcome-lag-64,20,444,completed,128,16.48828125,80.265625,244.64190798845152,242.05860935819192,241.40662062580168,122.39506343121408
outcome-lag-64,20,444,completed,160,17.390625,95.4375,288.6594965574438,291.06368934565813,284.8559598373577,139.29194891566286
outcome-lag-64,20,444,completed,192,17.47265625,102.953125,317.15724736341855,325.4633271491298,313.3537106433325,151.18019898628367
outcome-lag-64,20,444,completed,224,17.63671875,111.234375,339.55390397400515,350.8723628050953,335.7503672539191,157.6237487816009
outcome-lag-64,20,444,completed,256,18.416015625,125.2578125,367.7859634952316,383.33625790700114,363.98242677514554,165.41197741957612
outcome-lag-64,20,444,completed,288,18.5390625,133.15625,389.6502751403566,410.3551270823635,385.8467384202705,173.4128857202919
outcome-lag-64,20,444,completed,320,18.8671875,142.96875,412.03319649591634,437.3171925286616,408.20809975285863,180.25280846093236
outcome-lag-64,20,444,completed,352,18.8671875,149.71875,429.5298540520055,458.8932410172982,425.70475730894776,186.0451317644755
outcome-lag-64,20,444,completed,384,18.990234375,157.6171875,445.20319503989873,477.5534127258504,441.378098296841,190.29823080709124
outcome-lag-64,20,444,completed,416,18.990234375,164.3671875,462.5215306441405,498.30637772873905,458.6964339010828,195.09553441257282
outcome-lag-64,20,444,completed,448,18.990234375,171.1171875,478.3497819606731,517.6067481428815,474.5246852176154,199.77563645546823
outcome-lag-64,20,444,completed,480,18.990234375,177.8671875,493.9392506305444,536.8424976538092,490.1141538874867,204.60179360408353
outcome-lag-64,20,444,completed,512,18.990234375,184.6171875,507.86079643555615,553.7879612154013,504.03569969249844,208.57874743504325
outcome-lag-64,20,444,plugin,32,9.890625,9.71875,47.0,47.0,47.0,32.68683317855589
outcome-lag-64,20,444,plugin,64,10.328125,15.21875,96.0,96.0,96.0,64.25785124773354
outcome-lag-64,20,444,plugin,96,11.544921875,28.9921875,153.80469769449405,152.8787885862338,152.8787885862338,90.02769138080761
outcome-lag-64,20,444,plugin,128,11.626953125,35.5078125,197.39596584811082,196.84480796330217,196.21731210938893,108.2706958726046
outcome-lag-64,20,444,plugin,160,12.283203125,48.3828125,241.98483112219162,246.58765817081968,240.80617738346973,125.53723759969289
outcome-lag-64,20,444,plugin,192,12.365234375,55.8984375,271.171913081075,281.6372918126633,269.9932593423531,137.65881451170367
outcome-lag-64,20,444,plugin,224,12.529296875,64.1796875,294.4233781533905,307.8833783861711,293.2447244146686,144.2477094108876
outcome-lag-64,20,444,plugin,256,13.30859375,78.203125,324.6948659390315,342.329277857037,323.5162122003096,152.42152703784743
outcome-lag-64,20,444,plugin,288,13.431640625,86.1015625,347.08151499079764,369.8918495179415,345.90286125207575,160.51854987706008
outcome-lag-64,20,444,plugin,320,13.71875,95.53125,370.7182697308243,398.12815362675866,369.50783280396155,167.4581001181835
outcome-lag-64,20,444,plugin,352,13.71875,102.28125,388.2893764470976,419.80324187210675,387.0789395202348,173.29460174247902
outcome-lag-64,20,444,plugin,384,13.759765625,109.4140625,403.7454853654499,438.2620593958104,402.5350484385871,177.57370024974114
outcome-lag-64,20,444,plugin,416,13.759765625,116.1640625,421.131428681422,459.1065048990768,419.9209917545592,182.40898147580018
outcome-lag-64,20,444,plugin,448,13.759765625,122.9140625,437.0136906585826,478.48011006089524,435.80325373171985,187.1200413329325
outcome-lag-64,20,444,plugin,480,13.759765625,129.6640625,452.654089202666,497.78412269047215,451.44365227580323,191.9750262037944
outcome-lag-64,20,444,plugin,512,13.759765625,136.4140625,466.6134323342014,514.7801271973143,465.4029954073386,195.97239131524347
outcome-lag-64,20,444,safe,32,14.8125,0.0,32.0,32.0,32.0,21.955880797603506
outcome-lag-64,20,444,safe,64,29.625,0.0,64.0,64.0,64.0,40.60937062753263
outcome-lag-64,20,444,safe,96,44.4375,0.0,95.80469769449407,94.8787885862338,94.8787885862338,54.35034971406912
outcome-lag-64,20,444,safe,128,59.25,0.0,120.39596584811092,119.8448079633022,119.21731210938896,63.35509887324561
outcome-lag-64,20,444,safe,160,74.0625,0.0,139.2069959757847,141.6641881651063,138.02834223706273,71.11947890753041
outcome-lag-64,20,444,safe,192,88.875,0.0,155.12136563392016,161.1336833319017,153.9427118951982,77.88636186947888
outcome-lag-64,20,444,safe,224,103.6875,0.0,169.1537205299214,177.23376183071352,167.97506679119942,82.3077660101576
outcome-lag-64,20,444,safe,256,118.5,0.0,181.81601015915493,191.97791826002515,180.63735642043295,86.18343483778308
outcome-lag-64,20,444,safe,288,133.3125,0.0,193.44137133522423,206.55652863039396,192.26271759650226,90.5553980458269
outcome-lag-64,20,444,safe,320,148.125,0.0,204.30009416833488,219.99800112178724,203.1214404296129,94.34412276260123
outcome-lag-64,20,444,safe,352,162.9375,0.0,214.4934312162034,232.32387054842437,213.3147774774814,97.48969775546033
outcome-lag-64,20,444,safe,384,177.75,0.0,224.13331891736087,243.6650203165826,222.9546651786389,100.05975639356987
outcome-lag-64,20,444,safe,416,192.5625,0.0,233.3013259822842,254.20593411484865,232.12267224356222,102.18849955929966
outcome-lag-64,20,444,safe,448,207.375,0.0,242.0515958876215,264.59652083220385,240.8729421488995,104.4850783168471
outcome-lag-64,20,444,safe,480,222.1875,0.0,250.45782728564566,274.8280211914247,249.2791735469237,106.90715099365057
outcome-lag-64,20,444,safe,512,237.0,0.0,258.54187467005937,284.5294857043675,257.3632209313375,109.05570806027177
outcome-lag-64,20,444,known,32,0.0,6.75,53.0,53.0,53.0,37.9722473000381
outcome-lag-64,20,444,known,64,0.0,13.5,105.0,105.0,105.0,71.79825328533153
outcome-lag-64,20,444,known,96,0.0,20.25,154.80469769449405,153.8787885862338,153.8787885862338,96.0859988494701
outcome-lag-64,20,444,known,128,0.0,27.0,197.18583604427675,197.7455182072488,196.00718230555484,113.06091015232533
outcome-lag-64,20,444,known,160,0.0,33.75,232.42575929143877,239.487839352261,231.24710555271682,128.4392446581536
outcome-lag-64,20,444,known,192,0.0,40.5,259.0875155559142,272.03209222238405,257.90886181719225,139.68080782736035
outcome-lag-64,20,444,known,224,0.0,47.25,279.6815913382525,295.597776246475,278.5029375995305,145.87047813113716
outcome-lag-64,20,444,known,256,0.0,54.0,303.97821200352365,323.96190923665307,302.7995582648017,153.14591420434823
outcome-lag-64,20,444,known,288,0.0,60.75,324.693699769466,349.7341663511904,323.51504603074403,160.84181215046272
outcome-lag-64,20,444,known,320,0.0,67.5,343.09979215649474,372.63494408446144,341.9211384177728,167.41295642832327
outcome-lag-64,20,444,known,352,0.0,74.25,360.29806561719687,393.8122436829781,359.1194118784749,173.02949931446133
outcome-lag-64,20,444,known,384,0.0,81.0,374.64144070942285,411.0777344581034,373.4627869707009,177.1785120525768
outcome-lag-64,20,444,known,416,0.0,87.75,391.6849808608323,431.4583153380189,390.50632712211035,181.8228640611882
outcome-lag-64,20,444,known,448,0.0,94.5,407.29260302858916,450.4590312774753,406.1139492898672,186.37751052769755
outcome-lag-64,20,444,known,480,0.0,101.25,422.6731871581845,469.4142617992296,421.4945334194625,191.0862598852138
outcome-lag-64,20,444,known,512,0.0,108.0,436.4389897731746,486.1512354456644,435.2603360344527,194.97973651129828
outcome-lag-64,20,444,product,32,0.0,6.75,53.0,53.0,53.0,37.9722473000381
outcome-lag-64,20,444,product,64,0.0,13.5,105.0,105.0,105.0,71.79825328533153
outcome-lag-64,20,444,product,96,0.0,20.25,154.80469769449405,153.8787885862338,153.8787885862338,96.0859988494701
outcome-lag-64,20,444,product,128,0.0,27.0,197.18583604427675,197.7455182072488,196.00718230555484,113.06091015232533
outcome-lag-64,20,444,product,160,0.0,33.75,232.42575929143877,239.487839352261,231.24710555271682,128.4392446581536
outcome-lag-64,20,444,product,192,0.0,40.5,259.0875155559142,272.03209222238405,257.90886181719225,139.68080782736035
outcome-lag-64,20,444,product,224,0.0,47.25,279.6815913382525,295.597776246475,278.5029375995305,145.87047813113716
outcome-lag-64,20,444,product,256,0.0,54.0,303.97821200352365,323.96190923665307,302.7995582648017,153.14591420434823
outcome-lag-64,20,444,product,288,0.0,60.75,324.693699769466,349.7341663511904,323.51504603074403,160.84181215046272
outcome-lag-64,20,444,product,320,0.0,67.5,343.09979215649474,372.63494408446144,341.9211384177728,167.41295642832327
outcome-lag-64,20,444,product,352,0.0,74.25,360.29806561719687,393.8122436829781,359.1194118784749,173.02949931446133
outcome-lag-64,20,444,product,384,0.0,81.0,374.64144070942285,411.0777344581034,373.4627869707009,177.1785120525768
outcome-lag-64,20,444,product,416,0.0,87.75,391.6849808608323,431.4583153380189,390.50632712211035,181.8228640611882
outcome-lag-64,20,444,product,448,0.0,94.5,407.29260302858916,450.4590312774753,406.1139492898672,186.37751052769755
outcome-lag-64,20,444,product,480,0.0,101.25,422.6731871581845,469.4142617992296,421.4945334194625,191.0862598852138
outcome-lag-64,20,444,product,512,0.0,108.0,436.4389897731746,486.1512354456644,435.2603360344527,194.97973651129828
single-blocker,20,444,prefix,32,18.8125,29.0,64.0,63.96821681185914,63.96821681185914,9.752035282021934
single-blocker,20,444,prefix,64,37.625,58.0,128.0,116.98257841200666,116.98257841200666,11.789735258489
single-blocker,20,444,prefix,96,56.4375,87.0,192.0,157.08439078573903,157.08439078573903,12.77806352406351
single-blocker,20,444,prefix,128,75.25,116.0,256.0,191.2378856035449,191.2378856035449,13.597959862961764
single-blocker,20,444,prefix,160,94.0625,145.0,320.0,220.89604533802918,220.89604533802918,14.156031991489236
single-blocker,20,444,prefix,192,112.875,174.0,384.0,248.90427652835467,248.90427652835467,14.768425961139773
single-blocker,20,444,prefix,224,131.6875,203.0,448.0,274.8911861492982,274.8911861492982,15.274873960731437
single-blocker,20,444,prefix,256,150.5,232.0,512.0,298.62442443913915,298.62442443913915,15.658711408793655
single-blocker,20,444,prefix,288,169.3125,261.0,576.0,322.3581858375907,322.3581858375907,16.08430979122562
single-blocker,20,444,prefix,320,188.125,290.0,640.0,342.2719673134231,342.2719673134231,16.304049954407127
single-blocker,20,444,prefix,352,206.9375,319.0,704.0,365.39724740201433,365.39724740201433,16.71991595411102
single-blocker,20,444,prefix,384,225.75,348.0,768.0,384.2075179395463,384.2075179395463,16.933308850274752
single-blocker,20,444,prefix,416,244.5625,377.0,832.0,404.32323815707525,404.32323815707525,17.216823548197414
single-blocker,20,444,prefix,448,263.375,406.0,896.0,422.33003086246924,422.33003086246924,17.424698760782825
single-blocker,20,444,prefix,480,282.1875,435.0,960.0,440.9454354942251,440.9454354942251,17.666356377120437
single-blocker,20,444,prefix,512,301.0,464.0,1024.0,457.7227810412078,457.7227810412078,17.8463808449625
single-blocker,20,444,intersection,32,12.796875,25.5625,64.0,63.96821681185914,63.96821681185914,10.3543938493805
single-blocker,20,444,intersection,64,14.109375,44.5625,128.0,121.14413264044192,121.14413264044192,12.76650407597471
single-blocker,20,444,intersection,96,15.421875,63.5625,192.0,168.3936382072417,168.3936382072417,14.010499934769523
single-blocker,20,444,intersection,128,16.734375,82.5625,256.0,207.8767285526305,207.8767285526305,14.881618384127702
single-blocker,20,444,intersection,160,17.30859375,94.671875,314.0,238.4642680062398,238.4642680062398,15.46105390662567
single-blocker,20,444,intersection,192,17.30859375,101.421875,363.0,260.70087249201123,260.70087249201123,15.823322811120672
single-blocker,20,444,intersection,224,17.30859375,108.171875,407.0,278.67027536787634,278.67027536787634,16.087544265526216
single-blocker,20,444,intersection,256,17.30859375,114.921875,462.0,300.58667684918015,300.58667684918015,16.40295390971529
single-blocker,20,444,intersection,288,17.30859375,121.671875,513.0,319.24860167201155,319.24860167201155,16.64950886631515
single-blocker,20,444,intersection,320,17.30859375,128.421875,562.0,336.04310278470604,336.04310278470604,16.857542156024277
single-blocker,20,444,intersection,352,17.30859375,135.171875,611.0,352.01524317111523,352.01524317111523,17.045957357340352
single-blocker,20,444,intersection,384,17.30859375,141.921875,655.0,365.42042445650213,365.42042445650213,17.193865279181324
single-blocker,20,444,intersection,416,17.30859375,148.671875,708.0,381.5544383283126,381.5544383283126,17.372217753584813
single-blocker,20,444,intersection,448,17.30859375,155.421875,759.0,396.33014170105537,396.33014170105537,17.527652755080798
single-blocker,20,444,intersection,480,17.30859375,162.171875,811.0,410.8877377159631,410.8877377159631,17.67565640767588
single-blocker,20,444,intersection,512,17.30859375,168.921875,860.0,423.9833714021434,423.9833714021434,17.802780363224326
single-blocker,20,444,completed,32,12.25,25.25,64.0,63.96821681185914,63.96821681185914,10.435915588510937
single-blocker,20,444,completed,64,13.5625,44.25,128.0,121.22759708485823,121.22759708485823,12.773646933117568
single-blocker,20,444,completed,96,14.875,63.25,192.0,168.4190544210669,168.4190544210669,14.011830901938994
single-blocker,20,444,completed,128,16.1875,82.25,256.0,207.8604061387894,207.8604061387894,14.880873967254246
single-blocker,20,444,completed,160,16.76171875,94.359375,314.0,238.37718762240968,238.37718762240968,15.457396644347714
single-blocker,20,444,completed,192,16.76171875,101.109375,363.0,260.56382911389125,260.56382911389125,15.81778668058454
single-blocker,20,444,completed,224,16.76171875,107.859375,407.0,278.5048656823816,278.5048656823816,16.081013440029874
single-blocker,20,444,completed,256,16.76171875,114.609375,462.0,300.3776634170416,300.3776634170416,16.394996639168102
single-blocker,20,444,completed,288,16.76171875,121.359375,513.0,319.01107430254484,319.01107430254484,16.64068646508769
single-blocker,20,444,completed,320,16.76171875,128.109375,562.0,335.7841427644248,335.7841427644248,16.848104926587062
single-blocker,20,444,completed,352,16.76171875,134.859375,611.0,351.73778943068,351.73778943068,17.03601417552219
single-blocker,20,444,completed,384,16.76171875,141.609375,655.0,365.13134471257405,365.13134471257405,17.183615724814135
single-blocker,20,444,completed,416,16.76171875,148.359375,708.0,381.2473166115077,381.2473166115077,17.361510682877757
single-blocker,20,444,completed,448,16.76171875,155.109375,759.0,396.0087620595355,396.0087620595355,17.516599600585025
single-blocker,20,444,completed,480,16.76171875,161.859375,811.0,410.55305786921906,410.55305786921906,17.664292771312244
single-blocker,20,444,completed,512,16.76171875,168.609375,860.0,423.6385297980934,423.6385297980934,17.791187566934028
single-blocker,20,444,plugin,32,7.642578125,15.7890625,56.0,55.96821681185914,55.96821681185914,10.059424127615449
single-blocker,20,444,plugin,64,7.642578125,22.5390625,108.0,101.35247815784554,101.35247815784554,11.715729353110541
single-blocker,20,444,plugin,96,7.642578125,29.2890625,158.0,135.91823520986975,135.91823520986975,12.564520073186454
single-blocker,20,444,plugin,128,7.642578125,36.0390625,209.0,165.41423460874628,165.41423460874628,13.172853889909781
single-blocker,20,444,plugin,160,7.642578125,42.7890625,263.0,192.8795557766315,192.8795557766315,13.671789092745517
single-blocker,20,444,plugin,192,7.642578125,49.5390625,312.0,214.8740371888059,214.8740371888059,14.025042240902149
single-blocker,20,444,plugin,224,7.642578125,56.2890625,356.0,232.7054009161755,232.7054009161755,14.284464454403805
single-blocker,20,444,plugin,256,7.642578125,63.0390625,411.0,254.40885351266016,254.40885351266016,14.5929596902845
single-blocker,20,444,plugin,288,7.642578125,69.7890625,462.0,272.93105527192006,272.93105527192006,14.835302527772035
single-blocker,20,444,plugin,320,7.642578125,76.5390625,511.0,289.620303294582,289.620303294582,15.040333766867711
single-blocker,20,444,plugin,352,7.642578125,83.2890625,560.0,305.5014724906291,305.5014724906291,15.226273142670088
single-blocker,20,444,plugin,384,7.642578125,90.0390625,604.0,318.84939629136386,318.84939629136386,15.3726794875866
single-blocker,20,444,plugin,416,7.642578125,96.7890625,657.0,334.89445310636955,334.89445310636955,15.54878625999963
single-blocker,20,444,plugin,448,7.642578125,103.5390625,708.0,349.59977292100734,349.59977292100734,15.702519849826817
single-blocker,20,444,plugin,480,7.642578125,110.2890625,760.0,364.09164888091755,364.09164888091755,15.848995151227639
single-blocker,20,444,plugin,512,7.642578125,117.0390625,809.0,377.13703010179074,377.13703010179074,15.974989868697634
single-blocker,20,444,safe,32,14.8125,0.0,32.0,31.968216811859147,31.968216811859147,4.02724519543652
single-blocker,20,444,safe,64,29.625,0.0,64.0,57.42435623340214,57.42435623340214,4.7282659037057675
single-blocker,20,444,safe,96,44.4375,0.0,96.0,76.78319682780861,76.78319682780861,5.136346480888775
single-blocker,20,444,safe,128,59.25,0.0,128.0,93.03345515740088,93.03345515740088,5.425334592589174
single-blocker,20,444,safe,160,74.0625,0.0,160.0,107.31238195727079,107.31238195727079,5.649261224939744
single-blocker,20,444,safe,192,88.875,0.0,192.0,120.1978375468853,120.1978375468853,5.832104609707439
single-blocker,20,444,safe,224,103.6875,0.0,224.0,132.0310352083931,132.0310352083931,5.986627913082163
single-blocker,20,444,safe,256,118.5,0.0,256.0,143.03333360981438,143.03333360981438,6.120438712817281
single-blocker,20,444,safe,288,133.3125,0.0,288.0,153.35798108855585,153.35798108855585,6.238439029233648
single-blocker,20,444,safe,320,148.125,0.0,320.0,163.1162631808352,163.1162631808352,6.343973346894013
single-blocker,20,444,safe,352,162.9375,0.0,352.0,172.39200998111025,172.39200998111025,6.43942571339101
single-blocker,20,444,safe,384,177.75,0.0,384.0,181.25023096678382,181.25023096678382,6.5265555690159704
single-blocker,20,444,safe,416,192.5625,0.0,416.0,189.74254455085054,189.74254455085054,6.6066985205464555
single-blocker,20,444,safe,448,207.375,0.0,448.0,197.91074640079475,197.91074640079475,6.680892410683006
single-blocker,20,444,safe,480,222.1875,0.0,480.0,205.78924141297622,205.78924141297622,6.7499597404471405
single-blocker,20,444,safe,512,237.0,0.0,512.0,213.40675252840046,213.40675252840046,6.81456340954972
single-blocker,20,444,known,32,0.0,6.75,53.0,52.96821681185914,52.96821681185914,7.6249848525802015
single-blocker,20,444,known,64,0.0,13.5,105.0,97.53907305509675,97.53907305509675,9.006808942642143
single-blocker,20,444,known,96,0.0,20.25,155.0,130.76180410793668,130.76180410793668,9.782601074631469
single-blocker,20,444,known,128,0.0,27.0,206.0,159.42700048686652,159.42700048686652,10.35283513086607
single-blocker,20,444,known,160,0.0,33.75,260.0,186.26479073776375,186.26479073776375,10.826638742579359
single-blocker,20,444,known,192,0.0,40.5,309.0,207.9080563136654,207.9080563136654,11.167214617564762
single-blocker,20,444,known,224,0.0,47.25,353.0,225.53663042208606,225.53663042208606,11.419775005671328
single-blocker,20,444,known,256,0.0,54.0,408.0,246.9237941513994,246.9237941513994,11.718241818017447
single-blocker,20,444,known,288,0.0,60.75,459.0,265.23630292596465,265.23630292596465,11.954391424159661
single-blocker,20,444,known,320,0.0,67.5,508.0,281.7665139996006,281.7665139996006,12.154969042385298
single-blocker,20,444,known,352,0.0,74.25,557.0,297.50951201969235,297.50951201969235,12.337210350098772
single-blocker,20,444,known,384,0.0,81.0,601.0,310.7701423769013,310.7701423769013,12.481362670297772
single-blocker,20,444,known,416,0.0,87.75,654.0,326.6790911255166,326.6790911255166,12.654082547609224
single-blocker,20,444,known,448,0.0,94.5,705.0,341.27631542435483,341.27631542435483,12.805237373500296
single-blocker,20,444,known,480,0.0,101.25,757.0,355.666945986405,355.666945986405,12.949386771312316
single-blocker,20,444,known,512,0.0,108.0,806.0,368.63471343285727,368.63471343285727,13.073657197414484
single-blocker,20,444,product,32,0.0,6.75,53.0,52.96821681185914,52.96821681185914,7.6249848525802015
single-blocker,20,444,product,64,0.0,13.5,105.0,97.53907305509675,97.53907305509675,9.006808942642143
single-blocker,20,444,product,96,0.0,20.25,155.0,130.76180410793668,130.76180410793668,9.782601074631469
single-blocker,20,444,product,128,0.0,27.0,206.0,159.42700048686652,159.42700048686652,10.35283513086607
single-blocker,20,444,product,160,0.0,33.75,260.0,186.26479073776375,186.26479073776375,10.826638742579359
single-blocker,20,444,product,192,0.0,40.5,309.0,207.9080563136654,207.9080563136654,11.167214617564762
single-blocker,20,444,product,224,0.0,47.25,353.0,225.53663042208606,225.53663042208606,11.419775005671328
single-blocker,20,444,product,256,0.0,54.0,408.0,246.9237941513994,246.9237941513994,11.718241818017447
single-blocker,20,444,product,288,0.0,60.75,459.0,265.23630292596465,265.23630292596465,11.954391424159661
single-blocker,20,444,product,320,0.0,67.5,508.0,281.7665139996006,281.7665139996006,12.154969042385298
single-blocker,20,444,product,352,0.0,74.25,557.0,297.50951201969235,297.50951201969235,12.337210350098772
single-blocker,20,444,product,384,0.0,81.0,601.0,310.7701423769013,310.7701423769013,12.481362670297772
single-blocker,20,444,product,416,0.0,87.75,654.0,326.6790911255166,326.6790911255166,12.654082547609224
single-blocker,20,444,product,448,0.0,94.5,705.0,341.27631542435483,341.27631542435483,12.805237373500296
single-blocker,20,444,product,480,0.0,101.25,757.0,355.666945986405,355.666945986405,12.949386771312316
single-blocker,20,444,product,512,0.0,108.0,806.0,368.63471343285727,368.63471343285727,13.073657197414484
outcome-lag-64,22,444,prefix,32,10.5,27.0,64.0,64.0,64.0,31.154767160478503
outcome-lag-64,22,444,prefix,64,21.0,54.0,128.0,128.0,128.0,62.9448340511857
outcome-lag-64,22,444,prefix,96,28.875,79.5,191.73906891844607,190.31993036809718,190.31993036809718,87.82751906459767
outcome-lag-64,22,444,prefix,128,28.875,100.5,245.9615147934569,244.08316767284947,243.3464522227156,105.7989947636942
outcome-lag-64,22,444,prefix,160,28.875,121.5,289.04055708771466,289.45220959863394,286.4254945169734,119.49801626297686
outcome-lag-64,22,444,prefix,192,28.875,142.5,330.90158146593757,333.5571321859689,327.9342317440063,131.7954028947586
outcome-lag-64,22,444,prefix,224,28.875,163.5,369.4218821254505,374.88938710763057,366.1946462158895,143.14519691341027
outcome-lag-64,22,444,prefix,256,28.875,184.5,400.5830982889648,410.3620330659535,397.3558623794038,152.33780152758604
outcome-lag-64,22,444,prefix,288,28.875,205.5,428.9192134309466,442.3633951502445,425.69197752138564,159.56259030759915
outcome-lag-64,22,444,prefix,320,28.875,226.5,455.22053442781043,471.7965396764309,451.99329851824945,165.58895882931532
outcome-lag-64,22,444,prefix,352,28.875,247.5,480.6023246643404,501.0600796342608,477.3750887547794,172.10778659773263
outcome-lag-64,22,444,prefix,384,28.875,268.5,504.69666443946966,529.4379034070325,501.46942852990867,178.84005106358262
outcome-lag-64,22,444,prefix,416,28.875,289.5,527.4193251972879,556.4133074722845,524.192089287727,185.22520428001
outcome-lag-64,22,444,prefix,448,28.875,310.5,549.020942783727,582.0681372059661,545.7937068741661,191.10886452456793
outcome-lag-64,22,444,prefix,480,28.875,331.5,569.6520006069235,606.6411110790675,566.4247646973625,196.6576981713965
outcome-lag-64,22,444,prefix,512,28.875,352.5,589.1481287570136,629.295971299347,585.9208928474527,201.09782505436763
outcome-lag-64,22,444,intersection,32,10.5,27.0,64.0,64.0,64.0,31.154767160478503
outcome-lag-64,22,444,intersection,64,21.0,54.0,128.0,128.0,128.0,62.9448340511857
outcome-lag-64,22,444,intersection,96,23.625,76.5,191.73906891844607,190.3691738763249,190.3691738763249,88.51314549362343
outcome-lag-64,22,444,intersection,128,23.625,97.5,245.9615147934569,244.1678353142219,243.43990089889232,108.48172234319928
outcome-lag-64,22,444,intersection,160,23.625,118.5,289.36080184995245,289.7053848020587,286.8391879553879,122.08536501779992
outcome-lag-64,22,444,intersection,192,23.625,139.5,330.5846707332356,333.11931306080754,327.646575926588,133.5619153818161
outcome-lag-64,22,444,intersection,224,23.625,160.5,367.0188725383812,373.09744921258056,364.0807777317336,144.2783640369901
outcome-lag-64,22,444,intersection,256,23.625,181.5,397.7024291069016,408.2684549493661,394.76433430025406,153.2680648619181
outcome-lag-64,22,444,intersection,288,23.625,202.5,425.81856240592793,440.0812616505672,422.8804675992804,160.4156096969756
outcome-lag-64,22,444,intersection,320,23.625,223.5,451.988486617165,469.399958930622,449.05039181051745,166.4142690305706
outcome-lag-64,22,444,intersection,352,23.625,244.5,477.0448431028025,498.30721103865216,474.10674829615493,172.79030743967488
outcome-lag-64,22,444,intersection,384,23.625,265.5,500.8412382143022,526.3383575531682,497.9031434076547,179.3588741532314
outcome-lag-64,22,444,intersection,416,23.625,286.5,523.3453373759077,553.0559140650589,520.4072425692602,185.61065923642025
outcome-lag-64,22,444,intersection,448,23.625,307.5,544.7654872971268,578.4980584253265,541.8273924904794,191.39672760391588
outcome-lag-64,22,444,intersection,480,23.625,328.5,565.2383454980665,602.8783956951754,562.300250691419,196.86014945423997
outcome-lag-64,22,444,intersection,512,23.625,349.5,584.7363227322801,625.5240601342708,581.7982279256327,201.27579266712982
outcome-lag-64,22,444,completed,32,7.875,25.5,64.0,64.0,64.0,32.45427026606856
outcome-lag-64,22,444,completed,64,10.4765625,40.59375,119.0,119.0,119.0,62.19782620548648
outcome-lag-64,22,444,completed,96,11.34375,59.625,179.73906891844607,178.40873268915448,178.40873268915448,88.49723344235751
outcome-lag-64,22,444,completed,128,11.34375,80.625,235.89849694086956,234.17261807975157,233.4446836644221,106.21310345751954
outcome-lag-64,22,444,completed,160,11.34375,101.625,283.1997534799823,282.3378147809267,279.9102728249952,119.50597488011525
outcome-lag-64,22,444,completed,192,11.34375,122.625,322.77113625557905,324.63323096049015,319.481655600592,130.4418728636384
outcome-lag-64,22,444,completed,224,11.34375,143.625,357.3453091507932,363.23016031474543,354.0558284958061,140.43703984167428
outcome-lag-64,22,444,completed,256,11.34375,164.625,388.44555662532076,398.99900361500556,385.1560759703337,149.4609961761841
outcome-lag-64,22,444,completed,288,11.34375,185.625,417.07466037065916,431.40280389468467,413.7851797156721,156.8540664462993
outcome-lag-64,22,444,completed,320,11.34375,206.625,443.7233433496426,461.25866831654923,440.43386269465555,163.109099597065
outcome-lag-64,22,444,completed,352,11.34375,227.625,468.57307792464604,489.9195251254905,465.28359726965897,169.3766950259836
outcome-lag-64,22,444,completed,384,11.34375,248.625,492.11000940007415,517.6129160848399,488.8205287450871,175.7433244656199
outcome-lag-64,22,444,completed,416,11.34375,269.625,514.4603340237625,544.118187693189,511.1708533687753,181.82018894734787
outcome-lag-64,22,444,completed,448,11.34375,290.625,535.7454822753947,569.3917389889523,532.4560016204075,187.49395786707578
outcome-lag-64,22,444,completed,480,11.34375,311.625,556.0861108962165,593.6003718626923,552.7966302412293,192.8564218832765
outcome-lag-64,22,444,completed,512,11.34375,332.625,575.8468838517737,616.5106568691165,572.5574031967865,197.29290714696543
outcome-lag-64,22,444,plugin,32,3.41015625,9.328125,46.0,46.0,46.0,26.10802725898965
outcome-lag-64,22,444,plugin,64,6.47265625,16.078125,94.0,94.0,94.0,50.715309651699286
outcome-lag-64,22,444,plugin,96,9.109375,27.5625,145.73906891844607,144.40873268915445,144.40873268915445,72.16069882847152
outcome-lag-64,22,444,plugin,128,10.05078125,37.265625,186.18092425136658,184.86898947448915,184.14105505915964,85.97786372874769
outcome-lag-64,22,444,plugin,160,10.71875,50.25,220.88473023716466,221.25227248586313,218.7861843911634,96.43872381209654
outcome-lag-64,22,444,plugin,192,11.59375,60.75,250.81421737490876,253.62826458422177,248.7156715289075,104.93303826033689
outcome-lag-64,22,444,plugin,224,11.921875,77.8125,283.1121669516321,289.8079928981916,281.0136211056309,114.02646749235818
outcome-lag-64,22,444,plugin,256,12.796875,88.3125,303.4158415945807,313.7545994578256,301.31729574857945,120.81538182704456
outcome-lag-64,22,444,plugin,288,13.453125,101.4375,329.30592935423226,341.97214396749337,327.20738350823103,126.25347035106141
outcome-lag-64,22,444,plugin,320,14.328125,111.9375,346.83063523192396,361.34702233505965,344.73208938592273,129.87670675288143
outcome-lag-64,22,444,plugin,352,14.73828125,128.015625,372.1282380742336,389.73595181365636,370.02969222823236,135.52220408376132
outcome-lag-64,22,444,plugin,384,14.9296875,146.71875,399.8895570544019,421.1504331078783,397.7910112084007,142.28806933273725
outcome-lag-64,22,444,plugin,416,15.5859375,159.84375,422.23284308031725,447.0929335843078,420.0215854728026,148.30616873512923
outcome-lag-64,22,444,plugin,448,15.5859375,180.84375,448.80702020146384,477.6601177493112,446.5773022506771,155.0520183072113
outcome-lag-64,22,444,plugin,480,15.5859375,201.84375,473.4680564694674,506.6000462416222,471.2383385186807,161.93001325674044
outcome-lag-64,22,444,plugin,512,15.5859375,222.84375,499.9965338956274,536.183205731434,497.7585294039413,168.3023103035528
outcome-lag-64,22,444,safe,32,9.25,0.0,32.0,32.0,32.0,18.42548757644996
outcome-lag-64,22,444,safe,64,18.5,0.0,64.0,64.0,64.0,34.82288729473795
outcome-lag-64,22,444,safe,96,27.75,0.0,95.73906891844605,94.40873268915439,94.40873268915439,47.14873106603594
outcome-lag-64,22,444,safe,128,37.0,0.0,120.18092425136676,118.96780215138958,118.23986773606009,55.7465303103792
outcome-lag-64,22,444,safe,160,46.25,0.0,139.04252793389458,139.50139648081944,137.10147141858792,62.22512447228974
outcome-lag-64,22,444,safe,192,55.5,0.0,154.91585465325227,157.3301406528612,152.9747981379456,67.35125643948466
outcome-lag-64,22,444,safe,224,64.75,0.0,168.87880040708774,174.10192918612233,166.93774389178108,72.44437061461278
outcome-lag-64,22,444,safe,256,74.0,0.0,181.55472178959587,189.45182865877453,179.61366527428922,76.92578248557878
outcome-lag-64,22,444,safe,288,83.25,0.0,193.2145364337166,202.4693220264399,191.27347991840995,79.73662869091919
outcome-lag-64,22,444,safe,320,92.5,0.0,204.00574824192427,214.32856979230903,202.0646917266176,81.94312868216926
outcome-lag-64,22,444,safe,352,101.75,0.0,214.17119999994674,226.18200066027512,212.23014348464008,84.61626511635724
outcome-lag-64,22,444,safe,384,111.0,0.0,223.80297032032567,237.7270868572249,221.86191380501901,87.39026018325838
outcome-lag-64,22,444,safe,416,120.25,0.0,232.97137314701405,248.99644980991016,231.0303166317074,90.24745250340742
outcome-lag-64,22,444,safe,448,129.5,0.0,241.731133091223,259.7432548516616,239.79007657591634,92.9002495853511
outcome-lag-64,22,444,safe,480,138.75,0.0,250.13497775212196,269.98097913864626,248.1939212368153,95.3285461899184
outcome-lag-64,22,444,safe,512,148.0,0.0,258.22338277988507,279.8181906887961,256.2823262645784,97.61285029374656
outcome-lag-64,22,444,known,32,0.0,21.0,64.0,64.0,64.0,31.710738926407192
outcome-lag-64,22,444,known,64,0.0,42.0,128.0,128.0,128.0,65.76217581133979
outcome-lag-64,22,444,known,96,0.0,63.0,191.73906891844607,190.40873268915448,190.40873268915448,93.44729318410603
outcome-lag-64,22,444,known,128,0.0,84.0,246.94189418412935,245.803401123957,244.876130583172,111.54857398465016
outcome-lag-64,22,444,known,160,0.0,105.0,293.45995941001036,293.42734425160756,290.3971666938754,124.5450629727161
outcome-lag-64,22,444,known,192,0.0,126.0,331.59590855502273,334.5081343590466,328.5303869107921,135.0393639459757
outcome-lag-64,22,444,known,224,0.0,147.0,364.858179245448,371.8805318835023,361.79197926448506,144.53135222902534
outcome-lag-64,22,444,known,256,0.0,168.0,395.64122339598765,407.33381136392404,392.5750234150247,153.38629718710223
outcome-lag-64,22,444,known,288,0.0,189.0,424.04900009789867,439.47746604413044,420.98280011693566,160.70661656089743
outcome-lag-64,22,444,known,320,0.0,210.0,450.5149689983972,469.12049989273294,447.4487690174342,166.92231543572785
outcome-lag-64,22,444,known,352,0.0,231.0,474.94274482965557,497.2853783449092,471.87654484869256,173.01618757803942
outcome-lag-64,22,444,known,384,0.0,252.0,498.07197617721874,524.4795197594946,495.00577619625574,179.1753809211074
outcome-lag-64,22,444,known,416,0.0,273.0,520.0946816467086,550.5822008505604,517.0284816657456,185.07481577424733
outcome-lag-64,22,444,known,448,0.0,294.0,541.0897242030233,575.5044272853983,538.0235242220602,190.6095239438925
outcome-lag-64,22,444,known,480,0.0,315.0,561.1667576729856,599.3862656480867,558.1005576920226,195.8452479244409
outcome-lag-64,22,444,known,512,0.0,336.0,580.8490528658057,622.1899393391011,577.7828528848427,200.2318415708138
outcome-lag-64,22,444,product,32,10.5,27.0,64.0,64.0,64.0,31.154767160478503
outcome-lag-64,22,444,product,64,21.0,54.0,128.0,128.0,128.0,62.9448340511857
outcome-lag-64,22,444,product,96,31.5,81.0,191.73906891844607,189.8964053802305,189.8964053802305,89.04044622953099
outcome-lag-64,22,444,product,128,42.0,108.0,242.9214949394438,239.81126252006888,239.08332810473945,104.84966125288527
outcome-lag-64,22,444,product,160,52.5,135.0,282.8588560008339,282.3535980223848,279.0206891661296,117.35435798508216
outcome-lag-64,22,444,product,192,63.0,162.0,316.1304509594681,319.6897612446321,312.2922841247638,127.88211567924968
outcome-lag-64,22,444,product,224,73.5,189.0,345.8038285335127,353.92761111973095,341.9656616988084,137.37805214244318
outcome-lag-64,22,444,product,256,84.0,216.0,371.6694002976663,384.889378703892,367.831233462962,146.1687910351006
outcome-lag-64,22,444,product,288,94.5,243.0,396.1306764095094,413.08678777994965,392.29250957480514,152.91637518530771
outcome-lag-64,22,444,product,320,105.0,270.0,419.4881345909353,439.3892312352417,415.64996775623104,158.25283139082876
outcome-lag-64,22,444,product,352,115.5,297.0,440.85740853178004,464.3102587227219,437.01924169707576,163.8957746598706
outcome-lag-64,22,444,product,384,126.0,324.0,462.53096479167317,489.5069731742529,458.6927979569689,169.36689599593817
outcome-lag-64,22,444,product,416,136.5,351.0,483.28489688453493,513.6577378803935,479.4467300498306,174.63788389332942
outcome-lag-64,22,444,product,448,147.0,378.0,501.81192525683537,535.5230924900679,497.973758422131,179.36696033101327
outcome-lag-64,22,444,product,480,157.5,405.0,520.3540428514094,557.194345152218,516.5158760167052,183.75949508661844
outcome-lag-64,22,444,product,512,168.0,432.0,536.8030861311202,576.5422530083649,532.9649192964159,187.75348361369657
single-blocker,22,444,prefix,32,10.5,27.0,64.0,63.96821681185914,63.96821681185914,9.9649982449849
single-blocker,22,444,prefix,64,21.0,54.0,128.0,116.40296351353018,116.40296351353018,11.457853830781799
single-blocker,22,444,prefix,96,31.5,81.0,192.0,156.22383562847136,156.22383562847136,12.491139305959516
single-blocker,22,444,prefix,128,42.0,108.0,256.0,191.23788560354492,191.23788560354492,13.597959862961766
single-blocker,22,444,prefix,160,52.5,135.0,320.0,222.57577512186512,222.57577512186512,14.386788699741054
single-blocker,22,444,prefix,192,63.0,162.0,384.0,250.10210542326675,250.10210542326675,14.895189663539073
single-blocker,22,444,prefix,224,73.5,189.0,448.0,275.5203193516677,275.5203193516677,15.32884312121117
single-blocker,22,444,prefix,256,84.0,216.0,512.0,297.96988018448076,297.96988018448076,15.60737526252081
single-blocker,22,444,prefix,288,94.5,243.0,576.0,319.6603885564971,319.6603885564971,15.903614264242206
single-blocker,22,444,prefix,320,105.0,270.0,640.0,340.8878290324774,340.8878290324774,16.217699069398517
single-blocker,22,444,prefix,352,115.5,297.0,704.0,360.45541004990986,360.45541004990986,16.459576820773314
single-blocker,22,444,prefix,384,126.0,324.0,768.0,380.6136842134989,380.6136842134989,16.76165839590833
single-blocker,22,444,prefix,416,136.5,351.0,832.0,400.0733854178177,400.0733854178177,17.035087064981873
single-blocker,22,444,prefix,448,147.0,378.0,896.0,417.4322470529225,417.4322470529225,17.221956242382063
single-blocker,22,444,prefix,480,157.5,405.0,960.0,434.9428576847687,434.9428576847687,17.42807142490768
single-blocker,22,444,prefix,512,168.0,432.0,1024.0,450.43029920318037,450.43029920318037,17.561593614250587
single-blocker,22,444,intersection,32,8.53125,25.875,64.0,63.96821681185914,63.96821681185914,10.253203373190026
single-blocker,22,444,intersection,64,8.53125,46.875,128.0,121.14413264044194,121.14413264044194,12.766504075974714
single-blocker,22,444,intersection,96,8.53125,67.875,192.0,168.42752165004518,168.42752165004518,14.012274164350348
single-blocker,22,444,intersection,128,8.53125,88.875,256.0,207.86040613878936,207.86040613878936,14.880873967254251
single-blocker,22,444,intersection,160,8.53125,109.875,320.0,242.50668037653386,242.50668037653386,15.554586721174513
single-blocker,22,444,intersection,192,8.53125,130.875,384.0,273.7613070496358,273.7613070496358,16.104687922362192
single-blocker,22,444,intersection,224,8.53125,151.875,448.0,302.3299224817422,302.3299224817422,16.56516605754441
single-blocker,22,444,intersection,256,8.53125,172.875,512.0,329.0700591678751,329.0700591678751,16.970123191645126
single-blocker,22,444,intersection,288,8.53125,193.875,576.0,354.1027143299846,354.1027143299846,17.325350211886054
single-blocker,22,444,intersection,320,8.53125,214.875,640.0,377.7410270953763,377.7410270953763,17.642495796773503
single-blocker,22,444,intersection,352,8.53125,235.875,704.0,400.1819472244254,400.1819472244254,17.92861822753884
single-blocker,22,444,intersection,384,8.53125,256.875,768.0,421.5633553171524,421.5633553171524,18.188553606071363
single-blocker,22,444,intersection,416,8.53125,277.875,832.0,442.0501368840816,442.0501368840816,18.42746166667982
single-blocker,22,444,intersection,448,8.53125,298.875,896.0,461.71109276446145,461.71109276446145,18.647640948584716
single-blocker,22,444,intersection,480,8.53125,319.875,960.0,480.62018433384145,480.62018433384145,18.85140684508612
single-blocker,22,444,intersection,512,8.53125,340.875,1024.0,499.1539694869054,499.1539694869054,19.047999054940167
single-blocker,22,444,completed,32,8.203125,25.6875,64.0,63.96821681185914,63.96821681185914,10.354393849380504
single-blocker,22,444,completed,64,8.203125,46.6875,128.0,121.22759708485823,121.22759708485823,12.77364693311757
single-blocker,22,444,completed,96,8.203125,67.6875,192.0,168.41905442106693,168.41905442106693,14.011830901939
single-blocker,22,444,completed,128,8.203125,88.6875,256.0,207.83318476460573,207.83318476460573,14.879632039782816
single-blocker,22,444,completed,160,8.203125,109.6875,320.0,242.51827423403736,242.51827423403736,15.555061554982684
single-blocker,22,444,completed,192,8.203125,130.6875,384.0,273.75253336140554,273.75253336140554,16.10435890284036
single-blocker,22,444,completed,224,8.203125,151.6875,448.0,302.29515144679385,302.29515144679385,16.563954034273557
single-blocker,22,444,completed,256,8.203125,172.6875,512.0,329.0530719144042,329.0530719144042,16.969568867920064
single-blocker,22,444,completed,288,8.203125,193.6875,576.0,354.09483002779245,354.09483002779245,17.325107328372972
single-blocker,22,444,completed,320,8.203125,214.6875,640.0,377.73968383676487,377.73968383676487,17.642456488597407
single-blocker,22,444,completed,352,8.203125,235.6875,704.0,400.17148286335834,400.17148286335834,17.928325829878034
single-blocker,22,444,completed,384,8.203125,256.6875,768.0,421.5439747647404,421.5439747647404,18.18803422495499
single-blocker,22,444,completed,416,8.203125,277.6875,832.0,442.0257175223507,442.0257175223507,18.426831914382408
single-blocker,22,444,completed,448,8.203125,298.6875,896.0,461.6811356593867,461.6811356593867,18.646895131209195
single-blocker,22,444,completed,480,8.203125,319.6875,960.0,480.584367450366,480.584367450366,18.85054356108331
single-blocker,22,444,completed,512,8.203125,340.6875,1024.0,499.1241918191282,499.1241918191282,19.047304331748762
single-blocker,22,444,plugin,32,1.77734375,12.046875,52.0,51.96821681185914,51.96821681185914,8.907974188665515
single-blocker,22,444,plugin,64,2.65234375,22.546875,105.0,97.93811359426489,97.93811359426489,10.429852127527438
single-blocker,22,444,plugin,96,3.52734375,33.046875,157.0,133.0547750279016,133.0547750279016,11.265359695321134
single-blocker,22,444,plugin,128,4.40234375,43.546875,207.0,161.1995992784236,161.1995992784236,11.826690223142222
single-blocker,22,444,plugin,160,5.27734375,54.046875,251.0,182.61357591520115,182.61357591520115,12.198121125257336
single-blocker,22,444,plugin,192,6.15234375,64.546875,302.0,205.84208386614563,205.84208386614563,12.577468933282123
single-blocker,22,444,plugin,224,7.02734375,75.046875,356.0,228.53663042208606,228.53663042208606,12.919775005671337
single-blocker,22,444,plugin,256,7.90234375,85.546875,401.0,245.5146736866491,245.5146736866491,13.149956175802123
single-blocker,22,444,plugin,288,8.77734375,96.046875,447.0,261.97057208408376,261.97057208408376,13.362302148911397
single-blocker,22,444,plugin,320,9.65234375,106.546875,493.0,277.58579550784594,277.58579550784594,13.554043388878862
single-blocker,22,444,plugin,352,10.52734375,117.046875,545.0,294.8181237190792,294.8181237190792,13.761031563109476
single-blocker,22,444,plugin,384,11.40234375,127.546875,598.0,311.58482877232257,311.58482877232257,13.953257827375475
single-blocker,22,444,plugin,416,12.27734375,138.046875,650.0,327.24519107552925,327.24519107552925,14.12416583211834
single-blocker,22,444,plugin,448,13.15234375,148.546875,703.0,342.6085142965128,342.6085142965128,14.285551723860612
single-blocker,22,444,plugin,480,14.02734375,159.046875,757.0,357.7056819684364,357.7056819684364,14.438477584233663
single-blocker,22,444,plugin,512,14.90234375,169.546875,803.0,369.7647336169562,369.7647336169562,14.553002438783384
single-blocker,22,444,safe,32,9.25,0.0,32.0,31.968216811859147,31.968216811859147,4.02724519543652
single-blocker,22,444,safe,64,18.5,0.0,64.0,57.42435623340214,57.42435623340214,4.7282659037057675
single-blocker,22,444,safe,96,27.75,0.0,96.0,76.78319682780861,76.78319682780861,5.136346480888775
single-blocker,22,444,safe,128,37.0,0.0,128.0,93.03345515740088,93.03345515740088,5.425334592589174
single-blocker,22,444,safe,160,46.25,0.0,160.0,107.31238195727079,107.31238195727079,5.649261224939744
single-blocker,22,444,safe,192,55.5,0.0,192.0,120.1978375468853,120.1978375468853,5.832104609707439
single-blocker,22,444,safe,224,64.75,0.0,224.0,132.0310352083931,132.0310352083931,5.986627913082163
single-blocker,22,444,safe,256,74.0,0.0,256.0,143.03333360981438,143.03333360981438,6.120438712817281
single-blocker,22,444,safe,288,83.25,0.0,288.0,153.35798108855585,153.35798108855585,6.238439029233648
single-blocker,22,444,safe,320,92.5,0.0,320.0,163.1162631808352,163.1162631808352,6.343973346894013
single-blocker,22,444,safe,352,101.75,0.0,352.0,172.39200998111025,172.39200998111025,6.43942571339101
single-blocker,22,444,safe,384,111.0,0.0,384.0,181.25023096678382,181.25023096678382,6.5265555690159704
single-blocker,22,444,safe,416,120.25,0.0,416.0,189.74254455085054,189.74254455085054,6.6066985205464555
single-blocker,22,444,safe,448,129.5,0.0,448.0,197.91074640079475,197.91074640079475,6.680892410683006
single-blocker,22,444,safe,480,138.75,0.0,480.0,205.78924141297622,205.78924141297622,6.7499597404471405
single-blocker,22,444,safe,512,148.0,0.0,512.0,213.40675252840046,213.40675252840046,6.81456340954972
single-blocker,22,444,known,32,0.0,21.0,64.0,63.96821681185914,63.96821681185914,10.625563951843509
single-blocker,22,444,known,64,0.0,42.0,128.0,120.68345867134033,120.68345867134033,12.71610045372898
single-blocker,22,444,known,96,0.0,63.0,192.0,167.18244672786008,167.18244672786008,13.946331646190703
single-blocker,22,444,known,128,0.0,84.0,256.0,206.79911477886017,206.79911477886017,14.832040469195496
single-blocker,22,444,known,160,0.0,105.0,320.0,242.1338002092789,242.1338002092789,15.539271760029495
single-blocker,22,444,known,192,0.0,126.0,384.0,273.2671116502722,273.2671116502722,16.086094066842975
single-blocker,22,444,known,224,0.0,147.0,448.0,301.6010752552383,301.6010752552383,16.539648430403048
single-blocker,22,444,known,256,0.0,168.0,512.0,328.6149963907496,328.6149963907496,16.955235043569235
single-blocker,22,444,known,288,0.0,189.0,576.0,353.79907751623875,353.79907751623875,17.3159808626469
single-blocker,22,444,known,320,0.0,210.0,640.0,377.5472510782245,377.5472510782245,17.63681945086089
single-blocker,22,444,known,352,0.0,231.0,704.0,399.9022294852665,399.9022294852665,17.920791548038185
single-blocker,22,444,known,384,0.0,252.0,768.0,421.1950525486722,421.1950525486722,18.17866653992645
single-blocker,22,444,known,416,0.0,273.0,832.0,441.636404516881,441.636404516881,18.41677227020889
single-blocker,22,444,known,448,0.0,294.0,896.0,461.2431173490546,461.2431173490546,18.635966837189855
single-blocker,22,444,known,480,0.0,315.0,960.0,480.0919111528347,480.0919111528347,18.838646258829947
single-blocker,22,444,known,512,0.0,336.0,1024.0,498.7079189109092,498.7079189109092,19.037573972262972
single-blocker,22,444,product,32,10.5,27.0,64.0,63.96821681185914,63.96821681185914,9.9649982449849
single-blocker,22,444,product,64,21.0,54.0,128.0,116.40296351353018,116.40296351353018,11.457853830781799
single-blocker,22,444,product,96,31.5,81.0,192.0,156.22383562847136,156.22383562847136,12.491139305959516
single-blocker,22,444,product,128,42.0,108.0,256.0,191.23788560354492,191.23788560354492,13.597959862961766
single-blocker,22,444,product,160,52.5,135.0,320.0,222.57577512186512,222.57577512186512,14.386788699741054
single-blocker,22,444,product,192,63.0,162.0,384.0,250.10210542326675,250.10210542326675,14.895189663539073
single-blocker,22,444,product,224,73.5,189.0,448.0,275.5203193516677,275.5203193516677,15.32884312121117
single-blocker,22,444,product,256,84.0,216.0,512.0,297.96988018448076,297.96988018448076,15.60737526252081
single-blocker,22,444,product,288,94.5,243.0,576.0,319.6603885564971,319.6603885564971,15.903614264242206
single-blocker,22,444,product,320,105.0,270.0,640.0,340.8878290324774,340.8878290324774,16.217699069398517
single-blocker,22,444,product,352,115.5,297.0,704.0,360.45541004990986,360.45541004990986,16.459576820773314
single-blocker,22,444,product,384,126.0,324.0,768.0,380.6136842134989,380.6136842134989,16.76165839590833
single-blocker,22,444,product,416,136.5,351.0,832.0,400.0733854178177,400.0733854178177,17.035087064981873
single-blocker,22,444,product,448,147.0,378.0,896.0,417.4322470529225,417.4322470529225,17.221956242382063
single-blocker,22,444,product,480,157.5,405.0,960.0,434.9428576847687,434.9428576847687,17.42807142490768
single-blocker,22,444,product,512,168.0,432.0,1024.0,450.43029920318037,450.43029920318037,17.561593614250587
outcome-lag-64,24,444,prefix,32,3.6875,25.0,64.0,64.0,64.0,31.76403278552062
outcome-lag-64,24,444,prefix,64,7.375,50.0,128.0,128.0,128.0,64.49513618463422
outcome-lag-64,24,444,prefix,96,9.09375,73.875,191.4921986115188,189.0644260582013,189.00908508389105,90.4029699031181
outcome-lag-64,24,444,prefix,128,9.28125,96.875,244.79312791531424,244.4036688413686,241.78536353384885,108.18935611224974
outcome-lag-64,24,444,prefix,160,9.46875,119.875,289.72219260218935,293.12308087518477,286.46160746426096,121.69218869968607
outcome-lag-64,24,444,prefix,192,9.65625,142.875,330.9632584296715,335.5014447894217,324.51922008883537,131.90244040693156
outcome-lag-64,24,444,prefix,224,9.814453125,165.6015625,367.3592441034375,373.34238681863894,358.1717862364116,140.14644568321148
outcome-lag-64,24,444,prefix,256,9.814453125,186.8515625,396.4670285307233,407.0013749566134,387.1829423733873,148.43143948126078
outcome-lag-64,24,444,prefix,288,9.814453125,208.1015625,423.785874181039,438.3538770918211,414.50178802370294,155.71544643570834
outcome-lag-64,24,444,prefix,320,9.814453125,229.3515625,449.2688362866957,466.49407470370016,439.86728604125284,161.15185192860653
outcome-lag-64,24,444,prefix,352,9.814453125,250.6015625,473.76137358016723,493.9887381848286,464.29875313710863,166.59240372990956
outcome-lag-64,24,444,prefix,384,9.814453125,271.8515625,496.46386064857313,520.0100600516909,487.0012402055146,171.9250458958253
outcome-lag-64,24,444,prefix,416,9.814453125,293.1015625,517.451922676358,543.5218088461196,507.8727799666368,176.2181380687571
outcome-lag-64,24,444,prefix,448,9.814453125,314.3515625,537.486594291592,566.2549140494384,527.8866692130855,180.20418811733754
outcome-lag-64,24,444,prefix,480,9.814453125,335.6015625,557.1469730055948,588.741807361391,547.5470479270882,184.294550551588
outcome-lag-64,24,444,prefix,512,9.814453125,356.8515625,576.4387304740962,610.3323808269139,566.8218301527781,187.82488984522044
outcome-lag-64,24,444,intersection,32,3.6875,25.0,64.0,64.0,64.0,31.76403278552062
outcome-lag-64,24,444,intersection,64,3.984375,48.0625,128.0,128.0,128.0,59.824830321310344
outcome-lag-64,24,444,intersection,96,4.171875,71.0625,191.4921986115188,189.0644260582013,189.00908508389105,82.00200722519018
outcome-lag-64,24,444,intersection,128,4.359375,94.0625,245.58235148063682,244.11143068494954,241.65358557642026,97.62938624234066
outcome-lag-64,24,444,intersection,160,4.546875,117.0625,291.5784322989933,291.5261847487507,284.9353831651446,110.6758201635037
outcome-lag-64,24,444,intersection,192,4.5703125,138.53125,329.0322895261712,331.5208495813075,320.4421136403063,120.83821013394244
outcome-lag-64,24,444,intersection,224,4.5703125,159.78125,361.059319319977,366.6998884675722,351.2896108979342,128.9423247898548
outcome-lag-64,24,444,intersection,256,4.5703125,181.03125,390.0266374436658,400.55824369727753,380.23554777362307,137.36544449776872
outcome-lag-64,24,444,intersection,288,4.5703125,202.28125,417.565705193536,432.37273580156165,407.7746155234933,144.92079820545368
outcome-lag-64,24,444,intersection,320,4.5703125,223.53125,442.6532528650074,460.2767959727703,432.79657817560394,150.40315007175246
outcome-lag-64,24,444,intersection,352,4.5703125,244.78125,467.03368086557197,487.7858099212977,457.1441625936864,155.89582723101591
outcome-lag-64,24,444,intersection,384,4.5703125,266.03125,489.64135713344416,513.7830351851653,479.7518388615586,161.24414316885307
outcome-lag-64,24,444,intersection,416,4.5703125,287.28125,510.44498434462866,537.1957359249927,500.47198647983856,165.56155585834279
outcome-lag-64,24,444,intersection,448,4.5703125,308.53125,530.4564379195389,559.9525884412558,520.4715184043354,169.59220398167454
outcome-lag-64,24,444,intersection,480,4.5703125,329.78125,550.1402502743032,582.5190114119687,540.1553307590997,173.73395668317994
outcome-lag-64,24,444,intersection,512,4.5703125,351.03125,569.5353733419088,604.2892139793545,559.5409456470387,177.35600614653345
outcome-lag-64,24,444,completed,32,2.375,24.25,64.0,64.0,64.0,30.4528549891929
outcome-lag-64,24,444,completed,64,6.15625,30.71875,105.0,105.0,105.0,46.07774301097356
outcome-lag-64,24,444,completed,96,11.34375,30.71875,136.54753958582904,134.0644260582013,134.0644260582013,56.40382851468252
outcome-lag-64,24,444,completed,128,15.28125,36.46875,168.45205697942697,166.41385785156945,165.4442925979616,65.42079056954024
outcome-lag-64,24,444,completed,160,15.46875,59.46875,218.17172062384319,219.41856367578922,215.16395624237782,76.11428369196234
outcome-lag-64,24,444,completed,192,15.580078125,81.7578125,263.90849034193656,267.7461525220383,259.71098396064815,87.98080837408084
outcome-lag-64,24,444,completed,224,15.580078125,103.0078125,303.93097921685927,309.0121660925814,296.4304080737925,97.71591458760216
outcome-lag-64,24,444,completed,256,15.580078125,124.2578125,337.98975690109285,348.05041119246937,330.115420605565,108.01571893196521
outcome-lag-64,24,444,completed,288,15.580078125,145.5078125,369.7414087615435,384.39636665134935,361.8279484084293,117.43064409144044
outcome-lag-64,24,444,completed,320,15.580078125,166.7578125,398.1086397198335,415.4700540643655,389.9110152556811,123.87816122850444
outcome-lag-64,24,444,completed,352,15.580078125,188.0078125,425.2464116514823,445.63454730731274,416.8703806662905,130.11505369917023
outcome-lag-64,24,444,completed,384,15.580078125,209.2578125,450.003239454432,473.8843165989993,441.6272084692402,136.13365376183734
outcome-lag-64,24,444,completed,416,15.580078125,230.5078125,472.54393587418156,498.9935364883151,463.97104585552256,140.85481131963178
outcome-lag-64,24,444,completed,448,15.580078125,251.7578125,493.9820816833481,523.2501391569474,485.3670989118584,145.20784436398532
outcome-lag-64,24,444,completed,480,15.580078125,273.0078125,514.9942150260845,547.269602408988,506.3792322545948,149.71707132702116
outcome-lag-64,24,444,completed,512,15.580078125,294.2578125,535.6373105101927,570.4007571146424,526.9845116531634,153.69513122664526
outcome-lag-64,24,444,plugin,32,3.244140625,14.2265625,49.0,49.0,49.0,14.217847254260212
outcome-lag-64,24,444,plugin,64,6.306640625,26.7265625,96.0,96.0,96.0,26.191338668298872
outcome-lag-64,24,444,plugin,96,6.689453125,46.8828125,157.54753958582904,154.6605933699219,154.6605933699219,45.358675206468824
outcome-lag-64,24,444,plugin,128,9.751953125,59.3828125,197.63557067047975,193.63991617910742,192.8907068622879,55.43553437294286
outcome-lag-64,24,444,plugin,160,10.0390625,79.8125,244.22229561964687,240.8802566756122,237.91122052936785,68.76864208199625
outcome-lag-64,24,444,plugin,192,10.0390625,101.0625,285.97034366745726,283.8106123378475,278.2279645916877,81.02444946531791
outcome-lag-64,24,444,plugin,224,10.0390625,122.3125,321.3113770509809,321.70812735279446,312.5503086562969,91.11490853867129
outcome-lag-64,24,444,plugin,256,10.0390625,143.5625,354.73157353695274,360.65861547289524,345.95805142476917,102.02477894663592
outcome-lag-64,24,444,plugin,288,10.0390625,164.8125,386.4492311562802,397.28260537792573,377.67570904409666,111.97729452841425
outcome-lag-64,24,444,plugin,320,10.0390625,186.0625,412.9636408800365,426.90267454904154,404.137837969947,118.31828534769639
outcome-lag-64,24,444,plugin,352,10.0390625,207.3125,439.0468293309514,456.3292008637221,430.1963366909588,124.50192821475117
outcome-lag-64,24,444,plugin,384,10.0390625,228.5625,462.9251141801054,483.82836210164635,454.0746215401128,130.37515747973603
outcome-lag-64,24,444,plugin,416,10.0390625,249.8125,484.49103519814605,508.1726182267556,475.5671522094637,135.0396553134946
outcome-lag-64,24,444,plugin,448,10.0390625,271.0625,505.4174502811435,531.992970136804,496.484097779122,139.40343753789043
outcome-lag-64,24,444,plugin,480,10.0390625,292.3125,526.0384669092929,555.7014687557902,517.1051144072713,143.91925052137344
outcome-lag-64,24,444,plugin,512,10.0390625,313.5625,546.4838729336539,578.7566914303898,537.5429868393545,147.99273238369096
outcome-lag-64,24,444,safe,32,5.1875,0.0,32.0,32.0,32.0,11.301180587593548
outcome-lag-64,24,444,safe,64,10.375,0.0,64.0,64.0,64.0,22.04977224064179
outcome-lag-64,24,444,safe,96,15.5625,0.0,95.54753958582904,93.06442605820126,93.06442605820126,32.37585774435077
outcome-lag-64,24,444,safe,128,20.75,0.0,119.88012630392147,117.62157123927555,116.87236192245601,40.971732707533164
outcome-lag-64,24,444,safe,160,25.9375,0.0,138.6699632595741,138.6312350243531,135.6621988781087,47.92639632509141
outcome-lag-64,24,444,safe,192,31.125,0.0,154.57856523648627,157.15344860118066,151.57080085502088,53.745997697072085
outcome-lag-64,24,444,safe,224,36.3125,0.0,168.58417762538352,174.21370623437312,165.57641324391813,59.12758097213147
outcome-lag-64,24,444,safe,256,41.5,0.0,181.26425955876428,189.65019641282308,178.2564951772989,63.69558354889528
outcome-lag-64,24,444,safe,288,46.6875,0.0,192.92757849176482,202.792218992078,189.91981411029943,66.63095896582517
outcome-lag-64,24,444,safe,320,51.875,0.0,203.76692080073423,215.26134645215657,200.75915641926883,69.44733865128453
outcome-lag-64,24,444,safe,352,57.0625,0.0,213.93029346888218,227.5815682589838,210.9225290874168,72.58726602433376
outcome-lag-64,24,444,safe,384,62.25,0.0,223.57453945771059,239.32734484358417,220.5667750762452,75.56195147888552
outcome-lag-64,24,444,safe,416,67.4375,0.0,232.73726557425533,250.48634650718932,229.72950119278994,78.30878250995447
outcome-lag-64,24,444,safe,448,72.625,0.0,241.50065350821524,261.2385106878495,238.49288912674984,80.96693873080687
outcome-lag-64,24,444,safe,480,77.8125,0.0,249.90687953782572,271.4880428833951,246.89911515636032,83.40704324393508
outcome-lag-64,24,444,safe,512,83.0,0.0,257.9923863353469,280.88220328269756,254.98462195388157,85.2482961969159
outcome-lag-64,24,444,known,32,0.0,21.25,63.0,63.0,63.0,27.93773847415144
outcome-lag-64,24,444,known,64,0.0,42.5,125.0,125.0,125.0,51.5404100923344
outcome-lag-64,24,444,known,96,0.0,63.75,187.54753958582904,184.406458079124,184.406458079124,73.83576100660001
outcome-lag-64,24,444,known,128,0.0,85.0,241.11540748074313,237.06119402118946,236.02534211454503,89.79264063275154
outcome-lag-64,24,444,known,160,0.0,106.25,285.64515289307735,284.1409119419524,279.13379865638393,103.19484941270107
outcome-lag-64,24,444,known,192,0.0,127.5,322.91251320443916,324.6509981585116,315.0603012486878,113.77714969891859
outcome-lag-64,24,444,known,224,0.0,148.75,354.7646600642442,359.9640224128146,345.9403238170739,122.09709659356075
outcome-lag-64,24,444,known,256,0.0,170.0,384.11042696997396,394.4026777468029,375.27592806458046,130.84127716179324
outcome-lag-64,24,444,known,288,0.0,191.25,412.116231291182,426.85518195804895,403.2817323857885,138.73886741646479
outcome-lag-64,24,444,known,320,0.0,212.5,437.16040618707393,454.8082809710863,428.27734693054356,144.31712409415417
outcome-lag-64,24,444,known,352,0.0,233.75,461.64376232656093,482.4921784539972,452.73812845335857,149.89348341208571
outcome-lag-64,24,444,known,384,0.0,255.0,484.3226086491903,508.6106246854707,475.4169747759879,155.29537856110133
outcome-lag-64,24,444,known,416,0.0,276.25,505.1113758608807,532.0596041298829,496.1352436712474,159.65427281541423
outcome-lag-64,24,444,known,448,0.0,297.5,525.1915135265454,554.9189239802998,516.2065301065346,163.73407682965916
outcome-lag-64,24,444,known,480,0.0,318.75,544.9669748427826,577.6198234728556,535.9819914227719,167.93168374148425
outcome-lag-64,24,444,known,512,0.0,340.0,564.4997174661595,599.5824902216934,555.5077648820939,171.6346033502422
outcome-lag-64,24,444,product,32,3.5,23.25,63.0,63.0,63.0,31.76403278552062
outcome-lag-64,24,444,product,64,7.0,46.5,125.0,125.0,125.0,62.99513618463422
outcome-lag-64,24,444,product,96,10.5,69.75,187.44408356241823,185.0644260582013,184.96097003479048,91.37573404821401
outcome-lag-64,24,444,product,128,14.0,93.0,236.18927260470767,238.40682973615526,233.18150822324228,113.10330116011895
outcome-lag-64,24,444,product,160,17.5,116.25,273.7102213266385,284.07798968979876,270.7024569451731,130.8346814128895
outcome-lag-64,24,444,product,192,21.0,139.5,304.8779597961682,323.5204622550281,301.87019541470283,145.42159060439477
outcome-lag-64,24,444,product,224,24.5,162.75,331.8718975636918,358.26366586920267,328.8641331822264,157.65218491991905
outcome-lag-64,24,444,product,256,28.0,186.0,356.7028335613573,390.00338633991936,353.6950691798919,168.06908982125296
outcome-lag-64,24,444,product,288,31.5,209.25,379.93856448977357,418.66855236835426,376.9308001083082,176.38435511188072
outcome-lag-64,24,444,product,320,35.0,232.5,400.8931056572313,444.9307719686386,397.8853412757659,184.0139833411758
outcome-lag-64,24,444,product,352,38.5,255.75,421.19903376119214,470.53596046865806,418.19126937972675,191.30391989305684
outcome-lag-64,24,444,product,384,42.0,279.0,440.10195875315014,494.3921704831801,437.09419437168475,197.94500746205142
outcome-lag-64,24,444,product,416,45.5,302.25,457.51909263118694,516.4108790297028,454.51132824972154,203.97966743382915
outcome-lag-64,24,444,product,448,49.0,325.5,474.43520618364136,537.483579875844,471.42744180217596,209.39641350856039
outcome-lag-64,24,444,product,480,52.5,348.75,490.94279826060745,557.8732938936921,487.93503387914205,214.42367388364747
outcome-lag-64,24,444,product,512,56.0,372.0,507.10796868373797,577.3290523303842,504.1002043022726,218.7815429943419
single-blocker,24,444,prefix,32,3.6875,25.0,64.0,63.960661021301576,63.960661021301576,8.02223232635691
single-blocker,24,444,prefix,64,7.375,50.0,128.0,115.79869019748699,115.79869019748699,10.908136316657508
single-blocker,24,444,prefix,96,11.0625,75.0,192.0,155.35037064716923,155.35037064716923,12.063239428059635
single-blocker,24,444,prefix,128,14.75,100.0,256.0,188.67746015462214,188.67746015462214,12.893997397397298
single-blocker,24,444,prefix,160,18.4375,125.0,320.0,218.06675501665188,218.06675501665188,13.54351255855409
single-blocker,24,444,prefix,192,22.125,150.0,384.0,245.28367534467094,245.28367534467094,14.214393322372864
single-blocker,24,444,prefix,224,25.8125,175.0,448.0,271.0975349528722,271.0975349528722,14.851754743034883
single-blocker,24,444,prefix,256,29.5,200.0,512.0,294.68622082982415,294.68622082982415,15.2918674748464
single-blocker,24,444,prefix,288,33.1875,225.0,576.0,316.2744216440157,316.2744216440157,15.607090628153925
single-blocker,24,444,prefix,320,36.875,250.0,640.0,338.1133268865927,338.1133268865927,16.01399973783689
single-blocker,24,444,prefix,352,40.5625,275.0,704.0,357.6215927083961,357.6215927083961,16.2658371409137
single-blocker,24,444,prefix,384,44.25,300.0,768.0,377.00998138188163,377.00998138188163,16.547290503375
single-blocker,24,444,prefix,416,47.9375,325.0,832.0,397.14837908312126,397.14837908312126,16.88819148381283
single-blocker,24,444,prefix,448,51.625,350.0,896.0,415.9499866724465,415.9499866724465,17.15397250685658
single-blocker,24,444,prefix,480,55.3125,375.0,960.0,433.4504212122678,433.4504212122678,17.3647047266681
single-blocker,24,444,prefix,512,59.0,400.0,1024.0,449.67946233597297,449.67946233597297,17.53033928299627
single-blocker,24,444,intersection,32,1.71875,23.875,64.0,63.96821681185914,63.96821681185914,10.435915588510941
single-blocker,24,444,intersection,64,1.90625,46.875,128.0,120.9381135942649,120.9381135942649,12.745810305280953
single-blocker,24,444,intersection,96,2.09375,69.875,192.0,167.88066702102367,167.88066702102367,13.983501731751247
single-blocker,24,444,intersection,128,2.28125,92.875,256.0,207.68581280883927,207.68581280883927,14.872898850373886
single-blocker,24,444,intersection,160,2.33984375,114.671875,320.0,242.4254244840637,242.4254244840637,15.551256556744391
single-blocker,24,444,intersection,192,2.33984375,135.921875,382.0,272.61766499088804,272.61766499088804,16.081951720094565
single-blocker,24,444,intersection,224,2.33984375,157.171875,443.0,299.8957804893456,299.8957804893456,16.523740979461696
single-blocker,24,444,intersection,256,2.33984375,178.421875,505.0,325.7608330206819,325.7608330206819,16.915292253196714
single-blocker,24,444,intersection,288,2.33984375,199.671875,568.0,350.46014234338253,350.46014234338253,17.267152229521688
single-blocker,24,444,intersection,320,2.33984375,220.921875,629.0,373.051989853649,373.051989853649,17.57221851914036
single-blocker,24,444,intersection,352,2.33984375,242.171875,692.0,395.32984955346416,395.32984955346416,17.85953099053856
single-blocker,24,444,intersection,384,2.33984375,263.421875,754.0,416.207328034219,416.207328034219,18.11628827384992
single-blocker,24,444,intersection,416,2.33984375,284.671875,814.0,435.46151395116794,435.46151395116794,18.342304017461814
single-blocker,24,444,intersection,448,2.33984375,305.921875,875.0,454.3823734767562,454.3823734767562,18.557242935153678
single-blocker,24,444,intersection,480,2.33984375,327.171875,937.0,473.0142716403776,473.0142716403776,18.762501854818613
single-blocker,24,444,intersection,512,2.33984375,348.421875,1000.0,491.38837828544365,491.38837828544365,18.95907822848493
single-blocker,24,444,completed,32,1.609375,23.8125,64.0,63.96821681185914,63.96821681185914,10.501572154167505
single-blocker,24,444,completed,64,1.796875,46.8125,128.0,121.04745485487555,121.04745485487555,12.757244816715453
single-blocker,24,444,completed,96,1.984375,69.8125,192.0,168.00974926006975,168.00974926006975,13.990319913569424
single-blocker,24,444,completed,128,2.16015625,92.703125,255.0,207.03890107168826,207.03890107168826,14.8584060967507
single-blocker,24,444,completed,160,2.201171875,114.3359375,319.0,241.84034134283436,241.84034134283436,15.539351794839632
single-blocker,24,444,completed,192,2.201171875,135.5859375,381.0,272.07680084492165,272.07680084492165,16.071747638461915
single-blocker,24,444,completed,224,2.201171875,156.8359375,442.0,299.38102541389577,299.38102541389577,16.51448172020244
single-blocker,24,444,completed,256,2.201171875,178.0859375,504.0,325.2829665700378,325.2829665700378,16.907292253196704
single-blocker,24,444,completed,288,2.201171875,199.3359375,567.0,350.01698574440627,350.01698574440627,17.260255677797545
single-blocker,24,444,completed,320,2.201171875,220.5859375,628.0,372.62358571184484,372.62358571184484,17.565766906237133
single-blocker,24,444,completed,352,2.201171875,241.8359375,691.0,394.9210600430659,394.9210600430659,17.85364863759739
single-blocker,24,444,completed,384,2.201171875,263.0859375,753.0,415.8146172982873,415.8146172982873,18.11085349124122
single-blocker,24,444,completed,416,2.201171875,284.3359375,813.0,435.0791967490752,435.0791967490752,18.33714937828655
single-blocker,24,444,completed,448,2.201171875,305.5859375,874.0,454.0124152885016,454.0124152885016,18.55241201727928
single-blocker,24,444,completed,480,2.201171875,326.8359375,936.0,472.6571909657111,472.6571909657111,18.757997350314113
single-blocker,24,444,completed,512,2.201171875,348.0859375,999.0,491.0451147165742,491.0451147165742,18.954911561818264
single-blocker,24,444,plugin,32,0.51953125,22.265625,64.0,63.96821681185914,63.96821681185914,10.625563951843509
single-blocker,24,444,plugin,64,0.51953125,43.515625,126.0,119.29725752745715,119.29725752745715,12.708520882697405
single-blocker,24,444,plugin,96,0.51953125,64.765625,189.0,165.78816433709997,165.78816433709997,13.933702701291839
single-blocker,24,444,plugin,128,0.51953125,86.015625,252.0,205.06864506470262,205.06864506470262,14.813623326111916
single-blocker,24,444,plugin,160,0.51953125,107.265625,315.0,239.43911553144008,239.43911553144008,15.489249287591464
single-blocker,24,444,plugin,192,0.51953125,128.515625,377.0,269.8721730765888,269.8721730765888,16.029384266544145
single-blocker,24,444,plugin,224,0.51953125,149.765625,438.0,297.30961471011136,297.30961471011136,16.47700384209535
single-blocker,24,444,plugin,256,0.51953125,171.015625,500.0,323.35373333644196,323.35373333644196,16.874704213143907
single-blocker,24,444,plugin,288,0.51953125,192.265625,563.0,348.2150544727591,348.2150544727591,17.231757175846482
single-blocker,24,444,plugin,320,0.51953125,213.515625,624.0,370.8971842640056,370.8971842640056,17.539579557294363
single-blocker,24,444,plugin,352,0.51953125,234.765625,687.0,393.2760460517229,393.2760460517229,17.829838691977223
single-blocker,24,444,plugin,384,0.51953125,256.015625,749.0,414.2372198094091,414.2372198094091,18.08893486038526
single-blocker,24,444,plugin,416,0.51953125,277.265625,809.0,433.55162912205225,433.55162912205225,18.31657360065922
single-blocker,24,444,plugin,448,0.51953125,298.515625,870.0,452.53667892753674,452.53667892753674,18.533190482819148
single-blocker,24,444,plugin,480,0.51953125,319.765625,932.0,471.23257865164175,471.23257865164175,18.740068953351614
single-blocker,24,444,plugin,512,0.51953125,341.015625,995.0,489.6719478352287,489.6719478352287,18.938241330794476
single-blocker,24,444,safe,32,5.1875,0.0,32.0,31.968216811859147,31.968216811859147,4.02724519543652
single-blocker,24,444,safe,64,10.375,0.0,64.0,57.42435623340214,57.42435623340214,4.7282659037057675
single-blocker,24,444,safe,96,15.5625,0.0,96.0,76.78319682780861,76.78319682780861,5.136346480888775
single-blocker,24,444,safe,128,20.75,0.0,128.0,93.03345515740088,93.03345515740088,5.425334592589174
single-blocker,24,444,safe,160,25.9375,0.0,160.0,107.31238195727079,107.31238195727079,5.649261224939744
single-blocker,24,444,safe,192,31.125,0.0,192.0,120.1978375468853,120.1978375468853,5.832104609707439
single-blocker,24,444,safe,224,36.3125,0.0,224.0,132.0310352083931,132.0310352083931,5.986627913082163
single-blocker,24,444,safe,256,41.5,0.0,256.0,143.03333360981438,143.03333360981438,6.120438712817281
single-blocker,24,444,safe,288,46.6875,0.0,288.0,153.35798108855585,153.35798108855585,6.238439029233648
single-blocker,24,444,safe,320,51.875,0.0,320.0,163.1162631808352,163.1162631808352,6.343973346894013
single-blocker,24,444,safe,352,57.0625,0.0,352.0,172.39200998111025,172.39200998111025,6.43942571339101
single-blocker,24,444,safe,384,62.25,0.0,384.0,181.25023096678382,181.25023096678382,6.5265555690159704
single-blocker,24,444,safe,416,67.4375,0.0,416.0,189.74254455085054,189.74254455085054,6.6066985205464555
single-blocker,24,444,safe,448,72.625,0.0,448.0,197.91074640079475,197.91074640079475,6.680892410683006
single-blocker,24,444,safe,480,77.8125,0.0,480.0,205.78924141297622,205.78924141297622,6.7499597404471405
single-blocker,24,444,safe,512,83.0,0.0,512.0,213.40675252840046,213.40675252840046,6.81456340954972
single-blocker,24,444,known,32,0.0,21.25,63.0,62.96821681185914,62.96821681185914,10.588107943799265
single-blocker,24,444,known,64,0.0,42.5,125.0,118.3925730452613,118.3925730452613,12.682682138108655
single-blocker,24,444,known,96,0.0,63.75,188.0,165.1148405956384,165.1148405956384,13.918485102057012
single-blocker,24,444,known,128,0.0,85.0,251.0,204.43641867093115,204.43641867093115,14.799855090037637
single-blocker,24,444,known,160,0.0,106.25,314.0,238.85977892261647,238.85977892261647,15.477604573256874
single-blocker,24,444,known,192,0.0,127.5,376.0,269.32906467131204,269.32906467131204,16.01910439161087
single-blocker,24,444,known,224,0.0,148.75,437.0,296.7698916709046,296.7698916709046,16.466854031542486
single-blocker,24,444,known,256,0.0,170.0,499.0,322.86381554343,322.86381554343,16.866303138312137
single-blocker,24,444,known,288,0.0,191.25,562.0,347.77746727880674,347.77746727880674,17.225040917114548
single-blocker,24,444,known,320,0.0,212.5,623.0,370.46013801848005,370.46013801848005,17.53286932143983
single-blocker,24,444,known,352,0.0,233.75,686.0,392.85851323250324,392.85851323250324,17.82370637048345
single-blocker,24,444,known,384,0.0,255.0,748.0,413.8345854397373,413.8345854397373,18.083227495259617
single-blocker,24,444,known,416,0.0,276.25,808.0,433.1524130670999,433.1524130670999,18.310969932522976
single-blocker,24,444,known,448,0.0,297.5,869.0,452.1488600061079,452.1488600061079,18.527901035358553
single-blocker,24,444,known,480,0.0,318.75,931.0,470.8594168994311,470.8594168994311,18.735165347950993
single-blocker,24,444,known,512,0.0,340.0,994.0,489.3178124557205,489.3178124557205,18.933813764160366
single-blocker,24,444,product,32,3.5,23.25,63.0,62.960661021301576,62.960661021301576,8.02223232635691
single-blocker,24,444,product,64,7.0,46.5,125.0,112.79869019748699,112.79869019748699,9.408136316657508
single-blocker,24,444,product,96,10.5,69.75,188.0,151.35037064716926,151.35037064716926,10.229906094726303
single-blocker,24,444,product,128,14.0,93.0,251.0,183.67746015462217,183.67746015462217,10.810664064063966
single-blocker,24,444,product,160,17.5,116.25,314.0,212.0667550166519,212.0667550166519,11.260179225220758
single-blocker,24,444,product,192,21.0,139.5,376.0,237.28367534467097,237.28367534467097,11.621536179515722
single-blocker,24,444,product,224,24.5,162.75,437.0,260.0975349528722,260.0975349528722,11.922786489066628
single-blocker,24,444,product,256,28.0,186.0,499.0,281.68622082982415,281.68622082982415,12.188656796635719
single-blocker,24,444,product,288,31.5,209.25,562.0,302.2744216440157,302.2744216440157,12.426956873020167
single-blocker,24,444,product,320,35.0,232.5,623.0,321.1133268865927,321.1133268865927,12.633270744607893
single-blocker,24,444,product,352,38.5,255.75,686.0,339.6215927083961,339.6215927083961,12.826284618272929
single-blocker,24,444,product,384,42.0,279.0,748.0,357.00998138188163,357.00998138188163,12.999550846231303
single-blocker,24,444,product,416,45.5,302.25,808.0,373.14837908312126,373.14837908312126,13.153899972725977
single-blocker,24,444,product,448,49.0,325.5,869.0,388.9499866724465,388.9499866724465,13.299552790641533
single-blocker,24,444,product,480,52.5,348.75,931.0,404.4504212122678,404.4504212122678,13.437533687701746
single-blocker,24,444,product,512,56.0,372.0,994.0,419.67946233597297,419.67946233597297,13.568685485409222
outcome-lag-64,26,444,prefix,32,15.75,24.5,64.0,64.0,64.0,36.32460654218039
outcome-lag-64,26,444,prefix,64,31.5,49.0,128.0,128.0,128.0,75.66372979122784
outcome-lag-64,26,444,prefix,96,37.8984375,68.15625,191.8247359562171,190.29061501091843,190.25167028202213,107.91154936769887
outcome-lag-64,26,444,prefix,128,37.8984375,83.65625,245.2928757987026,245.1597750182479,243.32422489146046,133.99693422378832
outcome-lag-64,26,444,prefix,160,37.8984375,99.15625,291.05463130561293,295.16046335838206,289.0859803983708,156.52669883352033
outcome-lag-64,26,444,prefix,192,37.8984375,114.65625,332.22048154427216,340.79747191671146,330.25183063703,172.6345541047136
outcome-lag-64,26,444,prefix,224,37.8984375,130.15625,368.54933530524363,382.9282428742891,366.5806843980015,185.75864124552578
outcome-lag-64,26,444,prefix,256,37.8984375,145.65625,400.5852328042778,421.5792321802623,398.61658189703564,197.586088475888
outcome-lag-64,26,444,prefix,288,37.8984375,161.15625,429.09961200240525,456.45497191625134,427.1309610951631,207.6869673484465
outcome-lag-64,26,444,prefix,320,37.8984375,176.65625,455.2133082814001,487.8803732299514,453.24465737415795,215.87668563859103
outcome-lag-64,26,444,prefix,352,37.8984375,192.15625,480.01901027877966,517.7350635580743,478.0503593715375,223.41369180069898
outcome-lag-64,26,444,prefix,384,37.8984375,207.65625,503.5059744758029,546.2893520695941,501.53732356856074,230.63256520777085
outcome-lag-64,26,444,prefix,416,37.8984375,223.15625,525.9473610899994,573.4921773275847,523.9787101827575,237.34672171791374
outcome-lag-64,26,444,prefix,448,37.8984375,238.65625,547.3395865781168,599.3646281423144,545.3709356708749,243.55979178819922
outcome-lag-64,26,444,prefix,480,37.8984375,254.15625,567.7904953567781,623.9825122614028,565.8218444495362,249.25015789013398
outcome-lag-64,26,444,prefix,512,37.8984375,269.65625,587.3747319962165,647.3316119235526,585.4060810889746,254.3456853927089
outcome-lag-64,26,444,intersection,32,15.75,24.5,64.0,64.0,64.0,36.32460654218039
outcome-lag-64,26,444,intersection,64,30.0234375,48.15625,128.0,128.0,128.0,75.9752052010639
outcome-lag-64,26,444,intersection,96,30.0234375,63.65625,191.8247359562171,190.29061501091843,190.25167028202213,107.84671308512696
outcome-lag-64,26,444,intersection,128,30.0234375,79.15625,245.2928757987026,244.82465963336435,243.32422489146046,132.63976078808454
outcome-lag-64,26,444,intersection,160,30.0234375,94.65625,291.3411652926605,295.0225974436289,289.37251438541836,153.64090555018328
outcome-lag-64,26,444,intersection,192,30.0234375,110.15625,331.8463828424629,340.97793360948094,329.87773193522077,169.1223213265459
outcome-lag-64,26,444,intersection,224,30.0234375,125.65625,367.2329496750479,382.3924010363109,365.26429876780577,181.8299333988287
outcome-lag-64,26,444,intersection,256,30.0234375,141.15625,398.7338524248747,420.499228545274,396.7652015176326,193.34169467493058
outcome-lag-64,26,444,intersection,288,30.0234375,156.65625,427.05311880533674,455.16027867429176,425.0844678980946,203.29796072091514
outcome-lag-64,26,444,intersection,320,30.0234375,172.15625,453.15072110502393,486.56544704896976,451.1820701977818,211.4640425627769
outcome-lag-64,26,444,intersection,352,30.0234375,187.65625,477.858572474195,516.2854726952414,475.88992156695286,218.9311049411106
outcome-lag-64,26,444,intersection,384,30.0234375,203.15625,501.24576147337757,544.707394962481,499.27711056613543,226.08226614030318
outcome-lag-64,26,444,intersection,416,30.0234375,218.65625,523.573257029849,571.7662114996465,521.6046061226068,232.7283290175094
outcome-lag-64,26,444,intersection,448,30.0234375,234.15625,544.8702055351017,597.5072706110635,542.9015546278596,238.87052212872624
outcome-lag-64,26,444,intersection,480,30.0234375,249.65625,565.245522737705,622.0178463062525,563.2768718304628,244.50256401297747
outcome-lag-64,26,444,intersection,512,30.0234375,265.15625,584.8023231347928,645.3208604779046,582.8336722275507,249.5651459079333
outcome-lag-64,26,444,completed,32,13.78125,23.375,64.0,64.0,64.0,37.69324365219681
outcome-lag-64,26,444,completed,64,18.80859375,34.515625,119.0,119.0,119.0,73.28174644357668
outcome-lag-64,26,444,completed,96,22.16015625,47.109375,176.8636806851134,175.27339002104557,175.27339002104557,101.43070678583373
outcome-lag-64,26,444,completed,128,22.16015625,62.609375,231.80969059396799,230.84954582057753,229.79315381585528,122.73995367008196
outcome-lag-64,26,444,completed,160,22.16015625,78.109375,279.72069051986784,282.9949745825053,277.70415374175514,142.56611807701955
outcome-lag-64,26,444,completed,192,22.16015625,93.609375,320.1503938720684,329.890754008857,318.13385709395567,158.00692610942494
outcome-lag-64,26,444,completed,224,22.16015625,109.109375,355.39079775979826,371.35640424692014,353.37426098168555,170.6026532283395
outcome-lag-64,26,444,completed,256,22.16015625,124.609375,386.88784850389516,409.4570634992965,384.87131172578245,181.98018722961677
outcome-lag-64,26,444,completed,288,22.16015625,140.109375,415.61662036283906,444.6043485097112,413.60008358472635,192.04817195961456
outcome-lag-64,26,444,completed,320,22.16015625,155.609375,442.35376906046497,476.77770232896233,440.33723228235226,200.5242824937275
outcome-lag-64,26,444,completed,352,22.16015625,171.109375,467.3632126283133,506.83770804559,465.3466758502006,208.1144080616848
outcome-lag-64,26,444,completed,384,22.16015625,186.609375,490.94938639434974,535.4965703114451,488.93284961623704,215.3413357168114
outcome-lag-64,26,444,completed,416,22.16015625,202.109375,513.3701009792114,562.6791384710523,511.3535642010987,222.023027563169
outcome-lag-64,26,444,completed,448,22.16015625,217.609375,534.7501640371565,588.4939806258419,532.7336272590438,228.14804574415726
outcome-lag-64,26,444,completed,480,22.16015625,233.109375,555.212218430442,613.0769907146465,553.1956816523293,233.76115463731043
outcome-lag-64,26,444,completed,512,22.16015625,248.609375,574.9447430133009,636.5637102321928,572.9282062351882,238.84596677934587
outcome-lag-64,26,444,plugin,32,11.171875,8.15625,50.0,50.0,50.0,27.182979332603527
outcome-lag-64,26,444,plugin,64,14.671875,13.65625,98.0,98.0,98.0,57.02100363363974
outcome-lag-64,26,444,plugin,96,15.314453125,27.3203125,158.8636806851134,157.29061501091837,157.29061501091837,84.28055006413892
outcome-lag-64,26,444,plugin,128,18.376953125,34.0703125,202.34178905576184,201.19469757546113,200.37313814851964,101.82934772847133
outcome-lag-64,26,444,plugin,160,18.759765625,48.4765625,249.9059592171746,253.79598633516295,247.9373083099324,120.45939857872683
outcome-lag-64,26,444,plugin,192,18.759765625,63.9765625,292.961665033732,301.88890024280573,290.99301412648975,137.05433499626494
outcome-lag-64,26,444,plugin,224,18.759765625,79.4765625,331.64624071947674,345.61493514633975,329.675501471261,151.15357531207522
outcome-lag-64,26,444,plugin,256,18.759765625,94.9765625,365.56319870023924,385.8016328647987,363.5924594520235,163.30212599953305
outcome-lag-64,26,444,plugin,288,18.759765625,110.4765625,396.7700676082451,423.6013156534797,394.79932836002934,174.42536735382365
outcome-lag-64,26,444,plugin,320,18.759765625,125.9765625,426.07626576555805,458.63201776273115,424.1055265173423,184.20370531203625
outcome-lag-64,26,444,plugin,352,18.759765625,141.4765625,452.4940641267949,490.25190782507195,450.52332487857916,192.47359348611755
outcome-lag-64,26,444,plugin,384,18.759765625,156.9765625,477.0477966859948,520.05657312229,475.07705743777905,200.17421998965736
outcome-lag-64,26,444,plugin,416,18.759765625,172.4765625,500.0829896840139,548.0164715251601,498.11225043579816,207.1759898154423
outcome-lag-64,26,444,plugin,448,18.759765625,187.9765625,521.9682702607697,574.3909387353337,519.997531012554,213.44377236439692
outcome-lag-64,26,444,plugin,480,18.759765625,203.4765625,542.8813555499335,599.452912824076,540.9106163017177,219.15408245179876
outcome-lag-64,26,444,plugin,512,18.759765625,218.9765625,563.2026121619807,623.5897869119568,561.231872913765,224.39487560830952
outcome-lag-64,26,444,safe,32,17.875,0.0,32.0,32.0,32.0,15.816420891045079
outcome-lag-64,26,444,safe,64,35.75,0.0,64.0,64.0,64.0,32.55231850273189
outcome-lag-64,26,444,safe,96,53.625,0.0,95.86368068511338,94.29061501091834,94.29061501091834,44.821017053795025
outcome-lag-64,26,444,safe,128,71.5,0.0,120.34901498097159,119.19469757546103,118.38036407372935,53.76382940044578
outcome-lag-64,26,444,safe,160,89.375,0.0,139.15872745348403,141.1038419374139,137.19007654624178,61.61797359487937
outcome-lag-64,26,444,safe,192,107.25,0.0,155.06982865872087,159.7766973573718,153.10117775147862,67.5882168099904
outcome-lag-64,26,444,safe,224,125.125,0.0,169.08538603391145,176.47972479711603,167.1167351266692,72.61256989160152
outcome-lag-64,26,444,safe,256,143.0,0.0,181.74703617027978,191.98141575202538,179.77838526303753,77.24577324482469
outcome-lag-64,26,444,safe,288,160.875,0.0,193.40780336102463,206.29244177477645,191.43915245378238,81.35015210525074
outcome-lag-64,26,444,safe,320,178.75,0.0,204.25893849838337,218.9682543214066,202.29028759114112,84.37321687726194
outcome-lag-64,26,444,safe,352,196.625,0.0,214.4465707718785,230.8048214706859,212.47791986463625,87.02948959276318
outcome-lag-64,26,444,safe,384,214.5,0.0,224.06852653098898,242.24981635950306,222.09987562374673,89.70339335153162
outcome-lag-64,26,444,safe,416,232.375,0.0,233.23710832129015,253.090894194945,231.2684574140479,92.13230055443726
outcome-lag-64,26,444,safe,448,250.25,0.0,241.99181953859394,263.6348093798418,240.0231686313517,94.58220777952627
outcome-lag-64,26,444,safe,480,268.125,0.0,250.39448599287954,273.8477977068945,248.4258350856373,96.98576842416165
outcome-lag-64,26,444,safe,512,286.0,0.0,258.48320134014625,283.63283509021176,256.5145504329041,99.21789836115721
outcome-lag-64,26,444,known,32,0.0,15.5,64.0,64.0,64.0,38.196076576776626
outcome-lag-64,26,444,known,64,0.0,31.0,128.0,128.0,128.0,76.58866300580456
outcome-lag-64,26,444,known,96,0.0,46.5,191.8636806851134,190.29061501091843,190.29061501091843,105.98415103234962
outcome-lag-64,26,444,known,128,0.0,62.0,247.53980375562026,247.01375634354747,245.57115284837818,126.66880175614924
outcome-lag-64,26,444,known,160,0.0,77.5,292.7155465788551,298.61788634055375,290.745526848329,144.41029047079067
outcome-lag-64,26,444,known,192,0.0,93.0,331.2789316061449,343.90432437866787,329.30891187561883,158.90898286575236
outcome-lag-64,26,444,known,224,0.0,108.5,365.03049846780226,383.82704154200786,363.0604787372762,170.70752284060998
outcome-lag-64,26,444,known,256,0.0,124.0,395.42804857551585,420.59592305717155,393.45802884498977,181.3840678202416
outcome-lag-64,26,444,known,288,0.0,139.5,423.671532635288,455.1090124976153,421.7015129047619,191.0964838660849
outcome-lag-64,26,444,known,320,0.0,155.0,450.2858627383219,487.0815061251783,448.3158430077958,199.48170270378452
outcome-lag-64,26,444,known,352,0.0,170.5,474.9491494242979,516.648881090886,472.9791296937718,206.85712347732516
outcome-lag-64,26,444,known,384,0.0,186.0,498.174210490478,544.8158623220345,496.2041907599519,213.86834010719812
outcome-lag-64,26,444,known,416,0.0,201.5,520.1967727954931,571.4791252185645,518.2267530649669,220.33064259636083
outcome-lag-64,26,444,known,448,0.0,217.0,541.2257847712998,596.8142757442604,539.2557650407737,226.23302976661702
outcome-lag-64,26,444,known,480,0.0,232.5,561.3889957537917,620.9866735118839,559.4189760232656,231.65875220411587
outcome-lag-64,26,444,known,512,0.0,248.0,580.9454941946866,644.2223732251404,578.9754744641605,236.6228233364269
outcome-lag-64,26,444,product,32,15.75,24.5,64.0,64.0,64.0,36.32460654218039
outcome-lag-64,26,444,product,64,31.5,49.0,128.0,128.0,128.0,75.66372979122784
outcome-lag-64,26,444,product,96,47.25,73.5,191.77662090711652,190.29061501091843,190.20355523292156,106.12378237127191
outcome-lag-64,26,444,product,128,63.0,98.0,242.59834240600486,244.6877646973243,240.6296914987626,129.28374433911327
outcome-lag-64,26,444,product,160,78.75,122.5,281.45114809304965,291.66324609956615,279.4824971858074,147.80940719320154
outcome-lag-64,26,444,product,192,94.5,147.0,313.6882610087283,332.2136472862209,311.71961010148607,162.5348537199083
outcome-lag-64,26,444,product,224,110.25,171.5,342.85496848363346,369.04354013560953,340.8863175763912,175.04473019869107
outcome-lag-64,26,444,product,256,126.0,196.0,369.2245407265089,402.6810361225047,367.25588981926666,186.08194811679311
outcome-lag-64,26,444,product,288,141.75,220.5,396.0226019238536,435.6076790897777,394.05395101661134,196.11289160988204
outcome-lag-64,26,444,product,320,157.5,245.0,418.0283667424935,462.84839550503125,416.05971583525127,203.74802309750015
outcome-lag-64,26,444,product,352,173.25,269.5,438.6993807875171,488.422830863475,436.73072988027485,210.7049149826857
outcome-lag-64,26,444,product,384,189.0,294.0,460.3310068703495,514.9563407976287,458.36235596310723,217.40165904090887
outcome-lag-64,26,444,product,416,204.75,318.5,481.757464469037,540.770457704707,479.78881356179477,223.7087080090218
outcome-lag-64,26,444,product,448,220.5,343.0,499.52014326785536,562.9381716792714,497.5514923606131,229.44304453284468
outcome-lag-64,26,444,product,480,236.25,367.5,518.033036397578,585.618795391058,516.0643854903359,234.9738932435071
outcome-lag-64,26,444,product,512,252.0,392.0,535.1932496410328,606.8992317086254,533.2245987337907,240.20962516737967
single-blocker,26,444,prefix,32,15.75,24.5,64.0,63.960661021301576,63.960661021301576,8.02223232635691
single-blocker,26,444,prefix,64,31.5,49.0,128.0,115.48769550758207,115.48769550758207,10.424529759280462
single-blocker,26,444,prefix,96,47.25,73.5,192.0,155.35037064716929,155.35037064716929,12.063239428059637
single-blocker,26,444,prefix,128,63.0,98.0,256.0,190.72996257095264,190.72996257095264,13.495323328121842
single-blocker,26,444,prefix,160,78.75,122.5,320.0,220.89604533802924,220.89604533802924,14.156031991489236
single-blocker,26,444,prefix,192,94.5,147.0,384.0,247.09898859172452,247.09898859172452,14.534020585236691
single-blocker,26,444,prefix,224,110.25,171.5,448.0,271.7320221389964,271.7320221389964,14.937946852811892
single-blocker,26,444,prefix,256,126.0,196.0,512.0,294.68622082982415,294.68622082982415,15.291867474846391
single-blocker,26,444,prefix,288,141.75,220.5,576.0,318.9844033473947,318.9844033473947,15.851776180805611
single-blocker,26,444,prefix,320,157.5,245.0,640.0,338.8077241031949,338.8077241031949,16.0695120089705
single-blocker,26,444,prefix,352,173.25,269.5,704.0,357.62159270839646,357.62159270839646,16.265837140913685
single-blocker,26,444,prefix,384,189.0,294.0,768.0,377.7315015702958,377.7315015702958,16.594535682438337
single-blocker,26,444,prefix,416,204.75,318.5,832.0,397.88015242614597,397.88015242614597,16.92730060572244
single-blocker,26,444,prefix,448,220.5,343.0,896.0,414.46648520471865,414.46648520471865,17.08025593355357
single-blocker,26,444,prefix,480,236.25,367.5,960.0,431.9493104374098,431.9493104374098,17.29638308819751
single-blocker,26,444,prefix,512,252.0,392.0,1024.0,448.16191906373996,448.16191906373996,17.464287320832685
single-blocker,26,444,intersection,32,9.3515625,20.84375,64.0,63.96821681185914,63.96821681185914,10.435915588510937
single-blocker,26,444,intersection,64,9.3515625,36.34375,128.0,120.93811359426489,120.93811359426489,12.745810305280942
single-blocker,26,444,intersection,96,9.3515625,51.84375,192.0,168.29175461582057,168.29175461582057,14.005158282957282
single-blocker,26,444,intersection,128,9.3515625,67.34375,256.0,207.8767285526305,207.8767285526305,14.881618384127695
single-blocker,26,444,intersection,160,9.3515625,82.84375,320.0,242.50668037653386,242.50668037653386,15.554586721174507
single-blocker,26,444,intersection,192,9.3515625,98.34375,384.0,273.7379064467587,273.7379064467587,16.103810296300964
single-blocker,26,444,intersection,224,9.3515625,113.84375,448.0,302.3600356516198,302.3600356516198,16.566215290797032
single-blocker,26,444,intersection,256,9.3515625,129.34375,512.0,328.91127752358926,328.91127752358926,16.964937515066133
single-blocker,26,444,intersection,288,9.3515625,144.84375,576.0,353.95112223816915,353.95112223816915,17.320676510135137
single-blocker,26,444,intersection,320,9.3515625,160.34375,640.0,377.67516789359104,377.67516789359104,17.640567876779667
single-blocker,26,444,intersection,352,9.3515625,175.84375,704.0,400.12611481403803,400.12611481403803,17.927057784468442
single-blocker,26,444,intersection,384,9.3515625,191.34375,768.0,421.5439747647405,421.5439747647405,18.188034224954986
single-blocker,26,444,intersection,416,9.3515625,206.84375,832.0,442.02571752235076,442.02571752235076,18.426831914382404
single-blocker,26,444,intersection,448,9.3515625,222.34375,896.0,461.7110927644617,461.7110927644617,18.647640948584726
single-blocker,26,444,intersection,480,9.3515625,237.84375,960.0,480.68737948527996,480.68737948527996,18.85302569438468
single-blocker,26,444,intersection,512,9.3515625,253.34375,1024.0,499.12419181912827,499.12419181912827,19.047304331748762
single-blocker,26,444,completed,32,8.859375,20.5625,64.0,63.96821681185914,63.96821681185914,10.501572154167501
single-blocker,26,444,completed,64,8.859375,36.0625,128.0,121.04745485487551,121.04745485487551,12.757244816715449
single-blocker,26,444,completed,96,8.859375,51.5625,192.0,168.35122932401316,168.35122932401316,14.008277712547295
single-blocker,26,444,completed,128,8.859375,67.0625,256.0,207.88216762420518,207.88216762420518,14.881866400000707
single-blocker,26,444,completed,160,8.859375,82.5625,320.0,242.48734944291152,242.48734944291152,15.553794830138708
single-blocker,26,444,completed,192,8.859375,98.0625,384.0,273.71742014673873,273.71742014673873,16.103041741184583
single-blocker,26,444,completed,224,8.859375,113.5625,448.0,302.3299224817423,302.3299224817423,16.565166057544396
single-blocker,26,444,completed,256,8.859375,129.0625,512.0,328.8714999728405,328.8714999728405,16.963636883330697
single-blocker,26,444,completed,288,8.859375,144.5625,576.0,353.9179012496478,353.9179012496478,17.31965121963615
single-blocker,26,444,completed,320,8.859375,160.0625,640.0,377.6549907575624,377.6549907575624,17.63997695336333
single-blocker,26,444,completed,352,8.859375,175.5625,704.0,400.10632755029764,400.10632755029764,17.926504543125027
single-blocker,26,444,completed,384,8.859375,191.0625,768.0,421.5225467147441,421.5225467147441,18.187459858126026
single-blocker,26,444,completed,416,8.859375,206.5625,832.0,441.99947844427606,441.99947844427606,18.426155071736652
single-blocker,26,444,completed,448,8.859375,222.0625,896.0,461.68113565938677,461.68113565938677,18.646895131209202
single-blocker,26,444,completed,480,8.859375,237.5625,960.0,480.65452090478936,480.65452090478936,18.85223419334695
single-blocker,26,444,completed,512,8.859375,253.0625,1024.0,499.0930766992957,499.0930766992957,19.04657821631186
single-blocker,26,444,plugin,32,4.4296875,18.03125,64.0,63.96821681185914,63.96821681185914,10.659536515227837
single-blocker,26,444,plugin,64,4.4296875,33.53125,128.0,121.36078985712048,121.36078985712048,12.782756294578807
single-blocker,26,444,plugin,96,4.4296875,49.03125,192.0,168.39363820724176,168.39363820724176,14.010499934769522
single-blocker,26,444,plugin,128,4.4296875,64.53125,256.0,207.74593015172323,207.74593015172323,14.875647476061035
single-blocker,26,444,plugin,160,4.4296875,80.03125,320.0,242.27405909054923,242.27405909054923,15.54504238993765
single-blocker,26,444,plugin,192,4.4296875,95.53125,384.0,273.52670781253187,273.52670781253187,16.095876808938176
single-blocker,26,444,plugin,224,4.4296875,111.03125,448.0,302.1092501668089,302.1092501668089,16.557464983497386
single-blocker,26,444,plugin,256,4.4296875,126.53125,512.0,328.6149963907491,328.6149963907491,16.955235043569242
single-blocker,26,444,plugin,288,4.4296875,142.03125,576.0,353.70381820322723,353.70381820322723,17.313034846762566
single-blocker,26,444,plugin,320,4.4296875,157.53125,640.0,377.5135380070187,377.5135380070187,17.635830683260835
single-blocker,26,444,plugin,352,4.4296875,173.03125,704.0,399.97228945734406,399.97228945734406,17.922753968173435
single-blocker,26,444,plugin,384,4.4296875,188.53125,768.0,421.384607972325,421.384607972325,18.18375960191328
single-blocker,26,444,plugin,416,4.4296875,204.03125,832.0,441.84089943751565,441.84089943751565,18.422060924383295
single-blocker,26,444,plugin,448,4.4296875,219.53125,896.0,461.50677953016327,461.50677953016327,18.642550285915476
single-blocker,26,444,plugin,480,4.4296875,235.03125,960.0,480.46801013623104,480.46801013623104,18.847737148828177
single-blocker,26,444,plugin,512,4.4296875,250.53125,1024.0,498.9173719009584,498.9173719009584,19.042474264801502
single-blocker,26,444,safe,32,17.875,0.0,32.0,31.968216811859147,31.968216811859147,4.02724519543652
single-blocker,26,444,safe,64,35.75,0.0,64.0,57.42435623340214,57.42435623340214,4.7282659037057675
single-blocker,26,444,safe,96,53.625,0.0,96.0,76.78319682780861,76.78319682780861,5.136346480888775
single-blocker,26,444,safe,128,71.5,0.0,128.0,93.03345515740088,93.03345515740088,5.425334592589174
single-blocker,26,444,safe,160,89.375,0.0,160.0,107.31238195727079,107.31238195727079,5.649261224939744
single-blocker,26,444,safe,192,107.25,0.0,192.0,120.1978375468853,120.1978375468853,5.832104609707439
single-blocker,26,444,safe,224,125.125,0.0,224.0,132.0310352083931,132.0310352083931,5.986627913082163
single-blocker,26,444,safe,256,143.0,0.0,256.0,143.03333360981438,143.03333360981438,6.120438712817281
single-blocker,26,444,safe,288,160.875,0.0,288.0,153.35798108855585,153.35798108855585,6.238439029233648
single-blocker,26,444,safe,320,178.75,0.0,320.0,163.1162631808352,163.1162631808352,6.343973346894013
single-blocker,26,444,safe,352,196.625,0.0,352.0,172.39200998111025,172.39200998111025,6.43942571339101
single-blocker,26,444,safe,384,214.5,0.0,384.0,181.25023096678382,181.25023096678382,6.5265555690159704
single-blocker,26,444,safe,416,232.375,0.0,416.0,189.74254455085054,189.74254455085054,6.6066985205464555
single-blocker,26,444,safe,448,250.25,0.0,448.0,197.91074640079475,197.91074640079475,6.680892410683006
single-blocker,26,444,safe,480,268.125,0.0,480.0,205.78924141297622,205.78924141297622,6.7499597404471405
single-blocker,26,444,safe,512,286.0,0.0,512.0,213.40675252840046,213.40675252840046,6.81456340954972
single-blocker,26,444,known,32,0.0,15.5,64.0,63.96821681185914,63.96821681185914,10.55395310654846
single-blocker,26,444,known,64,0.0,31.0,128.0,120.93811359426493,120.93811359426493,12.74581030528095
single-blocker,26,444,known,96,0.0,46.5,192.0,167.88066702102373,167.88066702102373,13.983501731751245
single-blocker,26,444,known,128,0.0,62.0,256.0,207.2176494287143,207.2176494287143,14.85140084050634
single-blocker,26,444,known,160,0.0,77.5,320.0,241.7572190152413,241.7572190152413,15.52371861125709
single-blocker,26,444,known,192,0.0,93.0,384.0,273.1010645340336,273.1010645340336,16.07981848689693
single-blocker,26,444,known,224,0.0,108.5,448.0,301.6881320465018,301.6881320465018,16.542708810882786
single-blocker,26,444,known,256,0.0,124.0,512.0,328.1786427672561,328.1786427672561,16.940882996105024
single-blocker,26,444,known,288,0.0,139.5,576.0,353.34019332608005,353.34019332608005,17.301760160328477
single-blocker,26,444,known,320,0.0,155.0,640.0,377.25391214073903,377.25391214073903,17.628204185123973
single-blocker,26,444,known,352,0.0,170.5,704.0,399.7337281153453,399.7337281153453,17.916065967563256
single-blocker,26,444,known,384,0.0,186.0,768.0,421.15090577172356,421.15090577172356,18.177479022666038
single-blocker,26,444,known,416,0.0,201.5,832.0,441.58995676663255,441.58995676663255,18.41556961020796
single-blocker,26,444,known,448,0.0,217.0,896.0,461.2431173490541,461.2431173490541,18.63596683718987
single-blocker,26,444,known,480,0.0,232.5,960.0,480.1949661117111,480.1949661117111,18.84114026972192
single-blocker,26,444,known,512,0.0,248.0,1024.0,498.6619517841819,498.6619517841819,19.036497361247232
single-blocker,26,444,product,32,15.75,24.5,64.0,63.960661021301576,63.960661021301576,8.02223232635691
single-blocker,26,444,product,64,31.5,49.0,128.0,115.48769550758207,115.48769550758207,10.424529759280462
single-blocker,26,444,product,96,47.25,73.5,192.0,155.35037064716929,155.35037064716929,12.063239428059637
single-blocker,26,444,product,128,63.0,98.0,256.0,190.72996257095264,190.72996257095264,13.495323328121842
single-blocker,26,444,product,160,78.75,122.5,320.0,220.89604533802924,220.89604533802924,14.156031991489236
single-blocker,26,444,product,192,94.5,147.0,384.0,247.09898859172452,247.09898859172452,14.534020585236691
single-blocker,26,444,product,224,110.25,171.5,448.0,271.7320221389964,271.7320221389964,14.937946852811892
single-blocker,26,444,product,256,126.0,196.0,512.0,294.68622082982415,294.68622082982415,15.291867474846391
single-blocker,26,444,product,288,141.75,220.5,576.0,318.9844033473947,318.9844033473947,15.851776180805611
single-blocker,26,444,product,320,157.5,245.0,640.0,338.8077241031949,338.8077241031949,16.0695120089705
single-blocker,26,444,product,352,173.25,269.5,704.0,357.62159270839646,357.62159270839646,16.265837140913685
single-blocker,26,444,product,384,189.0,294.0,768.0,377.7315015702958,377.7315015702958,16.594535682438337
single-blocker,26,444,product,416,204.75,318.5,832.0,397.88015242614597,397.88015242614597,16.92730060572244
single-blocker,26,444,product,448,220.5,343.0,896.0,414.46648520471865,414.46648520471865,17.08025593355357
single-blocker,26,444,product,480,236.25,367.5,960.0,431.9493104374098,431.9493104374098,17.29638308819751
single-blocker,26,444,product,512,252.0,392.0,1024.0,448.16191906373996,448.16191906373996,17.464287320832685
