scenario,truth,seed,algorithm,episode,pseudo_regret,expected_waste,prefix_exposure,completion_exposure,intersection_exposure,unresolved_mass_exposure
outcome-lag-64,1,444,prefix,32,0.1875,24.75,64.0,64.0,64.0,30.240356656401385
outcome-lag-64,1,444,prefix,64,0.375,49.5,128.0,128.0,128.0,59.81222018405102
outcome-lag-64,1,444,prefix,96,0.5625,74.25,191.77995804233697,190.91039705113374,190.91039705113374,86.7518632085943
outcome-lag-64,1,444,prefix,128,0.75,99.0,247.1248158648818,246.63973608866755,244.34327216413217,104.55856600931492
outcome-lag-64,1,444,prefix,160,0.9375,123.75,293.20309607051206,295.4126030865952,288.90944988986644,119.24962202754557
outcome-lag-64,1,444,prefix,192,1.125,148.5,331.40941179667726,336.296141815695,325.66104644168325,129.47087600645037
outcome-lag-64,1,444,prefix,224,1.3125,173.25,363.68820855721907,371.7006789183469,357.90005258940437,136.83923961565608
outcome-lag-64,1,444,prefix,256,1.5,198.0,393.9205041478606,403.765490813182,387.702883429255,142.784413836758
outcome-lag-64,1,444,prefix,288,1.546875,221.4375,421.92223761251415,434.4240222424606,415.6424445654563,148.73003818517896
outcome-lag-64,1,444,prefix,320,1.546875,244.4375,447.43350587097115,462.9616800796472,441.1537128239133,154.47128854188676
outcome-lag-64,1,444,prefix,352,1.546875,267.4375,471.50861522648967,489.42372698945144,465.2288221794318,159.1485342372802
outcome-lag-64,1,444,prefix,384,1.546875,290.4375,493.9114201997916,514.2476802412064,487.62826104756425,163.4687383372879
outcome-lag-64,1,444,prefix,416,1.546875,313.4375,515.2865252139961,538.4039243866146,509.0033660617687,167.94287363273608
outcome-lag-64,1,444,prefix,448,1.546875,336.4375,535.6472199691223,560.9608977903614,529.3640608168948,171.61237619305817
outcome-lag-64,1,444,prefix,480,1.546875,359.4375,554.5258033019754,581.6368499041358,548.2417306781174,174.6724170789199
outcome-lag-64,1,444,prefix,512,1.546875,382.4375,574.0706877202899,603.0437317798448,567.7782438829908,177.7356088973296
outcome-lag-64,1,444,intersection,32,0.1875,24.75,64.0,64.0,64.0,30.240356656401385
outcome-lag-64,1,444,intersection,64,0.375,49.5,128.0,128.0,128.0,59.81222018405102
outcome-lag-64,1,444,intersection,96,0.5625,74.25,191.77995804233697,190.91039705113374,190.91039705113374,86.7518632085943
outcome-lag-64,1,444,intersection,128,0.75,99.0,247.1248158648818,246.63973608866755,244.34327216413217,104.55856600931492
outcome-lag-64,1,444,intersection,160,0.9375,123.75,293.20309607051206,295.4126030865952,288.90944988986644,119.24962202754557
outcome-lag-64,1,444,intersection,192,1.125,148.5,331.40941179667726,336.296141815695,325.66104644168325,129.47087600645037
outcome-lag-64,1,444,intersection,224,1.23046875,172.484375,363.14051765164845,371.1141833646311,357.31701281631797,136.73031375466152
outcome-lag-64,1,444,intersection,256,1.23046875,195.484375,392.2774314311486,402.01447869890933,385.9553270956114,142.36536490274503
outcome-lag-64,1,444,intersection,288,1.23046875,218.484375,420.0666934647041,432.5779770995766,413.66006392991125,148.14579983284185
outcome-lag-64,1,444,intersection,320,1.23046875,241.484375,445.64387701067443,461.15017661706185,439.2372474758816,153.85112369441472
outcome-lag-64,1,444,intersection,352,1.23046875,264.484375,469.793627123473,487.68169238578145,463.3869975886802,158.54387293344527
outcome-lag-64,1,444,intersection,384,1.23046875,287.484375,492.24970101989817,512.5562194457182,485.83923578921855,162.87266574399058
outcome-lag-64,1,444,intersection,416,1.23046875,310.484375,513.6705488183485,536.7574421332002,507.2600835876688,167.35412525536347
outcome-lag-64,1,444,intersection,448,1.23046875,333.484375,534.0784117391632,559.3596988193498,527.6679465084836,171.03059839207313
outcome-lag-64,1,444,intersection,480,1.23046875,356.484375,552.9917927672881,580.0688845795522,546.5802549340196,174.09526575229734
outcome-lag-64,1,444,intersection,512,1.23046875,379.484375,572.5765045594891,601.5135247181253,566.1558232137598,177.16274475789174
outcome-lag-64,1,444,completed,32,0.1875,24.75,64.0,64.0,64.0,30.240356656401385
outcome-lag-64,1,444,completed,64,1.078125,43.3125,120.0,120.0,120.0,56.833436535109875
outcome-lag-64,1,444,completed,96,1.6171875,64.96875,179.77995804233697,178.9674353048091,178.9674353048091,80.28131261062241
outcome-lag-64,1,444,completed,128,1.8046875,89.71875,235.18363144754707,234.7801604140893,232.48369648955386,96.80094743756798
outcome-lag-64,1,444,completed,160,1.986328125,114.4140625,282.86293456334073,284.72487839923116,278.2243724648412,111.82650668158264
outcome-lag-64,1,444,completed,192,1.9921875,137.46875,321.65486455609437,325.9062310482563,315.35453553083664,122.2250181782818
outcome-lag-64,1,444,completed,224,1.9921875,160.46875,353.598973989891,360.75436396688184,347.12135022030225,129.43705372074155
outcome-lag-64,1,444,completed,256,1.9921875,183.46875,383.3980540002561,392.09287097923294,376.18766755872076,135.0519023674988
outcome-lag-64,1,444,completed,288,1.9921875,206.46875,411.7012310909632,423.1483039537356,404.3876358998073,140.9448285082428
outcome-lag-64,1,444,completed,320,1.9921875,229.46875,437.7436252119537,452.1739930249651,430.43003002079786,146.7721613290258
outcome-lag-64,1,444,completed,352,1.9921875,252.46875,462.26783843098497,479.06410394700924,454.9542432398291,151.55043527587287
outcome-lag-64,1,444,completed,384,1.9921875,275.46875,485.01398682674653,504.2207946199879,477.6947744625615,155.93698901610045
outcome-lag-64,1,444,completed,416,1.9921875,298.46875,506.6855174400124,528.6750306540569,499.36630507582737,160.4723898768141
outcome-lag-64,1,444,completed,448,1.9921875,321.46875,527.3244107856273,551.5063679169903,520.0051984214425,164.19239715574048
outcome-lag-64,1,444,completed,480,1.9921875,344.46875,546.4214016206557,572.3944910754334,539.1005329620424,167.28599973119339
outcome-lag-64,1,444,completed,512,1.9921875,367.46875,566.2002542282045,594.0283924191676,558.8669969917951,170.3809670851849
outcome-lag-64,1,444,plugin,32,1.408203125,11.6953125,43.0,43.0,43.0,21.31011190115663
outcome-lag-64,1,444,plugin,64,2.283203125,24.1953125,96.0,96.0,96.0,45.02323286312019
outcome-lag-64,1,444,plugin,96,3.158203125,36.6953125,138.77995804233697,138.09537075150914,138.09537075150914,61.270255086634606
outcome-lag-64,1,444,plugin,128,4.033203125,49.1953125,179.06805538808055,179.89690046023773,177.60043653570239,75.24129434622223
outcome-lag-64,1,444,plugin,160,4.908203125,61.6953125,207.10300847735348,211.58558975564807,205.0850838212583,85.52897902504364
outcome-lag-64,1,444,plugin,192,5.783203125,74.1953125,235.63632709456576,242.04100929766827,232.03336286558317,93.02168995116045
outcome-lag-64,1,444,plugin,224,6.658203125,86.6953125,261.6241353737503,270.1360672838713,257.80126477234086,98.61495395516718
outcome-lag-64,1,444,plugin,256,7.533203125,99.1953125,284.9257952387366,294.14801079020344,280.2598365043973,102.87570764207769
outcome-lag-64,1,444,plugin,288,8.408203125,111.6953125,304.67065058544796,316.10357775634736,299.88773088974034,107.26344353805331
outcome-lag-64,1,444,plugin,320,9.283203125,124.1953125,324.80168506161635,338.863254312618,320.01876536590873,112.16164961579841
outcome-lag-64,1,444,plugin,352,10.158203125,136.6953125,342.8122484464323,358.6834357662044,338.0293287507247,115.8678165872405
outcome-lag-64,1,444,plugin,384,11.033203125,149.1953125,358.8210048409922,376.5969959092364,354.0312127116946,119.16807989783605
outcome-lag-64,1,444,plugin,416,11.908203125,161.6953125,374.0169421377597,393.9313425044891,369.2271500084621,122.47504634692847
outcome-lag-64,1,444,plugin,448,12.783203125,174.1953125,389.37654721737675,410.9756279394303,384.58675508807914,125.30499485118405
outcome-lag-64,1,444,plugin,480,13.658203125,186.6953125,403.0023393303698,426.1074358804229,398.21049669726017,127.76145380113749
outcome-lag-64,1,444,plugin,512,14.533203125,199.1953125,417.52390930386224,442.1282545355966,412.7174720784522,130.18102937452318
outcome-lag-64,1,444,safe,32,3.0,0.0,32.0,32.0,32.0,17.249397615442344
outcome-lag-64,1,444,safe,64,6.0,0.0,64.0,64.0,64.0,33.96642018131119
outcome-lag-64,1,444,safe,96,9.0,0.0,95.77995804233696,95.09537075150914,95.09537075150914,47.09972472251523
outcome-lag-64,1,444,safe,128,12.0,0.0,120.07528131329008,121.66347031326477,119.36700638872935,57.706554066378985
outcome-lag-64,1,444,safe,160,15.0,0.0,138.98366815475973,144.77589916458882,138.275393230199,66.7639827501838
outcome-lag-64,1,444,safe,192,18.0,0.0,154.8882195222727,164.17736365706216,154.17994459771197,73.46283503781032
outcome-lag-64,1,444,safe,224,21.0,0.0,168.90272195537784,180.45573200145657,168.19444703081712,78.0625290240717
outcome-lag-64,1,444,safe,256,24.0,0.0,181.56519051030176,194.67157233065643,180.85691558574104,81.40988175158537
outcome-lag-64,1,444,safe,288,27.0,0.0,193.19578560336325,208.32198955225687,192.48751067880252,84.85365181086077
outcome-lag-64,1,444,safe,320,30.0,0.0,204.03737335925,221.29560761146016,203.32909843468929,88.17452209544506
outcome-lag-64,1,444,safe,352,33.0,0.0,214.2225888823412,233.1369100876631,213.51431395778047,90.8355301378699
outcome-lag-64,1,444,safe,384,36.0,0.0,223.85469026727418,244.58219843215915,223.14641534271345,93.50972735231726
outcome-lag-64,1,444,safe,416,39.0,0.0,233.02248984365204,255.73201619852176,232.3142149190913,96.24737448614368
outcome-lag-64,1,444,safe,448,42.0,0.0,241.7821286466133,266.0775036686201,241.07385372205258,98.49885399643418
outcome-lag-64,1,444,safe,480,45.0,0.0,250.1858948089373,275.935679326143,249.47761988437657,100.54760197153986
outcome-lag-64,1,444,safe,512,48.0,0.0,258.2698858881974,285.5072079004511,257.5616109636367,102.5662230995263
outcome-lag-64,1,444,known,32,0.0,23.0,61.0,61.0,61.0,29.089526930571658
outcome-lag-64,1,444,known,64,0.0,46.0,123.0,123.0,123.0,58.275883760235814
outcome-lag-64,1,444,known,96,0.0,69.0,186.77995804233697,186.07848150258278,186.07848150258278,85.40901076983158
outcome-lag-64,1,444,known,128,0.0,92.0,240.83818658008747,241.0194469190206,238.7229829944852,103.19793012751704
outcome-lag-64,1,444,known,160,0.0,115.0,285.87875228756275,288.9111993085102,282.4080461117813,117.835400344232
outcome-lag-64,1,444,known,192,0.0,138.0,324.02462307784185,329.8246284070152,319.18969155492795,128.10213383368776
outcome-lag-64,1,444,known,224,0.0,161.0,355.85674491017875,364.55070753657617,350.83810439613796,135.25385267914587
outcome-lag-64,1,444,known,256,0.0,184.0,385.5582319907544,395.7643627961369,379.78977860071416,140.8239071507402
outcome-lag-64,1,444,known,288,0.0,207.0,413.7110707823266,426.67273097720033,407.8372659330457,146.67228116005734
outcome-lag-64,1,444,known,320,0.0,230.0,439.67729153361853,455.62348139820773,433.80348668433766,152.48022188992158
outcome-lag-64,1,444,known,352,0.0,253.0,464.12169155080227,482.4264200661614,458.2478867015214,157.23449185314962
outcome-lag-64,1,444,known,384,0.0,276.0,486.78594878180155,507.4973040435034,480.9063281496943,161.59713531372196
outcome-lag-64,1,444,known,416,0.0,299.0,508.38443277722024,531.8724255566984,502.50481214511296,166.10731566978632
outcome-lag-64,1,444,known,448,0.0,322.0,528.9748047228064,554.6490777899164,523.0951840906995,169.81099338444884
outcome-lag-64,1,444,known,480,0.0,345.0,548.0223046858181,575.4858185508041,542.140964500676,172.89364387044844
outcome-lag-64,1,444,known,512,0.0,368.0,567.7599373051917,597.074916573359,561.865853755223,175.97772560159672
outcome-lag-64,1,444,product,32,4.375,25.5,61.0,61.0,61.0,28.43879453019159
outcome-lag-64,1,444,product,64,8.75,51.0,123.0,123.0,123.0,62.30131272901494
outcome-lag-64,1,444,product,96,13.125,76.5,186.75828026670797,185.854236451253,185.854236451253,91.02093661121349
outcome-lag-64,1,444,product,128,17.5,102.0,235.2363723173781,236.55504782419948,233.9688095985776,110.37790257726876
outcome-lag-64,1,444,product,160,21.875,127.5,272.47744123981334,279.76162959303804,271.2098785210128,125.96982893724731
outcome-lag-64,1,444,product,192,26.25,153.0,304.1964878273843,317.4770196427857,302.9289251085838,138.32908388791236
outcome-lag-64,1,444,product,224,30.625,178.5,331.6502684956284,349.73333096459004,330.3827057768279,147.6558510718381
outcome-lag-64,1,444,product,256,35.0,204.0,356.44520506502914,378.5133317863241,355.17764234622865,155.0899332596579
outcome-lag-64,1,444,product,288,39.375,229.5,380.0622270533315,406.26324894504785,378.79466433453103,162.15225691236205
outcome-lag-64,1,444,product,320,43.75,255.0,401.7072925360427,432.26548053744824,400.4397298172422,168.91880934760232
outcome-lag-64,1,444,product,352,48.125,280.5,422.02296170324155,456.3139593522816,420.75539898444106,174.68066142403183
outcome-lag-64,1,444,product,384,52.5,306.0,440.9133516287964,478.55017785386684,439.64578890999593,179.72590552741732
outcome-lag-64,1,444,product,416,56.875,331.5,458.8818046924688,499.72756557448906,457.6142419736683,184.41026064485098
outcome-lag-64,1,444,product,448,61.25,357.0,476.02918969502366,519.3765248276316,474.76162697622317,188.18544551281872
outcome-lag-64,1,444,product,480,65.625,382.5,491.96149856987273,537.6095581049669,490.69393585107224,191.59186378114543
outcome-lag-64,1,444,product,512,70.0,408.0,508.30084211189074,556.8341010334847,507.03327939309025,195.5041618798811
single-blocker,1,444,prefix,32,0.1875,24.75,64.0,63.96821681185914,63.96821681185914,10.65953651522784
single-blocker,1,444,prefix,64,0.375,49.5,128.0,120.68345867134036,120.68345867134036,12.716100453728988
single-blocker,1,444,prefix,96,0.5625,74.25,192.0,168.35122932401322,168.35122932401322,14.008277712547304
single-blocker,1,444,prefix,128,0.75,99.0,256.0,207.74593015172334,207.74593015172334,14.875647476061046
single-blocker,1,444,prefix,160,0.9375,123.75,320.0,242.50668037653395,242.50668037653395,15.554586721174516
single-blocker,1,444,prefix,192,1.125,148.5,384.0,273.71742014673896,273.71742014673896,16.103041741184597
single-blocker,1,444,prefix,224,1.3125,173.25,448.0,302.2115910699846,302.2115910699846,16.561039170984117
single-blocker,1,444,prefix,256,1.5,198.0,512.0,328.7291674847397,328.7291674847397,16.958977912005807
single-blocker,1,444,prefix,288,1.6875,222.75,576.0,353.7990775162385,353.7990775162385,17.31598086264692
single-blocker,1,444,prefix,320,1.875,247.5,640.0,377.30404223913945,377.30404223913945,17.629678406177447
single-blocker,1,444,prefix,352,2.0625,272.25,704.0,399.73372811534557,399.73372811534557,17.916065967563263
single-blocker,1,444,prefix,384,2.25,297.0,768.0,421.1950525486721,421.1950525486721,18.178666539926454
single-blocker,1,444,prefix,416,2.4375,321.75,832.0,441.76463488876624,441.76463488876624,18.420089763853756
single-blocker,1,444,prefix,448,2.625,346.5,896.0,461.466975229372,461.466975229372,18.641557418351862
single-blocker,1,444,prefix,480,2.8125,371.25,960.0,480.50828293564666,480.50828293564666,18.848708811608198
single-blocker,1,444,prefix,512,3.0,396.0,1024.0,498.9173719009591,498.9173719009591,19.042474264801506
single-blocker,1,444,intersection,32,0.1875,24.75,64.0,63.96821681185914,63.96821681185914,10.65953651522784
single-blocker,1,444,intersection,64,0.375,49.5,128.0,120.68345867134036,120.68345867134036,12.716100453728988
single-blocker,1,444,intersection,96,0.5625,74.25,192.0,168.35122932401322,168.35122932401322,14.008277712547304
single-blocker,1,444,intersection,128,0.75,99.0,256.0,207.74593015172334,207.74593015172334,14.875647476061046
single-blocker,1,444,intersection,160,0.9375,123.75,320.0,242.50668037653395,242.50668037653395,15.554586721174516
single-blocker,1,444,intersection,192,1.125,148.5,384.0,273.71742014673896,273.71742014673896,16.103041741184597
single-blocker,1,444,intersection,224,1.23046875,172.484375,447.0,301.7257569144533,301.7257569144533,16.552774708174194
single-blocker,1,444,intersection,256,1.23046875,195.484375,509.0,327.3757750041508,327.3757750041508,16.93754861167707
single-blocker,1,444,intersection,288,1.23046875,218.484375,573.0,352.5180394296262,352.5180394296262,17.296749566581838
single-blocker,1,444,intersection,320,1.23046875,241.484375,636.0,375.69505097728717,375.69505097728717,17.606885458330428
single-blocker,1,444,intersection,352,1.23046875,264.484375,699.0,397.8170898893277,397.8170898893277,17.890157840681947
single-blocker,1,444,intersection,384,1.23046875,287.484375,761.0,418.61783694746725,418.61783694746725,18.14517064943022
single-blocker,1,444,intersection,416,1.23046875,310.484375,823.0,438.57251396928234,438.57251396928234,18.380084495135904
single-blocker,1,444,intersection,448,1.23046875,333.484375,885.0,457.7144952838254,457.7144952838254,18.59628226023905
single-blocker,1,444,intersection,480,1.23046875,356.484375,945.0,475.5535090531737,475.5535090531737,18.79077762960919
single-blocker,1,444,intersection,512,1.23046875,379.484375,1009.0,494.12820201702607,494.12820201702607,18.988309460482856
single-blocker,1,444,completed,32,0.1875,24.75,64.0,63.96821681185914,63.96821681185914,10.65953651522784
single-blocker,1,444,completed,64,0.375,49.5,128.0,120.68345867134036,120.68345867134036,12.716100453728988
single-blocker,1,444,completed,96,0.5625,74.25,192.0,168.35122932401322,168.35122932401322,14.008277712547304
single-blocker,1,444,completed,128,0.75,99.0,256.0,207.74593015172334,207.74593015172334,14.875647476061046
single-blocker,1,444,completed,160,0.9375,123.75,320.0,242.50668037653395,242.50668037653395,15.554586721174516
single-blocker,1,444,completed,192,1.119140625,148.4453125,384.0,273.71742014673896,273.71742014673896,16.103041741184597
single-blocker,1,444,completed,224,1.189453125,172.1015625,447.0,301.7257569144533,301.7257569144533,16.552774708174194
single-blocker,1,444,completed,256,1.189453125,195.1015625,509.0,327.3757750041508,327.3757750041508,16.93754861167707
single-blocker,1,444,completed,288,1.189453125,218.1015625,573.0,352.5180394296262,352.5180394296262,17.296749566581838
single-blocker,1,444,completed,320,1.189453125,241.1015625,636.0,375.69505097728717,375.69505097728717,17.606885458330428
single-blocker,1,444,completed,352,1.189453125,264.1015625,699.0,397.8170898893277,397.8170898893277,17.890157840681947
single-blocker,1,444,completed,384,1.189453125,287.1015625,761.0,418.61783694746725,418.61783694746725,18.14517064943022
single-blocker,1,444,completed,416,1.189453125,310.1015625,823.0,438.57251396928234,438.57251396928234,18.380084495135904
single-blocker,1,444,completed,448,1.189453125,333.1015625,885.0,457.7144952838254,457.7144952838254,18.59628226023905
single-blocker,1,444,completed,480,1.189453125,356.1015625,945.0,475.5535090531737,475.5535090531737,18.79077762960919
single-blocker,1,444,completed,512,1.189453125,379.1015625,1009.0,494.12820201702607,494.12820201702607,18.988309460482856
single-blocker,1,444,plugin,32,0.587890625,23.6953125,62.0,61.96821681185914,61.96821681185914,10.486675062954621
single-blocker,1,444,plugin,64,0.587890625,46.6953125,124.0,117.35247815784555,117.35247815784555,12.641180815357334
single-blocker,1,444,plugin,96,0.587890625,69.6953125,188.0,165.22366633934206,165.22366633934206,13.924308943221382
single-blocker,1,444,plugin,128,0.587890625,92.6953125,250.0,203.77626792459242,203.77626792459242,14.784802194448922
single-blocker,1,444,plugin,160,0.587890625,115.6953125,312.0,237.54004369824384,237.54004369824384,15.447577261523312
single-blocker,1,444,plugin,192,0.587890625,138.6953125,375.0,268.7327282338563,268.7327282338563,16.006784675124308
single-blocker,1,444,plugin,224,0.587890625,161.6953125,437.0,296.7948596346611,296.7948596346611,16.467744582836062
single-blocker,1,444,plugin,256,0.587890625,184.6953125,499.0,322.8270467902406,322.8270467902406,16.865072789579223
single-blocker,1,444,plugin,288,0.587890625,207.6953125,563.0,348.2150544727587,348.2150544727587,17.231757175846454
single-blocker,1,444,plugin,320,0.587890625,230.6953125,626.0,371.670438895602,371.670438895602,17.54998173977715
single-blocker,1,444,plugin,352,0.587890625,253.6953125,689.0,393.98793046936,393.98793046936,17.83858522645321
single-blocker,1,444,plugin,384,0.587890625,276.6953125,751.0,414.92984642876223,414.92984642876223,18.09726316050828
single-blocker,1,444,plugin,416,0.587890625,299.6953125,813.0,435.01135749313823,435.01135749313823,18.335361337268562
single-blocker,1,444,plugin,448,0.587890625,322.6953125,875.0,454.2938401936487,454.2938401936487,18.55499068197899
single-blocker,1,444,plugin,480,0.587890625,345.6953125,935.0,472.22835062769803,472.22835062769803,18.75172291983434
single-blocker,1,444,plugin,512,0.587890625,368.6953125,999.0,490.9242301074794,490.9242301074794,18.952027857851924
single-blocker,1,444,safe,32,3.0,0.0,32.0,31.968216811859147,31.968216811859147,4.02724519543652
single-blocker,1,444,safe,64,6.0,0.0,64.0,57.42435623340214,57.42435623340214,4.7282659037057675
single-blocker,1,444,safe,96,9.0,0.0,96.0,76.78319682780861,76.78319682780861,5.136346480888775
single-blocker,1,444,safe,128,12.0,0.0,128.0,93.03345515740088,93.03345515740088,5.425334592589174
single-blocker,1,444,safe,160,15.0,0.0,160.0,107.31238195727079,107.31238195727079,5.649261224939744
single-blocker,1,444,safe,192,18.0,0.0,192.0,120.1978375468853,120.1978375468853,5.832104609707439
single-blocker,1,444,safe,224,21.0,0.0,224.0,132.0310352083931,132.0310352083931,5.986627913082163
single-blocker,1,444,safe,256,24.0,0.0,256.0,143.03333360981438,143.03333360981438,6.120438712817281
single-blocker,1,444,safe,288,27.0,0.0,288.0,153.35798108855585,153.35798108855585,6.238439029233648
single-blocker,1,444,safe,320,30.0,0.0,320.0,163.1162631808352,163.1162631808352,6.343973346894013
single-blocker,1,444,safe,352,33.0,0.0,352.0,172.39200998111025,172.39200998111025,6.43942571339101
single-blocker,1,444,safe,384,36.0,0.0,384.0,181.25023096678382,181.25023096678382,6.5265555690159704
single-blocker,1,444,safe,416,39.0,0.0,416.0,189.74254455085054,189.74254455085054,6.6066985205464555
single-blocker,1,444,safe,448,42.0,0.0,448.0,197.91074640079475,197.91074640079475,6.680892410683006
single-blocker,1,444,safe,480,45.0,0.0,480.0,205.78924141297622,205.78924141297622,6.7499597404471405
single-blocker,1,444,safe,512,48.0,0.0,512.0,213.40675252840046,213.40675252840046,6.81456340954972
single-blocker,1,444,known,32,0.0,23.0,61.0,60.96821681185914,60.96821681185914,10.4589412771326
single-blocker,1,444,known,64,0.0,46.0,123.0,116.22759708485826,116.22759708485826,12.580767405238044
single-blocker,1,444,known,96,0.0,69.0,187.0,164.45451802939152,164.45451802939152,13.904020489769199
single-blocker,1,444,known,128,0.0,92.0,249.0,203.07540171170893,203.07540171170893,14.76785304190656
single-blocker,1,444,known,160,0.0,115.0,311.0,236.999402759363,236.999402759363,15.437571916785862
single-blocker,1,444,known,192,0.0,138.0,374.0,268.2056501669087,268.2056501669087,15.997123715282374
single-blocker,1,444,known,224,0.0,161.0,436.0,296.2399368457031,296.2399368457031,16.457050109973864
single-blocker,1,444,known,256,0.0,184.0,498.0,322.2812825653058,322.2812825653058,16.85479504161014
single-blocker,1,444,known,288,0.0,207.0,562.0,347.7093724787483,347.7093724787483,17.22289078330629
single-blocker,1,444,known,320,0.0,230.0,625.0,371.17067744103434,371.17067744103434,17.541386054449
single-blocker,1,444,known,352,0.0,253.0,688.0,393.5086410903853,393.5086410903853,17.830680999074215
single-blocker,1,444,known,384,0.0,276.0,750.0,414.476357501389,414.476357501389,18.090156893308286
single-blocker,1,444,known,416,0.0,299.0,812.0,434.5800523971779,434.5800523971779,18.328910631966423
single-blocker,1,444,known,448,0.0,322.0,874.0,453.8729759389453,453.8729759389453,18.548859655178276
single-blocker,1,444,known,480,0.0,345.0,934.0,471.82426134990686,471.82426134990686,18.746054791251733
single-blocker,1,444,known,512,0.0,368.0,998.0,490.52985966400666,490.52985966400666,18.946636813944885
single-blocker,1,444,product,32,4.375,25.5,61.0,60.96821681185914,60.96821681185914,7.954416234402887
single-blocker,1,444,product,64,8.75,51.0,123.0,111.40296351353021,111.40296351353021,9.374520497448469
single-blocker,1,444,product,96,13.125,76.5,187.0,150.7886896620867,150.7886896620867,10.218917083737294
single-blocker,1,444,product,128,17.5,102.0,249.0,182.70782086518335,182.70782086518335,10.794202879942567
single-blocker,1,444,product,160,21.875,127.5,311.0,210.7687152076845,210.7687152076845,11.24044181358362
single-blocker,1,444,product,192,26.25,153.0,374.0,236.49498568633035,236.49498568633035,11.610577193146892
single-blocker,1,444,product,224,30.625,178.5,436.0,259.73202213899646,259.73202213899646,11.91806950793455
single-blocker,1,444,product,256,35.0,204.0,498.0,281.3443958302068,281.3443958302068,12.184524565230756
single-blocker,1,444,product,288,39.375,229.5,562.0,302.2744216440159,302.2744216440159,12.426956873020163
single-blocker,1,444,product,320,43.75,255.0,625.0,321.72300447648087,321.72300447648087,12.639860548325101
single-blocker,1,444,product,352,48.125,280.5,688.0,340.2020343714354,340.2020343714354,12.832263704875839
single-blocker,1,444,product,384,52.5,306.0,750.0,357.5657828897654,357.5657828897654,13.00503782500595
single-blocker,1,444,product,416,56.875,331.5,812.0,374.2178429069799,374.2178429069799,13.164065239031837
single-blocker,1,444,product,448,61.25,357.0,874.0,390.2389253068593,390.2389253068593,13.31137325373645
single-blocker,1,444,product,480,65.625,382.5,934.0,405.19833793963255,405.19833793963255,13.444170877501257
single-blocker,1,444,product,512,70.0,408.0,998.0,420.6433704308665,420.6433704308665,13.576958538953225
outcome-lag-64,3,444,prefix,32,1.3125,22.75,64.0,64.0,64.0,35.20168358499543
outcome-lag-64,3,444,prefix,64,2.625,45.5,128.0,128.0,128.0,68.21423479754961
outcome-lag-64,3,444,prefix,96,3.9375,68.25,191.73906891844607,191.35832693399303,191.35832693399303,93.60574127431306
outcome-lag-64,3,444,prefix,128,5.25,91.0,247.65402318870025,246.92724169121888,245.4419757177681,111.59719497556725
outcome-lag-64,3,444,prefix,160,6.5625,113.75,292.9277341324069,294.89545548193223,290.06787270549046,125.6707730104964
outcome-lag-64,3,444,prefix,192,7.875,136.5,331.1480654952362,336.82150982716166,328.2005134860306,136.91300554640262
outcome-lag-64,3,444,prefix,224,9.1875,159.25,364.9168640958742,373.7825981577724,361.580755599571,145.63826325283313
outcome-lag-64,3,444,prefix,256,10.5,182.0,395.2207943217935,406.87306930946323,391.54453464910415,152.54142922216417
outcome-lag-64,3,444,prefix,288,11.8125,204.75,423.2051020585695,437.4456414730682,419.4304037591573,158.43556951888831
outcome-lag-64,3,444,prefix,320,13.125,227.5,449.27951789443716,466.42342894110163,445.39185665819616,164.0579005927861
outcome-lag-64,3,444,prefix,352,13.576171875,242.2109375,470.111058905317,490.48847143761395,466.1624553947944,169.32094858558057
outcome-lag-64,3,444,prefix,384,13.576171875,252.7109375,488.5139810640509,511.6246818150162,484.56537755352826,173.82340489776846
outcome-lag-64,3,444,prefix,416,13.576171875,263.2109375,504.7418404827957,530.2713092045117,500.79323697227306,177.62999910138456
outcome-lag-64,3,444,prefix,448,13.576171875,273.7109375,519.4353324424713,547.2760603949772,515.4867289319486,181.03938967427217
outcome-lag-64,3,444,prefix,480,13.576171875,284.2109375,533.8596531504799,564.0371638816283,529.9110496399571,184.34207392305873
outcome-lag-64,3,444,prefix,512,13.576171875,294.7109375,547.1115246435493,579.4185247685244,543.1629211330265,187.33857257538577
outcome-lag-64,3,444,intersection,32,1.3125,22.75,64.0,64.0,64.0,35.20168358499543
outcome-lag-64,3,444,intersection,64,2.625,45.5,128.0,128.0,128.0,68.21423479754961
outcome-lag-64,3,444,intersection,96,3.9375,68.25,191.73906891844607,191.35832693399303,191.35832693399303,93.60574127431306
outcome-lag-64,3,444,intersection,128,5.25,91.0,247.65402318870025,246.92724169121888,245.4419757177681,111.59719497556725
outcome-lag-64,3,444,intersection,160,6.5625,113.75,292.9277341324069,294.89545548193223,290.06787270549046,125.6707730104964
outcome-lag-64,3,444,intersection,192,7.875,136.5,331.1480654952362,336.82150982716166,328.2005134860306,136.91300554640262
outcome-lag-64,3,444,intersection,224,9.1875,159.25,364.9168640958742,373.7825981577724,361.580755599571,145.63826325283313
outcome-lag-64,3,444,intersection,256,10.5,182.0,395.2207943217935,406.87306930946323,391.54453464910415,152.54142922216417
outcome-lag-64,3,444,intersection,288,11.443359375,201.3046875,420.64177041976313,434.93205338413327,416.9168156702225,158.20827069920446
outcome-lag-64,3,444,intersection,320,11.443359375,211.8046875,438.341920813342,455.6483517367195,434.6169660638014,163.04050836801582
outcome-lag-64,3,444,intersection,352,11.443359375,222.3046875,456.78142114092554,477.38229582421724,453.0564663913849,168.08912633390904
outcome-lag-64,3,444,intersection,384,11.443359375,232.8046875,475.1843432996594,498.51850620161946,471.4593885501188,172.59158264609692
outcome-lag-64,3,444,intersection,416,11.443359375,243.3046875,491.4122027184042,517.1651335911148,487.6872479688636,176.39817684971302
outcome-lag-64,3,444,intersection,448,11.443359375,253.8046875,506.10569467807983,534.1698847815803,502.3807399285392,179.80756742260064
outcome-lag-64,3,444,intersection,480,11.443359375,264.3046875,520.5300153860883,550.9309882682314,516.8050606365473,183.1102516713872
outcome-lag-64,3,444,intersection,512,11.443359375,274.8046875,533.7818868791577,566.3123491551275,530.0569321296167,186.10675032371424
outcome-lag-64,3,444,completed,32,1.3125,22.75,64.0,64.0,64.0,35.20168358499543
outcome-lag-64,3,444,completed,64,2.625,45.5,128.0,128.0,128.0,68.21423479754961
outcome-lag-64,3,444,completed,96,4.599609375,66.1171875,188.73906891844607,188.38462804898003,188.38462804898003,92.68247200515327
outcome-lag-64,3,444,completed,128,5.912109375,88.8671875,244.6940586808131,244.23609603208058,242.75083005862973,110.86516608739832
outcome-lag-64,3,444,completed,160,7.224609375,111.6171875,290.42582515698325,292.52550427588824,287.76035511421287,125.0562519439213
outcome-lag-64,3,444,completed,192,8.537109375,134.3671875,328.942278575104,334.6918764711059,326.1681737710672,136.37966057551256
outcome-lag-64,3,444,completed,224,9.849609375,157.1171875,362.92638939884444,371.8277616163658,359.72766260414227,145.1536064513414
outcome-lag-64,3,444,completed,256,11.080078125,179.1015625,393.3719202770549,405.0369465772316,389.81505853281095,152.08176101639413
outcome-lag-64,3,444,completed,288,11.162109375,190.3671875,414.08113321403204,428.4269006508222,410.5199817657504,157.27653435828324
outcome-lag-64,3,444,completed,320,11.654296875,205.4609375,435.7534132194451,453.13867907815694,432.1898658742716,162.28707317838507
outcome-lag-64,3,444,completed,352,11.654296875,215.9609375,454.2211990098116,474.90371355564514,450.6576516646381,167.34545975567423
outcome-lag-64,3,444,completed,384,11.859375,228.375,474.0617410911735,497.4787436014319,470.49666270289134,171.8736708844505
outcome-lag-64,3,444,completed,416,11.859375,238.875,490.30943427599243,516.1469055873922,486.7443558877103,175.6868901888133
outcome-lag-64,3,444,completed,448,11.859375,249.375,505.0178123105562,533.1674805328207,501.4527339222741,179.1002793923493
outcome-lag-64,3,444,completed,480,11.859375,259.875,519.4558686563718,549.9435572853957,515.8907902680896,182.40659835092734
outcome-lag-64,3,444,completed,512,11.859375,270.375,532.7188848677383,565.3375455718748,529.1538064794562,185.4066124681054
outcome-lag-64,3,444,plugin,32,2.1171875,10.03125,49.0,49.0,49.0,27.62752579833766
outcome-lag-64,3,444,plugin,64,2.2421875,19.03125,94.0,94.0,94.0,51.32540353452309
outcome-lag-64,3,444,plugin,96,2.490234375,29.1796875,141.73906891844607,141.38812285343357,141.38812285343357,71.41074845899081
outcome-lag-64,3,444,plugin,128,2.615234375,38.1796875,181.33465011874512,182.16320553916634,180.89798152337863,86.76995047299013
outcome-lag-64,3,444,plugin,160,2.724609375,47.3671875,216.1704365866986,219.53991738746313,215.73376799133212,99.06061304755781
outcome-lag-64,3,444,plugin,192,2.724609375,57.8671875,244.7614541467691,251.6289347978842,244.3247855514026,108.57160969248396
outcome-lag-64,3,444,plugin,224,2.724609375,68.3671875,269.07962020128844,279.4270542633124,268.64295160592195,116.2150950355231
outcome-lag-64,3,444,plugin,256,2.724609375,78.8671875,292.74415737624736,306.1491548039418,292.3074887808809,122.79361962541041
outcome-lag-64,3,444,plugin,288,2.724609375,89.3671875,312.8105181011511,328.84748205015126,312.35664695027805,128.0074474401867
outcome-lag-64,3,444,plugin,320,2.724609375,99.8671875,330.81700899780424,349.8687862265747,330.3631378469312,132.91850063734267
outcome-lag-64,3,444,plugin,352,2.724609375,110.3671875,349.5846684213669,371.9617378145746,349.1307972704939,138.08107179428376
outcome-lag-64,3,444,plugin,384,2.724609375,120.8671875,368.308223048899,393.44416161388506,367.8543518980259,142.70023294511628
outcome-lag-64,3,444,plugin,416,2.724609375,131.3671875,384.7639168620484,412.3371643373653,384.31004571117535,146.58325339077487
outcome-lag-64,3,444,plugin,448,2.724609375,141.8671875,399.6275924759001,429.5223153576461,399.17372132502703,150.03861221763466
outcome-lag-64,3,444,plugin,480,2.724609375,152.3671875,414.20838842758815,446.4536894090823,413.7545172767151,153.38295322867188
outcome-lag-64,3,444,plugin,512,2.724609375,162.8671875,427.58697242556184,461.978398253373,427.1331012746888,156.41963846765165
outcome-lag-64,3,444,safe,32,8.375,0.0,32.0,32.0,32.0,18.110215331027188
outcome-lag-64,3,444,safe,64,16.75,0.0,64.0,64.0,64.0,36.19009235245798
outcome-lag-64,3,444,safe,96,25.125,0.0,95.73906891844605,95.38812285343357,95.38812285343357,50.66259665715007
outcome-lag-64,3,444,safe,128,33.5,0.0,120.33465011874516,121.16320553916646,119.89798152337863,60.476409124991044
outcome-lag-64,3,444,safe,160,41.875,0.0,139.186012153498,142.29491726533576,138.7493435581315,67.55312068364103
outcome-lag-64,3,444,safe,192,50.25,0.0,155.09595964720148,160.9916338485611,154.65929105183497,73.54722506201946
outcome-lag-64,3,444,safe,224,58.625,0.0,169.09710525598396,177.7254122068015,168.66043666061745,78.6023290621268
outcome-lag-64,3,444,safe,256,67.0,0.0,181.77450978243422,193.0264638440121,181.3378411870677,83.03489309765125
outcome-lag-64,3,444,safe,288,75.375,0.0,193.43375668520423,207.20058345884726,192.99708808983772,87.00236555016137
outcome-lag-64,3,444,safe,320,83.75,0.0,204.2734213224624,220.6178336899546,203.8367527270959,90.76686800664972
outcome-lag-64,3,444,safe,352,92.125,0.0,214.46824909489067,233.13202083743602,214.03158049952415,94.10076072035307
outcome-lag-64,3,444,safe,384,100.5,0.0,224.11167771438474,244.42994961925228,223.67500911901823,96.6275983721207
outcome-lag-64,3,444,safe,416,108.875,0.0,233.2734653429312,255.2216364402956,232.83679674756468,99.00711456062776
outcome-lag-64,3,444,safe,448,117.25,0.0,242.02842040147277,265.7978626270247,241.59175180610626,101.48933278754899
outcome-lag-64,3,444,safe,480,125.625,0.0,250.4320004557655,276.00563386053136,249.99533186039898,103.8876763386382
outcome-lag-64,3,444,safe,512,134.0,0.0,258.5175193866304,285.62319352735545,258.0808507912639,105.95232855914065
outcome-lag-64,3,444,known,32,0.0,10.5,49.0,49.0,49.0,28.92327310658496
outcome-lag-64,3,444,known,64,0.0,21.0,96.0,96.0,96.0,54.475338347270366
outcome-lag-64,3,444,known,96,0.0,31.5,144.73906891844607,144.38812285343354,144.38812285343354,75.66288987221526
outcome-lag-64,3,444,known,128,0.0,42.0,186.11460816108206,187.1632055391663,185.67793956571555,91.60965604204708
outcome-lag-64,3,444,known,160,0.0,52.5,221.14182337631178,225.53273755738704,220.70515478094526,104.37567039691916
outcome-lag-64,3,444,known,192,0.0,63.0,248.91913979343414,257.0671239256517,248.48247119806763,113.9372207537452
outcome-lag-64,3,444,known,224,0.0,73.5,272.5485295281576,284.2773598774456,272.1118609327911,121.43108640820569
outcome-lag-64,3,444,known,256,0.0,84.0,295.5450779353071,310.4006003867527,295.10840933994064,127.82275792025709
outcome-lag-64,3,444,known,288,0.0,94.5,315.1827745353221,332.72078553541604,314.74262123486886,132.9413971071875
outcome-lag-64,3,444,known,320,0.0,105.0,332.882924928901,353.4370838880023,332.4427716284477,137.77363477599886
outcome-lag-64,3,444,known,352,0.0,115.5,351.3224252564845,375.1710279755,350.8822719560312,142.82225274189207
outcome-lag-64,3,444,known,384,0.0,126.0,369.7253474152184,396.30723835290223,369.2851941147651,147.32470905407996
outcome-lag-64,3,444,known,416,0.0,136.5,385.9532068339632,414.9538657423977,385.5130535335099,151.13130325769606
outcome-lag-64,3,444,known,448,0.0,147.0,400.6466987936388,431.9586169328636,400.2065454931855,154.54069383058368
outcome-lag-64,3,444,known,480,0.0,157.5,415.0710195016468,448.7197204195148,414.6308662011935,157.84337807937024
outcome-lag-64,3,444,known,512,0.0,168.0,428.3228909947166,464.1010813064109,427.8827376942633,160.83987673169727
outcome-lag-64,3,444,product,32,0.0,10.5,49.0,49.0,49.0,28.92327310658496
outcome-lag-64,3,444,product,64,0.0,21.0,96.0,96.0,96.0,54.475338347270366
outcome-lag-64,3,444,product,96,0.0,31.5,144.73906891844607,144.38812285343354,144.38812285343354,75.66288987221526
outcome-lag-64,3,444,product,128,0.0,42.0,186.11460816108206,187.1632055391663,185.67793956571555,91.60965604204708
outcome-lag-64,3,444,product,160,0.0,52.5,221.14182337631178,225.53273755738704,220.70515478094526,104.37567039691916
outcome-lag-64,3,444,product,192,0.0,63.0,248.91913979343414,257.0671239256517,248.48247119806763,113.9372207537452
outcome-lag-64,3,444,product,224,0.0,73.5,272.5485295281576,284.2773598774456,272.1118609327911,121.43108640820569
outcome-lag-64,3,444,product,256,0.0,84.0,295.5450779353071,310.4006003867527,295.10840933994064,127.82275792025709
outcome-lag-64,3,444,product,288,0.0,94.5,315.1827745353221,332.72078553541604,314.74262123486886,132.9413971071875
outcome-lag-64,3,444,product,320,0.0,105.0,332.882924928901,353.4370838880023,332.4427716284477,137.77363477599886
outcome-lag-64,3,444,product,352,0.0,115.5,351.3224252564845,375.1710279755,350.8822719560312,142.82225274189207
outcome-lag-64,3,444,product,384,0.0,126.0,369.7253474152184,396.30723835290223,369.2851941147651,147.32470905407996
outcome-lag-64,3,444,product,416,0.0,136.5,385.9532068339632,414.9538657423977,385.5130535335099,151.13130325769606
outcome-lag-64,3,444,product,448,0.0,147.0,400.6466987936388,431.9586169328636,400.2065454931855,154.54069383058368
outcome-lag-64,3,444,product,480,0.0,157.5,415.0710195016468,448.7197204195148,414.6308662011935,157.84337807937024
outcome-lag-64,3,444,product,512,0.0,168.0,428.3228909947166,464.1010813064109,427.8827376942633,160.83987673169727
single-blocker,3,444,prefix,32,1.3125,22.75,64.0,63.96821681185914,63.96821681185914,10.65953651522784
single-blocker,3,444,prefix,64,2.625,45.5,128.0,121.36078985712048,121.36078985712048,12.782756294578816
single-blocker,3,444,prefix,96,3.9375,68.25,192.0,168.41905442106696,168.41905442106696,14.011830901939005
single-blocker,3,444,prefix,128,5.25,91.0,256.0,207.86040613878947,207.86040613878947,14.880873967254258
single-blocker,3,444,prefix,160,6.5625,113.75,320.0,242.42542448406388,242.42542448406388,15.551256556744395
single-blocker,3,444,prefix,192,7.875,136.5,384.0,273.65883234582606,273.65883234582606,16.10084260918348
single-blocker,3,444,prefix,224,9.1875,159.25,448.0,302.3600356516199,302.3600356516199,16.566215290797036
single-blocker,3,444,prefix,256,10.5,182.0,512.0,328.9472383644469,328.9472383644469,16.966112821264332
single-blocker,3,444,prefix,288,11.8125,204.75,576.0,353.98116065905316,353.98116065905316,17.32160324898989
single-blocker,3,444,prefix,320,13.125,227.5,640.0,377.6549907575626,377.6549907575626,17.639976953363345
single-blocker,3,444,prefix,352,14.4375,250.25,704.0,400.0597418211665,400.0597418211665,17.925201590170328
single-blocker,3,444,prefix,384,15.75,273.0,768.0,421.3846079723254,421.3846079723254,18.183759601913305
single-blocker,3,444,prefix,416,17.0625,295.75,832.0,441.9098186422691,441.9098186422691,18.423841013505815
single-blocker,3,444,prefix,448,18.375,318.5,896.0,461.7110927644621,461.7110927644621,18.647640948584737
single-blocker,3,444,prefix,480,19.6875,341.25,960.0,480.77710895483153,480.77710895483153,18.85518593960744
single-blocker,3,444,prefix,512,21.0,364.0,1024.0,499.2597396585272,499.2597396585272,19.050465280399
single-blocker,3,444,intersection,32,1.3125,22.75,64.0,63.96821681185914,63.96821681185914,10.65953651522784
single-blocker,3,444,intersection,64,2.625,45.5,128.0,121.36078985712048,121.36078985712048,12.782756294578816
single-blocker,3,444,intersection,96,3.9375,68.25,192.0,168.41905442106696,168.41905442106696,14.011830901939005
single-blocker,3,444,intersection,128,5.25,91.0,256.0,207.86040613878947,207.86040613878947,14.880873967254258
single-blocker,3,444,intersection,160,6.5625,113.75,320.0,242.42542448406388,242.42542448406388,15.551256556744395
single-blocker,3,444,intersection,192,7.875,136.5,384.0,273.65883234582606,273.65883234582606,16.10084260918348
single-blocker,3,444,intersection,224,9.1875,159.25,448.0,302.3600356516199,302.3600356516199,16.566215290797036
single-blocker,3,444,intersection,256,10.5,182.0,512.0,328.9472383644469,328.9472383644469,16.966112821264332
single-blocker,3,444,intersection,288,11.443359375,201.3046875,571.0,351.65698825318816,351.65698825318816,17.28372011237592
single-blocker,3,444,intersection,320,11.443359375,211.8046875,618.0,367.74040170332415,367.74040170332415,17.48307287873684
single-blocker,3,444,intersection,352,11.443359375,222.3046875,669.0,384.6286277920649,384.6286277920649,17.685972845873096
single-blocker,3,444,intersection,384,11.443359375,232.8046875,722.0,401.45621158329044,401.45621158329044,17.879802571884337
single-blocker,3,444,intersection,416,11.443359375,243.3046875,772.0,416.4595763916467,416.4595763916467,18.043134194361024
single-blocker,3,444,intersection,448,11.443359375,253.8046875,820.0,430.1976801085341,430.1976801085341,18.185877293670156
single-blocker,3,444,intersection,480,11.443359375,264.3046875,869.0,443.7931928061427,443.7931928061427,18.322970753414015
single-blocker,3,444,intersection,512,11.443359375,274.8046875,916.0,456.29906457120774,456.29906457120774,18.443980283909912
single-blocker,3,444,completed,32,1.3125,22.75,64.0,63.96821681185914,63.96821681185914,10.65953651522784
single-blocker,3,444,completed,64,2.625,45.5,128.0,121.36078985712048,121.36078985712048,12.782756294578816
single-blocker,3,444,completed,96,3.9375,68.25,192.0,168.41905442106696,168.41905442106696,14.011830901939005
single-blocker,3,444,completed,128,5.25,91.0,256.0,207.86040613878947,207.86040613878947,14.880873967254258
single-blocker,3,444,completed,160,6.5625,113.75,320.0,242.42542448406388,242.42542448406388,15.551256556744395
single-blocker,3,444,completed,192,7.875,136.5,384.0,273.65883234582606,273.65883234582606,16.10084260918348
single-blocker,3,444,completed,224,9.1875,159.25,448.0,302.3600356516199,302.3600356516199,16.566215290797036
single-blocker,3,444,completed,256,10.5,182.0,512.0,328.9472383644469,328.9472383644469,16.966112821264332
single-blocker,3,444,completed,288,11.279296875,199.7734375,570.0,351.1867119795345,351.1867119795345,17.275968174391423
single-blocker,3,444,completed,320,11.279296875,210.2734375,617.0,367.2701254296705,367.2701254296705,17.475320940752344
single-blocker,3,444,completed,352,11.279296875,220.7734375,668.0,384.1583515184112,384.1583515184112,17.678220907888598
single-blocker,3,444,completed,384,11.279296875,231.2734375,721.0,400.9859353096368,400.9859353096368,17.87205063389984
single-blocker,3,444,completed,416,11.279296875,241.7734375,771.0,415.989300117993,415.989300117993,18.035382256376526
single-blocker,3,444,completed,448,11.279296875,252.2734375,819.0,429.7274038348804,429.7274038348804,18.17812535568566
single-blocker,3,444,completed,480,11.279296875,262.7734375,868.0,443.32291653248905,443.32291653248905,18.315218815429517
single-blocker,3,444,completed,512,11.279296875,273.2734375,915.0,455.82878829755407,455.82878829755407,18.436228345925414
single-blocker,3,444,plugin,32,0.24609375,12.796875,52.0,51.96821681185914,51.96821681185914,8.907974188665515
single-blocker,3,444,plugin,64,0.328125,22.3125,98.0,91.41680044284458,91.41680044284458,10.223253034626167
single-blocker,3,444,plugin,96,0.328125,32.8125,147.0,125.60535923892692,125.60535923892692,11.074310322619565
single-blocker,3,444,plugin,128,0.328125,43.3125,196.0,154.1300947182949,154.1300947182949,11.669225496294947
single-blocker,3,444,plugin,160,0.328125,53.8125,247.0,180.2941255345737,180.2941255345737,12.15132949761991
single-blocker,3,444,plugin,192,0.328125,64.3125,296.0,202.68557298937182,202.68557298937182,12.519482127347063
single-blocker,3,444,plugin,224,0.328125,74.8125,344.0,222.74125397517327,222.74125397517327,12.821737920939492
single-blocker,3,444,plugin,256,0.328125,85.3125,395.0,242.7929141133712,242.7929141133712,13.106628287412327
single-blocker,3,444,plugin,288,0.328125,95.8125,443.0,260.24844163014103,260.24844163014103,13.336242134433824
single-blocker,3,444,plugin,320,0.328125,106.3125,490.0,276.35203221630553,276.35203221630553,13.536185824211069
single-blocker,3,444,plugin,352,0.328125,116.8125,541.0,293.26219176350673,293.26219176350673,13.739697471213388
single-blocker,3,444,plugin,384,0.328125,127.3125,594.0,310.11038190768903,310.11038190768903,13.934072623436258
single-blocker,3,444,plugin,416,0.328125,137.8125,644.0,325.12904268519327,325.12904268519327,14.097790719342902
single-blocker,3,444,plugin,448,0.328125,148.3125,692.0,338.879266593246,338.879266593246,14.240828885503111
single-blocker,3,444,plugin,480,0.328125,158.8125,741.0,352.48639125558833,352.48639125558833,14.378195753848079
single-blocker,3,444,plugin,512,0.328125,169.3125,788.0,365.0015879207147,365.0015879207147,14.499418249673225
single-blocker,3,444,safe,32,8.375,0.0,32.0,31.968216811859147,31.968216811859147,4.02724519543652
single-blocker,3,444,safe,64,16.75,0.0,64.0,57.42435623340214,57.42435623340214,4.7282659037057675
single-blocker,3,444,safe,96,25.125,0.0,96.0,76.78319682780861,76.78319682780861,5.136346480888775
single-blocker,3,444,safe,128,33.5,0.0,128.0,93.03345515740088,93.03345515740088,5.425334592589174
single-blocker,3,444,safe,160,41.875,0.0,160.0,107.31238195727079,107.31238195727079,5.649261224939744
single-blocker,3,444,safe,192,50.25,0.0,192.0,120.1978375468853,120.1978375468853,5.832104609707439
single-blocker,3,444,safe,224,58.625,0.0,224.0,132.0310352083931,132.0310352083931,5.986627913082163
single-blocker,3,444,safe,256,67.0,0.0,256.0,143.03333360981438,143.03333360981438,6.120438712817281
single-blocker,3,444,safe,288,75.375,0.0,288.0,153.35798108855585,153.35798108855585,6.238439029233648
single-blocker,3,444,safe,320,83.75,0.0,320.0,163.1162631808352,163.1162631808352,6.343973346894013
single-blocker,3,444,safe,352,92.125,0.0,352.0,172.39200998111025,172.39200998111025,6.43942571339101
single-blocker,3,444,safe,384,100.5,0.0,384.0,181.25023096678382,181.25023096678382,6.5265555690159704
single-blocker,3,444,safe,416,108.875,0.0,416.0,189.74254455085054,189.74254455085054,6.6066985205464555
single-blocker,3,444,safe,448,117.25,0.0,448.0,197.91074640079475,197.91074640079475,6.680892410683006
single-blocker,3,444,safe,480,125.625,0.0,480.0,205.78924141297622,205.78924141297622,6.7499597404471405
single-blocker,3,444,safe,512,134.0,0.0,512.0,213.40675252840046,213.40675252840046,6.81456340954972
single-blocker,3,444,known,32,0.0,10.5,49.0,48.96821681185914,48.96821681185914,7.40797418866551
single-blocker,3,444,known,64,0.0,21.0,96.0,89.3925730452613,89.3925730452613,8.755511099142288
single-blocker,3,444,known,96,0.0,31.5,145.0,123.38443629654633,123.38443629654633,9.595143655952889
single-blocker,3,444,known,128,0.0,42.0,194.0,151.79706686460958,151.79706686460958,10.184610111679552
single-blocker,3,444,known,160,0.0,52.5,245.0,177.87920867580334,177.87920867580334,10.66323425952466
single-blocker,3,444,known,192,0.0,63.0,294.0,200.21819354516336,200.21819354516336,11.02938311744606
single-blocker,3,444,known,224,0.0,73.5,342.0,220.23546565453725,220.23546565453725,11.33028492948649
single-blocker,3,444,known,256,0.0,84.0,393.0,240.25073095089533,240.25073095089533,11.613981228588786
single-blocker,3,444,known,288,0.0,94.5,441.0,257.6811167658417,257.6811167658417,11.842821081802233
single-blocker,3,444,known,320,0.0,105.0,488.0,273.7645302159777,273.7645302159777,12.042173848163156
single-blocker,3,444,known,352,0.0,115.5,539.0,290.6527563047184,290.6527563047184,12.2450738152994
single-blocker,3,444,known,384,0.0,126.0,592.0,307.480340095944,307.480340095944,12.438903541310646
single-blocker,3,444,known,416,0.0,136.5,642.0,322.4837049043002,322.4837049043002,12.60223516378734
single-blocker,3,444,known,448,0.0,147.0,690.0,336.2218086211876,336.2218086211876,12.74497826309647
single-blocker,3,444,known,480,0.0,157.5,739.0,349.81732131879625,349.81732131879625,12.882071722840328
single-blocker,3,444,known,512,0.0,168.0,786.0,362.32319308386127,362.32319308386127,13.003081253336232
single-blocker,3,444,product,32,0.0,10.5,49.0,48.96821681185914,48.96821681185914,7.40797418866551
single-blocker,3,444,product,64,0.0,21.0,96.0,89.3925730452613,89.3925730452613,8.755511099142288
single-blocker,3,444,product,96,0.0,31.5,145.0,123.38443629654633,123.38443629654633,9.595143655952889
single-blocker,3,444,product,128,0.0,42.0,194.0,151.79706686460958,151.79706686460958,10.184610111679552
single-blocker,3,444,product,160,0.0,52.5,245.0,177.87920867580334,177.87920867580334,10.66323425952466
single-blocker,3,444,product,192,0.0,63.0,294.0,200.21819354516336,200.21819354516336,11.02938311744606
single-blocker,3,444,product,224,0.0,73.5,342.0,220.23546565453725,220.23546565453725,11.33028492948649
single-blocker,3,444,product,256,0.0,84.0,393.0,240.25073095089533,240.25073095089533,11.613981228588786
single-blocker,3,444,product,288,0.0,94.5,441.0,257.6811167658417,257.6811167658417,11.842821081802233
single-blocker,3,444,product,320,0.0,105.0,488.0,273.7645302159777,273.7645302159777,12.042173848163156
single-blocker,3,444,product,352,0.0,115.5,539.0,290.6527563047184,290.6527563047184,12.2450738152994
single-blocker,3,444,product,384,0.0,126.0,592.0,307.480340095944,307.480340095944,12.438903541310646
single-blocker,3,444,product,416,0.0,136.5,642.0,322.4837049043002,322.4837049043002,12.60223516378734
single-blocker,3,444,product,448,0.0,147.0,690.0,336.2218086211876,336.2218086211876,12.74497826309647
single-blocker,3,444,product,480,0.0,157.5,739.0,349.81732131879625,349.81732131879625,12.882071722840328
single-blocker,3,444,product,512,0.0,168.0,786.0,362.32319308386127,362.32319308386127,13.003081253336232
outcome-lag-64,5,444,prefix,32,0.0,19.25,64.0,64.0,64.0,33.9327851122713
outcome-lag-64,5,444,prefix,64,0.0,38.5,128.0,128.0,128.0,68.8481468224978
outcome-lag-64,5,444,prefix,96,0.0,57.75,191.8135504403703,190.6716474454367,190.6716474454367,98.00972742276493
outcome-lag-64,5,444,prefix,128,0.0,77.0,247.30764040613775,247.39374689542137,245.45225019912073,121.5105379381253
outcome-lag-64,5,444,prefix,160,0.0,96.25,292.7936038927389,297.09867487385367,290.7011517791655,138.69275347910911
outcome-lag-64,5,444,prefix,192,0.0,115.5,330.80522665214335,340.5793199023311,328.71277453857,151.71184984878442
outcome-lag-64,5,444,prefix,224,0.0,134.75,364.9536330858627,381.6675317287304,362.86118097228933,164.35907125557574
outcome-lag-64,5,444,prefix,256,0.0,154.0,395.34689373855423,417.92081334128346,393.25444162498087,174.48568776482367
outcome-lag-64,5,444,prefix,288,0.0,173.25,423.44708549916515,451.25298890197627,421.3546333855918,183.19916176829074
outcome-lag-64,5,444,prefix,320,0.0,192.5,449.69065423785503,482.24958121381894,447.59820212428167,190.8299224330979
outcome-lag-64,5,444,prefix,352,0.0,211.75,474.3149685177998,511.4094971939391,472.22251640422644,197.77753773369187
outcome-lag-64,5,444,prefix,384,0.0,231.0,497.54550574267176,538.7603632439736,495.4530536290984,203.97704863712283
outcome-lag-64,5,444,prefix,416,0.0,250.25,519.6171145558939,564.5367585231578,517.5246624423206,209.50259264678314
outcome-lag-64,5,444,prefix,448,0.0,269.5,540.7316300400571,589.5616304530976,538.6391779264839,215.0092683396926
outcome-lag-64,5,444,prefix,480,0.0,288.75,560.8113341112987,613.0385369699208,558.7188819977255,219.84369207584078
outcome-lag-64,5,444,prefix,512,0.0,308.0,580.4306264501664,635.7967151605347,578.3381743365932,224.23391083894805
outcome-lag-64,5,444,intersection,32,0.0,19.25,64.0,64.0,64.0,33.9327851122713
outcome-lag-64,5,444,intersection,64,0.0,38.5,128.0,128.0,128.0,68.8481468224978
outcome-lag-64,5,444,intersection,96,0.0,57.75,191.8135504403703,190.6716474454367,190.6716474454367,98.00972742276493
outcome-lag-64,5,444,intersection,128,0.0,77.0,247.30764040613775,247.39374689542137,245.45225019912073,121.5105379381253
outcome-lag-64,5,444,intersection,160,0.0,96.25,292.7936038927389,297.09867487385367,290.7011517791655,138.69275347910911
outcome-lag-64,5,444,intersection,192,0.0,115.5,330.80522665214335,340.5793199023311,328.71277453857,151.71184984878442
outcome-lag-64,5,444,intersection,224,0.0,134.75,364.9536330858627,381.6675317287304,362.86118097228933,164.35907125557574
outcome-lag-64,5,444,intersection,256,0.0,154.0,395.34689373855423,417.92081334128346,393.25444162498087,174.48568776482367
outcome-lag-64,5,444,intersection,288,0.0,173.25,423.44708549916515,451.25298890197627,421.3546333855918,183.19916176829074
outcome-lag-64,5,444,intersection,320,0.0,192.5,449.69065423785503,482.24958121381894,447.59820212428167,190.8299224330979
outcome-lag-64,5,444,intersection,352,0.0,211.75,474.3149685177998,511.4094971939391,472.22251640422644,197.77753773369187
outcome-lag-64,5,444,intersection,384,0.0,231.0,497.54550574267176,538.7603632439736,495.4530536290984,203.97704863712283
outcome-lag-64,5,444,intersection,416,0.0,250.25,519.6171145558939,564.5367585231578,517.5246624423206,209.50259264678314
outcome-lag-64,5,444,intersection,448,0.0,269.5,540.7316300400571,589.5616304530976,538.6391779264839,215.0092683396926
outcome-lag-64,5,444,intersection,480,0.0,288.75,560.8113341112987,613.0385369699208,558.7188819977255,219.84369207584078
outcome-lag-64,5,444,intersection,512,0.0,308.0,580.4306264501664,635.7967151605347,578.3381743365932,224.23391083894805
outcome-lag-64,5,444,completed,32,0.0,19.25,64.0,64.0,64.0,33.9327851122713
outcome-lag-64,5,444,completed,64,2.501953125,34.2890625,121.0,121.0,121.0,64.45842916183385
outcome-lag-64,5,444,completed,96,3.931640625,51.1328125,180.8135504403703,179.6716474454367,179.6716474454367,90.12301972000401
outcome-lag-64,5,444,completed,128,3.931640625,70.3828125,236.11080518763234,236.28322911980297,234.3417324235023,112.5995374077114
outcome-lag-64,5,444,completed,160,3.931640625,89.6328125,283.2553827344499,286.60884726313657,281.0713893592187,130.47408017614532
outcome-lag-64,5,444,completed,192,3.931640625,108.8828125,322.4292596120151,331.0381702635035,320.2452662367839,143.99585166879015
outcome-lag-64,5,444,completed,224,3.931640625,128.1328125,357.4056428912588,373.0214183216623,355.22164951602764,157.0704793675352
outcome-lag-64,5,444,completed,256,3.931640625,147.3828125,388.3811386724857,409.90160264554174,386.1971452972545,167.45939601163298
outcome-lag-64,5,444,completed,288,3.931640625,166.6328125,416.9346292761753,443.7487758529758,414.75063590094413,176.38548548278078
outcome-lag-64,5,444,completed,320,3.931640625,185.8828125,443.5442080870025,475.1689979764606,441.36021471177133,184.18325953602906
outcome-lag-64,5,444,completed,352,3.931640625,205.1328125,468.4692709277741,504.67649321395857,466.285277552543,191.25885082807991
outcome-lag-64,5,444,completed,384,3.931640625,224.3828125,491.95219444941574,532.3155685392472,489.7682010741846,197.55657465987267
outcome-lag-64,5,444,completed,416,3.931640625,243.6328125,514.2405380176133,558.337685564969,512.0565446423822,203.16107151567124
outcome-lag-64,5,444,completed,448,3.931640625,262.8828125,535.5438072677922,583.5892537516052,533.3598138925611,208.74568155084836
outcome-lag-64,5,444,completed,480,3.931640625,282.1328125,555.7872537629872,607.2615677251988,553.6032603877561,213.64511580379704
outcome-lag-64,5,444,completed,512,3.931640625,301.3828125,575.5561646789024,630.1978472489695,573.3721713036713,218.09032523123534
outcome-lag-64,5,444,plugin,32,2.591796875,13.3984375,57.0,57.0,57.0,31.294767900724686
outcome-lag-64,5,444,plugin,64,5.779296875,22.3984375,106.0,106.0,106.0,56.58781492986436
outcome-lag-64,5,444,plugin,96,6.19140625,39.328125,166.8135504403703,165.6716474454367,165.6716474454367,82.46544347059515
outcome-lag-64,5,444,plugin,128,6.296875,57.3125,221.14675509500717,220.8065191464847,218.86502245018397,106.32641534616702
outcome-lag-64,5,444,plugin,160,6.38671875,75.484375,265.5876024110787,267.64774109433495,262.6539329957153,124.80975348345505
outcome-lag-64,5,444,plugin,192,6.45703125,93.890625,306.63840085587685,312.7875054046194,303.7032969338985,138.99769017469623
outcome-lag-64,5,444,plugin,224,6.5390625,112.15625,343.75418518515147,356.91353795072126,340.81908126317313,153.2555410391814
outcome-lag-64,5,444,plugin,256,6.5390625,131.40625,375.94029162813865,395.10541778176344,373.0051877061603,164.2473912100219
outcome-lag-64,5,444,plugin,288,6.5390625,150.65625,405.44586813537364,430.03460934969127,402.5107642133953,173.63878509244134
outcome-lag-64,5,444,plugin,320,6.5390625,169.90625,432.84613319205715,462.37633155356303,429.9110292700788,181.8156283709207
outcome-lag-64,5,444,plugin,352,6.5390625,189.15625,458.41413078808966,492.6380808955159,455.4790268661113,189.18857680323697
outcome-lag-64,5,444,plugin,384,6.5390625,208.40625,482.40301977288425,520.8615406128044,479.4679158509059,195.69818790854788
outcome-lag-64,5,444,plugin,416,6.5390625,227.65625,505.1108406470903,547.3618401760289,502.17573672511196,201.46313539742795
outcome-lag-64,5,444,plugin,448,6.5390625,246.90625,526.7859465902822,573.0599812862309,523.8508426683037,207.204006953229
outcome-lag-64,5,444,plugin,480,6.5390625,266.15625,547.3081641336684,597.0696766498226,544.3730602116899,212.2186437971981
outcome-lag-64,5,444,plugin,512,6.5390625,285.40625,567.3986985494332,620.3917488667793,564.4635946274548,216.78502508706396
outcome-lag-64,5,444,safe,32,11.4375,0.0,32.0,32.0,32.0,19.221876902833685
outcome-lag-64,5,444,safe,64,22.875,0.0,64.0,64.0,64.0,35.299075481184175
outcome-lag-64,5,444,safe,96,34.3125,0.0,95.81355044037028,94.67164744543666,94.67164744543666,48.09904739503192
outcome-lag-64,5,444,safe,128,45.75,0.0,120.33921529140946,121.00748409173045,119.06598739542981,58.47361382343379
outcome-lag-64,5,444,safe,160,57.1875,0.0,139.18978553518917,142.90015522483304,137.91655763920954,66.31128478901704
outcome-lag-64,5,444,safe,192,68.625,0.0,155.11318990961993,161.20104237007777,153.8399620136403,71.90955972941502
outcome-lag-64,5,444,safe,224,80.0625,0.0,169.12787027737616,177.9995965835315,167.85464238139653,77.02943958473577
outcome-lag-64,5,444,safe,256,91.5,0.0,181.77502985185262,193.5668733124012,180.501801955873,81.72822871191927
outcome-lag-64,5,444,safe,288,102.9375,0.0,193.4383760107264,207.48467688564267,192.16514811474676,85.43938512283572
outcome-lag-64,5,444,safe,320,114.375,0.0,204.28510393116682,220.35663291697077,203.01187603518719,88.65859337954481
outcome-lag-64,5,444,safe,352,125.8125,0.0,214.4663731920959,232.7171882708744,213.19314529611626,91.83885429967043
outcome-lag-64,5,444,safe,384,137.25,0.0,224.11025230205743,244.51306394118308,222.8370244060778,94.86363883993062
outcome-lag-64,5,444,safe,416,148.6875,0.0,233.28030292360134,255.66877356730524,232.0070750276217,97.60717783351656
outcome-lag-64,5,444,safe,448,160.125,0.0,242.04132801062377,266.2927197614229,240.76810011464414,100.13711606782637
outcome-lag-64,5,444,safe,480,171.5625,0.0,250.44435844764993,276.25567587459994,249.1711305516703,102.29064449858602
outcome-lag-64,5,444,safe,512,183.0,0.0,258.5303222316062,285.7977891143119,257.2570943356267,104.27985029197622
outcome-lag-64,5,444,known,32,0.0,19.25,64.0,64.0,64.0,33.9327851122713
outcome-lag-64,5,444,known,64,0.0,38.5,128.0,128.0,128.0,68.8481468224978
outcome-lag-64,5,444,known,96,0.0,57.75,191.8135504403703,190.6716474454367,190.6716474454367,98.00972742276493
outcome-lag-64,5,444,known,128,0.0,77.0,247.30764040613775,247.39374689542137,245.45225019912073,121.5105379381253
outcome-lag-64,5,444,known,160,0.0,96.25,292.7936038927389,297.09867487385367,290.7011517791655,138.69275347910911
outcome-lag-64,5,444,known,192,0.0,115.5,330.80522665214335,340.5793199023311,328.71277453857,151.71184984878442
outcome-lag-64,5,444,known,224,0.0,134.75,364.9536330858627,381.6675317287304,362.86118097228933,164.35907125557574
outcome-lag-64,5,444,known,256,0.0,154.0,395.34689373855423,417.92081334128346,393.25444162498087,174.48568776482367
outcome-lag-64,5,444,known,288,0.0,173.25,423.44708549916515,451.25298890197627,421.3546333855918,183.19916176829074
outcome-lag-64,5,444,known,320,0.0,192.5,449.69065423785503,482.24958121381894,447.59820212428167,190.8299224330979
outcome-lag-64,5,444,known,352,0.0,211.75,474.3149685177998,511.4094971939391,472.22251640422644,197.77753773369187
outcome-lag-64,5,444,known,384,0.0,231.0,497.54550574267176,538.7603632439736,495.4530536290984,203.97704863712283
outcome-lag-64,5,444,known,416,0.0,250.25,519.6171145558939,564.5367585231578,517.5246624423206,209.50259264678314
outcome-lag-64,5,444,known,448,0.0,269.5,540.7316300400571,589.5616304530976,538.6391779264839,215.0092683396926
outcome-lag-64,5,444,known,480,0.0,288.75,560.8113341112987,613.0385369699208,558.7188819977255,219.84369207584078
outcome-lag-64,5,444,known,512,0.0,308.0,580.4306264501664,635.7967151605347,578.3381743365932,224.23391083894805
outcome-lag-64,5,444,product,32,9.625,24.75,64.0,64.0,64.0,37.730814888896774
outcome-lag-64,5,444,product,64,19.25,49.5,128.0,128.0,128.0,75.7009582944526
outcome-lag-64,5,444,product,96,28.875,74.25,191.7108943241649,190.6716474454367,190.56899132923127,108.13158524096201
outcome-lag-64,5,444,product,128,38.5,99.0,241.72944631722532,247.85855168298838,240.4562184212457,133.71514356851966
outcome-lag-64,5,444,product,160,48.125,123.75,281.93727581567407,296.8169587141338,280.66404791969444,153.81162969299206
outcome-lag-64,5,444,product,192,57.75,148.5,314.2182948449233,336.7642435566656,312.9450669489437,167.9339598755759
outcome-lag-64,5,444,product,224,67.375,173.25,343.2599310163921,373.60550531689034,341.98670312041247,180.45520526519468
outcome-lag-64,5,444,product,256,77.0,198.0,369.6207669826789,407.736600569761,368.34753908669927,191.98602244927218
outcome-lag-64,5,444,product,288,86.625,222.75,394.50442657552213,438.83235730466623,393.2311986795425,201.34652390255707
outcome-lag-64,5,444,product,320,96.25,247.5,417.8075729798783,467.81736129780285,416.53434508389864,209.51016103188746
outcome-lag-64,5,444,product,352,105.875,272.25,443.1695163875185,498.0153956513307,441.8962884915389,217.09814989650783
outcome-lag-64,5,444,product,384,115.5,297.0,464.1058296580927,523.7678279063289,462.8326017621131,223.97008210266193
outcome-lag-64,5,444,product,416,125.125,321.75,483.4566860962663,547.8102955758956,482.1834582002867,230.20490222601413
outcome-lag-64,5,444,product,448,134.75,346.5,502.0092098636318,571.1471505601126,500.73598196765215,236.34410580424242
outcome-lag-64,5,444,product,480,144.375,371.25,521.3131690720409,594.7494125542271,520.0323853855036,241.93422550316902
outcome-lag-64,5,444,product,512,154.0,396.0,538.4605654809659,615.7580372520808,537.1797817944287,246.88519405308045
single-blocker,5,444,prefix,32,0.0,19.25,64.0,63.96821681185914,63.96821681185914,10.62556395184351
single-blocker,5,444,prefix,64,0.0,38.5,128.0,120.93811359426493,120.93811359426493,12.745810305280944
single-blocker,5,444,prefix,96,0.0,57.75,192.0,167.8806670210237,167.8806670210237,13.98350173175124
single-blocker,5,444,prefix,128,0.0,77.0,256.0,207.68581280883927,207.68581280883927,14.87289885037388
single-blocker,5,444,prefix,160,0.0,96.25,320.0,242.27405909054937,242.27405909054937,15.545042389937654
single-blocker,5,444,prefix,192,0.0,115.5,384.0,273.34102569065885,273.34102569065885,16.0888830003548
single-blocker,5,444,prefix,224,0.0,134.75,448.0,302.25571173965506,302.25571173965506,16.562578629742813
single-blocker,5,444,prefix,256,0.0,154.0,512.0,328.78045585646606,328.78045585646606,16.960657643248805
single-blocker,5,444,prefix,288,0.0,173.25,576.0,353.75305780902954,353.75305780902954,17.314558038586462
single-blocker,5,444,prefix,320,0.0,192.5,640.0,377.43794370720457,377.43794370720457,17.63361228972579
single-blocker,5,444,prefix,352,0.0,211.75,704.0,399.938438042949,399.938438042949,17.92180594594394
single-blocker,5,444,prefix,384,0.0,231.0,768.0,421.3508402521156,421.3508402521156,18.182853008506694
single-blocker,5,444,prefix,416,0.0,250.25,832.0,441.8408994375163,441.8408994375163,18.422060924383302
single-blocker,5,444,prefix,448,0.0,269.5,896.0,461.5814465368104,461.5814465368104,18.644411786647233
single-blocker,5,444,prefix,480,0.0,288.75,960.0,480.42624668645715,480.42624668645715,18.846729155618856
single-blocker,5,444,prefix,512,0.0,308.0,1024.0,498.99168777873734,498.99168777873734,19.04421082039223
single-blocker,5,444,intersection,32,0.0,19.25,64.0,63.96821681185914,63.96821681185914,10.62556395184351
single-blocker,5,444,intersection,64,0.0,38.5,128.0,120.93811359426493,120.93811359426493,12.745810305280944
single-blocker,5,444,intersection,96,0.0,57.75,192.0,167.8806670210237,167.8806670210237,13.98350173175124
single-blocker,5,444,intersection,128,0.0,77.0,256.0,207.68581280883927,207.68581280883927,14.87289885037388
single-blocker,5,444,intersection,160,0.0,96.25,320.0,242.27405909054937,242.27405909054937,15.545042389937654
single-blocker,5,444,intersection,192,0.0,115.5,384.0,273.34102569065885,273.34102569065885,16.0888830003548
single-blocker,5,444,intersection,224,0.0,134.75,448.0,302.25571173965506,302.25571173965506,16.562578629742813
single-blocker,5,444,intersection,256,0.0,154.0,512.0,328.78045585646606,328.78045585646606,16.960657643248805
single-blocker,5,444,intersection,288,0.0,173.25,576.0,353.75305780902954,353.75305780902954,17.314558038586462
single-blocker,5,444,intersection,320,0.0,192.5,640.0,377.43794370720457,377.43794370720457,17.63361228972579
single-blocker,5,444,intersection,352,0.0,211.75,704.0,399.938438042949,399.938438042949,17.92180594594394
single-blocker,5,444,intersection,384,0.0,231.0,768.0,421.3508402521156,421.3508402521156,18.182853008506694
single-blocker,5,444,intersection,416,0.0,250.25,832.0,441.8408994375163,441.8408994375163,18.422060924383302
single-blocker,5,444,intersection,448,0.0,269.5,896.0,461.5814465368104,461.5814465368104,18.644411786647233
single-blocker,5,444,intersection,480,0.0,288.75,960.0,480.42624668645715,480.42624668645715,18.846729155618856
single-blocker,5,444,intersection,512,0.0,308.0,1024.0,498.99168777873734,498.99168777873734,19.04421082039223
single-blocker,5,444,completed,32,0.0,19.25,64.0,63.96821681185914,63.96821681185914,10.62556395184351
single-blocker,5,444,completed,64,0.0,38.5,128.0,120.93811359426493,120.93811359426493,12.745810305280944
single-blocker,5,444,completed,96,0.0,57.75,192.0,167.8806670210237,167.8806670210237,13.98350173175124
single-blocker,5,444,completed,128,0.0,77.0,256.0,207.68581280883927,207.68581280883927,14.87289885037388
single-blocker,5,444,completed,160,0.0,96.25,320.0,242.27405909054937,242.27405909054937,15.545042389937654
single-blocker,5,444,completed,192,0.0,115.5,384.0,273.34102569065885,273.34102569065885,16.0888830003548
single-blocker,5,444,completed,224,0.0,134.75,448.0,302.25571173965506,302.25571173965506,16.562578629742813
single-blocker,5,444,completed,256,0.0,154.0,512.0,328.78045585646606,328.78045585646606,16.960657643248805
single-blocker,5,444,completed,288,0.0,173.25,576.0,353.75305780902954,353.75305780902954,17.314558038586462
single-blocker,5,444,completed,320,0.0,192.5,640.0,377.43794370720457,377.43794370720457,17.63361228972579
single-blocker,5,444,completed,352,0.0,211.75,704.0,399.938438042949,399.938438042949,17.92180594594394
single-blocker,5,444,completed,384,0.0,231.0,768.0,421.3508402521156,421.3508402521156,18.182853008506694
single-blocker,5,444,completed,416,0.0,250.25,832.0,441.8408994375163,441.8408994375163,18.422060924383302
single-blocker,5,444,completed,448,0.0,269.5,896.0,461.5814465368104,461.5814465368104,18.644411786647233
single-blocker,5,444,completed,480,0.0,288.75,960.0,480.42624668645715,480.42624668645715,18.846729155618856
single-blocker,5,444,completed,512,0.0,308.0,1024.0,498.99168777873734,498.99168777873734,19.04421082039223
single-blocker,5,444,plugin,32,0.0,19.25,64.0,63.96821681185914,63.96821681185914,10.62556395184351
single-blocker,5,444,plugin,64,0.0,38.5,128.0,120.93811359426493,120.93811359426493,12.745810305280944
single-blocker,5,444,plugin,96,0.0,57.75,192.0,167.8806670210237,167.8806670210237,13.98350173175124
single-blocker,5,444,plugin,128,0.0,77.0,256.0,207.68581280883927,207.68581280883927,14.87289885037388
single-blocker,5,444,plugin,160,0.0,96.25,320.0,242.27405909054937,242.27405909054937,15.545042389937654
single-blocker,5,444,plugin,192,0.0,115.5,384.0,273.34102569065885,273.34102569065885,16.0888830003548
single-blocker,5,444,plugin,224,0.0,134.75,448.0,302.25571173965506,302.25571173965506,16.562578629742813
single-blocker,5,444,plugin,256,0.0,154.0,512.0,328.78045585646606,328.78045585646606,16.960657643248805
single-blocker,5,444,plugin,288,0.0,173.25,576.0,353.75305780902954,353.75305780902954,17.314558038586462
single-blocker,5,444,plugin,320,0.0,192.5,640.0,377.43794370720457,377.43794370720457,17.63361228972579
single-blocker,5,444,plugin,352,0.0,211.75,704.0,399.938438042949,399.938438042949,17.92180594594394
single-blocker,5,444,plugin,384,0.0,231.0,768.0,421.3508402521156,421.3508402521156,18.182853008506694
single-blocker,5,444,plugin,416,0.0,250.25,832.0,441.8408994375163,441.8408994375163,18.422060924383302
single-blocker,5,444,plugin,448,0.0,269.5,896.0,461.5814465368104,461.5814465368104,18.644411786647233
single-blocker,5,444,plugin,480,0.0,288.75,960.0,480.42624668645715,480.42624668645715,18.846729155618856
single-blocker,5,444,plugin,512,0.0,308.0,1024.0,498.99168777873734,498.99168777873734,19.04421082039223
single-blocker,5,444,safe,32,11.4375,0.0,32.0,31.968216811859147,31.968216811859147,4.02724519543652
single-blocker,5,444,safe,64,22.875,0.0,64.0,57.42435623340214,57.42435623340214,4.7282659037057675
single-blocker,5,444,safe,96,34.3125,0.0,96.0,76.78319682780861,76.78319682780861,5.136346480888775
single-blocker,5,444,safe,128,45.75,0.0,128.0,93.03345515740088,93.03345515740088,5.425334592589174
single-blocker,5,444,safe,160,57.1875,0.0,160.0,107.31238195727079,107.31238195727079,5.649261224939744
single-blocker,5,444,safe,192,68.625,0.0,192.0,120.1978375468853,120.1978375468853,5.832104609707439
single-blocker,5,444,safe,224,80.0625,0.0,224.0,132.0310352083931,132.0310352083931,5.986627913082163
single-blocker,5,444,safe,256,91.5,0.0,256.0,143.03333360981438,143.03333360981438,6.120438712817281
single-blocker,5,444,safe,288,102.9375,0.0,288.0,153.35798108855585,153.35798108855585,6.238439029233648
single-blocker,5,444,safe,320,114.375,0.0,320.0,163.1162631808352,163.1162631808352,6.343973346894013
single-blocker,5,444,safe,352,125.8125,0.0,352.0,172.39200998111025,172.39200998111025,6.43942571339101
single-blocker,5,444,safe,384,137.25,0.0,384.0,181.25023096678382,181.25023096678382,6.5265555690159704
single-blocker,5,444,safe,416,148.6875,0.0,416.0,189.74254455085054,189.74254455085054,6.6066985205464555
single-blocker,5,444,safe,448,160.125,0.0,448.0,197.91074640079475,197.91074640079475,6.680892410683006
single-blocker,5,444,safe,480,171.5625,0.0,480.0,205.78924141297622,205.78924141297622,6.7499597404471405
single-blocker,5,444,safe,512,183.0,0.0,512.0,213.40675252840046,213.40675252840046,6.81456340954972
single-blocker,5,444,known,32,0.0,19.25,64.0,63.96821681185914,63.96821681185914,10.62556395184351
single-blocker,5,444,known,64,0.0,38.5,128.0,120.93811359426493,120.93811359426493,12.745810305280944
single-blocker,5,444,known,96,0.0,57.75,192.0,167.8806670210237,167.8806670210237,13.98350173175124
single-blocker,5,444,known,128,0.0,77.0,256.0,207.68581280883927,207.68581280883927,14.87289885037388
single-blocker,5,444,known,160,0.0,96.25,320.0,242.27405909054937,242.27405909054937,15.545042389937654
single-blocker,5,444,known,192,0.0,115.5,384.0,273.34102569065885,273.34102569065885,16.0888830003548
single-blocker,5,444,known,224,0.0,134.75,448.0,302.25571173965506,302.25571173965506,16.562578629742813
single-blocker,5,444,known,256,0.0,154.0,512.0,328.78045585646606,328.78045585646606,16.960657643248805
single-blocker,5,444,known,288,0.0,173.25,576.0,353.75305780902954,353.75305780902954,17.314558038586462
single-blocker,5,444,known,320,0.0,192.5,640.0,377.43794370720457,377.43794370720457,17.63361228972579
single-blocker,5,444,known,352,0.0,211.75,704.0,399.938438042949,399.938438042949,17.92180594594394
single-blocker,5,444,known,384,0.0,231.0,768.0,421.3508402521156,421.3508402521156,18.182853008506694
single-blocker,5,444,known,416,0.0,250.25,832.0,441.8408994375163,441.8408994375163,18.422060924383302
single-blocker,5,444,known,448,0.0,269.5,896.0,461.5814465368104,461.5814465368104,18.644411786647233
single-blocker,5,444,known,480,0.0,288.75,960.0,480.42624668645715,480.42624668645715,18.846729155618856
single-blocker,5,444,known,512,0.0,308.0,1024.0,498.99168777873734,498.99168777873734,19.04421082039223
single-blocker,5,444,product,32,9.625,24.75,64.0,63.960661021301576,63.960661021301576,8.02223232635691
single-blocker,5,444,product,64,19.25,49.5,128.0,115.798690197487,115.798690197487,10.908136316657513
single-blocker,5,444,product,96,28.875,74.25,192.0,155.35037064716926,155.35037064716926,12.063239428059642
single-blocker,5,444,product,128,38.5,99.0,256.0,189.19365502071466,189.19365502071466,13.085800676085825
single-blocker,5,444,product,160,48.125,123.75,320.0,220.8960453380293,220.8960453380293,14.15603199148924
single-blocker,5,444,product,192,57.75,148.5,384.0,247.09898859172458,247.09898859172458,14.534020585236695
single-blocker,5,444,product,224,67.375,173.25,448.0,271.73202213899646,271.73202213899646,14.937946852811894
single-blocker,5,444,product,256,77.0,198.0,512.0,294.6862208298242,294.6862208298242,15.291867474846395
single-blocker,5,444,product,288,86.625,222.75,576.0,316.9528164808694,316.9528164808694,15.674856195919487
single-blocker,5,444,product,320,96.25,247.5,640.0,338.1133268865928,338.1133268865928,16.01399973783688
single-blocker,5,444,product,352,105.875,272.25,704.0,361.8696366669276,361.8696366669276,16.542421332931823
single-blocker,5,444,product,384,115.5,297.0,768.0,381.3332471493254,381.3332471493254,16.798865099818958
single-blocker,5,444,product,416,125.125,321.75,832.0,399.3426569432533,399.3426569432533,17.00062734753249
single-blocker,5,444,product,448,134.75,346.5,896.0,416.6912725561851,416.6912725561851,17.188628591512664
single-blocker,5,444,product,480,144.375,371.25,960.0,434.9428576847679,434.9428576847679,17.428071424907703
single-blocker,5,444,product,512,154.0,396.0,1024.0,451.1642107532355,451.1642107532355,17.591768345433405
outcome-lag-64,7,444,prefix,32,0.0,17.25,64.0,64.0,64.0,38.73270821372152
outcome-lag-64,7,444,prefix,64,0.0,34.5,128.0,128.0,128.0,74.5772345862863
outcome-lag-64,7,444,prefix,96,0.0,51.75,191.7740581516024,192.0,191.7740581516024,106.88875944535228
outcome-lag-64,7,444,prefix,128,0.0,69.0,248.05363195204896,252.25623909487035,248.02338023895769,131.02971537693645
outcome-lag-64,7,444,prefix,160,0.0,86.25,293.808317359541,303.98894622012216,293.7780656464497,148.82818823324857
outcome-lag-64,7,444,prefix,192,0.0,103.5,332.35252638942404,348.11699731763656,332.32227467633277,162.19631110762478
outcome-lag-64,7,444,prefix,224,0.0,120.75,366.4685178518742,388.07944905758865,366.4382661387829,173.9275776909578
outcome-lag-64,7,444,prefix,256,0.0,138.0,397.1161383804556,424.2443723503709,397.0858866673643,183.85784631458625
outcome-lag-64,7,444,prefix,288,0.0,155.25,425.3322746358544,457.8010425383185,425.3020229227631,192.8840067507303
outcome-lag-64,7,444,prefix,320,0.0,172.5,451.54081439870646,488.841515018418,451.5105626856152,200.5869476015147
outcome-lag-64,7,444,prefix,352,0.0,189.75,476.2174096238408,517.9798267153272,476.18715791074953,207.4941796262032
outcome-lag-64,7,444,prefix,384,0.0,207.0,499.3826635749224,545.3278847405384,499.3524118618311,213.7539015159321
outcome-lag-64,7,444,prefix,416,0.0,224.25,521.5753604377851,571.482656757749,521.5451087246938,219.53112193905653
outcome-lag-64,7,444,prefix,448,0.0,241.5,542.5892337256389,596.8782420890266,542.5589820125476,225.5282002135946
outcome-lag-64,7,444,prefix,480,0.0,258.75,562.9219595424123,620.6869230208182,562.891707829321,230.4272046850763
outcome-lag-64,7,444,prefix,512,0.0,276.0,582.3980037139842,643.3157040688901,582.3677520008929,234.8437145245401
outcome-lag-64,7,444,intersection,32,0.0,17.25,64.0,64.0,64.0,38.73270821372152
outcome-lag-64,7,444,intersection,64,0.0,34.5,128.0,128.0,128.0,74.5772345862863
outcome-lag-64,7,444,intersection,96,0.0,51.75,191.7740581516024,192.0,191.7740581516024,106.88875944535228
outcome-lag-64,7,444,intersection,128,0.0,69.0,248.05363195204896,252.25623909487035,248.02338023895769,131.02971537693645
outcome-lag-64,7,444,intersection,160,0.0,86.25,293.808317359541,303.98894622012216,293.7780656464497,148.82818823324857
outcome-lag-64,7,444,intersection,192,0.0,103.5,332.35252638942404,348.11699731763656,332.32227467633277,162.19631110762478
outcome-lag-64,7,444,intersection,224,0.0,120.75,366.4685178518742,388.07944905758865,366.4382661387829,173.9275776909578
outcome-lag-64,7,444,intersection,256,0.0,138.0,397.1161383804556,424.2443723503709,397.0858866673643,183.85784631458625
outcome-lag-64,7,444,intersection,288,0.0,155.25,425.3322746358544,457.8010425383185,425.3020229227631,192.8840067507303
outcome-lag-64,7,444,intersection,320,0.0,172.5,451.54081439870646,488.841515018418,451.5105626856152,200.5869476015147
outcome-lag-64,7,444,intersection,352,0.0,189.75,476.2174096238408,517.9798267153272,476.18715791074953,207.4941796262032
outcome-lag-64,7,444,intersection,384,0.0,207.0,499.3826635749224,545.3278847405384,499.3524118618311,213.7539015159321
outcome-lag-64,7,444,intersection,416,0.0,224.25,521.5753604377851,571.482656757749,521.5451087246938,219.53112193905653
outcome-lag-64,7,444,intersection,448,0.0,241.5,542.5892337256389,596.8782420890266,542.5589820125476,225.5282002135946
outcome-lag-64,7,444,intersection,480,0.0,258.75,562.9219595424123,620.6869230208182,562.891707829321,230.4272046850763
outcome-lag-64,7,444,intersection,512,0.0,276.0,582.3980037139842,643.3157040688901,582.3677520008929,234.8437145245401
outcome-lag-64,7,444,completed,32,0.0,17.25,64.0,64.0,64.0,38.73270821372152
outcome-lag-64,7,444,completed,64,0.0,34.5,128.0,128.0,128.0,74.5772345862863
outcome-lag-64,7,444,completed,96,0.0,51.75,191.7740581516024,192.0,191.7740581516024,106.88875944535228
outcome-lag-64,7,444,completed,128,0.0,69.0,248.05363195204896,252.25623909487035,248.02338023895769,131.02971537693645
outcome-lag-64,7,444,completed,160,0.0,86.25,293.808317359541,303.98894622012216,293.7780656464497,148.82818823324857
outcome-lag-64,7,444,completed,192,0.0,103.5,332.35252638942404,348.11699731763656,332.32227467633277,162.19631110762478
outcome-lag-64,7,444,completed,224,0.0,120.75,366.4685178518742,388.07944905758865,366.4382661387829,173.9275776909578
outcome-lag-64,7,444,completed,256,0.0,138.0,397.1161383804556,424.2443723503709,397.0858866673643,183.85784631458625
outcome-lag-64,7,444,completed,288,0.0,155.25,425.3322746358544,457.8010425383185,425.3020229227631,192.8840067507303
outcome-lag-64,7,444,completed,320,0.0,172.5,451.54081439870646,488.841515018418,451.5105626856152,200.5869476015147
outcome-lag-64,7,444,completed,352,0.0,189.75,476.2174096238408,517.9798267153272,476.18715791074953,207.4941796262032
outcome-lag-64,7,444,completed,384,0.0,207.0,499.3826635749224,545.3278847405384,499.3524118618311,213.7539015159321
outcome-lag-64,7,444,completed,416,0.0,224.25,521.5753604377851,571.482656757749,521.5451087246938,219.53112193905653
outcome-lag-64,7,444,completed,448,0.0,241.5,542.5892337256389,596.8782420890266,542.5589820125476,225.5282002135946
outcome-lag-64,7,444,completed,480,0.0,258.75,562.9219595424123,620.6869230208182,562.891707829321,230.4272046850763
outcome-lag-64,7,444,completed,512,0.0,276.0,582.3980037139842,643.3157040688901,582.3677520008929,234.8437145245401
outcome-lag-64,7,444,plugin,32,6.826171875,7.3671875,46.0,46.0,46.0,27.764038239904483
outcome-lag-64,7,444,plugin,64,8.138671875,12.8671875,87.0,87.0,87.0,53.406443283618984
outcome-lag-64,7,444,plugin,96,9.095703125,22.6328125,135.7740581516024,136.0,135.7740581516024,79.23561330693495
outcome-lag-64,7,444,plugin,128,10.0390625,29.1875,176.39358809985836,180.54587877029303,176.39358809985836,99.1097567131882
outcome-lag-64,7,444,plugin,160,10.203125,44.46875,225.28243945195848,232.95955011989324,225.28243945195848,117.51679143815394
outcome-lag-64,7,444,plugin,192,10.61328125,56.796875,265.5627838665809,277.41978270468803,265.5627838665809,132.4201648493763
outcome-lag-64,7,444,plugin,224,10.83203125,71.421875,303.60437316168037,320.58748214543533,303.60437316168037,146.13445773808837
outcome-lag-64,7,444,plugin,256,10.83203125,88.671875,340.7810537562908,363.0351845582589,340.7810537562908,158.33260085771636
outcome-lag-64,7,444,plugin,288,10.83203125,105.921875,373.1816889157798,400.919795346713,373.1816889157798,169.06834041200403
outcome-lag-64,7,444,plugin,320,10.83203125,123.171875,404.2284650836618,436.8904761772402,404.2284650836618,178.62303076071825
outcome-lag-64,7,444,plugin,352,10.83203125,140.421875,433.22335664850345,470.341202543599,433.22335664850345,187.150121787919
outcome-lag-64,7,444,plugin,384,10.83203125,157.671875,458.6571175107607,500.0556820677708,458.6571175107607,194.24440831645464
outcome-lag-64,7,444,plugin,416,10.83203125,174.921875,483.502172325014,529.1676309324303,483.502172325014,201.0436888464812
outcome-lag-64,7,444,plugin,448,10.83203125,192.171875,505.8249954502514,556.1473966396766,505.8249954502514,207.6275571498728
outcome-lag-64,7,444,plugin,480,10.83203125,209.421875,527.997850340665,582.0614334591611,527.997850340665,213.19338284246234
outcome-lag-64,7,444,plugin,512,10.83203125,226.671875,548.8446179716573,606.203956288846,548.8446179716573,218.03645830169606
outcome-lag-64,7,444,safe,32,15.6875,0.0,32.0,32.0,32.0,19.23586363672988
outcome-lag-64,7,444,safe,64,31.375,0.0,64.0,64.0,64.0,39.264523357140256
outcome-lag-64,7,444,safe,96,47.0625,0.0,95.77405815160233,96.0,95.77405815160233,56.84594466929791
outcome-lag-64,7,444,safe,128,62.75,0.0,120.39358809985845,124.54587877029303,120.39358809985845,69.46395886952433
outcome-lag-64,7,444,safe,160,78.4375,0.0,139.28966537716818,146.95955011989327,139.28966537716818,77.82263005160523
outcome-lag-64,7,444,safe,192,94.125,0.0,155.16670223404046,165.59640382870097,155.16670223404046,83.75687155556602
outcome-lag-64,7,444,safe,224,109.8125,0.0,169.17476012452954,182.25574872204444,169.17476012452954,88.73754209077636
outcome-lag-64,7,444,safe,256,125.5,0.0,181.85347761655274,197.00875141804383,181.85347761655274,92.62205718508955
outcome-lag-64,7,444,safe,288,141.1875,0.0,193.49473217110997,210.21149800259184,193.49473217110997,95.61815660731249
outcome-lag-64,7,444,safe,320,156.875,0.0,204.33924783275435,222.99674019237278,204.33924783275435,98.75065102247434
outcome-lag-64,7,444,safe,352,172.5625,0.0,214.5188028827482,235.37870563562493,214.5188028827482,101.95232203194843
outcome-lag-64,7,444,safe,384,188.25,0.0,224.15834124582085,246.95246549473987,224.15834124582085,104.7549907610147
outcome-lag-64,7,444,safe,416,203.9375,0.0,233.32721157468592,257.80509631407523,233.32721157468592,107.1954509478139
outcome-lag-64,7,444,safe,448,219.625,0.0,242.0823537694925,268.18620249449435,242.0823537694925,109.48254916842511
outcome-lag-64,7,444,safe,480,235.3125,0.0,250.48679385736554,278.0616587358312,250.48679385736554,111.54857772734451
outcome-lag-64,7,444,safe,512,251.0,0.0,258.5662616755973,287.55059836177804,258.5662616755973,113.48460990696971
outcome-lag-64,7,444,known,32,0.0,17.25,64.0,64.0,64.0,38.73270821372152
outcome-lag-64,7,444,known,64,0.0,34.5,128.0,128.0,128.0,74.5772345862863
outcome-lag-64,7,444,known,96,0.0,51.75,191.7740581516024,192.0,191.7740581516024,106.88875944535228
outcome-lag-64,7,444,known,128,0.0,69.0,248.05363195204896,252.25623909487035,248.02338023895769,131.02971537693645
outcome-lag-64,7,444,known,160,0.0,86.25,293.808317359541,303.98894622012216,293.7780656464497,148.82818823324857
outcome-lag-64,7,444,known,192,0.0,103.5,332.35252638942404,348.11699731763656,332.32227467633277,162.19631110762478
outcome-lag-64,7,444,known,224,0.0,120.75,366.4685178518742,388.07944905758865,366.4382661387829,173.9275776909578
outcome-lag-64,7,444,known,256,0.0,138.0,397.1161383804556,424.2443723503709,397.0858866673643,183.85784631458625
outcome-lag-64,7,444,known,288,0.0,155.25,425.3322746358544,457.8010425383185,425.3020229227631,192.8840067507303
outcome-lag-64,7,444,known,320,0.0,172.5,451.54081439870646,488.841515018418,451.5105626856152,200.5869476015147
outcome-lag-64,7,444,known,352,0.0,189.75,476.2174096238408,517.9798267153272,476.18715791074953,207.4941796262032
outcome-lag-64,7,444,known,384,0.0,207.0,499.3826635749224,545.3278847405384,499.3524118618311,213.7539015159321
outcome-lag-64,7,444,known,416,0.0,224.25,521.5753604377851,571.482656757749,521.5451087246938,219.53112193905653
outcome-lag-64,7,444,known,448,0.0,241.5,542.5892337256389,596.8782420890266,542.5589820125476,225.5282002135946
outcome-lag-64,7,444,known,480,0.0,258.75,562.9219595424123,620.6869230208182,562.891707829321,230.4272046850763
outcome-lag-64,7,444,known,512,0.0,276.0,582.3980037139842,643.3157040688901,582.3677520008929,234.8437145245401
outcome-lag-64,7,444,product,32,0.0,17.25,64.0,64.0,64.0,38.73270821372152
outcome-lag-64,7,444,product,64,0.0,34.5,128.0,128.0,128.0,74.5772345862863
outcome-lag-64,7,444,product,96,0.0,51.75,191.7740581516024,192.0,191.7740581516024,106.88875944535228
outcome-lag-64,7,444,product,128,0.0,69.0,248.05363195204896,252.25623909487035,248.02338023895769,131.02971537693645
outcome-lag-64,7,444,product,160,0.0,86.25,293.808317359541,303.98894622012216,293.7780656464497,148.82818823324857
outcome-lag-64,7,444,product,192,0.0,103.5,332.35252638942404,348.11699731763656,332.32227467633277,162.19631110762478
outcome-lag-64,7,444,product,224,0.0,120.75,366.4685178518742,388.07944905758865,366.4382661387829,173.9275776909578
outcome-lag-64,7,444,product,256,0.0,138.0,397.1161383804556,424.2443723503709,397.0858866673643,183.85784631458625
outcome-lag-64,7,444,product,288,0.0,155.25,425.3322746358544,457.8010425383185,425.3020229227631,192.8840067507303
outcome-lag-64,7,444,product,320,0.0,172.5,451.54081439870646,488.841515018418,451.5105626856152,200.5869476015147
outcome-lag-64,7,444,product,352,0.0,189.75,476.2174096238408,517.9798267153272,476.18715791074953,207.4941796262032
outcome-lag-64,7,444,product,384,0.0,207.0,499.3826635749224,545.3278847405384,499.3524118618311,213.7539015159321
outcome-lag-64,7,444,product,416,0.0,224.25,521.5753604377851,571.482656757749,521.5451087246938,219.53112193905653
outcome-lag-64,7,444,product,448,0.0,241.5,542.5892337256389,596.8782420890266,542.5589820125476,225.5282002135946
outcome-lag-64,7,444,product,480,0.0,258.75,562.9219595424123,620.6869230208182,562.891707829321,230.4272046850763
outcome-lag-64,7,444,product,512,0.0,276.0,582.3980037139842,643.3157040688901,582.3677520008929,234.8437145245401
single-blocker,7,444,prefix,32,0.0,17.25,64.0,63.96821681185914,63.96821681185914,10.625563951843512
single-blocker,7,444,prefix,64,0.0,34.5,128.0,121.29725752745716,121.29725752745716,12.778717927032377
single-blocker,7,444,prefix,96,0.0,51.75,192.0,167.88066702102378,167.88066702102378,13.983501731751243
single-blocker,7,444,prefix,128,0.0,69.0,256.0,207.53230608802602,207.53230608802602,14.86586806919559
single-blocker,7,444,prefix,160,0.0,86.25,320.0,242.4254244840638,242.4254244840638,15.551256556744384
single-blocker,7,444,prefix,192,0.0,103.5,384.0,273.73790644675864,273.73790644675864,16.103810296300967
single-blocker,7,444,prefix,224,0.0,120.75,448.0,302.4340746455156,302.4340746455156,16.568793338438923
single-blocker,7,444,prefix,256,0.0,138.0,512.0,329.0700591678755,329.0700591678755,16.97012319164513
single-blocker,7,444,prefix,288,0.0,155.25,576.0,353.9511222381689,353.9511222381689,17.320676510135147
single-blocker,7,444,prefix,320,0.0,172.5,640.0,377.60653466820503,377.60653466820503,17.638557310856086
single-blocker,7,444,prefix,352,0.0,189.75,704.0,400.1261148140381,400.1261148140381,17.927057784468456
single-blocker,7,444,prefix,384,0.0,207.0,768.0,421.4735389446021,421.4735389446021,18.186145779550422
single-blocker,7,444,prefix,416,0.0,224.25,832.0,442.09352500717074,442.09352500717074,18.42858024803327
single-blocker,7,444,prefix,448,0.0,241.5,896.0,461.71109276446185,461.71109276446185,18.64764094858475
single-blocker,7,444,prefix,480,0.0,258.75,960.0,480.8295765876008,480.8295765876008,18.856448311413875
single-blocker,7,444,prefix,512,0.0,276.0,1024.0,499.23529499094764,499.23529499094764,19.049895506152822
single-blocker,7,444,intersection,32,0.0,17.25,64.0,63.96821681185914,63.96821681185914,10.625563951843512
single-blocker,7,444,intersection,64,0.0,34.5,128.0,121.29725752745716,121.29725752745716,12.778717927032377
single-blocker,7,444,intersection,96,0.0,51.75,192.0,167.88066702102378,167.88066702102378,13.983501731751243
single-blocker,7,444,intersection,128,0.0,69.0,256.0,207.53230608802602,207.53230608802602,14.86586806919559
single-blocker,7,444,intersection,160,0.0,86.25,320.0,242.4254244840638,242.4254244840638,15.551256556744384
single-blocker,7,444,intersection,192,0.0,103.5,384.0,273.73790644675864,273.73790644675864,16.103810296300967
single-blocker,7,444,intersection,224,0.0,120.75,448.0,302.4340746455156,302.4340746455156,16.568793338438923
single-blocker,7,444,intersection,256,0.0,138.0,512.0,329.0700591678755,329.0700591678755,16.97012319164513
single-blocker,7,444,intersection,288,0.0,155.25,576.0,353.9511222381689,353.9511222381689,17.320676510135147
single-blocker,7,444,intersection,320,0.0,172.5,640.0,377.60653466820503,377.60653466820503,17.638557310856086
single-blocker,7,444,intersection,352,0.0,189.75,704.0,400.1261148140381,400.1261148140381,17.927057784468456
single-blocker,7,444,intersection,384,0.0,207.0,768.0,421.4735389446021,421.4735389446021,18.186145779550422
single-blocker,7,444,intersection,416,0.0,224.25,832.0,442.09352500717074,442.09352500717074,18.42858024803327
single-blocker,7,444,intersection,448,0.0,241.5,896.0,461.71109276446185,461.71109276446185,18.64764094858475
single-blocker,7,444,intersection,480,0.0,258.75,960.0,480.8295765876008,480.8295765876008,18.856448311413875
single-blocker,7,444,intersection,512,0.0,276.0,1024.0,499.23529499094764,499.23529499094764,19.049895506152822
single-blocker,7,444,completed,32,0.0,17.25,64.0,63.96821681185914,63.96821681185914,10.625563951843512
single-blocker,7,444,completed,64,0.0,34.5,128.0,121.29725752745716,121.29725752745716,12.778717927032377
single-blocker,7,444,completed,96,0.0,51.75,192.0,167.88066702102378,167.88066702102378,13.983501731751243
single-blocker,7,444,completed,128,0.0,69.0,256.0,207.53230608802602,207.53230608802602,14.86586806919559
single-blocker,7,444,completed,160,0.0,86.25,320.0,242.4254244840638,242.4254244840638,15.551256556744384
single-blocker,7,444,completed,192,0.0,103.5,384.0,273.73790644675864,273.73790644675864,16.103810296300967
single-blocker,7,444,completed,224,0.0,120.75,448.0,302.4340746455156,302.4340746455156,16.568793338438923
single-blocker,7,444,completed,256,0.0,138.0,512.0,329.0700591678755,329.0700591678755,16.97012319164513
single-blocker,7,444,completed,288,0.0,155.25,576.0,353.9511222381689,353.9511222381689,17.320676510135147
single-blocker,7,444,completed,320,0.0,172.5,640.0,377.60653466820503,377.60653466820503,17.638557310856086
single-blocker,7,444,completed,352,0.0,189.75,704.0,400.1261148140381,400.1261148140381,17.927057784468456
single-blocker,7,444,completed,384,0.0,207.0,768.0,421.4735389446021,421.4735389446021,18.186145779550422
single-blocker,7,444,completed,416,0.0,224.25,832.0,442.09352500717074,442.09352500717074,18.42858024803327
single-blocker,7,444,completed,448,0.0,241.5,896.0,461.71109276446185,461.71109276446185,18.64764094858475
single-blocker,7,444,completed,480,0.0,258.75,960.0,480.8295765876008,480.8295765876008,18.856448311413875
single-blocker,7,444,completed,512,0.0,276.0,1024.0,499.23529499094764,499.23529499094764,19.049895506152822
single-blocker,7,444,plugin,32,1.203125,15.875,61.0,60.96821681185914,60.96821681185914,10.395765972045533
single-blocker,7,444,plugin,64,2.078125,22.625,104.0,97.42435623340215,97.42435623340215,11.584405196640398
single-blocker,7,444,plugin,96,2.953125,29.375,146.0,126.17546235480968,126.17546235480968,12.293216748152386
single-blocker,7,444,plugin,128,3.828125,36.125,194.0,155.14529076796745,155.14529076796745,12.929733240301701
single-blocker,7,444,plugin,160,4.703125,42.875,245.0,182.23440441175862,182.23440441175862,13.452738262614199
single-blocker,7,444,plugin,192,5.578125,49.625,295.0,205.76501136624586,205.76501136624586,13.854632477513222
single-blocker,7,444,plugin,224,6.453125,56.375,348.0,228.7424936953058,228.7424936953058,14.215768345731977
single-blocker,7,444,plugin,256,7.328125,63.125,398.0,248.47763936651052,248.47763936651052,14.497998305051514
single-blocker,7,444,plugin,288,8.203125,69.875,452.0,268.68111676584164,268.68111676584164,14.771789335770498
single-blocker,7,444,plugin,320,9.078125,76.625,500.0,285.17578091577997,285.17578091577997,14.977094483083798
single-blocker,7,444,plugin,352,9.953125,83.375,546.0,300.08405065527654,300.08405065527654,15.152361056293229
single-blocker,7,444,plugin,384,10.828125,90.125,599.0,316.99502881338276,316.99502881338276,15.348406498907675
single-blocker,7,444,plugin,416,11.703125,96.875,645.0,330.6236792309935,330.6236792309935,15.49508217072739
single-blocker,7,444,plugin,448,12.578125,103.625,700.0,346.8792665932461,346.8792665932461,15.669797139471376
single-blocker,7,444,plugin,480,13.453125,110.375,747.0,359.8225750227911,359.8225750227911,15.799366707232684
single-blocker,7,444,plugin,512,14.328125,117.125,797.0,373.3231930838611,373.3231930838611,15.932049507304491
single-blocker,7,444,safe,32,15.6875,0.0,32.0,31.968216811859147,31.968216811859147,4.02724519543652
single-blocker,7,444,safe,64,31.375,0.0,64.0,57.42435623340214,57.42435623340214,4.7282659037057675
single-blocker,7,444,safe,96,47.0625,0.0,96.0,76.78319682780861,76.78319682780861,5.136346480888775
single-blocker,7,444,safe,128,62.75,0.0,128.0,93.03345515740088,93.03345515740088,5.425334592589174
single-blocker,7,444,safe,160,78.4375,0.0,160.0,107.31238195727079,107.31238195727079,5.649261224939744
single-blocker,7,444,safe,192,94.125,0.0,192.0,120.1978375468853,120.1978375468853,5.832104609707439
single-blocker,7,444,safe,224,109.8125,0.0,224.0,132.0310352083931,132.0310352083931,5.986627913082163
single-blocker,7,444,safe,256,125.5,0.0,256.0,143.03333360981438,143.03333360981438,6.120438712817281
single-blocker,7,444,safe,288,141.1875,0.0,288.0,153.35798108855585,153.35798108855585,6.238439029233648
single-blocker,7,444,safe,320,156.875,0.0,320.0,163.1162631808352,163.1162631808352,6.343973346894013
single-blocker,7,444,safe,352,172.5625,0.0,352.0,172.39200998111025,172.39200998111025,6.43942571339101
single-blocker,7,444,safe,384,188.25,0.0,384.0,181.25023096678382,181.25023096678382,6.5265555690159704
single-blocker,7,444,safe,416,203.9375,0.0,416.0,189.74254455085054,189.74254455085054,6.6066985205464555
single-blocker,7,444,safe,448,219.625,0.0,448.0,197.91074640079475,197.91074640079475,6.680892410683006
single-blocker,7,444,safe,480,235.3125,0.0,480.0,205.78924141297622,205.78924141297622,6.7499597404471405
single-blocker,7,444,safe,512,251.0,0.0,512.0,213.40675252840046,213.40675252840046,6.81456340954972
single-blocker,7,444,known,32,0.0,17.25,64.0,63.96821681185914,63.96821681185914,10.625563951843512
single-blocker,7,444,known,64,0.0,34.5,128.0,121.29725752745716,121.29725752745716,12.778717927032377
single-blocker,7,444,known,96,0.0,51.75,192.0,167.88066702102378,167.88066702102378,13.983501731751243
single-blocker,7,444,known,128,0.0,69.0,256.0,207.53230608802602,207.53230608802602,14.86586806919559
single-blocker,7,444,known,160,0.0,86.25,320.0,242.4254244840638,242.4254244840638,15.551256556744384
single-blocker,7,444,known,192,0.0,103.5,384.0,273.73790644675864,273.73790644675864,16.103810296300967
single-blocker,7,444,known,224,0.0,120.75,448.0,302.4340746455156,302.4340746455156,16.568793338438923
single-blocker,7,444,known,256,0.0,138.0,512.0,329.0700591678755,329.0700591678755,16.97012319164513
single-blocker,7,444,known,288,0.0,155.25,576.0,353.9511222381689,353.9511222381689,17.320676510135147
single-blocker,7,444,known,320,0.0,172.5,640.0,377.60653466820503,377.60653466820503,17.638557310856086
single-blocker,7,444,known,352,0.0,189.75,704.0,400.1261148140381,400.1261148140381,17.927057784468456
single-blocker,7,444,known,384,0.0,207.0,768.0,421.4735389446021,421.4735389446021,18.186145779550422
single-blocker,7,444,known,416,0.0,224.25,832.0,442.09352500717074,442.09352500717074,18.42858024803327
single-blocker,7,444,known,448,0.0,241.5,896.0,461.71109276446185,461.71109276446185,18.64764094858475
single-blocker,7,444,known,480,0.0,258.75,960.0,480.8295765876008,480.8295765876008,18.856448311413875
single-blocker,7,444,known,512,0.0,276.0,1024.0,499.23529499094764,499.23529499094764,19.049895506152822
single-blocker,7,444,product,32,0.0,17.25,64.0,63.96821681185914,63.96821681185914,10.625563951843512
single-blocker,7,444,product,64,0.0,34.5,128.0,121.29725752745716,121.29725752745716,12.778717927032377
single-blocker,7,444,product,96,0.0,51.75,192.0,167.88066702102378,167.88066702102378,13.983501731751243
single-blocker,7,444,product,128,0.0,69.0,256.0,207.53230608802602,207.53230608802602,14.86586806919559
single-blocker,7,444,product,160,0.0,86.25,320.0,242.4254244840638,242.4254244840638,15.551256556744384
single-blocker,7,444,product,192,0.0,103.5,384.0,273.73790644675864,273.73790644675864,16.103810296300967
single-blocker,7,444,product,224,0.0,120.75,448.0,302.4340746455156,302.4340746455156,16.568793338438923
single-blocker,7,444,product,256,0.0,138.0,512.0,329.0700591678755,329.0700591678755,16.97012319164513
single-blocker,7,444,product,288,0.0,155.25,576.0,353.9511222381689,353.9511222381689,17.320676510135147
single-blocker,7,444,product,320,0.0,172.5,640.0,377.60653466820503,377.60653466820503,17.638557310856086
single-blocker,7,444,product,352,0.0,189.75,704.0,400.1261148140381,400.1261148140381,17.927057784468456
single-blocker,7,444,product,384,0.0,207.0,768.0,421.4735389446021,421.4735389446021,18.186145779550422
single-blocker,7,444,product,416,0.0,224.25,832.0,442.09352500717074,442.09352500717074,18.42858024803327
single-blocker,7,444,product,448,0.0,241.5,896.0,461.71109276446185,461.71109276446185,18.64764094858475
single-blocker,7,444,product,480,0.0,258.75,960.0,480.8295765876008,480.8295765876008,18.856448311413875
single-blocker,7,444,product,512,0.0,276.0,1024.0,499.23529499094764,499.23529499094764,19.049895506152822
outcome-lag-64,9,444,prefix,32,2.0,28.0,64.0,64.0,64.0,28.253343933119314
outcome-lag-64,9,444,prefix,64,4.0,56.0,128.0,128.0,128.0,58.238877011866755
outcome-lag-64,9,444,prefix,96,6.0,84.0,191.85531027211456,189.9055028186497,189.9055028186497,80.99645833948203
outcome-lag-64,9,444,prefix,128,8.0,112.0,247.04665685886445,244.7600650353607,243.3968633794461,95.35690075422131
outcome-lag-64,9,444,prefix,160,10.0,140.0,292.2362168173556,289.63051658759935,286.4157434629569,105.89713758934936
outcome-lag-64,9,444,prefix,192,12.0,168.0,329.07393405949136,328.26677791361476,322.6681874803293,114.5838234136255
outcome-lag-64,9,444,prefix,224,14.0,196.0,361.8167465522467,363.6464792430638,355.1949948458069,122.63450183268728
outcome-lag-64,9,444,prefix,256,16.0,224.0,392.41756329189565,396.9546538962615,385.61239474635596,129.40801908445985
outcome-lag-64,9,444,prefix,288,18.0,252.0,419.6062884275165,426.6695086307164,412.32162414535634,135.25260042756335
outcome-lag-64,9,444,prefix,320,19.2734375,273.21875,439.20639726414106,448.79772353189884,431.78598953118257,139.94414212345174
outcome-lag-64,9,444,prefix,352,19.7421875,281.09375,453.3814912202983,465.07549251040024,445.9610834873398,143.47111563117372
outcome-lag-64,9,444,prefix,384,19.7421875,281.09375,463.0208632314934,476.5068473687337,455.6004554985349,146.13137935945844
outcome-lag-64,9,444,prefix,416,19.7421875,281.09375,472.17641082375553,487.64746847908964,464.756003090797,148.8598298372783
outcome-lag-64,9,444,prefix,448,19.7421875,281.09375,480.93810274533706,498.31556617974223,473.5176950123785,151.43391957812307
outcome-lag-64,9,444,prefix,480,19.7421875,281.09375,489.34410913851633,507.94650304002386,481.9237014055578,153.25542875598742
outcome-lag-64,9,444,prefix,512,19.7421875,281.09375,497.42041392685053,517.179138430937,490.000006193892,154.93515670057883
outcome-lag-64,9,444,intersection,32,2.0,28.0,64.0,64.0,64.0,28.253343933119314
outcome-lag-64,9,444,intersection,64,4.0,56.0,128.0,128.0,128.0,57.83723380447587
outcome-lag-64,9,444,intersection,96,6.0,84.0,191.85531027211456,190.48509971716277,190.48509971716277,80.79096396980637
outcome-lag-64,9,444,intersection,128,8.0,112.0,247.09888036192825,245.29204167412854,243.92884001821406,95.51601166446831
outcome-lag-64,9,444,intersection,160,10.0,140.0,292.43889813101214,289.9747966515503,286.76112562409884,106.0420949980944
outcome-lag-64,9,444,intersection,192,12.0,168.0,329.3190348102788,328.72766030023837,323.17523940796815,114.77593052313168
outcome-lag-64,9,444,intersection,224,14.0,196.0,362.1919660701323,364.2358514168327,355.86699938151025,122.89862246474915
outcome-lag-64,9,444,intersection,256,15.71875,221.375,390.24313383216486,395.10409713463105,383.85535593528766,129.52062389551244
outcome-lag-64,9,444,intersection,288,16.65625,237.125,410.69949623673347,418.4012983237486,404.14915443520624,134.97541793222783
outcome-lag-64,9,444,intersection,320,16.65625,237.125,421.5584187078278,431.8573450058895,415.0080769063006,138.77871683974945
outcome-lag-64,9,444,intersection,352,16.65625,237.125,431.7510215170141,444.0661693056321,425.2006797154869,141.80724670571396
outcome-lag-64,9,444,intersection,384,16.65625,237.125,441.39039352820924,455.4975241639656,434.840051726682,144.46751043399868
outcome-lag-64,9,444,intersection,416,16.65625,237.125,450.5459411204713,466.6381452743215,443.9955993189441,147.19596091181856
outcome-lag-64,9,444,intersection,448,16.65625,237.125,459.3076330420528,477.3062429749741,452.7572912405256,149.77005065266331
outcome-lag-64,9,444,intersection,480,16.65625,237.125,467.7136394352321,486.93717983525573,461.1632976337049,151.59155983052767
outcome-lag-64,9,444,intersection,512,16.65625,237.125,475.7899442235663,496.1698152261689,469.23960242203907,153.27128777511908
outcome-lag-64,9,444,completed,32,2.0,28.0,64.0,64.0,64.0,27.95536413513952
outcome-lag-64,9,444,completed,64,3.953125,55.5625,127.0,127.0,127.0,57.77945358220209
outcome-lag-64,9,444,completed,96,5.625,80.5,186.85531027211456,185.75609558887123,185.75609558887123,78.64648562409836
outcome-lag-64,9,444,completed,128,7.625,108.5,241.46404247638057,238.4678972960168,237.1046956401023,92.54564915023272
outcome-lag-64,9,444,completed,160,9.0234375,130.59375,279.0319164192042,276.0535603149498,272.8626186970312,101.3713689228282
outcome-lag-64,9,444,completed,192,10.296875,150.9375,312.03669047947625,310.1006322980625,305.12116007284067,108.23041824823858
outcome-lag-64,9,444,completed,224,11.1875,165.375,335.65383043503897,336.0603045126913,328.7383000284034,113.8142565390481
outcome-lag-64,9,444,completed,256,12.0546875,179.59375,357.5717582176333,360.7844107850056,350.6556413328319,119.07719558620524
outcome-lag-64,9,444,completed,288,12.734375,190.3125,376.463258036648,382.54719461999434,369.41595729472243,123.86911118544624
outcome-lag-64,9,444,completed,320,13.0078125,194.90625,390.0056040001038,398.65244422791613,382.9240826915977,127.69940940944093
outcome-lag-64,9,444,completed,352,13.1640625,197.53125,402.013459274939,412.7032034297395,394.9319379664329,130.7646511053118
outcome-lag-64,9,444,completed,384,13.1640625,197.53125,411.65283128613413,424.134558288073,404.571309977628,133.42491483359652
outcome-lag-64,9,444,completed,416,13.4765625,202.78125,422.5971298856108,437.0757596308213,415.5156085771047,136.17479461174509
outcome-lag-64,9,444,completed,448,13.4765625,202.78125,431.3588218071923,447.7438573314739,424.2773004986862,138.74888435258984
outcome-lag-64,9,444,completed,480,13.515625,203.4375,440.2056725421328,457.8156385335167,433.12415123362666,140.5703935304542
outcome-lag-64,9,444,completed,512,13.515625,203.4375,448.281977330467,467.04827392442985,441.20045602196086,142.2501214750456
outcome-lag-64,9,444,plugin,32,0.2421875,3.71875,36.0,36.0,36.0,19.484751362978756
outcome-lag-64,9,444,plugin,64,0.2578125,4.15625,68.0,68.0,68.0,39.46774069585132
outcome-lag-64,9,444,plugin,96,0.2890625,5.03125,101.85531027211454,101.54088598013236,101.54088598013236,54.7780025743833
outcome-lag-64,9,444,plugin,128,0.2890625,5.03125,126.36060264742399,127.39234693768104,126.02914528176657,64.66819331404005
outcome-lag-64,9,444,plugin,160,0.2890625,5.03125,145.22027224122888,148.07975649349004,144.88881487557146,71.30060270232984
outcome-lag-64,9,444,plugin,192,0.2890625,5.03125,161.09212569623068,165.7401405557951,160.76066833057325,76.25837455978801
outcome-lag-64,9,444,plugin,224,0.2890625,5.03125,175.08708158322747,181.760244209481,174.75562421757004,80.59980385534075
outcome-lag-64,9,444,plugin,256,0.2890625,5.03125,187.73170713753086,196.98439951210008,187.40024977187343,84.9554715562737
outcome-lag-64,9,444,plugin,288,0.2890625,5.03125,199.37227051417773,211.62312205977744,199.0408131485203,89.387546941626
outcome-lag-64,9,444,plugin,320,0.2890625,5.03125,210.23119298527172,225.07916874191807,209.8997356196143,93.19084584914769
outcome-lag-64,9,444,plugin,352,0.2890625,5.03125,220.42379579445773,237.28799304166066,220.0923384288003,96.21937571511218
outcome-lag-64,9,444,plugin,384,0.2890625,5.03125,230.0631678056528,248.71934789999406,229.73171043999537,98.87963944339685
outcome-lag-64,9,444,plugin,416,0.2890625,5.03125,239.2187153979147,259.8599690103499,238.88725803225728,101.60808992121656
outcome-lag-64,9,444,plugin,448,0.2890625,5.03125,247.98040731949624,270.5280667110025,247.6489499538388,104.18217966206127
outcome-lag-64,9,444,plugin,480,0.2890625,5.03125,256.3864137126757,280.15900357128413,256.0549563470183,106.00368883992552
outcome-lag-64,9,444,plugin,512,0.2890625,5.03125,264.4627185010099,289.3916389621973,264.1312611353525,107.68341678451691
outcome-lag-64,9,444,safe,32,0.0,0.0,32.0,32.0,32.0,19.484751362978756
outcome-lag-64,9,444,safe,64,0.0,0.0,64.0,64.0,64.0,39.46774069585132
outcome-lag-64,9,444,safe,96,0.0,0.0,95.85531027211454,95.54088598013236,95.54088598013236,54.7780025743833
outcome-lag-64,9,444,safe,128,0.0,0.0,120.36060264742399,121.39234693768104,120.02914528176657,64.66819331404005
outcome-lag-64,9,444,safe,160,0.0,0.0,139.22027224122883,142.0797564934901,138.8888148755714,71.30060270232984
outcome-lag-64,9,444,safe,192,0.0,0.0,155.09212569623062,159.74014055579516,154.7606683305732,76.25837455978801
outcome-lag-64,9,444,safe,224,0.0,0.0,169.08708158322742,175.76024420948104,168.75562421757,80.59980385534075
outcome-lag-64,9,444,safe,256,0.0,0.0,181.7317071375308,190.98439951210014,181.40024977187338,84.9554715562737
outcome-lag-64,9,444,safe,288,0.0,0.0,193.37227051417767,205.6231220597775,193.04081314852024,89.387546941626
outcome-lag-64,9,444,safe,320,0.0,0.0,204.23119298527166,219.07916874191812,203.89973561961423,93.19084584914769
outcome-lag-64,9,444,safe,352,0.0,0.0,214.42379579445767,231.2879930416607,214.09233842880025,96.21937571511218
outcome-lag-64,9,444,safe,384,0.0,0.0,224.06316780565274,242.71934789999412,223.7317104399953,98.87963944339685
outcome-lag-64,9,444,safe,416,0.0,0.0,233.21871539791465,253.85996901035006,232.88725803225722,101.60808992121656
outcome-lag-64,9,444,safe,448,0.0,0.0,241.98040731949618,264.5280667110026,241.64894995383875,104.18217966206127
outcome-lag-64,9,444,safe,480,0.0,0.0,250.38641371267565,274.15900357128425,250.05495634701822,106.00368883992552
outcome-lag-64,9,444,safe,512,0.0,0.0,258.4627185010096,283.3916389621974,258.13126113535213,107.68341678451691
outcome-lag-64,9,444,known,32,0.0,0.0,32.0,32.0,32.0,19.484751362978756
outcome-lag-64,9,444,known,64,0.0,0.0,64.0,64.0,64.0,39.46774069585132
outcome-lag-64,9,444,known,96,0.0,0.0,95.85531027211454,95.54088598013236,95.54088598013236,54.7780025743833
outcome-lag-64,9,444,known,128,0.0,0.0,120.36060264742399,121.39234693768104,120.02914528176657,64.66819331404005
outcome-lag-64,9,444,known,160,0.0,0.0,139.22027224122883,142.0797564934901,138.8888148755714,71.30060270232984
outcome-lag-64,9,444,known,192,0.0,0.0,155.09212569623062,159.74014055579516,154.7606683305732,76.25837455978801
outcome-lag-64,9,444,known,224,0.0,0.0,169.08708158322742,175.76024420948104,168.75562421757,80.59980385534075
outcome-lag-64,9,444,known,256,0.0,0.0,181.7317071375308,190.98439951210014,181.40024977187338,84.9554715562737
outcome-lag-64,9,444,known,288,0.0,0.0,193.37227051417767,205.6231220597775,193.04081314852024,89.387546941626
outcome-lag-64,9,444,known,320,0.0,0.0,204.23119298527166,219.07916874191812,203.89973561961423,93.19084584914769
outcome-lag-64,9,444,known,352,0.0,0.0,214.42379579445767,231.2879930416607,214.09233842880025,96.21937571511218
outcome-lag-64,9,444,known,384,0.0,0.0,224.06316780565274,242.71934789999412,223.7317104399953,98.87963944339685
outcome-lag-64,9,444,known,416,0.0,0.0,233.21871539791465,253.85996901035006,232.88725803225722,101.60808992121656
outcome-lag-64,9,444,known,448,0.0,0.0,241.98040731949618,264.5280667110026,241.64894995383875,104.18217966206127
outcome-lag-64,9,444,known,480,0.0,0.0,250.38641371267565,274.15900357128425,250.05495634701822,106.00368883992552
outcome-lag-64,9,444,known,512,0.0,0.0,258.4627185010096,283.3916389621974,258.13126113535213,107.68341678451691
outcome-lag-64,9,444,product,32,0.0,0.0,32.0,32.0,32.0,19.484751362978756
outcome-lag-64,9,444,product,64,0.0,0.0,64.0,64.0,64.0,39.46774069585132
outcome-lag-64,9,444,product,96,0.0,0.0,95.85531027211454,95.54088598013236,95.54088598013236,54.7780025743833
outcome-lag-64,9,444,product,128,0.0,0.0,120.36060264742399,121.39234693768104,120.02914528176657,64.66819331404005
outcome-lag-64,9,444,product,160,0.0,0.0,139.22027224122883,142.0797564934901,138.8888148755714,71.30060270232984
outcome-lag-64,9,444,product,192,0.0,0.0,155.09212569623062,159.74014055579516,154.7606683305732,76.25837455978801
outcome-lag-64,9,444,product,224,0.0,0.0,169.08708158322742,175.76024420948104,168.75562421757,80.59980385534075
outcome-lag-64,9,444,product,256,0.0,0.0,181.7317071375308,190.98439951210014,181.40024977187338,84.9554715562737
outcome-lag-64,9,444,product,288,0.0,0.0,193.37227051417767,205.6231220597775,193.04081314852024,89.387546941626
outcome-lag-64,9,444,product,320,0.0,0.0,204.23119298527166,219.07916874191812,203.89973561961423,93.19084584914769
outcome-lag-64,9,444,product,352,0.0,0.0,214.42379579445767,231.2879930416607,214.09233842880025,96.21937571511218
outcome-lag-64,9,444,product,384,0.0,0.0,224.06316780565274,242.71934789999412,223.7317104399953,98.87963944339685
outcome-lag-64,9,444,product,416,0.0,0.0,233.21871539791465,253.85996901035006,232.88725803225722,101.60808992121656
outcome-lag-64,9,444,product,448,0.0,0.0,241.98040731949618,264.5280667110026,241.64894995383875,104.18217966206127
outcome-lag-64,9,444,product,480,0.0,0.0,250.38641371267565,274.15900357128425,250.05495634701822,106.00368883992552
outcome-lag-64,9,444,product,512,0.0,0.0,258.4627185010096,283.3916389621974,258.13126113535213,107.68341678451691
single-blocker,9,444,prefix,32,2.0,28.0,64.0,63.96821681185914,63.96821681185914,10.435915588510937
single-blocker,9,444,prefix,64,4.0,56.0,128.0,119.24651864452044,119.24651864452044,12.484458738665545
single-blocker,9,444,prefix,96,6.0,84.0,192.0,163.80614744910042,163.80614744910042,13.745141416280358
single-blocker,9,444,prefix,128,8.0,112.0,256.0,202.19527381088488,202.19527381088488,14.609649953125
single-blocker,9,444,prefix,160,10.0,140.0,320.0,235.75796133160338,235.75796133160338,15.263339217896185
single-blocker,9,444,prefix,192,12.0,168.0,384.0,266.39551986084933,266.39551986084933,15.813621174937197
single-blocker,9,444,prefix,224,14.0,196.0,448.0,294.20238855390426,294.20238855390426,16.266211189047965
single-blocker,9,444,prefix,256,16.0,224.0,512.0,322.0279476476165,322.0279476476165,16.73014510445485
single-blocker,9,444,prefix,288,18.0,252.0,576.0,346.2251121401816,346.2251121401816,17.071236254639075
single-blocker,9,444,prefix,320,20.0,280.0,640.0,370.04457287854785,370.04457287854785,17.407445655066503
single-blocker,9,444,prefix,352,22.0,308.0,704.0,391.3175468151882,391.3175468151882,17.668958313482726
single-blocker,9,444,prefix,384,24.0,336.0,768.0,411.85397900393235,411.85397900393235,17.915086200101577
single-blocker,9,444,prefix,416,26.0,364.0,832.0,432.84191134568096,432.84191134568096,18.17900809965518
single-blocker,9,444,prefix,448,28.0,392.0,896.0,451.9765783492591,451.9765783492591,18.393825124190215
single-blocker,9,444,prefix,480,30.0,420.0,960.0,470.435998737243,470.435998737243,18.594160537059977
single-blocker,9,444,prefix,512,32.0,448.0,1024.0,488.86411170146863,488.86411170146863,18.796669416145292
single-blocker,9,444,intersection,32,2.0,28.0,64.0,63.96821681185914,63.96821681185914,10.435915588510937
single-blocker,9,444,intersection,64,4.0,56.0,128.0,121.36078985712047,121.36078985712047,12.782756294578808
single-blocker,9,444,intersection,96,6.0,84.0,192.0,168.419054421067,168.419054421067,14.011830901939001
single-blocker,9,444,intersection,128,8.0,112.0,256.0,207.6146279572973,207.6146279572973,14.869640705010475
single-blocker,9,444,intersection,160,10.0,140.0,320.0,241.51993501848142,241.51993501848142,15.51387360953429
single-blocker,9,444,intersection,192,12.0,168.0,384.0,272.04479765862783,272.04479765862783,16.039560828407833
single-blocker,9,444,intersection,224,14.0,196.0,448.0,299.85245293109637,299.85245293109637,16.477446132122996
single-blocker,9,444,intersection,256,15.90625,223.125,512.0,326.73214208332735,326.73214208332735,16.892763136442333
single-blocker,9,444,intersection,288,16.9609375,240.84375,565.0,345.5695531764902,345.5695531764902,17.132299778096826
single-blocker,9,444,intersection,320,16.9609375,240.84375,597.0,355.32783526876966,355.32783526876966,17.23783409575719
single-blocker,9,444,intersection,352,16.9609375,240.84375,629.0,364.6035820690446,364.6035820690446,17.33328646225419
single-blocker,9,444,intersection,384,16.9609375,240.84375,661.0,373.461803054718,373.461803054718,17.420416317879152
single-blocker,9,444,intersection,416,16.9609375,240.84375,693.0,381.9541166387848,381.9541166387848,17.500559269409628
single-blocker,9,444,intersection,448,16.9609375,240.84375,725.0,390.12231848872915,390.12231848872915,17.574753159546184
single-blocker,9,444,intersection,480,16.9609375,240.84375,757.0,398.0008135009108,398.0008135009108,17.643820489310325
single-blocker,9,444,intersection,512,16.9609375,240.84375,789.0,405.61832461633503,405.61832461633503,17.70842415841291
single-blocker,9,444,completed,32,2.0,28.0,64.0,63.96821681185914,63.96821681185914,10.435915588510937
single-blocker,9,444,completed,64,4.0,56.0,128.0,121.36078985712047,121.36078985712047,12.782756294578808
single-blocker,9,444,completed,96,6.0,84.0,192.0,168.419054421067,168.419054421067,14.011830901939001
single-blocker,9,444,completed,128,8.0,112.0,256.0,207.6146279572973,207.6146279572973,14.869640705010475
single-blocker,9,444,completed,160,10.0,140.0,320.0,241.51993501848142,241.51993501848142,15.51387360953429
single-blocker,9,444,completed,192,12.0,168.0,384.0,272.04479765862783,272.04479765862783,16.039560828407833
single-blocker,9,444,completed,224,14.0,196.0,448.0,299.85245293109637,299.85245293109637,16.477446132122996
single-blocker,9,444,completed,256,15.8359375,222.46875,510.0,325.61190062745675,325.61190062745675,16.87090456023593
single-blocker,9,444,completed,288,16.7734375,238.21875,561.0,343.6606220622791,343.6606220622791,17.099482215521604
single-blocker,9,444,completed,320,16.7734375,238.21875,593.0,353.41890415455856,353.41890415455856,17.20501653318197
single-blocker,9,444,completed,352,16.7734375,238.21875,625.0,362.6946509548335,362.6946509548335,17.300468899678968
single-blocker,9,444,completed,384,16.7734375,238.21875,657.0,371.5528719405069,371.5528719405069,17.38759875530393
single-blocker,9,444,completed,416,16.7734375,238.21875,689.0,380.0451855245737,380.0451855245737,17.467741706834406
single-blocker,9,444,completed,448,16.7734375,238.21875,721.0,388.21338737451805,388.21338737451805,17.541935596970962
single-blocker,9,444,completed,480,16.7734375,238.21875,753.0,396.0918823866997,396.0918823866997,17.611002926735104
single-blocker,9,444,completed,512,16.7734375,238.21875,785.0,403.70939350212393,403.70939350212393,17.67560659583769
single-blocker,9,444,plugin,32,0.359375,5.6875,39.0,38.96821681185914,38.96821681185914,7.360578528769853
single-blocker,9,444,plugin,64,0.359375,5.6875,71.0,64.42435623340212,64.42435623340212,8.0615992370391
single-blocker,9,444,plugin,96,0.359375,5.6875,103.0,83.7831968278086,83.7831968278086,8.469679814222106
single-blocker,9,444,plugin,128,0.359375,5.6875,135.0,100.03345515740088,100.03345515740088,8.7586679259225
single-blocker,9,444,plugin,160,0.359375,5.6875,167.0,114.31238195727079,114.31238195727079,8.982594558273068
single-blocker,9,444,plugin,192,0.359375,5.6875,199.0,127.1978375468853,127.1978375468853,9.16543794304076
single-blocker,9,444,plugin,224,0.359375,5.6875,231.0,139.0310352083931,139.0310352083931,9.319961246415485
single-blocker,9,444,plugin,256,0.359375,5.6875,263.0,150.03333360981438,150.03333360981438,9.453772046150606
single-blocker,9,444,plugin,288,0.359375,5.6875,295.0,160.35798108855585,160.35798108855585,9.571772362566977
single-blocker,9,444,plugin,320,0.359375,5.6875,327.0,170.1162631808352,170.1162631808352,9.677306680227346
single-blocker,9,444,plugin,352,0.359375,5.6875,359.0,179.39200998111025,179.39200998111025,9.772759046724344
single-blocker,9,444,plugin,384,0.359375,5.6875,391.0,188.25023096678382,188.25023096678382,9.859888902349306
single-blocker,9,444,plugin,416,0.359375,5.6875,423.0,196.74254455085054,196.74254455085054,9.94003185387979
single-blocker,9,444,plugin,448,0.359375,5.6875,455.0,204.91074640079475,204.91074640079475,10.014225744016342
single-blocker,9,444,plugin,480,0.359375,5.6875,487.0,212.78924141297622,212.78924141297622,10.08329307378048
single-blocker,9,444,plugin,512,0.359375,5.6875,519.0,220.40675252840046,220.40675252840046,10.147896742883056
single-blocker,9,444,safe,32,0.0,0.0,32.0,31.968216811859147,31.968216811859147,4.02724519543652
single-blocker,9,444,safe,64,0.0,0.0,64.0,57.42435623340214,57.42435623340214,4.7282659037057675
single-blocker,9,444,safe,96,0.0,0.0,96.0,76.78319682780861,76.78319682780861,5.136346480888775
single-blocker,9,444,safe,128,0.0,0.0,128.0,93.03345515740088,93.03345515740088,5.425334592589174
single-blocker,9,444,safe,160,0.0,0.0,160.0,107.31238195727079,107.31238195727079,5.649261224939744
single-blocker,9,444,safe,192,0.0,0.0,192.0,120.1978375468853,120.1978375468853,5.832104609707439
single-blocker,9,444,safe,224,0.0,0.0,224.0,132.0310352083931,132.0310352083931,5.986627913082163
single-blocker,9,444,safe,256,0.0,0.0,256.0,143.03333360981438,143.03333360981438,6.120438712817281
single-blocker,9,444,safe,288,0.0,0.0,288.0,153.35798108855585,153.35798108855585,6.238439029233648
single-blocker,9,444,safe,320,0.0,0.0,320.0,163.1162631808352,163.1162631808352,6.343973346894013
single-blocker,9,444,safe,352,0.0,0.0,352.0,172.39200998111025,172.39200998111025,6.43942571339101
single-blocker,9,444,safe,384,0.0,0.0,384.0,181.25023096678382,181.25023096678382,6.5265555690159704
single-blocker,9,444,safe,416,0.0,0.0,416.0,189.74254455085054,189.74254455085054,6.6066985205464555
single-blocker,9,444,safe,448,0.0,0.0,448.0,197.91074640079475,197.91074640079475,6.680892410683006
single-blocker,9,444,safe,480,0.0,0.0,480.0,205.78924141297622,205.78924141297622,6.7499597404471405
single-blocker,9,444,safe,512,0.0,0.0,512.0,213.40675252840046,213.40675252840046,6.81456340954972
single-blocker,9,444,known,32,0.0,0.0,32.0,31.968216811859147,31.968216811859147,4.02724519543652
single-blocker,9,444,known,64,0.0,0.0,64.0,57.42435623340214,57.42435623340214,4.7282659037057675
single-blocker,9,444,known,96,0.0,0.0,96.0,76.78319682780861,76.78319682780861,5.136346480888775
single-blocker,9,444,known,128,0.0,0.0,128.0,93.03345515740088,93.03345515740088,5.425334592589174
single-blocker,9,444,known,160,0.0,0.0,160.0,107.31238195727079,107.31238195727079,5.649261224939744
single-blocker,9,444,known,192,0.0,0.0,192.0,120.1978375468853,120.1978375468853,5.832104609707439
single-blocker,9,444,known,224,0.0,0.0,224.0,132.0310352083931,132.0310352083931,5.986627913082163
single-blocker,9,444,known,256,0.0,0.0,256.0,143.03333360981438,143.03333360981438,6.120438712817281
single-blocker,9,444,known,288,0.0,0.0,288.0,153.35798108855585,153.35798108855585,6.238439029233648
single-blocker,9,444,known,320,0.0,0.0,320.0,163.1162631808352,163.1162631808352,6.343973346894013
single-blocker,9,444,known,352,0.0,0.0,352.0,172.39200998111025,172.39200998111025,6.43942571339101
single-blocker,9,444,known,384,0.0,0.0,384.0,181.25023096678382,181.25023096678382,6.5265555690159704
single-blocker,9,444,known,416,0.0,0.0,416.0,189.74254455085054,189.74254455085054,6.6066985205464555
single-blocker,9,444,known,448,0.0,0.0,448.0,197.91074640079475,197.91074640079475,6.680892410683006
single-blocker,9,444,known,480,0.0,0.0,480.0,205.78924141297622,205.78924141297622,6.7499597404471405
single-blocker,9,444,known,512,0.0,0.0,512.0,213.40675252840046,213.40675252840046,6.81456340954972
single-blocker,9,444,product,32,0.0,0.0,32.0,31.968216811859147,31.968216811859147,4.02724519543652
single-blocker,9,444,product,64,0.0,0.0,64.0,57.42435623340214,57.42435623340214,4.7282659037057675
single-blocker,9,444,product,96,0.0,0.0,96.0,76.78319682780861,76.78319682780861,5.136346480888775
single-blocker,9,444,product,128,0.0,0.0,128.0,93.03345515740088,93.03345515740088,5.425334592589174
single-blocker,9,444,product,160,0.0,0.0,160.0,107.31238195727079,107.31238195727079,5.649261224939744
single-blocker,9,444,product,192,0.0,0.0,192.0,120.1978375468853,120.1978375468853,5.832104609707439
single-blocker,9,444,product,224,0.0,0.0,224.0,132.0310352083931,132.0310352083931,5.986627913082163
single-blocker,9,444,product,256,0.0,0.0,256.0,143.03333360981438,143.03333360981438,6.120438712817281
single-blocker,9,444,product,288,0.0,0.0,288.0,153.35798108855585,153.35798108855585,6.238439029233648
single-blocker,9,444,product,320,0.0,0.0,320.0,163.1162631808352,163.1162631808352,6.343973346894013
single-blocker,9,444,product,352,0.0,0.0,352.0,172.39200998111025,172.39200998111025,6.43942571339101
single-blocker,9,444,product,384,0.0,0.0,384.0,181.25023096678382,181.25023096678382,6.5265555690159704
single-blocker,9,444,product,416,0.0,0.0,416.0,189.74254455085054,189.74254455085054,6.6066985205464555
single-blocker,9,444,product,448,0.0,0.0,448.0,197.91074640079475,197.91074640079475,6.680892410683006
single-blocker,9,444,product,480,0.0,0.0,480.0,205.78924141297622,205.78924141297622,6.7499597404471405
single-blocker,9,444,product,512,0.0,0.0,512.0,213.40675252840046,213.40675252840046,6.81456340954972
outcome-lag-64,11,444,prefix,32,4.46875,24.125,64.0,64.0,64.0,26.497920815061807
outcome-lag-64,11,444,prefix,64,5.21875,46.125,128.0,128.0,128.0,62.21177276450869
outcome-lag-64,11,444,prefix,96,5.96875,68.125,191.7838315897376,190.78254476059976,190.78254476059976,92.58800317059254
outcome-lag-64,11,444,prefix,128,6.71875,90.125,247.45198882132723,248.17145499173753,245.95085852504013,115.57872090107743
outcome-lag-64,11,444,prefix,160,7.46875,112.125,291.21605235479814,299.3600040294761,289.5872731691792,134.4887172786851
outcome-lag-64,11,444,prefix,192,8.21875,134.125,329.5407219078235,343.12858657784295,327.4597622080321,147.2935250607074
outcome-lag-64,11,444,prefix,224,8.96875,156.125,361.46239291645475,380.6472323161954,359.10800192759785,158.2839912843927
outcome-lag-64,11,444,prefix,256,9.0390625,171.78125,385.46094222209615,410.2815046187438,383.10655123323926,167.47230929388238
outcome-lag-64,11,444,prefix,288,9.0390625,186.78125,405.7859463413749,434.7333060964027,403.431555352518,174.20075217600393
outcome-lag-64,11,444,prefix,320,9.0390625,201.78125,425.4023239367997,458.47798524094526,423.0479329479428,180.4355676441596
outcome-lag-64,11,444,prefix,352,9.0390625,216.78125,446.09782761791143,484.70062797037764,443.74343662905454,188.00875840237077
outcome-lag-64,11,444,prefix,384,9.0390625,231.78125,462.8401380811945,505.48331270013796,460.4857470923376,193.57117884827986
outcome-lag-64,11,444,prefix,416,9.0390625,246.78125,480.1348886693941,526.7137808443274,477.7804976805372,198.95216037166063
outcome-lag-64,11,444,prefix,448,9.0390625,261.78125,497.9262871048057,548.6043968672159,495.5718961159488,204.43922989644966
outcome-lag-64,11,444,prefix,480,9.0390625,276.78125,514.3591199384373,568.6889885264387,512.0047289495806,209.31112896152808
outcome-lag-64,11,444,prefix,512,9.0390625,291.78125,530.4310041685342,588.5624373124417,528.0766131796775,214.2265252818295
outcome-lag-64,11,444,intersection,32,4.46875,24.125,64.0,64.0,64.0,26.497920815061807
outcome-lag-64,11,444,intersection,64,5.21875,46.125,128.0,128.0,128.0,62.21177276450869
outcome-lag-64,11,444,intersection,96,5.96875,68.125,191.7838315897376,190.78254476059976,190.78254476059976,92.58800317059254
outcome-lag-64,11,444,intersection,128,6.71875,90.125,247.45198882132723,248.17145499173753,245.95085852504013,115.57872090107743
outcome-lag-64,11,444,intersection,160,7.46875,112.125,291.21605235479814,299.3600040294761,289.5872731691792,134.4887172786851
outcome-lag-64,11,444,intersection,192,8.21875,134.125,329.5407219078235,343.12858657784295,327.4597622080321,147.2935250607074
outcome-lag-64,11,444,intersection,224,8.265625,149.5625,359.1130606632338,378.51249106031156,356.97326067171406,158.1839727607287
outcome-lag-64,11,444,intersection,256,8.265625,164.5625,383.1116099688752,408.14676336285993,380.97180997735546,167.37229077021837
outcome-lag-64,11,444,intersection,288,8.265625,179.5625,403.43661408815393,432.59856484051886,401.2968140966342,174.10073365233993
outcome-lag-64,11,444,intersection,320,8.265625,194.5625,423.05299168357874,456.3432439850614,420.913191692059,180.33554912049559
outcome-lag-64,11,444,intersection,352,8.265625,209.5625,443.7484953646905,482.5658867144938,441.60869537317075,187.90873987870677
outcome-lag-64,11,444,intersection,384,8.265625,224.5625,460.49080582797353,503.3485714442541,458.3510058364538,193.47116032461585
outcome-lag-64,11,444,intersection,416,8.265625,239.5625,477.78555641617316,524.5790395884435,475.6457564246534,198.85214184799662
outcome-lag-64,11,444,intersection,448,8.265625,254.5625,495.57695485158473,546.469655611332,493.437154860065,204.33921137278566
outcome-lag-64,11,444,intersection,480,8.265625,269.5625,512.0097876852165,566.5542472705548,509.86998769369677,209.21111043786408
outcome-lag-64,11,444,intersection,512,8.265625,284.5625,528.0816719153133,586.4276960565578,525.9418719237937,214.1265067581655
outcome-lag-64,11,444,completed,32,4.46875,24.125,64.0,64.0,64.0,26.497920815061807
outcome-lag-64,11,444,completed,64,7.09375,40.625,120.0,120.0,120.0,58.11156682665569
outcome-lag-64,11,444,completed,96,9.953125,56.4375,174.7838315897376,173.78254476059976,173.78254476059976,82.55382566646196
outcome-lag-64,11,444,completed,128,10.703125,78.4375,230.65308474591598,231.5159456743603,229.3627423945771,104.49773149684384
outcome-lag-64,11,444,completed,160,11.2421875,98.46875,277.39579822482307,284.91230216918456,275.9420260353133,124.69643676390459
outcome-lag-64,11,444,completed,192,11.828125,118.9375,313.92779579078325,327.0127440526959,312.20472539338,137.8280083090427
outcome-lag-64,11,444,completed,224,12.296875,138.3125,345.3651039139832,364.3053777057845,343.5550118256558,149.2954187287084
outcome-lag-64,11,444,completed,256,12.7890625,157.90625,373.58712294689144,398.303417984732,371.77703085856405,158.8882210735669
outcome-lag-64,11,444,completed,288,12.7890625,172.90625,394.2897529852654,423.218010946451,392.479660896938,165.8372267392145
outcome-lag-64,11,444,completed,320,12.9765625,189.65625,417.0041253019913,450.1635113961423,415.1940332136639,172.27379362647721
outcome-lag-64,11,444,completed,352,12.9765625,204.65625,438.0379788262171,476.8606322858391,436.2278867378897,180.07661852475664
outcome-lag-64,11,444,completed,384,13.2109375,221.84375,457.01904293242853,499.991880690551,455.20895084410114,185.8186399197485
outcome-lag-64,11,444,completed,416,13.5625,240.125,475.88053997113354,522.9138800200232,474.07044788280615,191.41224987355716
outcome-lag-64,11,444,completed,448,13.7734375,257.09375,495.1818081490947,546.3832466568834,493.3717160607673,197.01592803643865
outcome-lag-64,11,444,completed,480,14.453125,278.4375,515.637252925997,570.6463633771972,513.8271608376697,202.15054669748866
outcome-lag-64,11,444,completed,512,14.453125,293.4375,531.8655358544785,590.736665031267,530.0554437661511,207.15859114345594
outcome-lag-64,11,444,plugin,32,7.203125,6.4375,40.0,40.0,40.0,21.011917929058924
outcome-lag-64,11,444,plugin,64,15.609375,10.8125,78.0,78.0,78.0,38.16273945808166
outcome-lag-64,11,444,plugin,96,19.375,21.0,125.78383158973759,124.78254476059978,124.78254476059978,56.41514153506801
outcome-lag-64,11,444,plugin,128,27.625,21.0,150.31237287528117,150.58686666232202,149.09295151190398,66.25819321889837
outcome-lag-64,11,444,plugin,160,28.3984375,34.59375,194.1962977154262,197.964491661678,192.976876352049,84.4395996059847
outcome-lag-64,11,444,plugin,192,28.3984375,49.59375,230.1120103794118,237.0788501294323,228.8925890160346,99.2595898455161
outcome-lag-64,11,444,plugin,224,28.3984375,64.59375,270.1029618839041,280.54517886911424,268.8835405205269,115.40995529520474
outcome-lag-64,11,444,plugin,256,28.3984375,79.59375,299.85172757011765,316.23359242102543,298.63230620674045,127.87607759760081
outcome-lag-64,11,444,plugin,288,28.3984375,94.59375,323.42917828788524,344.3608882458737,322.20975692450804,136.44798019373766
outcome-lag-64,11,444,plugin,320,28.3984375,109.59375,345.5844654599843,371.24573545468627,344.3650440966071,144.15742486322358
outcome-lag-64,11,444,plugin,352,28.3984375,124.59375,368.8372482038187,400.96542165882954,367.6178268404415,153.48822800190618
outcome-lag-64,11,444,plugin,384,28.3984375,139.59375,387.0703374851163,423.7685884992628,385.8509161217391,160.0227680475057
outcome-lag-64,11,444,plugin,416,28.3984375,154.59375,405.86024577972745,446.95170483531456,404.64082441635026,166.2611684243992
outcome-lag-64,11,444,plugin,448,28.3984375,169.59375,425.12137807471805,470.7705649291536,423.90195671134086,172.57523184811106
outcome-lag-64,11,444,plugin,480,28.3984375,184.59375,442.7261650224624,492.3854840393274,441.5067436590852,178.08904848977153
outcome-lag-64,11,444,plugin,512,28.3984375,199.59375,459.84748246236194,513.7070166076377,458.62806109898474,183.63910057065573
outcome-lag-64,11,444,safe,32,8.25,0.0,32.0,32.0,32.0,17.26191792905892
outcome-lag-64,11,444,safe,64,16.5,0.0,64.0,64.0,64.0,33.65321564855785
outcome-lag-64,11,444,safe,96,24.75,0.0,95.78383158973759,94.78254476059978,94.78254476059978,46.570159199721886
outcome-lag-64,11,444,safe,128,33.0,0.0,120.31237287528131,120.58686666232197,119.09295151190408,56.41321088355222
outcome-lag-64,11,444,safe,160,41.25,0.0,139.19629771542628,142.964491661678,137.97687635204903,64.73583571538892
outcome-lag-64,11,444,safe,192,49.5,0.0,155.11201037941188,162.0788501294323,153.89258901603463,71.14758197829634
outcome-lag-64,11,444,safe,224,57.75,0.0,169.14404080260383,178.673858881947,167.92461943922657,76.06391637267794
outcome-lag-64,11,444,safe,256,66.0,0.0,181.80595336602792,193.79348732893126,180.58653200265067,80.31505721797608
outcome-lag-64,11,444,safe,288,74.25,0.0,193.46934234294972,207.36630477317922,192.24992097957247,83.68122749989912
outcome-lag-64,11,444,safe,320,82.5,0.0,204.31064998528177,220.10796575584158,203.09122862190452,86.77014070794247
outcome-lag-64,11,444,safe,352,90.75,0.0,214.4896565343742,232.46937634904222,213.27023517099695,89.95125686736507
outcome-lag-64,11,444,safe,384,99.0,0.0,224.11978095144974,244.0420160751992,222.9003595880725,92.75280546347341
outcome-lag-64,11,444,safe,416,107.25,0.0,233.2924477714955,255.1322762071362,232.07302640811824,95.43089496287426
outcome-lag-64,11,444,safe,448,115.5,0.0,242.05111207685968,265.783751057167,240.83169071348243,97.98836185309723
outcome-lag-64,11,444,safe,480,123.75,0.0,250.4551400310727,275.94019252535446,249.23571866769544,100.33537563886716
outcome-lag-64,11,444,safe,512,132.0,0.0,258.5421226315592,285.66677451146546,257.322701268182,102.50905017865645
outcome-lag-64,11,444,known,32,0.0,15.0,54.0,54.0,54.0,34.10409709921796
outcome-lag-64,11,444,known,64,0.0,30.0,111.0,111.0,111.0,68.93729207504785
outcome-lag-64,11,444,known,96,0.0,45.0,167.7838315897376,166.78254476059976,166.78254476059976,96.79568417730785
outcome-lag-64,11,444,known,128,0.0,60.0,214.61288743290882,217.03138750190868,213.39346606953166,117.6718879276532
outcome-lag-64,11,444,known,160,0.0,75.0,251.9708021503635,262.17262741240233,250.75138078698635,135.20879067163514
outcome-lag-64,11,444,known,192,0.0,90.0,279.33467372049125,295.40427370384447,278.11525235711406,146.63820420403061
outcome-lag-64,11,444,known,224,0.0,105.0,307.4302010157366,329.29124912230577,306.2107796523594,157.11437566227946
outcome-lag-64,11,444,known,256,0.0,120.0,330.9959207435874,358.39069981893397,329.7764993802102,166.03308553443506
outcome-lag-64,11,444,known,288,0.0,135.0,351.0400833471046,382.4930495372578,349.8206619837274,172.59747330530053
outcome-lag-64,11,444,known,320,0.0,150.0,370.4137351146537,405.92309330408034,369.1943137512765,178.6932715392465
outcome-lag-64,11,444,known,352,0.0,165.0,390.8502326941002,431.78066246668857,389.63081133072296,186.09185597521477
outcome-lag-64,11,444,known,384,0.0,180.0,407.43487118125967,452.3447497775287,406.2154498178824,191.55388562826118
outcome-lag-64,11,444,known,416,0.0,195.0,424.5660014790715,473.3579091165936,423.3465801156942,196.84372886791158
outcome-lag-64,11,444,known,448,0.0,210.0,442.19171282746845,495.0284000554837,440.9722914640912,202.24023742633463
outcome-lag-64,11,444,known,480,0.0,225.0,458.48928415903737,514.9344953405451,457.2698627956601,207.04008914684422
outcome-lag-64,11,444,known,512,0.0,240.0,474.4375058043334,534.6363071883267,473.21808444095615,211.8827847183136
outcome-lag-64,11,444,product,32,0.0,15.0,54.0,54.0,54.0,34.10409709921796
outcome-lag-64,11,444,product,64,0.0,30.0,111.0,111.0,111.0,68.93729207504785
outcome-lag-64,11,444,product,96,0.0,45.0,167.7838315897376,166.78254476059976,166.78254476059976,96.79568417730785
outcome-lag-64,11,444,product,128,0.0,60.0,214.61288743290882,217.03138750190868,213.39346606953166,117.6718879276532
outcome-lag-64,11,444,product,160,0.0,75.0,251.9708021503635,262.17262741240233,250.75138078698635,135.20879067163514
outcome-lag-64,11,444,product,192,0.0,90.0,279.33467372049125,295.40427370384447,278.11525235711406,146.63820420403061
outcome-lag-64,11,444,product,224,0.0,105.0,307.4302010157366,329.29124912230577,306.2107796523594,157.11437566227946
outcome-lag-64,11,444,product,256,0.0,120.0,330.9959207435874,358.39069981893397,329.7764993802102,166.03308553443506
outcome-lag-64,11,444,product,288,0.0,135.0,351.0400833471046,382.4930495372578,349.8206619837274,172.59747330530053
outcome-lag-64,11,444,product,320,0.0,150.0,370.4137351146537,405.92309330408034,369.1943137512765,178.6932715392465
outcome-lag-64,11,444,product,352,0.0,165.0,390.8502326941002,431.78066246668857,389.63081133072296,186.09185597521477
outcome-lag-64,11,444,product,384,0.0,180.0,407.43487118125967,452.3447497775287,406.2154498178824,191.55388562826118
outcome-lag-64,11,444,product,416,0.0,195.0,424.5660014790715,473.3579091165936,423.3465801156942,196.84372886791158
outcome-lag-64,11,444,product,448,0.0,210.0,442.19171282746845,495.0284000554837,440.9722914640912,202.24023742633463
outcome-lag-64,11,444,product,480,0.0,225.0,458.48928415903737,514.9344953405451,457.2698627956601,207.04008914684422
outcome-lag-64,11,444,product,512,0.0,240.0,474.4375058043334,534.6363071883267,473.21808444095615,211.8827847183136
single-blocker,11,444,prefix,32,7.75,26.0,64.0,63.96821681185914,63.96821681185914,10.12653670652336
single-blocker,11,444,prefix,64,15.5,52.0,128.0,118.55939461546325,118.55939461546325,12.330681920245873
single-blocker,11,444,prefix,96,23.25,78.0,192.0,161.94934094883135,161.94934094883135,13.585441768585502
single-blocker,11,444,prefix,128,31.0,104.0,256.0,199.52119059988746,199.52119059988746,14.467131826443834
single-blocker,11,444,prefix,160,38.75,130.0,320.0,234.98633918144716,234.98633918144716,15.227980198924715
single-blocker,11,444,prefix,192,46.5,156.0,384.0,266.39551986084945,266.39551986084945,15.81362117493719
single-blocker,11,444,prefix,224,54.25,182.0,448.0,295.1246257826969,295.1246257826969,16.301829508446016
single-blocker,11,444,prefix,256,62.0,208.0,512.0,320.3621351865117,320.3621351865117,16.670144543690796
single-blocker,11,444,prefix,288,69.75,234.0,576.0,345.4463778495374,345.4463778495374,17.044775491664332
single-blocker,11,444,prefix,320,77.5,260.0,640.0,368.0859645303712,368.0859645303712,17.344230872811533
single-blocker,11,444,prefix,352,85.25,286.0,704.0,390.1187051359942,390.1187051359942,17.631848872609734
single-blocker,11,444,prefix,384,93.0,312.0,768.0,411.15493271079714,411.15493271079714,17.894286985571156
single-blocker,11,444,prefix,416,100.75,338.0,832.0,431.9892535750258,431.9892535750258,18.15480307386055
single-blocker,11,444,prefix,448,108.5,364.0,896.0,450.48801283658656,450.48801283658656,18.352817640847555
single-blocker,11,444,prefix,480,116.25,390.0,960.0,468.76283634443797,468.76283634443797,18.549444335864653
single-blocker,11,444,prefix,512,124.0,416.0,1024.0,487.073598829336,487.073598829336,18.750435290309568
single-blocker,11,444,intersection,32,4.90625,24.375,64.0,63.96821681185914,63.96821681185914,10.501572154167508
single-blocker,11,444,intersection,64,5.65625,46.375,128.0,121.22759708485823,121.22759708485823,12.773646933117579
single-blocker,11,444,intersection,96,6.40625,68.375,192.0,167.18244672786008,167.18244672786008,13.946331646190718
single-blocker,11,444,intersection,128,7.15625,90.375,256.0,205.39421751327893,205.39421751327893,14.766050433822452
single-blocker,11,444,intersection,160,7.90625,112.375,320.0,238.34068724647804,238.34068724647804,15.378468673923532
single-blocker,11,444,intersection,192,8.65625,134.375,384.0,269.7882304200352,269.7882304200352,15.951533282044766
single-blocker,11,444,intersection,224,8.984375,152.4375,446.0,295.40675643984355,295.40675643984355,16.332152993596615
single-blocker,11,444,intersection,256,8.984375,167.4375,502.0,316.1825106817796,316.1825106817796,16.606134138200265
single-blocker,11,444,intersection,288,8.984375,182.4375,554.0,334.1661182093343,334.1661182093343,16.82758556073181
single-blocker,11,444,intersection,320,8.984375,197.4375,608.0,351.9207628084643,351.9207628084643,17.035773845709617
single-blocker,11,444,intersection,352,8.984375,212.4375,668.0,370.8222327084462,370.8222327084462,17.248269705281537
single-blocker,11,444,intersection,384,8.984375,227.4375,720.0,386.23001079642376,386.23001079642376,17.411337268377203
single-blocker,11,444,intersection,416,8.984375,242.4375,776.0,402.26978040742154,402.26978040742154,17.575592736784014
single-blocker,11,444,intersection,448,8.984375,257.4375,836.0,418.86412893571776,418.86412893571776,17.73973478607357
single-blocker,11,444,intersection,480,8.984375,272.4375,894.0,434.24459066826654,434.24459066826654,17.885649309412873
single-blocker,11,444,intersection,512,8.984375,287.4375,953.0,449.3615272672955,449.3615272672955,18.024259293745036
single-blocker,11,444,completed,32,4.6875,24.25,64.0,63.96821681185914,63.96821681185914,10.553953106548455
single-blocker,11,444,completed,64,5.4375,46.25,128.0,121.14413264044192,121.14413264044192,12.76650407597471
single-blocker,11,444,completed,96,6.1875,68.25,192.0,166.96077164334955,166.96077164334955,13.934426884285946
single-blocker,11,444,completed,128,6.9375,90.25,256.0,205.1413728241048,205.1413728241048,14.754005615895272
single-blocker,11,444,completed,160,7.6875,112.25,320.0,238.05845856870414,238.05845856870414,15.366120649607405
single-blocker,11,444,completed,192,8.4375,134.25,384.0,269.55217813438156,269.55217813438156,15.942159887078128
single-blocker,11,444,completed,224,8.484375,149.6875,445.0,294.4444478505536,294.4444478505536,16.305342884306977
single-blocker,11,444,completed,256,8.484375,164.6875,501.0,315.19135563654334,315.19135563654334,16.57850881151932
single-blocker,11,444,completed,288,8.484375,179.6875,553.0,333.15495662014956,333.15495662014956,16.799427412226486
single-blocker,11,444,completed,320,8.484375,194.6875,607.0,350.89076390363266,350.89076390363266,17.007138515181044
single-blocker,11,444,completed,352,8.484375,209.6875,667.0,369.77192319881357,369.77192319881357,17.219146603865916
single-blocker,11,444,completed,384,8.484375,224.6875,719.0,385.1671560930174,385.1671560930174,17.38192679412406
single-blocker,11,444,completed,416,8.484375,239.6875,775.0,401.1935838955039,401.1935838955039,17.54588833219236
single-blocker,11,444,completed,448,8.484375,254.6875,835.0,417.7742821677582,417.7742821677582,17.709742161446524
single-blocker,11,444,completed,480,8.484375,269.6875,893.0,433.14356584783314,433.14356584783314,17.85543010921416
single-blocker,11,444,completed,512,8.484375,284.6875,952.0,448.25014218944176,448.25014218944176,17.993837706882843
single-blocker,11,444,plugin,32,1.4765625,17.28125,56.0,55.96821681185914,55.96821681185914,9.124984852580202
single-blocker,11,444,plugin,64,1.4765625,32.28125,113.0,104.66268332084154,104.66268332084154,10.623214019257096
single-blocker,11,444,plugin,96,1.4765625,47.28125,170.0,141.80614744910048,141.80614744910048,11.46918323852685
single-blocker,11,444,plugin,128,1.4765625,62.28125,227.0,172.8166519852095,172.8166519852095,12.061681073477954
single-blocker,11,444,plugin,160,1.4765625,77.28125,286.0,200.95638695449185,200.95638695449185,12.534590696414536
single-blocker,11,444,plugin,192,1.4765625,92.28125,338.0,223.12706421900228,223.12706421900228,12.868664326213407
single-blocker,11,444,plugin,224,1.4765625,107.28125,398.0,246.90935704580204,246.90935704580204,13.20258030800818
single-blocker,11,444,plugin,256,1.4765625,122.28125,454.0,267.3811383070105,267.3811383070105,13.468087642183567
single-blocker,11,444,plugin,288,1.4765625,137.28125,506.0,285.15290237691084,285.15290237691084,13.683965338095122
single-blocker,11,444,plugin,320,1.4765625,152.28125,560.0,302.70735401016,302.70735401016,13.887137964674084
single-blocker,11,444,plugin,352,1.4765625,167.28125,620.0,321.3922147301451,321.3922147301451,14.094483225165714
single-blocker,11,444,plugin,384,1.4765625,182.28125,672.0,336.66582310955556,336.66582310955556,14.254505002265809
single-blocker,11,444,plugin,416,1.4765625,197.28125,728.0,352.56259943537896,352.56259943537896,14.41563646659532
single-blocker,11,444,plugin,448,1.4765625,212.28125,788.0,369.0103361712584,369.0103361712584,14.576706592644024
single-blocker,11,444,plugin,480,1.4765625,227.28125,846.0,384.2705120164883,384.2705120164883,14.720200196725832
single-blocker,11,444,plugin,512,1.4765625,242.28125,905.0,399.2757868055421,399.2757868055421,14.856643214408106
single-blocker,11,444,safe,32,8.25,0.0,32.0,31.968216811859147,31.968216811859147,4.02724519543652
single-blocker,11,444,safe,64,16.5,0.0,64.0,57.42435623340214,57.42435623340214,4.7282659037057675
single-blocker,11,444,safe,96,24.75,0.0,96.0,76.78319682780861,76.78319682780861,5.136346480888775
single-blocker,11,444,safe,128,33.0,0.0,128.0,93.03345515740088,93.03345515740088,5.425334592589174
single-blocker,11,444,safe,160,41.25,0.0,160.0,107.31238195727079,107.31238195727079,5.649261224939744
single-blocker,11,444,safe,192,49.5,0.0,192.0,120.1978375468853,120.1978375468853,5.832104609707439
single-blocker,11,444,safe,224,57.75,0.0,224.0,132.0310352083931,132.0310352083931,5.986627913082163
single-blocker,11,444,safe,256,66.0,0.0,256.0,143.03333360981438,143.03333360981438,6.120438712817281
single-blocker,11,444,safe,288,74.25,0.0,288.0,153.35798108855585,153.35798108855585,6.238439029233648
single-blocker,11,444,safe,320,82.5,0.0,320.0,163.1162631808352,163.1162631808352,6.343973346894013
single-blocker,11,444,safe,352,90.75,0.0,352.0,172.39200998111025,172.39200998111025,6.43942571339101
single-blocker,11,444,safe,384,99.0,0.0,384.0,181.25023096678382,181.25023096678382,6.5265555690159704
single-blocker,11,444,safe,416,107.25,0.0,416.0,189.74254455085054,189.74254455085054,6.6066985205464555
single-blocker,11,444,safe,448,115.5,0.0,448.0,197.91074640079475,197.91074640079475,6.680892410683006
single-blocker,11,444,safe,480,123.75,0.0,480.0,205.78924141297622,205.78924141297622,6.7499597404471405
single-blocker,11,444,safe,512,132.0,0.0,512.0,213.40675252840046,213.40675252840046,6.81456340954972
single-blocker,11,444,known,32,0.0,15.0,54.0,53.96821681185914,53.96821681185914,7.672603900199247
single-blocker,11,444,known,64,0.0,30.0,111.0,102.45897435792273,102.45897435792273,9.14495314969187
single-blocker,11,444,known,96,0.0,45.0,168.0,139.44368000315674,139.44368000315674,9.983267745569096
single-blocker,11,444,known,128,0.0,60.0,225.0,170.36322793111094,170.36322793111094,10.572097740144608
single-blocker,11,444,known,160,0.0,75.0,284.0,198.43818813519346,198.43818813519346,11.042720777715337
single-blocker,11,444,known,192,0.0,90.0,336.0,220.57335744973108,220.57335744973108,11.3756573332064
single-blocker,11,444,known,224,0.0,105.0,396.0,244.31693233796167,244.31693233796167,11.70842826122454
single-blocker,11,444,known,256,0.0,120.0,452.0,264.76246074852145,264.76246074852145,11.973215847311756
single-blocker,11,444,known,288,0.0,135.0,504.0,282.51582334955384,282.51582334955384,12.1886165008858
single-blocker,11,444,known,320,0.0,150.0,558.0,300.0528097555014,300.0528097555014,12.391357373956765
single-blocker,11,444,known,352,0.0,165.0,618.0,318.718693918256,318.718693918256,12.598256810071357
single-blocker,11,444,known,384,0.0,180.0,670.0,333.98050854017407,333.98050854017407,12.758013774195616
single-blocker,11,444,known,416,0.0,195.0,726.0,349.8646835779428,349.8646835779428,12.918872712549994
single-blocker,11,444,known,448,0.0,210.0,786.0,366.29946719755424,366.29946719755424,13.079673951694446
single-blocker,11,444,known,480,0.0,225.0,844.0,381.54899182807424,381.54899182807424,13.222955017662445
single-blocker,11,444,known,512,0.0,240.0,903.0,396.5443604036957,396.5443604036957,13.35920731697218
single-blocker,11,444,product,32,0.0,15.0,54.0,53.96821681185914,53.96821681185914,7.672603900199247
single-blocker,11,444,product,64,0.0,30.0,111.0,102.45897435792273,102.45897435792273,9.14495314969187
single-blocker,11,444,product,96,0.0,45.0,168.0,139.44368000315674,139.44368000315674,9.983267745569096
single-blocker,11,444,product,128,0.0,60.0,225.0,170.36322793111094,170.36322793111094,10.572097740144608
single-blocker,11,444,product,160,0.0,75.0,284.0,198.43818813519346,198.43818813519346,11.042720777715337
single-blocker,11,444,product,192,0.0,90.0,336.0,220.57335744973108,220.57335744973108,11.3756573332064
single-blocker,11,444,product,224,0.0,105.0,396.0,244.31693233796167,244.31693233796167,11.70842826122454
single-blocker,11,444,product,256,0.0,120.0,452.0,264.76246074852145,264.76246074852145,11.973215847311756
single-blocker,11,444,product,288,0.0,135.0,504.0,282.51582334955384,282.51582334955384,12.1886165008858
single-blocker,11,444,product,320,0.0,150.0,558.0,300.0528097555014,300.0528097555014,12.391357373956765
single-blocker,11,444,product,352,0.0,165.0,618.0,318.718693918256,318.718693918256,12.598256810071357
single-blocker,11,444,product,384,0.0,180.0,670.0,333.98050854017407,333.98050854017407,12.758013774195616
single-blocker,11,444,product,416,0.0,195.0,726.0,349.8646835779428,349.8646835779428,12.918872712549994
single-blocker,11,444,product,448,0.0,210.0,786.0,366.29946719755424,366.29946719755424,13.079673951694446
single-blocker,11,444,product,480,0.0,225.0,844.0,381.54899182807424,381.54899182807424,13.222955017662445
single-blocker,11,444,product,512,0.0,240.0,903.0,396.5443604036957,396.5443604036957,13.35920731697218
outcome-lag-64,13,444,prefix,32,0.0,24.0,64.0,64.0,64.0,27.898050509957265
outcome-lag-64,13,444,prefix,64,0.0,48.0,128.0,128.0,128.0,56.4599119536566
outcome-lag-64,13,444,prefix,96,0.0,72.0,191.717572689503,188.84333450786383,188.84333450786383,78.96488800956864
outcome-lag-64,13,444,prefix,128,0.0,96.0,244.07792525946763,240.73282394935183,239.97506206039102,96.31529695869234
outcome-lag-64,13,444,prefix,160,0.0,120.0,287.6744499679671,287.86968684285455,283.5715867688905,110.64544704758183
outcome-lag-64,13,444,prefix,192,0.0,144.0,327.4855251412425,331.54798739830613,322.9603109037005,122.18593481367412
outcome-lag-64,13,444,prefix,224,0.0,168.0,367.3724536281956,374.1616104471771,361.9075305832884,133.54977340664394
outcome-lag-64,13,444,prefix,256,0.0,192.0,403.9312935331789,415.1126892566152,398.4663704882717,146.1936037861001
outcome-lag-64,13,444,prefix,288,0.0,216.0,432.6651465874671,448.58471141696106,427.2002235425599,155.1383056244198
outcome-lag-64,13,444,prefix,320,0.0,240.0,459.5572405323953,479.7808597827412,454.0923174874881,162.75039600097682
outcome-lag-64,13,444,prefix,352,0.0,264.0,483.91125965599025,507.5207846850006,478.44633661108304,168.5337402143091
outcome-lag-64,13,444,prefix,384,0.0,288.0,506.62251438535503,533.9978664109383,501.1575913404478,174.31355997133713
outcome-lag-64,13,444,prefix,416,0.0,312.0,528.3456324933537,559.4162336231119,522.8807094484465,179.80236930110252
outcome-lag-64,13,444,prefix,448,0.0,336.0,549.2902867940978,583.9628093114322,543.8253637491906,184.98124278255455
outcome-lag-64,13,444,prefix,480,0.0,360.0,568.6909381111404,606.6801931546472,563.2260150662332,189.71600590161233
outcome-lag-64,13,444,prefix,512,0.0,384.0,587.4280969554637,628.4027377372158,581.9631739105565,193.99534589328266
outcome-lag-64,13,444,intersection,32,0.0,24.0,64.0,64.0,64.0,27.898050509957265
outcome-lag-64,13,444,intersection,64,0.0,48.0,128.0,128.0,128.0,56.4599119536566
outcome-lag-64,13,444,intersection,96,0.0,72.0,191.717572689503,188.84333450786383,188.84333450786383,78.96488800956864
outcome-lag-64,13,444,intersection,128,0.0,96.0,244.35633359398054,240.94846800694503,240.25347039490393,96.30693575467897
outcome-lag-64,13,444,intersection,160,0.0,120.0,292.6920308629356,291.87407304940587,288.589167663859,111.13858717009957
outcome-lag-64,13,444,intersection,192,0.0,144.0,334.1557854466043,336.23059094047255,329.22164240794075,123.51945132215936
outcome-lag-64,13,444,intersection,224,0.0,168.0,367.0492069865729,373.49963803032347,361.91909027973185,133.30084217763445
outcome-lag-64,13,444,intersection,256,0.0,192.0,397.7445905565371,409.2524958626499,392.614473849696,142.64686619600658
outcome-lag-64,13,444,intersection,288,0.0,216.0,424.5793552134875,441.59968584226203,419.4492385066464,151.46834872585623
outcome-lag-64,13,444,intersection,320,0.0,240.0,449.92462867057066,471.63114326475653,444.7945119637296,158.96098973379742
outcome-lag-64,13,444,intersection,352,0.0,264.0,474.3876093216479,499.9561569462811,469.2574926148068,165.1883735135478
outcome-lag-64,13,444,intersection,384,0.0,288.0,497.0456581451003,526.5408174620264,491.91554143825914,171.1372848279617
outcome-lag-64,13,444,intersection,416,0.0,312.0,518.757969388968,551.8685599008653,513.627852682127,176.51471706826698
outcome-lag-64,13,444,intersection,448,0.0,336.0,539.8390837939392,576.5032240394954,534.7089670870981,181.65205949915355
outcome-lag-64,13,444,intersection,480,0.0,360.0,558.9712704745912,598.8731820889892,553.8411537677501,186.24712369418586
outcome-lag-64,13,444,intersection,512,0.0,384.0,577.526651339694,620.3312958215638,572.396534632853,190.38797237467344
outcome-lag-64,13,444,completed,32,0.0,24.0,64.0,64.0,64.0,27.898050509957265
outcome-lag-64,13,444,completed,64,1.875,36.75,113.0,113.0,113.0,50.88458161099013
outcome-lag-64,13,444,completed,96,4.125,47.25,158.66858693254906,156.68509076922612,156.6361050122722,65.8592182331437
outcome-lag-64,13,444,completed,128,4.125,71.25,213.7450224893589,211.91184893227543,211.05926100324209,81.31405966519209
outcome-lag-64,13,444,completed,160,4.125,95.25,262.4424224694442,263.0741251346638,259.7362769299475,95.5034509359951
outcome-lag-64,13,444,completed,192,4.125,119.25,303.97896882160245,308.1482696561877,300.41041394468243,108.18776375093542
outcome-lag-64,13,444,completed,224,4.125,143.25,339.5405225233439,348.9492780429319,335.843832853484,120.0532090919774
outcome-lag-64,13,444,completed,256,4.125,167.25,372.19590583636557,386.9378661653254,368.4992161665057,130.4642444257512
outcome-lag-64,13,444,completed,288,4.125,191.25,400.4282582945982,420.7745351782383,396.7315686247383,139.86289930221912
outcome-lag-64,13,444,completed,320,4.125,215.25,426.895036692,452.0425730496115,423.1983470221401,147.8245779188234
outcome-lag-64,13,444,completed,352,4.125,239.25,452.30336989270506,481.41975542455964,448.60668022284517,154.4201512943499
outcome-lag-64,13,444,completed,384,4.125,263.25,475.7300003645149,508.8727042441391,472.03331069465503,160.66487955998454
outcome-lag-64,13,444,completed,416,4.125,287.25,498.104376080609,534.9730766054763,494.4076864107491,166.30636725445902
outcome-lag-64,13,444,completed,448,4.125,311.25,519.7745439854599,560.312049367721,516.0778543156001,171.68598523458135
outcome-lag-64,13,444,completed,480,4.125,335.25,539.3806264343096,583.2440231980702,535.6839367644499,176.4673106548402
outcome-lag-64,13,444,completed,512,4.125,359.25,558.3605464613047,605.2110365016674,554.6638567914449,180.77533709579828
outcome-lag-64,13,444,plugin,32,2.46875,7.875,44.0,44.0,44.0,18.929459599327387
outcome-lag-64,13,444,plugin,64,3.46875,19.875,94.0,94.0,94.0,41.252276088722795
outcome-lag-64,13,444,plugin,96,5.921875,27.1875,136.717572689503,134.68509076922615,134.68509076922615,56.23631448749129
outcome-lag-64,13,444,plugin,128,9.265625,30.5625,166.04209153084818,163.6257874602321,163.35633004473144,64.8289163743647
outcome-lag-64,13,444,plugin,160,10.53125,45.375,203.60156261577407,203.29914600506987,200.90156413158343,73.71783883740645
outcome-lag-64,13,444,plugin,192,14.09375,47.625,221.25584955294474,223.9594521459337,218.5558510687541,80.06382048660736
outcome-lag-64,13,444,plugin,224,14.40625,67.875,258.21768942836513,264.4025572947606,255.5169833218796,88.44452255001187
outcome-lag-64,13,444,plugin,256,17.09375,74.625,277.482310872386,286.7255104148208,274.78160476590045,94.45030454837391
outcome-lag-64,13,444,plugin,288,17.53125,93.375,308.0518601891883,321.86201421969207,305.35115408270275,103.25929564258533
outcome-lag-64,13,444,plugin,320,17.78125,114.375,343.61834442838324,361.3222651628007,340.9176383218977,111.74953605724248
outcome-lag-64,13,444,plugin,352,17.828125,137.8125,375.2797328939296,396.479973968275,372.57902678744404,120.49464695806067
outcome-lag-64,13,444,plugin,384,17.84375,161.625,403.8614761652346,429.03506096520414,401.16016521301435,128.36051501415014
outcome-lag-64,13,444,plugin,416,17.84375,185.625,430.4218609292327,459.85280442811046,427.7205499770124,135.7758735631412
outcome-lag-64,13,444,plugin,448,17.84375,209.625,455.6294786002787,489.29378900954697,452.9281676480584,142.69348813184308
outcome-lag-64,13,444,plugin,480,17.84375,233.625,478.0153978137593,515.435438121269,475.314086861539,148.62370206079555
outcome-lag-64,13,444,plugin,512,17.84375,257.625,499.38580154919674,540.2112979349404,496.68449059697645,153.9231787669485
outcome-lag-64,13,444,safe,32,4.0,0.0,32.0,32.0,32.0,12.508031027898813
outcome-lag-64,13,444,safe,64,8.0,0.0,64.0,64.0,64.0,26.821086720292193
outcome-lag-64,13,444,safe,96,12.0,0.0,95.71757268950292,93.6850907692261,93.6850907692261,37.98842052735611
outcome-lag-64,13,444,safe,128,16.0,0.0,120.04209153084825,117.62578746023196,117.3563300447314,45.96784700047012
outcome-lag-64,13,444,safe,160,20.0,0.0,138.88778648301047,138.4972298098696,136.2020249968936,52.78428918258847
outcome-lag-64,13,444,safe,192,24.0,0.0,154.7661451661566,157.33430649891181,152.08038368003974,58.91875366678385
outcome-lag-64,13,444,safe,224,28.0,0.0,168.79265255648943,174.30869956687715,166.10689107037257,64.21447237661614
outcome-lag-64,13,444,safe,256,32.0,0.0,181.46419861039317,189.99816481752183,178.7784371242763,69.03545002557468
outcome-lag-64,13,444,safe,288,36.0,0.0,193.12107999183465,204.97115183053376,190.4353185057178,73.80178987626162
outcome-lag-64,13,444,safe,320,40.0,0.0,203.9786618590088,218.31236448571207,201.29290037289195,77.4902547568209
outcome-lag-64,13,444,safe,352,44.0,0.0,214.16380352034835,230.3679547136262,211.4780420342315,80.36555055095695
outcome-lag-64,13,444,safe,384,48.0,0.0,223.80470356517725,242.120524776326,221.1189420790604,83.34702948360814
outcome-lag-64,13,444,safe,416,52.0,0.0,232.972827674457,252.9880620014315,230.28706618834013,85.80239607617743
outcome-lag-64,13,444,safe,448,56.0,0.0,241.7333278344734,263.3021617306552,239.04756634835655,88.02248784559335
outcome-lag-64,13,444,safe,480,60.0,0.0,250.13169489047183,273.28295079351034,247.44593340435497,90.1938492260311
outcome-lag-64,13,444,safe,512,64.0,0.0,258.2168500185905,282.6100528024093,255.53108853247366,91.96804378860833
outcome-lag-64,13,444,known,32,0.0,24.0,64.0,64.0,64.0,27.898050509957265
outcome-lag-64,13,444,known,64,0.0,48.0,128.0,128.0,128.0,56.4599119536566
outcome-lag-64,13,444,known,96,0.0,72.0,191.717572689503,188.84333450786383,188.84333450786383,78.96488800956864
outcome-lag-64,13,444,known,128,0.0,96.0,243.93011763613228,240.49075762600927,239.8051519089206,96.1402179872422
outcome-lag-64,13,444,known,160,0.0,120.0,287.1292333530468,287.2446909906563,283.0042676258351,110.15149686832316
outcome-lag-64,13,444,known,192,0.0,144.0,325.4765240324625,330.1949341589392,321.3069481812467,121.81856038780694
outcome-lag-64,13,444,known,224,0.0,168.0,358.8450333241114,368.5511373239322,354.3895710788398,132.40290839891978
outcome-lag-64,13,444,known,256,0.0,192.0,390.9648062881567,405.7498605680261,386.5093440428851,142.33030976661928
outcome-lag-64,13,444,known,288,0.0,216.0,417.57086949021885,437.789978314245,413.1154072449473,151.0182012208548
outcome-lag-64,13,444,known,320,0.0,240.0,443.0094195945553,467.8374289888736,438.55395734928373,158.4448031777113
outcome-lag-64,13,444,known,352,0.0,264.0,467.9412042355271,496.5687630250734,463.4857419902555,164.67372633071602
outcome-lag-64,13,444,known,384,0.0,288.0,490.76118881889346,523.2050275122648,486.3057265736218,170.54667236611039
outcome-lag-64,13,444,known,416,0.0,312.0,512.704725198712,548.7000563506582,508.2492629534404,175.91161934058485
outcome-lag-64,13,444,known,448,0.0,336.0,534.1275360102392,573.6494099847924,529.6720737649675,181.09737733095733
outcome-lag-64,13,444,known,480,0.0,360.0,553.1266879683847,595.8246451199932,548.671225723113,185.6095687174288
outcome-lag-64,13,444,known,512,0.0,384.0,571.61618329393,617.1512848282412,567.1607210486584,189.65983394707018
outcome-lag-64,13,444,product,32,0.0,24.0,64.0,64.0,64.0,27.898050509957265
outcome-lag-64,13,444,product,64,0.0,48.0,128.0,128.0,128.0,56.4599119536566
outcome-lag-64,13,444,product,96,0.0,72.0,191.717572689503,188.84333450786383,188.84333450786383,78.96488800956864
outcome-lag-64,13,444,product,128,0.0,96.0,243.93011763613228,240.49075762600927,239.8051519089206,96.1402179872422
outcome-lag-64,13,444,product,160,0.0,120.0,287.1292333530468,287.2446909906563,283.0042676258351,110.15149686832316
outcome-lag-64,13,444,product,192,0.0,144.0,325.4765240324625,330.1949341589392,321.3069481812467,121.81856038780694
outcome-lag-64,13,444,product,224,0.0,168.0,358.8450333241114,368.5511373239322,354.3895710788398,132.40290839891978
outcome-lag-64,13,444,product,256,0.0,192.0,390.9648062881567,405.7498605680261,386.5093440428851,142.33030976661928
outcome-lag-64,13,444,product,288,0.0,216.0,417.57086949021885,437.789978314245,413.1154072449473,151.0182012208548
outcome-lag-64,13,444,product,320,0.0,240.0,443.0094195945553,467.8374289888736,438.55395734928373,158.4448031777113
outcome-lag-64,13,444,product,352,0.0,264.0,467.9412042355271,496.5687630250734,463.4857419902555,164.67372633071602
outcome-lag-64,13,444,product,384,0.0,288.0,490.76118881889346,523.2050275122648,486.3057265736218,170.54667236611039
outcome-lag-64,13,444,product,416,0.0,312.0,512.704725198712,548.7000563506582,508.2492629534404,175.91161934058485
outcome-lag-64,13,444,product,448,0.0,336.0,534.1275360102392,573.6494099847924,529.6720737649675,181.09737733095733
outcome-lag-64,13,444,product,480,0.0,360.0,553.1266879683847,595.8246451199932,548.671225723113,185.6095687174288
outcome-lag-64,13,444,product,512,0.0,384.0,571.61618329393,617.1512848282412,567.1607210486584,189.65983394707018
single-blocker,13,444,prefix,32,0.0,24.0,64.0,63.96821681185914,63.96821681185914,10.12653670652336
single-blocker,13,444,prefix,64,0.0,48.0,128.0,118.062334696455,118.062334696455,12.195278108371474
single-blocker,13,444,prefix,96,0.0,72.0,192.0,160.7843779848938,160.7843779848938,13.457396525215183
single-blocker,13,444,prefix,128,0.0,96.0,256.0,197.15802515448345,197.15802515448345,14.306623658662426
single-blocker,13,444,prefix,160,0.0,120.0,320.0,232.79993299027728,232.79993299027728,15.125216997217393
single-blocker,13,444,prefix,192,0.0,144.0,384.0,264.9612354151211,264.9612354151211,15.753148986133732
single-blocker,13,444,prefix,224,0.0,168.0,448.0,293.2071830255586,293.2071830255586,16.22724144269122
single-blocker,13,444,prefix,256,0.0,192.0,512.0,320.94246208339797,320.94246208339797,16.69119862413624
single-blocker,13,444,prefix,288,0.0,216.0,576.0,344.6198952200438,344.6198952200438,17.01640546879867
single-blocker,13,444,prefix,320,0.0,240.0,640.0,367.5510434250197,367.5510434250197,17.32670495600232
single-blocker,13,444,prefix,352,0.0,264.0,704.0,390.3663045989078,390.3663045989078,17.6395552466954
single-blocker,13,444,prefix,384,0.0,288.0,768.0,411.39140888314813,411.39140888314813,17.90134107913838
single-blocker,13,444,prefix,416,0.0,312.0,832.0,431.76865473871703,431.76865473871703,18.148505070788307
single-blocker,13,444,prefix,448,0.0,336.0,896.0,451.7719708942618,451.7719708942618,18.388225582571263
single-blocker,13,444,prefix,480,0.0,360.0,960.0,469.61921391934607,469.61921391934607,18.572424858926354
single-blocker,13,444,prefix,512,0.0,384.0,1024.0,487.07359882933565,487.07359882933565,18.750435290309486
single-blocker,13,444,intersection,32,0.0,24.0,64.0,63.96821681185914,63.96821681185914,10.12653670652336
single-blocker,13,444,intersection,64,0.0,48.0,128.0,118.062334696455,118.062334696455,12.195278108371474
single-blocker,13,444,intersection,96,0.0,72.0,192.0,160.7843779848938,160.7843779848938,13.457396525215183
single-blocker,13,444,intersection,128,0.0,96.0,256.0,198.5837659808804,198.5837659808804,14.40837519964993
single-blocker,13,444,intersection,160,0.0,120.0,320.0,239.1236199812524,239.1236199812524,15.41243594049562
single-blocker,13,444,intersection,192,0.0,144.0,384.0,271.57571025830083,271.57571025830083,16.021492370911382
single-blocker,13,444,intersection,224,0.0,168.0,448.0,299.5179341511363,299.5179341511363,16.46538447310808
single-blocker,13,444,intersection,256,0.0,192.0,512.0,326.4458119605407,326.4458119605407,16.88313709053668
single-blocker,13,444,intersection,288,0.0,216.0,576.0,350.33901546324944,350.33901546324944,17.206890119829847
single-blocker,13,444,intersection,320,0.0,240.0,640.0,373.1864854144323,373.1864854144323,17.505862877483068
single-blocker,13,444,intersection,352,0.0,264.0,704.0,395.54305035386716,395.54305035386716,17.795831476657455
single-blocker,13,444,intersection,384,0.0,288.0,768.0,416.4274342222584,416.4274342222584,18.047338876904153
single-blocker,13,444,intersection,416,0.0,312.0,832.0,436.6024424503187,436.6024424503187,18.28323929206227
single-blocker,13,444,intersection,448,0.0,336.0,896.0,456.30290763342816,456.30290763342816,18.509575763623506
single-blocker,13,444,intersection,480,0.0,360.0,960.0,474.28221730485717,474.28221730485717,18.694212364996595
single-blocker,13,444,intersection,512,0.0,384.0,1024.0,491.7862305878196,491.7862305878196,18.870451940430556
single-blocker,13,444,completed,32,0.0,24.0,64.0,63.96821681185914,63.96821681185914,10.12653670652336
single-blocker,13,444,completed,64,0.0,48.0,128.0,118.062334696455,118.062334696455,12.195278108371474
single-blocker,13,444,completed,96,0.0,72.0,192.0,161.17674215727422,161.17674215727422,13.503399541806434
single-blocker,13,444,completed,128,0.0,96.0,256.0,201.35567214055342,201.35567214055342,14.567084871065001
single-blocker,13,444,completed,160,0.0,120.0,320.0,240.22838901455373,240.22838901455373,15.459664604037162
single-blocker,13,444,completed,192,0.0,144.0,384.0,271.89515387595947,271.89515387595947,16.033809654698906
single-blocker,13,444,completed,224,0.0,168.0,448.0,299.8524529310964,299.8524529310964,16.477446132122992
single-blocker,13,444,completed,256,0.0,192.0,512.0,326.5911841795281,326.5911841795281,16.888028540550103
single-blocker,13,444,completed,288,0.0,216.0,576.0,350.50024277495527,350.50024277495527,17.2120711844023
single-blocker,13,444,completed,320,0.0,240.0,640.0,373.35174474383945,373.35174474383945,17.51094198571754
single-blocker,13,444,completed,352,0.0,264.0,704.0,395.69838003641877,395.69838003641877,17.800383997199333
single-blocker,13,444,completed,384,0.0,288.0,768.0,416.5822388980338,416.5822388980338,18.051704180591116
single-blocker,13,444,completed,416,0.0,312.0,832.0,436.7538109234932,436.7538109234932,18.287351753087975
single-blocker,13,444,completed,448,0.0,336.0,896.0,456.44671436855765,456.44671436855765,18.513339328620056
single-blocker,13,444,completed,480,0.0,360.0,960.0,474.432949818374,474.432949818374,18.698058677062097
single-blocker,13,444,completed,512,0.0,384.0,1024.0,491.9407086399608,491.9407086399608,18.87429667920907
single-blocker,13,444,plugin,32,0.265625,20.8125,61.0,60.96821681185914,60.96821681185914,9.343203373190027
single-blocker,13,444,plugin,64,0.765625,38.8125,120.0,110.062334696455,110.062334696455,10.766309854403222
single-blocker,13,444,plugin,96,1.265625,56.8125,178.0,146.7843779848938,146.7843779848938,11.57666753198619
single-blocker,13,444,plugin,128,1.765625,74.8125,237.0,178.15802515448345,178.15802515448345,12.161264953899696
single-blocker,13,444,plugin,160,2.265625,92.8125,290.0,202.8718110658339,202.8718110658339,12.566721801780874
single-blocker,13,444,plugin,192,2.765625,110.8125,343.0,225.34292831470583,225.34292831470583,12.903150365531905
single-blocker,13,444,plugin,224,3.265625,128.8125,399.0,247.31693233796187,247.31693233796187,13.208428261224537
single-blocker,13,444,plugin,256,3.765625,146.8125,450.0,265.8458225225039,265.8458225225039,13.447307720430459
single-blocker,13,444,plugin,288,4.265625,164.8125,509.0,286.2391157686984,286.2391157686984,13.69785442544631
single-blocker,13,444,plugin,320,4.765625,182.8125,566.0,304.76915040084504,304.76915040084504,13.912191430712433
single-blocker,13,444,plugin,352,5.265625,200.8125,619.0,321.06511064097737,321.06511064097737,14.090695346377814
single-blocker,13,444,plugin,384,5.765625,218.8125,675.0,337.6082120553395,337.6082120553395,14.264994598249608
single-blocker,13,444,plugin,416,6.265625,236.8125,730.0,353.16627487891947,353.16627487891947,14.422098519001603
single-blocker,13,444,plugin,448,6.765625,254.8125,783.0,367.55812637789836,367.55812637789836,14.561736264369124
single-blocker,13,444,plugin,480,7.265625,272.8125,843.0,383.4327369829516,383.4327369829516,14.71188990490632
single-blocker,13,444,plugin,512,7.765625,290.8125,902.0,398.46797086633364,398.46797086633364,14.848911221404892
single-blocker,13,444,safe,32,4.0,0.0,32.0,31.968216811859147,31.968216811859147,4.02724519543652
single-blocker,13,444,safe,64,8.0,0.0,64.0,57.42435623340214,57.42435623340214,4.7282659037057675
single-blocker,13,444,safe,96,12.0,0.0,96.0,76.78319682780861,76.78319682780861,5.136346480888775
single-blocker,13,444,safe,128,16.0,0.0,128.0,93.03345515740088,93.03345515740088,5.425334592589174
single-blocker,13,444,safe,160,20.0,0.0,160.0,107.31238195727079,107.31238195727079,5.649261224939744
single-blocker,13,444,safe,192,24.0,0.0,192.0,120.1978375468853,120.1978375468853,5.832104609707439
single-blocker,13,444,safe,224,28.0,0.0,224.0,132.0310352083931,132.0310352083931,5.986627913082163
single-blocker,13,444,safe,256,32.0,0.0,256.0,143.03333360981438,143.03333360981438,6.120438712817281
single-blocker,13,444,safe,288,36.0,0.0,288.0,153.35798108855585,153.35798108855585,6.238439029233648
single-blocker,13,444,safe,320,40.0,0.0,320.0,163.1162631808352,163.1162631808352,6.343973346894013
single-blocker,13,444,safe,352,44.0,0.0,352.0,172.39200998111025,172.39200998111025,6.43942571339101
single-blocker,13,444,safe,384,48.0,0.0,384.0,181.25023096678382,181.25023096678382,6.5265555690159704
single-blocker,13,444,safe,416,52.0,0.0,416.0,189.74254455085054,189.74254455085054,6.6066985205464555
single-blocker,13,444,safe,448,56.0,0.0,448.0,197.91074640079475,197.91074640079475,6.680892410683006
single-blocker,13,444,safe,480,60.0,0.0,480.0,205.78924141297622,205.78924141297622,6.7499597404471405
single-blocker,13,444,safe,512,64.0,0.0,512.0,213.40675252840046,213.40675252840046,6.81456340954972
single-blocker,13,444,known,32,0.0,24.0,64.0,63.96821681185914,63.96821681185914,10.12653670652336
single-blocker,13,444,known,64,0.0,48.0,128.0,118.062334696455,118.062334696455,12.195278108371474
single-blocker,13,444,known,96,0.0,72.0,192.0,160.7843779848938,160.7843779848938,13.457396525215183
single-blocker,13,444,known,128,0.0,96.0,256.0,197.15802515448345,197.15802515448345,14.306623658662426
single-blocker,13,444,known,160,0.0,120.0,320.0,232.79993299027728,232.79993299027728,15.125216997217393
single-blocker,13,444,known,192,0.0,144.0,384.0,264.9612354151211,264.9612354151211,15.753148986133732
single-blocker,13,444,known,224,0.0,168.0,448.0,293.2071830255586,293.2071830255586,16.22724144269122
single-blocker,13,444,known,256,0.0,192.0,512.0,320.94246208339797,320.94246208339797,16.69119862413624
single-blocker,13,444,known,288,0.0,216.0,576.0,344.6198952200438,344.6198952200438,17.01640546879867
single-blocker,13,444,known,320,0.0,240.0,640.0,367.5510434250197,367.5510434250197,17.32670495600232
single-blocker,13,444,known,352,0.0,264.0,704.0,390.3663045989078,390.3663045989078,17.6395552466954
single-blocker,13,444,known,384,0.0,288.0,768.0,411.39140888314813,411.39140888314813,17.90134107913838
single-blocker,13,444,known,416,0.0,312.0,832.0,431.76865473871703,431.76865473871703,18.148505070788307
single-blocker,13,444,known,448,0.0,336.0,896.0,451.7719708942618,451.7719708942618,18.388225582571263
single-blocker,13,444,known,480,0.0,360.0,960.0,469.61921391934607,469.61921391934607,18.572424858926354
single-blocker,13,444,known,512,0.0,384.0,1024.0,487.07359882933565,487.07359882933565,18.750435290309486
single-blocker,13,444,product,32,0.0,24.0,64.0,63.96821681185914,63.96821681185914,10.12653670652336
single-blocker,13,444,product,64,0.0,48.0,128.0,118.062334696455,118.062334696455,12.195278108371474
single-blocker,13,444,product,96,0.0,72.0,192.0,160.7843779848938,160.7843779848938,13.457396525215183
single-blocker,13,444,product,128,0.0,96.0,256.0,197.15802515448345,197.15802515448345,14.306623658662426
single-blocker,13,444,product,160,0.0,120.0,320.0,232.79993299027728,232.79993299027728,15.125216997217393
single-blocker,13,444,product,192,0.0,144.0,384.0,264.9612354151211,264.9612354151211,15.753148986133732
single-blocker,13,444,product,224,0.0,168.0,448.0,293.2071830255586,293.2071830255586,16.22724144269122
single-blocker,13,444,product,256,0.0,192.0,512.0,320.94246208339797,320.94246208339797,16.69119862413624
single-blocker,13,444,product,288,0.0,216.0,576.0,344.6198952200438,344.6198952200438,17.01640546879867
single-blocker,13,444,product,320,0.0,240.0,640.0,367.5510434250197,367.5510434250197,17.32670495600232
single-blocker,13,444,product,352,0.0,264.0,704.0,390.3663045989078,390.3663045989078,17.6395552466954
single-blocker,13,444,product,384,0.0,288.0,768.0,411.39140888314813,411.39140888314813,17.90134107913838
single-blocker,13,444,product,416,0.0,312.0,832.0,431.76865473871703,431.76865473871703,18.148505070788307
single-blocker,13,444,product,448,0.0,336.0,896.0,451.7719708942618,451.7719708942618,18.388225582571263
single-blocker,13,444,product,480,0.0,360.0,960.0,469.61921391934607,469.61921391934607,18.572424858926354
single-blocker,13,444,product,512,0.0,384.0,1024.0,487.07359882933565,487.07359882933565,18.750435290309486
outcome-lag-64,15,444,prefix,32,0.75,22.0,64.0,64.0,64.0,32.864340827240895
outcome-lag-64,15,444,prefix,64,1.5,44.0,128.0,128.0,128.0,65.09222597521004
outcome-lag-64,15,444,prefix,96,2.25,66.0,191.77826042102248,191.37364297357215,191.35664961486782,94.51882421063283
outcome-lag-64,15,444,prefix,128,4.3125,88.75,246.12821811044734,249.6810077093351,245.70368651470685,117.0812469155862
outcome-lag-64,15,444,prefix,160,5.0625,110.75,289.0064884196895,299.8190930677227,288.23917515242914,134.38411972569153
outcome-lag-64,15,444,prefix,192,5.8125,132.75,324.9630160009446,342.90460664257773,323.87990638203996,148.39672044222735
outcome-lag-64,15,444,prefix,224,6.5625,154.75,357.2031824227141,381.498339081742,355.96349879424196,159.9371448446297
outcome-lag-64,15,444,prefix,256,7.3125,176.75,389.20037271892784,417.65889453532515,387.72341500843066,168.35950425520014
outcome-lag-64,15,444,prefix,288,8.0625,198.75,417.8903529362919,450.4750117317666,416.02396542206776,176.13132675118598
outcome-lag-64,15,444,prefix,320,8.8125,220.75,443.5417875798621,480.51148821850336,441.4006130605502,183.4015625592136
outcome-lag-64,15,444,prefix,352,9.5625,242.75,466.8315830835894,508.09314892233186,464.6013015339998,189.96880863312987
outcome-lag-64,15,444,prefix,384,10.3125,264.75,489.047683633653,534.0958470143343,486.8107022299168,195.6829878178954
outcome-lag-64,15,444,prefix,416,11.0625,286.75,511.51850601326754,559.7754786103187,509.1628551916952,200.65801422961374
outcome-lag-64,15,444,prefix,448,11.5078125,305.90625,531.5423296285942,583.2848985603129,529.0682370578679,205.63776949288817
outcome-lag-64,15,444,prefix,480,11.5078125,320.90625,547.3083169596396,602.8788123559498,544.8342243889133,210.56848623629432
outcome-lag-64,15,444,prefix,512,11.5078125,335.90625,561.6293822945381,620.5890804312951,559.1552897238118,214.91899197697228
outcome-lag-64,15,444,intersection,32,0.75,22.0,64.0,64.0,64.0,32.864340827240895
outcome-lag-64,15,444,intersection,64,1.5,44.0,128.0,128.0,128.0,65.09222597521004
outcome-lag-64,15,444,intersection,96,2.25,66.0,191.77826042102248,191.37364297357215,191.35664961486782,94.51882421063283
outcome-lag-64,15,444,intersection,128,4.3125,88.75,246.12821811044734,249.6810077093351,245.70368651470685,117.0812469155862
outcome-lag-64,15,444,intersection,160,5.0625,110.75,289.0064884196895,299.8190930677227,288.23917515242914,134.38411972569153
outcome-lag-64,15,444,intersection,192,5.8125,132.75,324.9630160009446,342.90460664257773,323.87990638203996,148.39672044222735
outcome-lag-64,15,444,intersection,224,6.5625,154.75,357.2031824227141,381.498339081742,355.96349879424196,159.9371448446297
outcome-lag-64,15,444,intersection,256,7.3125,176.75,389.20037271892784,417.65889453532515,387.72341500843066,168.35950425520014
outcome-lag-64,15,444,intersection,288,8.0625,198.75,417.8903529362919,450.4750117317666,416.02396542206776,176.13132675118598
outcome-lag-64,15,444,intersection,320,8.8125,220.75,443.5417875798621,480.51148821850336,441.4006130605502,183.4015625592136
outcome-lag-64,15,444,intersection,352,9.5625,242.75,466.8315830835894,508.09314892233186,464.6013015339998,189.96880863312987
outcome-lag-64,15,444,intersection,384,10.3125,264.75,489.047683633653,534.0958470143343,486.8107022299168,195.6829878178954
outcome-lag-64,15,444,intersection,416,10.359375,280.1875,505.9810767882247,554.356718803112,503.7440953844885,200.35517776678319
outcome-lag-64,15,444,intersection,448,10.359375,295.1875,521.7156261696728,573.6953062683813,519.4786447659366,205.092195096986
outcome-lag-64,15,444,intersection,480,10.359375,310.1875,537.4816135007181,593.2892200640182,535.244632096982,210.02291184039214
outcome-lag-64,15,444,intersection,512,10.359375,325.1875,551.8026788356167,610.9994881393635,549.5656974318805,214.3734175810701
outcome-lag-64,15,444,completed,32,0.75,22.0,64.0,64.0,64.0,32.864340827240895
outcome-lag-64,15,444,completed,64,4.890625,40.1875,121.0,121.0,121.0,59.28579415866863
outcome-lag-64,15,444,completed,96,6.109375,60.8125,182.77826042102248,182.37364297357215,182.35664961486782,87.31778906934835
outcome-lag-64,15,444,completed,128,6.859375,82.8125,237.06842470641246,240.7601253345708,236.64389311067197,110.0265958166641
outcome-lag-64,15,444,completed,160,7.609375,104.8125,281.66893335314927,292.7691508916209,281.017389851198,128.76656623856903
outcome-lag-64,15,444,completed,192,8.359375,126.8125,318.71856435094855,337.2758921947079,317.71681981667416,143.7595961024333
outcome-lag-64,15,444,completed,224,9.109375,148.8125,351.5508753257614,376.5600208032514,350.3738777401291,155.6455106752549
outcome-lag-64,15,444,completed,256,9.859375,170.8125,384.0217740241106,413.213138502741,382.57122596699014,164.25008084185154
outcome-lag-64,15,444,completed,288,10.2578125,189.53125,412.3385326606591,445.70460231776764,410.50164572429054,172.05700477898355
outcome-lag-64,15,444,completed,320,10.890625,210.4375,437.53429470328194,475.4267722086651,435.5125345890394,179.3617778820591
outcome-lag-64,15,444,completed,352,11.640625,232.4375,461.0799099751154,503.3210613911123,458.96855124145543,186.04541112745534
outcome-lag-64,15,444,completed,384,12.390625,254.4375,483.5258397060402,529.5945436838326,481.40636869326875,191.85145272662777
outcome-lag-64,15,444,completed,416,12.578125,271.1875,500.0139861992335,549.44069244028,497.89451518646206,196.54910658883176
outcome-lag-64,15,444,completed,448,13.328125,293.1875,521.2823089846217,574.4493195181985,519.1509030370545,201.64091280587706
outcome-lag-64,15,444,completed,480,13.375,308.625,537.668581207644,594.734156222322,535.5371752600768,206.68027915193153
outcome-lag-64,15,444,completed,512,14.0078125,329.53125,557.7183032816638,618.3623541290734,555.5868973340965,211.42966720305665
outcome-lag-64,15,444,plugin,32,4.609375,6.6875,44.0,44.0,44.0,22.24232136007907
outcome-lag-64,15,444,plugin,64,6.359375,16.6875,92.0,92.0,92.0,47.01366833398792
outcome-lag-64,15,444,plugin,96,12.171875,20.4375,129.77826042102248,129.3736429735722,129.35664961486788,64.12279376902329
outcome-lag-64,15,444,plugin,128,12.171875,35.4375,179.36728616762065,180.76012533457086,178.94275457188022,86.83520468066015
outcome-lag-64,15,444,plugin,160,12.171875,50.4375,221.88118881112555,227.31204029853916,221.45665721538512,106.04555623214762
outcome-lag-64,15,444,plugin,192,12.171875,65.4375,259.0323768900025,271.70492498756323,258.60784529426206,123.69993433191874
outcome-lag-64,15,444,plugin,224,12.171875,80.4375,289.4693028477238,309.18090160539293,289.0447712519833,137.08820513028533
outcome-lag-64,15,444,plugin,256,12.171875,95.4375,311.36223545053855,335.7496368447263,310.9377038547981,145.3170570575716
outcome-lag-64,15,444,plugin,288,12.171875,110.4375,332.4497010101805,361.60421505310245,332.02516941444003,152.69354875858124
outcome-lag-64,15,444,plugin,320,12.171875,125.4375,353.77142788826507,387.87440933444634,353.3468962925246,159.99874204251967
outcome-lag-64,15,444,plugin,352,12.171875,140.4375,375.1919080756838,413.99258424168903,374.7673764799433,167.12034997728233
outcome-lag-64,15,444,plugin,384,12.171875,155.4375,394.9232575691103,437.7157452727531,394.49872597336986,173.16867508617528
outcome-lag-64,15,444,plugin,416,12.171875,170.4375,411.290890024332,457.5857555089835,410.8663584285915,178.09054171377733
outcome-lag-64,15,444,plugin,448,12.171875,185.4375,427.5349159736475,477.6204261660684,427.11038437790705,183.11695283736844
outcome-lag-64,15,444,plugin,480,12.171875,200.4375,443.8000881311146,497.904359856103,443.37555653537413,188.34103615033467
outcome-lag-64,15,444,plugin,512,12.171875,215.4375,458.5139334458549,516.1551089362692,458.0894018501144,192.91870596480484
outcome-lag-64,15,444,safe,32,8.25,0.0,32.0,32.0,32.0,17.74152770928542
outcome-lag-64,15,444,safe,64,16.5,0.0,64.0,64.0,64.0,33.19104600242258
outcome-lag-64,15,444,safe,96,24.75,0.0,95.7782604210225,95.37364297357219,95.35664961486788,46.96026538709583
outcome-lag-64,15,444,safe,128,33.0,0.0,120.3672861676208,121.76012533457077,119.94275457188031,57.38547753020254
outcome-lag-64,15,444,safe,160,41.25,0.0,139.2312419199336,143.31204029853905,138.80671032419312,64.88239232665161
outcome-lag-64,15,444,safe,192,49.5,0.0,155.1338156929195,161.3703523570277,154.70928409717902,70.23809218029344
outcome-lag-64,15,444,safe,224,57.75,0.0,169.1418905609796,177.16178214017674,168.7173589652391,74.35084760530934
outcome-lag-64,15,444,safe,256,66.0,0.0,181.80610271053757,191.82010630696797,181.38157111479708,78.14068417041452
outcome-lag-64,15,444,safe,288,74.25,0.0,193.43712937698476,206.1448226453397,193.01259778124427,82.25875334646133
outcome-lag-64,15,444,safe,320,82.5,0.0,204.2928224552539,219.51724582342607,203.86829085951342,85.97842874992875
outcome-lag-64,15,444,safe,352,90.75,0.0,214.4764142573428,231.37148043974963,214.05188266160232,88.6523689324742
outcome-lag-64,15,444,safe,384,99.0,0.0,224.1117626682922,242.49110882028327,223.6872310725517,91.0009061829591
outcome-lag-64,15,444,safe,416,107.25,0.0,233.27762204314485,253.29078251365829,232.85309044740436,93.3884092437979
outcome-lag-64,15,444,safe,448,115.5,0.0,242.03172769330675,263.8770143850874,241.60719609756626,95.8806331554192
outcome-lag-64,15,444,safe,480,123.75,0.0,250.43205350730204,274.1549114198952,250.00752191156155,98.34910250780958
outcome-lag-64,15,444,safe,512,132.0,0.0,258.5182937255745,284.0098144955337,258.09376212983403,100.65109813712638
outcome-lag-64,15,444,known,32,0.0,15.0,57.0,57.0,57.0,32.69767416057422
outcome-lag-64,15,444,known,64,0.0,30.0,112.0,112.0,112.0,62.769321102305156
outcome-lag-64,15,444,known,96,0.0,45.0,166.77826042102248,166.37364297357215,166.35664961486782,89.21204976639203
outcome-lag-64,15,444,known,128,0.0,60.0,213.5610637924359,217.71847438502598,213.1365321966954,111.03772967673761
outcome-lag-64,15,444,known,160,0.0,75.0,249.53840630898293,261.557764023664,249.11387471324244,128.1633720743472
outcome-lag-64,15,444,known,192,0.0,90.0,280.92440088354374,300.57787499029155,280.4998692878033,142.21232324456093
outcome-lag-64,15,444,known,224,0.0,105.0,308.0590155741333,334.1714824719321,307.63448397839284,153.3372483088988
outcome-lag-64,15,444,known,256,0.0,120.0,328.4728823862598,358.9352183611503,328.04835079051935,160.61092976252004
outcome-lag-64,15,444,known,288,0.0,135.0,348.34517110631424,383.3041153569131,347.9206395105738,167.3509039538548
outcome-lag-64,15,444,known,320,0.0,150.0,368.4918219307675,408.089193082784,368.06729033502705,174.02784710005335
outcome-lag-64,15,444,known,352,0.0,165.0,388.7463041417532,432.70070420260475,388.32177254601277,180.44899330389248
outcome-lag-64,15,444,known,384,0.0,180.0,407.54739598520507,455.24010263601343,407.12286438946455,185.97111138236633
outcome-lag-64,15,444,known,416,0.0,195.0,423.3334908509382,474.3339603168987,422.90895925519766,190.56055619770962
outcome-lag-64,15,444,known,448,0.0,210.0,439.0301321746932,493.62064938214945,438.6056005789527,195.27641392930067
outcome-lag-64,15,444,known,480,0.0,225.0,454.75868642752516,513.1627223444495,454.33415483178464,200.18547938627202
outcome-lag-64,15,444,known,512,0.0,240.0,469.0500863117202,530.8321020167059,468.62555471597966,204.51908560226633
outcome-lag-64,15,444,product,32,0.0,15.0,57.0,57.0,57.0,32.69767416057422
outcome-lag-64,15,444,product,64,0.0,30.0,112.0,112.0,112.0,62.769321102305156
outcome-lag-64,15,444,product,96,0.0,45.0,166.77826042102248,166.37364297357215,166.35664961486782,89.21204976639203
outcome-lag-64,15,444,product,128,0.0,60.0,213.5610637924359,217.71847438502598,213.1365321966954,111.03772967673761
outcome-lag-64,15,444,product,160,0.0,75.0,249.53840630898293,261.557764023664,249.11387471324244,128.1633720743472
outcome-lag-64,15,444,product,192,0.0,90.0,280.92440088354374,300.57787499029155,280.4998692878033,142.21232324456093
outcome-lag-64,15,444,product,224,0.0,105.0,308.0590155741333,334.1714824719321,307.63448397839284,153.3372483088988
outcome-lag-64,15,444,product,256,0.0,120.0,328.4728823862598,358.9352183611503,328.04835079051935,160.61092976252004
outcome-lag-64,15,444,product,288,0.0,135.0,348.34517110631424,383.3041153569131,347.9206395105738,167.3509039538548
outcome-lag-64,15,444,product,320,0.0,150.0,368.4918219307675,408.089193082784,368.06729033502705,174.02784710005335
outcome-lag-64,15,444,product,352,0.0,165.0,388.7463041417532,432.70070420260475,388.32177254601277,180.44899330389248
outcome-lag-64,15,444,product,384,0.0,180.0,407.54739598520507,455.24010263601343,407.12286438946455,185.97111138236633
outcome-lag-64,15,444,product,416,0.0,195.0,423.3334908509382,474.3339603168987,422.90895925519766,190.56055619770962
outcome-lag-64,15,444,product,448,0.0,210.0,439.0301321746932,493.62064938214945,438.6056005789527,195.27641392930067
outcome-lag-64,15,444,product,480,0.0,225.0,454.75868642752516,513.1627223444495,454.33415483178464,200.18547938627202
outcome-lag-64,15,444,product,512,0.0,240.0,469.0500863117202,530.8321020167059,468.62555471597966,204.51908560226633
single-blocker,15,444,prefix,32,0.75,22.0,64.0,63.96821681185914,63.96821681185914,10.253203373190027
single-blocker,15,444,prefix,64,1.5,44.0,128.0,119.24651864452044,119.24651864452044,12.484458738665547
single-blocker,15,444,prefix,96,2.25,66.0,192.0,163.80614744910048,163.80614744910048,13.745141416280353
single-blocker,15,444,prefix,128,3.0,88.0,256.0,201.78486879706873,201.78486879706873,14.588926268914467
single-blocker,15,444,prefix,160,3.75,110.0,320.0,235.37901319205432,235.37901319205432,15.246031525588487
single-blocker,15,444,prefix,192,4.5,132.0,384.0,264.96123541512117,264.96123541512117,15.753148986133745
single-blocker,15,444,prefix,224,5.25,154.0,448.0,292.50059722000407,292.50059722000407,16.199227899863153
single-blocker,15,444,prefix,256,6.0,176.0,512.0,320.9424620833979,320.9424620833979,16.69119862413624
single-blocker,15,444,prefix,288,6.75,198.0,576.0,346.474471918269,346.474471918269,17.079654812883028
single-blocker,15,444,prefix,320,7.5,220.0,640.0,369.58104426209513,369.58104426209513,17.392618391974484
single-blocker,15,444,prefix,352,8.25,242.0,704.0,390.84965217393346,390.84965217393346,17.654535762853286
single-blocker,15,444,prefix,384,9.0,264.0,768.0,411.39140888314773,411.39140888314773,17.901341079138394
single-blocker,15,444,prefix,416,9.75,286.0,832.0,432.4214646024505,432.4214646024505,18.16709983131576
single-blocker,15,444,prefix,448,10.5,308.0,896.0,452.17857691573766,452.17857691573766,18.399341829706916
single-blocker,15,444,prefix,480,11.25,330.0,960.0,470.8300227993848,470.8300227993848,18.604583293023506
single-blocker,15,444,prefix,512,12.0,352.0,1024.0,489.4220111334587,489.4220111334587,18.810913690267682
single-blocker,15,444,intersection,32,0.75,22.0,64.0,63.96821681185914,63.96821681185914,10.253203373190027
single-blocker,15,444,intersection,64,3.03125,44.875,128.0,119.85735034754569,119.85735034754569,12.596099875231186
single-blocker,15,444,intersection,96,3.78125,66.875,192.0,164.86530650807578,164.86530650807578,13.817155641517092
single-blocker,15,444,intersection,128,4.53125,88.875,256.0,202.9624302990057,202.9624302990057,14.647973762089531
single-blocker,15,444,intersection,160,5.28125,110.875,320.0,236.47634187925084,236.47634187925084,15.295851524182902
single-blocker,15,444,intersection,192,6.03125,132.875,384.0,266.0526922370241,266.0526922370241,15.799289023636964
single-blocker,15,444,intersection,224,6.78125,154.875,448.0,293.547335508855,293.547335508855,16.240624258705633
single-blocker,15,444,intersection,256,7.53125,176.875,512.0,321.765694108847,321.765694108847,16.720786815684797
single-blocker,15,444,intersection,288,8.28125,198.875,576.0,347.19296827409164,347.19296827409164,17.103766280473845
single-blocker,15,444,intersection,320,9.03125,220.875,640.0,370.27007223543956,370.27007223543956,17.41462956311249
single-blocker,15,444,intersection,352,9.78125,242.875,704.0,391.54582417707854,391.54582417707854,17.67596687483912
single-blocker,15,444,intersection,384,10.53125,264.875,768.0,412.0801577192805,412.0801577192805,17.921781509804415
single-blocker,15,444,intersection,416,11.28125,286.875,832.0,433.04780171396334,433.04780171396334,18.18482032022152
single-blocker,15,444,intersection,448,11.328125,302.3125,887.0,448.300951552836,448.300951552836,18.337782022414416
single-blocker,15,444,intersection,480,11.328125,317.3125,943.0,463.1041466408947,463.1041466408947,18.477780058242153
single-blocker,15,444,intersection,512,11.328125,332.3125,996.0,476.5867007650867,476.5867007650867,18.600571847767252
single-blocker,15,444,completed,32,0.75,22.0,64.0,63.96821681185914,63.96821681185914,10.253203373190027
single-blocker,15,444,completed,64,3.25,45.0,128.0,120.04266333381737,120.04266333381737,12.626004181451282
single-blocker,15,444,completed,96,4.0,67.0,192.0,165.20859247092844,165.20859247092844,13.837944554097044
single-blocker,15,444,completed,128,4.75,89.0,256.0,203.3204053838013,203.3204053838013,14.665675625443566
single-blocker,15,444,completed,160,5.5,111.0,320.0,236.8165363613965,236.8165363613965,15.311114039445416
single-blocker,15,444,completed,192,6.25,133.0,384.0,266.3955198608493,266.3955198608493,15.813621174937204
single-blocker,15,444,completed,224,7.0,155.0,448.0,293.8790055884721,293.8790055884721,16.253609830292763
single-blocker,15,444,completed,256,7.75,177.0,512.0,322.0279476476169,322.0279476476169,16.730145104454852
single-blocker,15,444,completed,288,8.5,199.0,576.0,347.4228431491423,347.4228431491423,17.111435362599465
single-blocker,15,444,completed,320,9.25,221.0,640.0,370.49146740309675,370.49146740309675,17.421664195147137
single-blocker,15,444,completed,352,10.0,243.0,704.0,391.77038517448403,391.77038517448403,17.68284359401893
single-blocker,15,444,completed,384,10.75,265.0,768.0,412.3029867397813,412.3029867397813,17.928361393144883
single-blocker,15,444,completed,416,11.125,283.5,828.0,431.2061454350754,431.2061454350754,18.154006366260543
single-blocker,15,444,completed,448,11.125,298.5,882.0,445.96223422800864,445.96223422800864,18.29818104846606
single-blocker,15,444,completed,480,11.125,313.5,938.0,460.7757922742311,460.7757922742311,18.438389426099228
single-blocker,15,444,completed,512,11.125,328.5,991.0,474.266571022105,474.266571022105,18.56134294069171
single-blocker,15,444,plugin,32,0.140625,16.3125,60.0,59.96821681185914,59.96821681185914,9.303203373190025
single-blocker,15,444,plugin,64,0.140625,31.3125,115.0,106.24651864452042,106.24651864452042,10.666229745436553
single-blocker,15,444,plugin,96,0.140625,46.3125,170.0,141.80614744910045,141.80614744910045,11.469183238526844
single-blocker,15,444,plugin,128,0.140625,61.3125,227.0,172.81665198520955,172.81665198520955,12.061681073477942
single-blocker,15,444,plugin,160,0.140625,76.3125,284.0,199.98674766505317,199.98674766505317,12.518129512293132
single-blocker,15,444,plugin,192,0.140625,91.3125,343.0,225.34292831470583,225.34292831470583,12.903150365531912
single-blocker,15,444,plugin,224,0.140625,106.3125,401.0,248.12848292801024,248.12848292801024,13.220022561533726
single-blocker,15,444,plugin,256,0.140625,121.3125,450.0,265.8458225225038,265.8458225225038,13.447307720430471
single-blocker,15,444,plugin,288,0.140625,136.3125,502.0,283.6925788940943,283.6925788940943,13.665141287593139
single-blocker,15,444,plugin,320,0.140625,151.3125,558.0,302.0142175435626,302.0142175435626,13.87864535738955
single-blocker,15,444,plugin,352,0.140625,166.3125,617.0,320.40901337327057,320.40901337327057,14.083076271115873
single-blocker,15,444,plugin,384,0.140625,181.3125,675.0,337.6082120553389,337.6082120553389,14.264994598249618
single-blocker,15,444,plugin,416,0.140625,196.3125,727.0,352.26002003597984,352.26002003597984,14.412389713348555
single-blocker,15,444,plugin,448,0.140625,211.3125,781.0,366.97414646959345,366.97414646959345,14.555684813302582
single-blocker,15,444,plugin,480,0.140625,226.3125,837.0,381.7465283857384,381.7465283857384,14.695059224118868
single-blocker,15,444,plugin,512,0.140625,241.3125,890.0,395.20461379237764,395.20461379237764,14.817371174496161
single-blocker,15,444,safe,32,8.25,0.0,32.0,31.968216811859147,31.968216811859147,4.02724519543652
single-blocker,15,444,safe,64,16.5,0.0,64.0,57.42435623340214,57.42435623340214,4.7282659037057675
single-blocker,15,444,safe,96,24.75,0.0,96.0,76.78319682780861,76.78319682780861,5.136346480888775
single-blocker,15,444,safe,128,33.0,0.0,128.0,93.03345515740088,93.03345515740088,5.425334592589174
single-blocker,15,444,safe,160,41.25,0.0,160.0,107.31238195727079,107.31238195727079,5.649261224939744
single-blocker,15,444,safe,192,49.5,0.0,192.0,120.1978375468853,120.1978375468853,5.832104609707439
single-blocker,15,444,safe,224,57.75,0.0,224.0,132.0310352083931,132.0310352083931,5.986627913082163
single-blocker,15,444,safe,256,66.0,0.0,256.0,143.03333360981438,143.03333360981438,6.120438712817281
single-blocker,15,444,safe,288,74.25,0.0,288.0,153.35798108855585,153.35798108855585,6.238439029233648
single-blocker,15,444,safe,320,82.5,0.0,320.0,163.1162631808352,163.1162631808352,6.343973346894013
single-blocker,15,444,safe,352,90.75,0.0,352.0,172.39200998111025,172.39200998111025,6.43942571339101
single-blocker,15,444,safe,384,99.0,0.0,384.0,181.25023096678382,181.25023096678382,6.5265555690159704
single-blocker,15,444,safe,416,107.25,0.0,416.0,189.74254455085054,189.74254455085054,6.6066985205464555
single-blocker,15,444,safe,448,115.5,0.0,448.0,197.91074640079475,197.91074640079475,6.680892410683006
single-blocker,15,444,safe,480,123.75,0.0,480.0,205.78924141297622,205.78924141297622,6.7499597404471405
single-blocker,15,444,safe,512,132.0,0.0,512.0,213.40675252840046,213.40675252840046,6.81456340954972
single-blocker,15,444,known,32,0.0,15.0,57.0,56.96821681185914,56.96821681185914,7.803203373190027
single-blocker,15,444,known,64,0.0,30.0,112.0,103.24651864452044,103.24651864452044,9.166229745436556
single-blocker,15,444,known,96,0.0,45.0,167.0,138.80614744910045,138.80614744910045,9.969183238526847
single-blocker,15,444,known,128,0.0,60.0,224.0,169.81665198520955,169.81665198520955,10.561681073477946
single-blocker,15,444,known,160,0.0,75.0,281.0,196.98674766505317,196.98674766505317,11.018129512293136
single-blocker,15,444,known,192,0.0,90.0,340.0,222.34292831470583,222.34292831470583,11.403150365531916
single-blocker,15,444,known,224,0.0,105.0,398.0,245.12848292801024,245.12848292801024,11.72002256153373
single-blocker,15,444,known,256,0.0,120.0,447.0,262.8458225225038,262.8458225225038,11.947307720430475
single-blocker,15,444,known,288,0.0,135.0,499.0,280.6925788940943,280.6925788940943,12.165141287593142
single-blocker,15,444,known,320,0.0,150.0,555.0,299.0142175435626,299.0142175435626,12.378645357389553
single-blocker,15,444,known,352,0.0,165.0,614.0,317.40901337327057,317.40901337327057,12.583076271115877
single-blocker,15,444,known,384,0.0,180.0,672.0,334.6082120553389,334.6082120553389,12.764994598249622
single-blocker,15,444,known,416,0.0,195.0,724.0,349.26002003597984,349.26002003597984,12.912389713348558
single-blocker,15,444,known,448,0.0,210.0,778.0,363.97414646959345,363.97414646959345,13.055684813302586
single-blocker,15,444,known,480,0.0,225.0,834.0,378.7465283857384,378.7465283857384,13.195059224118872
single-blocker,15,444,known,512,0.0,240.0,887.0,392.20461379237764,392.20461379237764,13.317371174496165
single-blocker,15,444,product,32,0.0,15.0,57.0,56.96821681185914,56.96821681185914,7.803203373190027
single-blocker,15,444,product,64,0.0,30.0,112.0,103.24651864452044,103.24651864452044,9.166229745436556
single-blocker,15,444,product,96,0.0,45.0,167.0,138.80614744910045,138.80614744910045,9.969183238526847
single-blocker,15,444,product,128,0.0,60.0,224.0,169.81665198520955,169.81665198520955,10.561681073477946
single-blocker,15,444,product,160,0.0,75.0,281.0,196.98674766505317,196.98674766505317,11.018129512293136
single-blocker,15,444,product,192,0.0,90.0,340.0,222.34292831470583,222.34292831470583,11.403150365531916
single-blocker,15,444,product,224,0.0,105.0,398.0,245.12848292801024,245.12848292801024,11.72002256153373
single-blocker,15,444,product,256,0.0,120.0,447.0,262.8458225225038,262.8458225225038,11.947307720430475
single-blocker,15,444,product,288,0.0,135.0,499.0,280.6925788940943,280.6925788940943,12.165141287593142
single-blocker,15,444,product,320,0.0,150.0,555.0,299.0142175435626,299.0142175435626,12.378645357389553
single-blocker,15,444,product,352,0.0,165.0,614.0,317.40901337327057,317.40901337327057,12.583076271115877
single-blocker,15,444,product,384,0.0,180.0,672.0,334.6082120553389,334.6082120553389,12.764994598249622
single-blocker,15,444,product,416,0.0,195.0,724.0,349.26002003597984,349.26002003597984,12.912389713348558
single-blocker,15,444,product,448,0.0,210.0,778.0,363.97414646959345,363.97414646959345,13.055684813302586
single-blocker,15,444,product,480,0.0,225.0,834.0,378.7465283857384,378.7465283857384,13.195059224118872
single-blocker,15,444,product,512,0.0,240.0,887.0,392.20461379237764,392.20461379237764,13.317371174496165
outcome-lag-64,17,444,prefix,32,0.0,20.0,64.0,64.0,64.0,43.89056727828135
outcome-lag-64,17,444,prefix,64,0.0,40.0,128.0,128.0,128.0,87.2390271287435
outcome-lag-64,17,444,prefix,96,0.0,60.0,191.77995804233697,191.45442861790735,191.45442861790735,124.04929384397111
outcome-lag-64,17,444,prefix,128,0.0,80.0,246.56673096466469,248.39634049775046,246.0749314120578,147.48681893652036
outcome-lag-64,17,444,prefix,160,0.0,100.0,289.16412822542367,297.4947670478314,288.67232867281683,165.35521183395014
outcome-lag-64,17,444,prefix,192,0.0,120.0,326.6862258864382,341.7740596649284,326.19442633383136,179.96295530082568
outcome-lag-64,17,444,prefix,224,0.0,140.0,360.7181222319428,382.01193854649216,360.22632267933596,191.72435279035645
outcome-lag-64,17,444,prefix,256,0.0,160.0,390.6521328427366,417.39976426929337,390.16033329012976,201.44459479849084
outcome-lag-64,17,444,prefix,288,0.0,180.0,417.82843148836156,449.9043822763896,417.3366319357547,210.08604335989173
outcome-lag-64,17,444,prefix,320,0.0,200.0,443.46205854233204,480.7395942280214,442.9702589897252,218.10606162333798
outcome-lag-64,17,444,prefix,352,0.0,220.0,468.9911586339043,511.28197537328157,468.4993590812975,225.6521967212652
outcome-lag-64,17,444,prefix,384,0.0,240.0,491.26902702272065,538.4351833712363,490.7772274701138,232.5205840904649
outcome-lag-64,17,444,prefix,416,0.0,260.0,513.5797336050224,565.2847271414767,513.0879340524156,238.927672088721
outcome-lag-64,17,444,prefix,448,0.0,280.0,534.2514813564542,590.5436774915801,533.7596818038473,245.09302946974972
outcome-lag-64,17,444,prefix,480,0.0,300.0,554.0786367067261,614.5255064415066,553.5868371541193,250.64960340746387
outcome-lag-64,17,444,prefix,512,0.0,320.0,573.314658904698,637.3793652595634,572.8228593520912,255.50564481562816
outcome-lag-64,17,444,intersection,32,0.0,20.0,64.0,64.0,64.0,43.89056727828135
outcome-lag-64,17,444,intersection,64,0.0,40.0,128.0,128.0,128.0,87.2390271287435
outcome-lag-64,17,444,intersection,96,0.0,60.0,191.77995804233697,191.45442861790735,191.45442861790735,124.04929384397111
outcome-lag-64,17,444,intersection,128,0.0,80.0,246.57395688987432,248.3797325308933,246.0821573372675,147.43171751803493
outcome-lag-64,17,444,intersection,160,0.0,100.0,289.17135415063336,297.37642190342257,288.6795545980265,165.19800857997973
outcome-lag-64,17,444,intersection,192,0.0,120.0,326.67108854251615,341.6494244765065,326.1792889899093,179.78115546473566
outcome-lag-64,17,444,intersection,224,0.0,140.0,360.63493485460214,381.8425535395388,360.1431353019953,191.5406992472219
outcome-lag-64,17,444,intersection,256,0.0,160.0,390.54433939026876,417.2197440106291,390.0525398376619,201.26413696038856
outcome-lag-64,17,444,intersection,288,0.0,180.0,417.7120721064105,449.72204205661177,417.2202725538037,209.91036166399024
outcome-lag-64,17,444,intersection,320,0.0,200.0,443.3315930983314,480.5475681930342,442.83979354572455,217.93183086601735
outcome-lag-64,17,444,intersection,352,0.0,220.0,468.81869092695183,511.0482267731163,468.326891374345,225.46713664362576
outcome-lag-64,17,444,intersection,384,0.0,240.0,491.09545045782806,538.2043248018715,490.60365090522123,232.3385061788296
outcome-lag-64,17,444,intersection,416,0.0,260.0,513.3861462679408,565.0324644942366,512.894346715334,238.7386468681116
outcome-lag-64,17,444,intersection,448,0.0,280.0,534.0510891665232,590.2847507933901,533.5592896139163,244.90235083201603
outcome-lag-64,17,444,intersection,480,0.0,300.0,553.872590631719,614.2625497265763,553.3807910791122,250.45956331657058
outcome-lag-64,17,444,intersection,512,0.0,320.0,573.1015599852569,637.1116826462084,572.6097604326501,255.31721279988767
outcome-lag-64,17,444,completed,32,0.0,20.0,64.0,64.0,64.0,43.89056727828135
outcome-lag-64,17,444,completed,64,0.625,38.75,126.0,126.0,126.0,86.01997950969587
outcome-lag-64,17,444,completed,96,0.9375,58.125,188.77995804233697,188.45442861790735,188.45442861790735,118.67737316819112
outcome-lag-64,17,444,completed,128,0.9375,78.125,243.2790842318096,245.1325280804651,242.78728467920277,140.77774926479157
outcome-lag-64,17,444,completed,160,0.9375,98.125,287.5298768166235,295.22865356371193,287.0380772640167,158.12036300218725
outcome-lag-64,17,444,completed,192,0.9375,118.125,325.69502039969046,340.476156193329,325.2032208470836,173.30194223129683
outcome-lag-64,17,444,completed,224,0.9375,138.125,359.3549150818253,380.6382822488209,358.8631155292185,185.33596132284646
outcome-lag-64,17,444,completed,256,0.9375,158.125,389.3271118384073,416.2651919971139,388.83531228580046,195.29387120025171
outcome-lag-64,17,444,completed,288,0.9375,178.125,416.6492827708674,449.035172554237,416.15748321826055,204.14632931605422
outcome-lag-64,17,444,completed,320,0.9375,198.125,442.2790333841373,479.96590401555625,441.78723383153044,212.30145105298
outcome-lag-64,17,444,completed,352,0.9375,218.125,467.3346004035766,510.06044649101403,466.84280085096975,219.76722249117051
outcome-lag-64,17,444,completed,384,0.9375,238.125,489.7228915554532,537.4102518734184,489.23109200284637,226.74546207781938
outcome-lag-64,17,444,completed,416,0.9375,258.125,511.83216135583723,564.0532144138344,511.3403618032304,233.09536578521858
outcome-lag-64,17,444,completed,448,0.9375,278.125,532.4864509903427,589.3187631713023,531.9946514377359,239.2808872268106
outcome-lag-64,17,444,completed,480,0.9375,298.125,552.3004106035152,613.3354273724694,551.8086110509083,244.88897003645948
outcome-lag-64,17,444,completed,512,0.9375,318.125,571.4901835146411,636.199235294756,570.9983839620343,249.80469759734575
outcome-lag-64,17,444,plugin,32,1.3125,16.25,59.0,59.0,59.0,40.58076972289557
outcome-lag-64,17,444,plugin,64,10.796875,17.1875,92.0,92.0,92.0,59.02002167817156
outcome-lag-64,17,444,plugin,96,11.53125,35.625,153.77995804233697,153.45442861790735,153.45442861790735,90.89081836463295
outcome-lag-64,17,444,plugin,128,11.53125,55.625,210.3895868776387,210.43693674210002,209.89778732503186,115.47458548413695
outcome-lag-64,17,444,plugin,160,11.53125,75.625,258.10181384474225,262.2804850415277,257.6100142921354,136.91452374175117
outcome-lag-64,17,444,plugin,192,11.53125,95.625,298.07986628287216,308.7934154156503,297.5880667302653,153.95918462121708
outcome-lag-64,17,444,plugin,224,11.53125,115.625,334.70653366154306,351.35401724808366,334.2147341089362,167.6245186216511
outcome-lag-64,17,444,plugin,256,11.53125,135.625,367.1002708324292,389.02399705240964,366.60847127982237,178.47047215953594
outcome-lag-64,17,444,plugin,288,11.53125,155.625,396.27762732230633,423.62008374113,395.7858277696995,187.9161798367269
outcome-lag-64,17,444,plugin,320,11.53125,175.625,423.6324673917767,456.3489904741887,423.14066783916985,196.66271967132857
outcome-lag-64,17,444,plugin,352,11.53125,195.625,451.16199355381184,489.06980166541547,450.670194001205,204.9964986421488
outcome-lag-64,17,444,plugin,384,11.53125,215.625,474.39216986400476,517.3019374311725,473.9003703113979,212.26103895689099
outcome-lag-64,17,444,plugin,416,11.53125,235.625,497.8789476832226,545.4956760392658,497.38714813061574,219.15455243671033
outcome-lag-64,17,444,plugin,448,11.53125,255.625,519.3548450488412,571.7356738585255,518.8630454962343,225.68797977195382
outcome-lag-64,17,444,plugin,480,11.53125,275.625,539.8762828942839,596.5693034560887,539.3844833416771,231.54771951413477
outcome-lag-64,17,444,plugin,512,11.53125,295.625,559.7568707120656,620.191769092684,559.2650711594588,236.6429947398744
outcome-lag-64,17,444,safe,32,10.0,0.0,32.0,32.0,32.0,18.178732767762636
outcome-lag-64,17,444,safe,64,20.0,0.0,64.0,64.0,64.0,35.663439268493185
outcome-lag-64,17,444,safe,96,30.0,0.0,95.77995804233696,95.4544286179074,95.4544286179074,50.222396486134826
outcome-lag-64,17,444,safe,128,40.0,0.0,120.38958687763879,120.43693674210004,119.89778732503191,59.24363439243557
outcome-lag-64,17,444,safe,160,50.0,0.0,139.11324410847524,140.89302101446413,138.62144455586835,65.64471849728037
outcome-lag-64,17,444,safe,192,60.0,0.0,155.0064636178625,159.2612430973735,154.5146640652556,71.31032837534285
outcome-lag-64,17,444,safe,224,70.0,0.0,168.9961278563396,175.84508152930712,168.5043283037327,76.21549244914335
outcome-lag-64,17,444,safe,256,80.0,0.0,181.66847029929215,190.96532218997882,181.17667074668526,80.46724550812893
outcome-lag-64,17,444,safe,288,90.0,0.0,193.31940160161355,204.92935231897314,192.82760204900666,84.22462847479822
outcome-lag-64,17,444,safe,320,100.0,0.0,204.17300954470258,217.8654962154929,203.6812099920957,87.50802459669886
outcome-lag-64,17,444,safe,352,110.0,0.0,214.35828425397023,230.24645574574114,213.86648470136333,90.70868969316913
outcome-lag-64,17,444,safe,384,120.0,0.0,223.9962100704526,242.3100656897251,223.5044105178457,94.00120850710435
outcome-lag-64,17,444,safe,416,130.0,0.0,233.16964765857114,253.76865424346232,232.67784810596424,97.04762642830536
outcome-lag-64,17,444,safe,448,140.0,0.0,241.93282095173694,264.6792815293803,241.44102139913005,99.86424575441546
outcome-lag-64,17,444,safe,480,150.0,0.0,250.33899552141443,274.7309719656976,249.84719596880754,102.10650850831531
outcome-lag-64,17,444,safe,512,160.0,0.0,258.42344776221023,284.1279918161483,257.9316482096034,103.95062091244432
outcome-lag-64,17,444,known,32,0.0,20.0,64.0,64.0,64.0,43.89056727828135
outcome-lag-64,17,444,known,64,0.0,40.0,128.0,128.0,128.0,87.2390271287435
outcome-lag-64,17,444,known,96,0.0,60.0,191.77995804233697,191.45442861790735,191.45442861790735,124.04929384397111
outcome-lag-64,17,444,known,128,0.0,80.0,246.1440279570848,248.41353497073754,245.65222840447794,147.79062071501133
outcome-lag-64,17,444,known,160,0.0,100.0,288.74142521784387,297.7309068089207,288.2496256652369,165.80241143721622
outcome-lag-64,17,444,known,192,0.0,120.0,326.31733273141896,341.98574078357655,325.825533178812,180.23338382847535
outcome-lag-64,17,444,known,224,0.0,140.0,360.77843751356227,382.5122081309283,360.2866379609553,192.03176023995798
outcome-lag-64,17,444,known,256,0.0,160.0,390.8796754683161,417.9869179816862,390.3878759157092,201.75065681275146
outcome-lag-64,17,444,known,288,0.0,180.0,418.122689777713,450.5254360466482,417.63089022510604,210.37767576928903
outcome-lag-64,17,444,known,320,0.0,200.0,443.84592080710866,481.4280787210685,443.3541212545017,218.39849720184574
outcome-lag-64,17,444,known,352,0.0,220.0,469.60633437338373,512.2002642253053,469.1145348207768,226.0074051974857
outcome-lag-64,17,444,known,384,0.0,240.0,491.8981299210589,539.347625832419,491.40633036845196,232.86446250247442
outcome-lag-64,17,444,known,416,0.0,260.0,514.3192698522897,566.3152006433517,513.8274702996829,239.31088929216529
outcome-lag-64,17,444,known,448,0.0,280.0,535.0312334992689,591.6146223789963,534.539433946662,245.4875986278137
outcome-lag-64,17,444,known,480,0.0,300.0,554.8915895354938,615.6223468820608,554.399789982887,251.04329532952605
outcome-lag-64,17,444,known,512,0.0,320.0,574.1671586342331,638.5046870128521,573.6753590816263,255.8929742014143
outcome-lag-64,17,444,product,32,0.0,20.0,64.0,64.0,64.0,43.89056727828135
outcome-lag-64,17,444,product,64,0.0,40.0,128.0,128.0,128.0,87.2390271287435
outcome-lag-64,17,444,product,96,0.0,60.0,191.77995804233697,191.45442861790735,191.45442861790735,124.04929384397111
outcome-lag-64,17,444,product,128,0.0,80.0,246.1440279570848,248.41353497073754,245.65222840447794,147.79062071501133
outcome-lag-64,17,444,product,160,0.0,100.0,288.74142521784387,297.7309068089207,288.2496256652369,165.80241143721622
outcome-lag-64,17,444,product,192,0.0,120.0,326.31733273141896,341.98574078357655,325.825533178812,180.23338382847535
outcome-lag-64,17,444,product,224,0.0,140.0,360.77843751356227,382.5122081309283,360.2866379609553,192.03176023995798
outcome-lag-64,17,444,product,256,0.0,160.0,390.8796754683161,417.9869179816862,390.3878759157092,201.75065681275146
outcome-lag-64,17,444,product,288,0.0,180.0,418.122689777713,450.5254360466482,417.63089022510604,210.37767576928903
outcome-lag-64,17,444,product,320,0.0,200.0,443.84592080710866,481.4280787210685,443.3541212545017,218.39849720184574
outcome-lag-64,17,444,product,352,0.0,220.0,469.60633437338373,512.2002642253053,469.1145348207768,226.0074051974857
outcome-lag-64,17,444,product,384,0.0,240.0,491.8981299210589,539.347625832419,491.40633036845196,232.86446250247442
outcome-lag-64,17,444,product,416,0.0,260.0,514.3192698522897,566.3152006433517,513.8274702996829,239.31088929216529
outcome-lag-64,17,444,product,448,0.0,280.0,535.0312334992689,591.6146223789963,534.539433946662,245.4875986278137
outcome-lag-64,17,444,product,480,0.0,300.0,554.8915895354938,615.6223468820608,554.399789982887,251.04329532952605
outcome-lag-64,17,444,product,512,0.0,320.0,574.1671586342331,638.5046870128521,573.6753590816263,255.8929742014143
single-blocker,17,444,prefix,32,0.0,20.0,64.0,63.96821681185914,63.96821681185914,10.435915588510937
single-blocker,17,444,prefix,64,0.0,40.0,128.0,120.38388570923826,120.38388570923826,12.676557891307311
single-blocker,17,444,prefix,96,0.0,60.0,192.0,164.16397627915396,164.16397627915396,13.77085570199463
single-blocker,17,444,prefix,128,0.0,80.0,256.0,201.78486879706864,201.78486879706864,14.58892626891446
single-blocker,17,444,prefix,160,0.0,100.0,320.0,234.15796454223332,234.15796454223332,15.189502196732198
single-blocker,17,444,prefix,192,0.0,120.0,384.0,264.9612354151211,264.9612354151211,15.75314898613374
single-blocker,17,444,prefix,224,0.0,140.0,448.0,294.20238855390454,294.20238855390454,16.266211189047954
single-blocker,17,444,prefix,256,0.0,160.0,512.0,320.3621351865118,320.3621351865118,16.6701445436908
single-blocker,17,444,prefix,288,0.0,180.0,576.0,344.6198952200438,344.6198952200438,17.016405468798677
single-blocker,17,444,prefix,320,0.0,200.0,640.0,367.82087073069323,367.82087073069323,17.33555973758438
single-blocker,17,444,prefix,352,0.0,220.0,704.0,391.31754681518834,391.31754681518834,17.668958313482722
single-blocker,17,444,prefix,384,0.0,240.0,768.0,411.8539790039325,411.8539790039325,17.915086200101566
single-blocker,17,444,prefix,416,0.0,260.0,832.0,432.6331425866577,432.6331425866577,18.173101761584768
single-blocker,17,444,prefix,448,0.0,280.0,896.0,451.97657834925946,451.97657834925946,18.393825124190194
single-blocker,17,444,prefix,480,0.0,300.0,960.0,470.6341891782015,470.6341891782015,18.599408151780548
single-blocker,17,444,prefix,512,0.0,320.0,1024.0,488.86411170146886,488.86411170146886,18.796669416145274
single-blocker,17,444,intersection,32,0.0,20.0,64.0,63.96821681185914,63.96821681185914,10.435915588510937
single-blocker,17,444,intersection,64,0.0,40.0,128.0,121.04745485487554,121.04745485487554,12.757244816715454
single-blocker,17,444,intersection,96,0.0,60.0,192.0,165.872280598145,165.872280598145,13.875224515514937
single-blocker,17,444,intersection,128,0.0,80.0,256.0,203.66204661315243,203.66204661315243,14.682464392232326
single-blocker,17,444,intersection,160,0.0,100.0,320.0,236.1236061925171,236.1236061925171,15.27993585655164
single-blocker,17,444,intersection,192,0.0,120.0,384.0,266.72830368774,266.72830368774,15.82746150127752
single-blocker,17,444,intersection,224,0.0,140.0,448.0,295.7011854517578,295.7011854517578,16.32386187326253
single-blocker,17,444,intersection,256,0.0,160.0,512.0,321.76569410884684,321.76569410884684,16.720786815684804
single-blocker,17,444,intersection,288,0.0,180.0,576.0,345.97069664129515,345.97069664129515,17.062619902437834
single-blocker,17,444,intersection,320,0.0,200.0,640.0,369.1004284716259,369.1004284716259,17.377158044583176
single-blocker,17,444,intersection,352,0.0,220.0,704.0,392.4222224795121,392.4222224795121,17.70270600513629
single-blocker,17,444,intersection,384,0.0,240.0,768.0,412.95176502088657,412.95176502088657,17.947427917755924
single-blocker,17,444,intersection,416,0.0,260.0,832.0,433.64849927130047,433.64849927130047,18.201706396185877
single-blocker,17,444,intersection,448,0.0,280.0,896.0,452.96098952485113,452.96098952485113,18.420603680662186
single-blocker,17,444,intersection,480,0.0,300.0,960.0,471.59021919510656,471.59021919510656,18.624578338705707
single-blocker,17,444,intersection,512,0.0,320.0,1024.0,489.7835628415068,489.7835628415068,18.820104575213396
single-blocker,17,444,completed,32,0.0,20.0,64.0,63.96821681185914,63.96821681185914,10.435915588510937
single-blocker,17,444,completed,64,0.0,40.0,128.0,121.04745485487554,121.04745485487554,12.757244816715454
single-blocker,17,444,completed,96,0.0,60.0,192.0,165.872280598145,165.872280598145,13.875224515514937
single-blocker,17,444,completed,128,0.0,80.0,256.0,203.66204661315243,203.66204661315243,14.682464392232326
single-blocker,17,444,completed,160,0.0,100.0,320.0,236.1236061925171,236.1236061925171,15.27993585655164
single-blocker,17,444,completed,192,0.0,120.0,384.0,266.72830368774,266.72830368774,15.82746150127752
single-blocker,17,444,completed,224,0.0,140.0,448.0,295.7011854517578,295.7011854517578,16.32386187326253
single-blocker,17,444,completed,256,0.0,160.0,512.0,321.76569410884684,321.76569410884684,16.720786815684804
single-blocker,17,444,completed,288,0.0,180.0,576.0,345.97069664129515,345.97069664129515,17.062619902437834
single-blocker,17,444,completed,320,0.0,200.0,640.0,369.1004284716259,369.1004284716259,17.377158044583176
single-blocker,17,444,completed,352,0.0,220.0,704.0,392.4222224795121,392.4222224795121,17.70270600513629
single-blocker,17,444,completed,384,0.0,240.0,768.0,412.95176502088657,412.95176502088657,17.947427917755924
single-blocker,17,444,completed,416,0.0,260.0,832.0,433.64849927130047,433.64849927130047,18.201706396185877
single-blocker,17,444,completed,448,0.0,280.0,896.0,452.96098952485113,452.96098952485113,18.420603680662186
single-blocker,17,444,completed,480,0.0,300.0,960.0,471.59021919510656,471.59021919510656,18.624578338705707
single-blocker,17,444,completed,512,0.0,320.0,1024.0,489.7835628415068,489.7835628415068,18.820104575213396
single-blocker,17,444,plugin,32,0.0,20.0,64.0,63.96821681185914,63.96821681185914,10.435915588510937
single-blocker,17,444,plugin,64,0.0,40.0,128.0,120.38388570923826,120.38388570923826,12.676557891307311
single-blocker,17,444,plugin,96,0.0,60.0,192.0,164.16397627915396,164.16397627915396,13.77085570199463
single-blocker,17,444,plugin,128,0.0,80.0,256.0,201.78486879706864,201.78486879706864,14.58892626891446
single-blocker,17,444,plugin,160,0.0,100.0,320.0,234.15796454223332,234.15796454223332,15.189502196732198
single-blocker,17,444,plugin,192,0.0,120.0,384.0,264.9612354151211,264.9612354151211,15.75314898613374
single-blocker,17,444,plugin,224,0.0,140.0,448.0,294.20238855390454,294.20238855390454,16.266211189047954
single-blocker,17,444,plugin,256,0.0,160.0,512.0,320.3621351865118,320.3621351865118,16.6701445436908
single-blocker,17,444,plugin,288,0.0,180.0,576.0,344.6198952200438,344.6198952200438,17.016405468798677
single-blocker,17,444,plugin,320,0.0,200.0,640.0,367.82087073069323,367.82087073069323,17.33555973758438
single-blocker,17,444,plugin,352,0.0,220.0,704.0,391.31754681518834,391.31754681518834,17.668958313482722
single-blocker,17,444,plugin,384,0.0,240.0,768.0,411.8539790039325,411.8539790039325,17.915086200101566
single-blocker,17,444,plugin,416,0.0,260.0,832.0,432.6331425866577,432.6331425866577,18.173101761584768
single-blocker,17,444,plugin,448,0.0,280.0,896.0,451.97657834925946,451.97657834925946,18.393825124190194
single-blocker,17,444,plugin,480,0.0,300.0,960.0,470.6341891782015,470.6341891782015,18.599408151780548
single-blocker,17,444,plugin,512,0.0,320.0,1024.0,488.86411170146886,488.86411170146886,18.796669416145274
single-blocker,17,444,safe,32,10.0,0.0,32.0,31.968216811859147,31.968216811859147,4.02724519543652
single-blocker,17,444,safe,64,20.0,0.0,64.0,57.42435623340214,57.42435623340214,4.7282659037057675
single-blocker,17,444,safe,96,30.0,0.0,96.0,76.78319682780861,76.78319682780861,5.136346480888775
single-blocker,17,444,safe,128,40.0,0.0,128.0,93.03345515740088,93.03345515740088,5.425334592589174
single-blocker,17,444,safe,160,50.0,0.0,160.0,107.31238195727079,107.31238195727079,5.649261224939744
single-blocker,17,444,safe,192,60.0,0.0,192.0,120.1978375468853,120.1978375468853,5.832104609707439
single-blocker,17,444,safe,224,70.0,0.0,224.0,132.0310352083931,132.0310352083931,5.986627913082163
single-blocker,17,444,safe,256,80.0,0.0,256.0,143.03333360981438,143.03333360981438,6.120438712817281
single-blocker,17,444,safe,288,90.0,0.0,288.0,153.35798108855585,153.35798108855585,6.238439029233648
single-blocker,17,444,safe,320,100.0,0.0,320.0,163.1162631808352,163.1162631808352,6.343973346894013
single-blocker,17,444,safe,352,110.0,0.0,352.0,172.39200998111025,172.39200998111025,6.43942571339101
single-blocker,17,444,safe,384,120.0,0.0,384.0,181.25023096678382,181.25023096678382,6.5265555690159704
single-blocker,17,444,safe,416,130.0,0.0,416.0,189.74254455085054,189.74254455085054,6.6066985205464555
single-blocker,17,444,safe,448,140.0,0.0,448.0,197.91074640079475,197.91074640079475,6.680892410683006
single-blocker,17,444,safe,480,150.0,0.0,480.0,205.78924141297622,205.78924141297622,6.7499597404471405
single-blocker,17,444,safe,512,160.0,0.0,512.0,213.40675252840046,213.40675252840046,6.81456340954972
single-blocker,17,444,known,32,0.0,20.0,64.0,63.96821681185914,63.96821681185914,10.435915588510937
single-blocker,17,444,known,64,0.0,40.0,128.0,120.38388570923826,120.38388570923826,12.676557891307311
single-blocker,17,444,known,96,0.0,60.0,192.0,164.16397627915396,164.16397627915396,13.77085570199463
single-blocker,17,444,known,128,0.0,80.0,256.0,201.78486879706864,201.78486879706864,14.58892626891446
single-blocker,17,444,known,160,0.0,100.0,320.0,234.15796454223332,234.15796454223332,15.189502196732198
single-blocker,17,444,known,192,0.0,120.0,384.0,264.9612354151211,264.9612354151211,15.75314898613374
single-blocker,17,444,known,224,0.0,140.0,448.0,294.20238855390454,294.20238855390454,16.266211189047954
single-blocker,17,444,known,256,0.0,160.0,512.0,320.3621351865118,320.3621351865118,16.6701445436908
single-blocker,17,444,known,288,0.0,180.0,576.0,344.6198952200438,344.6198952200438,17.016405468798677
single-blocker,17,444,known,320,0.0,200.0,640.0,367.82087073069323,367.82087073069323,17.33555973758438
single-blocker,17,444,known,352,0.0,220.0,704.0,391.31754681518834,391.31754681518834,17.668958313482722
single-blocker,17,444,known,384,0.0,240.0,768.0,411.8539790039325,411.8539790039325,17.915086200101566
single-blocker,17,444,known,416,0.0,260.0,832.0,432.6331425866577,432.6331425866577,18.173101761584768
single-blocker,17,444,known,448,0.0,280.0,896.0,451.97657834925946,451.97657834925946,18.393825124190194
single-blocker,17,444,known,480,0.0,300.0,960.0,470.6341891782015,470.6341891782015,18.599408151780548
single-blocker,17,444,known,512,0.0,320.0,1024.0,488.86411170146886,488.86411170146886,18.796669416145274
single-blocker,17,444,product,32,0.0,20.0,64.0,63.96821681185914,63.96821681185914,10.435915588510937
single-blocker,17,444,product,64,0.0,40.0,128.0,120.38388570923826,120.38388570923826,12.676557891307311
single-blocker,17,444,product,96,0.0,60.0,192.0,164.16397627915396,164.16397627915396,13.77085570199463
single-blocker,17,444,product,128,0.0,80.0,256.0,201.78486879706864,201.78486879706864,14.58892626891446
single-blocker,17,444,product,160,0.0,100.0,320.0,234.15796454223332,234.15796454223332,15.189502196732198
single-blocker,17,444,product,192,0.0,120.0,384.0,264.9612354151211,264.9612354151211,15.75314898613374
single-blocker,17,444,product,224,0.0,140.0,448.0,294.20238855390454,294.20238855390454,16.266211189047954
single-blocker,17,444,product,256,0.0,160.0,512.0,320.3621351865118,320.3621351865118,16.6701445436908
single-blocker,17,444,product,288,0.0,180.0,576.0,344.6198952200438,344.6198952200438,17.016405468798677
single-blocker,17,444,product,320,0.0,200.0,640.0,367.82087073069323,367.82087073069323,17.33555973758438
single-blocker,17,444,product,352,0.0,220.0,704.0,391.31754681518834,391.31754681518834,17.668958313482722
single-blocker,17,444,product,384,0.0,240.0,768.0,411.8539790039325,411.8539790039325,17.915086200101566
single-blocker,17,444,product,416,0.0,260.0,832.0,432.6331425866577,432.6331425866577,18.173101761584768
single-blocker,17,444,product,448,0.0,280.0,896.0,451.97657834925946,451.97657834925946,18.393825124190194
single-blocker,17,444,product,480,0.0,300.0,960.0,470.6341891782015,470.6341891782015,18.599408151780548
single-blocker,17,444,product,512,0.0,320.0,1024.0,488.86411170146886,488.86411170146886,18.796669416145274
outcome-lag-64,19,444,prefix,32,12.6875,29.25,64.0,64.0,64.0,24.306452349697068
outcome-lag-64,19,444,prefix,64,25.375,58.5,128.0,127.61929933033622,127.61929933033622,50.38082385608193
outcome-lag-64,19,444,prefix,96,30.953125,83.6875,191.7701948891123,186.45687428082437,186.45687428082437,71.93867931843916
outcome-lag-64,19,444,prefix,128,32.265625,106.4375,243.5872779574323,235.58972894824117,235.4767476148975,88.14752796684789
outcome-lag-64,19,444,prefix,160,33.578125,129.1875,288.9723942918846,281.5909935779342,280.52470295632634,102.72572024256947
outcome-lag-64,19,444,prefix,192,34.890625,151.9375,330.0146670524096,323.9277966663865,320.858608322633,113.43119751711892
outcome-lag-64,19,444,prefix,224,36.0390625,173.15625,364.3654523554765,360.5451976323133,355.11689443942834,122.51281848572559
outcome-lag-64,19,444,prefix,256,36.0390625,183.65625,391.9589603808356,391.9773241306759,382.7104024647874,131.42799823498575
outcome-lag-64,19,444,prefix,288,36.0390625,194.15625,413.6312162949883,417.4122741379384,404.3826583789401,138.5815502458474
outcome-lag-64,19,444,prefix,320,36.0390625,204.65625,436.07470648003783,444.16153651476975,426.82614856398965,145.8805019251963
outcome-lag-64,19,444,prefix,352,36.0390625,215.15625,456.306843963696,468.4614009987284,447.0582860476478,152.34416151966678
outcome-lag-64,19,444,prefix,384,36.0390625,225.65625,474.7571966177947,490.37519240135794,465.5086387017465,157.76005224346477
outcome-lag-64,19,444,prefix,416,36.0390625,236.15625,491.66510909015295,510.34752744478493,482.41655117410477,162.37545257280505
outcome-lag-64,19,444,prefix,448,36.0390625,246.65625,508.1277653673536,529.9301227553755,498.87920745130543,166.87390662515352
outcome-lag-64,19,444,prefix,480,36.0390625,257.15625,524.6162012796251,549.5127769703151,515.3676433635765,171.27413987170712
outcome-lag-64,19,444,prefix,512,36.0390625,267.65625,538.9508460393507,566.4830237098001,529.7022881233021,174.96165293456232
outcome-lag-64,19,444,intersection,32,12.6875,29.25,64.0,64.0,64.0,24.306452349697068
outcome-lag-64,19,444,intersection,64,16.48828125,53.421875,128.0,128.0,128.0,53.34139192711037
outcome-lag-64,19,444,intersection,96,17.80078125,76.171875,191.7701948891123,188.4453738691978,188.4453738691978,79.56504325268497
outcome-lag-64,19,444,intersection,128,19.11328125,98.921875,244.1805663948876,238.38448492563202,238.27150359228835,96.15503603740038
outcome-lag-64,19,444,intersection,160,20.42578125,121.671875,290.38879405296456,284.81402708311253,283.7477364615046,109.035391210991
outcome-lag-64,19,444,intersection,192,21.73828125,144.421875,329.83239195893657,325.8233215532594,322.67657960497826,118.91207827653456
outcome-lag-64,19,444,intersection,224,23.05078125,167.171875,364.2010341520487,362.9523997798863,356.97166158488426,127.63298305779584
outcome-lag-64,19,444,intersection,256,23.4609375,181.5,391.70144824639874,394.47118405602924,384.4720756792343,136.07487748886473
outcome-lag-64,19,444,intersection,288,23.4609375,192.0,412.50084283977696,419.0354742518305,405.27147027261253,142.83429166386637
outcome-lag-64,19,444,intersection,320,23.4609375,202.5,434.13899236587565,444.8700106159959,426.9096197987112,149.71913723545788
outcome-lag-64,19,444,intersection,352,23.4609375,213.0,453.78231972402307,468.5071651526095,446.55294715685864,155.90455799325193
outcome-lag-64,19,444,intersection,384,23.4609375,223.5,471.78776773624276,489.9373652203437,464.5583951690783,161.1421438072875
outcome-lag-64,19,444,intersection,416,23.4609375,234.0,488.3564708281881,509.52051571617864,481.12709826102366,165.6167339156845
outcome-lag-64,19,444,intersection,448,23.4609375,244.5,504.51676119447706,528.7457276835441,497.2873886273126,169.986210223666
outcome-lag-64,19,444,intersection,480,23.4609375,255.0,520.7172563597658,547.9998352844013,513.4878837926013,174.27826016662277
outcome-lag-64,19,444,intersection,512,23.4609375,265.5,534.8483912285454,564.7426253740243,527.619018661381,177.89665730449545
outcome-lag-64,19,444,completed,32,7.7109375,26.40625,64.0,64.0,64.0,24.786685164656465
outcome-lag-64,19,444,completed,64,11.009765625,42.7578125,119.0,119.0,119.0,49.028473635662515
outcome-lag-64,19,444,completed,96,13.44140625,59.328125,174.81918064606623,172.14431655208674,172.14431655208674,69.08463471031173
outcome-lag-64,19,444,completed,128,14.75390625,82.078125,229.09205696613304,223.6942241229638,223.58124278962018,82.9723262124035
outcome-lag-64,19,444,completed,160,15.08203125,95.640625,267.77192606165084,262.9843873551268,261.91236619872217,94.2992527224601
outcome-lag-64,19,444,completed,192,16.06640625,115.328125,304.40327164296235,301.3922501391406,298.11655446378336,103.34533280583665
outcome-lag-64,19,444,completed,224,16.271484375,127.7421875,332.08745134958144,332.00744342059306,325.79929843027304,111.05073772156634
outcome-lag-64,19,444,completed,256,16.927734375,144.3671875,361.2153835077222,365.1964747513132,354.9272305884138,119.321645897442
outcome-lag-64,19,444,completed,288,17.501953125,160.2265625,385.3349403830097,393.19103765091364,379.0467874637013,126.31114893300743
outcome-lag-64,19,444,completed,320,18.1171875,176.46875,409.5832303311515,421.6372783399156,403.2950774118431,133.25931153722237
outcome-lag-64,19,444,completed,352,19.1015625,196.15625,432.905008940932,448.9389082144566,426.6137530090522,139.55674260152395
outcome-lag-64,19,444,completed,384,19.224609375,207.8046875,451.833973002514,471.27745489921665,445.54104260574553,144.7754483373649
outcome-lag-64,19,444,completed,416,19.51171875,220.984375,469.8533741768071,492.274919996952,463.5413720280918,149.2232131115906
outcome-lag-64,19,444,completed,448,19.51171875,231.484375,485.91400843429113,511.3816958301733,479.60200628557584,153.55055742013283
outcome-lag-64,19,444,completed,480,19.51171875,241.984375,502.01889004732516,530.5261544579039,495.70688789860986,157.8069976797407
outcome-lag-64,19,444,completed,512,19.51171875,252.484375,516.082025250498,547.192604607272,509.7700231017828,161.40250244434995
outcome-lag-64,19,444,plugin,32,2.576171875,9.6796875,50.0,50.0,50.0,27.40696760409525
outcome-lag-64,19,444,plugin,64,2.701171875,18.6796875,94.0,94.0,94.0,50.0936768314976
outcome-lag-64,19,444,plugin,96,2.826171875,27.6796875,142.81918064606623,140.59527553149005,140.59527553149005,68.983016212762
outcome-lag-64,19,444,plugin,128,2.951171875,36.6796875,181.17279941015653,177.5976677662309,177.48468643288717,80.71029560607782
outcome-lag-64,19,444,plugin,160,2.970703125,46.9453125,215.50381671984061,213.15511657092776,211.79452446287868,90.67771743075599
outcome-lag-64,19,444,plugin,192,2.970703125,57.4453125,243.51132551911095,243.65635852494265,239.80203326214902,98.7776831952738
outcome-lag-64,19,444,plugin,224,2.970703125,67.9453125,267.72449843180453,270.8680236040804,264.0152061748426,105.96131544993452
outcome-lag-64,19,444,plugin,256,2.970703125,78.4453125,292.37383649504056,299.51408225843244,288.66454423807863,113.65857403404912
outcome-lag-64,19,444,plugin,288,2.970703125,88.9453125,312.41011929487246,323.272510977087,308.7008270379105,120.06530712497647
outcome-lag-64,19,444,plugin,320,2.970703125,99.4453125,333.3064051387211,348.23697850605015,329.5971128817592,126.56772322928005
outcome-lag-64,19,444,plugin,352,2.970703125,109.9453125,352.3890259574298,371.2278963088345,348.67973370046786,132.48915800888523
outcome-lag-64,19,444,plugin,384,2.970703125,120.4453125,369.9603368143329,392.17728151904396,366.25104455737096,137.5540733258356
outcome-lag-64,19,444,plugin,416,2.970703125,130.9453125,386.1911985840771,411.3683445045914,382.48190632711515,141.8901936297853
outcome-lag-64,19,444,plugin,448,2.970703125,141.4453125,402.04604802755233,430.22961453216266,398.3367557705904,146.13119528610991
outcome-lag-64,19,444,plugin,480,2.970703125,151.9453125,417.95239253101886,449.1455662884029,414.2431002740569,150.31423846965762
outcome-lag-64,19,444,plugin,512,2.970703125,162.4453125,431.87366720483556,465.65223939704725,428.1643749478736,153.86233444504958
outcome-lag-64,19,444,safe,32,8.375,0.0,32.0,32.0,32.0,18.844851941979584
outcome-lag-64,19,444,safe,64,16.75,0.0,64.0,64.0,64.0,35.66141287638131
outcome-lag-64,19,444,safe,96,25.125,0.0,95.8191806460662,93.59527553149003,93.59527553149003,46.85681487456053
outcome-lag-64,19,444,safe,128,33.5,0.0,120.17279941015668,116.63826270100496,116.52528136766132,53.93853182618356
outcome-lag-64,19,444,safe,160,41.875,0.0,139.0128352194742,136.43160779858684,135.36531717697883,59.67687675624618
outcome-lag-64,19,444,safe,192,50.25,0.0,154.82836835136246,154.2375113813113,151.1808503088671,64.78016813412377
outcome-lag-64,19,444,safe,224,58.625,0.0,168.8482976917502,170.40828941418684,165.20077964925483,69.27227180886618
outcome-lag-64,19,444,safe,256,67.0,0.0,181.50910981745136,185.33912893857928,177.861591774956,73.33462373157246
outcome-lag-64,19,444,safe,288,75.375,0.0,193.15423708134466,199.25401036336856,189.5067190388493,77.04285799403677
outcome-lag-64,19,444,safe,320,83.75,0.0,204.0084938590067,212.04895980123678,200.36097581651134,80.18505965728603
outcome-lag-64,19,444,safe,352,92.125,0.0,214.18850046169854,224.49641905123485,210.54098241920317,83.45222447350613
outcome-lag-64,19,444,safe,384,100.5,0.0,223.83023529132484,236.38213282707886,220.18271724882948,86.56684711930153
outcome-lag-64,19,444,safe,416,108.875,0.0,233.00163271531267,247.40703489599045,229.3541146728173,89.17957855567698
outcome-lag-64,19,444,safe,448,117.25,0.0,241.7626439763811,257.993452868695,238.11512593388574,91.67198856857374
outcome-lag-64,19,444,safe,480,125.625,0.0,250.16672882989334,268.36669310785356,246.51921078739798,94.2358011253149
outcome-lag-64,19,444,safe,512,134.0,0.0,258.25604206490124,278.3391996017346,254.6085240224059,96.65540017287428
outcome-lag-64,19,444,known,32,0.0,10.5,52.0,52.0,52.0,27.53553374040132
outcome-lag-64,19,444,known,64,0.0,21.0,96.0,96.0,96.0,49.28859895823506
outcome-lag-64,19,444,known,96,0.0,31.5,146.81918064606623,144.59527553149005,144.59527553149005,68.42721980717704
outcome-lag-64,19,444,known,128,0.0,42.0,185.00361680379407,181.4970641155137,181.35420878057664,80.15447091593147
outcome-lag-64,19,444,known,160,0.0,52.5,218.46445134616505,216.49366211024056,214.81504332294762,90.0457630187702
outcome-lag-64,19,444,known,192,0.0,63.0,245.83906560356718,246.46951116103517,242.18965758034975,97.94702298342168
outcome-lag-64,19,444,known,224,0.0,73.5,269.62918366090963,273.29353783419964,265.97977563769217,104.98005136314512
outcome-lag-64,19,444,known,256,0.0,84.0,293.87434090271825,301.52221595375136,290.2249328795008,112.50374225386255
outcome-lag-64,19,444,known,288,0.0,94.5,313.67009714784285,325.0184067522682,310.0206891246254,118.79838709064647
outcome-lag-64,19,444,known,320,0.0,105.0,334.32529345142785,349.69489059577273,330.6758854282104,125.17682371308369
outcome-lag-64,19,444,known,352,0.0,115.5,353.2219870579343,372.4684858647306,349.57257903471685,131.01118441451703
outcome-lag-64,19,444,known,384,0.0,126.0,370.6471236739085,393.2541214143472,366.997715650691,136.01838087050226
outcome-lag-64,19,444,known,416,0.0,136.5,386.76273908258344,412.31049308400225,383.113331059366,140.30774386300877
outcome-lag-64,19,444,known,448,0.0,147.0,402.5124333296119,431.0458479691535,398.86302530639443,144.50499042126972
outcome-lag-64,19,444,known,480,0.0,157.5,418.3167601411647,449.84396810882816,414.66735211794725,148.650621203439
outcome-lag-64,19,444,known,512,0.0,168.0,432.1647961297305,466.2678900443979,428.51538810651306,152.1744348886426
outcome-lag-64,19,444,product,32,0.0,10.5,52.0,52.0,52.0,27.53553374040132
outcome-lag-64,19,444,product,64,0.0,21.0,96.0,96.0,96.0,49.28859895823506
outcome-lag-64,19,444,product,96,0.0,31.5,146.81918064606623,144.59527553149005,144.59527553149005,68.42721980717704
outcome-lag-64,19,444,product,128,0.0,42.0,185.00361680379407,181.4970641155137,181.35420878057664,80.15447091593147
outcome-lag-64,19,444,product,160,0.0,52.5,218.46445134616505,216.49366211024056,214.81504332294762,90.0457630187702
outcome-lag-64,19,444,product,192,0.0,63.0,245.83906560356718,246.46951116103517,242.18965758034975,97.94702298342168
outcome-lag-64,19,444,product,224,0.0,73.5,269.62918366090963,273.29353783419964,265.97977563769217,104.98005136314512
outcome-lag-64,19,444,product,256,0.0,84.0,293.87434090271825,301.52221595375136,290.2249328795008,112.50374225386255
outcome-lag-64,19,444,product,288,0.0,94.5,313.67009714784285,325.0184067522682,310.0206891246254,118.79838709064647
outcome-lag-64,19,444,product,320,0.0,105.0,334.32529345142785,349.69489059577273,330.6758854282104,125.17682371308369
outcome-lag-64,19,444,product,352,0.0,115.5,353.2219870579343,372.4684858647306,349.57257903471685,131.01118441451703
outcome-lag-64,19,444,product,384,0.0,126.0,370.6471236739085,393.2541214143472,366.997715650691,136.01838087050226
outcome-lag-64,19,444,product,416,0.0,136.5,386.76273908258344,412.31049308400225,383.113331059366,140.30774386300877
outcome-lag-64,19,444,product,448,0.0,147.0,402.5124333296119,431.0458479691535,398.86302530639443,144.50499042126972
outcome-lag-64,19,444,product,480,0.0,157.5,418.3167601411647,449.84396810882816,414.66735211794725,148.650621203439
outcome-lag-64,19,444,product,512,0.0,168.0,432.1647961297305,466.2678900443979,428.51538810651306,152.1744348886426
single-blocker,19,444,prefix,32,12.6875,29.25,64.0,63.96821681185914,63.96821681185914,8.988898993023577
single-blocker,19,444,prefix,64,25.375,58.5,128.0,115.48769550758202,115.48769550758202,10.424529759280455
single-blocker,19,444,prefix,96,38.0625,87.75,192.0,155.35037064716926,155.35037064716926,12.063239428059628
single-blocker,19,444,prefix,128,50.75,117.0,256.0,188.1592613353237,188.1592613353237,12.6521274786981
single-blocker,19,444,prefix,160,63.4375,146.25,320.0,217.49656881099452,217.49656881099452,13.350006065047582
single-blocker,19,444,prefix,192,76.125,175.5,384.0,246.4949856863304,246.4949856863304,14.439545447115137
single-blocker,19,444,prefix,224,88.8125,204.75,448.0,274.26114433755305,274.26114433755305,15.217204878605834
single-blocker,19,444,prefix,256,101.5,234.0,512.0,297.9698801844808,297.9698801844808,15.607375262520804
single-blocker,19,444,prefix,288,114.1875,263.25,576.0,318.9844033473948,318.9844033473948,15.851776180805606
single-blocker,19,444,prefix,320,126.875,292.5,640.0,338.807724103195,338.807724103195,16.069512008970495
single-blocker,19,444,prefix,352,139.5625,321.75,704.0,358.3307124679393,358.3307124679393,16.318389693466237
single-blocker,19,444,prefix,384,152.25,351.0,768.0,377.7315015702957,377.7315015702957,16.594535682438334
single-blocker,19,444,prefix,416,164.9375,380.25,832.0,397.88015242614574,397.88015242614574,16.927300605722436
single-blocker,19,444,prefix,448,177.625,409.5,896.0,418.9057015938293,418.9057015938293,17.284981908303696
single-blocker,19,444,prefix,480,190.3125,438.75,960.0,434.94285768476794,434.94285768476794,17.428071424907674
single-blocker,19,444,prefix,512,203.0,468.0,1024.0,451.1642107532355,451.1642107532355,17.591768345433376
single-blocker,19,444,intersection,32,7.35546875,26.203125,64.0,63.96821681185914,63.96821681185914,10.43591558851094
single-blocker,19,444,intersection,64,8.66796875,48.953125,128.0,120.2182918707478,120.2182918707478,12.652748367497791
single-blocker,19,444,intersection,96,9.98046875,71.703125,192.0,167.88066702102375,167.88066702102375,13.983501731751238
single-blocker,19,444,intersection,128,11.29296875,94.453125,256.0,207.3339156649571,207.3339156649571,14.856755251521125
single-blocker,19,444,intersection,160,12.60546875,117.203125,320.0,242.27405909054949,242.27405909054949,15.545042389937652
single-blocker,19,444,intersection,192,13.91796875,139.953125,384.0,273.6207060679474,273.6207060679474,16.09941057569592
single-blocker,19,444,intersection,224,15.23046875,162.703125,448.0,302.3299224817423,302.3299224817423,16.5651660575444
single-blocker,19,444,intersection,256,15.681640625,177.4140625,505.0,325.76083302068184,325.76083302068184,16.91529225319669
single-blocker,19,444,intersection,288,15.681640625,187.9140625,553.0,343.4833261626118,343.4833261626118,17.15328596369326
single-blocker,19,444,intersection,320,15.681640625,198.4140625,606.0,362.33334236142076,362.33334236142076,17.397198062938923
single-blocker,19,444,intersection,352,15.681640625,208.9140625,658.0,379.7280556524977,379.7280556524977,17.608722273799728
single-blocker,19,444,intersection,384,15.681640625,219.4140625,709.0,395.890831622517,395.890831622517,17.79489111299029
single-blocker,19,444,intersection,416,15.681640625,229.9140625,759.0,410.987616566298,410.987616566298,17.96059675424286
single-blocker,19,444,intersection,448,15.681640625,240.4140625,810.0,425.8360183517406,425.8360183517406,18.117807589892806
single-blocker,19,444,intersection,480,15.681640625,250.9140625,863.0,440.79160942491563,440.79160942491563,18.271262198176103
single-blocker,19,444,intersection,512,15.681640625,261.4140625,912.0,453.92846209905116,453.92846209905116,18.39931991188966
single-blocker,19,444,completed,32,6.64453125,25.796875,64.0,63.96821681185914,63.96821681185914,10.501572154167503
single-blocker,19,444,completed,64,7.95703125,48.546875,128.0,120.38388570923829,120.38388570923829,12.676557891307315
single-blocker,19,444,completed,96,9.26953125,71.296875,192.0,168.00974926006973,168.00974926006973,13.990319913569424
single-blocker,19,444,completed,128,10.58203125,94.046875,256.0,207.438766240594,207.438766240594,14.861575139902666
single-blocker,19,444,completed,160,11.89453125,116.796875,320.0,242.3323478357464,242.3323478357464,15.547437025952988
single-blocker,19,444,completed,192,13.20703125,139.546875,384.0,273.65883234582583,273.65883234582583,16.100842609183474
single-blocker,19,444,completed,224,14.51953125,162.296875,448.0,302.36003565161974,302.36003565161974,16.56621529079702
single-blocker,19,444,completed,256,14.9296875,176.625,504.0,325.2671284261598,325.2671284261598,16.90676757701181
single-blocker,19,444,completed,288,14.9296875,187.125,552.0,342.96157346845536,342.96157346845536,17.143867033093006
single-blocker,19,444,completed,320,14.9296875,197.625,605.0,361.7813056389707,361.7813056389707,17.386871848142693
single-blocker,19,444,completed,352,14.9296875,208.125,657.0,379.1522134866781,379.1522134866781,17.59772557055267
single-blocker,19,444,completed,384,14.9296875,218.625,708.0,395.29576137768726,395.29576137768726,17.783380423918413
single-blocker,19,444,completed,416,14.9296875,229.125,758.0,410.3766978946683,410.3766978946683,17.94868102466693
single-blocker,19,444,completed,448,14.9296875,239.625,809.0,425.2103687321582,425.2103687321582,18.105530506189837
single-blocker,19,444,completed,480,14.9296875,250.125,862.0,440.1516100547874,440.1516100547874,18.258647167900868
single-blocker,19,444,completed,512,14.9296875,260.625,911.0,453.278071118351,453.278071118351,18.386468836071522
single-blocker,19,444,plugin,32,1.6796875,11.71875,52.0,51.96821681185914,51.96821681185914,8.907974188665515
single-blocker,19,444,plugin,64,1.7109375,21.84375,96.0,89.42435623340214,89.42435623340214,10.155436942672143
single-blocker,19,444,plugin,96,1.7109375,32.34375,147.0,125.60535923892687,125.60535923892687,11.074310322619565
single-blocker,19,444,plugin,128,1.7109375,42.84375,193.0,152.09679443158083,152.09679443158083,11.621598448163864
single-blocker,19,444,plugin,160,1.7109375,53.34375,243.0,177.9172600136468,177.9172600136468,12.10224050388526
single-blocker,19,444,plugin,192,1.7109375,63.84375,292.0,200.5276103205954,200.5276103205954,12.47886775726288
single-blocker,19,444,plugin,224,1.7109375,74.34375,340.0,220.74249369530588,220.74249369530588,12.786800091763718
single-blocker,19,444,plugin,256,1.7109375,84.84375,393.0,241.87210170004658,241.87210170004658,13.091758193437755
single-blocker,19,444,plugin,288,1.7109375,95.34375,441.0,259.378720248915,259.378720248915,13.322952951210862
single-blocker,19,444,plugin,320,1.7109375,105.84375,494.0,277.9945850182441,277.9945850182441,13.559925741820033
single-blocker,19,444,plugin,352,1.7109375,116.34375,546.0,295.2044988937997,295.2044988937997,13.766294721004211
single-blocker,19,444,plugin,384,1.7109375,126.84375,597.0,311.21755703071454,311.21755703071454,13.948495922613567
single-blocker,19,444,plugin,416,1.7109375,137.34375,647.0,326.1906486187503,326.1906486187503,14.111065228892027
single-blocker,19,444,plugin,448,1.7109375,147.84375,698.0,340.92385196538686,340.92385196538686,14.265470754798097
single-blocker,19,444,plugin,480,1.7109375,158.34375,751.0,355.76702320562754,355.76702320562754,14.416295553975804
single-blocker,19,444,plugin,512,1.7109375,168.84375,800.0,368.82234467117235,368.82234467117235,14.542512842799557
single-blocker,19,444,safe,32,8.375,0.0,32.0,31.968216811859147,31.968216811859147,4.02724519543652
single-blocker,19,444,safe,64,16.75,0.0,64.0,57.42435623340214,57.42435623340214,4.7282659037057675
single-blocker,19,444,safe,96,25.125,0.0,96.0,76.78319682780861,76.78319682780861,5.136346480888775
single-blocker,19,444,safe,128,33.5,0.0,128.0,93.03345515740088,93.03345515740088,5.425334592589174
single-blocker,19,444,safe,160,41.875,0.0,160.0,107.31238195727079,107.31238195727079,5.649261224939744
single-blocker,19,444,safe,192,50.25,0.0,192.0,120.1978375468853,120.1978375468853,5.832104609707439
single-blocker,19,444,safe,224,58.625,0.0,224.0,132.0310352083931,132.0310352083931,5.986627913082163
single-blocker,19,444,safe,256,67.0,0.0,256.0,143.03333360981438,143.03333360981438,6.120438712817281
single-blocker,19,444,safe,288,75.375,0.0,288.0,153.35798108855585,153.35798108855585,6.238439029233648
single-blocker,19,444,safe,320,83.75,0.0,320.0,163.1162631808352,163.1162631808352,6.343973346894013
single-blocker,19,444,safe,352,92.125,0.0,352.0,172.39200998111025,172.39200998111025,6.43942571339101
single-blocker,19,444,safe,384,100.5,0.0,384.0,181.25023096678382,181.25023096678382,6.5265555690159704
single-blocker,19,444,safe,416,108.875,0.0,416.0,189.74254455085054,189.74254455085054,6.6066985205464555
single-blocker,19,444,safe,448,117.25,0.0,448.0,197.91074640079475,197.91074640079475,6.680892410683006
single-blocker,19,444,safe,480,125.625,0.0,480.0,205.78924141297622,205.78924141297622,6.7499597404471405
single-blocker,19,444,safe,512,134.0,0.0,512.0,213.40675252840046,213.40675252840046,6.81456340954972
single-blocker,19,444,known,32,0.0,10.5,52.0,51.96821681185914,51.96821681185914,7.574984852580201
single-blocker,19,444,known,64,0.0,21.0,96.0,89.39257304526127,89.39257304526127,8.755511099142291
single-blocker,19,444,known,96,0.0,31.5,147.0,124.91823520986969,124.91823520986969,9.635551819218202
single-blocker,19,444,known,128,0.0,42.0,193.0,151.1300947182949,151.1300947182949,10.169225496294942
single-blocker,19,444,known,160,0.0,52.5,243.0,176.70545641873696,176.70545641873696,10.639281304848822
single-blocker,19,444,known,192,0.0,63.0,292.0,199.15024632737826,199.15024632737826,11.009482127347054
single-blocker,19,444,known,224,0.0,73.5,340.0,219.2448797247564,219.2448797247564,11.313117231284314
single-blocker,19,444,known,256,0.0,84.0,393.0,240.2507309508951,240.2507309508951,11.613981228588795
single-blocker,19,444,known,288,0.0,94.5,441.0,257.6811167658415,257.6811167658415,11.842821081802239
single-blocker,19,444,known,320,0.0,105.0,494.0,276.21371090045227,276.21371090045227,12.077367995345584
single-blocker,19,444,known,352,0.0,115.5,546.0,293.35749747621315,293.35749747621315,12.281920003582039
single-blocker,19,444,known,384,0.0,126.0,597.0,309.3167307112627,309.3167307112627,12.462714145000431
single-blocker,19,444,known,416,0.0,136.5,647.0,324.2451910755292,324.2451910755292,12.62416583211833
single-blocker,19,444,known,448,0.0,147.0,698.0,338.9367012304169,338.9367012304169,12.777567660115587
single-blocker,19,444,known,480,0.0,157.5,751.0,353.73907100088877,353.73907100088877,12.927448073082044
single-blocker,19,444,known,512,0.0,168.0,800.0,366.7647336169563,366.7647336169563,13.053002438783372
single-blocker,19,444,product,32,0.0,10.5,52.0,51.96821681185914,51.96821681185914,7.574984852580201
single-blocker,19,444,product,64,0.0,21.0,96.0,89.39257304526127,89.39257304526127,8.755511099142291
single-blocker,19,444,product,96,0.0,31.5,147.0,124.91823520986969,124.91823520986969,9.635551819218202
single-blocker,19,444,product,128,0.0,42.0,193.0,151.1300947182949,151.1300947182949,10.169225496294942
single-blocker,19,444,product,160,0.0,52.5,243.0,176.70545641873696,176.70545641873696,10.639281304848822
single-blocker,19,444,product,192,0.0,63.0,292.0,199.15024632737826,199.15024632737826,11.009482127347054
single-blocker,19,444,product,224,0.0,73.5,340.0,219.2448797247564,219.2448797247564,11.313117231284314
single-blocker,19,444,product,256,0.0,84.0,393.0,240.2507309508951,240.2507309508951,11.613981228588795
single-blocker,19,444,product,288,0.0,94.5,441.0,257.6811167658415,257.6811167658415,11.842821081802239
single-blocker,19,444,product,320,0.0,105.0,494.0,276.21371090045227,276.21371090045227,12.077367995345584
single-blocker,19,444,product,352,0.0,115.5,546.0,293.35749747621315,293.35749747621315,12.281920003582039
single-blocker,19,444,product,384,0.0,126.0,597.0,309.3167307112627,309.3167307112627,12.462714145000431
single-blocker,19,444,product,416,0.0,136.5,647.0,324.2451910755292,324.2451910755292,12.62416583211833
single-blocker,19,444,product,448,0.0,147.0,698.0,338.9367012304169,338.9367012304169,12.777567660115587
single-blocker,19,444,product,480,0.0,157.5,751.0,353.73907100088877,353.73907100088877,12.927448073082044
single-blocker,19,444,product,512,0.0,168.0,800.0,366.7647336169563,366.7647336169563,13.053002438783372
outcome-lag-64,21,444,prefix,32,4.5625,27.25,64.0,64.0,64.0,32.45825592933567
outcome-lag-64,21,444,prefix,64,9.125,54.5,128.0,128.0,128.0,63.65486800744981
outcome-lag-64,21,444,prefix,96,11.63671875,80.578125,191.79996929780432,190.28337501004566,190.28337501004566,87.86724651903714
outcome-lag-64,21,444,prefix,128,11.82421875,105.328125,245.881746937582,245.88184019523175,244.03487095539842,105.58949813673813
outcome-lag-64,21,444,prefix,160,12.01171875,130.078125,293.35083004211504,296.5494017907218,290.94660400567113,120.12210954943826
outcome-lag-64,21,444,prefix,192,12.19921875,154.828125,335.70649156702075,339.0936756375438,329.1890589550654,130.78160599518804
outcome-lag-64,21,444,prefix,224,12.38671875,179.578125,371.42738542649164,376.1914455066844,363.0619778470079,139.11381446982125
outcome-lag-64,21,444,prefix,256,12.57421875,204.328125,402.6789759583075,410.4245158567249,393.99893670155257,146.93809775743287
outcome-lag-64,21,444,prefix,288,12.609375,227.65625,429.74478403926577,440.77068971907676,420.97016637492703,153.51685132279917
outcome-lag-64,21,444,prefix,320,12.609375,250.65625,456.113048829871,469.8783794249439,447.24922727046726,159.15994501430043
outcome-lag-64,21,444,prefix,352,12.609375,273.65625,479.72050992519155,496.1494657564103,470.85649375639554,164.02332597959946
outcome-lag-64,21,444,prefix,384,12.609375,296.65625,502.58035946381676,520.7525495018605,493.70134543427105,167.7581218173265
outcome-lag-64,21,444,prefix,416,12.609375,319.65625,523.4598002104532,543.7258180278898,514.5807861809074,171.45630282523882
outcome-lag-64,21,444,prefix,448,12.609375,342.65625,544.2958900624893,566.7969202680725,535.4168760329435,175.19258865474035
outcome-lag-64,21,444,prefix,480,12.609375,365.65625,563.1577559798122,587.4834491845348,554.2347276674433,178.27883032656527
outcome-lag-64,21,444,prefix,512,12.609375,388.65625,582.2851416998359,608.6597173316864,573.3529377369209,181.41736825805032
outcome-lag-64,21,444,intersection,32,4.5625,27.25,64.0,64.0,64.0,32.45825592933567
outcome-lag-64,21,444,intersection,64,9.125,54.5,128.0,128.0,128.0,63.65486800744981
outcome-lag-64,21,444,intersection,96,10.40625,79.875,191.79996929780432,190.13734850822897,190.13734850822897,84.6333275737322
outcome-lag-64,21,444,intersection,128,10.59375,104.625,245.881746937582,245.50206235789366,243.84922443492218,101.17460763432054
outcome-lag-64,21,444,intersection,160,10.78125,129.375,293.5500198929876,295.0437921059555,289.68644237671555,115.0868897431472
outcome-lag-64,21,444,intersection,192,10.921875,153.6875,333.9834637465216,336.1734327365015,326.5115772103273,125.47591963156455
outcome-lag-64,21,444,intersection,224,10.974609375,177.1796875,368.01081654735094,372.28157780799813,359.4010383233569,133.6076465476982
outcome-lag-64,21,444,intersection,256,10.974609375,200.1796875,398.28125417981107,405.8239200191406,389.61199244535715,141.26564425388673
outcome-lag-64,21,444,intersection,288,10.974609375,223.1796875,424.84070282646593,435.7845629579966,416.12575796682916,147.8272256281939
outcome-lag-64,21,444,intersection,320,10.974609375,246.1796875,451.11891502763336,464.9078547309036,442.3633522190509,153.48912355064851
outcome-lag-64,21,444,intersection,352,10.974609375,269.1796875,474.8157876063372,491.3005412770808,466.06022479775476,158.38777655154664
outcome-lag-64,21,444,intersection,384,10.974609375,292.1796875,497.7662062503929,515.9919003451571,488.99804330685527,162.14071519306768
outcome-lag-64,21,444,intersection,416,10.974609375,315.1796875,518.7334570184613,539.0636494263493,509.9652940749238,165.868386123044
outcome-lag-64,21,444,intersection,448,10.974609375,338.1796875,539.5872233575589,562.1620756716361,530.8190604140214,169.6171720366789
outcome-lag-64,21,444,intersection,480,10.974609375,361.1796875,558.490057253457,582.8993160875829,549.682611102503,172.7198582939197
outcome-lag-64,21,444,intersection,512,10.974609375,384.1796875,577.6976896554668,604.1754523535095,568.8814462879886,175.89373108018444
outcome-lag-64,21,444,completed,32,3.7421875,26.78125,64.0,64.0,64.0,31.838829799909533
outcome-lag-64,21,444,completed,64,3.9296875,51.53125,128.0,128.0,128.0,60.797937209315286
outcome-lag-64,21,444,completed,96,6.2109375,76.65625,191.85531027211456,190.95779007180016,190.95779007180016,83.82024984574082
outcome-lag-64,21,444,completed,128,6.708984375,100.7109375,243.97674918347,243.89562563034409,242.15437067872088,99.37889398528178
outcome-lag-64,21,444,completed,160,6.708984375,123.7109375,284.04322459703286,286.6048558418534,281.18412738270746,111.72154144972869
outcome-lag-64,21,444,completed,192,6.708984375,146.7109375,321.0976861582988,326.3974401522179,316.72070427336917,121.76445999604864
outcome-lag-64,21,444,completed,224,6.708984375,169.7109375,352.86390536738816,360.796918313224,347.9201928898746,129.44895196429985
outcome-lag-64,21,444,completed,256,6.708984375,192.7109375,383.5016153098609,394.7764885506256,378.54224245763027,137.10292431286356
outcome-lag-64,21,444,completed,288,6.708984375,215.7109375,410.54518013631497,425.24855567531876,405.5397512897924,143.75540001354196
outcome-lag-64,21,444,completed,320,6.708984375,238.7109375,437.2164387852423,454.77052788920054,432.16558295103425,149.53258136784854
outcome-lag-64,21,444,completed,352,6.708984375,261.7109375,461.3288305069703,481.5859982429209,456.27797467276224,154.5379541401598
outcome-lag-64,21,444,completed,384,6.708984375,284.7109375,484.6442760709829,506.61826509650837,479.5796460112895,158.35611834793826
outcome-lag-64,21,444,completed,416,6.708984375,307.7109375,505.91621055450963,530.0068113800146,500.85158049481623,162.1627527205268
outcome-lag-64,21,444,completed,448,6.708984375,330.7109375,526.9896512168366,553.335423852831,521.9250211571432,165.96575273771418
outcome-lag-64,21,444,completed,480,6.708984375,353.7109375,546.094343860927,574.2800877911608,540.9881087939272,169.1111902529399
outcome-lag-64,21,444,completed,512,6.708984375,376.7109375,565.536509186988,595.8247566569022,560.4212901667499,172.3587554778144
outcome-lag-64,21,444,plugin,32,3.1484375,7.1875,42.0,42.0,42.0,21.729733047960444
outcome-lag-64,21,444,plugin,64,4.22265625,18.515625,88.0,88.0,88.0,45.22793369219997
outcome-lag-64,21,444,plugin,96,4.46875,38.5625,144.85531027211456,144.16814914738612,144.16814914738612,64.26420702592361
outcome-lag-64,21,444,plugin,128,5.34375,51.0625,185.39785696604184,185.66429535249938,184.39621883081054,77.28522300283988
outcome-lag-64,21,444,plugin,160,5.7265625,69.46875,224.60439592898416,226.4689209673439,222.23292444021533,88.29320965740357
outcome-lag-64,21,444,plugin,192,6.41015625,84.265625,258.4200594155126,262.47293952337446,254.4095337640529,97.3277002443597
outcome-lag-64,21,444,plugin,224,7.203125,97.75,285.4877715320237,291.96821925989985,280.8576404911753,104.44088743426636
outcome-lag-64,21,444,plugin,256,7.2578125,120.09375,320.020520929925,329.3703672050143,315.3620761829911,112.01031171758778
outcome-lag-64,21,444,plugin,288,8.1328125,132.59375,338.67636307052373,350.63341473508666,333.96738263330093,117.00476089615256
outcome-lag-64,21,444,plugin,320,8.32421875,153.296875,368.5537073858259,382.8468855515506,363.7266654851027,123.00148496593025
outcome-lag-64,21,444,plugin,352,8.734375,171.375,393.1504945527425,409.34939538508445,388.0721824737062,127.70348482736995
outcome-lag-64,21,444,plugin,384,9.3359375,187.15625,412.6315099456605,430.2980081825151,407.4226506148125,131.09314680803183
outcome-lag-64,21,444,plugin,416,9.609375,206.875,436.7269343990944,456.0787665550413,431.4201184575123,134.89108185761927
outcome-lag-64,21,444,plugin,448,10.3203125,221.34375,455.0603604878998,476.31837361361835,449.7535445463177,138.2101625901863
outcome-lag-64,21,444,plugin,480,10.375,243.6875,476.3312959125803,499.53790960818696,470.98046568817557,141.7957464930113
outcome-lag-64,21,444,plugin,512,10.4296875,266.03125,499.62604890750686,525.4275199425425,494.2660430325561,146.37527962694264
outcome-lag-64,21,444,safe,32,3.0,0.0,32.0,32.0,32.0,18.67973304796044
outcome-lag-64,21,444,safe,64,6.0,0.0,64.0,64.0,64.0,37.97594279094435
outcome-lag-64,21,444,safe,96,9.0,0.0,95.85531027211454,95.16814914738606,95.16814914738606,52.697087277935445
outcome-lag-64,21,444,safe,128,12.0,0.0,120.39785696604189,120.70192850563751,119.43385198394864,62.269596418294974
outcome-lag-64,21,444,safe,160,15.0,0.0,139.24635354170476,142.51834508674014,138.28234855961153,70.03101283187823
outcome-lag-64,21,444,safe,192,18.0,0.0,155.16014212315974,162.25954290038806,154.19613714106652,77.06959844067929
outcome-lag-64,21,444,safe,224,21.0,0.0,169.19503273735836,179.34160652398987,168.23102775526513,82.47298770614802
outcome-lag-64,21,444,safe,256,24.0,0.0,181.86942996844988,194.87781183047724,180.90542498635665,87.14070541094927
outcome-lag-64,21,444,safe,288,27.0,0.0,193.5197324684402,209.09749147194609,192.55572748634697,91.1537378900931
outcome-lag-64,21,444,safe,320,30.0,0.0,204.3665405877301,222.1684381829272,203.40253560563687,94.57193682645521
outcome-lag-64,21,444,safe,352,33.0,0.0,214.55451499698913,234.41594497155427,213.5905100148959,97.63914918130423
outcome-lag-64,21,444,safe,384,36.0,0.0,224.19514501011187,245.593301564072,223.23114002801864,100.04541464377336
outcome-lag-64,21,444,safe,416,39.0,0.0,233.34589958338324,256.1810093250707,232.38189460129,102.22095177223578
outcome-lag-64,21,444,safe,448,42.0,0.0,242.10494858468027,266.6024989291054,241.14094360258704,104.54843341646257
outcome-lag-64,21,444,safe,480,45.0,0.0,250.50651132132742,276.5512383687719,249.5425063392342,106.68774517371169
outcome-lag-64,21,444,safe,512,48.0,0.0,258.5933430219337,285.7650230753361,257.62933803984055,108.34862243395405
outcome-lag-64,21,444,known,32,0.0,23.0,61.0,61.0,61.0,31.851193789661124
outcome-lag-64,21,444,known,64,0.0,46.0,121.0,121.0,121.0,62.830967311436495
outcome-lag-64,21,444,known,96,0.0,69.0,183.85531027211456,182.6787288428941,182.6787288428941,86.02793880778238
outcome-lag-64,21,444,known,128,0.0,92.0,234.5062071002988,232.67773487266675,231.4096583509779,101.51308429326077
outcome-lag-64,21,444,known,160,0.0,115.0,274.5929649516018,275.34899308568424,270.94421577814984,114.21563963249115
outcome-lag-64,21,444,known,192,0.0,138.0,311.5020567924885,315.490161351836,306.985716896317,124.52995679975719
outcome-lag-64,21,444,known,224,0.0,161.0,343.3016767934763,350.0992525601896,338.45602743652086,132.24109826813583
outcome-lag-64,21,444,known,256,0.0,184.0,374.34041666184555,384.58670243664676,369.4947673048901,140.01153103345436
outcome-lag-64,21,444,known,288,0.0,207.0,402.23563722334194,415.9866376308628,397.3686810812912,146.99287775851514
outcome-lag-64,21,444,known,320,0.0,230.0,429.0696491394254,445.74213882477926,424.1847080351094,152.91021793500533
outcome-lag-64,21,444,known,352,0.0,253.0,453.7543124056105,473.15643852244045,448.8693713012945,158.10158609092343
outcome-lag-64,21,444,known,384,0.0,276.0,477.5368431529912,498.6079530336013,472.62708269678393,162.01493852409115
outcome-lag-64,21,444,known,416,0.0,299.0,499.21976811139604,522.4322192905663,494.31000765518877,165.95880093693714
outcome-lag-64,21,444,known,448,0.0,322.0,520.4103186094153,545.9063222920481,515.5005581532081,169.8249384690378
outcome-lag-64,21,444,known,480,0.0,345.0,539.7044222428802,567.069439847722,534.7680608727326,173.04244020036998
outcome-lag-64,21,444,known,512,0.0,368.0,559.4757851749869,589.0150470579905,554.5317303894976,176.4364874728621
outcome-lag-64,21,444,product,32,4.375,25.5,61.0,61.0,61.0,32.45825592933567
outcome-lag-64,21,444,product,64,8.75,51.0,121.0,121.0,121.0,63.65486800744981
outcome-lag-64,21,444,product,96,13.125,76.5,183.79996929780432,181.93167973177611,181.93167973177611,89.39202914046948
outcome-lag-64,21,444,product,128,17.5,102.0,230.46584931420955,230.11385765903535,228.01790497667196,107.46778534749409
outcome-lag-64,21,444,product,160,21.875,127.5,264.85676936419605,270.00412105860596,262.40882502665846,121.63509844674246
outcome-lag-64,21,444,product,192,26.25,153.0,295.9014400430584,307.06237379641243,293.4534957055208,133.70080981973757
outcome-lag-64,21,444,product,224,30.625,178.5,322.9396086859183,339.0744509873494,320.4916643483807,143.13799417105656
outcome-lag-64,21,444,product,256,35.0,204.0,348.70935743445045,370.56838473409937,346.26141309691286,152.57128629077422
outcome-lag-64,21,444,product,288,39.375,229.5,371.60721482354467,398.450807959578,369.1592704860071,160.44957565273904
outcome-lag-64,21,444,product,320,43.75,255.0,393.98666655953485,425.3287626398651,391.53872222199726,167.48691285563336
outcome-lag-64,21,444,product,352,48.125,280.5,414.2615272497619,449.4615681310129,411.8135829122243,173.3903543064347
outcome-lag-64,21,444,product,384,52.5,306.0,433.7502274296852,472.0594336193555,431.3022830921476,178.30390530771538
outcome-lag-64,21,444,product,416,56.875,331.5,451.6466572256559,493.03652100726526,449.1987128881183,182.88220535409366
outcome-lag-64,21,444,product,448,61.25,357.0,469.2991603212933,513.6010719620411,466.8512159837557,187.1468335404881
outcome-lag-64,21,444,product,480,65.625,382.5,485.4012929181053,532.2614419343356,482.9533485805677,190.84919155415804
outcome-lag-64,21,444,product,512,70.0,408.0,501.6811602629363,551.3175231559893,499.2332159253987,194.6998262801452
single-blocker,21,444,prefix,32,4.5625,27.25,64.0,63.96821681185914,63.96821681185914,9.454416234402888
single-blocker,21,444,prefix,64,9.125,54.5,128.0,116.98257841200669,116.98257841200669,11.789735258489005
single-blocker,21,444,prefix,96,13.6875,81.75,192.0,157.08439078573906,157.08439078573906,12.778063524063512
single-blocker,21,444,prefix,128,18.25,109.0,256.0,192.74873438338471,192.74873438338471,13.846338936828097
single-blocker,21,444,prefix,160,22.8125,136.25,320.0,225.8931000572897,225.8931000572897,14.712283289343844
single-blocker,21,444,prefix,192,27.375,163.5,384.0,254.25735528183003,254.25735528183003,15.227070742146237
single-blocker,21,444,prefix,224,31.9375,190.75,448.0,281.14049771791196,281.14049771791196,15.698926804608025
single-blocker,21,444,prefix,256,36.5,218.0,512.0,304.48143767771415,304.48143767771415,16.016262174414926
single-blocker,21,444,prefix,288,41.0625,245.25,576.0,327.71599432155847,327.71599432155847,16.357771122971325
single-blocker,21,444,prefix,320,45.625,272.5,640.0,347.7797124052501,347.7797124052501,16.580871729270275
single-blocker,21,444,prefix,352,50.1875,299.75,704.0,368.1391338262949,368.1391338262949,16.838759459483306
single-blocker,21,444,prefix,384,54.75,327.0,768.0,386.9482385556227,386.9482385556227,17.049073362440392
single-blocker,21,444,prefix,416,59.3125,354.25,832.0,406.25707863703906,406.25707863703906,17.294689745961687
single-blocker,21,444,prefix,448,63.875,381.5,896.0,423.60057482299436,423.60057482299436,17.474631451173067
single-blocker,21,444,prefix,480,68.4375,408.75,960.0,442.1395659980745,442.1395659980745,17.711185611672033
single-blocker,21,444,prefix,512,73.0,436.0,1024.0,458.31248169237927,458.31248169237927,17.868058172609974
single-blocker,21,444,intersection,32,2.78515625,26.234375,64.0,63.96821681185914,63.96821681185914,10.553953106548455
single-blocker,21,444,intersection,64,2.97265625,50.984375,128.0,121.22759708485825,121.22759708485825,12.773646933117574
single-blocker,21,444,intersection,96,3.16015625,75.734375,192.0,168.39363820724174,168.39363820724174,14.010499934769523
single-blocker,21,444,intersection,128,3.34765625,100.484375,256.0,207.8331847646057,207.8331847646057,14.879632039782809
single-blocker,21,444,intersection,160,3.53515625,125.234375,320.0,242.13380020927892,242.13380020927892,15.539271760029504
single-blocker,21,444,intersection,192,3.60546875,148.890625,382.0,271.9912612422935,271.9912612422935,16.05822757780601
single-blocker,21,444,intersection,224,3.60546875,171.890625,442.0,298.50512916645675,298.50512916645675,16.483421997408723
single-blocker,21,444,intersection,256,3.60546875,194.890625,505.0,324.8470375978884,324.8470375978884,16.884914861792076
single-blocker,21,444,intersection,288,3.60546875,217.890625,566.0,348.9439700088883,348.9439700088883,17.233542538672797
single-blocker,21,444,intersection,320,3.60546875,240.890625,630.0,372.5961747819288,372.5961747819288,17.552264543473115
single-blocker,21,444,intersection,352,3.60546875,263.890625,692.0,394.62089064080783,394.62089064080783,17.839313723249578
single-blocker,21,444,intersection,384,3.60546875,286.890625,755.0,416.0035620296295,416.0035620296295,18.105433638682285
single-blocker,21,444,intersection,416,3.60546875,309.890625,816.0,435.7666690087175,435.7666690087175,18.34052522048994
single-blocker,21,444,intersection,448,3.60546875,332.890625,879.0,455.305380331215,455.305380331215,18.562434735221554
single-blocker,21,444,intersection,480,3.60546875,355.890625,939.0,473.1937397259121,473.1937397259121,18.75835502081346
single-blocker,21,444,intersection,512,3.60546875,378.890625,1002.0,491.6689476323778,491.6689476323778,18.957744783129026
single-blocker,21,444,completed,32,2.6484375,26.15625,64.0,63.96821681185914,63.96821681185914,10.594862197457545
single-blocker,21,444,completed,64,2.8359375,50.90625,128.0,121.29725752745715,121.29725752745715,12.778717927032378
single-blocker,21,444,completed,96,3.0234375,75.65625,192.0,168.41905442106693,168.41905442106693,14.011830901939003
single-blocker,21,444,completed,128,3.2109375,100.40625,256.0,207.7950383306797,207.7950383306797,14.877890746250479
single-blocker,21,444,completed,160,3.3984375,125.15625,320.0,242.05174250574314,242.05174250574314,15.535890117517438
single-blocker,21,444,completed,192,3.421875,148.375,382.0,271.89753457143746,271.89753457143746,16.054660259048834
single-blocker,21,444,completed,224,3.421875,171.375,442.0,298.40918811966867,298.40918811966867,16.479998542352565
single-blocker,21,444,completed,256,3.421875,194.375,505.0,324.75869552666063,324.75869552666063,16.881960255291965
single-blocker,21,444,completed,288,3.421875,217.375,566.0,348.8747934919703,348.8747934919703,17.231357270577735
single-blocker,21,444,completed,320,3.421875,240.375,630.0,372.52300943936723,372.52300943936723,17.550068161044194
single-blocker,21,444,completed,352,3.421875,263.375,692.0,394.56005124392414,394.56005124392414,17.837571810700727
single-blocker,21,444,completed,384,3.421875,286.375,755.0,415.9514961798633,415.9514961798633,18.10400714755331
single-blocker,21,444,completed,416,3.421875,309.375,816.0,435.72324026697805,435.72324026697805,18.339380007480347
single-blocker,21,444,completed,448,3.421875,332.375,879.0,455.260512434315,455.260512434315,18.561293107523948
single-blocker,21,444,completed,480,3.421875,355.375,939.0,473.151406095048,473.151406095048,18.757310775763994
single-blocker,21,444,completed,512,3.421875,378.375,1002.0,491.63424180546514,491.63424180546514,18.95691680070258
single-blocker,21,444,plugin,32,2.240234375,24.7421875,63.0,62.96821681185914,62.96821681185914,10.570008396287955
single-blocker,21,444,plugin,64,2.240234375,47.7421875,123.0,116.39257304526132,116.39257304526132,12.60993081535734
single-blocker,21,444,plugin,96,2.240234375,70.7421875,186.0,163.61175058967487,163.61175058967487,13.87977653352322
single-blocker,21,444,plugin,128,2.240234375,93.7421875,245.0,200.28364063762194,200.28364063762194,14.700602400764227
single-blocker,21,444,plugin,160,2.240234375,116.7421875,302.0,231.28399340865118,231.28399340865118,15.311710556401357
single-blocker,21,444,plugin,192,2.240234375,139.7421875,363.0,261.66095592182194,261.66095592182194,15.861800002224285
single-blocker,21,444,plugin,224,2.240234375,162.7421875,423.0,288.9636684923313,288.9636684923313,16.31523716777917
single-blocker,21,444,plugin,256,2.240234375,185.7421875,486.0,315.96161387765414,315.96161387765414,16.738715261030567
single-blocker,21,444,plugin,288,2.240234375,208.7421875,547.0,340.50105227703625,340.50105227703625,17.101488063941773
single-blocker,21,444,plugin,320,2.240234375,231.7421875,611.0,364.6663690397513,364.6663690397513,17.435464137630454
single-blocker,21,444,plugin,352,2.240234375,254.7421875,673.0,387.0276756346965,387.0276756346965,17.73217302619556
single-blocker,21,444,plugin,384,2.240234375,277.7421875,736.0,408.72188021592603,408.72188021592603,18.006840428820386
single-blocker,21,444,plugin,416,2.240234375,300.7421875,797.0,428.73327265487615,428.73327265487615,18.24850298092306
single-blocker,21,444,plugin,448,2.240234375,323.7421875,860.0,448.55799085874554,448.55799085874554,18.477632711387855
single-blocker,21,444,plugin,480,2.240234375,346.7421875,920.0,466.65911966772666,466.65911966772666,18.678760496722045
single-blocker,21,444,plugin,512,2.240234375,369.7421875,983.0,485.3205480498264,485.3205480498264,18.882606372908267
single-blocker,21,444,safe,32,3.0,0.0,32.0,31.968216811859147,31.968216811859147,4.02724519543652
single-blocker,21,444,safe,64,6.0,0.0,64.0,57.42435623340214,57.42435623340214,4.7282659037057675
single-blocker,21,444,safe,96,9.0,0.0,96.0,76.78319682780861,76.78319682780861,5.136346480888775
single-blocker,21,444,safe,128,12.0,0.0,128.0,93.03345515740088,93.03345515740088,5.425334592589174
single-blocker,21,444,safe,160,15.0,0.0,160.0,107.31238195727079,107.31238195727079,5.649261224939744
single-blocker,21,444,safe,192,18.0,0.0,192.0,120.1978375468853,120.1978375468853,5.832104609707439
single-blocker,21,444,safe,224,21.0,0.0,224.0,132.0310352083931,132.0310352083931,5.986627913082163
single-blocker,21,444,safe,256,24.0,0.0,256.0,143.03333360981438,143.03333360981438,6.120438712817281
single-blocker,21,444,safe,288,27.0,0.0,288.0,153.35798108855585,153.35798108855585,6.238439029233648
single-blocker,21,444,safe,320,30.0,0.0,320.0,163.1162631808352,163.1162631808352,6.343973346894013
single-blocker,21,444,safe,352,33.0,0.0,352.0,172.39200998111025,172.39200998111025,6.43942571339101
single-blocker,21,444,safe,384,36.0,0.0,384.0,181.25023096678382,181.25023096678382,6.5265555690159704
single-blocker,21,444,safe,416,39.0,0.0,416.0,189.74254455085054,189.74254455085054,6.6066985205464555
single-blocker,21,444,safe,448,42.0,0.0,448.0,197.91074640079475,197.91074640079475,6.680892410683006
single-blocker,21,444,safe,480,45.0,0.0,480.0,205.78924141297622,205.78924141297622,6.7499597404471405
single-blocker,21,444,safe,512,48.0,0.0,512.0,213.40675252840046,213.40675252840046,6.81456340954972
single-blocker,21,444,known,32,0.0,23.0,61.0,60.96821681185914,60.96821681185914,10.217841995437349
single-blocker,21,444,known,64,0.0,46.0,121.0,114.22759708485823,114.22759708485823,12.491834598913936
single-blocker,21,444,known,96,0.0,69.0,184.0,161.5413338313431,161.5413338313431,13.810111016012845
single-blocker,21,444,known,128,0.0,92.0,243.0,198.2810132116391,198.2810132116391,14.637725468561866
single-blocker,21,444,known,160,0.0,115.0,300.0,229.26367859734157,229.26367859734157,15.250750659632065
single-blocker,21,444,known,192,0.0,138.0,361.0,259.64358918828304,259.64358918828304,15.803810151687978
single-blocker,21,444,known,224,0.0,161.0,421.0,286.99940516896197,286.99940516896197,16.261676392392122
single-blocker,21,444,known,256,0.0,184.0,484.0,314.1474858781076,314.1474858781076,16.6927399903992
single-blocker,21,444,known,288,0.0,207.0,545.0,338.9388843360519,338.9388843360519,17.065549979188056
single-blocker,21,444,known,320,0.0,230.0,609.0,363.11237907718373,363.11237907718373,17.400883702893733
single-blocker,21,444,known,352,0.0,253.0,671.0,385.63792507087464,385.63792507087464,17.703498154841377
single-blocker,21,444,known,384,0.0,276.0,734.0,407.45497802374473,407.45497802374473,17.982389029718647
single-blocker,21,444,known,416,0.0,299.0,795.0,427.5806725452276,427.5806725452276,18.227679707082554
single-blocker,21,444,known,448,0.0,322.0,858.0,447.41849525772216,447.41849525772216,18.45753695019592
single-blocker,21,444,known,480,0.0,345.0,918.0,465.56676664914414,465.56676664914414,18.660192517276617
single-blocker,21,444,known,512,0.0,368.0,981.0,484.3248645915887,484.3248645915887,18.86673052194472
single-blocker,21,444,product,32,4.375,25.5,61.0,60.96821681185914,60.96821681185914,7.954416234402888
single-blocker,21,444,product,64,8.75,51.0,121.0,109.98257841200667,109.98257841200667,9.339735258489007
single-blocker,21,444,product,96,13.125,76.5,184.0,149.08439078573903,149.08439078573903,10.185206381206372
single-blocker,21,444,product,128,17.5,102.0,243.0,179.74873438338466,179.74873438338466,10.743128258617421
single-blocker,21,444,product,160,21.875,127.5,300.0,205.89310005728964,205.89310005728964,11.164543632200163
single-blocker,21,444,product,192,26.25,153.0,361.0,231.25735528182997,231.25735528182997,11.53625749192896
single-blocker,21,444,product,224,30.625,178.5,421.0,254.14049771791198,254.14049771791198,11.844507088392977
single-blocker,21,444,product,256,35.0,204.0,484.0,276.48143767771415,276.48143767771415,12.124805421162842
single-blocker,21,444,product,288,39.375,229.5,545.0,296.7235501121161,296.7235501121161,12.362783992050923
single-blocker,21,444,product,320,43.75,255.0,609.0,316.7872681958077,316.7872681958077,12.585884598349885
single-blocker,21,444,product,352,48.125,280.5,671.0,335.2110119018515,335.2110119018515,12.78026426404678
single-blocker,21,444,product,384,52.5,306.0,734.0,353.0753372615677,353.0753372615677,12.960275136700842
single-blocker,21,444,product,416,56.875,331.5,795.0,369.6339800155656,369.6339800155656,13.12013054916705
single-blocker,21,444,product,448,61.25,357.0,858.0,386.08681746213153,386.08681746213153,13.273045227351403
single-blocker,21,444,product,480,65.625,382.5,918.0,401.18003652223825,401.18003652223825,13.408252328833225
single-blocker,21,444,product,512,70.0,408.0,981.0,416.51854605503354,416.51854605503354,13.541315365961648
outcome-lag-64,23,444,prefix,32,16.625,26.75,64.0,64.0,64.0,34.71636412510261
outcome-lag-64,23,444,prefix,64,33.25,53.5,128.0,128.0,128.0,71.68087138602307
outcome-lag-64,23,444,prefix,96,38.4453125,73.71875,191.8636806851134,191.52636058534398,191.52636058534398,105.7008863015383
outcome-lag-64,23,444,prefix,128,38.4453125,90.96875,245.81452377506878,246.90213394149586,245.12617576237844,132.61048018965602
outcome-lag-64,23,444,prefix,160,38.4453125,108.21875,292.12858454505476,297.1784253057242,291.4402365323644,155.62573798650845
outcome-lag-64,23,444,prefix,192,38.4453125,125.46875,332.6137413210089,342.566157583977,331.9253933083185,170.5036025149828
outcome-lag-64,23,444,prefix,224,38.4453125,142.71875,366.6258608088244,381.28652245565274,365.93751279613406,181.08913078313537
outcome-lag-64,23,444,prefix,256,38.4453125,159.96875,397.60547397777304,416.7449323593464,396.9171259650827,190.0543685962254
outcome-lag-64,23,444,prefix,288,38.4453125,177.21875,425.96809035334263,449.3973729329462,425.27974234065226,197.8867414780841
outcome-lag-64,23,444,prefix,320,38.4453125,194.46875,452.48552283993104,480.69658167085277,451.79717482724067,205.70823712418868
outcome-lag-64,23,444,prefix,352,38.4453125,211.71875,477.2023428884179,510.17005585095467,476.5139948757275,212.9287480363527
outcome-lag-64,23,444,prefix,384,38.4453125,228.96875,500.7677280407615,538.8624112327266,500.0793800280711,220.28179497534367
outcome-lag-64,23,444,prefix,416,38.4453125,246.21875,522.9889166096237,565.3319492683703,522.3005685969334,226.40712672576262
outcome-lag-64,23,444,prefix,448,38.4453125,263.46875,544.2259065426845,590.3927437805728,543.5375585299942,231.88793055092125
outcome-lag-64,23,444,prefix,480,38.4453125,280.71875,564.5757216349049,614.4297319081029,563.8873736222146,237.0381404896174
outcome-lag-64,23,444,prefix,512,38.4453125,297.96875,584.0615146706828,637.1878492981742,583.3731666579924,241.56835204710066
outcome-lag-64,23,444,intersection,32,16.625,26.75,64.0,64.0,64.0,34.71636412510261
outcome-lag-64,23,444,intersection,64,33.25,53.5,128.0,128.0,128.0,71.68087138602307
outcome-lag-64,23,444,intersection,96,38.4453125,73.71875,191.8636806851134,191.52636058534398,191.52636058534398,105.7008863015383
outcome-lag-64,23,444,intersection,128,38.4453125,90.96875,245.81452377506878,246.90213394149586,245.12617576237844,132.61048018965602
outcome-lag-64,23,444,intersection,160,38.4453125,108.21875,292.12858454505476,297.1784253057242,291.4402365323644,155.62573798650845
outcome-lag-64,23,444,intersection,192,38.4453125,125.46875,332.6137413210089,342.566157583977,331.9253933083185,170.5036025149828
outcome-lag-64,23,444,intersection,224,38.4453125,142.71875,366.6258608088244,381.28652245565274,365.93751279613406,181.08913078313537
outcome-lag-64,23,444,intersection,256,38.4453125,159.96875,397.60547397777304,416.7449323593464,396.9171259650827,190.0543685962254
outcome-lag-64,23,444,intersection,288,38.4453125,177.21875,425.96809035334263,449.3973729329462,425.27974234065226,197.8867414780841
outcome-lag-64,23,444,intersection,320,38.4453125,194.46875,452.48552283993104,480.69658167085277,451.79717482724067,205.70823712418868
outcome-lag-64,23,444,intersection,352,38.4453125,211.71875,477.2023428884179,510.17005585095467,476.5139948757275,212.9287480363527
outcome-lag-64,23,444,intersection,384,38.4453125,228.96875,500.7677280407615,538.8624112327266,500.0793800280711,220.28179497534367
outcome-lag-64,23,444,intersection,416,38.4453125,246.21875,522.9889166096237,565.3319492683703,522.3005685969334,226.40712672576262
outcome-lag-64,23,444,intersection,448,38.4453125,263.46875,544.2259065426845,590.3927437805728,543.5375585299942,231.88793055092125
outcome-lag-64,23,444,intersection,480,38.4453125,280.71875,564.5757216349049,614.4297319081029,563.8873736222146,237.0381404896174
outcome-lag-64,23,444,intersection,512,38.4453125,297.96875,584.0615146706828,637.1878492981742,583.3731666579924,241.56835204710066
outcome-lag-64,23,444,completed,32,11.4296875,23.78125,64.0,64.0,64.0,35.065109984718035
outcome-lag-64,23,444,completed,64,11.4296875,41.03125,128.0,128.0,128.0,75.24801420973829
outcome-lag-64,23,444,completed,96,11.4296875,58.28125,191.8636806851134,191.61622922096836,191.61622922096836,109.34662377000706
outcome-lag-64,23,444,completed,128,11.4296875,75.53125,247.8301898308579,248.71001204680778,246.8043519606846,132.50418853663362
outcome-lag-64,23,444,completed,160,11.4296875,92.78125,293.16876367112854,300.5534451579502,292.14292580095525,151.36154537356944
outcome-lag-64,23,444,completed,192,11.4296875,110.03125,331.39619748208446,344.7157172222118,330.37035961191117,164.858652242628
outcome-lag-64,23,444,completed,224,11.4296875,127.28125,365.6499567012023,383.6164112501072,364.624118831029,175.28981195495192
outcome-lag-64,23,444,completed,256,11.4296875,144.53125,396.2135318776323,418.42814480226366,395.187694007459,183.84423431659917
outcome-lag-64,23,444,completed,288,11.4296875,161.78125,424.3114215181434,450.5046806174038,423.2855836479701,191.26566883199075
outcome-lag-64,23,444,completed,320,11.4296875,179.03125,450.43253598886116,481.09359618810186,449.40669811868787,198.57520644191354
outcome-lag-64,23,444,completed,352,11.4296875,196.28125,474.96204179427957,510.1409456183392,473.9362039241063,205.44826612517983
outcome-lag-64,23,444,completed,384,11.4296875,213.53125,498.07532894541816,538.0752374938274,497.0494910752449,212.3418725827278
outcome-lag-64,23,444,completed,416,11.4296875,230.78125,520.2292346559017,564.2617008737271,519.2033967857284,218.20306578509536
outcome-lag-64,23,444,completed,448,11.4296875,248.03125,541.3432841302396,589.0516714555512,540.3174462600663,223.47419012072675
outcome-lag-64,23,444,completed,480,11.4296875,265.28125,561.5586497132778,612.8383261381882,560.5328118431045,228.4648551627752
outcome-lag-64,23,444,completed,512,11.4296875,282.53125,581.1747867745001,635.6568862237681,580.1489489043269,232.93434034462936
outcome-lag-64,23,444,plugin,32,3.97265625,7.328125,52.0,52.0,52.0,38.374089532861674
outcome-lag-64,23,444,plugin,64,5.28515625,12.828125,102.0,102.0,102.0,73.62554888235648
outcome-lag-64,23,444,plugin,96,6.365234375,19.2421875,153.8636806851134,153.61622922096836,153.61622922096836,101.03835567572749
outcome-lag-64,23,444,plugin,128,7.240234375,25.9921875,196.8670658287297,198.7607359507685,196.61253519790193,120.66671867482798
outcome-lag-64,23,444,plugin,160,8.115234375,32.7421875,231.95725512684822,240.50882606836626,231.70272449602047,137.12588074595257
outcome-lag-64,23,444,plugin,192,8.990234375,39.4921875,259.56114643354084,273.42603053115107,259.3066158027131,147.94549684576137
outcome-lag-64,23,444,plugin,224,9.865234375,46.2421875,281.0898638595066,298.68428543770534,280.83533322867885,155.2090120382584
outcome-lag-64,23,444,plugin,256,10.740234375,52.9921875,302.6225679091952,323.95931098415826,302.36803727836747,161.83847885190775
outcome-lag-64,23,444,plugin,288,11.615234375,59.7421875,322.47903084283445,347.47570278749197,322.2245002120067,167.82905911168473
outcome-lag-64,23,444,plugin,320,12.490234375,66.4921875,341.5796134797607,370.7311117364747,341.325082848933,174.10089060776582
outcome-lag-64,23,444,plugin,352,13.365234375,73.2421875,359.06969561426746,392.14672871342157,358.81516498343973,179.7507701673925
outcome-lag-64,23,444,plugin,384,14.240234375,79.9921875,377.2427200010992,414.7164019991446,376.98818937027147,185.8039180561237
outcome-lag-64,23,444,plugin,416,15.115234375,86.7421875,392.97157350825347,434.1401219071717,392.71704287742574,190.82057718477162
outcome-lag-64,23,444,plugin,448,15.990234375,93.4921875,408.39144776946563,452.9685038471389,408.1369171386379,195.44376304300084
outcome-lag-64,23,444,plugin,480,16.865234375,100.2421875,423.4908507450593,471.248885502883,423.23632011423155,199.69963837224208
outcome-lag-64,23,444,plugin,512,17.740234375,106.9921875,436.3323083573309,486.73432812054915,436.07777772650314,203.19280259851814
outcome-lag-64,23,444,safe,32,15.6875,0.0,32.0,32.0,32.0,24.65397492524707
outcome-lag-64,23,444,safe,64,31.375,0.0,64.0,64.0,64.0,47.21390446784411
outcome-lag-64,23,444,safe,96,47.0625,0.0,95.86368068511338,95.61622922096835,95.61622922096835,63.02483562535376
outcome-lag-64,23,444,safe,128,62.75,0.0,120.2522962703049,121.76073595076835,119.99776563947714,73.2080721372619
outcome-lag-64,23,444,safe,160,78.4375,0.0,139.12488846569633,144.1203814128669,138.87035783486857,81.51271743184112
outcome-lag-64,23,444,safe,192,94.125,0.0,155.03650335699288,162.9000564995103,154.78197272616512,87.58978031363769
outcome-lag-64,23,444,safe,224,109.8125,0.0,169.05366811665004,179.27864654851274,168.79913748582229,92.28969600450701
outcome-lag-64,23,444,safe,256,125.5,0.0,181.72533494454063,194.0958042500704,181.47080431371288,96.2383661043786
outcome-lag-64,23,444,safe,288,141.1875,0.0,193.37175163533624,207.66356770178436,193.11722100450848,99.59948239376759
outcome-lag-64,23,444,safe,320,156.875,0.0,204.21673438552077,220.53522955818895,203.962203754693,102.81839647555313
outcome-lag-64,23,444,safe,352,172.5625,0.0,214.39436392877468,232.64799149640282,214.13983329794692,105.75086397998895
outcome-lag-64,23,444,safe,384,188.25,0.0,224.0367222206215,244.18585553641466,223.78219158979374,108.51763688995224
outcome-lag-64,23,444,safe,416,203.9375,0.0,233.20341049164972,255.21958974527482,232.94887986082196,111.13920046627628
outcome-lag-64,23,444,safe,448,219.625,0.0,241.96563269644307,265.9215808229586,241.7111020656153,113.74718358415222
outcome-lag-64,23,444,safe,480,235.3125,0.0,250.36958277414223,276.11215338698196,250.11505214331447,116.12832846575819
outcome-lag-64,23,444,safe,512,251.0,0.0,258.4563941992965,285.75118871907074,258.20186356846875,118.21445635152531
outcome-lag-64,23,444,known,32,0.0,17.25,64.0,64.0,64.0,47.55174952654501
outcome-lag-64,23,444,known,64,0.0,34.5,128.0,128.0,128.0,91.6137286674114
outcome-lag-64,23,444,known,96,0.0,51.75,191.8636806851134,191.61622922096836,191.61622922096836,124.80978248691177
outcome-lag-64,23,444,known,128,0.0,69.0,246.10456683654743,249.6619193250458,245.79906801139896,146.87387901264856
outcome-lag-64,23,444,known,160,0.0,86.25,291.09870479599914,301.73630590743403,290.6168855417114,165.00093341732918
outcome-lag-64,23,444,known,192,0.0,103.5,330.08736583257456,346.2012398031752,329.5589785372703,178.4871486828451
outcome-lag-64,23,444,known,224,0.0,120.75,365.47044422384624,385.9304013004037,364.942056928542,189.20039578557754
outcome-lag-64,23,444,known,256,0.0,138.0,396.40123966613066,420.9033718699799,395.8728523708264,197.76862172115264
outcome-lag-64,23,444,known,288,0.0,155.25,424.7399426054946,453.03682395248376,424.21155531019036,205.13717294545535
outcome-lag-64,23,444,known,320,0.0,172.5,450.92620378504677,483.5432574304579,450.3970296672942,212.31714478621575
outcome-lag-64,23,444,known,352,0.0,189.75,475.5486050158789,512.5867757052432,475.01943089812636,219.11383791887627
outcome-lag-64,23,444,known,384,0.0,207.0,498.5849013440962,540.3233373612866,498.05572722634366,225.8655828828733
outcome-lag-64,23,444,known,416,0.0,224.25,520.816486511843,566.4969639266623,520.2873123940905,231.651920921242
outcome-lag-64,23,444,known,448,0.0,241.5,541.9581549237517,591.2520108958098,541.4289808059992,236.85900165712948
outcome-lag-64,23,444,known,480,0.0,258.75,562.1791414116173,614.9982399778544,561.6499672938647,241.80400380597678
outcome-lag-64,23,444,known,512,0.0,276.0,581.915368258802,637.911703104394,581.3861941410495,246.26905435208016
outcome-lag-64,23,444,product,32,0.0,17.25,64.0,64.0,64.0,47.55174952654501
outcome-lag-64,23,444,product,64,0.0,34.5,128.0,128.0,128.0,91.6137286674114
outcome-lag-64,23,444,product,96,0.0,51.75,191.8636806851134,191.61622922096836,191.61622922096836,124.80978248691177
outcome-lag-64,23,444,product,128,0.0,69.0,246.10456683654743,249.6619193250458,245.79906801139896,146.87387901264856
outcome-lag-64,23,444,product,160,0.0,86.25,291.09870479599914,301.73630590743403,290.6168855417114,165.00093341732918
outcome-lag-64,23,444,product,192,0.0,103.5,330.08736583257456,346.2012398031752,329.5589785372703,178.4871486828451
outcome-lag-64,23,444,product,224,0.0,120.75,365.47044422384624,385.9304013004037,364.942056928542,189.20039578557754
outcome-lag-64,23,444,product,256,0.0,138.0,396.40123966613066,420.9033718699799,395.8728523708264,197.76862172115264
outcome-lag-64,23,444,product,288,0.0,155.25,424.7399426054946,453.03682395248376,424.21155531019036,205.13717294545535
outcome-lag-64,23,444,product,320,0.0,172.5,450.92620378504677,483.5432574304579,450.3970296672942,212.31714478621575
outcome-lag-64,23,444,product,352,0.0,189.75,475.5486050158789,512.5867757052432,475.01943089812636,219.11383791887627
outcome-lag-64,23,444,product,384,0.0,207.0,498.5849013440962,540.3233373612866,498.05572722634366,225.8655828828733
outcome-lag-64,23,444,product,416,0.0,224.25,520.816486511843,566.4969639266623,520.2873123940905,231.651920921242
outcome-lag-64,23,444,product,448,0.0,241.5,541.9581549237517,591.2520108958098,541.4289808059992,236.85900165712948
outcome-lag-64,23,444,product,480,0.0,258.75,562.1791414116173,614.9982399778544,561.6499672938647,241.80400380597678
outcome-lag-64,23,444,product,512,0.0,276.0,581.915368258802,637.911703104394,581.3861941410495,246.26905435208016
single-blocker,23,444,prefix,32,16.625,26.75,64.0,63.96821681185914,63.96821681185914,9.454416234402885
single-blocker,23,444,prefix,64,33.25,53.5,128.0,116.69593443349511,116.69593443349511,11.640612451471458
single-blocker,23,444,prefix,96,49.875,80.25,192.0,157.084390785739,157.084390785739,12.77806352406351
single-blocker,23,444,prefix,128,66.5,107.0,256.0,191.74367392418097,191.74367392418097,13.689412854414753
single-blocker,23,444,prefix,160,83.125,133.75,320.0,222.0173878758393,222.0173878758393,14.316714937886465
single-blocker,23,444,prefix,192,99.75,160.5,384.0,250.6992815076363,250.6992815076363,14.95197537782478
single-blocker,23,444,prefix,224,116.375,187.25,448.0,276.1485372469753,276.1485372469753,15.37952062798623
single-blocker,23,444,prefix,256,133.0,214.0,512.0,299.27822862083286,299.27822862083286,15.707105699605426
single-blocker,23,444,prefix,288,149.625,240.75,576.0,321.0105228667465,321.0105228667465,15.998769181553923
single-blocker,23,444,prefix,320,166.25,267.5,640.0,340.8878290324772,340.8878290324772,16.217699069398506
single-blocker,23,444,prefix,352,182.875,294.25,704.0,361.16274857227467,361.16274857227467,16.501991852550038
single-blocker,23,444,prefix,384,199.5,321.0,768.0,379.8937265367593,379.8937265367593,16.722777244561982
single-blocker,23,444,prefix,416,216.125,347.75,832.0,398.6115788279925,398.6115788279925,16.96473650315832
single-blocker,23,444,prefix,448,232.75,374.5,896.0,418.17290903909765,418.17290903909765,17.25404665650512
single-blocker,23,444,prefix,480,249.375,401.25,960.0,435.6682046256303,435.6682046256303,17.458097346566657
single-blocker,23,444,prefix,512,266.0,428.0,1024.0,451.164210753236,451.164210753236,17.591768345433376
single-blocker,23,444,intersection,32,7.2734375,21.40625,64.0,63.96821681185914,63.96821681185914,10.625563951843512
single-blocker,23,444,intersection,64,7.2734375,38.65625,128.0,121.29725752745716,121.29725752745716,12.778717927032382
single-blocker,23,444,intersection,96,7.2734375,55.90625,192.0,168.00974926006975,168.00974926006975,13.990319913569422
single-blocker,23,444,intersection,128,7.2734375,73.15625,256.0,207.33391566495703,207.33391566495703,14.856755251521129
single-blocker,23,444,intersection,160,7.2734375,90.40625,320.0,241.7572190152413,241.7572190152413,15.523718611257094
single-blocker,23,444,intersection,192,7.2734375,107.65625,384.0,273.00885848135056,273.00885848135056,16.076327495905943
single-blocker,23,444,intersection,224,7.2734375,124.90625,448.0,302.0509977811199,302.0509977811199,16.555428489525408
single-blocker,23,444,intersection,256,7.2734375,142.15625,512.0,328.7291674847397,328.7291674847397,16.9589779120058
single-blocker,23,444,intersection,288,7.2734375,159.40625,576.0,353.75305780902966,353.75305780902966,17.31455803858646
single-blocker,23,444,intersection,320,7.2734375,176.65625,640.0,377.3514194180161,377.3514194180161,17.63107094218444
single-blocker,23,444,intersection,352,7.2734375,193.90625,704.0,399.82272241654925,399.82272241654925,17.918562806421644
single-blocker,23,444,intersection,384,7.2734375,211.15625,768.0,421.10466999008355,421.10466999008355,18.176234760098975
single-blocker,23,444,intersection,416,7.2734375,228.40625,832.0,441.68099744531014,441.68099744531014,18.417926406255614
single-blocker,23,444,intersection,448,7.2734375,245.65625,896.0,461.4255196315381,461.4255196315381,18.640522977558387
single-blocker,23,444,intersection,480,7.2734375,262.90625,960.0,480.42624668645664,480.42624668645664,18.846729155618874
single-blocker,23,444,intersection,512,7.2734375,280.15625,1024.0,498.99168777873683,498.99168777873683,19.044210820392244
single-blocker,23,444,completed,32,6.234375,20.8125,64.0,63.96821681185914,63.96821681185914,10.646931473211032
single-blocker,23,444,completed,64,6.234375,38.0625,128.0,121.22759708485825,121.22759708485825,12.773646933117574
single-blocker,23,444,completed,96,6.234375,55.3125,192.0,167.88066702102373,167.88066702102373,13.983501731751245
single-blocker,23,444,completed,128,6.234375,72.5625,256.0,207.2176494287144,207.2176494287144,14.851400840506345
single-blocker,23,444,completed,160,6.234375,89.8125,320.0,241.6427182472055,241.6427182472055,15.518972293744822
single-blocker,23,444,completed,192,6.234375,107.0625,384.0,272.9104771908834,272.9104771908834,16.072597839486416
single-blocker,23,444,completed,224,6.234375,124.3125,448.0,301.98800008579764,301.98800008579764,16.55322440789275
single-blocker,23,444,completed,256,6.234375,141.5625,512.0,328.67401876884423,328.67401876884423,16.957170608004805
single-blocker,23,444,completed,288,6.234375,158.8125,576.0,353.7038182032273,353.7038182032273,17.313034846762562
single-blocker,23,444,completed,320,6.234375,176.0625,640.0,377.3040422391394,377.3040422391394,17.62967840617743
single-blocker,23,444,completed,352,6.234375,193.3125,704.0,399.77941387289275,399.77941387289275,17.917348018845285
single-blocker,23,444,completed,384,6.234375,210.5625,768.0,421.05634026292455,421.05634026292455,18.17493354193727
single-blocker,23,444,completed,416,6.234375,227.8125,832.0,441.63640451688076,441.63640451688076,18.41677227020887
single-blocker,23,444,completed,448,6.234375,245.0625,896.0,461.3824094934387,461.3824094934387,18.639446835426387
single-blocker,23,444,completed,480,6.234375,262.3125,960.0,480.3829897357466,480.3829897357466,18.845684722975903
single-blocker,23,444,completed,512,6.234375,279.5625,1024.0,498.955203588805,498.955203588805,19.043358424384525
single-blocker,23,444,plugin,32,2.7890625,9.90625,58.0,57.96821681185914,57.96821681185914,9.708318185913534
single-blocker,23,444,plugin,64,3.6640625,16.65625,111.0,103.38388570923824,103.38388570923824,11.114532519877915
single-blocker,23,444,plugin,96,4.5390625,23.40625,164.0,138.52983066214415,138.52983066214415,11.932072702054858
single-blocker,23,444,plugin,128,5.4140625,30.15625,215.0,166.83420824719843,166.83420824719843,12.486492883880365
single-blocker,23,444,plugin,160,6.2890625,36.90625,267.0,192.3327379555486,192.3327379555486,12.9298730660117
single-blocker,23,444,plugin,192,7.1640625,43.65625,317.0,214.38431448327967,214.38431448327967,13.275972897060825
single-blocker,23,444,plugin,224,8.0390625,50.40625,362.0,232.40676851576146,232.40676851576146,13.533761930043479
single-blocker,23,444,plugin,256,8.9140625,57.15625,411.0,251.05407277017346,251.05407277017346,13.78828596812782
single-blocker,23,444,plugin,288,9.7890625,63.90625,460.0,268.5937501240258,268.5937501240258,14.01398483988403
single-blocker,23,444,plugin,320,10.6640625,70.65625,510.0,285.5948117145527,285.5948117145527,14.222173032644319
single-blocker,23,444,plugin,352,11.5390625,77.40625,559.0,301.3886056396219,301.3886056396219,14.4057651192239
single-blocker,23,444,plugin,384,12.4140625,84.15625,612.0,317.9249971178479,317.9249971178479,14.59203251049874
single-blocker,23,444,plugin,416,13.2890625,90.90625,661.0,332.36780117443163,332.36780117443163,14.745801662033243
single-blocker,23,444,plugin,448,14.1640625,97.65625,711.0,346.6078962434066,346.6078962434066,14.89246175741729
single-blocker,23,444,plugin,480,15.0390625,104.40625,762.0,360.6669459864053,360.6669459864053,15.032720104645659
single-blocker,23,444,plugin,512,15.9140625,111.15625,808.0,372.7021641481462,372.7021641481462,15.146716477813467
single-blocker,23,444,safe,32,15.6875,0.0,32.0,31.968216811859147,31.968216811859147,4.02724519543652
single-blocker,23,444,safe,64,31.375,0.0,64.0,57.42435623340214,57.42435623340214,4.7282659037057675
single-blocker,23,444,safe,96,47.0625,0.0,96.0,76.78319682780861,76.78319682780861,5.136346480888775
single-blocker,23,444,safe,128,62.75,0.0,128.0,93.03345515740088,93.03345515740088,5.425334592589174
single-blocker,23,444,safe,160,78.4375,0.0,160.0,107.31238195727079,107.31238195727079,5.649261224939744
single-blocker,23,444,safe,192,94.125,0.0,192.0,120.1978375468853,120.1978375468853,5.832104609707439
single-blocker,23,444,safe,224,109.8125,0.0,224.0,132.0310352083931,132.0310352083931,5.986627913082163
single-blocker,23,444,safe,256,125.5,0.0,256.0,143.03333360981438,143.03333360981438,6.120438712817281
single-blocker,23,444,safe,288,141.1875,0.0,288.0,153.35798108855585,153.35798108855585,6.238439029233648
single-blocker,23,444,safe,320,156.875,0.0,320.0,163.1162631808352,163.1162631808352,6.343973346894013
single-blocker,23,444,safe,352,172.5625,0.0,352.0,172.39200998111025,172.39200998111025,6.43942571339101
single-blocker,23,444,safe,384,188.25,0.0,384.0,181.25023096678382,181.25023096678382,6.5265555690159704
single-blocker,23,444,safe,416,203.9375,0.0,416.0,189.74254455085054,189.74254455085054,6.6066985205464555
single-blocker,23,444,safe,448,219.625,0.0,448.0,197.91074640079475,197.91074640079475,6.680892410683006
single-blocker,23,444,safe,480,235.3125,0.0,480.0,205.78924141297622,205.78924141297622,6.7499597404471405
single-blocker,23,444,safe,512,251.0,0.0,512.0,213.40675252840046,213.40675252840046,6.81456340954972
single-blocker,23,444,known,32,0.0,17.25,64.0,63.96821681185914,63.96821681185914,10.354393849380507
single-blocker,23,444,known,64,0.0,34.5,128.0,119.85735034754568,119.85735034754568,12.596099875231184
single-blocker,23,444,known,96,0.0,51.75,192.0,165.5468085350172,165.5468085350172,13.857275797566219
single-blocker,23,444,known,128,0.0,69.0,256.0,205.394217513279,205.394217513279,14.766050433822446
single-blocker,23,444,known,160,0.0,86.25,320.0,240.02659742763478,240.02659742763478,15.451098170470736
single-blocker,23,444,known,192,0.0,103.5,384.0,271.5757102583008,271.5757102583008,16.0214923709114
single-blocker,23,444,known,224,0.0,120.75,448.0,301.09180966988026,301.09180966988026,16.521677387994792
single-blocker,23,444,known,256,0.0,138.0,512.0,327.9067801105797,327.9067801105797,16.931903194693128
single-blocker,23,444,known,288,0.0,155.25,576.0,353.0319438617104,353.0319438617104,17.29216608762282
single-blocker,23,444,known,320,0.0,172.5,640.0,376.6774333797389,376.6774333797389,17.611193968437536
single-blocker,23,444,known,352,0.0,189.75,704.0,399.21451793826105,399.21451793826105,17.90145338483482
single-blocker,23,444,known,384,0.0,207.0,768.0,420.4566162605692,420.4566162605692,18.158735015096454
single-blocker,23,444,known,416,0.0,224.25,832.0,441.0877006784755,441.0877006784755,18.402530905995647
single-blocker,23,444,known,448,0.0,241.5,896.0,460.8594956584316,460.8594956584316,18.62635965269175
single-blocker,23,444,known,480,0.0,258.75,960.0,479.8675721183673,479.8675721183673,18.833209179429844
single-blocker,23,444,known,512,0.0,276.0,1024.0,498.51584811300046,498.51584811300046,19.033072593627153
single-blocker,23,444,product,32,0.0,17.25,64.0,63.96821681185914,63.96821681185914,10.354393849380507
single-blocker,23,444,product,64,0.0,34.5,128.0,119.85735034754568,119.85735034754568,12.596099875231184
single-blocker,23,444,product,96,0.0,51.75,192.0,165.5468085350172,165.5468085350172,13.857275797566219
single-blocker,23,444,product,128,0.0,69.0,256.0,205.394217513279,205.394217513279,14.766050433822446
single-blocker,23,444,product,160,0.0,86.25,320.0,240.02659742763478,240.02659742763478,15.451098170470736
single-blocker,23,444,product,192,0.0,103.5,384.0,271.5757102583008,271.5757102583008,16.0214923709114
single-blocker,23,444,product,224,0.0,120.75,448.0,301.09180966988026,301.09180966988026,16.521677387994792
single-blocker,23,444,product,256,0.0,138.0,512.0,327.9067801105797,327.9067801105797,16.931903194693128
single-blocker,23,444,product,288,0.0,155.25,576.0,353.0319438617104,353.0319438617104,17.29216608762282
single-blocker,23,444,product,320,0.0,172.5,640.0,376.6774333797389,376.6774333797389,17.611193968437536
single-blocker,23,444,product,352,0.0,189.75,704.0,399.21451793826105,399.21451793826105,17.90145338483482
single-blocker,23,444,product,384,0.0,207.0,768.0,420.4566162605692,420.4566162605692,18.158735015096454
single-blocker,23,444,product,416,0.0,224.25,832.0,441.0877006784755,441.0877006784755,18.402530905995647
single-blocker,23,444,product,448,0.0,241.5,896.0,460.8594956584316,460.8594956584316,18.62635965269175
single-blocker,23,444,product,480,0.0,258.75,960.0,479.8675721183673,479.8675721183673,18.833209179429844
single-blocker,23,444,product,512,0.0,276.0,1024.0,498.51584811300046,498.51584811300046,19.033072593627153
outcome-lag-64,25,444,prefix,32,9.625,24.75,64.0,64.0,64.0,39.255747329962645
outcome-lag-64,25,444,prefix,64,19.25,49.5,128.0,128.0,128.0,81.33471513244425
outcome-lag-64,25,444,prefix,96,22.55859375,70.640625,191.79742797489217,190.44771180516094,190.44048587995127,111.99354067323553
outcome-lag-64,25,444,prefix,128,22.55859375,89.890625,246.34460610777592,246.19554088825774,244.16098539711106,132.44548805793855
outcome-lag-64,25,444,prefix,160,22.55859375,109.140625,291.03945311037734,296.4442374436365,288.8558323997124,151.42284784697873
outcome-lag-64,25,444,prefix,192,22.55859375,128.390625,332.82360143948483,342.1904844475607,329.9620298302733,165.7608295391223
outcome-lag-64,25,444,prefix,224,22.55859375,147.640625,368.0659451355395,381.64465502063234,365.0045368007989,176.50621205156907
outcome-lag-64,25,444,prefix,256,22.55859375,166.890625,399.8171593358268,418.43230736488283,396.7557510010862,186.4703223202087
outcome-lag-64,25,444,prefix,288,22.55859375,186.140625,428.1715237353304,451.5494427983002,425.11011540058985,194.87605678447676
outcome-lag-64,25,444,prefix,320,22.55859375,205.390625,454.86211310187696,482.50206502429717,451.8007047671364,202.25939050415772
outcome-lag-64,25,444,prefix,352,22.55859375,224.640625,479.7461634551234,511.76281279761173,476.6847551203828,209.17787001342924
outcome-lag-64,25,444,prefix,384,22.55859375,243.890625,503.40859806299954,540.5648016554334,500.34718972825897,216.62168925717424
outcome-lag-64,25,444,prefix,416,22.55859375,263.140625,525.7602284638366,567.6876271238056,522.698820129096,223.3699211022571
outcome-lag-64,25,444,prefix,448,22.55859375,282.390625,547.0070279562794,592.9420500773116,543.9456196215389,229.05821531706152
outcome-lag-64,25,444,prefix,480,22.55859375,301.640625,567.3401773914637,616.9969552624531,564.2787690567231,234.25109793912645
outcome-lag-64,25,444,prefix,512,22.55859375,320.890625,586.9137429747115,640.0911510162596,583.8523346399709,239.1827276464959
outcome-lag-64,25,444,intersection,32,9.625,24.75,64.0,64.0,64.0,39.255747329962645
outcome-lag-64,25,444,intersection,64,17.14453125,48.296875,128.0,128.0,128.0,81.10863995233096
outcome-lag-64,25,444,intersection,96,17.14453125,67.546875,191.79742797489217,190.44771180516094,190.44048587995127,112.44128907736405
outcome-lag-64,25,444,intersection,128,17.14453125,86.796875,246.35113482022712,245.92055804085243,244.16751410956226,134.17069549128374
outcome-lag-64,25,444,intersection,160,17.14453125,106.046875,291.68506054866265,296.7447301171389,289.48038758637915,152.17208186383496
outcome-lag-64,25,444,intersection,192,17.14453125,125.296875,332.42098007257755,341.76626021817646,329.8109840621516,165.9189601065242
outcome-lag-64,25,444,intersection,224,17.14453125,144.546875,366.80264468778034,380.7636687082192,364.1642022236576,176.50283896579884
outcome-lag-64,25,444,intersection,256,17.14453125,163.796875,397.9091585285846,417.0327784634372,395.27071606446185,186.2603843903986
outcome-lag-64,25,444,intersection,288,17.14453125,183.046875,426.0817121096704,450.06753990549123,423.4432696455476,194.64323581096406
outcome-lag-64,25,444,intersection,320,17.14453125,202.296875,452.49235091913306,480.8004223379289,449.8539084550103,201.95935446921428
outcome-lag-64,25,444,intersection,352,17.14453125,221.546875,477.18767840808084,509.8750327241604,474.5492359439581,208.80582162616446
outcome-lag-64,25,444,intersection,384,17.14453125,240.796875,500.6173171279139,538.3922129923186,497.97887466379115,216.11200882563824
outcome-lag-64,25,444,intersection,416,17.14453125,260.046875,522.825872964174,565.3556111975737,520.1874305000513,222.78016179868763
outcome-lag-64,25,444,intersection,448,17.14453125,279.296875,543.991066033949,590.5303630050237,541.3526235698263,228.43597138027755
outcome-lag-64,25,444,intersection,480,17.14453125,298.546875,564.2657699054869,614.5358016260329,561.6273274413642,233.61729711482258
outcome-lag-64,25,444,intersection,512,17.14453125,317.796875,583.6775006688249,637.451182034992,581.0390582047022,238.4913789568301
outcome-lag-64,25,444,completed,32,5.4140625,22.34375,64.0,64.0,64.0,37.477271425834566
outcome-lag-64,25,444,completed,64,7.55859375,37.984375,122.0,122.0,122.0,74.31606329379748
outcome-lag-64,25,444,completed,96,8.2734375,56.03125,183.80465390010184,182.44771180516094,182.44771180516094,102.85923934906376
outcome-lag-64,25,444,completed,128,8.2734375,75.28125,239.99904481375384,238.66385543571218,237.77623530514114,121.80380096148966
outcome-lag-64,25,444,completed,160,8.2734375,94.53125,286.6526259285155,291.0840118061104,284.3313025278007,139.68836397293177
outcome-lag-64,25,444,completed,192,8.2734375,113.78125,325.98094671460166,335.71740294712777,323.65962331388687,153.260566986513
outcome-lag-64,25,444,completed,224,8.2734375,133.03125,360.3089031876677,375.0678365427468,357.9875797869529,164.0759110561324
outcome-lag-64,25,444,completed,256,8.2734375,152.28125,391.1537319057621,411.25406402456696,388.8324085050473,173.84927981719403
outcome-lag-64,25,444,completed,288,8.2734375,171.53125,419.65390397915166,444.8155855906421,417.3325805784369,182.47549960583538
outcome-lag-64,25,444,completed,320,8.2734375,190.78125,446.0239727443451,475.6343592780996,443.7026493436303,189.8610670920612
outcome-lag-64,25,444,completed,352,8.2734375,210.03125,470.73597449197683,504.77706306661804,468.41465109126204,196.74108611982376
outcome-lag-64,25,444,completed,384,8.2734375,229.28125,494.0154935083787,533.1046503443624,491.6941701076639,203.93644008958643
outcome-lag-64,25,444,completed,416,8.2734375,248.53125,516.1979868097303,560.0564581638295,513.8766634090155,210.56599968876475
outcome-lag-64,25,444,completed,448,8.2734375,267.78125,537.4180336114321,585.3269575812398,535.0967102107172,216.2496174439841
outcome-lag-64,25,444,completed,480,8.2734375,287.03125,557.7623566575683,609.4544234802678,555.4410332568534,221.48650448397217
outcome-lag-64,25,444,completed,512,8.2734375,306.28125,576.9997995175406,632.185746625621,574.6784761168258,226.30472531695932
outcome-lag-64,25,444,plugin,32,4.701171875,10.9921875,49.0,49.0,49.0,27.30031314589641
outcome-lag-64,25,444,plugin,64,7.888671875,19.9921875,98.0,98.0,98.0,56.51944950020667
outcome-lag-64,25,444,plugin,96,9.162109375,34.4609375,153.80465390010184,152.44771180516094,152.44771180516094,80.15155644515923
outcome-lag-64,25,444,plugin,128,12.279296875,44.3046875,200.0656309061192,198.46110103244075,197.75443475355686,95.28580628088861
outcome-lag-64,25,444,plugin,160,12.7578125,62.1875,246.54471578380475,249.0508174181456,244.20930064910897,113.41835707243452
outcome-lag-64,25,444,plugin,192,12.7578125,81.4375,289.11259167788535,295.6409243870559,286.7771765431895,128.93195389973127
outcome-lag-64,25,444,plugin,224,12.7578125,100.6875,328.2890307933159,338.37580311881754,325.95361565862004,142.70409865885284
outcome-lag-64,25,444,plugin,256,12.7578125,119.9375,362.70324036659736,377.6156116219075,360.3678252319015,154.22910009539967
outcome-lag-64,25,444,plugin,288,12.7578125,139.1875,394.62195454170336,414.86502347122155,392.2865394070075,164.51022114537784
outcome-lag-64,25,444,plugin,320,12.7578125,158.4375,422.84887146083116,447.80497560554267,420.5134563261353,172.80330584719638
outcome-lag-64,25,444,plugin,352,12.7578125,177.6875,449.0639232571424,478.7039952800764,446.72850812244656,180.41205147353463
outcome-lag-64,25,444,plugin,384,12.7578125,196.9375,473.2446577394574,508.11826063555355,470.9092426047616,188.02202040914824
outcome-lag-64,25,444,plugin,416,12.7578125,216.1875,496.33772300941445,536.1956264231387,494.0023078747186,195.0415606227137
outcome-lag-64,25,444,plugin,448,12.7578125,235.4375,518.4563909050189,562.572584451652,516.1209757703231,201.12048986427945
outcome-lag-64,25,444,plugin,480,12.7578125,254.6875,539.6075616702686,587.7180897467682,537.2721465355728,206.74309733226383
outcome-lag-64,25,444,plugin,512,12.7578125,273.9375,559.1365221379904,610.8243482319987,556.8011070032945,211.69528188496992
outcome-lag-64,25,444,safe,32,11.4375,0.0,32.0,32.0,32.0,20.872751818335082
outcome-lag-64,25,444,safe,64,22.875,0.0,64.0,64.0,64.0,40.12645418053225
outcome-lag-64,25,444,safe,96,34.3125,0.0,95.80465390010183,94.44771180516095,94.44771180516095,52.53449233831882
outcome-lag-64,25,444,safe,128,45.75,0.0,120.17999866544102,118.70304423366001,117.9963779547761,60.82855454892597
outcome-lag-64,25,444,safe,160,57.1875,0.0,138.95023887563138,141.07483474275517,136.76661816496647,69.14534489050186
outcome-lag-64,25,444,safe,192,68.625,0.0,154.88221758035246,160.3902392182605,152.69859686968755,75.75813716116026
outcome-lag-64,25,444,safe,224,80.0625,0.0,168.8933608594155,177.14098927071805,166.7097401487506,80.8302128554848
outcome-lag-64,25,444,safe,256,91.5,0.0,181.56155178690858,192.28402793390646,179.37793107624367,85.10476391698708
outcome-lag-64,25,444,safe,288,102.9375,0.0,193.2110869511675,206.43253639227214,191.02746624050258,89.04662521302772
outcome-lag-64,25,444,safe,320,114.375,0.0,204.05688083327033,219.61734942349597,201.87326012260542,92.5786904696325
outcome-lag-64,25,444,safe,352,125.8125,0.0,214.24718562687417,231.76000855144957,212.06356491620926,95.54105516380793
outcome-lag-64,25,444,safe,384,137.25,0.0,223.89043230169128,243.53933087417107,221.70681159102637,98.54928635648074
outcome-lag-64,25,444,safe,416,148.6875,0.0,233.05182745137336,255.06050431383792,230.86820674070844,101.65828916361131
outcome-lag-64,25,444,safe,448,160.125,0.0,241.81771497249358,265.87416783444394,239.63409426182866,104.37794472440942
outcome-lag-64,25,444,safe,480,171.5625,0.0,250.2233607456362,276.16935499474346,248.0397400349713,106.86370420229156
outcome-lag-64,25,444,safe,512,183.0,0.0,258.31151457276894,286.1150733172121,256.12789386210414,109.25651507843855
outcome-lag-64,25,444,known,32,0.0,19.25,64.0,64.0,64.0,36.540616796494184
outcome-lag-64,25,444,known,64,0.0,38.5,128.0,128.0,128.0,77.49283249784003
outcome-lag-64,25,444,known,96,0.0,57.75,191.80465390010184,190.44771180516094,190.44771180516094,108.29777581356872
outcome-lag-64,25,444,known,128,0.0,77.0,246.93649136282758,245.44391602049123,244.61672072836487,127.5525043135749
outcome-lag-64,25,444,known,160,0.0,96.25,292.34717380959546,296.8115080678994,290.0274031751327,145.08115963957925
outcome-lag-64,25,444,known,192,0.0,115.5,330.62136956570345,340.65833604842766,328.3015989312407,158.34149848592784
outcome-lag-64,25,444,known,224,0.0,134.75,364.4601580237003,379.6232211129264,362.1403873892375,169.05262545595087
outcome-lag-64,25,444,known,256,0.0,154.0,394.81806688032384,415.32941139182014,392.49829624586107,178.65929512094647
outcome-lag-64,25,444,known,288,0.0,173.25,423.117923298264,448.7176053908577,420.7981526638012,187.24184689653362
outcome-lag-64,25,444,known,320,0.0,192.5,449.19865996559855,479.25921843289746,446.8788893311358,194.54902497938562
outcome-lag-64,25,444,known,352,0.0,211.75,473.6836420375758,508.14865418161884,471.363871403113,201.3422998242408
outcome-lag-64,25,444,known,384,0.0,231.0,496.7036885579685,536.1472763461505,494.38391792350575,208.3959286112492
outcome-lag-64,25,444,known,416,0.0,250.25,518.6979038252591,562.8749681346559,516.3781331907963,214.93241622178732
outcome-lag-64,25,444,known,448,0.0,269.5,539.7806509415942,587.9915486243343,537.4608803071314,220.56422950341397
outcome-lag-64,25,444,known,480,0.0,288.75,560.0098957365152,611.9945407167178,557.6901251020524,225.7674005996427
outcome-lag-64,25,444,known,512,0.0,308.0,579.0591043072384,634.5111342679743,576.7393336727756,230.51963718935264
outcome-lag-64,25,444,product,32,9.625,24.75,64.0,64.0,64.0,39.255747329962645
outcome-lag-64,25,444,product,64,19.25,49.5,128.0,128.0,128.0,81.33471513244425
outcome-lag-64,25,444,product,96,28.875,74.25,191.75653885100127,190.44771180516094,190.39959675606036,113.39150764885196
outcome-lag-64,25,444,product,128,38.5,99.0,243.3092947069646,245.5009719595917,241.1256739962997,135.16989250438436
outcome-lag-64,25,444,product,160,48.125,123.75,282.55866818987016,292.68122436070865,280.3750474792053,153.0406030553189
outcome-lag-64,25,444,product,192,57.75,148.5,316.48183981397335,333.55175217651225,314.2982191033085,166.69566830629213
outcome-lag-64,25,444,product,224,67.375,173.25,346.82177385527183,370.81814518236865,344.638153144607,178.63598243153493
outcome-lag-64,25,444,product,256,77.0,198.0,373.3750545019513,404.5770210731884,371.19143379128644,189.66500353911158
outcome-lag-64,25,444,product,288,86.625,222.75,399.09893238141257,436.7414466528165,396.9153116707477,199.14840418332875
outcome-lag-64,25,444,product,320,96.25,247.5,422.6001789514658,466.3502247224972,420.41655824080095,207.77906505534526
outcome-lag-64,25,444,product,352,105.875,272.25,444.78283020072,494.24162020186424,442.59920949005516,215.70427411410017
outcome-lag-64,25,444,product,384,115.5,297.0,465.1804441314977,520.5085584514046,462.99682342083287,223.42437213811104
outcome-lag-64,25,444,product,416,125.125,321.75,486.0155329726025,546.8012152096553,483.83191226193765,230.60498470330825
outcome-lag-64,25,444,product,448,134.75,346.5,506.00072257253663,571.2724568351042,503.8171018618718,236.6283320710478
outcome-lag-64,25,444,product,480,144.375,371.25,523.147034435494,592.8067475197463,520.9634137248293,242.23088316675356
outcome-lag-64,25,444,product,512,154.0,396.0,541.525816464408,615.4763803065625,539.3421957537432,247.6087387264445
single-blocker,25,444,prefix,32,9.625,24.75,64.0,63.96821681185914,63.96821681185914,9.454416234402888
single-blocker,25,444,prefix,64,19.25,49.5,128.0,116.40296351353018,116.40296351353018,11.457853830781803
single-blocker,25,444,prefix,96,28.875,74.25,192.0,156.6557545253912,156.6557545253912,12.646570017570006
single-blocker,25,444,prefix,128,38.5,99.0,256.0,192.24729967376433,192.24729967376433,13.771701255668678
single-blocker,25,444,prefix,160,48.125,123.75,320.0,222.5757751218652,222.5757751218652,14.386788699741055
single-blocker,25,444,prefix,192,57.75,148.5,384.0,250.69928150763639,250.69928150763639,14.951975377824786
single-blocker,25,444,prefix,224,67.375,173.25,448.0,276.77583305499206,276.77583305499206,15.427250246149288
single-blocker,25,444,prefix,256,77.0,198.0,512.0,299.93128797254224,299.93128797254224,15.752850380456504
single-blocker,25,444,prefix,288,86.625,222.75,576.0,323.0310817484231,323.0310817484231,16.12400017330732
single-blocker,25,444,prefix,320,96.25,247.5,640.0,344.34422408529224,344.34422408529224,16.41902531251229
single-blocker,25,444,prefix,352,105.875,272.25,704.0,364.6926429509811,364.6926429509811,16.687297643628945
single-blocker,25,444,prefix,384,115.5,297.0,768.0,383.48955076900694,383.48955076900694,16.901650950411135
single-blocker,25,444,prefix,416,125.125,321.75,832.0,402.9609923294937,402.9609923294937,17.160499284998963
single-blocker,25,444,prefix,448,134.75,346.5,896.0,421.6747323616834,421.6747323616834,17.39855451667744
single-blocker,25,444,prefix,480,144.375,371.25,960.0,437.7502530955753,437.7502530955753,17.54233566163266
single-blocker,25,444,prefix,512,154.0,396.0,1024.0,455.2532120578109,455.2532120578109,17.753517396743025
single-blocker,25,444,intersection,32,4.2109375,21.65625,64.0,63.96821681185914,63.96821681185914,10.43591558851094
single-blocker,25,444,intersection,64,4.2109375,40.90625,128.0,121.14413264044195,121.14413264044195,12.766504075974717
single-blocker,25,444,intersection,96,4.2109375,60.15625,192.0,168.2151109282071,168.2151109282071,14.00113323823457
single-blocker,25,444,intersection,128,4.2109375,79.40625,256.0,207.87672855263048,207.87672855263048,14.881618384127702
single-blocker,25,444,intersection,160,4.2109375,98.65625,320.0,242.51827423403725,242.51827423403725,15.555061554982682
single-blocker,25,444,intersection,192,4.2109375,117.90625,384.0,273.7174201467389,273.7174201467389,16.103041741184597
single-blocker,25,444,intersection,224,4.2109375,137.15625,448.0,302.3855002944336,302.3855002944336,16.56710224451418
single-blocker,25,444,intersection,256,4.2109375,156.40625,512.0,328.94723836444695,328.94723836444695,16.966112821264332
single-blocker,25,444,intersection,288,4.2109375,175.65625,576.0,354.0080221336978,354.0080221336978,17.322431709028876
single-blocker,25,444,intersection,320,4.2109375,194.90625,640.0,377.57824839900286,377.57824839900286,17.637728254401296
single-blocker,25,444,intersection,352,4.2109375,214.15625,704.0,399.97228945734463,399.97228945734463,17.92275396817347
single-blocker,25,444,intersection,384,4.2109375,233.40625,768.0,421.23711502695625,421.23711502695625,18.17979751201078
single-blocker,25,444,intersection,416,4.2109375,252.65625,832.0,441.6809974453102,441.6809974453102,18.417926406255646
single-blocker,25,444,intersection,448,4.2109375,271.90625,896.0,461.3824094934387,461.3824094934387,18.639446835426433
single-blocker,25,444,intersection,480,4.2109375,291.15625,960.0,480.38298973574655,480.38298973574655,18.84568472297596
single-blocker,25,444,intersection,512,4.2109375,310.40625,1024.0,498.41158062347904,498.41158062347904,19.030625860119372
single-blocker,25,444,completed,32,3.91015625,21.484375,64.0,63.96821681185914,63.96821681185914,10.501572154167505
single-blocker,25,444,completed,64,3.91015625,40.734375,128.0,121.22759708485826,121.22759708485826,12.773646933117574
single-blocker,25,444,completed,96,3.91015625,59.984375,192.0,168.29175461582054,168.29175461582054,14.005158282957288
single-blocker,25,444,completed,128,3.91015625,79.234375,256.0,207.86040613878936,207.86040613878936,14.880873967254251
single-blocker,25,444,completed,160,3.91015625,98.484375,320.0,242.50668037653386,242.50668037653386,15.554586721174513
single-blocker,25,444,completed,192,3.91015625,117.734375,384.0,273.6910658236499,273.6910658236499,16.102052730195574
single-blocker,25,444,completed,224,3.91015625,136.984375,448.0,302.36003565161974,302.36003565161974,16.566215290797032
single-blocker,25,444,completed,256,3.91015625,156.234375,512.0,328.91127752358904,328.91127752358904,16.964937515066136
single-blocker,25,444,completed,288,3.91015625,175.484375,576.0,353.9811606590532,353.9811606590532,17.321603248989888
single-blocker,25,444,completed,320,3.91015625,194.734375,640.0,377.54725107822435,377.54725107822435,17.6368194508609
single-blocker,25,444,completed,352,3.91015625,213.984375,704.0,399.9384380429488,399.9384380429488,17.921805945943955
single-blocker,25,444,completed,384,3.91015625,233.234375,768.0,421.1950525486721,421.1950525486721,18.17866653992646
single-blocker,25,444,completed,416,3.91015625,252.484375,832.0,441.6364045168808,441.6364045168808,18.4167722702089
single-blocker,25,444,completed,448,3.91015625,271.734375,896.0,461.3376414352203,461.3376414352203,18.63832885835511
single-blocker,25,444,completed,480,3.91015625,290.984375,960.0,480.3382363254692,480.3382363254692,18.844603737684427
single-blocker,25,444,completed,512,3.91015625,310.234375,1024.0,498.35737794934363,498.35737794934363,19.02935307570703
single-blocker,25,444,plugin,32,2.14453125,19.984375,63.0,62.96821681185914,62.96821681185914,10.542230618510176
single-blocker,25,444,plugin,64,2.14453125,39.234375,127.0,120.38501725470375,120.38501725470375,12.750498230062679
single-blocker,25,444,plugin,96,2.14453125,58.484375,191.0,167.62276338398573,167.62276338398573,13.99009177150422
single-blocker,25,444,plugin,128,2.14453125,77.734375,255.0,207.09417211779626,207.09417211779626,14.860941593708107
single-blocker,25,444,plugin,160,2.14453125,96.984375,319.0,241.8403413428344,241.8403413428344,15.539351794839632
single-blocker,25,444,plugin,192,2.14453125,116.234375,383.0,273.04934232829544,273.04934232829544,16.08804693933229
single-blocker,25,444,plugin,224,2.14453125,135.484375,447.0,301.7678229682672,301.7678229682672,16.55424529640949
single-blocker,25,444,plugin,256,2.14453125,154.734375,511.0,328.32933093581704,328.32933093581704,16.953514786105952
single-blocker,25,444,plugin,288,2.14453125,173.984375,575.0,353.4530873224178,353.4530873224178,17.312075462060406
single-blocker,25,444,plugin,320,2.14453125,193.234375,639.0,377.03394746607023,377.03394746607023,17.627865163289
single-blocker,25,444,plugin,352,2.14453125,212.484375,703.0,399.4394026638074,399.4394026638074,17.91338145927137
single-blocker,25,444,plugin,384,2.14453125,231.734375,767.0,420.69341929028064,420.69341929028064,18.170282379146574
single-blocker,25,444,plugin,416,2.14453125,250.984375,831.0,441.14453902732464,441.14453902732464,18.40876269704742
single-blocker,25,444,plugin,448,2.14453125,270.234375,895.0,460.85979759631203,460.85979759631203,18.630785490039585
single-blocker,25,444,plugin,480,2.14453125,289.484375,959.0,479.87336094856386,479.87336094856386,18.837477266058887
single-blocker,25,444,plugin,512,2.14453125,308.734375,1023.0,497.87930531064535,497.87930531064535,19.021991069762926
single-blocker,25,444,safe,32,11.4375,0.0,32.0,31.968216811859147,31.968216811859147,4.02724519543652
single-blocker,25,444,safe,64,22.875,0.0,64.0,57.42435623340214,57.42435623340214,4.7282659037057675
single-blocker,25,444,safe,96,34.3125,0.0,96.0,76.78319682780861,76.78319682780861,5.136346480888775
single-blocker,25,444,safe,128,45.75,0.0,128.0,93.03345515740088,93.03345515740088,5.425334592589174
single-blocker,25,444,safe,160,57.1875,0.0,160.0,107.31238195727079,107.31238195727079,5.649261224939744
single-blocker,25,444,safe,192,68.625,0.0,192.0,120.1978375468853,120.1978375468853,5.832104609707439
single-blocker,25,444,safe,224,80.0625,0.0,224.0,132.0310352083931,132.0310352083931,5.986627913082163
single-blocker,25,444,safe,256,91.5,0.0,256.0,143.03333360981438,143.03333360981438,6.120438712817281
single-blocker,25,444,safe,288,102.9375,0.0,288.0,153.35798108855585,153.35798108855585,6.238439029233648
single-blocker,25,444,safe,320,114.375,0.0,320.0,163.1162631808352,163.1162631808352,6.343973346894013
single-blocker,25,444,safe,352,125.8125,0.0,352.0,172.39200998111025,172.39200998111025,6.43942571339101
single-blocker,25,444,safe,384,137.25,0.0,384.0,181.25023096678382,181.25023096678382,6.5265555690159704
single-blocker,25,444,safe,416,148.6875,0.0,416.0,189.74254455085054,189.74254455085054,6.6066985205464555
single-blocker,25,444,safe,448,160.125,0.0,448.0,197.91074640079475,197.91074640079475,6.680892410683006
single-blocker,25,444,safe,480,171.5625,0.0,480.0,205.78924141297622,205.78924141297622,6.7499597404471405
single-blocker,25,444,safe,512,183.0,0.0,512.0,213.40675252840046,213.40675252840046,6.81456340954972
single-blocker,25,444,known,32,0.0,19.25,64.0,63.96821681185914,63.96821681185914,10.646931473211033
single-blocker,25,444,known,64,0.0,38.5,128.0,121.04745485487553,121.04745485487553,12.75724481671546
single-blocker,25,444,known,96,0.0,57.75,192.0,168.29175461582054,168.29175461582054,14.005158282957291
single-blocker,25,444,known,128,0.0,77.0,256.0,207.33391566495703,207.33391566495703,14.856755251521134
single-blocker,25,444,known,160,0.0,96.25,320.0,242.13380020927886,242.13380020927886,15.539271760029516
single-blocker,25,444,known,192,0.0,115.5,384.0,273.26711165027194,273.26711165027194,16.086094066843
single-blocker,25,444,known,224,0.0,134.75,448.0,301.98800008579747,301.98800008579747,16.55322440789277
single-blocker,25,444,known,256,0.0,154.0,512.0,328.4852724134407,328.4852724134407,16.950976121637915
single-blocker,25,444,known,288,0.0,173.25,576.0,353.65134934626764,353.65134934626764,17.311410831014538
single-blocker,25,444,known,320,0.0,192.5,640.0,377.2010213946009,377.2010213946009,17.626647920159883
single-blocker,25,444,known,352,0.0,211.75,704.0,399.58234796676004,399.58234796676004,17.911813588452908
single-blocker,25,444,known,384,0.0,231.0,768.0,420.78309278618354,420.78309278618354,18.16756503035321
single-blocker,25,444,known,416,0.0,250.25,832.0,441.2125087040524,441.2125087040524,18.40577677025493
single-blocker,25,444,known,448,0.0,269.5,896.0,460.91936023427775,460.91936023427775,18.6278610924285
single-blocker,25,444,known,480,0.0,288.75,960.0,479.9259450880432,479.9259450880432,18.83462495003918
single-blocker,25,444,known,512,0.0,308.0,1024.0,497.87364476495134,497.87364476495134,19.017967665401105
single-blocker,25,444,product,32,9.625,24.75,64.0,63.96821681185914,63.96821681185914,9.454416234402888
single-blocker,25,444,product,64,19.25,49.5,128.0,116.40296351353018,116.40296351353018,11.457853830781803
single-blocker,25,444,product,96,28.875,74.25,192.0,156.6557545253912,156.6557545253912,12.646570017570006
single-blocker,25,444,product,128,38.5,99.0,256.0,192.24729967376433,192.24729967376433,13.771701255668678
single-blocker,25,444,product,160,48.125,123.75,320.0,222.5757751218652,222.5757751218652,14.386788699741055
single-blocker,25,444,product,192,57.75,148.5,384.0,250.69928150763639,250.69928150763639,14.951975377824786
single-blocker,25,444,product,224,67.375,173.25,448.0,276.77583305499206,276.77583305499206,15.427250246149288
single-blocker,25,444,product,256,77.0,198.0,512.0,299.93128797254224,299.93128797254224,15.752850380456504
single-blocker,25,444,product,288,86.625,222.75,576.0,323.0310817484231,323.0310817484231,16.12400017330732
single-blocker,25,444,product,320,96.25,247.5,640.0,344.34422408529224,344.34422408529224,16.41902531251229
single-blocker,25,444,product,352,105.875,272.25,704.0,364.6926429509811,364.6926429509811,16.687297643628945
single-blocker,25,444,product,384,115.5,297.0,768.0,383.48955076900694,383.48955076900694,16.901650950411135
single-blocker,25,444,product,416,125.125,321.75,832.0,402.9609923294937,402.9609923294937,17.160499284998963
single-blocker,25,444,product,448,134.75,346.5,896.0,421.6747323616834,421.6747323616834,17.39855451667744
single-blocker,25,444,product,480,144.375,371.25,960.0,437.7502530955753,437.7502530955753,17.54233566163266
single-blocker,25,444,product,512,154.0,396.0,1024.0,455.2532120578109,455.2532120578109,17.753517396743025
