scenario,truth,seed,algorithm,episode,pseudo_regret,expected_waste,prefix_exposure,completion_exposure,intersection_exposure,unresolved_mass_exposure
outcome-lag-64,0,333,prefix,32,1.5,26.5,64.0,64.0,64.0,26.747302980485593
outcome-lag-64,0,333,prefix,64,3.0,53.0,128.0,128.0,128.0,54.63764103802763
outcome-lag-64,0,333,prefix,96,4.5,79.5,191.8088658380728,191.10184787236454,191.10184787236454,77.58505529799201
outcome-lag-64,0,333,prefix,128,6.0,106.0,248.01682503423245,245.69497690255739,244.1623142231074,93.43196998556796
outcome-lag-64,0,333,prefix,160,7.5,132.5,293.93864452815836,291.6052958562742,286.7653515313104,105.34374800874812
outcome-lag-64,0,333,prefix,192,9.0,159.0,331.48428790681425,331.5000994100433,323.0362151559699,114.5762668123221
outcome-lag-64,0,333,prefix,224,10.5,185.5,364.909481795872,367.64265737945544,355.85927382810286,122.51480513736925
outcome-lag-64,0,333,prefix,256,12.0,212.0,395.292582535915,400.4940962745086,385.9496883055665,129.27677899283213
outcome-lag-64,0,333,prefix,288,12.966796875,233.5234375,420.1651503874854,427.0746549221923,410.74810138295777,134.19947082522214
outcome-lag-64,0,333,prefix,320,13.154296875,247.7734375,440.27868589789983,448.81610384333595,430.8616368933722,138.21464475633644
outcome-lag-64,0,333,prefix,352,13.341796875,262.0234375,457.3297784006069,467.78152460821053,447.91272939607927,141.86006903096157
outcome-lag-64,0,333,prefix,384,13.400390625,275.0703125,473.3552401371901,486.0802630430322,463.9380286443626,145.49452100419623
outcome-lag-64,0,333,prefix,416,13.400390625,287.5703125,487.82294943281966,502.8001180341822,478.40573793999215,148.82612698835254
outcome-lag-64,0,333,prefix,448,13.400390625,300.0703125,503.18713143304257,519.971974063148,493.76991994021506,151.72793242073402
outcome-lag-64,0,333,prefix,480,13.400390625,312.5703125,516.5758356702554,534.9290668147422,507.158624177428,154.22835000768498
outcome-lag-64,0,333,prefix,512,13.400390625,325.0703125,530.7848135433154,550.7424918788843,521.353632218814,156.69571340391622
outcome-lag-64,0,333,intersection,32,1.5,26.5,64.0,64.0,64.0,26.747302980485593
outcome-lag-64,0,333,intersection,64,3.0,53.0,128.0,128.0,128.0,54.63764103802763
outcome-lag-64,0,333,intersection,96,6.6328125,80.71875,191.8088658380728,191.28484210288937,191.28484210288937,77.66508449753472
outcome-lag-64,0,333,intersection,128,8.1328125,107.21875,248.01682503423245,245.72391783185319,244.19125515240307,93.57409871165659
outcome-lag-64,0,333,intersection,160,9.6328125,133.71875,293.42945338388563,291.3234640314761,286.48351970651197,105.39818093549044
outcome-lag-64,0,333,intersection,192,11.1328125,160.21875,331.330350021077,331.5176765449626,323.0760884174186,114.67323569102372
outcome-lag-64,0,333,intersection,224,12.3046875,183.65625,364.21934445681126,367.21107183001226,355.48278116154273,122.63921759926835
outcome-lag-64,0,333,intersection,256,12.4921875,197.90625,389.4663075859086,395.1522702661388,380.7066978667605,129.2162770791913
outcome-lag-64,0,333,intersection,288,12.6796875,212.15625,412.04655687579,419.456852051598,403.2640494594912,134.08268926696573
outcome-lag-64,0,333,intersection,320,12.8203125,225.96875,432.38491544260665,441.3990348044109,423.6024080263079,138.15152623309402
outcome-lag-64,0,333,intersection,352,12.826171875,238.5234375,448.70551737197377,459.5556354755736,439.923009955675,141.65263041837
outcome-lag-64,0,333,intersection,384,12.826171875,251.0234375,464.0142797210121,477.0577695147709,455.2217597836402,145.10933886478065
outcome-lag-64,0,333,intersection,416,12.826171875,263.5234375,478.5797330688948,493.83851164250393,469.7872131315229,148.38383515664356
outcome-lag-64,0,333,intersection,448,12.826171875,276.0234375,494.1050489369795,511.1449618488186,485.31252899960754,151.28407662238152
outcome-lag-64,0,333,intersection,480,12.826171875,288.5234375,507.61240372220817,526.2178626260895,498.81988378483624,153.80463071626156
outcome-lag-64,0,333,intersection,512,12.826171875,301.0234375,521.9540649353258,542.1575172659793,513.1440716597159,156.28630964045243
outcome-lag-64,0,333,completed,32,1.828125,26.6875,64.0,64.0,64.0,26.68151350680138
outcome-lag-64,0,333,completed,64,4.00390625,52.734375,127.0,127.0,127.0,53.639820845023685
outcome-lag-64,0,333,completed,96,5.54296875,77.578125,188.8088658380728,188.21296705136666,188.21296705136666,75.43183166470683
outcome-lag-64,0,333,completed,128,7.04296875,104.078125,245.17378616863857,242.8242484095106,241.29158573006066,91.01901848754164
outcome-lag-64,0,333,completed,160,8.173828125,127.1328125,285.30882360254714,283.84961621985826,279.0096718948945,102.06355298911778
outcome-lag-64,0,333,completed,192,9.22265625,149.421875,320.9432444197796,322.0660732053657,313.6129826656304,110.88784703386574
outcome-lag-64,0,333,completed,224,9.97265625,168.921875,350.98268875058926,355.0145117547305,343.288472118009,118.22734460116172
outcome-lag-64,0,333,completed,256,10.3828125,185.25,376.18570833873196,382.8733682252477,368.44565052375214,124.43593576899485
outcome-lag-64,0,333,completed,288,10.95703125,203.109375,400.88987898690254,409.2700352895503,393.08740580097395,128.99484849155067
outcome-lag-64,0,333,completed,320,11.490234375,220.5859375,423.00507345214544,432.9872495497681,415.20260026621685,132.76614454804243
outcome-lag-64,0,333,completed,352,11.654296875,234.6171875,440.9727344122381,452.8690541723415,433.1702612263095,136.3546277546535
outcome-lag-64,0,333,completed,384,12.1875,252.09375,458.91121270265904,473.0366391572767,451.0959703777851,139.90078005411988
outcome-lag-64,0,333,completed,416,12.802734375,270.3359375,477.071459397155,493.5301091224404,469.25574907720267,143.43096983522582
outcome-lag-64,0,333,completed,448,13.130859375,285.8984375,494.2094662232878,512.4668923600718,486.39375590333543,146.42695639327368
outcome-lag-64,0,333,completed,480,13.828125,304.90625,510.6618650287461,530.486965664799,502.838007044927,149.04399866034012
outcome-lag-64,0,333,completed,512,13.91015625,318.171875,525.1306250028955,546.5469731371722,517.2853404282282,151.53955587163756
outcome-lag-64,0,333,plugin,32,1.61328125,5.328125,40.0,40.0,40.0,18.361922313680775
outcome-lag-64,0,333,plugin,64,2.41015625,13.140625,83.0,83.0,83.0,39.38493341917252
outcome-lag-64,0,333,plugin,96,2.54296875,24.859375,127.80886583807275,127.44395364853888,127.44395364853888,57.41618536075315
outcome-lag-64,0,333,plugin,128,2.54296875,37.359375,164.41324481624437,165.54469968337497,164.0120370039248,70.0950924969845
outcome-lag-64,0,333,plugin,160,2.54296875,49.859375,194.19609553825913,197.47960779728953,192.63966347232568,79.53166212402166
outcome-lag-64,0,333,plugin,192,2.54296875,62.359375,226.79485933293563,231.79521517390035,223.41643996609125,87.81192648908358
outcome-lag-64,0,333,plugin,224,2.54296875,74.859375,250.5966615812784,258.5944880055936,247.10608678974927,94.676065523296
outcome-lag-64,0,333,plugin,256,2.54296875,87.359375,275.14456692260444,285.5409794601541,271.5927377242965,101.06722082656461
outcome-lag-64,0,333,plugin,288,2.54296875,99.859375,298.00472353669926,309.75581453736316,294.12002514194427,105.71903542431234
outcome-lag-64,0,333,plugin,320,2.54296875,112.359375,317.3368283002213,330.45415500187676,313.416215841068,109.43153904659542
outcome-lag-64,0,333,plugin,352,2.54296875,124.859375,334.3915460948158,349.3126505118732,330.47093363566245,113.03172075647204
outcome-lag-64,0,333,plugin,384,2.54296875,137.359375,350.365871666975,367.43547689729695,346.40473484196906,116.57684453707398
outcome-lag-64,0,333,plugin,416,2.54296875,149.859375,365.50449438946805,384.7605368238655,361.5367017889436,119.92112480897384
outcome-lag-64,0,333,plugin,448,2.54296875,162.359375,381.7084260067456,402.7110820897417,377.74063340622115,122.92474698800021
outcome-lag-64,0,333,plugin,480,2.54296875,174.859375,395.6932652473441,418.2428445485873,391.72547264681964,125.52838338121218
outcome-lag-64,0,333,plugin,512,2.54296875,187.359375,410.56033860269804,434.6763158801685,406.55582037644473,128.0684175519626
outcome-lag-64,0,333,safe,32,2.125,0.0,32.0,32.0,32.0,17.078588980347444
outcome-lag-64,0,333,safe,64,4.25,0.0,64.0,64.0,64.0,34.994196378435475
outcome-lag-64,0,333,safe,96,6.375,0.0,95.80886583807275,95.44395364853888,95.44395364853888,49.73799250690467
outcome-lag-64,0,333,safe,128,8.5,0.0,120.4132448162445,121.55354556581878,120.02088288636871,59.886314206292674
outcome-lag-64,0,333,safe,160,10.625,0.0,139.26744042567498,143.71502282076298,138.8750784957992,67.99279129371759
outcome-lag-64,0,333,safe,192,12.75,0.0,155.18558495956742,163.17199823750062,154.79322302969163,74.74715450560832
outcome-lag-64,0,333,safe,224,14.875,0.0,169.20422173634415,180.01873730877557,168.81185980646836,79.91521921875024
outcome-lag-64,0,333,safe,256,17.0,0.0,181.84935022479982,194.96258509208045,181.45698829492403,83.99057940036897
outcome-lag-64,0,333,safe,288,19.125,0.0,193.50603105092065,208.30681357776257,193.11366912104486,87.12816072372608
outcome-lag-64,0,333,safe,320,21.25,0.0,204.34821436213034,220.5159163097274,203.95585243225455,89.6845156810719
outcome-lag-64,0,333,safe,352,23.375,0.0,214.52704199855808,232.35248513230724,214.1346800686823,92.3407900698735
outcome-lag-64,0,333,safe,384,25.5,0.0,224.16119430744146,244.16353511536622,223.76883237756567,95.38074892288383
outcome-lag-64,0,333,safe,416,27.625,0.0,233.333314412408,255.4912863104687,232.9409524825322,98.29632948544999
outcome-lag-64,0,333,safe,448,29.75,0.0,242.0950633493403,265.9065930665077,241.70270141946452,100.61762828168125
outcome-lag-64,0,333,safe,480,31.875,0.0,250.49872615145054,275.73285844882935,250.10636422157475,102.63446598158552
outcome-lag-64,0,333,safe,512,34.0,0.0,258.58358081936524,285.3876506612112,258.1912188894895,104.73635074764572
outcome-lag-64,0,333,known,32,0.0,12.5,46.0,46.0,46.0,22.232457334215795
outcome-lag-64,0,333,known,64,0.0,25.0,94.0,94.0,94.0,45.40821652716336
outcome-lag-64,0,333,known,96,0.0,37.5,139.8088658380728,139.4439536485389,139.4439536485389,63.652317427764686
outcome-lag-64,0,333,known,128,0.0,50.0,176.38875193776747,176.62876487186415,175.09610219241407,75.89941136966057
outcome-lag-64,0,333,known,160,0.0,62.5,204.8741950937017,207.21851862104626,202.37857429608246,85.0279518857963
outcome-lag-64,0,333,known,192,0.0,75.0,235.09878169644708,239.96233108095203,231.58355587314313,93.0309959913281
outcome-lag-64,0,333,known,224,0.0,87.5,257.8683693978263,265.8621716375614,254.33035950784037,99.64092902336262
outcome-lag-64,0,333,known,256,0.0,100.0,281.27971622185106,291.86778326213175,277.7196123298131,105.73403515021747
outcome-lag-64,0,333,known,288,0.0,112.5,303.26377252293116,315.38809319557635,299.55237460369625,110.21940206042684
outcome-lag-64,0,333,known,320,0.0,125.0,322.0468576301373,335.61274560421896,318.33262943149936,113.82052331713655
outcome-lag-64,0,333,known,352,0.0,137.5,338.7154768595389,354.1172928515977,335.00124866090096,117.33816465596406
outcome-lag-64,0,333,known,384,0.0,150.0,354.38350379670874,371.96152986844737,350.64902379555116,120.84270152063254
outcome-lag-64,0,333,known,416,0.0,162.5,369.264807627727,389.0438764706477,365.5283863205144,124.15520304208945
outcome-lag-64,0,333,known,448,0.0,175.0,385.1654301325406,406.7087092667836,381.429008825328,127.11208881636635
outcome-lag-64,0,333,known,480,0.0,187.5,398.9379580259585,422.03790216378144,395.2015367187459,129.67840573765656
outcome-lag-64,0,333,known,512,0.0,200.0,413.5731204922326,438.25462546545134,409.8094901826297,132.19236777852046
outcome-lag-64,0,333,product,32,2.125,0.0,32.0,32.0,32.0,17.078588980347444
outcome-lag-64,0,333,product,64,4.25,0.0,64.0,64.0,64.0,34.994196378435475
outcome-lag-64,0,333,product,96,6.375,0.0,95.80886583807275,95.44395364853888,95.44395364853888,49.73799250690467
outcome-lag-64,0,333,product,128,8.5,0.0,120.4132448162445,121.55354556581878,120.02088288636871,59.886314206292674
outcome-lag-64,0,333,product,160,10.625,0.0,139.26744042567498,143.71502282076298,138.8750784957992,67.99279129371759
outcome-lag-64,0,333,product,192,12.75,0.0,155.18558495956742,163.17199823750062,154.79322302969163,74.74715450560832
outcome-lag-64,0,333,product,224,14.875,0.0,169.20422173634415,180.01873730877557,168.81185980646836,79.91521921875024
outcome-lag-64,0,333,product,256,17.0,0.0,181.84935022479982,194.96258509208045,181.45698829492403,83.99057940036897
outcome-lag-64,0,333,product,288,19.125,0.0,193.50603105092065,208.30681357776257,193.11366912104486,87.12816072372608
outcome-lag-64,0,333,product,320,21.25,0.0,204.34821436213034,220.5159163097274,203.95585243225455,89.6845156810719
outcome-lag-64,0,333,product,352,23.375,0.0,214.52704199855808,232.35248513230724,214.1346800686823,92.3407900698735
outcome-lag-64,0,333,product,384,25.5,0.0,224.16119430744146,244.16353511536622,223.76883237756567,95.38074892288383
outcome-lag-64,0,333,product,416,27.625,0.0,233.333314412408,255.4912863104687,232.9409524825322,98.29632948544999
outcome-lag-64,0,333,product,448,29.75,0.0,242.0950633493403,265.9065930665077,241.70270141946452,100.61762828168125
outcome-lag-64,0,333,product,480,31.875,0.0,250.49872615145054,275.73285844882935,250.10636422157475,102.63446598158552
outcome-lag-64,0,333,product,512,34.0,0.0,258.58358081936524,285.3876506612112,258.1912188894895,104.73635074764572
single-blocker,0,333,prefix,32,1.5,26.5,64.0,63.96821681185914,63.96821681185914,10.594862197457548
single-blocker,0,333,prefix,64,3.0,53.0,128.0,120.9381135942649,120.9381135942649,12.745810305280948
single-blocker,0,333,prefix,96,4.5,79.5,192.0,168.12116435671302,168.12116435671302,13.996191638953345
single-blocker,0,333,prefix,128,6.0,106.0,256.0,207.83318476460568,207.83318476460568,14.879632039782818
single-blocker,0,333,prefix,160,7.5,132.5,320.0,242.50668037653395,242.50668037653395,15.554586721174514
single-blocker,0,333,prefix,192,9.0,159.0,384.0,273.717420146739,273.717420146739,16.103041741184587
single-blocker,0,333,prefix,224,10.5,185.5,448.0,302.38550029443377,302.38550029443377,16.567102244514174
single-blocker,0,333,prefix,256,12.0,212.0,512.0,328.8714999728407,328.8714999728407,16.963636883330715
single-blocker,0,333,prefix,288,13.5,238.5,576.0,353.7038182032275,353.7038182032275,17.313034846762566
single-blocker,0,333,prefix,320,15.0,265.0,640.0,377.20102139460124,377.20102139460124,17.62664792015988
single-blocker,0,333,prefix,352,16.5,291.5,704.0,399.73372811534557,399.73372811534557,17.91606596756324
single-blocker,0,333,prefix,384,18.0,318.0,768.0,421.1950525486719,421.1950525486719,18.178666539926432
single-blocker,0,333,prefix,416,19.5,344.5,832.0,441.6809974453102,441.6809974453102,18.417926406255596
single-blocker,0,333,prefix,448,21.0,371.0,896.0,461.33764143522006,461.33764143522006,18.63832885835508
single-blocker,0,333,prefix,480,22.5,397.5,960.0,480.4680101362312,480.4680101362312,18.847737148828163
single-blocker,0,333,prefix,512,24.0,424.0,1024.0,498.7957688253496,498.7957688253496,19.03963035186551
single-blocker,0,333,intersection,32,1.5,26.5,64.0,63.96821681185914,63.96821681185914,10.594862197457548
single-blocker,0,333,intersection,64,3.0,53.0,128.0,120.9381135942649,120.9381135942649,12.745810305280948
single-blocker,0,333,intersection,96,4.5,79.5,192.0,168.12116435671302,168.12116435671302,13.996191638953345
single-blocker,0,333,intersection,128,6.0,106.0,256.0,207.83318476460568,207.83318476460568,14.879632039782818
single-blocker,0,333,intersection,160,7.5,132.5,320.0,242.50668037653395,242.50668037653395,15.554586721174514
single-blocker,0,333,intersection,192,9.0,159.0,384.0,273.717420146739,273.717420146739,16.103041741184587
single-blocker,0,333,intersection,224,10.5,185.5,448.0,302.38550029443377,302.38550029443377,16.567102244514174
single-blocker,0,333,intersection,256,11.056640625,203.1953125,504.0,324.837480847981,324.837480847981,16.892496252699846
single-blocker,0,333,intersection,288,11.244140625,217.4453125,557.0,344.34656268774705,344.34656268774705,17.15166963139985
single-blocker,0,333,intersection,320,11.42578125,231.640625,609.0,362.29650293650263,362.29650293650263,17.375334890125924
single-blocker,0,333,intersection,352,11.4609375,244.46875,655.0,377.03369711813383,377.03369711813383,17.54588938080851
single-blocker,0,333,intersection,384,11.4609375,256.96875,701.0,391.15653973786414,391.15653973786414,17.702872918537118
single-blocker,0,333,intersection,416,11.4609375,269.46875,747.0,404.73642966916844,404.73642966916844,17.848307001417837
single-blocker,0,333,intersection,448,11.4609375,281.96875,797.0,419.2122026662965,419.2122026662965,18.000631596062913
single-blocker,0,333,intersection,480,11.4609375,294.46875,843.0,431.83232450805326,431.83232450805326,18.126509253989425
single-blocker,0,333,intersection,512,11.4609375,306.96875,893.0,445.3555850162597,445.3555850162597,18.259711156311468
single-blocker,0,333,completed,32,1.5,26.5,64.0,63.96821681185914,63.96821681185914,10.594862197457548
single-blocker,0,333,completed,64,3.0,53.0,128.0,120.9381135942649,120.9381135942649,12.745810305280948
single-blocker,0,333,completed,96,4.5,79.5,192.0,168.12116435671302,168.12116435671302,13.996191638953345
single-blocker,0,333,completed,128,6.0,106.0,256.0,207.83318476460568,207.83318476460568,14.879632039782818
single-blocker,0,333,completed,160,7.5,132.5,320.0,242.50668037653395,242.50668037653395,15.554586721174514
single-blocker,0,333,completed,192,9.0,159.0,384.0,273.717420146739,273.717420146739,16.103041741184587
single-blocker,0,333,completed,224,10.5,185.5,448.0,302.38550029443377,302.38550029443377,16.567102244514174
single-blocker,0,333,completed,256,10.892578125,201.6640625,503.0,324.32272577253104,324.32272577253104,16.883236993440587
single-blocker,0,333,completed,288,11.080078125,215.9140625,556.0,343.8318076122971,343.8318076122971,17.142410372140592
single-blocker,0,333,completed,320,11.220703125,229.7265625,608.0,361.7817478610527,361.7817478610527,17.366075630866664
single-blocker,0,333,completed,352,11.2265625,242.28125,654.0,376.5189420426839,376.5189420426839,17.53663012154925
single-blocker,0,333,completed,384,11.2265625,254.78125,700.0,390.6417846624142,390.6417846624142,17.693613659277858
single-blocker,0,333,completed,416,11.2265625,267.28125,746.0,404.2216745937185,404.2216745937185,17.839047742158577
single-blocker,0,333,completed,448,11.2265625,279.78125,796.0,418.69744759084654,418.69744759084654,17.991372336803654
single-blocker,0,333,completed,480,11.2265625,292.28125,842.0,431.3175694326033,431.3175694326033,18.117249994730166
single-blocker,0,333,completed,512,11.2265625,304.78125,892.0,444.84082994080967,444.84082994080967,18.25045189705221
single-blocker,0,333,plugin,32,2.484375,11.75,45.0,44.96821681185914,44.96821681185914,8.703435671626995
single-blocker,0,333,plugin,64,3.048828125,22.4453125,92.0,85.42435623340214,85.42435623340214,10.868862703706593
single-blocker,0,333,plugin,96,3.201171875,36.3671875,139.0,119.58643767926468,119.58643767926468,11.847413614191346
single-blocker,0,333,plugin,128,3.201171875,48.8671875,183.0,146.06807328192147,146.06807328192147,12.43487898143241
single-blocker,0,333,plugin,160,3.201171875,61.3671875,226.0,168.58396015736366,168.58396015736366,12.871131582229225
single-blocker,0,333,plugin,192,3.201171875,73.8671875,278.0,194.59138287635085,194.59138287635085,13.352462290841471
single-blocker,0,333,plugin,224,3.201171875,86.3671875,324.0,214.59820902775368,214.59820902775368,13.673044669776823
single-blocker,0,333,plugin,256,3.201171875,98.8671875,374.0,235.2218792488463,235.2218792488463,13.986439544827483
single-blocker,0,333,plugin,288,3.201171875,111.3671875,425.0,254.86357630224862,254.86357630224862,14.264443264679956
single-blocker,0,333,plugin,320,3.201171875,123.8671875,473.0,271.93649974645314,271.93649974645314,14.487327657694566
single-blocker,0,333,plugin,352,3.201171875,136.3671875,519.0,287.28149148789055,287.28149148789055,14.675254773011787
single-blocker,0,333,plugin,384,3.201171875,148.8671875,565.0,301.94249987439855,301.94249987439855,14.84702701350387
single-blocker,0,333,plugin,416,3.201171875,161.3671875,611.0,316.00329087445823,316.00329087445823,15.005203765311991
single-blocker,0,333,plugin,448,3.201171875,173.8671875,661.0,331.0282484393769,331.0282484393769,15.171534190247902
single-blocker,0,333,plugin,480,3.201171875,186.3671875,707.0,344.0307593597777,344.0307593597777,15.306819435480255
single-blocker,0,333,plugin,512,3.201171875,198.8671875,757.0,357.9978433577255,357.9978433577255,15.450585170186917
single-blocker,0,333,safe,32,2.125,0.0,32.0,31.968216811859147,31.968216811859147,4.02724519543652
single-blocker,0,333,safe,64,4.25,0.0,64.0,57.42435623340214,57.42435623340214,4.7282659037057675
single-blocker,0,333,safe,96,6.375,0.0,96.0,76.78319682780861,76.78319682780861,5.136346480888775
single-blocker,0,333,safe,128,8.5,0.0,128.0,93.03345515740088,93.03345515740088,5.425334592589174
single-blocker,0,333,safe,160,10.625,0.0,160.0,107.31238195727079,107.31238195727079,5.649261224939744
single-blocker,0,333,safe,192,12.75,0.0,192.0,120.1978375468853,120.1978375468853,5.832104609707439
single-blocker,0,333,safe,224,14.875,0.0,224.0,132.0310352083931,132.0310352083931,5.986627913082163
single-blocker,0,333,safe,256,17.0,0.0,256.0,143.03333360981438,143.03333360981438,6.120438712817281
single-blocker,0,333,safe,288,19.125,0.0,288.0,153.35798108855585,153.35798108855585,6.238439029233648
single-blocker,0,333,safe,320,21.25,0.0,320.0,163.1162631808352,163.1162631808352,6.343973346894013
single-blocker,0,333,safe,352,23.375,0.0,352.0,172.39200998111025,172.39200998111025,6.43942571339101
single-blocker,0,333,safe,384,25.5,0.0,384.0,181.25023096678382,181.25023096678382,6.5265555690159704
single-blocker,0,333,safe,416,27.625,0.0,416.0,189.74254455085054,189.74254455085054,6.6066985205464555
single-blocker,0,333,safe,448,29.75,0.0,448.0,197.91074640079475,197.91074640079475,6.680892410683006
single-blocker,0,333,safe,480,31.875,0.0,480.0,205.78924141297622,205.78924141297622,6.7499597404471405
single-blocker,0,333,safe,512,34.0,0.0,512.0,213.40675252840046,213.40675252840046,6.81456340954972
single-blocker,0,333,known,32,0.0,12.5,46.0,45.96821681185914,45.96821681185914,7.207378950570273
single-blocker,0,333,known,64,0.0,25.0,94.0,87.42435623340214,87.42435623340214,8.68991970129283
single-blocker,0,333,known,96,0.0,37.5,140.0,119.40150392822379,119.40150392822379,9.486345101490604
single-blocker,0,333,known,128,0.0,50.0,184.0,144.87182291267783,144.87182291267783,10.018946804515256
single-blocker,0,333,known,160,0.0,62.5,227.0,166.73777760039064,166.73777760039064,10.423688259181633
single-blocker,0,333,known,192,0.0,75.0,279.0,191.9243279527345,191.9243279527345,10.869470257151452
single-blocker,0,333,known,224,0.0,87.5,325.0,211.51877065087956,211.51877065087956,11.174005430721772
single-blocker,0,333,known,256,0.0,100.0,375.0,231.72984102336596,231.72984102336596,11.472570305492795
single-blocker,0,333,known,288,0.0,112.5,426.0,251.0314945561864,251.0314945561864,11.739280815078146
single-blocker,0,333,known,320,0.0,125.0,474.0,267.8706362402161,267.8706362402161,11.954891347175014
single-blocker,0,333,known,352,0.0,137.5,520.0,283.0402770162524,283.0402770162524,12.137626214660145
single-blocker,0,333,known,384,0.0,150.0,566.0,297.5473791062287,297.5473791062287,12.305028152455417
single-blocker,0,333,known,416,0.0,162.5,612.0,311.4716716895575,311.4716716895575,12.459475655040945
single-blocker,0,333,known,448,0.0,175.0,662.0,326.3418888787238,326.3418888787238,12.621745822348213
single-blocker,0,333,known,480,0.0,187.5,708.0,339.23734548087606,339.23734548087606,12.75432644879271
single-blocker,0,333,known,512,0.0,200.0,758.0,353.0808570059038,353.0808570059038,12.895076713014396
single-blocker,0,333,product,32,2.125,0.0,32.0,31.968216811859147,31.968216811859147,4.02724519543652
single-blocker,0,333,product,64,4.25,0.0,64.0,57.42435623340214,57.42435623340214,4.7282659037057675
single-blocker,0,333,product,96,6.375,0.0,96.0,76.78319682780861,76.78319682780861,5.136346480888775
single-blocker,0,333,product,128,8.5,0.0,128.0,93.03345515740088,93.03345515740088,5.425334592589174
single-blocker,0,333,product,160,10.625,0.0,160.0,107.31238195727079,107.31238195727079,5.649261224939744
single-blocker,0,333,product,192,12.75,0.0,192.0,120.1978375468853,120.1978375468853,5.832104609707439
single-blocker,0,333,product,224,14.875,0.0,224.0,132.0310352083931,132.0310352083931,5.986627913082163
single-blocker,0,333,product,256,17.0,0.0,256.0,143.03333360981438,143.03333360981438,6.120438712817281
single-blocker,0,333,product,288,19.125,0.0,288.0,153.35798108855585,153.35798108855585,6.238439029233648
single-blocker,0,333,product,320,21.25,0.0,320.0,163.1162631808352,163.1162631808352,6.343973346894013
single-blocker,0,333,product,352,23.375,0.0,352.0,172.39200998111025,172.39200998111025,6.43942571339101
single-blocker,0,333,product,384,25.5,0.0,384.0,181.25023096678382,181.25023096678382,6.5265555690159704
single-blocker,0,333,product,416,27.625,0.0,416.0,189.74254455085054,189.74254455085054,6.6066985205464555
single-blocker,0,333,product,448,29.75,0.0,448.0,197.91074640079475,197.91074640079475,6.680892410683006
single-blocker,0,333,product,480,31.875,0.0,480.0,205.78924141297622,205.78924141297622,6.7499597404471405
single-blocker,0,333,product,512,34.0,0.0,512.0,213.40675252840046,213.40675252840046,6.81456340954972
outcome-lag-64,2,333,prefix,32,0.1875,23.0,64.0,64.0,64.0,31.342809378971864
outcome-lag-64,2,333,prefix,64,0.375,46.0,128.0,128.0,128.0,59.471641089750634
outcome-lag-64,2,333,prefix,96,0.5625,69.0,191.6037111707808,190.45941778936034,190.4503433310748,86.8917988595605
outcome-lag-64,2,333,prefix,128,0.75,92.0,247.1040017506898,247.29339853312277,243.95448266078836,107.87653691162086
outcome-lag-64,2,333,prefix,160,0.9375,115.0,291.66238245922403,295.05155203531825,286.91220585710323,122.08492879102367
outcome-lag-64,2,333,prefix,192,1.125,138.0,329.781115109235,337.084338179006,324.33750991795927,133.4062606682471
outcome-lag-64,2,333,prefix,224,1.224609375,160.1796875,363.41812103834377,374.6464065061686,357.5819836012187,142.79356683544873
outcome-lag-64,2,333,prefix,256,1.224609375,181.4296875,393.08263625722196,408.2790387369032,387.2099607481029,150.87994800494434
outcome-lag-64,2,333,prefix,288,1.224609375,202.6796875,420.9504475660574,440.9088250919871,414.9827192040231,159.0515258429488
outcome-lag-64,2,333,prefix,320,1.224609375,223.9296875,445.9913555595828,470.92737881338627,440.00810077395374,166.7926701943869
outcome-lag-64,2,333,prefix,352,1.224609375,245.1796875,469.4755115322729,498.36408954014485,463.4922567466438,172.89933394046642
outcome-lag-64,2,333,prefix,384,1.224609375,266.4296875,491.43677832409674,523.4043607041516,485.4535235384677,177.84294282731585
outcome-lag-64,2,333,prefix,416,1.224609375,287.6796875,512.9560415775904,548.4963264887302,506.9727867919613,183.09822839509135
outcome-lag-64,2,333,prefix,448,1.224609375,308.9296875,533.7520932582504,572.900176551728,527.7688384726212,188.1954787789841
outcome-lag-64,2,333,prefix,480,1.224609375,330.1796875,554.1573133430634,596.4216272874282,548.1702725375422,192.7278232112371
outcome-lag-64,2,333,prefix,512,1.224609375,351.4296875,573.2440887708368,618.2383134158348,567.1955456763277,196.7163294565267
outcome-lag-64,2,333,intersection,32,0.1875,23.0,64.0,64.0,64.0,31.342809378971864
outcome-lag-64,2,333,intersection,64,1.359375,46.5625,128.0,128.0,128.0,62.65778153856748
outcome-lag-64,2,333,intersection,96,1.546875,69.5625,191.6037111707808,190.3410136772219,190.33193921893636,90.14944869035267
outcome-lag-64,2,333,intersection,128,1.734375,92.5625,247.58476382303147,247.69284850960338,244.1729753756777,110.74159307970339
outcome-lag-64,2,333,intersection,160,1.79296875,114.359375,291.68815497630965,295.0880099486346,286.44696437306635,124.73687888050193
outcome-lag-64,2,333,intersection,192,1.79296875,135.609375,328.415904754051,335.76125812744414,322.5165375073526,135.74119865351116
outcome-lag-64,2,333,intersection,224,1.79296875,156.859375,362.1677716699572,373.38665411231074,355.8859830648352,145.05841891619485
outcome-lag-64,2,333,intersection,256,1.79296875,178.109375,392.1144177701225,407.2007731605073,385.76632101313237,153.12942943130972
outcome-lag-64,2,333,intersection,288,1.79296875,199.359375,419.9337646799364,439.66678089036,413.453311635776,161.17622664817145
outcome-lag-64,2,333,intersection,320,1.79296875,220.609375,444.8944491786636,469.5310542556378,438.3904225351119,168.8052835479032
outcome-lag-64,2,333,intersection,352,1.79296875,241.859375,468.5228146659821,497.0906295538351,462.0187880224304,174.91125130009573
outcome-lag-64,2,333,intersection,384,1.79296875,263.109375,490.5666485799116,522.1877120987311,484.0626219363599,179.85069759051208
outcome-lag-64,2,333,intersection,416,1.79296875,284.359375,512.0763728226596,547.2231488657901,505.5723461791079,185.058594514999
outcome-lag-64,2,333,intersection,448,1.79296875,305.609375,532.9307048305295,571.6548040048636,526.4266781869778,190.13159477944492
outcome-lag-64,2,333,intersection,480,1.79296875,326.859375,553.3842374541159,595.1954548067503,546.8746309134351,194.6431599711749
outcome-lag-64,2,333,intersection,512,1.79296875,348.109375,572.4487421953132,616.9591804334129,565.8701004005655,198.59440709889967
outcome-lag-64,2,333,completed,32,0.1875,23.0,64.0,64.0,64.0,31.342809378971864
outcome-lag-64,2,333,completed,64,3.03125,33.78125,111.0,111.0,111.0,50.320472037027216
outcome-lag-64,2,333,completed,96,4.46875,51.03125,166.6037111707808,165.7797812747289,165.77070681644335,70.7104681564403
outcome-lag-64,2,333,completed,128,4.65625,74.03125,222.24462856856735,223.29311732306022,219.95420145072572,90.09838447632804
outcome-lag-64,2,333,completed,160,4.65625,95.28125,268.7734007859197,272.0693514070456,264.2786399963525,105.05206538259368
outcome-lag-64,2,333,completed,192,4.65625,116.53125,308.4479330870356,315.3903020248531,303.12824884559143,117.19736000206935
outcome-lag-64,2,333,completed,224,4.65625,137.78125,344.0736034093184,354.9988494623528,338.26950385458065,127.37635679734767
outcome-lag-64,2,333,completed,256,4.65625,159.03125,375.2004024180144,390.08759236049684,369.29201164749253,135.99209972873507
outcome-lag-64,2,333,completed,288,4.65625,180.28125,404.34406193965316,424.09970809946975,398.2757399597974,144.70269382949934
outcome-lag-64,2,333,completed,320,4.65625,201.53125,430.3484929076035,455.201188570783,424.25125586279484,152.86739596639183
outcome-lag-64,2,333,completed,352,4.65625,222.78125,454.55756513563153,483.4429172545113,448.4603280908229,159.2361752176647
outcome-lag-64,2,333,completed,384,4.65625,244.03125,477.1295839592836,509.1692342647733,471.03234691447494,164.39633790131268
outcome-lag-64,2,333,completed,416,4.65625,265.28125,499.22272586445007,534.9304432191022,493.1254888196414,169.87247737502545
outcome-lag-64,2,333,completed,448,4.65625,286.53125,520.5119563092314,559.9083105274657,514.4147192644227,175.14939479704674
outcome-lag-64,2,333,completed,480,4.65625,307.78125,541.3733576187071,583.9480186139897,535.2694355128327,179.8342571707361
outcome-lag-64,2,333,completed,512,4.65625,329.03125,560.859010165623,606.2089854463118,554.6814767616733,183.94506529456285
outcome-lag-64,2,333,plugin,32,3.228515625,15.1015625,55.0,55.0,55.0,27.786237356223378
outcome-lag-64,2,333,plugin,64,6.291015625,27.6015625,104.0,104.0,104.0,45.26512077522556
outcome-lag-64,2,333,plugin,96,6.482421875,48.3046875,164.6037111707808,163.7797812747289,163.77070681644335,69.0497402043399
outcome-lag-64,2,333,plugin,128,6.482421875,69.5546875,219.03720622700567,220.66466471385434,217.3257488415198,90.59967731920621
outcome-lag-64,2,333,plugin,160,6.482421875,90.8046875,266.21694128355364,270.0152186400146,262.22450722932166,105.99914657962671
outcome-lag-64,2,333,plugin,192,6.482421875,112.0546875,306.2650982773273,313.6261633977346,301.36411021847323,118.22100130709778
outcome-lag-64,2,333,plugin,224,6.482421875,133.3046875,342.2632355454326,353.5004547955717,336.77317131998393,128.47122422891002
outcome-lag-64,2,333,plugin,256,6.482421875,154.5546875,373.67397297225335,388.820342408761,368.0375721258837,137.14509544794385
outcome-lag-64,2,333,plugin,288,6.482421875,175.8046875,402.95381206392,422.94251407548956,397.1313563659441,145.87853107634382
outcome-lag-64,2,333,plugin,320,6.482421875,197.0546875,429.04651809219337,454.12314463505686,423.18950718721396,154.05747450008153
outcome-lag-64,2,333,plugin,352,6.482421875,218.3046875,453.38614791859686,482.4975343004226,447.52913701361746,160.45722479119237
outcome-lag-64,2,333,plugin,384,6.482421875,239.5546875,476.0557334642395,508.32162417511404,470.1987225592601,165.6417054097937
outcome-lag-64,2,333,plugin,416,6.482421875,260.8046875,498.2135577037454,534.144061487741,492.356546798766,171.12926010169411
outcome-lag-64,2,333,plugin,448,6.482421875,282.0546875,519.5780993396738,559.1972456760188,513.7210884346944,176.41993687812592
outcome-lag-64,2,333,plugin,480,6.482421875,303.3046875,540.5073173176071,583.3030368524658,534.6426750748223,181.11643269953484
outcome-lag-64,2,333,plugin,512,6.482421875,324.5546875,560.0330090254163,605.600160057357,554.090872696232,185.23040562894448
outcome-lag-64,2,333,safe,32,5.1875,0.0,32.0,32.0,32.0,18.889448034434057
outcome-lag-64,2,333,safe,64,10.375,0.0,64.0,64.0,64.0,33.056088980305354
outcome-lag-64,2,333,safe,96,15.5625,0.0,95.60371117078085,94.77978127472889,94.77070681644338,45.65246832398145
outcome-lag-64,2,333,safe,128,20.75,0.0,120.03720622700581,122.54311774500269,119.20420187266834,57.45453457636334
outcome-lag-64,2,333,safe,160,25.9375,0.0,138.94248225559568,145.90018931195107,138.1094779012582,66.75660597579241
outcome-lag-64,2,333,safe,192,31.125,0.0,154.87161970536494,164.79561400830454,154.03861535102746,72.949418467299
outcome-lag-64,2,333,safe,224,36.3125,0.0,168.86749646998226,181.09947390473175,168.03449211564478,77.57460400559316
outcome-lag-64,2,333,safe,256,41.5,0.0,181.53643652116656,196.27771275863327,180.7034321668291,81.88435525780858
outcome-lag-64,2,333,safe,288,46.6875,0.0,193.1935184153149,210.48817659361384,192.36051406097744,85.88817193046411
outcome-lag-64,2,333,safe,320,51.875,0.0,204.04368669115166,224.0944094323696,203.2106823368142,89.84165699460084
outcome-lag-64,2,333,safe,352,57.0625,0.0,214.24092883253832,236.62926342504088,213.40792447820084,93.19621655349412
outcome-lag-64,2,333,safe,384,62.25,0.0,223.88578974827539,247.87296259307718,223.0527853939379,95.66882459148181
outcome-lag-64,2,333,safe,416,67.4375,0.0,233.0431782283914,258.8913704115998,232.21017387405394,98.27506177746822
outcome-lag-64,2,333,safe,448,72.625,0.0,241.80567676642937,269.695114129069,240.9726724120919,100.98479753512964
outcome-lag-64,2,333,safe,480,77.8125,0.0,250.21129743002547,279.85758045786105,249.378293075688,103.33783618150433
outcome-lag-64,2,333,safe,512,83.0,0.0,258.2953241451783,289.56723037149277,257.4623197908409,105.49457864881437
outcome-lag-64,2,333,known,32,0.0,21.25,62.0,62.0,62.0,30.56526666025267
outcome-lag-64,2,333,known,64,0.0,42.5,122.0,122.0,122.0,57.71008888722192
outcome-lag-64,2,333,known,96,0.0,63.75,184.6037111707808,183.7797812747289,183.77070681644335,85.23272202052583
outcome-lag-64,2,333,known,128,0.0,85.0,238.80472529545244,239.914091672001,236.57517579966657,106.21502406399753
outcome-lag-64,2,333,known,160,0.0,106.25,283.9043027207559,288.06824388019265,279.9288977019777,120.5624850810929
outcome-lag-64,2,333,known,192,0.0,127.5,321.4370463397215,329.5227363390354,316.77590807798896,131.87664537079505
outcome-lag-64,2,333,known,224,0.0,148.75,355.8032377921437,367.766340893246,350.702012380368,141.44033896711855
outcome-lag-64,2,333,known,256,0.0,170.0,386.1636621659106,402.0069430842064,380.97448181115766,149.67504951646305
outcome-lag-64,2,333,known,288,0.0,191.25,414.3861548104712,434.93139164242723,409.0490121138523,157.90606547623963
outcome-lag-64,2,333,known,320,0.0,212.5,439.66206765853104,465.16399116786204,434.29822617431626,165.6847119733689
outcome-lag-64,2,333,known,352,0.0,233.75,463.4990048351119,492.9623044787241,458.13516335089713,171.87393655174841
outcome-lag-64,2,333,known,384,0.0,255.0,485.72608707889066,518.2714893301835,480.36224559467587,176.88309009650348
outcome-lag-64,2,333,known,416,0.0,276.25,507.42306149491617,543.5332164002053,502.0592200107014,182.16939020498882
outcome-lag-64,2,333,known,448,0.0,297.5,528.4279544862121,568.1470856266372,523.0641130019973,187.30429852017338
outcome-lag-64,2,333,known,480,0.0,318.75,549.022219651285,591.85385573925,543.6521451552528,191.86869549765092
outcome-lag-64,2,333,known,512,0.0,340.0,568.2212275625837,613.7725315224417,562.7794079488235,195.86596665592708
outcome-lag-64,2,333,product,32,3.5,23.25,62.0,62.0,62.0,42.712163009615345
outcome-lag-64,2,333,product,64,7.0,46.5,122.0,122.0,122.0,82.11972108924977
outcome-lag-64,2,333,product,96,10.5,69.75,184.56476644188456,183.7797812747289,183.7317620875471,116.32335749418415
outcome-lag-64,2,333,product,128,14.0,93.0,233.1742109959451,239.6308846689713,232.34120664160764,141.1546207922131
outcome-lag-64,2,333,product,160,17.5,116.25,271.26124784726176,287.31830624917006,270.4282434929243,160.69519278738667
outcome-lag-64,2,333,product,192,21.0,139.5,302.6831325805343,327.58296157439,301.85012822619683,175.95681319840008
outcome-lag-64,2,333,product,224,24.5,162.75,331.2230811331865,364.88862739089774,330.39007677884905,189.55090726876503
outcome-lag-64,2,333,product,256,28.0,186.0,356.61057348511974,398.19380491764105,355.7775691307823,201.172473393382
outcome-lag-64,2,333,product,288,31.5,209.25,379.9261228774697,428.64858885230456,379.09311852313226,211.27735659023864
outcome-lag-64,2,333,product,320,35.0,232.5,400.90030932984223,456.23505700471577,400.0673049755048,220.23123337166018
outcome-lag-64,2,333,product,352,38.5,255.75,420.9220163665176,481.9725756794614,420.08901201218015,227.94137733572157
outcome-lag-64,2,333,product,384,42.0,279.0,439.53101131682917,504.91439680271003,438.6980069624917,233.9320293302648
outcome-lag-64,2,333,product,416,45.5,302.25,457.51336360021094,527.7259032003541,456.6803592458735,240.2076565988877
outcome-lag-64,2,333,product,448,49.0,325.5,475.02225885031334,550.2777051419685,474.18925449597583,246.5917502019792
outcome-lag-64,2,333,product,480,52.5,348.75,492.08990541926306,571.8123521307267,491.25690106492556,252.28786955886153
outcome-lag-64,2,333,product,512,56.0,372.0,507.98564746978076,591.5715431622797,507.15264311544325,257.2199023286897
single-blocker,2,333,prefix,32,0.1875,23.0,64.0,63.96821681185914,63.96821681185914,10.646931473211035
single-blocker,2,333,prefix,64,0.375,46.0,128.0,120.81662176040324,120.81662176040324,12.732126094754628
single-blocker,2,333,prefix,96,0.5625,69.0,192.0,168.29175461582057,168.29175461582057,14.005158282957284
single-blocker,2,333,prefix,128,0.75,92.0,256.0,207.83318476460562,207.83318476460562,14.879632039782816
single-blocker,2,333,prefix,160,0.9375,115.0,320.0,242.20789027614526,242.20789027614526,15.542321519259046
single-blocker,2,333,prefix,192,1.125,138.0,384.0,273.47079573483563,273.47079573483563,16.093772711485258
single-blocker,2,333,prefix,224,1.3125,161.0,448.0,302.10925016680886,302.10925016680886,16.55746498349739
single-blocker,2,333,prefix,256,1.5,184.0,512.0,328.4852724134409,328.4852724134409,16.95097612163791
single-blocker,2,333,prefix,288,1.6875,207.0,576.0,353.7038182032274,353.7038182032274,17.31303484676258
single-blocker,2,333,prefix,320,1.875,230.0,640.0,377.477104065047,377.477104065047,17.634761715013163
single-blocker,2,333,prefix,352,2.0625,253.0,704.0,399.7337281153457,399.7337281153457,17.916065967563267
single-blocker,2,333,prefix,384,2.25,276.0,768.0,421.05634026292466,421.05634026292466,18.174933541937303
single-blocker,2,333,prefix,416,2.4375,299.0,832.0,441.72373960924705,441.72373960924705,18.419032184535325
single-blocker,2,333,prefix,448,2.625,322.0,896.0,461.42551963153824,461.42551963153824,18.640522977558415
single-blocker,2,333,prefix,480,2.8125,345.0,960.0,480.46801013623127,480.46801013623127,18.847737148828216
single-blocker,2,333,prefix,512,3.0,368.0,1024.0,499.0268266464049,499.0268266464049,19.04503153332856
single-blocker,2,333,intersection,32,0.1875,23.0,64.0,63.96821681185914,63.96821681185914,10.646931473211035
single-blocker,2,333,intersection,64,0.375,46.0,128.0,120.81662176040324,120.81662176040324,12.732126094754628
single-blocker,2,333,intersection,96,0.5625,69.0,192.0,168.29175461582057,168.29175461582057,14.005158282957284
single-blocker,2,333,intersection,128,0.75,92.0,256.0,207.83318476460562,207.83318476460562,14.879632039782816
single-blocker,2,333,intersection,160,0.92578125,114.890625,320.0,242.20789027614526,242.20789027614526,15.542321519259046
single-blocker,2,333,intersection,192,1.01953125,137.015625,383.0,272.9486055975507,272.9486055975507,16.08424890196145
single-blocker,2,333,intersection,224,1.01953125,158.265625,447.0,301.62744898610754,301.62744898610754,16.549334902196577
single-blocker,2,333,intersection,256,1.01953125,179.515625,510.0,327.5973991516924,327.5973991516924,16.93713512546932
single-blocker,2,333,intersection,288,1.01953125,200.765625,573.0,352.43103544054304,352.43103544054304,17.29404699791083
single-blocker,2,333,intersection,320,1.01953125,222.015625,634.0,375.0279233805722,375.0279233805722,17.59956756783073
single-blocker,2,333,intersection,352,1.01953125,243.265625,696.0,396.65485179540394,396.65485179540394,17.87428452856005
single-blocker,2,333,intersection,384,1.01953125,264.515625,757.0,417.01600004050874,417.01600004050874,18.12254070699289
single-blocker,2,333,intersection,416,1.01953125,285.765625,819.0,437.10222776471113,437.10222776471113,18.360980269176114
single-blocker,2,333,intersection,448,1.01953125,307.015625,882.0,456.644459812935,456.644459812935,18.582775057770295
single-blocker,2,333,intersection,480,1.01953125,328.265625,946.0,475.8571117967365,475.8571117967365,18.793981471615364
single-blocker,2,333,intersection,512,1.01953125,349.515625,1008.0,493.8853450210661,493.8853450210661,18.98651399171501
single-blocker,2,333,completed,32,0.1875,23.0,64.0,63.96821681185914,63.96821681185914,10.646931473211035
single-blocker,2,333,completed,64,0.375,46.0,128.0,120.81662176040324,120.81662176040324,12.732126094754628
single-blocker,2,333,completed,96,0.5625,69.0,192.0,168.29175461582057,168.29175461582057,14.005158282957284
single-blocker,2,333,completed,128,0.75,92.0,256.0,207.83318476460562,207.83318476460562,14.879632039782816
single-blocker,2,333,completed,160,0.9140625,114.78125,320.0,242.20789027614526,242.20789027614526,15.542321519259046
single-blocker,2,333,completed,192,0.94921875,136.359375,382.0,272.42386503975933,272.42386503975933,16.07463351734606
single-blocker,2,333,completed,224,0.94921875,157.609375,446.0,301.1436438521999,301.1436438521999,16.541138180885117
single-blocker,2,333,completed,256,0.94921875,178.859375,509.0,327.1511059209636,327.1511059209636,16.93014211847634
single-blocker,2,333,completed,288,0.94921875,200.109375,572.0,352.00402724148455,352.00402724148455,17.287636741500588
single-blocker,2,333,completed,320,0.94921875,221.359375,633.0,374.61542538089964,374.61542538089964,17.59357954387865
single-blocker,2,333,completed,352,0.94921875,242.609375,695.0,396.26534730024616,396.26534730024616,17.868936934977185
single-blocker,2,333,completed,384,0.94921875,263.859375,756.0,416.64329584852493,416.64329584852493,18.1176387462086
single-blocker,2,333,completed,416,0.94921875,285.109375,818.0,436.7410044946857,436.7410044946857,18.356371974245267
single-blocker,2,333,completed,448,0.94921875,306.359375,881.0,456.29751916464375,456.29751916464375,18.578519738621388
single-blocker,2,333,completed,480,0.94921875,327.609375,945.0,475.52288918486266,475.52288918486266,18.79002890244543
single-blocker,2,333,completed,512,0.94921875,348.859375,1007.0,493.5588658329545,493.5588658329545,18.98274040680938
single-blocker,2,333,plugin,32,0.54296875,22.484375,64.0,63.96821681185914,63.96821681185914,10.659536515227842
single-blocker,2,333,plugin,64,0.54296875,43.734375,124.0,117.39257304526132,117.39257304526132,12.646967852394376
single-blocker,2,333,plugin,96,0.54296875,64.984375,187.0,164.43612205274442,164.43612205274442,13.90303234747671
single-blocker,2,333,plugin,128,0.54296875,86.234375,249.0,203.01603356940757,203.01603356940757,14.765069851078175
single-blocker,2,333,plugin,160,0.54296875,107.484375,312.0,237.62794974122428,237.62794974122428,15.451270546922848
single-blocker,2,333,plugin,192,0.54296875,128.734375,374.0,268.1961295346167,268.1961295346167,15.99675732544358
single-blocker,2,333,plugin,224,0.54296875,149.984375,438.0,297.2798618993396,297.2798618993396,16.475944940633404
single-blocker,2,333,plugin,256,0.54296875,171.234375,501.0,323.65571147686546,323.65571147686546,16.876835817551076
single-blocker,2,333,plugin,288,0.54296875,192.484375,564.0,348.62252341087003,348.62252341087003,17.237527535443032
single-blocker,2,333,plugin,320,0.54296875,213.734375,625.0,371.31251755712145,371.31251755712145,17.545638979153
single-blocker,2,333,plugin,352,0.54296875,234.984375,687.0,393.1857593642724,393.1857593642724,17.8272536907573
single-blocker,2,333,plugin,384,0.54296875,256.234375,748.0,413.71072054655434,413.71072054655434,18.079820906982764
single-blocker,2,333,plugin,416,0.54296875,277.484375,810.0,433.8820795128905,433.8820795128905,18.320356901525994
single-blocker,2,333,plugin,448,0.54296875,298.734375,873.0,453.56286528539084,453.56286528539084,18.545551271886627
single-blocker,2,333,plugin,480,0.54296875,319.984375,937.0,472.8952249217238,472.8952249217238,18.759571901722097
single-blocker,2,333,plugin,512,0.54296875,341.234375,999.0,490.9754552734206,490.9754552734206,18.953250206594028
single-blocker,2,333,safe,32,5.1875,0.0,32.0,31.968216811859147,31.968216811859147,4.02724519543652
single-blocker,2,333,safe,64,10.375,0.0,64.0,57.42435623340214,57.42435623340214,4.7282659037057675
single-blocker,2,333,safe,96,15.5625,0.0,96.0,76.78319682780861,76.78319682780861,5.136346480888775
single-blocker,2,333,safe,128,20.75,0.0,128.0,93.03345515740088,93.03345515740088,5.425334592589174
single-blocker,2,333,safe,160,25.9375,0.0,160.0,107.31238195727079,107.31238195727079,5.649261224939744
single-blocker,2,333,safe,192,31.125,0.0,192.0,120.1978375468853,120.1978375468853,5.832104609707439
single-blocker,2,333,safe,224,36.3125,0.0,224.0,132.0310352083931,132.0310352083931,5.986627913082163
single-blocker,2,333,safe,256,41.5,0.0,256.0,143.03333360981438,143.03333360981438,6.120438712817281
single-blocker,2,333,safe,288,46.6875,0.0,288.0,153.35798108855585,153.35798108855585,6.238439029233648
single-blocker,2,333,safe,320,51.875,0.0,320.0,163.1162631808352,163.1162631808352,6.343973346894013
single-blocker,2,333,safe,352,57.0625,0.0,352.0,172.39200998111025,172.39200998111025,6.43942571339101
single-blocker,2,333,safe,384,62.25,0.0,384.0,181.25023096678382,181.25023096678382,6.5265555690159704
single-blocker,2,333,safe,416,67.4375,0.0,416.0,189.74254455085054,189.74254455085054,6.6066985205464555
single-blocker,2,333,safe,448,72.625,0.0,448.0,197.91074640079475,197.91074640079475,6.680892410683006
single-blocker,2,333,safe,480,77.8125,0.0,480.0,205.78924141297622,205.78924141297622,6.7499597404471405
single-blocker,2,333,safe,512,83.0,0.0,512.0,213.40675252840046,213.40675252840046,6.81456340954972
single-blocker,2,333,known,32,0.0,21.25,62.0,61.96821681185914,61.96821681185914,10.52560794379927
single-blocker,2,333,known,64,0.0,42.5,122.0,115.35247815784554,115.35247815784554,12.562719276895798
single-blocker,2,333,known,96,0.0,63.75,185.0,162.83449804236733,162.83449804236733,13.859070994819703
single-blocker,2,333,known,128,0.0,85.0,247.0,201.67936732157878,201.67936732157878,14.734218219973265
single-blocker,2,333,known,160,0.0,106.25,310.0,236.33651373564786,236.33651373564786,15.422419033675228
single-blocker,2,333,known,192,0.0,127.5,372.0,267.02745108851514,267.02745108851514,15.973024217401678
single-blocker,2,333,known,224,0.0,148.75,436.0,296.1895868669754,296.1895868669754,16.45524903797477
single-blocker,2,333,known,256,0.0,170.0,499.0,322.5976125562149,322.5976125562149,16.857383085598347
single-blocker,2,333,known,288,0.0,191.25,562.0,347.65482941055114,347.65482941055114,17.221167341490382
single-blocker,2,333,known,320,0.0,212.5,623.0,370.419255540016,370.419255540016,17.531640442649568
single-blocker,2,333,known,352,0.0,233.75,685.0,392.3105305417023,392.3105305417023,17.813826711853217
single-blocker,2,333,known,384,0.0,255.0,746.0,412.86398549702943,412.86398549702943,18.067250360476155
single-blocker,2,333,known,416,0.0,276.25,808.0,433.0812440254734,433.0812440254734,18.309081927383723
single-blocker,2,333,known,448,0.0,297.5,871.0,452.78606293625893,452.78606293625893,18.534939926922274
single-blocker,2,333,known,480,0.0,318.75,935.0,472.14311556358996,472.14311556358996,18.749619419117984
single-blocker,2,333,known,512,0.0,340.0,997.0,490.2591008086117,490.2591008086117,18.94420003922449
single-blocker,2,333,product,32,3.5,23.25,62.0,61.96821681185914,61.96821681185914,7.988898993023578
single-blocker,2,333,product,64,7.0,46.5,122.0,110.69593443349517,110.69593443349517,9.357279118138122
single-blocker,2,333,product,96,10.5,69.75,185.0,149.65575452539127,149.65575452539127,10.196570017570002
single-blocker,2,333,product,128,14.0,93.0,247.0,181.72996257095258,181.72996257095258,10.777466185264695
single-blocker,2,333,product,160,17.5,116.25,310.0,210.33312111762996,210.33312111762996,11.233775146916955
single-blocker,2,333,product,192,21.0,139.5,372.0,235.70187766063216,235.70187766063216,11.599496775712876
single-blocker,2,333,product,224,24.5,162.75,436.0,259.7320221389965,259.7320221389965,11.918069507934538
single-blocker,2,333,product,256,28.0,186.0,499.0,281.6862208298243,281.6862208298243,12.188656796635707
single-blocker,2,333,product,288,31.5,209.25,562.0,302.27442164401594,302.27442164401594,12.426956873020155
single-blocker,2,333,product,320,35.0,232.5,623.0,321.11332688659303,321.11332688659303,12.633270744607884
single-blocker,2,333,product,352,38.5,255.75,685.0,339.33071246793935,339.33071246793935,12.823281615269917
single-blocker,2,333,product,384,42.0,279.0,746.0,356.45263357573003,356.45263357573003,12.99403359435543
single-blocker,2,333,product,416,45.5,302.25,808.0,373.1483790831215,373.1483790831215,13.153899972725972
single-blocker,2,333,product,448,49.0,325.5,871.0,389.4664852047185,389.4664852047185,13.304297755800079
single-blocker,2,333,product,480,52.5,348.75,935.0,405.4470886014674,405.4470886014674,13.446373520673053
single-blocker,2,333,product,512,56.0,372.0,997.0,420.40277002580285,420.40277002580285,13.57489668328311
outcome-lag-64,4,333,prefix,32,0.0,21.0,64.0,64.0,64.0,26.3253401496592
outcome-lag-64,4,333,prefix,64,0.0,42.0,128.0,128.0,128.0,57.46273425429218
outcome-lag-64,4,333,prefix,96,0.0,63.0,191.77996692166323,191.1084440782426,191.1084440782426,84.35958898848902
outcome-lag-64,4,333,prefix,128,0.0,84.0,246.96407579601066,243.98088408393073,243.6126926959085,100.53172804592339
outcome-lag-64,4,333,prefix,160,0.0,105.0,292.29772409453506,290.3932274200294,288.59504722607824,112.78853797332042
outcome-lag-64,4,333,prefix,192,0.0,126.0,330.54506524240014,332.01674785244194,326.50593462604587,123.68087002442661
outcome-lag-64,4,333,prefix,224,0.0,147.0,364.4420873311911,370.01256439445433,360.3958735805941,133.35250953185744
outcome-lag-64,4,333,prefix,256,0.0,168.0,395.5422936998594,405.9610284973933,391.4960799492624,142.70263911245124
outcome-lag-64,4,333,prefix,288,0.0,189.0,423.88338879930166,439.7353843422412,419.8371750487047,151.7459729480144
outcome-lag-64,4,333,prefix,320,0.0,210.0,450.44117766595934,471.31250792832685,446.3949639153624,159.83617256680682
outcome-lag-64,4,333,prefix,352,0.0,231.0,475.21602715146815,500.6499894016872,471.1698134008712,166.9168211329291
outcome-lag-64,4,333,prefix,384,0.0,252.0,498.52629994018264,528.2448199356776,494.4800861895857,173.31110504129708
outcome-lag-64,4,333,prefix,416,0.0,273.0,520.6569613458332,554.1487401252077,516.6107475952363,178.9054177969247
outcome-lag-64,4,333,prefix,448,0.0,294.0,541.8215291708397,578.8107984017962,537.7753154202427,184.00680335679726
outcome-lag-64,4,333,prefix,480,0.0,315.0,562.1600821525567,602.0975196077816,558.1138684019597,188.3780633493465
outcome-lag-64,4,333,prefix,512,0.0,336.0,581.6242597246966,624.3875957582958,577.5780459740996,192.44885503794754
outcome-lag-64,4,333,intersection,32,0.0,21.0,64.0,64.0,64.0,26.3253401496592
outcome-lag-64,4,333,intersection,64,0.0,42.0,128.0,128.0,128.0,57.46273425429218
outcome-lag-64,4,333,intersection,96,0.0,63.0,191.77996692166323,191.1084440782426,191.1084440782426,84.35958898848902
outcome-lag-64,4,333,intersection,128,0.0,84.0,246.96407579601066,243.98088408393073,243.6126926959085,100.53172804592339
outcome-lag-64,4,333,intersection,160,0.0,105.0,292.29772409453506,290.3932274200294,288.59504722607824,112.78853797332042
outcome-lag-64,4,333,intersection,192,0.0,126.0,330.54506524240014,332.01674785244194,326.50593462604587,123.68087002442661
outcome-lag-64,4,333,intersection,224,0.0,147.0,364.4420873311911,370.01256439445433,360.3958735805941,133.35250953185744
outcome-lag-64,4,333,intersection,256,0.0,168.0,395.5422936998594,405.9610284973933,391.4960799492624,142.70263911245124
outcome-lag-64,4,333,intersection,288,0.0,189.0,423.88338879930166,439.7353843422412,419.8371750487047,151.7459729480144
outcome-lag-64,4,333,intersection,320,0.0,210.0,450.44117766595934,471.31250792832685,446.3949639153624,159.83617256680682
outcome-lag-64,4,333,intersection,352,0.0,231.0,475.21602715146815,500.6499894016872,471.1698134008712,166.9168211329291
outcome-lag-64,4,333,intersection,384,0.0,252.0,498.52629994018264,528.2448199356776,494.4800861895857,173.31110504129708
outcome-lag-64,4,333,intersection,416,0.0,273.0,520.6569613458332,554.1487401252077,516.6107475952363,178.9054177969247
outcome-lag-64,4,333,intersection,448,0.0,294.0,541.8215291708397,578.8107984017962,537.7753154202427,184.00680335679726
outcome-lag-64,4,333,intersection,480,0.0,315.0,562.1600821525567,602.0975196077816,558.1138684019597,188.3780633493465
outcome-lag-64,4,333,intersection,512,0.0,336.0,581.6242597246966,624.3875957582958,577.5780459740996,192.44885503794754
outcome-lag-64,4,333,completed,32,0.0,21.0,64.0,64.0,64.0,26.3253401496592
outcome-lag-64,4,333,completed,64,3.1796875,34.78125,117.0,117.0,117.0,52.22565786411982
outcome-lag-64,4,333,completed,96,5.78125,49.875,171.77996692166323,171.18295085126644,171.18295085126644,72.95639201393328
outcome-lag-64,4,333,completed,128,5.78125,70.875,226.86405460177482,224.44229535462412,224.07410396660177,87.44082668894438
outcome-lag-64,4,333,completed,160,5.78125,91.875,275.07422974349225,273.04808673581533,271.45766033756183,100.52233862326523
outcome-lag-64,4,333,completed,192,5.78125,112.875,315.6847441276191,316.5066125930985,311.32176463832855,112.0944733578339
outcome-lag-64,4,333,completed,224,5.78125,133.875,351.1574828611961,355.8733995129981,346.7424894348162,122.25000645124065
outcome-lag-64,4,333,completed,256,5.78125,154.875,383.44968649363057,392.97867835268215,379.0346930672506,132.03725395832305
outcome-lag-64,4,333,completed,288,5.78125,175.875,412.67766647151893,427.6701809523019,408.26267304513897,141.42703372447738
outcome-lag-64,4,333,completed,320,5.78125,196.875,439.95281747739443,459.97930303518564,435.53782405101447,149.76852970680812
outcome-lag-64,4,333,completed,352,5.78125,217.875,465.2973904525465,489.9247232178915,460.88239702616653,157.05063077909426
outcome-lag-64,4,333,completed,384,5.78125,238.875,489.0795140909094,518.0480147198954,484.66452066452945,163.6211411240744
outcome-lag-64,4,333,completed,416,5.78125,259.875,511.61353875511764,544.412066821486,507.1985453287377,169.3657444300557
outcome-lag-64,4,333,completed,448,5.78125,280.875,533.1280871253244,569.471403094121,528.7130936989445,174.58956655344213
outcome-lag-64,4,333,completed,480,5.78125,301.875,553.7716423498077,593.08483668082,549.3566489234278,179.04297760848564
outcome-lag-64,4,333,completed,512,5.78125,322.875,573.5079690590419,615.6735852170644,569.0929756326619,183.18916504039316
outcome-lag-64,4,333,plugin,32,2.83203125,9.515625,48.0,48.0,48.0,17.35098857244384
outcome-lag-64,4,333,plugin,64,3.83203125,18.515625,95.0,95.0,95.0,38.3622455204774
outcome-lag-64,4,333,plugin,96,4.6953125,29.15625,139.77996692166323,139.19179673371025,139.19179673371025,55.16668816918097
outcome-lag-64,4,333,plugin,128,5.6953125,38.15625,186.26196949939944,184.76369339197345,184.3955020039512,68.28810809854572
outcome-lag-64,4,333,plugin,160,6.421875,50.4375,224.62640396823025,223.64430856942008,222.05388217116678,77.9652043647299
outcome-lag-64,4,333,plugin,192,7.421875,59.4375,252.18390626526275,254.2943289295468,249.59388740864736,86.70378680495631
outcome-lag-64,4,333,plugin,224,8.23046875,70.734375,279.98757763568625,285.73279550372007,277.39755877907083,94.76214244900501
outcome-lag-64,4,333,plugin,256,9.23046875,79.734375,299.59499899822765,308.8827846194781,297.00498014161224,101.15037680734214
outcome-lag-64,4,333,plugin,288,9.6484375,95.71875,328.6126760857281,342.27776551708354,326.02265722911267,109.46032304915182
outcome-lag-64,4,333,plugin,320,10.46875,106.875,346.7797741662638,364.3746779690908,344.1897553096484,115.4529868786848
outcome-lag-64,4,333,plugin,352,10.87890625,122.953125,372.4221905671126,393.31467402532934,369.83217171049716,121.85065718993124
outcome-lag-64,4,333,plugin,384,11.31640625,138.703125,400.03887286196755,424.2146081556656,397.44885400535213,128.53744926353573
outcome-lag-64,4,333,plugin,416,11.78125,154.125,422.0683339511445,449.0110293624048,419.3764859450234,133.7821639774213
outcome-lag-64,4,333,plugin,448,11.78125,175.125,450.2118161649302,479.9896524434508,447.45309432356896,139.67659402991882
outcome-lag-64,4,333,plugin,480,12.3828125,188.90625,468.82108054241274,501.09445277951346,466.0602530535742,143.92835501091113
outcome-lag-64,4,333,plugin,512,12.3828125,209.90625,492.8931274778811,527.9541935288787,490.1322999890425,148.80268623783027
outcome-lag-64,4,333,safe,32,9.25,0.0,32.0,32.0,32.0,12.135728832184105
outcome-lag-64,4,333,safe,64,18.5,0.0,64.0,64.0,64.0,27.168545430502917
outcome-lag-64,4,333,safe,96,27.75,0.0,95.77996692166326,95.19179673371025,95.19179673371025,40.361418813236085
outcome-lag-64,4,333,safe,128,37.0,0.0,120.26196949939958,119.79058596668845,119.42239457866633,48.998937828322426
outcome-lag-64,4,333,safe,160,46.25,0.0,139.13976329113112,139.890614768651,138.30018837039788,55.04396646276568
outcome-lag-64,4,333,safe,192,55.5,0.0,154.97554229089087,158.20576693415092,154.13596737015763,60.65650642341871
outcome-lag-64,4,333,safe,224,64.75,0.0,168.99424423941994,175.0836149702053,168.1546693186867,65.85568010134003
outcome-lag-64,4,333,safe,256,74.0,0.0,181.67094693062597,190.63286291959176,180.83137200989273,70.53644044904027
outcome-lag-64,4,333,safe,288,83.25,0.0,193.33308178532252,205.5676395373004,192.49350686458928,75.26456990442385
outcome-lag-64,4,333,safe,320,92.5,0.0,204.18686898103752,219.7546342959809,203.34729406030428,79.79881688848536
outcome-lag-64,4,333,safe,352,101.75,0.0,214.38412062382233,232.79863121515672,213.54454570308909,83.66251937388306
outcome-lag-64,4,333,safe,384,111.0,0.0,224.03002777468762,244.87527074416093,223.19045285395438,86.96806777283867
outcome-lag-64,4,333,safe,416,120.25,0.0,233.20025414685117,256.02363117271557,232.36067922611792,89.70425756885712
outcome-lag-64,4,333,safe,448,129.5,0.0,241.9625606522335,266.69082917771124,241.12298573150025,92.27744761404495
outcome-lag-64,4,333,safe,480,138.75,0.0,250.36518503952567,277.03177503014354,249.52561011879243,94.80896578406005
outcome-lag-64,4,333,safe,512,148.0,0.0,258.45173553295945,286.88386518253714,257.6121606122262,97.10814849013195
outcome-lag-64,4,333,known,32,0.0,21.0,64.0,64.0,64.0,26.3253401496592
outcome-lag-64,4,333,known,64,0.0,42.0,128.0,128.0,128.0,57.46273425429218
outcome-lag-64,4,333,known,96,0.0,63.0,191.77996692166323,191.1084440782426,191.1084440782426,84.35958898848902
outcome-lag-64,4,333,known,128,0.0,84.0,246.96407579601066,243.98088408393073,243.6126926959085,100.53172804592339
outcome-lag-64,4,333,known,160,0.0,105.0,292.29772409453506,290.3932274200294,288.59504722607824,112.78853797332042
outcome-lag-64,4,333,known,192,0.0,126.0,330.54506524240014,332.01674785244194,326.50593462604587,123.68087002442661
outcome-lag-64,4,333,known,224,0.0,147.0,364.4420873311911,370.01256439445433,360.3958735805941,133.35250953185744
outcome-lag-64,4,333,known,256,0.0,168.0,395.5422936998594,405.9610284973933,391.4960799492624,142.70263911245124
outcome-lag-64,4,333,known,288,0.0,189.0,423.88338879930166,439.7353843422412,419.8371750487047,151.7459729480144
outcome-lag-64,4,333,known,320,0.0,210.0,450.44117766595934,471.31250792832685,446.3949639153624,159.83617256680682
outcome-lag-64,4,333,known,352,0.0,231.0,475.21602715146815,500.6499894016872,471.1698134008712,166.9168211329291
outcome-lag-64,4,333,known,384,0.0,252.0,498.52629994018264,528.2448199356776,494.4800861895857,173.31110504129708
outcome-lag-64,4,333,known,416,0.0,273.0,520.6569613458332,554.1487401252077,516.6107475952363,178.9054177969247
outcome-lag-64,4,333,known,448,0.0,294.0,541.8215291708397,578.8107984017962,537.7753154202427,184.00680335679726
outcome-lag-64,4,333,known,480,0.0,315.0,562.1600821525567,602.0975196077816,558.1138684019597,188.3780633493465
outcome-lag-64,4,333,known,512,0.0,336.0,581.6242597246966,624.3875957582958,577.5780459740996,192.44885503794754
outcome-lag-64,4,333,product,32,0.0,21.0,64.0,64.0,64.0,26.3253401496592
outcome-lag-64,4,333,product,64,0.0,42.0,128.0,128.0,128.0,57.46273425429218
outcome-lag-64,4,333,product,96,0.0,63.0,191.77996692166323,191.1084440782426,191.1084440782426,84.35958898848902
outcome-lag-64,4,333,product,128,0.0,84.0,246.96407579601066,243.98088408393073,243.6126926959085,100.53172804592339
outcome-lag-64,4,333,product,160,0.0,105.0,292.29772409453506,290.3932274200294,288.59504722607824,112.78853797332042
outcome-lag-64,4,333,product,192,0.0,126.0,330.54506524240014,332.01674785244194,326.50593462604587,123.68087002442661
outcome-lag-64,4,333,product,224,0.0,147.0,364.4420873311911,370.01256439445433,360.3958735805941,133.35250953185744
outcome-lag-64,4,333,product,256,0.0,168.0,395.5422936998594,405.9610284973933,391.4960799492624,142.70263911245124
outcome-lag-64,4,333,product,288,0.0,189.0,423.88338879930166,439.7353843422412,419.8371750487047,151.7459729480144
outcome-lag-64,4,333,product,320,0.0,210.0,450.44117766595934,471.31250792832685,446.3949639153624,159.83617256680682
outcome-lag-64,4,333,product,352,0.0,231.0,475.21602715146815,500.6499894016872,471.1698134008712,166.9168211329291
outcome-lag-64,4,333,product,384,0.0,252.0,498.52629994018264,528.2448199356776,494.4800861895857,173.31110504129708
outcome-lag-64,4,333,product,416,0.0,273.0,520.6569613458332,554.1487401252077,516.6107475952363,178.9054177969247
outcome-lag-64,4,333,product,448,0.0,294.0,541.8215291708397,578.8107984017962,537.7753154202427,184.00680335679726
outcome-lag-64,4,333,product,480,0.0,315.0,562.1600821525567,602.0975196077816,558.1138684019597,188.3780633493465
outcome-lag-64,4,333,product,512,0.0,336.0,581.6242597246966,624.3875957582958,577.5780459740996,192.44885503794754
single-blocker,4,333,prefix,32,0.0,21.0,64.0,63.96821681185914,63.96821681185914,10.501572154167501
single-blocker,4,333,prefix,64,0.0,42.0,128.0,120.53907305509675,120.53907305509675,12.697622192859416
single-blocker,4,333,prefix,96,0.0,63.0,192.0,168.12116435671294,168.12116435671294,13.99619163895334
single-blocker,4,333,prefix,128,0.0,84.0,256.0,206.63587578322378,206.63587578322378,14.824452818750705
single-blocker,4,333,prefix,160,0.0,105.0,320.0,241.51993501848145,241.51993501848145,15.513873609534283
single-blocker,4,333,prefix,192,0.0,126.0,384.0,272.8058766744414,272.8058766744414,16.068626884188014
single-blocker,4,333,prefix,224,0.0,147.0,448.0,301.60107525523796,301.60107525523796,16.539648430403048
single-blocker,4,333,prefix,256,0.0,168.0,512.0,328.6149963907493,328.6149963907493,16.95523504356924
single-blocker,4,333,prefix,288,0.0,189.0,576.0,353.70381820322746,353.70381820322746,17.313034846762562
single-blocker,4,333,prefix,320,0.0,210.0,640.0,377.51353800701895,377.51353800701895,17.63583068326082
single-blocker,4,333,prefix,352,0.0,231.0,704.0,400.0597418211666,400.0597418211666,17.925201590170296
single-blocker,4,333,prefix,384,0.0,252.0,768.0,421.5225467147445,421.5225467147445,18.187459858126005
single-blocker,4,333,prefix,416,0.0,273.0,832.0,442.07273870778374,442.07273870778374,18.428044417262548
single-blocker,4,333,prefix,448,0.0,294.0,896.0,461.856628342417,461.856628342417,18.651261335179818
single-blocker,4,333,prefix,480,0.0,315.0,960.0,480.98091445786787,480.98091445786787,18.860086237194526
single-blocker,4,333,prefix,512,0.0,336.0,1024.0,499.3936982581243,499.3936982581243,19.05358557553789
single-blocker,4,333,intersection,32,0.0,21.0,64.0,63.96821681185914,63.96821681185914,10.501572154167501
single-blocker,4,333,intersection,64,0.0,42.0,128.0,120.53907305509675,120.53907305509675,12.697622192859416
single-blocker,4,333,intersection,96,0.0,63.0,192.0,168.12116435671294,168.12116435671294,13.99619163895334
single-blocker,4,333,intersection,128,0.0,84.0,256.0,206.63587578322378,206.63587578322378,14.824452818750705
single-blocker,4,333,intersection,160,0.0,105.0,320.0,241.51993501848145,241.51993501848145,15.513873609534283
single-blocker,4,333,intersection,192,0.0,126.0,384.0,272.8058766744414,272.8058766744414,16.068626884188014
single-blocker,4,333,intersection,224,0.0,147.0,448.0,301.60107525523796,301.60107525523796,16.539648430403048
single-blocker,4,333,intersection,256,0.0,168.0,512.0,328.6149963907493,328.6149963907493,16.95523504356924
single-blocker,4,333,intersection,288,0.0,189.0,576.0,353.70381820322746,353.70381820322746,17.313034846762562
single-blocker,4,333,intersection,320,0.0,210.0,640.0,377.51353800701895,377.51353800701895,17.63583068326082
single-blocker,4,333,intersection,352,0.0,231.0,704.0,400.0597418211666,400.0597418211666,17.925201590170296
single-blocker,4,333,intersection,384,0.0,252.0,768.0,421.5225467147445,421.5225467147445,18.187459858126005
single-blocker,4,333,intersection,416,0.0,273.0,832.0,442.07273870778374,442.07273870778374,18.428044417262548
single-blocker,4,333,intersection,448,0.0,294.0,896.0,461.856628342417,461.856628342417,18.651261335179818
single-blocker,4,333,intersection,480,0.0,315.0,960.0,480.98091445786787,480.98091445786787,18.860086237194526
single-blocker,4,333,intersection,512,0.0,336.0,1024.0,499.3936982581243,499.3936982581243,19.05358557553789
single-blocker,4,333,completed,32,0.0,21.0,64.0,63.96821681185914,63.96821681185914,10.501572154167501
single-blocker,4,333,completed,64,0.0,42.0,128.0,120.53907305509675,120.53907305509675,12.697622192859416
single-blocker,4,333,completed,96,0.0,63.0,192.0,168.12116435671294,168.12116435671294,13.99619163895334
single-blocker,4,333,completed,128,0.0,84.0,256.0,206.63587578322378,206.63587578322378,14.824452818750705
single-blocker,4,333,completed,160,0.0,105.0,320.0,241.51993501848145,241.51993501848145,15.513873609534283
single-blocker,4,333,completed,192,0.0,126.0,384.0,272.8058766744414,272.8058766744414,16.068626884188014
single-blocker,4,333,completed,224,0.0,147.0,448.0,301.60107525523796,301.60107525523796,16.539648430403048
single-blocker,4,333,completed,256,0.0,168.0,512.0,328.6149963907493,328.6149963907493,16.95523504356924
single-blocker,4,333,completed,288,0.0,189.0,576.0,353.70381820322746,353.70381820322746,17.313034846762562
single-blocker,4,333,completed,320,0.0,210.0,640.0,377.51353800701895,377.51353800701895,17.63583068326082
single-blocker,4,333,completed,352,0.0,231.0,704.0,400.0597418211666,400.0597418211666,17.925201590170296
single-blocker,4,333,completed,384,0.0,252.0,768.0,421.5225467147445,421.5225467147445,18.187459858126005
single-blocker,4,333,completed,416,0.0,273.0,832.0,442.07273870778374,442.07273870778374,18.428044417262548
single-blocker,4,333,completed,448,0.0,294.0,896.0,461.856628342417,461.856628342417,18.651261335179818
single-blocker,4,333,completed,480,0.0,315.0,960.0,480.98091445786787,480.98091445786787,18.860086237194526
single-blocker,4,333,completed,512,0.0,336.0,1024.0,499.3936982581243,499.3936982581243,19.05358557553789
single-blocker,4,333,plugin,32,0.6875,12.75,55.0,54.96821681185914,54.96821681185914,9.074984852580203
single-blocker,4,333,plugin,64,1.5625,23.25,106.0,98.81662176040324,98.81662176040324,10.456167917001125
single-blocker,4,333,plugin,96,2.4375,33.75,151.0,128.67344751540537,128.67344751540537,11.155159662355459
single-blocker,4,333,plugin,128,3.31640625,44.203125,208.0,161.8153481815756,161.8153481815756,11.839848117879065
single-blocker,4,333,plugin,160,4.19140625,54.703125,257.0,185.99360730803284,185.99360730803284,12.264443092166704
single-blocker,4,333,plugin,192,5.06640625,65.203125,307.0,208.40398042497443,208.40398042497443,12.623348216960427
single-blocker,4,333,plugin,224,5.94140625,75.703125,356.0,228.53663042208612,228.53663042208612,12.919775005671337
single-blocker,4,333,plugin,256,6.81640625,86.203125,401.0,245.51467368664916,245.51467368664916,13.149956175802123
single-blocker,4,333,plugin,288,7.69140625,96.703125,449.0,262.8232060288918,262.8232060288918,13.375081832073244
single-blocker,4,333,plugin,320,8.56640625,107.203125,494.0,277.99458501824415,277.99458501824415,13.55992574182004
single-blocker,4,333,plugin,352,9.44140625,117.703125,540.0,292.8705585148277,292.8705585148277,13.734292065807992
single-blocker,4,333,plugin,384,10.31640625,128.203125,588.0,307.87131464298665,307.87131464298665,13.904586517137426
single-blocker,4,333,plugin,416,11.19140625,138.703125,637.0,322.6236792309932,322.6236792309932,14.066113916759138
single-blocker,4,333,plugin,448,12.06640625,149.203125,685.0,336.4610104771317,336.4610104771317,14.211290916905051
single-blocker,4,333,plugin,480,12.94140625,159.703125,730.0,348.8023469775683,348.8023469775683,14.334538084562245
single-blocker,4,333,plugin,512,13.81640625,170.203125,780.0,362.40695727743537,362.40695727743537,14.469620921324433
single-blocker,4,333,safe,32,9.25,0.0,32.0,31.968216811859147,31.968216811859147,4.02724519543652
single-blocker,4,333,safe,64,18.5,0.0,64.0,57.42435623340214,57.42435623340214,4.7282659037057675
single-blocker,4,333,safe,96,27.75,0.0,96.0,76.78319682780861,76.78319682780861,5.136346480888775
single-blocker,4,333,safe,128,37.0,0.0,128.0,93.03345515740088,93.03345515740088,5.425334592589174
single-blocker,4,333,safe,160,46.25,0.0,160.0,107.31238195727079,107.31238195727079,5.649261224939744
single-blocker,4,333,safe,192,55.5,0.0,192.0,120.1978375468853,120.1978375468853,5.832104609707439
single-blocker,4,333,safe,224,64.75,0.0,224.0,132.0310352083931,132.0310352083931,5.986627913082163
single-blocker,4,333,safe,256,74.0,0.0,256.0,143.03333360981438,143.03333360981438,6.120438712817281
single-blocker,4,333,safe,288,83.25,0.0,288.0,153.35798108855585,153.35798108855585,6.238439029233648
single-blocker,4,333,safe,320,92.5,0.0,320.0,163.1162631808352,163.1162631808352,6.343973346894013
single-blocker,4,333,safe,352,101.75,0.0,352.0,172.39200998111025,172.39200998111025,6.43942571339101
single-blocker,4,333,safe,384,111.0,0.0,384.0,181.25023096678382,181.25023096678382,6.5265555690159704
single-blocker,4,333,safe,416,120.25,0.0,416.0,189.74254455085054,189.74254455085054,6.6066985205464555
single-blocker,4,333,safe,448,129.5,0.0,448.0,197.91074640079475,197.91074640079475,6.680892410683006
single-blocker,4,333,safe,480,138.75,0.0,480.0,205.78924141297622,205.78924141297622,6.7499597404471405
single-blocker,4,333,safe,512,148.0,0.0,512.0,213.40675252840046,213.40675252840046,6.81456340954972
single-blocker,4,333,known,32,0.0,21.0,64.0,63.96821681185914,63.96821681185914,10.501572154167501
single-blocker,4,333,known,64,0.0,42.0,128.0,120.53907305509675,120.53907305509675,12.697622192859416
single-blocker,4,333,known,96,0.0,63.0,192.0,168.12116435671294,168.12116435671294,13.99619163895334
single-blocker,4,333,known,128,0.0,84.0,256.0,206.63587578322378,206.63587578322378,14.824452818750705
single-blocker,4,333,known,160,0.0,105.0,320.0,241.51993501848145,241.51993501848145,15.513873609534283
single-blocker,4,333,known,192,0.0,126.0,384.0,272.8058766744414,272.8058766744414,16.068626884188014
single-blocker,4,333,known,224,0.0,147.0,448.0,301.60107525523796,301.60107525523796,16.539648430403048
single-blocker,4,333,known,256,0.0,168.0,512.0,328.6149963907493,328.6149963907493,16.95523504356924
single-blocker,4,333,known,288,0.0,189.0,576.0,353.70381820322746,353.70381820322746,17.313034846762562
single-blocker,4,333,known,320,0.0,210.0,640.0,377.51353800701895,377.51353800701895,17.63583068326082
single-blocker,4,333,known,352,0.0,231.0,704.0,400.0597418211666,400.0597418211666,17.925201590170296
single-blocker,4,333,known,384,0.0,252.0,768.0,421.5225467147445,421.5225467147445,18.187459858126005
single-blocker,4,333,known,416,0.0,273.0,832.0,442.07273870778374,442.07273870778374,18.428044417262548
single-blocker,4,333,known,448,0.0,294.0,896.0,461.856628342417,461.856628342417,18.651261335179818
single-blocker,4,333,known,480,0.0,315.0,960.0,480.98091445786787,480.98091445786787,18.860086237194526
single-blocker,4,333,known,512,0.0,336.0,1024.0,499.3936982581243,499.3936982581243,19.05358557553789
single-blocker,4,333,product,32,0.0,21.0,64.0,63.96821681185914,63.96821681185914,10.501572154167501
single-blocker,4,333,product,64,0.0,42.0,128.0,120.53907305509675,120.53907305509675,12.697622192859416
single-blocker,4,333,product,96,0.0,63.0,192.0,168.12116435671294,168.12116435671294,13.99619163895334
single-blocker,4,333,product,128,0.0,84.0,256.0,206.63587578322378,206.63587578322378,14.824452818750705
single-blocker,4,333,product,160,0.0,105.0,320.0,241.51993501848145,241.51993501848145,15.513873609534283
single-blocker,4,333,product,192,0.0,126.0,384.0,272.8058766744414,272.8058766744414,16.068626884188014
single-blocker,4,333,product,224,0.0,147.0,448.0,301.60107525523796,301.60107525523796,16.539648430403048
single-blocker,4,333,product,256,0.0,168.0,512.0,328.6149963907493,328.6149963907493,16.95523504356924
single-blocker,4,333,product,288,0.0,189.0,576.0,353.70381820322746,353.70381820322746,17.313034846762562
single-blocker,4,333,product,320,0.0,210.0,640.0,377.51353800701895,377.51353800701895,17.63583068326082
single-blocker,4,333,product,352,0.0,231.0,704.0,400.0597418211666,400.0597418211666,17.925201590170296
single-blocker,4,333,product,384,0.0,252.0,768.0,421.5225467147445,421.5225467147445,18.187459858126005
single-blocker,4,333,product,416,0.0,273.0,832.0,442.07273870778374,442.07273870778374,18.428044417262548
single-blocker,4,333,product,448,0.0,294.0,896.0,461.856628342417,461.856628342417,18.651261335179818
single-blocker,4,333,product,480,0.0,315.0,960.0,480.98091445786787,480.98091445786787,18.860086237194526
single-blocker,4,333,product,512,0.0,336.0,1024.0,499.3936982581243,499.3936982581243,19.05358557553789
outcome-lag-64,6,333,prefix,32,1.3125,19.0,64.0,64.0,64.0,29.041525519386646
outcome-lag-64,6,333,prefix,64,2.625,38.0,128.0,128.0,128.0,64.08590667142357
outcome-lag-64,6,333,prefix,96,3.9375,57.0,191.75933871126063,190.91460827801697,190.91460827801697,93.57236050162506
outcome-lag-64,6,333,prefix,128,5.25,76.0,247.4344010289374,247.10688924619103,245.87900453913372,115.16891013463005
outcome-lag-64,6,333,prefix,160,6.5625,95.0,292.9804647768473,295.9044353791332,290.1765499511533,129.75688808810872
outcome-lag-64,6,333,prefix,192,7.875,114.0,331.5585739820919,338.0484137595126,327.3707248015347,140.91021086702315
outcome-lag-64,6,333,prefix,224,9.1875,133.0,365.1948090359302,375.9713664083634,360.46956604892415,150.50898648129248
outcome-lag-64,6,333,prefix,256,10.5,152.0,395.39731755785385,410.6812069708283,390.5486560027802,159.21385340037529
outcome-lag-64,6,333,prefix,288,11.8125,171.0,422.99459838772185,442.868992345155,418.14593683264826,167.17490868950273
outcome-lag-64,6,333,prefix,320,13.125,190.0,449.43797723688436,472.69169529728384,444.5781466350171,173.37897201608305
outcome-lag-64,6,333,prefix,352,14.4375,209.0,473.985808718234,500.965022936198,468.99364976860846,179.4617572300305
outcome-lag-64,6,333,prefix,384,14.765625,218.8125,493.0967104043387,524.2790679049775,488.10455145471315,185.39952079419172
outcome-lag-64,6,333,prefix,416,14.765625,225.5625,508.2288318056056,542.391107805826,503.23667285598,189.6560420551341
outcome-lag-64,6,333,prefix,448,14.765625,232.3125,523.3877746137654,560.6753365367803,518.3956156641395,193.92964280949707
outcome-lag-64,6,333,prefix,480,14.765625,239.0625,537.572745691974,578.004687291425,532.5805867423481,198.04389619479392
outcome-lag-64,6,333,prefix,512,14.765625,245.8125,551.8934736855343,595.3701954095612,546.9013147359085,202.00463226201336
outcome-lag-64,6,333,intersection,32,1.3125,19.0,64.0,64.0,64.0,29.041525519386646
outcome-lag-64,6,333,intersection,64,2.625,38.0,128.0,128.0,128.0,64.08590667142357
outcome-lag-64,6,333,intersection,96,3.9375,57.0,191.75933871126063,190.91460827801697,190.91460827801697,93.57236050162506
outcome-lag-64,6,333,intersection,128,5.25,76.0,247.4344010289374,247.10688924619103,245.87900453913372,115.16891013463005
outcome-lag-64,6,333,intersection,160,6.5625,95.0,292.9804647768473,295.9044353791332,290.1765499511533,129.75688808810872
outcome-lag-64,6,333,intersection,192,7.875,114.0,331.5585739820919,338.0484137595126,327.3707248015347,140.91021086702315
outcome-lag-64,6,333,intersection,224,9.1875,133.0,365.1948090359302,375.9713664083634,360.46956604892415,150.50898648129248
outcome-lag-64,6,333,intersection,256,10.5,152.0,395.39731755785385,410.6812069708283,390.5486560027802,159.21385340037529
outcome-lag-64,6,333,intersection,288,11.8125,171.0,422.99459838772185,442.868992345155,418.14593683264826,167.17490868950273
outcome-lag-64,6,333,intersection,320,12.38671875,183.109375,445.7600589208388,469.00183871181895,440.9113973657652,172.96541236164472
outcome-lag-64,6,333,intersection,352,12.38671875,189.859375,463.31928645642085,490.4063484879627,458.47062490134726,178.47637443539554
outcome-lag-64,6,333,intersection,384,12.38671875,196.609375,481.946585751389,513.2270656828587,477.09792419631543,184.3585824440012
outcome-lag-64,6,333,intersection,416,12.38671875,203.359375,497.0787071526559,531.3391055837071,492.2300455975823,188.61510370494358
outcome-lag-64,6,333,intersection,448,12.38671875,210.109375,512.2376499608154,549.6233343146614,507.38898840574177,192.88870445930655
outcome-lag-64,6,333,intersection,480,12.38671875,216.859375,526.422621039024,566.9526850693061,521.5739594839504,197.0029578446034
outcome-lag-64,6,333,intersection,512,12.38671875,223.609375,540.7433490325843,584.3181931874424,535.8946874775107,200.96369391182284
outcome-lag-64,6,333,completed,32,1.3125,19.0,64.0,64.0,64.0,29.041525519386646
outcome-lag-64,6,333,completed,64,5.578125,33.84375,121.0,121.0,121.0,60.79035564387766
outcome-lag-64,6,333,completed,96,8.15625,51.0625,181.75933871126063,180.91460827801697,180.91460827801697,87.83235146199343
outcome-lag-64,6,333,completed,128,9.46875,70.0625,237.53542748703202,237.34256774138578,236.21570949242312,108.5108492901254
outcome-lag-64,6,333,completed,160,10.78125,89.0625,284.7387159490947,287.3029405477141,281.97380687569637,123.6427348526681
outcome-lag-64,6,333,completed,192,11.970703125,106.9140625,323.63527494251395,329.63842574320086,319.3278904631289,135.0178736028613
outcome-lag-64,6,333,completed,224,12.708984375,120.5546875,352.23862758083214,362.9198187202044,347.7542707278447,144.1115539463642
outcome-lag-64,6,333,completed,256,13.775390625,137.2578125,382.26562292400223,397.7784372454698,377.7635978892081,152.8834182759391
outcome-lag-64,6,333,completed,288,15.087890625,156.2578125,410.4751239352666,430.7228668676288,405.97309890047245,161.098437457629
outcome-lag-64,6,333,completed,320,15.826171875,169.8984375,433.72187155149487,457.3512147447554,429.2198465167008,166.9594812532106
outcome-lag-64,6,333,completed,352,17.056640625,188.1328125,458.42300793579403,485.9384326400894,453.8800151200877,173.16811578856917
outcome-lag-64,6,333,completed,384,17.8359375,202.15625,479.7510200703427,511.60079947686876,475.20802725463636,179.4285029963509
outcome-lag-64,6,333,completed,416,18.451171875,214.6484375,499.3437684613749,534.3228657943675,494.7992925844629,184.08975464226066
outcome-lag-64,6,333,completed,448,19.39453125,230.203125,518.301574331333,556.4850316043455,513.7570984544209,188.61109360235963
outcome-lag-64,6,333,completed,480,19.927734375,241.9296875,533.9111560107051,575.287191771198,529.366680133793,192.8346060833789
outcome-lag-64,6,333,completed,512,20.7890625,256.71875,551.8246464200217,596.3201272029492,547.2798703616463,196.97435514203636
outcome-lag-64,6,333,plugin,32,2.697265625,6.1015625,47.0,47.0,47.0,23.05365350577935
outcome-lag-64,6,333,plugin,64,3.134765625,11.6015625,95.0,95.0,95.0,52.85514039320421
outcome-lag-64,6,333,plugin,96,3.490234375,17.3359375,145.75933871126063,144.914608278017,144.914608278017,80.10801914680175
outcome-lag-64,6,333,plugin,128,3.490234375,24.0859375,194.27482423868196,193.52159311544463,193.13413161813185,101.63472770950172
outcome-lag-64,6,333,plugin,160,3.490234375,30.8359375,227.64063094280513,230.66654723691695,226.49993832225502,115.3119617573536
outcome-lag-64,6,333,plugin,192,3.490234375,37.5859375,254.2997572851599,262.3252660607247,253.1590646646098,125.70442922920506
outcome-lag-64,6,333,plugin,224,3.490234375,44.3359375,278.30966808437404,291.2132110715199,277.1689754638239,134.50660607672765
outcome-lag-64,6,333,plugin,256,3.490234375,51.0859375,302.2815733003351,319.8620664349763,301.14088067978497,142.67737399603723
outcome-lag-64,6,333,plugin,288,3.490234375,57.8359375,325.2971994846318,347.2673847962024,324.1565068640817,150.1328881572701
outcome-lag-64,6,333,plugin,320,3.490234375,64.5859375,342.9010146746318,368.06393658182003,341.7603220540817,155.28431283826959
outcome-lag-64,6,333,plugin,352,3.490234375,71.3359375,360.67285734392806,389.74710944537924,359.53216472337795,160.91619810545834
outcome-lag-64,6,333,plugin,384,3.490234375,78.0859375,379.53252270864954,412.8829791261672,378.3918300880994,166.9401267693161
outcome-lag-64,6,333,plugin,416,3.490234375,84.8359375,394.8044531923452,431.1773661548785,393.6637605717951,171.27322699063987
outcome-lag-64,6,333,plugin,448,3.490234375,91.5859375,410.10014451715597,449.639850072856,408.95945189660586,175.61797059941642
outcome-lag-64,6,333,plugin,480,3.490234375,98.3359375,424.3971621016664,467.1205869457254,423.2564694811163,179.7921941346751
outcome-lag-64,6,333,plugin,512,3.490234375,105.0859375,438.8304024932316,484.63721779463714,437.6897098726815,183.811354261564
outcome-lag-64,6,333,safe,32,14.8125,0.0,32.0,32.0,32.0,15.76007486220071
outcome-lag-64,6,333,safe,64,29.625,0.0,64.0,64.0,64.0,32.57389300973412
outcome-lag-64,6,333,safe,96,44.4375,0.0,95.75933871126063,94.91460827801701,94.91460827801701,45.75742308179495
outcome-lag-64,6,333,safe,128,59.25,0.0,120.3137689675784,119.52159311544462,119.17307634702824,54.40313770133071
outcome-lag-64,6,333,safe,160,74.0625,0.0,139.16880049187702,139.81338412939814,138.02810787132688,60.639928547764924
outcome-lag-64,6,333,safe,192,88.875,0.0,155.02766563491625,158.21147521807862,153.8869730143661,66.33540743159845
outcome-lag-64,6,333,safe,224,103.6875,0.0,169.0438331306299,175.21499746102307,167.90314051007977,71.66025531640993
outcome-lag-64,6,333,safe,256,118.5,0.0,181.72069609854455,190.33521078311242,180.5800034779944,75.91198103681316
outcome-lag-64,6,333,safe,288,133.3125,0.0,193.37646922169841,203.56121584098037,192.23577660114827,78.93133893235616
outcome-lag-64,6,333,safe,320,148.125,0.0,204.2107223037236,215.96478567150626,203.07002968317346,81.682160988263
outcome-lag-64,6,333,safe,352,162.9375,0.0,214.374667816616,228.11193426166642,213.23397519606587,84.64901514464503
outcome-lag-64,6,333,safe,384,177.75,0.0,224.01773003897597,239.46045945794486,222.87703741842583,87.22644921087479
outcome-lag-64,6,333,safe,416,192.5625,0.0,233.18812684294667,250.18048256839123,232.04743422239653,89.53430168878492
outcome-lag-64,6,333,safe,448,207.375,0.0,241.93928028750673,260.60167414417424,240.7985876669566,91.86148530476024
outcome-lag-64,6,333,safe,480,222.1875,0.0,250.3461840818212,270.76510897326926,249.20549146127107,94.21549245143765
outcome-lag-64,6,333,safe,512,237.0,0.0,258.43155458838106,280.44972473764597,257.2908619678309,96.34720076949257
outcome-lag-64,6,333,known,32,0.0,6.75,51.0,51.0,51.0,26.608083960945095
outcome-lag-64,6,333,known,64,0.0,13.5,101.0,101.0,101.0,57.86725817890714
outcome-lag-64,6,333,known,96,0.0,20.25,152.75933871126063,151.91460827801697,151.91460827801697,84.88651886675744
outcome-lag-64,6,333,known,128,0.0,27.0,200.4344010289374,200.5215931154446,199.2937084083873,105.3250422853051
outcome-lag-64,6,333,known,160,0.0,33.75,232.40953412574035,236.9967269331702,231.26884150519024,118.33975246363786
outcome-lag-64,6,333,known,192,0.0,40.5,258.3397448105464,267.87674114797414,257.1990521899963,128.3280804495603
outcome-lag-64,6,333,known,224,0.0,47.25,281.8286200379574,296.1897277768464,280.6879274174073,136.8721503637561
outcome-lag-64,6,333,known,256,0.0,54.0,305.3021021886432,324.27563424434805,304.16140956809306,144.79262621161675
outcome-lag-64,6,333,known,288,0.0,60.75,327.8905580808297,351.1623776386814,326.7498654602796,152.0030776941473
outcome-lag-64,6,333,known,320,0.0,67.5,345.27991115342746,371.6898937289624,344.13921853287735,157.03564030742135
outcome-lag-64,6,333,known,352,0.0,74.25,362.83913868900953,393.09440350510613,361.6984460684594,162.54660238117216
outcome-lag-64,6,333,known,384,0.0,81.0,381.4664379839777,415.9151207000021,380.3257453634276,168.42881038977782
outcome-lag-64,6,333,known,416,0.0,87.75,396.5985593852445,434.0271606008507,395.4578667646944,172.68533165072017
outcome-lag-64,6,333,known,448,0.0,94.5,411.757502193404,452.31138933180466,410.61680957285387,176.95893240508315
outcome-lag-64,6,333,known,480,0.0,101.25,425.9424732716125,469.64074008644985,424.8017806510624,181.07318579038
outcome-lag-64,6,333,known,512,0.0,108.0,440.2632012651733,487.0062482045862,439.12250864462317,185.03392185759944
outcome-lag-64,6,333,product,32,0.0,6.75,51.0,51.0,51.0,26.608083960945095
outcome-lag-64,6,333,product,64,0.0,13.5,101.0,101.0,101.0,57.86725817890714
outcome-lag-64,6,333,product,96,0.0,20.25,152.75933871126063,151.91460827801697,151.91460827801697,84.88651886675744
outcome-lag-64,6,333,product,128,0.0,27.0,200.4344010289374,200.5215931154446,199.2937084083873,105.3250422853051
outcome-lag-64,6,333,product,160,0.0,33.75,232.40953412574035,236.9967269331702,231.26884150519024,118.33975246363786
outcome-lag-64,6,333,product,192,0.0,40.5,258.3397448105464,267.87674114797414,257.1990521899963,128.3280804495603
outcome-lag-64,6,333,product,224,0.0,47.25,281.8286200379574,296.1897277768464,280.6879274174073,136.8721503637561
outcome-lag-64,6,333,product,256,0.0,54.0,305.3021021886432,324.27563424434805,304.16140956809306,144.79262621161675
outcome-lag-64,6,333,product,288,0.0,60.75,327.8905580808297,351.1623776386814,326.7498654602796,152.0030776941473
outcome-lag-64,6,333,product,320,0.0,67.5,345.27991115342746,371.6898937289624,344.13921853287735,157.03564030742135
outcome-lag-64,6,333,product,352,0.0,74.25,362.83913868900953,393.09440350510613,361.6984460684594,162.54660238117216
outcome-lag-64,6,333,product,384,0.0,81.0,381.4664379839777,415.9151207000021,380.3257453634276,168.42881038977782
outcome-lag-64,6,333,product,416,0.0,87.75,396.5985593852445,434.0271606008507,395.4578667646944,172.68533165072017
outcome-lag-64,6,333,product,448,0.0,94.5,411.757502193404,452.31138933180466,410.61680957285387,176.95893240508315
outcome-lag-64,6,333,product,480,0.0,101.25,425.9424732716125,469.64074008644985,424.8017806510624,181.07318579038
outcome-lag-64,6,333,product,512,0.0,108.0,440.2632012651733,487.0062482045862,439.12250864462317,185.03392185759944
single-blocker,6,333,prefix,32,1.3125,19.0,64.0,63.96821681185914,63.96821681185914,10.62556395184351
single-blocker,6,333,prefix,64,2.625,38.0,128.0,121.04745485487555,121.04745485487555,12.757244816715453
single-blocker,6,333,prefix,96,3.9375,57.0,192.0,167.73368453341422,167.73368453341422,13.975717848967356
single-blocker,6,333,prefix,128,5.25,76.0,256.0,206.2727844016029,206.2727844016029,14.807501117520793
single-blocker,6,333,prefix,160,6.5625,95.0,320.0,241.24919169520894,241.24919169520894,15.502597506420393
single-blocker,6,333,prefix,192,7.875,114.0,384.0,272.8058766744415,272.8058766744415,16.06862688418803
single-blocker,6,333,prefix,224,9.1875,133.0,448.0,301.60107525523824,301.60107525523824,16.53964843040307
single-blocker,6,333,prefix,256,10.5,152.0,512.0,328.00143345340564,328.00143345340564,16.93503298518881
single-blocker,6,333,prefix,288,11.8125,171.0,576.0,352.5708835362196,352.5708835362196,17.277752982803577
single-blocker,6,333,prefix,320,13.125,190.0,640.0,376.51824840615086,376.51824840615086,17.606478227186162
single-blocker,6,333,prefix,352,14.4375,209.0,704.0,398.9976390131161,398.9976390131161,17.89532640918468
single-blocker,6,333,prefix,384,15.75,228.0,768.0,420.07601316874843,420.07601316874843,18.148404933156463
single-blocker,6,333,prefix,416,17.0625,247.0,832.0,440.81516785038735,440.81516785038735,18.39542974688309
single-blocker,6,333,prefix,448,18.375,266.0,896.0,460.60299182399575,460.60299182399575,18.61991701139168
single-blocker,6,333,prefix,480,19.6875,285.0,960.0,479.74622537658234,479.74622537658234,18.83026369618386
single-blocker,6,333,prefix,512,21.0,304.0,1024.0,498.1266957430249,498.1266957430249,19.023929548208738
single-blocker,6,333,intersection,32,1.3125,19.0,64.0,63.96821681185914,63.96821681185914,10.62556395184351
single-blocker,6,333,intersection,64,2.625,38.0,128.0,121.04745485487555,121.04745485487555,12.757244816715453
single-blocker,6,333,intersection,96,3.9375,57.0,192.0,167.73368453341422,167.73368453341422,13.975717848967356
single-blocker,6,333,intersection,128,5.25,76.0,256.0,206.2727844016029,206.2727844016029,14.807501117520793
single-blocker,6,333,intersection,160,6.5625,95.0,320.0,241.24919169520894,241.24919169520894,15.502597506420393
single-blocker,6,333,intersection,192,7.875,114.0,384.0,272.8058766744415,272.8058766744415,16.06862688418803
single-blocker,6,333,intersection,224,9.1875,133.0,448.0,301.60107525523824,301.60107525523824,16.53964843040307
single-blocker,6,333,intersection,256,10.5,152.0,512.0,328.00143345340564,328.00143345340564,16.93503298518881
single-blocker,6,333,intersection,288,11.8125,171.0,576.0,352.5708835362196,352.5708835362196,17.277752982803577
single-blocker,6,333,intersection,320,12.6328125,185.40625,635.0,374.14800488180623,374.14800488180623,17.56710326551713
single-blocker,6,333,intersection,352,12.6328125,192.15625,685.0,390.22774707327227,390.22774707327227,17.753297754590346
single-blocker,6,333,intersection,384,12.6328125,198.90625,740.0,407.3585054544646,407.3585054544646,17.945546949492506
single-blocker,6,333,intersection,416,12.6328125,205.65625,788.0,421.3612780784446,421.3612780784446,18.09280093356619
single-blocker,6,333,intersection,448,12.6328125,212.40625,838.0,435.5165791128317,435.5165791128317,18.237473991362346
single-blocker,6,333,intersection,480,12.6328125,219.15625,887.0,448.8630349384634,448.8630349384634,18.368832447645687
single-blocker,6,333,intersection,512,12.6328125,225.90625,938.0,462.39772590048847,462.39772590048847,18.49875135875388
single-blocker,6,333,completed,32,1.3125,19.0,64.0,63.96821681185914,63.96821681185914,10.62556395184351
single-blocker,6,333,completed,64,2.625,38.0,128.0,121.04745485487555,121.04745485487555,12.757244816715453
single-blocker,6,333,completed,96,3.9375,57.0,192.0,167.73368453341422,167.73368453341422,13.975717848967356
single-blocker,6,333,completed,128,5.25,76.0,256.0,206.2727844016029,206.2727844016029,14.807501117520793
single-blocker,6,333,completed,160,6.5625,95.0,320.0,241.24919169520894,241.24919169520894,15.502597506420393
single-blocker,6,333,completed,192,7.875,114.0,384.0,272.8058766744415,272.8058766744415,16.06862688418803
single-blocker,6,333,completed,224,9.1875,133.0,448.0,301.60107525523824,301.60107525523824,16.53964843040307
single-blocker,6,333,completed,256,10.5,152.0,512.0,328.00143345340564,328.00143345340564,16.93503298518881
single-blocker,6,333,completed,288,11.8125,171.0,576.0,352.5708835362196,352.5708835362196,17.277752982803577
single-blocker,6,333,completed,320,12.55078125,184.640625,634.0,373.6681830967269,373.6681830967269,17.559038749388098
single-blocker,6,333,completed,352,12.55078125,191.390625,684.0,389.74792528819296,389.74792528819296,17.745233238461314
single-blocker,6,333,completed,384,12.55078125,198.140625,739.0,406.8786836693853,406.8786836693853,17.937482433363474
single-blocker,6,333,completed,416,12.55078125,204.890625,787.0,420.8814562933654,420.8814562933654,18.084736417437156
single-blocker,6,333,completed,448,12.55078125,211.640625,837.0,435.03675732775247,435.03675732775247,18.229409475233314
single-blocker,6,333,completed,480,12.55078125,218.390625,886.0,448.38321315338413,448.38321315338413,18.360767931516655
single-blocker,6,333,completed,512,12.55078125,225.140625,937.0,461.9179041154092,461.9179041154092,18.490686842624847
single-blocker,6,333,plugin,32,0.205078125,8.6640625,54.0,53.96821681185914,53.96821681185914,9.022353273632833
single-blocker,6,333,plugin,64,0.205078125,15.4140625,104.0,97.04745485487554,97.04745485487554,10.40282510050041
single-blocker,6,333,plugin,96,0.205078125,22.1640625,156.0,132.34141900641316,132.34141900641316,11.247815835672009
single-blocker,6,333,plugin,128,0.205078125,28.9140625,212.0,164.2381662770823,164.2381662770823,11.89081387153469
single-blocker,6,333,plugin,160,0.205078125,35.6640625,261.0,188.185852421029,188.185852421029,12.306333650845701
single-blocker,6,333,plugin,192,0.205078125,42.4140625,309.0,209.41233134497583,209.41233134497583,12.641126345911124
single-blocker,6,333,plugin,224,0.205078125,49.1640625,358.0,229.4753409650893,229.4753409650893,12.935219251348142
single-blocker,6,333,plugin,256,0.205078125,55.9140625,411.0,249.92379415139948,249.92379415139948,13.218241818017459
single-blocker,6,333,plugin,288,0.205078125,62.6640625,466.0,269.8594250493067,269.8594250493067,13.477580804122011
single-blocker,6,333,plugin,320,0.205078125,69.4140625,513.0,285.5423769188041,285.5423769188041,13.665579196612487
single-blocker,6,333,plugin,352,0.205078125,76.1640625,563.0,301.62211911027015,301.62211911027015,13.851773685685703
single-blocker,6,333,plugin,384,0.205078125,82.9140625,618.0,318.75287749146247,318.75287749146247,14.044022880587868
single-blocker,6,333,plugin,416,0.205078125,89.6640625,666.0,332.7556501154425,332.7556501154425,14.191276864661557
single-blocker,6,333,plugin,448,0.205078125,96.4140625,716.0,346.9109511498296,346.9109511498296,14.335949922457722
single-blocker,6,333,plugin,480,0.205078125,103.1640625,765.0,360.25740697546127,360.25740697546127,14.467308378741055
single-blocker,6,333,plugin,512,0.205078125,109.9140625,816.0,373.79209793748635,373.79209793748635,14.597227289849243
single-blocker,6,333,safe,32,14.8125,0.0,32.0,31.968216811859147,31.968216811859147,4.02724519543652
single-blocker,6,333,safe,64,29.625,0.0,64.0,57.42435623340214,57.42435623340214,4.7282659037057675
single-blocker,6,333,safe,96,44.4375,0.0,96.0,76.78319682780861,76.78319682780861,5.136346480888775
single-blocker,6,333,safe,128,59.25,0.0,128.0,93.03345515740088,93.03345515740088,5.425334592589174
single-blocker,6,333,safe,160,74.0625,0.0,160.0,107.31238195727079,107.31238195727079,5.649261224939744
single-blocker,6,333,safe,192,88.875,0.0,192.0,120.1978375468853,120.1978375468853,5.832104609707439
single-blocker,6,333,safe,224,103.6875,0.0,224.0,132.0310352083931,132.0310352083931,5.986627913082163
single-blocker,6,333,safe,256,118.5,0.0,256.0,143.03333360981438,143.03333360981438,6.120438712817281
single-blocker,6,333,safe,288,133.3125,0.0,288.0,153.35798108855585,153.35798108855585,6.238439029233648
single-blocker,6,333,safe,320,148.125,0.0,320.0,163.1162631808352,163.1162631808352,6.343973346894013
single-blocker,6,333,safe,352,162.9375,0.0,352.0,172.39200998111025,172.39200998111025,6.43942571339101
single-blocker,6,333,safe,384,177.75,0.0,384.0,181.25023096678382,181.25023096678382,6.5265555690159704
single-blocker,6,333,safe,416,192.5625,0.0,416.0,189.74254455085054,189.74254455085054,6.6066985205464555
single-blocker,6,333,safe,448,207.375,0.0,448.0,197.91074640079475,197.91074640079475,6.680892410683006
single-blocker,6,333,safe,480,222.1875,0.0,480.0,205.78924141297622,205.78924141297622,6.7499597404471405
single-blocker,6,333,safe,512,237.0,0.0,512.0,213.40675252840046,213.40675252840046,6.81456340954972
single-blocker,6,333,known,32,0.0,6.75,51.0,50.96821681185914,50.96821681185914,7.522353273632831
single-blocker,6,333,known,64,0.0,13.5,101.0,94.04745485487553,94.04745485487553,8.902825100500406
single-blocker,6,333,known,96,0.0,20.25,153.0,129.34141900641313,129.34141900641313,9.747815835672005
single-blocker,6,333,known,128,0.0,27.0,209.0,161.23816627708226,161.23816627708226,10.390813871534686
single-blocker,6,333,known,160,0.0,33.75,258.0,185.18585242102895,185.18585242102895,10.806333650845698
single-blocker,6,333,known,192,0.0,40.5,306.0,206.41233134497577,206.41233134497577,11.14112634591112
single-blocker,6,333,known,224,0.0,47.25,355.0,226.47534096508923,226.47534096508923,11.435219251348139
single-blocker,6,333,known,256,0.0,54.0,408.0,246.92379415139942,246.92379415139942,11.718241818017455
single-blocker,6,333,known,288,0.0,60.75,463.0,266.85942504930665,266.85942504930665,11.977580804122008
single-blocker,6,333,known,320,0.0,67.5,510.0,282.54237691880405,282.54237691880405,12.165579196612484
single-blocker,6,333,known,352,0.0,74.25,560.0,298.6221191102701,298.6221191102701,12.3517736856857
single-blocker,6,333,known,384,0.0,81.0,615.0,315.7528774914624,315.7528774914624,12.544022880587864
single-blocker,6,333,known,416,0.0,87.75,663.0,329.7556501154425,329.7556501154425,12.691276864661553
single-blocker,6,333,known,448,0.0,94.5,713.0,343.9109511498296,343.9109511498296,12.835949922457718
single-blocker,6,333,known,480,0.0,101.25,762.0,357.25740697546127,357.25740697546127,12.967308378741052
single-blocker,6,333,known,512,0.0,108.0,813.0,370.79209793748635,370.79209793748635,13.09722728984924
single-blocker,6,333,product,32,0.0,6.75,51.0,50.96821681185914,50.96821681185914,7.522353273632831
single-blocker,6,333,product,64,0.0,13.5,101.0,94.04745485487553,94.04745485487553,8.902825100500406
single-blocker,6,333,product,96,0.0,20.25,153.0,129.34141900641313,129.34141900641313,9.747815835672005
single-blocker,6,333,product,128,0.0,27.0,209.0,161.23816627708226,161.23816627708226,10.390813871534686
single-blocker,6,333,product,160,0.0,33.75,258.0,185.18585242102895,185.18585242102895,10.806333650845698
single-blocker,6,333,product,192,0.0,40.5,306.0,206.41233134497577,206.41233134497577,11.14112634591112
single-blocker,6,333,product,224,0.0,47.25,355.0,226.47534096508923,226.47534096508923,11.435219251348139
single-blocker,6,333,product,256,0.0,54.0,408.0,246.92379415139942,246.92379415139942,11.718241818017455
single-blocker,6,333,product,288,0.0,60.75,463.0,266.85942504930665,266.85942504930665,11.977580804122008
single-blocker,6,333,product,320,0.0,67.5,510.0,282.54237691880405,282.54237691880405,12.165579196612484
single-blocker,6,333,product,352,0.0,74.25,560.0,298.6221191102701,298.6221191102701,12.3517736856857
single-blocker,6,333,product,384,0.0,81.0,615.0,315.7528774914624,315.7528774914624,12.544022880587864
single-blocker,6,333,product,416,0.0,87.75,663.0,329.7556501154425,329.7556501154425,12.691276864661553
single-blocker,6,333,product,448,0.0,94.5,713.0,343.9109511498296,343.9109511498296,12.835949922457718
single-blocker,6,333,product,480,0.0,101.25,762.0,357.25740697546127,357.25740697546127,12.967308378741052
single-blocker,6,333,product,512,0.0,108.0,813.0,370.79209793748635,370.79209793748635,13.09722728984924
outcome-lag-64,8,333,prefix,32,0.0,15.5,64.0,64.0,64.0,29.509012435028666
outcome-lag-64,8,333,prefix,64,0.0,31.0,128.0,128.0,128.0,65.26490104257397
outcome-lag-64,8,333,prefix,96,0.0,46.5,191.7242094931297,190.2555258426483,190.2555258426483,98.1382029023643
outcome-lag-64,8,333,prefix,128,0.0,62.0,247.4127289127487,246.37828126311408,245.21550974149065,121.10460533925561
outcome-lag-64,8,333,prefix,160,0.0,77.5,292.5482614094626,296.6071777558073,290.3510422382045,138.78471782049456
outcome-lag-64,8,333,prefix,192,0.0,93.0,330.3934661756333,340.6417841962054,328.1962470043752,152.55177395963244
outcome-lag-64,8,333,prefix,224,0.0,108.5,363.89081680619074,380.1434762092118,361.69359763493264,164.1103655974897
outcome-lag-64,8,333,prefix,256,0.0,124.0,394.7859063371419,417.3788652216298,392.5886871658838,174.78284685396298
outcome-lag-64,8,333,prefix,288,0.0,139.5,423.18806684288245,452.0421688462576,420.99084767162435,184.65518460847406
outcome-lag-64,8,333,prefix,320,0.0,155.0,449.5869150928038,483.67291189864653,447.3896959215457,192.86652847870067
outcome-lag-64,8,333,prefix,352,0.0,170.5,474.01491744412755,512.7107041048862,471.81769827286945,199.8674530227043
outcome-lag-64,8,333,prefix,384,0.0,186.0,496.9636630434178,540.0525520865378,494.7664438721597,206.30895365207218
outcome-lag-64,8,333,prefix,416,0.0,201.5,519.0407120768372,566.5104513617107,516.8434929055792,212.49351155906422
outcome-lag-64,8,333,prefix,448,0.0,217.0,540.222637389646,591.7401825989266,538.025418218388,218.14624448307663
outcome-lag-64,8,333,prefix,480,0.0,232.5,560.4613101140982,616.1440728101971,558.2640909428402,223.73449460408182
outcome-lag-64,8,333,prefix,512,0.0,248.0,580.2049849796001,640.168955499552,578.0077658083421,229.30991568857013
outcome-lag-64,8,333,intersection,32,0.0,15.5,64.0,64.0,64.0,29.509012435028666
outcome-lag-64,8,333,intersection,64,0.0,31.0,128.0,128.0,128.0,65.26490104257397
outcome-lag-64,8,333,intersection,96,0.0,46.5,191.7242094931297,190.2555258426483,190.2555258426483,98.1382029023643
outcome-lag-64,8,333,intersection,128,0.0,62.0,247.4127289127487,246.37828126311408,245.21550974149065,121.10460533925561
outcome-lag-64,8,333,intersection,160,0.0,77.5,292.5482614094626,296.6071777558073,290.3510422382045,138.78471782049456
outcome-lag-64,8,333,intersection,192,0.0,93.0,330.3934661756333,340.6417841962054,328.1962470043752,152.55177395963244
outcome-lag-64,8,333,intersection,224,0.0,108.5,363.89081680619074,380.1434762092118,361.69359763493264,164.1103655974897
outcome-lag-64,8,333,intersection,256,0.0,124.0,394.7859063371419,417.3788652216298,392.5886871658838,174.78284685396298
outcome-lag-64,8,333,intersection,288,0.0,139.5,423.18806684288245,452.0421688462576,420.99084767162435,184.65518460847406
outcome-lag-64,8,333,intersection,320,0.0,155.0,449.5869150928038,483.67291189864653,447.3896959215457,192.86652847870067
outcome-lag-64,8,333,intersection,352,0.0,170.5,474.01491744412755,512.7107041048862,471.81769827286945,199.8674530227043
outcome-lag-64,8,333,intersection,384,0.0,186.0,496.9636630434178,540.0525520865378,494.7664438721597,206.30895365207218
outcome-lag-64,8,333,intersection,416,0.0,201.5,519.0407120768372,566.5104513617107,516.8434929055792,212.49351155906422
outcome-lag-64,8,333,intersection,448,0.0,217.0,540.222637389646,591.7401825989266,538.025418218388,218.14624448307663
outcome-lag-64,8,333,intersection,480,0.0,232.5,560.4613101140982,616.1440728101971,558.2640909428402,223.73449460408182
outcome-lag-64,8,333,intersection,512,0.0,248.0,580.2049849796001,640.168955499552,578.0077658083421,229.30991568857013
outcome-lag-64,8,333,completed,32,0.0,15.5,64.0,64.0,64.0,29.509012435028666
outcome-lag-64,8,333,completed,64,6.703125,25.1875,116.0,116.0,116.0,57.013299805303234
outcome-lag-64,8,333,completed,96,15.640625,32.9375,163.7242094931297,162.2555258426483,162.2555258426483,76.50831076811819
outcome-lag-64,8,333,completed,128,15.640625,48.4375,219.82733120192114,218.41459187067093,217.6301120306631,95.60950473002447
outcome-lag-64,8,333,completed,160,15.640625,63.9375,268.8799993247854,271.0629933967727,266.68278015352735,114.6447488365751
outcome-lag-64,8,333,completed,192,15.640625,79.4375,310.2052891482368,318.22893654665717,308.00806997697873,130.10821046202423
outcome-lag-64,8,333,completed,224,15.640625,94.9375,345.9882790127214,360.22631464473017,343.7910598414634,142.93599048849424
outcome-lag-64,8,333,completed,256,15.640625,110.4375,378.45713914327166,399.31071728057054,376.2599199720136,154.49563086100767
outcome-lag-64,8,333,completed,288,15.640625,125.9375,408.07427712190486,435.4234653617886,405.8770579506468,165.03110129398272
outcome-lag-64,8,333,completed,320,15.640625,141.4375,435.430009316674,468.17658032738706,433.23279014541595,173.7065747071888
outcome-lag-64,8,333,completed,352,15.640625,156.9375,460.64668739294655,498.1629272402553,458.4494682216885,181.0832000865928
outcome-lag-64,8,333,completed,384,15.640625,172.4375,484.26820233777573,526.3474049645172,482.0709831665177,187.8670306635703
outcome-lag-64,8,333,completed,416,15.640625,187.9375,506.91218045613437,553.5518138747553,504.7149612848763,194.36627642476483
outcome-lag-64,8,333,completed,448,15.640625,203.4375,528.5819788324235,579.3963969530204,526.3847596611654,200.252619797307
outcome-lag-64,8,333,completed,480,15.640625,218.9375,549.2487010245305,604.3420503301371,547.0514818532724,206.0397300624262
outcome-lag-64,8,333,completed,512,15.640625,234.4375,569.3648403427713,628.8591139736794,567.1676211715132,211.805041339646
outcome-lag-64,8,333,plugin,32,2.87109375,8.984375,52.0,52.0,52.0,22.166529591075232
outcome-lag-64,8,333,plugin,64,6.37109375,14.484375,101.0,101.0,101.0,48.545516274099114
outcome-lag-64,8,333,plugin,96,7.041015625,28.0703125,161.7242094931297,160.25552584264827,160.25552584264827,77.47293480405291
outcome-lag-64,8,333,plugin,128,7.615234375,41.9296875,215.71327475614066,214.45850734639836,213.51605558488262,102.8171320540999
outcome-lag-64,8,333,plugin,160,8.380859375,55.2421875,257.3604542895488,260.4376028956689,255.16323511829077,119.89657086729105
outcome-lag-64,8,333,plugin,192,8.380859375,70.7421875,297.9565508597671,306.35761442371603,295.7593316885091,134.24720469110952
outcome-lag-64,8,333,plugin,224,8.380859375,86.2421875,334.97200457272334,349.04960023278664,332.7694217176277,146.95812544373803
outcome-lag-64,8,333,plugin,256,8.380859375,101.7421875,369.60635640786325,390.1650769639481,367.40377355276763,159.3704840986262
outcome-lag-64,8,333,plugin,288,8.380859375,117.2421875,400.7362322777591,427.7684559603898,398.5336494226635,170.64662753168656
outcome-lag-64,8,333,plugin,320,8.380859375,132.7421875,429.13984943573917,461.4304078710788,426.93726658064355,179.66140449689746
outcome-lag-64,8,333,plugin,352,8.380859375,148.2421875,454.805668983976,491.81775127322567,452.60308612888036,187.1534509069436
outcome-lag-64,8,333,plugin,384,8.380859375,163.7421875,478.6205870489021,520.2287921794772,476.4180041938065,194.01303504085791
outcome-lag-64,8,333,plugin,416,8.380859375,179.2421875,501.5994193913321,547.7920661925949,499.3968365362365,200.5996833971266
outcome-lag-64,8,333,plugin,448,8.380859375,194.7421875,523.633474017903,574.033654368089,521.4308911628075,206.61097798320878
outcome-lag-64,8,333,plugin,480,8.380859375,210.2421875,544.5803162631049,599.3047664057927,542.3777334080094,212.5219993967168
outcome-lag-64,8,333,plugin,512,8.380859375,225.7421875,565.0699772459252,624.2847449800577,562.8673943908296,218.45384594848008
outcome-lag-64,8,333,safe,32,17.875,0.0,32.0,32.0,32.0,14.19815074769639
outcome-lag-64,8,333,safe,64,35.75,0.0,64.0,64.0,64.0,29.08320453052265
outcome-lag-64,8,333,safe,96,53.625,0.0,95.7242094931297,94.25552584264824,94.25552584264824,40.94432184183728
outcome-lag-64,8,333,safe,128,71.5,0.0,120.11355506915741,118.55286220316073,117.91633589789922,49.28038798445788
outcome-lag-64,8,333,safe,160,89.375,0.0,138.876060962839,139.8589272859432,136.67884179158082,56.53145289972106
outcome-lag-64,8,333,safe,192,107.25,0.0,154.7776388964538,157.81817069412392,152.5804197251956,61.78808410305501
outcome-lag-64,8,333,safe,224,125.125,0.0,168.755450649151,173.35441357508986,166.5582314778928,65.64565262588786
outcome-lag-64,8,333,safe,256,143.0,0.0,181.4049505090869,188.08647836498076,179.2077313378287,69.50922981409265
outcome-lag-64,8,333,safe,288,160.875,0.0,193.04449725692712,202.16706278298145,190.84727808566893,73.3831670697683
outcome-lag-64,8,333,safe,320,178.75,0.0,203.8980692150507,215.41064267329176,201.7008500437925,76.97399918545963
outcome-lag-64,8,333,safe,352,196.625,0.0,214.08794797877772,227.5825463874516,211.89072880751954,79.96560846584138
outcome-lag-64,8,333,safe,384,214.5,0.0,223.72832226647924,238.7792052372324,221.53110309522106,82.39117618557351
outcome-lag-64,8,333,safe,416,232.375,0.0,232.89513948423297,249.303997862511,230.6979203129748,84.50379817831583
outcome-lag-64,8,333,safe,448,250.25,0.0,241.64649734716252,259.676463725011,239.44927817590434,86.78225608100793
outcome-lag-64,8,333,safe,480,268.125,0.0,250.0473782700425,269.9327116597702,247.8501590987843,89.2290763333498
outcome-lag-64,8,333,safe,512,286.0,0.0,258.13405467097635,279.738106052557,255.93683549971817,91.48156327981488
outcome-lag-64,8,333,known,32,0.0,15.5,64.0,64.0,64.0,29.509012435028666
outcome-lag-64,8,333,known,64,0.0,31.0,128.0,128.0,128.0,65.26490104257397
outcome-lag-64,8,333,known,96,0.0,46.5,191.7242094931297,190.2555258426483,190.2555258426483,98.1382029023643
outcome-lag-64,8,333,known,128,0.0,62.0,247.4127289127487,246.37828126311408,245.21550974149065,121.10460533925561
outcome-lag-64,8,333,known,160,0.0,77.5,292.5482614094626,296.6071777558073,290.3510422382045,138.78471782049456
outcome-lag-64,8,333,known,192,0.0,93.0,330.3934661756333,340.6417841962054,328.1962470043752,152.55177395963244
outcome-lag-64,8,333,known,224,0.0,108.5,363.89081680619074,380.1434762092118,361.69359763493264,164.1103655974897
outcome-lag-64,8,333,known,256,0.0,124.0,394.7859063371419,417.3788652216298,392.5886871658838,174.78284685396298
outcome-lag-64,8,333,known,288,0.0,139.5,423.18806684288245,452.0421688462576,420.99084767162435,184.65518460847406
outcome-lag-64,8,333,known,320,0.0,155.0,449.5869150928038,483.67291189864653,447.3896959215457,192.86652847870067
outcome-lag-64,8,333,known,352,0.0,170.5,474.01491744412755,512.7107041048862,471.81769827286945,199.8674530227043
outcome-lag-64,8,333,known,384,0.0,186.0,496.9636630434178,540.0525520865378,494.7664438721597,206.30895365207218
outcome-lag-64,8,333,known,416,0.0,201.5,519.0407120768372,566.5104513617107,516.8434929055792,212.49351155906422
outcome-lag-64,8,333,known,448,0.0,217.0,540.222637389646,591.7401825989266,538.025418218388,218.14624448307663
outcome-lag-64,8,333,known,480,0.0,232.5,560.4613101140982,616.1440728101971,558.2640909428402,223.73449460408182
outcome-lag-64,8,333,known,512,0.0,248.0,580.2049849796001,640.168955499552,578.0077658083421,229.30991568857013
outcome-lag-64,8,333,product,32,0.0,15.5,64.0,64.0,64.0,29.509012435028666
outcome-lag-64,8,333,product,64,0.0,31.0,128.0,128.0,128.0,65.26490104257397
outcome-lag-64,8,333,product,96,0.0,46.5,191.7242094931297,190.2555258426483,190.2555258426483,98.1382029023643
outcome-lag-64,8,333,product,128,0.0,62.0,247.4127289127487,246.37828126311408,245.21550974149065,121.10460533925561
outcome-lag-64,8,333,product,160,0.0,77.5,292.5482614094626,296.6071777558073,290.3510422382045,138.78471782049456
outcome-lag-64,8,333,product,192,0.0,93.0,330.3934661756333,340.6417841962054,328.1962470043752,152.55177395963244
outcome-lag-64,8,333,product,224,0.0,108.5,363.89081680619074,380.1434762092118,361.69359763493264,164.1103655974897
outcome-lag-64,8,333,product,256,0.0,124.0,394.7859063371419,417.3788652216298,392.5886871658838,174.78284685396298
outcome-lag-64,8,333,product,288,0.0,139.5,423.18806684288245,452.0421688462576,420.99084767162435,184.65518460847406
outcome-lag-64,8,333,product,320,0.0,155.0,449.5869150928038,483.67291189864653,447.3896959215457,192.86652847870067
outcome-lag-64,8,333,product,352,0.0,170.5,474.01491744412755,512.7107041048862,471.81769827286945,199.8674530227043
outcome-lag-64,8,333,product,384,0.0,186.0,496.9636630434178,540.0525520865378,494.7664438721597,206.30895365207218
outcome-lag-64,8,333,product,416,0.0,201.5,519.0407120768372,566.5104513617107,516.8434929055792,212.49351155906422
outcome-lag-64,8,333,product,448,0.0,217.0,540.222637389646,591.7401825989266,538.025418218388,218.14624448307663
outcome-lag-64,8,333,product,480,0.0,232.5,560.4613101140982,616.1440728101971,558.2640909428402,223.73449460408182
outcome-lag-64,8,333,product,512,0.0,248.0,580.2049849796001,640.168955499552,578.0077658083421,229.30991568857013
single-blocker,8,333,prefix,32,0.0,15.5,64.0,63.96821681185914,63.96821681185914,10.646931473211032
single-blocker,8,333,prefix,64,0.0,31.0,128.0,121.04745485487555,121.04745485487555,12.757244816715453
single-blocker,8,333,prefix,96,0.0,46.5,192.0,166.9607716433495,166.9607716433495,13.934426884285944
single-blocker,8,333,prefix,128,0.0,62.0,256.0,207.08984996602038,207.08984996602038,14.845503404608897
single-blocker,8,333,prefix,160,0.0,77.5,320.0,241.5199350184814,241.5199350184814,15.513873609534283
single-blocker,8,333,prefix,192,0.0,93.0,384.0,272.32429044751706,272.32429044751706,16.050270409817976
single-blocker,8,333,prefix,224,0.0,108.5,448.0,300.72580952317134,300.72580952317134,16.508689110323203
single-blocker,8,333,prefix,256,0.0,124.0,512.0,327.70525590602426,327.70525590602426,16.925227737231427
single-blocker,8,333,prefix,288,0.0,139.5,576.0,352.85772273448737,352.85772273448737,17.286728695578194
single-blocker,8,333,prefix,320,0.0,155.0,640.0,376.5992727506588,376.5992727506588,17.608879529587448
single-blocker,8,333,prefix,352,0.0,170.5,704.0,398.92040197780705,398.92040197780705,17.893141094499345
single-blocker,8,333,prefix,384,0.0,186.0,768.0,420.0760131687478,420.0760131687478,18.14840493315643
single-blocker,8,333,prefix,416,0.0,201.5,832.0,440.5905117546827,440.5905117546827,18.389562150910532
single-blocker,8,333,prefix,448,0.0,217.0,896.0,460.3925683071925,460.3925683071925,18.614620390217095
single-blocker,8,333,prefix,480,0.0,232.5,960.0,479.4158153994048,479.4158153994048,18.822227392164056
single-blocker,8,333,prefix,512,0.0,248.0,1024.0,498.0655395146906,498.0655395146906,19.02248990258302
single-blocker,8,333,intersection,32,0.0,15.5,64.0,63.96821681185914,63.96821681185914,10.646931473211032
single-blocker,8,333,intersection,64,0.0,31.0,128.0,121.04745485487555,121.04745485487555,12.757244816715453
single-blocker,8,333,intersection,96,0.0,46.5,192.0,166.9607716433495,166.9607716433495,13.934426884285944
single-blocker,8,333,intersection,128,0.0,62.0,256.0,207.08984996602038,207.08984996602038,14.845503404608897
single-blocker,8,333,intersection,160,0.0,77.5,320.0,241.5199350184814,241.5199350184814,15.513873609534283
single-blocker,8,333,intersection,192,0.0,93.0,384.0,272.32429044751706,272.32429044751706,16.050270409817976
single-blocker,8,333,intersection,224,0.0,108.5,448.0,300.72580952317134,300.72580952317134,16.508689110323203
single-blocker,8,333,intersection,256,0.0,124.0,512.0,327.70525590602426,327.70525590602426,16.925227737231427
single-blocker,8,333,intersection,288,0.0,139.5,576.0,352.85772273448737,352.85772273448737,17.286728695578194
single-blocker,8,333,intersection,320,0.0,155.0,640.0,376.5992727506588,376.5992727506588,17.608879529587448
single-blocker,8,333,intersection,352,0.0,170.5,704.0,398.92040197780705,398.92040197780705,17.893141094499345
single-blocker,8,333,intersection,384,0.0,186.0,768.0,420.0760131687478,420.0760131687478,18.14840493315643
single-blocker,8,333,intersection,416,0.0,201.5,832.0,440.5905117546827,440.5905117546827,18.389562150910532
single-blocker,8,333,intersection,448,0.0,217.0,896.0,460.3925683071925,460.3925683071925,18.614620390217095
single-blocker,8,333,intersection,480,0.0,232.5,960.0,479.4158153994048,479.4158153994048,18.822227392164056
single-blocker,8,333,intersection,512,0.0,248.0,1024.0,498.0655395146906,498.0655395146906,19.02248990258302
single-blocker,8,333,completed,32,0.0,15.5,64.0,63.96821681185914,63.96821681185914,10.646931473211032
single-blocker,8,333,completed,64,0.0,31.0,128.0,121.04745485487555,121.04745485487555,12.757244816715453
single-blocker,8,333,completed,96,0.0,46.5,192.0,166.9607716433495,166.9607716433495,13.934426884285944
single-blocker,8,333,completed,128,0.0,62.0,256.0,207.08984996602038,207.08984996602038,14.845503404608897
single-blocker,8,333,completed,160,0.0,77.5,320.0,241.5199350184814,241.5199350184814,15.513873609534283
single-blocker,8,333,completed,192,0.0,93.0,384.0,272.32429044751706,272.32429044751706,16.050270409817976
single-blocker,8,333,completed,224,0.0,108.5,448.0,300.72580952317134,300.72580952317134,16.508689110323203
single-blocker,8,333,completed,256,0.0,124.0,512.0,327.70525590602426,327.70525590602426,16.925227737231427
single-blocker,8,333,completed,288,0.0,139.5,576.0,352.85772273448737,352.85772273448737,17.286728695578194
single-blocker,8,333,completed,320,0.0,155.0,640.0,376.5992727506588,376.5992727506588,17.608879529587448
single-blocker,8,333,completed,352,0.0,170.5,704.0,398.92040197780705,398.92040197780705,17.893141094499345
single-blocker,8,333,completed,384,0.0,186.0,768.0,420.0760131687478,420.0760131687478,18.14840493315643
single-blocker,8,333,completed,416,0.0,201.5,832.0,440.5905117546827,440.5905117546827,18.389562150910532
single-blocker,8,333,completed,448,0.0,217.0,896.0,460.3925683071925,460.3925683071925,18.614620390217095
single-blocker,8,333,completed,480,0.0,232.5,960.0,479.4158153994048,479.4158153994048,18.822227392164056
single-blocker,8,333,completed,512,0.0,248.0,1024.0,498.0655395146906,498.0655395146906,19.02248990258302
single-blocker,8,333,plugin,32,0.0,15.5,64.0,63.96821681185914,63.96821681185914,10.646931473211032
single-blocker,8,333,plugin,64,0.0,31.0,128.0,121.04745485487555,121.04745485487555,12.757244816715453
single-blocker,8,333,plugin,96,0.0,46.5,192.0,166.9607716433495,166.9607716433495,13.934426884285944
single-blocker,8,333,plugin,128,0.0,62.0,256.0,207.08984996602038,207.08984996602038,14.845503404608897
single-blocker,8,333,plugin,160,0.0,77.5,320.0,241.5199350184814,241.5199350184814,15.513873609534283
single-blocker,8,333,plugin,192,0.0,93.0,384.0,272.32429044751706,272.32429044751706,16.050270409817976
single-blocker,8,333,plugin,224,0.0,108.5,448.0,300.72580952317134,300.72580952317134,16.508689110323203
single-blocker,8,333,plugin,256,0.0,124.0,512.0,327.70525590602426,327.70525590602426,16.925227737231427
single-blocker,8,333,plugin,288,0.0,139.5,576.0,352.85772273448737,352.85772273448737,17.286728695578194
single-blocker,8,333,plugin,320,0.0,155.0,640.0,376.5992727506588,376.5992727506588,17.608879529587448
single-blocker,8,333,plugin,352,0.0,170.5,704.0,398.92040197780705,398.92040197780705,17.893141094499345
single-blocker,8,333,plugin,384,0.0,186.0,768.0,420.0760131687478,420.0760131687478,18.14840493315643
single-blocker,8,333,plugin,416,0.0,201.5,832.0,440.5905117546827,440.5905117546827,18.389562150910532
single-blocker,8,333,plugin,448,0.0,217.0,896.0,460.3925683071925,460.3925683071925,18.614620390217095
single-blocker,8,333,plugin,480,0.0,232.5,960.0,479.4158153994048,479.4158153994048,18.822227392164056
single-blocker,8,333,plugin,512,0.0,248.0,1024.0,498.0655395146906,498.0655395146906,19.02248990258302
single-blocker,8,333,safe,32,17.875,0.0,32.0,31.968216811859147,31.968216811859147,4.02724519543652
single-blocker,8,333,safe,64,35.75,0.0,64.0,57.42435623340214,57.42435623340214,4.7282659037057675
single-blocker,8,333,safe,96,53.625,0.0,96.0,76.78319682780861,76.78319682780861,5.136346480888775
single-blocker,8,333,safe,128,71.5,0.0,128.0,93.03345515740088,93.03345515740088,5.425334592589174
single-blocker,8,333,safe,160,89.375,0.0,160.0,107.31238195727079,107.31238195727079,5.649261224939744
single-blocker,8,333,safe,192,107.25,0.0,192.0,120.1978375468853,120.1978375468853,5.832104609707439
single-blocker,8,333,safe,224,125.125,0.0,224.0,132.0310352083931,132.0310352083931,5.986627913082163
single-blocker,8,333,safe,256,143.0,0.0,256.0,143.03333360981438,143.03333360981438,6.120438712817281
single-blocker,8,333,safe,288,160.875,0.0,288.0,153.35798108855585,153.35798108855585,6.238439029233648
single-blocker,8,333,safe,320,178.75,0.0,320.0,163.1162631808352,163.1162631808352,6.343973346894013
single-blocker,8,333,safe,352,196.625,0.0,352.0,172.39200998111025,172.39200998111025,6.43942571339101
single-blocker,8,333,safe,384,214.5,0.0,384.0,181.25023096678382,181.25023096678382,6.5265555690159704
single-blocker,8,333,safe,416,232.375,0.0,416.0,189.74254455085054,189.74254455085054,6.6066985205464555
single-blocker,8,333,safe,448,250.25,0.0,448.0,197.91074640079475,197.91074640079475,6.680892410683006
single-blocker,8,333,safe,480,268.125,0.0,480.0,205.78924141297622,205.78924141297622,6.7499597404471405
single-blocker,8,333,safe,512,286.0,0.0,512.0,213.40675252840046,213.40675252840046,6.81456340954972
single-blocker,8,333,known,32,0.0,15.5,64.0,63.96821681185914,63.96821681185914,10.646931473211032
single-blocker,8,333,known,64,0.0,31.0,128.0,121.04745485487555,121.04745485487555,12.757244816715453
single-blocker,8,333,known,96,0.0,46.5,192.0,166.9607716433495,166.9607716433495,13.934426884285944
single-blocker,8,333,known,128,0.0,62.0,256.0,207.08984996602038,207.08984996602038,14.845503404608897
single-blocker,8,333,known,160,0.0,77.5,320.0,241.5199350184814,241.5199350184814,15.513873609534283
single-blocker,8,333,known,192,0.0,93.0,384.0,272.32429044751706,272.32429044751706,16.050270409817976
single-blocker,8,333,known,224,0.0,108.5,448.0,300.72580952317134,300.72580952317134,16.508689110323203
single-blocker,8,333,known,256,0.0,124.0,512.0,327.70525590602426,327.70525590602426,16.925227737231427
single-blocker,8,333,known,288,0.0,139.5,576.0,352.85772273448737,352.85772273448737,17.286728695578194
single-blocker,8,333,known,320,0.0,155.0,640.0,376.5992727506588,376.5992727506588,17.608879529587448
single-blocker,8,333,known,352,0.0,170.5,704.0,398.92040197780705,398.92040197780705,17.893141094499345
single-blocker,8,333,known,384,0.0,186.0,768.0,420.0760131687478,420.0760131687478,18.14840493315643
single-blocker,8,333,known,416,0.0,201.5,832.0,440.5905117546827,440.5905117546827,18.389562150910532
single-blocker,8,333,known,448,0.0,217.0,896.0,460.3925683071925,460.3925683071925,18.614620390217095
single-blocker,8,333,known,480,0.0,232.5,960.0,479.4158153994048,479.4158153994048,18.822227392164056
single-blocker,8,333,known,512,0.0,248.0,1024.0,498.0655395146906,498.0655395146906,19.02248990258302
single-blocker,8,333,product,32,0.0,15.5,64.0,63.96821681185914,63.96821681185914,10.646931473211032
single-blocker,8,333,product,64,0.0,31.0,128.0,121.04745485487555,121.04745485487555,12.757244816715453
single-blocker,8,333,product,96,0.0,46.5,192.0,166.9607716433495,166.9607716433495,13.934426884285944
single-blocker,8,333,product,128,0.0,62.0,256.0,207.08984996602038,207.08984996602038,14.845503404608897
single-blocker,8,333,product,160,0.0,77.5,320.0,241.5199350184814,241.5199350184814,15.513873609534283
single-blocker,8,333,product,192,0.0,93.0,384.0,272.32429044751706,272.32429044751706,16.050270409817976
single-blocker,8,333,product,224,0.0,108.5,448.0,300.72580952317134,300.72580952317134,16.508689110323203
single-blocker,8,333,product,256,0.0,124.0,512.0,327.70525590602426,327.70525590602426,16.925227737231427
single-blocker,8,333,product,288,0.0,139.5,576.0,352.85772273448737,352.85772273448737,17.286728695578194
single-blocker,8,333,product,320,0.0,155.0,640.0,376.5992727506588,376.5992727506588,17.608879529587448
single-blocker,8,333,product,352,0.0,170.5,704.0,398.92040197780705,398.92040197780705,17.893141094499345
single-blocker,8,333,product,384,0.0,186.0,768.0,420.0760131687478,420.0760131687478,18.14840493315643
single-blocker,8,333,product,416,0.0,201.5,832.0,440.5905117546827,440.5905117546827,18.389562150910532
single-blocker,8,333,product,448,0.0,217.0,896.0,460.3925683071925,460.3925683071925,18.614620390217095
single-blocker,8,333,product,480,0.0,232.5,960.0,479.4158153994048,479.4158153994048,18.822227392164056
single-blocker,8,333,product,512,0.0,248.0,1024.0,498.0655395146906,498.0655395146906,19.02248990258302
outcome-lag-64,10,333,prefix,32,4.25,27.0,64.0,64.0,64.0,21.55977217619389
outcome-lag-64,10,333,prefix,64,8.5,54.0,128.0,128.0,128.0,48.30295264778132
outcome-lag-64,10,333,prefix,96,12.53125,80.875,191.82331768849212,187.63824871667705,187.63824871667705,68.59273994475069
outcome-lag-64,10,333,prefix,128,16.5625,107.75,245.9268321739684,239.23979440356132,238.2875090647962,82.8735827350725
outcome-lag-64,10,333,prefix,160,17.75,133.0,295.50050601485174,291.4753129945802,287.1718232750364,97.99501509810378
outcome-lag-64,10,333,prefix,192,18.5,158.0,337.6806277045247,336.53758459842373,328.1787887364127,111.68632508754392
outcome-lag-64,10,333,prefix,224,19.25,183.0,373.3370169962232,376.09704362128844,363.6191772446971,122.7843101917833
outcome-lag-64,10,333,prefix,256,21.75,209.0,403.8997991327713,410.14207892828836,394.17986458615036,130.62818839730878
outcome-lag-64,10,333,prefix,288,26.0,236.0,431.54650373642045,439.9877557333724,421.8087844825449,136.17358073058983
outcome-lag-64,10,333,prefix,320,27.0625,256.25,455.0013864703652,465.8363561976577,445.2611829319646,140.87996087091196
outcome-lag-64,10,333,prefix,352,27.0625,274.25,475.07879826465484,488.9591010635834,465.3385947262542,146.04109146233253
outcome-lag-64,10,333,prefix,384,27.0625,292.25,495.00307573963204,512.0968744696899,485.2628722012314,151.39740565393555
outcome-lag-64,10,333,prefix,416,27.0625,310.25,512.8802699652017,532.6416242305376,503.140066426801,155.76537655093054
outcome-lag-64,10,333,prefix,448,27.0625,328.25,529.8220042241672,552.2024200184835,520.0818006857669,159.84263997744856
outcome-lag-64,10,333,prefix,480,27.0625,346.25,546.3275951371618,571.6218652465407,536.5873915987614,164.0596281962063
outcome-lag-64,10,333,prefix,512,27.0625,364.25,562.1662017839213,590.5018729475117,552.425998245521,168.30570760485287
outcome-lag-64,10,333,intersection,32,4.25,27.0,64.0,64.0,64.0,21.55977217619389
outcome-lag-64,10,333,intersection,64,5.328125,52.1875,128.0,128.0,128.0,53.30826615027814
outcome-lag-64,10,333,intersection,96,6.078125,77.1875,191.82331768849212,191.0394797392618,191.0394797392618,78.41534796952412
outcome-lag-64,10,333,intersection,128,9.453125,103.6875,246.52460204480658,244.92128005239692,243.8740848017126,93.89153243796906
outcome-lag-64,10,333,intersection,160,10.203125,128.6875,290.46140350192684,293.45398548190644,287.7056443750299,109.59479126311926
outcome-lag-64,10,333,intersection,192,11.609375,154.0625,328.61747823045215,336.22855443784675,325.6812840383628,121.71691920070643
outcome-lag-64,10,333,intersection,224,13.5625,179.75,362.09096179021,374.0849217601842,359.13478952875244,131.29431854794896
outcome-lag-64,10,333,intersection,256,16.734375,205.3125,392.53010987811433,407.40651823411235,389.4000060042021,138.69905364474747
outcome-lag-64,10,333,intersection,288,16.734375,223.3125,413.5962320552673,431.3706885834377,410.4661281813551,143.99945848784523
outcome-lag-64,10,333,intersection,320,16.734375,241.3125,435.5263962287747,456.37761615404577,432.39629235486245,149.47598813716115
outcome-lag-64,10,333,intersection,352,16.734375,259.3125,454.578941123459,478.71099725033133,451.4488372495468,154.8256871407399
outcome-lag-64,10,333,intersection,384,16.734375,277.3125,473.26383461901713,500.4986943069497,470.1337307451049,159.7303230443739
outcome-lag-64,10,333,intersection,416,16.734375,295.3125,490.1810712758095,519.9921166320883,487.05096740189725,163.7475177265891
outcome-lag-64,10,333,intersection,448,16.734375,313.3125,506.3147542278629,538.641217727537,503.18465035395076,167.52446539193258
outcome-lag-64,10,333,intersection,480,16.734375,331.3125,522.094058315998,557.1819427777008,518.9639544420858,171.4265645887505
outcome-lag-64,10,333,intersection,512,16.734375,349.3125,537.2896046365647,575.2802145918666,534.1595007626524,175.39090534438148
outcome-lag-64,10,333,completed,32,3.15625,26.375,64.0,64.0,64.0,22.878480677874517
outcome-lag-64,10,333,completed,64,5.8515625,51.65625,127.0,127.0,127.0,51.559842536592555
outcome-lag-64,10,333,completed,96,8.1484375,71.34375,182.82331768849212,181.8441681402483,181.8441681402483,72.02846745073039
outcome-lag-64,10,333,completed,128,9.0390625,91.90625,234.51911352220708,233.79614126721725,232.69520561237815,88.2948556210982
outcome-lag-64,10,333,completed,160,10.3671875,112.71875,280.075164125818,282.7424611169734,278.06020051604514,103.62319963348958
outcome-lag-64,10,333,completed,192,11.9609375,134.09375,313.4006509571273,320.64032425944634,311.23999566879996,114.84816529143612
outcome-lag-64,10,333,completed,224,12.4921875,153.21875,341.30510275811207,353.2511638282417,339.14122455247593,124.14865365806305
outcome-lag-64,10,333,completed,256,13.15625,172.625,365.79911172448453,381.28695127517625,363.57825548202436,130.8707315949778
outcome-lag-64,10,333,completed,288,13.15625,190.625,387.3101793537584,405.7665008513717,385.0893231112982,136.57462384090383
outcome-lag-64,10,333,completed,320,13.15625,208.625,409.49210977088234,431.08201615670106,407.27125352842216,142.24590927124956
outcome-lag-64,10,333,completed,352,13.15625,226.625,428.6624721749081,453.55110901622464,426.4416159324479,147.65198383508428
outcome-lag-64,10,333,completed,384,13.15625,244.625,447.45117913744633,475.45886743045384,445.23032289498616,152.60249593571544
outcome-lag-64,10,333,completed,416,13.15625,262.625,464.446444474625,495.03907179636053,462.22558823216485,156.64779340542782
outcome-lag-64,10,333,completed,448,13.15625,280.625,480.6469469854281,513.7643878357384,478.4260907429679,160.44917234228691
outcome-lag-64,10,333,completed,480,13.15625,298.625,496.4871415508523,532.3792790677688,494.2662853083921,164.377223251711
outcome-lag-64,10,333,completed,512,13.15625,316.625,511.73713884266044,550.5441428139819,509.51628260020027,168.365044046391
outcome-lag-64,10,333,plugin,32,2.8125,5.25,41.0,41.0,41.0,15.046039507933358
outcome-lag-64,10,333,plugin,64,6.703125,16.1875,85.0,85.0,85.0,32.507093873732586
outcome-lag-64,10,333,plugin,96,7.65625,33.125,133.82331768849212,133.3005760521219,133.3005760521219,51.96917421149494
outcome-lag-64,10,333,plugin,128,11.15625,33.125,158.4562877208081,158.7493815275669,157.7970961888018,61.45670946904803
outcome-lag-64,10,333,plugin,160,12.03125,46.625,199.19142741585773,202.74423984829932,198.44075012875527,75.93326720948602
outcome-lag-64,10,333,plugin,192,14.328125,52.8125,221.11863409847027,228.4864588129515,220.19434013190374,84.34827349544041
outcome-lag-64,10,333,plugin,224,15.3125,65.75,249.1602591468346,260.00858154192434,247.83906649709456,93.08029463182615
outcome-lag-64,10,333,plugin,256,15.3125,83.75,275.3116882800649,289.60298762592834,273.9904956303249,100.83087399763961
outcome-lag-64,10,333,plugin,288,15.96875,98.375,299.6731825218354,316.49477129009244,298.3519898720954,107.67260831356234
outcome-lag-64,10,333,plugin,320,15.96875,116.375,325.6611429247395,345.52181580310827,324.3399502749995,114.72801401077639
outcome-lag-64,10,333,plugin,352,15.96875,134.375,347.33490470828804,370.6184896587451,346.01371205854804,121.21231695236115
outcome-lag-64,10,333,plugin,384,15.96875,152.375,368.24196715055325,394.87520544502127,366.92077450081325,127.10961717810167
outcome-lag-64,10,333,plugin,416,15.96875,170.375,386.7555933859777,416.0953918749819,385.4344007362377,131.71426948083106
outcome-lag-64,10,333,plugin,448,15.96875,188.375,404.215768991501,436.2283581033415,402.894576341761,135.98861951806612
outcome-lag-64,10,333,plugin,480,15.96875,206.375,421.1754565605593,456.1895994740588,419.8542639108193,140.40749202262842
outcome-lag-64,10,333,plugin,512,15.96875,224.375,437.4087963478601,475.5436012880396,436.0876036981201,144.83064468177676
outcome-lag-64,10,333,safe,32,3.5,0.0,32.0,32.0,32.0,11.862706174600024
outcome-lag-64,10,333,safe,64,7.0,0.0,64.0,64.0,64.0,28.242461284100003
outcome-lag-64,10,333,safe,96,10.5,0.0,95.82331768849208,95.30057605212188,95.30057605212188,42.71783095550773
outcome-lag-64,10,333,safe,128,14.0,0.0,120.45628772080818,120.74938152756687,119.79709618880183,52.20536621306082
outcome-lag-64,10,333,safe,160,17.5,0.0,139.1914274158578,142.83572560339547,138.53223588385143,60.23671012137009
outcome-lag-64,10,333,safe,192,21.0,0.0,155.11863409847032,162.75156124751166,154.45944256646396,67.44993356063944
outcome-lag-64,10,333,safe,224,24.5,0.0,169.15277793141007,179.9217344796642,168.4935863994037,72.94143243465884
outcome-lag-64,10,333,safe,256,28.0,0.0,181.83090337263314,194.94421879131164,181.17171184062678,77.09542914462014
outcome-lag-64,10,333,safe,288,31.5,0.0,193.4793819607843,208.23198331323002,192.82019042877795,80.17654650421352
outcome-lag-64,10,333,safe,320,35.0,0.0,204.3175385136284,220.41241663022066,203.65834698162203,82.7042320465851
outcome-lag-64,10,333,safe,352,38.5,0.0,214.48159344648457,232.18506255423384,213.8224019144782,85.29658353682015
outcome-lag-64,10,333,safe,384,42.0,0.0,224.10632111403888,243.37090482556516,223.44712958203252,87.71133467810282
outcome-lag-64,10,333,safe,416,45.5,0.0,233.2631050393209,254.1175852574223,232.60391350731453,90.0458444774237
outcome-lag-64,10,333,safe,448,49.0,0.0,242.02337820870238,264.3956837458409,241.36418667669602,92.22993500603454
outcome-lag-64,10,333,safe,480,52.5,0.0,250.42526576979762,274.27501473524586,249.76607423779126,94.29983831302218
outcome-lag-64,10,333,safe,512,56.0,0.0,258.5110066319304,284.005916899753,257.85181509992395,96.47783303120761
outcome-lag-64,10,333,known,32,0.0,18.0,55.0,55.0,55.0,21.88769533232912
outcome-lag-64,10,333,known,64,0.0,36.0,115.0,115.0,115.0,51.76719038780927
outcome-lag-64,10,333,known,96,0.0,54.0,165.82331768849212,165.30057605212193,165.30057605212193,74.38659244383166
outcome-lag-64,10,333,known,128,0.0,72.0,210.51562900771268,211.02211204478584,209.61409643754655,90.6877815155029
outcome-lag-64,10,333,known,160,0.0,90.0,249.5989180741868,255.1700061496354,248.69738550402067,105.54330503818056
outcome-lag-64,10,333,known,192,0.0,108.0,278.1478602692649,288.93864184793307,277.2463276990988,116.59826465970295
outcome-lag-64,10,333,known,224,0.0,126.0,303.2063886365839,318.5053578832082,302.30485606641776,125.21248917636673
outcome-lag-64,10,333,known,256,0.0,144.0,324.0787136187043,343.00150893631013,323.17718104853816,131.70002700463527
outcome-lag-64,10,333,known,288,0.0,162.0,344.16440300613755,366.00393703480813,343.2628704359714,136.9597727202343
outcome-lag-64,10,333,known,320,0.0,180.0,364.8938288517904,389.7121751948828,363.99229628162425,142.09619143753036
outcome-lag-64,10,333,known,352,0.0,198.0,382.9768053198731,410.904725526465,382.075272749707,146.98571107167695
outcome-lag-64,10,333,known,384,0.0,216.0,400.7867627155976,431.6654476418526,399.8852301454315,151.50894467903424
outcome-lag-64,10,333,known,416,0.0,234.0,417.0335382768517,450.40474184296323,416.13200570668556,155.2887471116987
outcome-lag-64,10,333,known,448,0.0,252.0,432.58506769499604,468.38442707499075,431.68353512483,158.85666560969872
outcome-lag-64,10,333,known,480,0.0,270.0,447.82775097624415,486.2683703539943,446.9262184060781,162.53424457234004
outcome-lag-64,10,333,known,512,0.0,288.0,462.53932254585436,503.77211460267165,461.6377899756883,166.29345522492784
outcome-lag-64,10,333,product,32,0.0,18.0,55.0,55.0,55.0,21.88769533232912
outcome-lag-64,10,333,product,64,0.0,36.0,115.0,115.0,115.0,51.76719038780927
outcome-lag-64,10,333,product,96,0.0,54.0,165.82331768849212,165.30057605212193,165.30057605212193,74.38659244383166
outcome-lag-64,10,333,product,128,0.0,72.0,210.51562900771268,211.02211204478584,209.61409643754655,90.6877815155029
outcome-lag-64,10,333,product,160,0.0,90.0,249.5989180741868,255.1700061496354,248.69738550402067,105.54330503818056
outcome-lag-64,10,333,product,192,0.0,108.0,278.1478602692649,288.93864184793307,277.2463276990988,116.59826465970295
outcome-lag-64,10,333,product,224,0.0,126.0,303.2063886365839,318.5053578832082,302.30485606641776,125.21248917636673
outcome-lag-64,10,333,product,256,0.0,144.0,324.0787136187043,343.00150893631013,323.17718104853816,131.70002700463527
outcome-lag-64,10,333,product,288,0.0,162.0,344.16440300613755,366.00393703480813,343.2628704359714,136.9597727202343
outcome-lag-64,10,333,product,320,0.0,180.0,364.8938288517904,389.7121751948828,363.99229628162425,142.09619143753036
outcome-lag-64,10,333,product,352,0.0,198.0,382.9768053198731,410.904725526465,382.075272749707,146.98571107167695
outcome-lag-64,10,333,product,384,0.0,216.0,400.7867627155976,431.6654476418526,399.8852301454315,151.50894467903424
outcome-lag-64,10,333,product,416,0.0,234.0,417.0335382768517,450.40474184296323,416.13200570668556,155.2887471116987
outcome-lag-64,10,333,product,448,0.0,252.0,432.58506769499604,468.38442707499075,431.68353512483,158.85666560969872
outcome-lag-64,10,333,product,480,0.0,270.0,447.82775097624415,486.2683703539943,446.9262184060781,162.53424457234004
outcome-lag-64,10,333,product,512,0.0,288.0,462.53932254585436,503.77211460267165,461.6377899756883,166.29345522492784
single-blocker,10,333,prefix,32,4.25,27.0,64.0,63.96821681185914,63.96821681185914,10.501572154167507
single-blocker,10,333,prefix,64,8.5,54.0,128.0,120.38388570923827,120.38388570923827,12.676557891307317
single-blocker,10,333,prefix,96,12.75,81.0,192.0,163.80614744910045,163.80614744910045,13.745141416280353
single-blocker,10,333,prefix,128,17.0,108.0,256.0,202.9624302990058,202.9624302990058,14.647973762089524
single-blocker,10,333,prefix,160,21.25,135.0,320.0,238.05845856870428,238.05845856870428,15.366120649607407
single-blocker,10,333,prefix,192,25.5,162.0,384.0,268.7957858057191,268.7957858057191,15.911906396228572
single-blocker,10,333,prefix,224,29.75,189.0,448.0,296.5116081918778,296.5116081918778,16.354532025854652
single-blocker,10,333,prefix,256,34.0,216.0,512.0,322.2842948435561,322.2842948435561,16.73926151399201
single-blocker,10,333,prefix,288,38.25,243.0,576.0,346.2251121401819,346.2251121401819,17.07123625463908
single-blocker,10,333,prefix,320,42.5,270.0,640.0,368.60224125424054,368.60224125424054,17.36103833357457
single-blocker,10,333,prefix,352,46.75,297.0,704.0,389.61137847783334,389.61137847783334,17.615989243152544
single-blocker,10,333,prefix,384,51.0,324.0,768.0,410.91493722365647,410.91493722365647,17.887108895311282
single-blocker,10,333,prefix,416,55.25,351.0,832.0,431.3182993430998,431.3182993430998,18.135601510597624
single-blocker,10,333,prefix,448,59.5,378.0,896.0,450.7088520387254,450.7088520387254,18.358941190888014
single-blocker,10,333,prefix,480,63.75,405.0,960.0,469.8270603674734,469.8270603674734,18.577972676939403
single-blocker,10,333,prefix,512,68.0,432.0,1024.0,488.0904163279171,488.0904163279171,18.77678924203482
single-blocker,10,333,intersection,32,4.25,27.0,64.0,63.96821681185914,63.96821681185914,10.501572154167507
single-blocker,10,333,intersection,64,8.5,54.0,128.0,120.38388570923827,120.38388570923827,12.676557891307317
single-blocker,10,333,intersection,96,10.234375,79.5625,192.0,167.56853238876428,167.56853238876428,13.966945919142798
single-blocker,10,333,intersection,128,10.984375,104.5625,256.0,207.83318476460553,207.83318476460553,14.879632039782818
single-blocker,10,333,intersection,160,11.734375,129.5625,320.0,242.05174250574328,242.05174250574328,15.535890117517434
single-blocker,10,333,intersection,192,15.4375,156.25,384.0,273.65883234582594,273.65883234582594,16.10084260918348
single-blocker,10,333,intersection,224,17.9609375,179.59375,445.0,300.8188932771796,300.8188932771796,16.538529088110845
single-blocker,10,333,intersection,256,17.9609375,197.59375,495.0,320.4110168050323,320.4110168050323,16.81601204717628
single-blocker,10,333,intersection,288,17.9609375,215.59375,547.0,339.6198072442857,339.6198072442857,17.072641703179524
single-blocker,10,333,intersection,320,17.9609375,233.59375,604.0,359.69794259658823,359.69794259658823,17.328156680070805
single-blocker,10,333,intersection,352,17.9609375,251.59375,657.0,377.09073295931927,377.09073295931927,17.534247828683807
single-blocker,10,333,intersection,384,17.9609375,269.59375,712.0,394.35890547718304,394.35890547718304,17.729974649269497
single-blocker,10,333,intersection,416,17.9609375,287.59375,765.0,410.1545878043897,410.1545878043897,17.899921358529426
single-blocker,10,333,intersection,448,17.9609375,305.59375,818.0,425.315069639947,425.315069639947,18.056514674534714
single-blocker,10,333,intersection,480,17.9609375,323.59375,872.0,440.2248618035385,440.2248618035385,18.205189936852147
single-blocker,10,333,intersection,512,17.9609375,341.59375,926.0,454.6065308574995,454.6065308574995,18.34352876872463
single-blocker,10,333,completed,32,4.25,27.0,64.0,63.96821681185914,63.96821681185914,10.501572154167507
single-blocker,10,333,completed,64,8.5,54.0,128.0,120.38388570923827,120.38388570923827,12.676557891307317
single-blocker,10,333,completed,96,10.234375,79.5625,192.0,167.56853238876428,167.56853238876428,13.966945919142798
single-blocker,10,333,completed,128,10.984375,104.5625,256.0,207.83318476460553,207.83318476460553,14.879632039782818
single-blocker,10,333,completed,160,11.953125,129.6875,320.0,242.13380020927892,242.13380020927892,15.53927176002951
single-blocker,10,333,completed,192,15.984375,156.5625,384.0,273.7174201467389,273.7174201467389,16.103041741184594
single-blocker,10,333,completed,224,18.7734375,180.46875,446.0,301.4069735729541,301.4069735729541,16.55035976725306
single-blocker,10,333,completed,256,18.7734375,198.46875,496.0,321.1056975564232,321.1056975564232,16.831373756836737
single-blocker,10,333,completed,288,18.7734375,216.46875,548.0,340.40988619661135,340.40988619661135,17.09095225240105
single-blocker,10,333,completed,320,18.7734375,234.46875,605.0,360.5836373123695,360.5836373123695,17.349221343645706
single-blocker,10,333,completed,352,18.7734375,252.46875,658.0,378.04227294870196,378.04227294870196,17.557091148801042
single-blocker,10,333,completed,384,18.7734375,270.46875,713.0,395.3714631692898,395.3714631692898,17.754379903750305
single-blocker,10,333,completed,416,18.7734375,288.46875,766.0,411.2150513377136,411.2150513377136,17.925494490927154
single-blocker,10,333,completed,448,18.7734375,306.46875,819.0,426.4175590489609,426.4175590489609,18.08306988026823
single-blocker,10,333,completed,480,18.7734375,324.46875,873.0,441.36627812221883,441.36627812221883,18.2326192916642
single-blocker,10,333,completed,512,18.7734375,342.46875,927.0,455.78259548875775,455.78259548875775,18.37170739132882
single-blocker,10,333,plugin,32,3.25,9.0,42.0,41.96821681185914,41.96821681185914,8.193911862103187
single-blocker,10,333,plugin,64,6.75,9.0,74.0,67.42435623340212,67.42435623340212,8.89493257037244
single-blocker,10,333,plugin,96,10.25,9.0,106.0,86.7831968278086,86.7831968278086,9.303013147555445
single-blocker,10,333,plugin,128,13.75,9.0,138.0,103.03345515740088,103.03345515740088,9.59200125925584
single-blocker,10,333,plugin,160,17.25,9.0,170.0,117.31238195727079,117.31238195727079,9.815927891606407
single-blocker,10,333,plugin,192,20.75,9.0,202.0,130.19783754688532,130.19783754688532,9.9987712763741
single-blocker,10,333,plugin,224,24.25,9.0,234.0,142.03103520839312,142.03103520839312,10.153294579748824
single-blocker,10,333,plugin,256,27.75,9.0,266.0,153.0333336098144,153.0333336098144,10.287105379483945
single-blocker,10,333,plugin,288,31.25,9.0,298.0,163.35798108855587,163.35798108855587,10.405105695900316
single-blocker,10,333,plugin,320,34.75,9.0,330.0,173.11626318083523,173.11626318083523,10.510640013560685
single-blocker,10,333,plugin,352,38.25,9.0,362.0,182.39200998111028,182.39200998111028,10.606092380057683
single-blocker,10,333,plugin,384,41.75,9.0,394.0,191.25023096678385,191.25023096678385,10.693222235682645
single-blocker,10,333,plugin,416,45.25,9.0,426.0,199.74254455085057,199.74254455085057,10.773365187213129
single-blocker,10,333,plugin,448,48.75,9.0,458.0,207.91074640079478,207.91074640079478,10.84755907734968
single-blocker,10,333,plugin,480,52.25,9.0,490.0,215.78924141297625,215.78924141297625,10.916626407113819
single-blocker,10,333,plugin,512,55.75,9.0,522.0,223.4067525284005,223.4067525284005,10.981230076216395
single-blocker,10,333,safe,32,3.5,0.0,32.0,31.968216811859147,31.968216811859147,4.02724519543652
single-blocker,10,333,safe,64,7.0,0.0,64.0,57.42435623340214,57.42435623340214,4.7282659037057675
single-blocker,10,333,safe,96,10.5,0.0,96.0,76.78319682780861,76.78319682780861,5.136346480888775
single-blocker,10,333,safe,128,14.0,0.0,128.0,93.03345515740088,93.03345515740088,5.425334592589174
single-blocker,10,333,safe,160,17.5,0.0,160.0,107.31238195727079,107.31238195727079,5.649261224939744
single-blocker,10,333,safe,192,21.0,0.0,192.0,120.1978375468853,120.1978375468853,5.832104609707439
single-blocker,10,333,safe,224,24.5,0.0,224.0,132.0310352083931,132.0310352083931,5.986627913082163
single-blocker,10,333,safe,256,28.0,0.0,256.0,143.03333360981438,143.03333360981438,6.120438712817281
single-blocker,10,333,safe,288,31.5,0.0,288.0,153.35798108855585,153.35798108855585,6.238439029233648
single-blocker,10,333,safe,320,35.0,0.0,320.0,163.1162631808352,163.1162631808352,6.343973346894013
single-blocker,10,333,safe,352,38.5,0.0,352.0,172.39200998111025,172.39200998111025,6.43942571339101
single-blocker,10,333,safe,384,42.0,0.0,384.0,181.25023096678382,181.25023096678382,6.5265555690159704
single-blocker,10,333,safe,416,45.5,0.0,416.0,189.74254455085054,189.74254455085054,6.6066985205464555
single-blocker,10,333,safe,448,49.0,0.0,448.0,197.91074640079475,197.91074640079475,6.680892410683006
single-blocker,10,333,safe,480,52.5,0.0,480.0,205.78924141297622,205.78924141297622,6.7499597404471405
single-blocker,10,333,safe,512,56.0,0.0,512.0,213.40675252840046,213.40675252840046,6.81456340954972
single-blocker,10,333,known,32,0.0,18.0,55.0,54.96821681185914,54.96821681185914,7.718058445653794
single-blocker,10,333,known,64,0.0,36.0,115.0,105.55939461546323,105.55939461546323,9.227471242035193
single-blocker,10,333,known,96,0.0,54.0,166.0,138.16397627915396,138.16397627915396,9.954897524241135
single-blocker,10,333,known,128,0.0,72.0,221.0,168.15918944754955,168.15918944754955,10.529763771644088
single-blocker,10,333,known,160,0.0,90.0,283.0,197.95638695449182,197.95638695449182,11.034590696414527
single-blocker,10,333,known,192,0.0,108.0,337.0,221.01807411250329,221.01807411250329,11.382601777650848
single-blocker,10,333,known,224,0.0,126.0,391.0,242.266804243863,242.266804243863,11.678840390399204
single-blocker,10,333,known,256,0.0,144.0,441.0,260.5118821435317,260.5118821435317,11.915305065234245
single-blocker,10,333,known,288,0.0,162.0,493.0,278.4754831271379,278.4754831271379,12.136223665941404
single-blocker,10,333,known,320,0.0,180.0,550.0,297.26817173635413,297.26817173635413,12.357092832378932
single-blocker,10,333,known,352,0.0,198.0,603.0,313.75421056423465,313.75421056423465,12.54010096282359
single-blocker,10,333,known,384,0.0,216.0,658.0,330.1666715222438,330.1666715222438,12.71507341280248
single-blocker,10,333,known,416,0.0,234.0,711.0,345.28028354684295,345.28028354684295,12.86919366895543
single-blocker,10,333,known,448,0.0,252.0,764.0,359.8351237880712,359.8351237880712,13.012267176156215
single-blocker,10,333,known,480,0.0,270.0,818.0,374.17796220973594,374.17796220973594,13.148741281458607
single-blocker,10,333,known,512,0.0,288.0,872.0,388.0502480983757,388.0502480983757,13.276493574008915
single-blocker,10,333,product,32,0.0,18.0,55.0,54.96821681185914,54.96821681185914,7.718058445653794
single-blocker,10,333,product,64,0.0,36.0,115.0,105.55939461546323,105.55939461546323,9.227471242035193
single-blocker,10,333,product,96,0.0,54.0,166.0,138.16397627915396,138.16397627915396,9.954897524241135
single-blocker,10,333,product,128,0.0,72.0,221.0,168.15918944754955,168.15918944754955,10.529763771644088
single-blocker,10,333,product,160,0.0,90.0,283.0,197.95638695449182,197.95638695449182,11.034590696414527
single-blocker,10,333,product,192,0.0,108.0,337.0,221.01807411250329,221.01807411250329,11.382601777650848
single-blocker,10,333,product,224,0.0,126.0,391.0,242.266804243863,242.266804243863,11.678840390399204
single-blocker,10,333,product,256,0.0,144.0,441.0,260.5118821435317,260.5118821435317,11.915305065234245
single-blocker,10,333,product,288,0.0,162.0,493.0,278.4754831271379,278.4754831271379,12.136223665941404
single-blocker,10,333,product,320,0.0,180.0,550.0,297.26817173635413,297.26817173635413,12.357092832378932
single-blocker,10,333,product,352,0.0,198.0,603.0,313.75421056423465,313.75421056423465,12.54010096282359
single-blocker,10,333,product,384,0.0,216.0,658.0,330.1666715222438,330.1666715222438,12.71507341280248
single-blocker,10,333,product,416,0.0,234.0,711.0,345.28028354684295,345.28028354684295,12.86919366895543
single-blocker,10,333,product,448,0.0,252.0,764.0,359.8351237880712,359.8351237880712,13.012267176156215
single-blocker,10,333,product,480,0.0,270.0,818.0,374.17796220973594,374.17796220973594,13.148741281458607
single-blocker,10,333,product,512,0.0,288.0,872.0,388.0502480983757,388.0502480983757,13.276493574008915
outcome-lag-64,12,333,prefix,32,0.75,25.0,64.0,64.0,64.0,36.362994274969935
outcome-lag-64,12,333,prefix,64,1.5,50.0,128.0,128.0,128.0,68.37169768370185
outcome-lag-64,12,333,prefix,96,2.25,75.0,191.83363249648556,190.4497622724308,190.4497622724308,92.715555045909
outcome-lag-64,12,333,prefix,128,3.0,100.0,244.96887759973177,246.79368138228892,243.51525213051988,113.4808090183177
outcome-lag-64,12,333,prefix,160,3.75,125.0,289.0704362729766,294.4645862219243,287.61681080376474,127.77234845779716
outcome-lag-64,12,333,prefix,192,4.5,150.0,324.73323740881995,334.07735744988287,323.25469459357856,138.99884599899903
outcome-lag-64,12,333,prefix,224,5.25,175.0,357.82290401393726,371.70787487003366,356.15693588025124,148.88941621082543
outcome-lag-64,12,333,prefix,256,7.421875,200.8125,390.7982393786584,407.7653044641209,388.5893241819419,156.70852372549805
outcome-lag-64,12,333,prefix,288,8.171875,225.8125,418.27070244868935,438.27379403224256,415.6700408337413,163.13107406233948
outcome-lag-64,12,333,prefix,320,8.921875,250.8125,443.26681910383235,466.1090068542895,440.3790586139379,168.63932662529223
outcome-lag-64,12,333,prefix,352,9.671875,275.8125,468.6935561073318,494.1402525876121,465.67625979745753,173.50482953451063
outcome-lag-64,12,333,prefix,384,10.421875,300.8125,491.9858223482691,520.6777035565415,488.9685260383948,178.79895608816227
outcome-lag-64,12,333,prefix,416,11.171875,325.8125,513.8100226130761,545.9255093822067,510.7927263032018,184.04709934667568
outcome-lag-64,12,333,prefix,448,11.921875,350.8125,534.064699796028,569.1139125619135,531.0131041957642,188.5162890494949
outcome-lag-64,12,333,prefix,480,12.25,371.875,550.5334867280959,587.6337478573915,547.4279332526269,191.70185036751175
outcome-lag-64,12,333,prefix,512,12.25,389.875,564.580382850133,604.2232067797206,561.474829374664,195.12586092826982
outcome-lag-64,12,333,intersection,32,0.75,25.0,64.0,64.0,64.0,36.362994274969935
outcome-lag-64,12,333,intersection,64,1.5,50.0,128.0,128.0,128.0,68.37169768370185
outcome-lag-64,12,333,intersection,96,2.25,75.0,191.83363249648556,190.4497622724308,190.4497622724308,92.715555045909
outcome-lag-64,12,333,intersection,128,3.0,100.0,244.96887759973177,246.79368138228892,243.51525213051988,113.4808090183177
outcome-lag-64,12,333,intersection,160,3.75,125.0,289.0704362729766,294.4645862219243,287.61681080376474,127.77234845779716
outcome-lag-64,12,333,intersection,192,4.71875,150.125,325.48496303393296,334.7326594611019,323.9845231276453,138.96750883865568
outcome-lag-64,12,333,intersection,224,5.46875,175.125,358.5746296390503,372.1656886278967,356.75085324256855,148.71776385398118
outcome-lag-64,12,333,intersection,256,6.21875,200.125,389.03568567437594,406.51130746022807,386.9810804660404,156.74829659190726
outcome-lag-64,12,333,intersection,288,6.96875,225.125,416.46369192257856,437.4285919402855,414.31697232544667,163.51524217335333
outcome-lag-64,12,333,intersection,320,7.71875,250.125,441.46347536742803,465.4825370174377,439.1437672719143,169.22905595081883
outcome-lag-64,12,333,intersection,352,8.46875,275.125,467.11323426240034,493.69664693915,464.63642372087554,174.09735794962577
outcome-lag-64,12,333,intersection,384,9.21875,300.125,490.519379055134,520.3310605744045,488.0425685136092,179.4106787221733
outcome-lag-64,12,333,intersection,416,9.96875,325.125,512.406791806821,545.622399581206,509.92998126529625,184.66385929703185
outcome-lag-64,12,333,intersection,448,10.71875,350.125,532.6603119292145,568.7860016007642,530.1421899223856,189.10953564185476
outcome-lag-64,12,333,intersection,480,11.46875,375.125,553.3361557905408,591.5616120914648,550.7588778127249,192.37898072909672
outcome-lag-64,12,333,intersection,512,12.21875,400.125,572.9293333189739,614.0124854819547,570.352055341158,196.36547984212564
outcome-lag-64,12,333,completed,32,0.75,25.0,64.0,64.0,64.0,36.362994274969935
outcome-lag-64,12,333,completed,64,3.1640625,40.15625,115.0,115.0,115.0,61.22225918356808
outcome-lag-64,12,333,completed,96,4.5625,61.375,173.83363249648556,172.4497622724308,172.4497622724308,81.72666833878195
outcome-lag-64,12,333,completed,128,5.3125,86.375,228.04411317157516,229.82016321895767,226.59048770236328,101.63864771411895
outcome-lag-64,12,333,completed,160,6.0625,111.375,274.79722876528524,279.5783508432928,273.33845300015037,116.92240654945337
outcome-lag-64,12,333,completed,192,6.8125,136.375,312.7574069120895,321.02568642634054,311.2737138009251,128.96604104158666
outcome-lag-64,12,333,completed,224,7.5625,161.375,346.9857054707942,359.7586453151422,345.3145870411852,139.33435377710083
outcome-lag-64,12,333,completed,256,8.3125,186.375,378.24099097108126,395.06108941017,376.42312596870215,147.79045527514958
outcome-lag-64,12,333,completed,288,9.0625,211.375,406.33523607795684,426.64303813366905,404.4135021262927,154.77298961916458
outcome-lag-64,12,333,completed,320,9.8125,236.375,431.88308200555156,455.2553211511189,429.7761547572921,160.659049777089
outcome-lag-64,12,333,completed,352,10.5625,261.375,457.92046359317817,483.86781895479646,455.6436503583746,165.63344800791717
outcome-lag-64,12,333,completed,384,11.3125,286.375,481.6796821963767,510.880246589703,479.4028689615731,171.0542459620273
outcome-lag-64,12,333,completed,416,12.0625,311.375,503.8835304582184,536.524474876636,501.6067172234148,176.41371410162716
outcome-lag-64,12,333,completed,448,12.8125,336.375,524.428169750655,560.0273085211278,522.1065524850521,180.96926924499203
outcome-lag-64,12,333,completed,480,13.5625,361.375,545.3220913920403,583.044620553009,542.9390539663209,184.30084065455603
outcome-lag-64,12,333,completed,512,14.171875,385.0625,563.7065489537683,604.2327148331874,561.3235115280489,188.17852512531488
outcome-lag-64,12,333,plugin,32,2.3046875,8.59375,42.0,42.0,42.0,23.410385415820823
outcome-lag-64,12,333,plugin,64,2.8046875,20.59375,92.0,92.0,92.0,49.53609804226919
outcome-lag-64,12,333,plugin,96,5.4609375,29.84375,134.83363249648556,133.44976227243077,133.44976227243077,65.55896885912396
outcome-lag-64,12,333,plugin,128,6.5546875,42.21875,178.0032396602528,178.51552041952087,176.54961419104086,82.03760567422125
outcome-lag-64,12,333,plugin,160,7.5859375,55.59375,213.71258820719726,215.83486607570273,211.4000055468671,92.95758158806882
outcome-lag-64,12,333,plugin,192,9.1171875,65.71875,243.22659369085548,246.67795149643698,239.71926713261496,101.07143564447117
outcome-lag-64,12,333,plugin,224,9.4453125,82.03125,271.6021264026169,278.4126374975416,267.98653728523533,109.4132761305772
outcome-lag-64,12,333,plugin,256,11.7421875,88.21875,289.1629283372415,299.17542863326196,285.54733921985996,115.17587647896129
outcome-lag-64,12,333,plugin,288,11.7421875,106.21875,314.07881500124313,327.1453180627534,310.4632258838616,121.39115874054508
outcome-lag-64,12,333,plugin,320,12.2890625,121.40625,336.82943485285347,352.8475421025277,333.2138457354719,127.32855411283731
outcome-lag-64,12,333,plugin,352,12.3984375,138.84375,354.6377694170628,373.39907882921494,351.0221802996813,132.10420231021268
outcome-lag-64,12,333,plugin,384,12.3984375,156.84375,373.4266063854279,395.189189141562,369.8110172680463,136.91985799781597
outcome-lag-64,12,333,plugin,416,12.3984375,174.84375,392.03078665421464,417.1759642178635,388.4151975368331,142.01080039926558
outcome-lag-64,12,333,plugin,448,12.3984375,192.84375,410.90759187959776,439.32693300640204,407.2920027622162,147.00857248985903
outcome-lag-64,12,333,plugin,480,12.3984375,210.84375,425.9761780090644,456.64377961874715,422.3605888916829,150.52860721399153
outcome-lag-64,12,333,plugin,512,12.3984375,228.84375,441.01392234192923,474.37427039099487,437.3983332245477,154.29317272595048
outcome-lag-64,12,333,safe,32,3.5,0.0,32.0,32.0,32.0,19.160385415820823
outcome-lag-64,12,333,safe,64,7.0,0.0,64.0,64.0,64.0,35.46794274125785
outcome-lag-64,12,333,safe,96,10.5,0.0,95.83363249648554,94.4497622724308,94.4497622724308,47.76720948103029
outcome-lag-64,12,333,safe,128,14.0,0.0,120.0032396602526,120.51552041952085,118.54961419104076,57.87169741022849
outcome-lag-64,12,333,safe,160,17.5,0.0,138.88403835653588,141.8652734161597,137.43041288732405,65.16645023934812
outcome-lag-64,12,333,safe,192,21.0,0.0,154.78838349150055,160.29344238611077,153.33475802228872,70.89200700445221
outcome-lag-64,12,333,safe,224,24.5,0.0,168.75650750224207,177.2863544694435,167.30288203303024,76.20624472965184
outcome-lag-64,12,333,safe,256,28.0,0.0,181.41849022438623,192.70076894425117,179.9648647551744,80.7521716027733
outcome-lag-64,12,333,safe,288,31.5,0.0,193.07088664378557,206.81569905859163,191.61726117457374,84.6604545547888
outcome-lag-64,12,333,safe,320,35.0,0.0,203.9179026024231,219.78422698171667,202.46427713321128,87.97623470329485
outcome-lag-64,12,333,safe,352,38.5,0.0,214.10959449429524,231.9126378355943,212.6559690250834,90.92435112339444
outcome-lag-64,12,333,safe,384,42.0,0.0,223.7370038693422,243.66687057498348,222.28337840013037,93.90749273273498
outcome-lag-64,12,333,safe,416,45.5,0.0,232.90676421796314,255.00400187565458,231.45313874875131,96.83245340086985
outcome-lag-64,12,333,safe,448,49.0,0.0,241.6727099043897,265.3561916706233,240.21908443517788,99.09063523603056
outcome-lag-64,12,333,safe,480,52.5,0.0,250.07450774219808,275.0800165223124,248.62088227298625,101.00503240530259
outcome-lag-64,12,333,safe,512,56.0,0.0,258.1550045341858,284.94017994431334,256.70137906497405,103.31228838098203
outcome-lag-64,12,333,known,32,0.0,18.0,53.0,53.0,53.0,29.76378792576358
outcome-lag-64,12,333,known,64,0.0,36.0,111.0,111.0,111.0,59.96544837745256
outcome-lag-64,12,333,known,96,0.0,54.0,164.83363249648556,163.4497622724308,163.4497622724308,83.40914073221983
outcome-lag-64,12,333,known,128,0.0,72.0,212.96887759973177,214.79368138228892,211.51525213051988,103.28171294770871
outcome-lag-64,12,333,known,160,0.0,90.0,247.0704362729769,252.46458622192424,245.61681080376502,115.68369453700488
outcome-lag-64,12,333,known,192,0.0,108.0,279.91328795670137,289.2776570318513,278.4596624874894,126.51416368799232
outcome-lag-64,12,333,known,224,0.0,126.0,305.94043778986156,320.0135078102177,304.4868123206496,135.54973354957548
outcome-lag-64,12,333,known,256,0.0,144.0,328.5799370064712,346.7831255664817,327.12631153725926,142.8683783473154
outcome-lag-64,12,333,known,288,0.0,162.0,350.23823470817604,371.9977010066495,348.7846092389641,149.0560571156432
outcome-lag-64,12,333,known,320,0.0,180.0,371.1801977106336,396.16365735555365,369.72657224142165,154.5497008625728
outcome-lag-64,12,333,known,352,0.0,198.0,387.57703168104194,415.27182012837017,386.12340621183,158.8398483093392
outcome-lag-64,12,333,known,384,0.0,216.0,404.46848226595455,435.1132820476274,403.0148567967426,163.19517581582036
outcome-lag-64,12,333,known,416,0.0,234.0,421.246145340512,455.09489156764846,419.79251987130004,167.69248942448866
outcome-lag-64,12,333,known,448,0.0,252.0,438.3007555069066,475.0946767661031,436.8471300376947,171.91921758696296
outcome-lag-64,12,333,known,480,0.0,270.0,452.2532722729047,491.14138239626493,450.7996468036928,175.01652203852356
outcome-lag-64,12,333,known,512,0.0,288.0,466.2339240552392,507.6537593532349,464.78029858602724,178.41869211406998
outcome-lag-64,12,333,product,32,0.0,18.0,53.0,53.0,53.0,29.76378792576358
outcome-lag-64,12,333,product,64,0.0,36.0,111.0,111.0,111.0,59.96544837745256
outcome-lag-64,12,333,product,96,0.0,54.0,164.83363249648556,163.4497622724308,163.4497622724308,83.40914073221983
outcome-lag-64,12,333,product,128,0.0,72.0,212.96887759973177,214.79368138228892,211.51525213051988,103.28171294770871
outcome-lag-64,12,333,product,160,0.0,90.0,247.0704362729769,252.46458622192424,245.61681080376502,115.68369453700488
outcome-lag-64,12,333,product,192,0.0,108.0,279.91328795670137,289.2776570318513,278.4596624874894,126.51416368799232
outcome-lag-64,12,333,product,224,0.0,126.0,305.94043778986156,320.0135078102177,304.4868123206496,135.54973354957548
outcome-lag-64,12,333,product,256,0.0,144.0,328.5799370064712,346.7831255664817,327.12631153725926,142.8683783473154
outcome-lag-64,12,333,product,288,0.0,162.0,350.23823470817604,371.9977010066495,348.7846092389641,149.0560571156432
outcome-lag-64,12,333,product,320,0.0,180.0,371.1801977106336,396.16365735555365,369.72657224142165,154.5497008625728
outcome-lag-64,12,333,product,352,0.0,198.0,387.57703168104194,415.27182012837017,386.12340621183,158.8398483093392
outcome-lag-64,12,333,product,384,0.0,216.0,404.46848226595455,435.1132820476274,403.0148567967426,163.19517581582036
outcome-lag-64,12,333,product,416,0.0,234.0,421.246145340512,455.09489156764846,419.79251987130004,167.69248942448866
outcome-lag-64,12,333,product,448,0.0,252.0,438.3007555069066,475.0946767661031,436.8471300376947,171.91921758696296
outcome-lag-64,12,333,product,480,0.0,270.0,452.2532722729047,491.14138239626493,450.7996468036928,175.01652203852356
outcome-lag-64,12,333,product,512,0.0,288.0,466.2339240552392,507.6537593532349,464.78029858602724,178.41869211406998
single-blocker,12,333,prefix,32,0.75,25.0,64.0,63.96821681185914,63.96821681185914,10.553953106548454
single-blocker,12,333,prefix,64,1.5,50.0,128.0,119.45897435792277,119.45897435792277,12.525682142920864
single-blocker,12,333,prefix,96,2.25,75.0,192.0,164.5170645420029,164.5170645420029,13.79482448683299
single-blocker,12,333,prefix,128,3.0,100.0,256.0,201.78486879706864,201.78486879706864,14.588926268914474
single-blocker,12,333,prefix,160,3.75,125.0,320.0,236.4763418792509,236.4763418792509,15.295851524182899
single-blocker,12,333,prefix,192,4.5,150.0,384.0,265.33583757959735,265.33583757959735,15.769073537772593
single-blocker,12,333,prefix,224,5.25,175.0,448.0,293.547335508855,293.547335508855,16.240624258705637
single-blocker,12,333,prefix,256,6.0,200.0,512.0,320.3621351865115,320.3621351865115,16.670144543690814
single-blocker,12,333,prefix,288,6.75,225.0,576.0,344.9008431199653,344.9008431199653,17.026082888153528
single-blocker,12,333,prefix,320,7.5,250.0,640.0,367.5510434250196,367.5510434250196,17.32670495600235
single-blocker,12,333,prefix,352,8.25,275.0,704.0,391.31754681518834,391.31754681518834,17.668958313482726
single-blocker,12,333,prefix,384,9.0,300.0,768.0,412.9517650208866,412.9517650208866,17.947427917755917
single-blocker,12,333,prefix,416,9.75,325.0,832.0,433.25084374669336,433.25084374669336,18.190539855546316
single-blocker,12,333,prefix,448,10.5,350.0,896.0,452.17857691573784,452.17857691573784,18.399341829706916
single-blocker,12,333,prefix,480,11.25,375.0,960.0,471.9567226304316,471.9567226304316,18.63416534145297
single-blocker,12,333,prefix,512,12.0,400.0,1024.0,490.6520923207792,490.6520923207792,18.842055425116158
single-blocker,12,333,intersection,32,0.75,25.0,64.0,63.96821681185914,63.96821681185914,10.553953106548454
single-blocker,12,333,intersection,64,1.5,50.0,128.0,119.45897435792277,119.45897435792277,12.525682142920864
single-blocker,12,333,intersection,96,2.25,75.0,192.0,164.5170645420029,164.5170645420029,13.79482448683299
single-blocker,12,333,intersection,128,3.0,100.0,256.0,201.78486879706864,201.78486879706864,14.588926268914474
single-blocker,12,333,intersection,160,3.75,125.0,320.0,236.4763418792509,236.4763418792509,15.295851524182899
single-blocker,12,333,intersection,192,4.71875,150.125,384.0,266.05269223702413,266.05269223702413,15.799289023636966
single-blocker,12,333,intersection,224,5.46875,175.125,448.0,294.20238855390437,294.20238855390437,16.26621118904796
single-blocker,12,333,intersection,256,6.21875,200.125,512.0,320.9424620833979,320.9424620833979,16.69119862413624
single-blocker,12,333,intersection,288,6.96875,225.125,576.0,345.4463778495373,345.4463778495373,17.04477549166432
single-blocker,12,333,intersection,320,7.71875,250.125,640.0,368.08596453037126,368.08596453037126,17.344230872811526
single-blocker,12,333,intersection,352,8.46875,275.125,704.0,391.77038517448403,391.77038517448403,17.6828435940189
single-blocker,12,333,intersection,384,9.21875,300.125,768.0,413.3682308254454,413.3682308254454,17.95959638227326
single-blocker,12,333,intersection,416,9.96875,325.125,832.0,433.6484992713008,433.6484992713008,18.201706396185845
single-blocker,12,333,intersection,448,10.71875,350.125,896.0,452.57485002300695,452.57485002300695,18.410131473157012
single-blocker,12,333,intersection,480,11.46875,375.125,960.0,472.31437183153866,472.31437183153866,18.64348787823038
single-blocker,12,333,intersection,512,12.21875,400.125,1024.0,490.9856976159764,490.9856976159764,18.850439385207224
single-blocker,12,333,completed,32,0.75,25.0,64.0,63.96821681185914,63.96821681185914,10.553953106548454
single-blocker,12,333,completed,64,1.5,50.0,128.0,119.45897435792277,119.45897435792277,12.525682142920864
single-blocker,12,333,completed,96,2.25,75.0,192.0,164.5170645420029,164.5170645420029,13.79482448683299
single-blocker,12,333,completed,128,3.0,100.0,256.0,201.78486879706864,201.78486879706864,14.588926268914474
single-blocker,12,333,completed,160,3.75,125.0,320.0,236.4763418792509,236.4763418792509,15.295851524182899
single-blocker,12,333,completed,192,4.609375,150.0625,384.0,265.69955779891916,265.69955779891916,15.784446444926322
single-blocker,12,333,completed,224,5.359375,175.0625,448.0,293.8790055884722,293.8790055884722,16.253609830292763
single-blocker,12,333,completed,256,6.109375,200.0625,512.0,320.65552739010184,320.65552739010184,16.68080922623049
single-blocker,12,333,completed,288,6.859375,225.0625,576.0,345.1763065249022,345.1763065249022,17.035537765566147
single-blocker,12,333,completed,320,7.609375,250.0625,640.0,367.82087073069323,367.82087073069323,17.3355597375844
single-blocker,12,333,completed,352,8.359375,275.0625,704.0,391.54582417707843,391.54582417707843,17.67596687483913
single-blocker,12,333,completed,384,9.109375,300.0625,768.0,413.1615793430117,413.1615793430117,17.953565227048575
single-blocker,12,333,completed,416,9.859375,325.0625,832.0,433.4510667435213,433.4510667435213,18.196168096941896
single-blocker,12,333,completed,448,10.609375,350.0625,896.0,452.3779924055109,452.3779924055109,18.404776892300323
single-blocker,12,333,completed,480,11.359375,375.0625,960.0,472.1366445852106,472.1366445852106,18.638859254648356
single-blocker,12,333,completed,512,12.109375,400.0625,1024.0,490.8198659024788,490.8198659024788,18.846275073920292
single-blocker,12,333,plugin,32,0.75,25.0,64.0,63.96821681185914,63.96821681185914,10.553953106548454
single-blocker,12,333,plugin,64,0.75,43.0,122.0,113.45897435792277,113.45897435792277,12.073921403660123
single-blocker,12,333,plugin,96,0.75,61.0,176.0,148.51706454200294,148.51706454200294,12.869373024586192
single-blocker,12,333,plugin,128,0.75,79.0,235.0,180.8166519852095,180.8166519852095,13.4906493274462
single-blocker,12,333,plugin,160,0.75,97.0,289.0,206.51681240341475,206.51681240341475,13.921886495312327
single-blocker,12,333,plugin,192,0.75,115.0,350.0,232.90284346545383,232.90284346545383,14.325315898411736
single-blocker,12,333,plugin,224,0.75,133.0,406.0,254.90935704580198,254.90935704580198,14.631548561976429
single-blocker,12,333,plugin,256,0.75,151.0,460.0,274.6155013521759,274.6155013521759,14.8867199098263
single-blocker,12,333,plugin,288,0.75,169.0,516.0,293.87789249867336,293.87789249867336,15.1222143844837
single-blocker,12,333,plugin,320,0.75,187.0,574.0,312.76915040084475,312.76915040084475,15.341159684680703
single-blocker,12,333,plugin,352,0.75,205.0,623.0,327.7503729958275,327.7503729958275,15.504366953613465
single-blocker,12,333,plugin,384,0.75,223.0,676.0,343.4014541974068,343.4014541974068,15.669313742416918
single-blocker,12,333,plugin,416,0.75,241.0,731.0,359.0447008686041,359.0447008686041,15.82826450226158
single-blocker,12,333,plugin,448,0.75,259.0,789.0,374.97414646959356,374.97414646959356,15.984653067270843
single-blocker,12,333,plugin,480,0.75,277.0,839.0,388.0458032502931,388.0458032502931,16.106908669369002
single-blocker,12,333,plugin,512,0.75,295.0,891.0,401.2765724179333,401.2765724179333,16.227470955585453
single-blocker,12,333,safe,32,3.5,0.0,32.0,31.968216811859147,31.968216811859147,4.02724519543652
single-blocker,12,333,safe,64,7.0,0.0,64.0,57.42435623340214,57.42435623340214,4.7282659037057675
single-blocker,12,333,safe,96,10.5,0.0,96.0,76.78319682780861,76.78319682780861,5.136346480888775
single-blocker,12,333,safe,128,14.0,0.0,128.0,93.03345515740088,93.03345515740088,5.425334592589174
single-blocker,12,333,safe,160,17.5,0.0,160.0,107.31238195727079,107.31238195727079,5.649261224939744
single-blocker,12,333,safe,192,21.0,0.0,192.0,120.1978375468853,120.1978375468853,5.832104609707439
single-blocker,12,333,safe,224,24.5,0.0,224.0,132.0310352083931,132.0310352083931,5.986627913082163
single-blocker,12,333,safe,256,28.0,0.0,256.0,143.03333360981438,143.03333360981438,6.120438712817281
single-blocker,12,333,safe,288,31.5,0.0,288.0,153.35798108855585,153.35798108855585,6.238439029233648
single-blocker,12,333,safe,320,35.0,0.0,320.0,163.1162631808352,163.1162631808352,6.343973346894013
single-blocker,12,333,safe,352,38.5,0.0,352.0,172.39200998111025,172.39200998111025,6.43942571339101
single-blocker,12,333,safe,384,42.0,0.0,384.0,181.25023096678382,181.25023096678382,6.5265555690159704
single-blocker,12,333,safe,416,45.5,0.0,416.0,189.74254455085054,189.74254455085054,6.6066985205464555
single-blocker,12,333,safe,448,49.0,0.0,448.0,197.91074640079475,197.91074640079475,6.680892410683006
single-blocker,12,333,safe,480,52.5,0.0,480.0,205.78924141297622,205.78924141297622,6.7499597404471405
single-blocker,12,333,safe,512,56.0,0.0,512.0,213.40675252840046,213.40675252840046,6.81456340954972
single-blocker,12,333,known,32,0.0,18.0,53.0,52.96821681185914,52.96821681185914,7.624984852580199
single-blocker,12,333,known,64,0.0,36.0,111.0,102.45897435792276,102.45897435792276,9.144953149691869
single-blocker,12,333,known,96,0.0,54.0,165.0,137.51706454200294,137.51706454200294,9.940404770617938
single-blocker,12,333,known,128,0.0,72.0,224.0,169.8166519852095,169.8166519852095,10.561681073477946
single-blocker,12,333,known,160,0.0,90.0,278.0,195.51681240341475,195.51681240341475,10.992918241344073
single-blocker,12,333,known,192,0.0,108.0,339.0,221.90284346545383,221.90284346545383,11.396347644443482
single-blocker,12,333,known,224,0.0,126.0,395.0,243.90935704580198,243.90935704580198,11.702580308008175
single-blocker,12,333,known,256,0.0,144.0,449.0,263.61550135217595,263.61550135217595,11.957751655858047
single-blocker,12,333,known,288,0.0,162.0,505.0,282.8778924986734,282.8778924986734,12.193246130515446
single-blocker,12,333,known,320,0.0,180.0,563.0,301.7691504008448,301.7691504008448,12.412191430712449
single-blocker,12,333,known,352,0.0,198.0,612.0,316.75037299582755,316.75037299582755,12.575398699645211
single-blocker,12,333,known,384,0.0,216.0,665.0,332.40145419740685,332.40145419740685,12.740345488448664
single-blocker,12,333,known,416,0.0,234.0,720.0,348.04470086860414,348.04470086860414,12.899296248293327
single-blocker,12,333,known,448,0.0,252.0,778.0,363.9741464695936,363.9741464695936,13.05568481330259
single-blocker,12,333,known,480,0.0,270.0,828.0,377.04580325029315,377.04580325029315,13.177940415400734
single-blocker,12,333,known,512,0.0,288.0,880.0,390.2765724179334,390.2765724179334,13.29850270161718
single-blocker,12,333,product,32,0.0,18.0,53.0,52.96821681185914,52.96821681185914,7.624984852580199
single-blocker,12,333,product,64,0.0,36.0,111.0,102.45897435792276,102.45897435792276,9.144953149691869
single-blocker,12,333,product,96,0.0,54.0,165.0,137.51706454200294,137.51706454200294,9.940404770617938
single-blocker,12,333,product,128,0.0,72.0,224.0,169.8166519852095,169.8166519852095,10.561681073477946
single-blocker,12,333,product,160,0.0,90.0,278.0,195.51681240341475,195.51681240341475,10.992918241344073
single-blocker,12,333,product,192,0.0,108.0,339.0,221.90284346545383,221.90284346545383,11.396347644443482
single-blocker,12,333,product,224,0.0,126.0,395.0,243.90935704580198,243.90935704580198,11.702580308008175
single-blocker,12,333,product,256,0.0,144.0,449.0,263.61550135217595,263.61550135217595,11.957751655858047
single-blocker,12,333,product,288,0.0,162.0,505.0,282.8778924986734,282.8778924986734,12.193246130515446
single-blocker,12,333,product,320,0.0,180.0,563.0,301.7691504008448,301.7691504008448,12.412191430712449
single-blocker,12,333,product,352,0.0,198.0,612.0,316.75037299582755,316.75037299582755,12.575398699645211
single-blocker,12,333,product,384,0.0,216.0,665.0,332.40145419740685,332.40145419740685,12.740345488448664
single-blocker,12,333,product,416,0.0,234.0,720.0,348.04470086860414,348.04470086860414,12.899296248293327
single-blocker,12,333,product,448,0.0,252.0,778.0,363.9741464695936,363.9741464695936,13.05568481330259
single-blocker,12,333,product,480,0.0,270.0,828.0,377.04580325029315,377.04580325029315,13.177940415400734
single-blocker,12,333,product,512,0.0,288.0,880.0,390.2765724179334,390.2765724179334,13.29850270161718
outcome-lag-64,14,333,prefix,32,3.5,23.0,64.0,64.0,64.0,32.180088739266075
outcome-lag-64,14,333,prefix,64,7.0,46.0,128.0,128.0,128.0,63.106859545421905
outcome-lag-64,14,333,prefix,96,9.296875,68.3125,191.54811630320478,190.39096715013812,190.39096715013812,92.60469492072114
outcome-lag-64,14,333,prefix,128,9.296875,89.3125,246.72191211988923,247.02959340701042,245.50745570881972,119.25847905122814
outcome-lag-64,14,333,prefix,160,10.5,111.0,292.74981181843714,296.5058377218844,291.53535540736766,138.59644193955305
outcome-lag-64,14,333,prefix,192,14.0,134.0,329.8155391288144,338.7555036501562,328.60108271774493,150.97985878469308
outcome-lag-64,14,333,prefix,224,17.5,157.0,362.89939318694337,376.53150756203775,361.6849367758739,161.45458128138293
outcome-lag-64,14,333,prefix,256,21.0,180.0,392.70792544095735,411.1730560764215,391.4934690298879,170.64650222071572
outcome-lag-64,14,333,prefix,288,22.3125,201.75,421.42311649817776,444.78132849899254,420.2086600871083,178.99670300823868
outcome-lag-64,14,333,prefix,320,22.3125,222.75,449.46734455310707,477.8976875244233,448.2528881420376,187.57367987346782
outcome-lag-64,14,333,prefix,352,22.3125,243.75,475.66511378480504,509.6106145622724,474.45065737373557,196.53518417483636
outcome-lag-64,14,333,prefix,384,22.3125,264.75,499.5760764555258,538.3381390528468,498.36162004445634,203.87952244278088
outcome-lag-64,14,333,prefix,416,22.3125,285.75,522.1957072750517,564.8556955186614,520.9812508639823,209.91449888109477
outcome-lag-64,14,333,prefix,448,22.3125,306.75,543.7431078410556,590.2871442505722,542.5286514299861,215.71070743018424
outcome-lag-64,14,333,prefix,480,22.3125,327.75,564.1520244121233,614.583757802567,562.9375680010538,221.1732511462299
outcome-lag-64,14,333,prefix,512,22.3125,348.75,583.7752618186707,638.3863495893237,582.5608054076013,226.8554672579102
outcome-lag-64,14,333,intersection,32,3.5,23.0,64.0,64.0,64.0,32.180088739266075
outcome-lag-64,14,333,intersection,64,5.6875,45.25,128.0,128.0,128.0,63.1437540217326
outcome-lag-64,14,333,intersection,96,7.21875,67.125,191.54811630320478,190.39096715013812,190.39096715013812,93.67658645205225
outcome-lag-64,14,333,intersection,128,7.21875,88.125,246.78720030205517,247.05722484057895,245.57274389098566,120.54331044891771
outcome-lag-64,14,333,intersection,160,8.421875,109.8125,293.2075545739732,297.0416768657916,291.99309816290366,139.33993739157114
outcome-lag-64,14,333,intersection,192,11.921875,132.8125,330.66063994190375,339.84563144525544,329.4461835308342,151.7785170095832
outcome-lag-64,14,333,intersection,224,14.109375,155.0625,364.44745825043765,378.5274565705244,363.2330018393681,162.47843254462077
outcome-lag-64,14,333,intersection,256,14.109375,176.0625,395.23852453521937,415.27432682378645,394.02406812414984,172.61681791541554
outcome-lag-64,14,333,intersection,288,14.109375,197.0625,423.8955525695342,449.54829272582987,422.68109615846464,182.0900973605677
outcome-lag-64,14,333,intersection,320,14.109375,218.0625,450.670711172016,481.68921190490244,449.4562547609465,190.85277149480797
outcome-lag-64,14,333,intersection,352,14.109375,239.0625,475.5492569872642,511.7884936900329,474.33480057619465,198.90430764017572
outcome-lag-64,14,333,intersection,384,14.109375,260.0625,498.84452481835575,539.6801074338272,497.6300684072862,205.69876064443417
outcome-lag-64,14,333,intersection,416,14.109375,281.0625,520.9044767965935,565.4885122122558,519.690020385524,211.35627870091741
outcome-lag-64,14,333,intersection,448,14.109375,302.0625,541.7842651974361,590.0796722370018,540.5698087863666,216.7713950482062
outcome-lag-64,14,333,intersection,480,14.109375,323.0625,561.8699403264809,613.9031320865535,560.6554839154114,221.95271891702782
outcome-lag-64,14,333,intersection,512,14.109375,344.0625,581.0806762254979,637.0752435030321,579.8662198144284,227.2825480720633
outcome-lag-64,14,333,completed,32,2.1875,22.25,64.0,64.0,64.0,34.19526209205957
outcome-lag-64,14,333,completed,64,7.3828125,30.78125,109.0,109.0,109.0,57.179416010919226
outcome-lag-64,14,333,completed,96,13.34375,38.125,151.54811630320478,150.39096715013807,150.39096715013807,74.73869106452099
outcome-lag-64,14,333,completed,128,14.4375,59.75,208.04988601490894,208.00728148583028,206.77625259841554,93.7557413759724
outcome-lag-64,14,333,completed,160,17.9375,82.75,258.90835026341404,261.7274039077568,257.63471684692064,112.22500316372312
outcome-lag-64,14,333,completed,192,20.125,105.0,302.54308689873955,310.708031993596,301.26945348224615,128.1453756780008
outcome-lag-64,14,333,completed,224,22.75,127.5,340.09010131955216,353.0303056945285,338.81646790305876,140.52812593825405
outcome-lag-64,14,333,completed,256,23.84375,149.125,373.2747046032574,392.2095994149072,372.001071186764,151.86277081821657
outcome-lag-64,14,333,completed,288,23.84375,170.125,403.5776316750316,428.08306151536294,402.30399825853823,161.7349286754761
outcome-lag-64,14,333,completed,320,23.84375,191.125,431.81519085741866,461.83832436598135,430.54155744092526,171.1632665697566
outcome-lag-64,14,333,completed,352,24.171875,212.3125,457.8516972040398,493.17814745537953,456.5780637875464,179.6317626358555
outcome-lag-64,14,333,completed,384,24.171875,233.3125,482.12227499587874,522.1420717820354,480.84864157938534,186.77864654655826
outcome-lag-64,14,333,completed,416,24.171875,254.3125,504.99108038491954,548.8542830323721,503.71744696842615,192.7254604598705
outcome-lag-64,14,333,completed,448,24.171875,275.3125,526.5390823777573,574.2559400157029,525.2654489612638,198.44425472420576
outcome-lag-64,14,333,completed,480,24.171875,296.3125,547.2310829643775,598.816926207098,545.957449547884,203.87828831076763
outcome-lag-64,14,333,completed,512,24.171875,317.3125,566.9563894955925,622.6469163254582,565.6827560790989,209.45692700030202
outcome-lag-64,14,333,plugin,32,2.3984375,13.21875,50.0,50.0,50.0,26.37928012940579
outcome-lag-64,14,333,plugin,64,10.7421875,13.84375,84.0,84.0,84.0,40.50927254443372
outcome-lag-64,14,333,plugin,96,12.6015625,30.40625,140.54811630320475,139.39096715013807,139.39096715013807,64.62424046419741
outcome-lag-64,14,333,plugin,128,13.1015625,45.40625,189.0498860149089,189.0664584912541,187.83542960383934,86.17139863644401
outcome-lag-64,14,333,plugin,160,15.7578125,67.53125,239.60638441252428,242.78658091318064,238.39192800145474,107.36038703019561
outcome-lag-64,14,333,plugin,192,15.9296875,86.46875,278.4769660945726,288.44645930687363,277.2625096835031,124.54722137354148
outcome-lag-64,14,333,plugin,224,15.9765625,106.90625,315.6353839683288,332.5407270060495,314.38586558662143,139.09552127602566
outcome-lag-64,14,333,plugin,256,15.9765625,127.90625,349.9991647065218,373.141948324579,348.6609480064932,150.6638568016285
outcome-lag-64,14,333,plugin,288,15.9765625,148.90625,381.81811708983804,410.2321888256775,380.4735037171702,160.6969509559966
outcome-lag-64,14,333,plugin,320,15.9765625,169.90625,409.1661620940626,442.65198221814916,407.8215487213948,169.2198420751409
outcome-lag-64,14,333,plugin,352,15.9765625,190.90625,435.0811057144885,473.65606782005824,433.7364923418207,177.19741131517858
outcome-lag-64,14,333,plugin,384,15.9765625,211.90625,460.33748308077946,503.4865655649461,458.99286970811164,184.30135244487505
outcome-lag-64,14,333,plugin,416,15.9765625,232.90625,483.76948003627996,530.661811033018,482.42486666361214,190.23267207448757
outcome-lag-64,14,333,plugin,448,15.9765625,253.90625,505.16188823927985,555.7456390067376,503.817274866612,195.72316085710153
outcome-lag-64,14,333,plugin,480,15.9765625,274.90625,526.3293549086352,580.6582106639604,524.9847415359674,201.04460977259745
outcome-lag-64,14,333,plugin,512,15.9765625,295.90625,546.0860340003111,604.260775294459,544.7414206276433,206.30034719118476
outcome-lag-64,14,333,safe,32,8.75,0.0,32.0,32.0,32.0,13.622880973006632
outcome-lag-64,14,333,safe,64,17.5,0.0,64.0,64.0,64.0,26.029063864225037
outcome-lag-64,14,333,safe,96,26.25,0.0,95.54811630320467,94.3909671501381,94.3909671501381,37.864229975239574
outcome-lag-64,14,333,safe,128,35.0,0.0,120.04988601490902,120.06645849125422,118.83542960383949,47.57845109846382
outcome-lag-64,14,333,safe,160,43.75,0.0,138.91557618862367,141.78658091318067,137.70111977755414,55.243573352871
outcome-lag-64,14,333,safe,192,52.5,0.0,154.8223068001888,160.4839595607555,153.60785038911928,61.23833979559896
outcome-lag-64,14,333,safe,224,61.25,0.0,168.83593442604348,177.19324803793856,167.62147801497395,66.26895391464895
outcome-lag-64,14,333,safe,256,70.0,0.0,181.50902193933396,192.67584026254264,180.29456552826443,70.88305853756684
outcome-lag-64,14,333,safe,288,78.75,0.0,193.16708262305022,206.4508480080837,191.9526262119807,74.4514191207829
outcome-lag-64,14,333,safe,320,87.5,0.0,203.98397654416377,218.7449486053474,202.76952013309423,77.09277194342755
outcome-lag-64,14,333,safe,352,96.25,0.0,214.16893411140018,230.52967478154693,212.95447770033064,79.69720368584899
outcome-lag-64,14,333,safe,384,105.0,0.0,223.801477043403,241.96874581035408,222.58702063233346,82.36518358460744
outcome-lag-64,14,333,safe,416,113.75,0.0,232.96860756308263,252.6503758548748,231.7541511520131,84.63464299659191
outcome-lag-64,14,333,safe,448,122.5,0.0,241.72074401164042,262.79029206228125,240.5062876005709,86.68055124419043
outcome-lag-64,14,333,safe,480,131.25,0.0,250.11937896654013,272.7459846489383,248.9049225554706,88.82681614843003
outcome-lag-64,14,333,safe,512,140.0,0.0,258.20755665623795,282.23049627479975,256.9931002451684,90.75842032796984
outcome-lag-64,14,333,known,32,0.0,21.0,64.0,64.0,64.0,34.04686532199098
outcome-lag-64,14,333,known,64,0.0,42.0,128.0,128.0,128.0,70.39474790561528
outcome-lag-64,14,333,known,96,0.0,63.0,191.54811630320478,190.39096715013812,190.39096715013812,102.06963071901959
outcome-lag-64,14,333,known,128,0.0,84.0,247.02160267584475,248.04498819114556,245.8071462647752,125.16937819152717
outcome-lag-64,14,333,known,160,0.0,105.0,291.0606129915538,298.9264946907875,289.77079814226107,143.22456079349882
outcome-lag-64,14,333,known,192,0.0,126.0,328.36424920726245,343.9030309820506,327.0744343579697,158.26744202454924
outcome-lag-64,14,333,known,224,0.0,147.0,360.78638471398784,383.3539273766219,359.4965698646951,170.7002816131918
outcome-lag-64,14,333,known,256,0.0,168.0,391.39828677868,419.96791731165365,390.1084719293873,180.9354582978194
outcome-lag-64,14,333,known,288,0.0,189.0,419.83193673559566,453.4251161647513,418.54212188630294,189.464387651939
outcome-lag-64,14,333,known,320,0.0,210.0,444.8531626755405,483.06461132289763,443.56334782624776,196.77475713180496
outcome-lag-64,14,333,known,352,0.0,231.0,468.82371387778306,511.6839626201429,467.53389902849034,203.7510810195393
outcome-lag-64,14,333,known,384,0.0,252.0,492.3398658314948,539.4674884725176,491.0500509822021,210.09089243500537
outcome-lag-64,14,333,known,416,0.0,273.0,514.344069518826,564.9945160957842,513.0542546695332,215.44203124975144
outcome-lag-64,14,333,known,448,0.0,294.0,534.60167403046,588.7044554781119,533.3118591811672,220.43187004913005
outcome-lag-64,14,333,known,480,0.0,315.0,554.7155079700237,612.3426431007307,553.4256931207309,225.32228437136905
outcome-lag-64,14,333,known,512,0.0,336.0,573.5866251306741,634.8163374489083,572.2968102813812,230.16215934600368
outcome-lag-64,14,333,product,32,0.0,21.0,64.0,64.0,64.0,34.04686532199098
outcome-lag-64,14,333,product,64,0.0,42.0,128.0,128.0,128.0,70.39474790561528
outcome-lag-64,14,333,product,96,0.0,63.0,191.54811630320478,190.39096715013812,190.39096715013812,102.06963071901959
outcome-lag-64,14,333,product,128,0.0,84.0,247.02160267584475,248.04498819114556,245.8071462647752,125.16937819152717
outcome-lag-64,14,333,product,160,0.0,105.0,291.0606129915538,298.9264946907875,289.77079814226107,143.22456079349882
outcome-lag-64,14,333,product,192,0.0,126.0,328.36424920726245,343.9030309820506,327.0744343579697,158.26744202454924
outcome-lag-64,14,333,product,224,0.0,147.0,360.78638471398784,383.3539273766219,359.4965698646951,170.7002816131918
outcome-lag-64,14,333,product,256,0.0,168.0,391.39828677868,419.96791731165365,390.1084719293873,180.9354582978194
outcome-lag-64,14,333,product,288,0.0,189.0,419.83193673559566,453.4251161647513,418.54212188630294,189.464387651939
outcome-lag-64,14,333,product,320,0.0,210.0,444.8531626755405,483.06461132289763,443.56334782624776,196.77475713180496
outcome-lag-64,14,333,product,352,0.0,231.0,468.82371387778306,511.6839626201429,467.53389902849034,203.7510810195393
outcome-lag-64,14,333,product,384,0.0,252.0,492.3398658314948,539.4674884725176,491.0500509822021,210.09089243500537
outcome-lag-64,14,333,product,416,0.0,273.0,514.344069518826,564.9945160957842,513.0542546695332,215.44203124975144
outcome-lag-64,14,333,product,448,0.0,294.0,534.60167403046,588.7044554781119,533.3118591811672,220.43187004913005
outcome-lag-64,14,333,product,480,0.0,315.0,554.7155079700237,612.3426431007307,553.4256931207309,225.32228437136905
outcome-lag-64,14,333,product,512,0.0,336.0,573.5866251306741,634.8163374489083,572.2968102813812,230.16215934600368
single-blocker,14,333,prefix,32,3.5,23.0,64.0,63.96821681185914,63.96821681185914,9.752035282021938
single-blocker,14,333,prefix,64,7.0,46.0,128.0,118.3146069209989,118.3146069209989,12.2669564300498
single-blocker,14,333,prefix,96,10.5,69.0,192.0,163.07667230043523,163.07667230043523,13.687969884675267
single-blocker,14,333,prefix,128,14.0,92.0,256.0,202.58758180221793,202.58758180221793,14.629314685555688
single-blocker,14,333,prefix,160,17.5,115.0,320.0,236.47634187925092,236.47634187925092,15.295851524182895
single-blocker,14,333,prefix,192,21.0,138.0,384.0,266.72830368774004,266.72830368774004,15.827461501277522
single-blocker,14,333,prefix,224,24.5,161.0,448.0,294.2023885539044,294.2023885539044,16.266211189047954
single-blocker,14,333,prefix,256,28.0,184.0,512.0,320.06216037909746,320.06216037909746,16.659196858582995
single-blocker,14,333,prefix,288,31.5,207.0,576.0,344.9008431199655,344.9008431199655,17.026082888153518
single-blocker,14,333,prefix,320,35.0,230.0,640.0,367.82087073069346,367.82087073069346,17.335559737584383
single-blocker,14,333,prefix,352,38.5,253.0,704.0,389.08749191051805,389.08749191051805,17.59951295011232
single-blocker,14,333,prefix,384,42.0,276.0,768.0,410.1733726233971,410.1733726233971,17.86480699044596
single-blocker,14,333,prefix,416,45.5,299.0,832.0,429.89131924530204,429.89131924530204,18.09430021875766
single-blocker,14,333,prefix,448,49.0,322.0,896.0,449.8085198214451,449.8085198214451,18.33388788412875
single-blocker,14,333,prefix,480,52.5,345.0,960.0,468.3192871340485,468.3192871340485,18.537463732640777
single-blocker,14,333,prefix,512,56.0,368.0,1024.0,486.6508699180253,486.6508699180253,18.739401991795457
single-blocker,14,333,intersection,32,2.515625,22.4375,64.0,63.96821681185914,63.96821681185914,10.435915588510937
single-blocker,14,333,intersection,64,2.515625,43.4375,128.0,121.36078985712047,121.36078985712047,12.782756294578808
single-blocker,14,333,intersection,96,3.71875,65.125,192.0,168.21511092820708,168.21511092820708,14.001133238234564
single-blocker,14,333,intersection,128,7.21875,88.125,256.0,207.88216762420518,207.88216762420518,14.881866400000712
single-blocker,14,333,intersection,160,10.71875,111.125,320.0,242.2740590905493,242.2740590905493,15.545042389937658
single-blocker,14,333,intersection,192,14.21875,134.125,384.0,272.91047719088334,272.91047719088334,16.072597839486406
single-blocker,14,333,intersection,224,17.71875,157.125,448.0,300.72580952317156,300.72580952317156,16.50868911032319
single-blocker,14,333,intersection,256,18.8125,178.75,512.0,327.80806266747334,327.80806266747334,16.92863522083692
single-blocker,14,333,intersection,288,18.8125,199.75,576.0,353.34019332608,353.34019332608,17.301760160328477
single-blocker,14,333,intersection,320,18.8125,220.75,640.0,377.54725107822446,377.54725107822446,17.636819450860894
single-blocker,14,333,intersection,352,18.8125,241.75,704.0,400.18194722442587,400.18194722442587,17.928618227538852
single-blocker,14,333,intersection,384,18.8125,262.75,768.0,421.6459060605545,421.6459060605545,18.190764788430858
single-blocker,14,333,intersection,416,18.8125,283.75,832.0,442.17028268729166,442.17028268729166,18.43055800471123
single-blocker,14,333,intersection,448,18.8125,304.75,896.0,461.766112153536,461.766112153536,18.649010191131147
single-blocker,14,333,intersection,480,18.8125,325.75,960.0,480.6873794852803,480.6873794852803,18.8530256943847
single-blocker,14,333,intersection,512,18.8125,346.75,1024.0,498.8376569068109,498.8376569068109,19.040610317022345
single-blocker,14,333,completed,32,2.40625,22.375,64.0,63.96821681185914,63.96821681185914,10.435915588510937
single-blocker,14,333,completed,64,2.40625,43.375,128.0,121.36078985712047,121.36078985712047,12.782756294578808
single-blocker,14,333,completed,96,3.71875,65.125,192.0,168.21511092820708,168.21511092820708,14.001133238234564
single-blocker,14,333,completed,128,7.21875,88.125,256.0,207.88216762420518,207.88216762420518,14.881866400000712
single-blocker,14,333,completed,160,10.71875,111.125,320.0,242.2740590905493,242.2740590905493,15.545042389937658
single-blocker,14,333,completed,192,14.21875,134.125,384.0,272.91047719088334,272.91047719088334,16.072597839486406
single-blocker,14,333,completed,224,17.5,157.0,448.0,300.85293686689164,300.85293686689164,16.513207439393945
single-blocker,14,333,completed,256,18.265625,178.4375,512.0,328.0920467200255,328.0920467200255,16.938025853247865
single-blocker,14,333,completed,288,18.265625,199.4375,576.0,353.53668323492184,353.53668323492184,17.307858342708403
single-blocker,14,333,completed,320,18.265625,220.4375,640.0,377.63211416619333,377.63211416619333,17.63930681775941
single-blocker,14,333,completed,352,18.265625,241.4375,704.0,400.19938350692485,400.19938350692485,17.929105367063826
single-blocker,14,333,completed,384,18.265625,262.4375,768.0,421.63673947710765,421.63673947710765,18.190519342809722
single-blocker,14,333,completed,416,18.265625,283.4375,832.0,442.1296582693321,442.1296582693321,18.429511444321562
single-blocker,14,333,completed,448,18.265625,304.4375,896.0,461.68113565938665,461.68113565938665,18.646895131209206
single-blocker,14,333,completed,480,18.265625,325.4375,960.0,480.58436745036596,480.58436745036596,18.850543561083324
single-blocker,14,333,completed,512,18.265625,346.4375,1024.0,498.70791891090835,498.70791891090835,19.037573972262983
single-blocker,14,333,plugin,32,1.53125,21.875,64.0,63.96821681185914,63.96821681185914,10.594862197457548
single-blocker,14,333,plugin,64,2.515625,43.4375,128.0,121.22759708485825,121.22759708485825,12.773646933117572
single-blocker,14,333,plugin,96,4.265625,65.4375,192.0,168.39363820724176,168.39363820724176,14.010499934769525
single-blocker,14,333,plugin,128,4.265625,86.4375,256.0,207.6858128088393,207.6858128088393,14.872898850373888
single-blocker,14,333,plugin,160,4.265625,107.4375,320.0,241.64271824720555,241.64271824720555,15.518972293744813
single-blocker,14,333,plugin,192,4.265625,128.4375,384.0,272.1878204330637,272.1878204330637,16.04504635595218
single-blocker,14,333,plugin,224,4.265625,149.4375,448.0,299.8524529310966,299.8524529310966,16.477446132123
single-blocker,14,333,plugin,256,4.265625,170.4375,512.0,326.295984784688,326.295984784688,16.878086585486205
single-blocker,14,333,plugin,288,4.265625,191.4375,576.0,351.2485188692301,351.2485188692301,17.235989294794653
single-blocker,14,333,plugin,320,4.265625,212.4375,640.0,373.9786946779094,373.9786946779094,17.530125059713605
single-blocker,14,333,plugin,352,4.265625,233.4375,704.0,395.8507495084925,395.8507495084925,17.804842361237636
single-blocker,14,333,plugin,384,4.265625,254.4375,768.0,417.3170197339994,417.3170197339994,18.07232887442243
single-blocker,14,333,plugin,416,4.265625,275.4375,832.0,437.6130109006496,437.6130109006496,18.310577445559378
single-blocker,14,333,plugin,448,4.265625,296.4375,896.0,456.5884226213949,456.5884226213949,18.517042861928847
single-blocker,14,333,plugin,480,4.265625,317.4375,960.0,475.43365773310063,475.43365773310063,18.723456260543983
single-blocker,14,333,plugin,512,4.265625,338.4375,1024.0,493.249454027379,493.249454027379,18.906651345031467
single-blocker,14,333,safe,32,8.75,0.0,32.0,31.968216811859147,31.968216811859147,4.02724519543652
single-blocker,14,333,safe,64,17.5,0.0,64.0,57.42435623340214,57.42435623340214,4.7282659037057675
single-blocker,14,333,safe,96,26.25,0.0,96.0,76.78319682780861,76.78319682780861,5.136346480888775
single-blocker,14,333,safe,128,35.0,0.0,128.0,93.03345515740088,93.03345515740088,5.425334592589174
single-blocker,14,333,safe,160,43.75,0.0,160.0,107.31238195727079,107.31238195727079,5.649261224939744
single-blocker,14,333,safe,192,52.5,0.0,192.0,120.1978375468853,120.1978375468853,5.832104609707439
single-blocker,14,333,safe,224,61.25,0.0,224.0,132.0310352083931,132.0310352083931,5.986627913082163
single-blocker,14,333,safe,256,70.0,0.0,256.0,143.03333360981438,143.03333360981438,6.120438712817281
single-blocker,14,333,safe,288,78.75,0.0,288.0,153.35798108855585,153.35798108855585,6.238439029233648
single-blocker,14,333,safe,320,87.5,0.0,320.0,163.1162631808352,163.1162631808352,6.343973346894013
single-blocker,14,333,safe,352,96.25,0.0,352.0,172.39200998111025,172.39200998111025,6.43942571339101
single-blocker,14,333,safe,384,105.0,0.0,384.0,181.25023096678382,181.25023096678382,6.5265555690159704
single-blocker,14,333,safe,416,113.75,0.0,416.0,189.74254455085054,189.74254455085054,6.6066985205464555
single-blocker,14,333,safe,448,122.5,0.0,448.0,197.91074640079475,197.91074640079475,6.680892410683006
single-blocker,14,333,safe,480,131.25,0.0,480.0,205.78924141297622,205.78924141297622,6.7499597404471405
single-blocker,14,333,safe,512,140.0,0.0,512.0,213.40675252840046,213.40675252840046,6.81456340954972
single-blocker,14,333,known,32,0.0,21.0,64.0,63.96821681185914,63.96821681185914,10.663703181894506
single-blocker,14,333,known,64,0.0,42.0,128.0,120.81662176040324,120.81662176040324,12.732126094754628
single-blocker,14,333,known,96,0.0,63.0,192.0,166.17576987306987,166.17576987306987,13.891857580031065
single-blocker,14,333,known,128,0.0,84.0,256.0,204.59375155326944,204.59375155326944,14.727737531843138
single-blocker,14,333,known,160,0.0,105.0,320.0,238.05845856870417,238.05845856870417,15.366120649607403
single-blocker,14,333,known,192,0.0,126.0,384.0,268.5270704985327,268.5270704985327,15.901077519223225
single-blocker,14,333,known,224,0.0,147.0,448.0,295.9784433558422,295.9784433558422,16.334393570604043
single-blocker,14,333,known,256,0.0,168.0,512.0,322.77965458294807,322.77965458294807,16.756791547305898
single-blocker,14,333,known,288,0.0,189.0,576.0,348.0845225124574,348.0845225124574,17.13338997783728
single-blocker,14,333,known,320,0.0,210.0,640.0,370.70881053701703,370.70881053701703,17.428552324116364
single-blocker,14,333,known,352,0.0,231.0,704.0,392.63236389802455,392.63236389802455,17.70907827561281
single-blocker,14,333,known,384,0.0,252.0,768.0,414.35521716127585,414.35521716127585,17.98821710195557
single-blocker,14,333,known,416,0.0,273.0,832.0,434.776007321325,434.776007321325,18.23311845348399
single-blocker,14,333,known,448,0.0,294.0,896.0,453.7036195420692,453.7036195420692,18.440630091279193
single-blocker,14,333,known,480,0.0,315.0,960.0,472.6633151959061,472.6633151959061,18.652552444736163
single-blocker,14,333,known,512,0.0,336.0,1024.0,490.4823619341404,490.4823619341404,18.837779809427502
single-blocker,14,333,product,32,0.0,21.0,64.0,63.96821681185914,63.96821681185914,10.663703181894506
single-blocker,14,333,product,64,0.0,42.0,128.0,120.81662176040324,120.81662176040324,12.732126094754628
single-blocker,14,333,product,96,0.0,63.0,192.0,166.17576987306987,166.17576987306987,13.891857580031065
single-blocker,14,333,product,128,0.0,84.0,256.0,204.59375155326944,204.59375155326944,14.727737531843138
single-blocker,14,333,product,160,0.0,105.0,320.0,238.05845856870417,238.05845856870417,15.366120649607403
single-blocker,14,333,product,192,0.0,126.0,384.0,268.5270704985327,268.5270704985327,15.901077519223225
single-blocker,14,333,product,224,0.0,147.0,448.0,295.9784433558422,295.9784433558422,16.334393570604043
single-blocker,14,333,product,256,0.0,168.0,512.0,322.77965458294807,322.77965458294807,16.756791547305898
single-blocker,14,333,product,288,0.0,189.0,576.0,348.0845225124574,348.0845225124574,17.13338997783728
single-blocker,14,333,product,320,0.0,210.0,640.0,370.70881053701703,370.70881053701703,17.428552324116364
single-blocker,14,333,product,352,0.0,231.0,704.0,392.63236389802455,392.63236389802455,17.70907827561281
single-blocker,14,333,product,384,0.0,252.0,768.0,414.35521716127585,414.35521716127585,17.98821710195557
single-blocker,14,333,product,416,0.0,273.0,832.0,434.776007321325,434.776007321325,18.23311845348399
single-blocker,14,333,product,448,0.0,294.0,896.0,453.7036195420692,453.7036195420692,18.440630091279193
single-blocker,14,333,product,480,0.0,315.0,960.0,472.6633151959061,472.6633151959061,18.652552444736163
single-blocker,14,333,product,512,0.0,336.0,1024.0,490.4823619341404,490.4823619341404,18.837779809427502
outcome-lag-64,16,333,prefix,32,0.0,21.0,64.0,64.0,64.0,39.80967035745131
outcome-lag-64,16,333,prefix,64,0.0,42.0,128.0,128.0,128.0,78.23972414003651
outcome-lag-64,16,333,prefix,96,0.0,63.0,191.80706142805278,191.20933263376995,191.2021067085603,111.27832065787712
outcome-lag-64,16,333,prefix,128,0.0,84.0,244.95726239406122,248.77538195700402,244.2451119811479,136.3084363739361
outcome-lag-64,16,333,prefix,160,0.0,105.0,288.9685711815818,299.9983532149085,288.2564207686685,155.33480200385816
outcome-lag-64,16,333,prefix,192,0.0,126.0,326.28562532330074,345.64319925223987,325.56541812138164,171.54091501833972
outcome-lag-64,16,333,prefix,224,0.0,147.0,359.49202503589333,387.0751397201344,358.77181783397424,185.2900813347651
outcome-lag-64,16,333,prefix,256,0.0,168.0,389.41687937408796,424.0260778784734,388.69667217216886,196.48520621513973
outcome-lag-64,16,333,prefix,288,0.0,189.0,416.08208331501254,456.83360536058433,415.36187611309344,205.9399267518544
outcome-lag-64,16,333,prefix,320,0.0,210.0,442.36984011266514,488.3069739991578,441.64963291074605,213.97278198553607
outcome-lag-64,16,333,prefix,352,0.0,231.0,466.5132527265899,517.2831521052245,465.7930455246708,221.19118352612654
outcome-lag-64,16,333,prefix,384,0.0,252.0,489.6297743932628,545.0509515832498,488.9095671913437,227.94142483751102
outcome-lag-64,16,333,prefix,416,0.0,273.0,510.85344836925344,570.9394727135549,510.13324116733435,234.35737315842508
outcome-lag-64,16,333,prefix,448,0.0,294.0,532.0420994762977,595.9616456285431,531.3218922743787,239.76285376019283
outcome-lag-64,16,333,prefix,480,0.0,315.0,551.9188612049866,619.7618078129578,551.1986540030675,245.0708324322715
outcome-lag-64,16,333,prefix,512,0.0,336.0,570.4209896926197,642.2305840000267,569.7007824907007,250.26325815973254
outcome-lag-64,16,333,intersection,32,0.0,21.0,64.0,64.0,64.0,39.80967035745131
outcome-lag-64,16,333,intersection,64,0.0,42.0,128.0,128.0,128.0,78.23972414003651
outcome-lag-64,16,333,intersection,96,0.0,63.0,191.80706142805278,191.20933263376995,191.2021067085603,111.27832065787712
outcome-lag-64,16,333,intersection,128,0.0,84.0,244.95726239406122,248.77538195700402,244.2451119811479,136.3084363739361
outcome-lag-64,16,333,intersection,160,0.0,105.0,288.9685711815818,299.9983532149085,288.2564207686685,155.33480200385816
outcome-lag-64,16,333,intersection,192,0.0,126.0,326.28562532330074,345.64319925223987,325.56541812138164,171.54091501833972
outcome-lag-64,16,333,intersection,224,0.0,147.0,359.49202503589333,387.0751397201344,358.77181783397424,185.2900813347651
outcome-lag-64,16,333,intersection,256,0.0,168.0,389.41687937408796,424.0260778784734,388.69667217216886,196.48520621513973
outcome-lag-64,16,333,intersection,288,0.0,189.0,416.08208331501254,456.83360536058433,415.36187611309344,205.9399267518544
outcome-lag-64,16,333,intersection,320,0.0,210.0,442.36984011266514,488.3069739991578,441.64963291074605,213.97278198553607
outcome-lag-64,16,333,intersection,352,0.0,231.0,466.5132527265899,517.2831521052245,465.7930455246708,221.19118352612654
outcome-lag-64,16,333,intersection,384,0.0,252.0,489.6297743932628,545.0509515832498,488.9095671913437,227.94142483751102
outcome-lag-64,16,333,intersection,416,0.0,273.0,510.85344836925344,570.9394727135549,510.13324116733435,234.35737315842508
outcome-lag-64,16,333,intersection,448,0.0,294.0,532.0420994762977,595.9616456285431,531.3218922743787,239.76285376019283
outcome-lag-64,16,333,intersection,480,0.0,315.0,551.9188612049866,619.7618078129578,551.1986540030675,245.0708324322715
outcome-lag-64,16,333,intersection,512,0.0,336.0,570.4209896926197,642.2305840000267,569.7007824907007,250.26325815973254
outcome-lag-64,16,333,completed,32,0.0,21.0,64.0,64.0,64.0,39.80967035745131
outcome-lag-64,16,333,completed,64,2.734375,35.4375,118.0,118.0,118.0,71.44551641440897
outcome-lag-64,16,333,completed,96,3.5546875,54.46875,178.80706142805278,178.20933263376995,178.2021067085603,101.94988691946101
outcome-lag-64,16,333,completed,128,3.5546875,75.46875,232.21549662086983,235.92184866603583,231.5033462079565,126.16526220229676
outcome-lag-64,16,333,completed,160,3.5546875,96.46875,277.3004143809046,288.15680710813433,276.5882639679913,146.22514514911268
outcome-lag-64,16,333,completed,192,3.5546875,117.46875,315.3640758769665,334.69797645244563,314.6519254640532,163.15766473043442
outcome-lag-64,16,333,completed,224,3.5546875,138.46875,349.5335001643462,377.1145797039931,348.8213497514329,177.41571992921655
outcome-lag-64,16,333,completed,256,3.5546875,159.46875,380.1547316860436,414.876552938618,379.44258127313026,188.97940042385514
outcome-lag-64,16,333,completed,288,3.5546875,180.46875,407.3128351424906,448.2811531267742,406.60068472957727,198.70212648717342
outcome-lag-64,16,333,completed,320,3.5546875,201.46875,434.0699422256043,480.29035417705126,433.35779181269095,206.93933933779
outcome-lag-64,16,333,completed,352,3.5546875,222.46875,458.5758395263402,509.70414350542075,457.86368911342686,214.3319083417156
outcome-lag-64,16,333,completed,384,3.5546875,243.46875,482.009515552327,537.8489123787326,481.29736513941367,221.22332546277164
outcome-lag-64,16,333,completed,416,3.5546875,264.46875,503.47864003479197,564.0329190872151,502.76648962187863,227.7469094615104
outcome-lag-64,16,333,completed,448,3.5546875,285.46875,524.906104136588,589.336568656658,524.1939537236747,233.24341139009348
outcome-lag-64,16,333,completed,480,3.5546875,306.46875,544.9811020824682,613.3868149407234,544.2689516695548,238.64196473711633
outcome-lag-64,16,333,completed,512,3.5546875,327.46875,563.6444471519025,636.0662047091312,562.9322967389891,243.9145714684084
outcome-lag-64,16,333,plugin,32,0.984375,18.1875,59.0,59.0,59.0,35.56666655008823
outcome-lag-64,16,333,plugin,64,4.578125,26.9375,107.0,107.0,107.0,62.83495101504468
outcome-lag-64,16,333,plugin,96,5.5,45.5,167.81428735326244,167.20933263376995,167.20933263376995,93.98773658371574
outcome-lag-64,16,333,plugin,128,5.71875,66.625,223.30819374401372,224.92355008757903,222.5960433311004,119.84566379900788
outcome-lag-64,16,333,plugin,160,5.71875,87.625,269.4850362558914,277.8757967166039,268.77288584297804,141.028897601256
outcome-lag-64,16,333,plugin,192,5.71875,108.625,308.20330802773987,325.15503869279377,307.49115761482653,158.64846368386426
outcome-lag-64,16,333,plugin,224,5.71875,129.625,343.13660910936755,368.1955163974945,342.4244586964542,173.39444975870623
outcome-lag-64,16,333,plugin,256,5.71875,150.625,374.4450974774144,406.72552707411404,373.73294706450105,185.3008604337896
outcome-lag-64,16,333,plugin,288,5.71875,171.625,402.0633692214817,440.6694878898199,401.3512188085684,195.26178607287025
outcome-lag-64,16,333,plugin,320,5.71875,192.625,429.2826148735847,473.1896617153549,428.57046446067136,203.6895449229867
outcome-lag-64,16,333,plugin,352,5.71875,213.625,454.13281288994773,503.0086969973658,453.4206624770344,211.24081351804278
outcome-lag-64,16,333,plugin,384,5.71875,234.625,477.86905908290476,531.5028460760341,477.1569086699914,218.26009052744496
outcome-lag-64,16,333,plugin,416,5.71875,255.625,499.5626543505152,557.9502341508937,498.85050393760184,224.87752838298852
outcome-lag-64,16,333,plugin,448,5.71875,276.625,521.2158070340635,583.5152306762571,520.5036566211501,230.4562170861531
outcome-lag-64,16,333,plugin,480,5.71875,297.625,541.4734364861856,607.7926986423959,540.7612860732722,235.93583355673613
outcome-lag-64,16,333,plugin,512,5.71875,318.625,560.2799613342032,630.6561741583774,559.5678109212898,241.27761447350687
outcome-lag-64,16,333,safe,32,8.75,0.0,32.0,32.0,32.0,15.155339452693024
outcome-lag-64,16,333,safe,64,17.5,0.0,64.0,64.0,64.0,29.983316372379225
outcome-lag-64,16,333,safe,96,26.25,0.0,95.81428735326244,95.20933263377,95.20933263377,43.59258967699595
outcome-lag-64,16,333,safe,128,35.0,0.0,120.4033155368048,120.92355008757912,119.69116512389145,53.34553691291316
outcome-lag-64,16,333,safe,160,43.75,0.0,139.23386297610233,142.6798017250399,138.521712563189,61.046788382854615
outcome-lag-64,16,333,safe,192,52.5,0.0,155.12790200965972,162.64391746086957,154.4157515967464,68.30829191383737
outcome-lag-64,16,333,safe,224,61.25,0.0,169.15359021438653,180.4496589134431,168.4414398014732,74.43535900827771
outcome-lag-64,16,333,safe,256,70.0,0.0,181.82147929634996,196.0068789672844,181.10932888343663,79.12409146043284
outcome-lag-64,16,333,safe,288,78.75,0.0,193.4878885459445,210.09346246692166,192.77573813303115,83.00402779774507
outcome-lag-64,16,333,safe,320,87.5,0.0,204.33279903111253,223.26617759950506,203.6206486181992,86.52399515570943
outcome-lag-64,16,333,safe,352,96.25,0.0,214.51898634347265,235.33254224834036,213.80683593055932,89.41006537076659
outcome-lag-64,16,333,safe,384,105.0,0.0,224.1569662319703,247.00059707716892,223.44481581905697,92.30702906954647
outcome-lag-64,16,333,safe,416,113.75,0.0,233.322473237923,258.51936628513926,232.61032282500966,95.41362764498058
outcome-lag-64,16,333,safe,448,122.5,0.0,242.08655739194475,269.10363169314735,241.37440697903142,97.90388509318079
outcome-lag-64,16,333,safe,480,131.25,0.0,250.48479466981527,279.08717073217406,249.77264425690194,100.07799644979006
outcome-lag-64,16,333,safe,512,140.0,0.0,258.56918021240887,288.75915428411884,257.85702979949554,102.19707255541302
outcome-lag-64,16,333,known,32,0.0,21.0,64.0,64.0,64.0,39.80967035745131
outcome-lag-64,16,333,known,64,0.0,42.0,128.0,128.0,128.0,78.23972414003651
outcome-lag-64,16,333,known,96,0.0,63.0,191.80706142805278,191.20933263376995,191.2021067085603,111.27832065787712
outcome-lag-64,16,333,known,128,0.0,84.0,244.95726239406122,248.77538195700402,244.2451119811479,136.3084363739361
outcome-lag-64,16,333,known,160,0.0,105.0,288.9685711815818,299.9983532149085,288.2564207686685,155.33480200385816
outcome-lag-64,16,333,known,192,0.0,126.0,326.28562532330074,345.64319925223987,325.56541812138164,171.54091501833972
outcome-lag-64,16,333,known,224,0.0,147.0,359.49202503589333,387.0751397201344,358.77181783397424,185.2900813347651
outcome-lag-64,16,333,known,256,0.0,168.0,389.41687937408796,424.0260778784734,388.69667217216886,196.48520621513973
outcome-lag-64,16,333,known,288,0.0,189.0,416.08208331501254,456.83360536058433,415.36187611309344,205.9399267518544
outcome-lag-64,16,333,known,320,0.0,210.0,442.36984011266514,488.3069739991578,441.64963291074605,213.97278198553607
outcome-lag-64,16,333,known,352,0.0,231.0,466.5132527265899,517.2831521052245,465.7930455246708,221.19118352612654
outcome-lag-64,16,333,known,384,0.0,252.0,489.6297743932628,545.0509515832498,488.9095671913437,227.94142483751102
outcome-lag-64,16,333,known,416,0.0,273.0,510.85344836925344,570.9394727135549,510.13324116733435,234.35737315842508
outcome-lag-64,16,333,known,448,0.0,294.0,532.0420994762977,595.9616456285431,531.3218922743787,239.76285376019283
outcome-lag-64,16,333,known,480,0.0,315.0,551.9188612049866,619.7618078129578,551.1986540030675,245.0708324322715
outcome-lag-64,16,333,known,512,0.0,336.0,570.4209896926197,642.2305840000267,569.7007824907007,250.26325815973254
outcome-lag-64,16,333,product,32,0.0,21.0,64.0,64.0,64.0,39.80967035745131
outcome-lag-64,16,333,product,64,0.0,42.0,128.0,128.0,128.0,78.23972414003651
outcome-lag-64,16,333,product,96,0.0,63.0,191.80706142805278,191.20933263376995,191.2021067085603,111.27832065787712
outcome-lag-64,16,333,product,128,0.0,84.0,244.95726239406122,248.77538195700402,244.2451119811479,136.3084363739361
outcome-lag-64,16,333,product,160,0.0,105.0,288.9685711815818,299.9983532149085,288.2564207686685,155.33480200385816
outcome-lag-64,16,333,product,192,0.0,126.0,326.28562532330074,345.64319925223987,325.56541812138164,171.54091501833972
outcome-lag-64,16,333,product,224,0.0,147.0,359.49202503589333,387.0751397201344,358.77181783397424,185.2900813347651
outcome-lag-64,16,333,product,256,0.0,168.0,389.41687937408796,424.0260778784734,388.69667217216886,196.48520621513973
outcome-lag-64,16,333,product,288,0.0,189.0,416.08208331501254,456.83360536058433,415.36187611309344,205.9399267518544
outcome-lag-64,16,333,product,320,0.0,210.0,442.36984011266514,488.3069739991578,441.64963291074605,213.97278198553607
outcome-lag-64,16,333,product,352,0.0,231.0,466.5132527265899,517.2831521052245,465.7930455246708,221.19118352612654
outcome-lag-64,16,333,product,384,0.0,252.0,489.6297743932628,545.0509515832498,488.9095671913437,227.94142483751102
outcome-lag-64,16,333,product,416,0.0,273.0,510.85344836925344,570.9394727135549,510.13324116733435,234.35737315842508
outcome-lag-64,16,333,product,448,0.0,294.0,532.0420994762977,595.9616456285431,531.3218922743787,239.76285376019283
outcome-lag-64,16,333,product,480,0.0,315.0,551.9188612049866,619.7618078129578,551.1986540030675,245.0708324322715
outcome-lag-64,16,333,product,512,0.0,336.0,570.4209896926197,642.2305840000267,569.7007824907007,250.26325815973254
single-blocker,16,333,prefix,32,0.0,21.0,64.0,63.96821681185914,63.96821681185914,9.752035282021936
single-blocker,16,333,prefix,64,0.0,42.0,128.0,119.02559570213982,119.02559570213982,12.438625405332214
single-blocker,16,333,prefix,96,0.0,63.0,192.0,161.94934094883132,161.94934094883132,13.585441768585504
single-blocker,16,333,prefix,128,0.0,84.0,256.0,199.9858639378938,199.9858639378938,14.494168863480873
single-blocker,16,333,prefix,160,0.0,105.0,320.0,235.37901319205412,235.37901319205412,15.24603152558848
single-blocker,16,333,prefix,192,0.0,126.0,384.0,266.052692237024,266.052692237024,15.799289023636948
single-blocker,16,333,prefix,224,0.0,147.0,448.0,294.2023885539043,294.2023885539043,16.266211189047947
single-blocker,16,333,prefix,256,0.0,168.0,512.0,320.36213518651164,320.36213518651164,16.670144543690782
single-blocker,16,333,prefix,288,0.0,189.0,576.0,344.0411577870489,344.0411577870489,16.996360198831493
single-blocker,16,333,prefix,320,0.0,210.0,640.0,367.8208707306935,367.8208707306935,17.335559737584365
single-blocker,16,333,prefix,352,0.0,231.0,704.0,389.8670821091242,389.8670821091242,17.62399455053862
single-blocker,16,333,prefix,384,0.0,252.0,768.0,411.1549327107975,411.1549327107975,17.894286985571124
single-blocker,16,333,prefix,416,0.0,273.0,832.0,430.8554947351021,430.8554947351021,18.12227620048465
single-blocker,16,333,prefix,448,0.0,294.0,896.0,450.70885203872604,450.70885203872604,18.358941190887965
single-blocker,16,333,prefix,480,0.0,315.0,960.0,469.4088936355336,469.4088936355336,18.566799275359596
single-blocker,16,333,prefix,512,0.0,336.0,1024.0,486.8633995732905,486.8633995732905,18.74495475350863
single-blocker,16,333,intersection,32,0.0,21.0,64.0,63.96821681185914,63.96821681185914,9.752035282021936
single-blocker,16,333,intersection,64,0.0,42.0,128.0,119.02559570213982,119.02559570213982,12.438625405332214
single-blocker,16,333,intersection,96,0.0,63.0,192.0,161.94934094883132,161.94934094883132,13.585441768585504
single-blocker,16,333,intersection,128,0.0,84.0,256.0,199.9858639378938,199.9858639378938,14.494168863480873
single-blocker,16,333,intersection,160,0.0,105.0,320.0,235.37901319205412,235.37901319205412,15.24603152558848
single-blocker,16,333,intersection,192,0.0,126.0,384.0,266.052692237024,266.052692237024,15.799289023636948
single-blocker,16,333,intersection,224,0.0,147.0,448.0,294.2023885539043,294.2023885539043,16.266211189047947
single-blocker,16,333,intersection,256,0.0,168.0,512.0,320.36213518651164,320.36213518651164,16.670144543690782
single-blocker,16,333,intersection,288,0.0,189.0,576.0,344.0411577870489,344.0411577870489,16.996360198831493
single-blocker,16,333,intersection,320,0.0,210.0,640.0,367.8208707306935,367.8208707306935,17.335559737584365
single-blocker,16,333,intersection,352,0.0,231.0,704.0,389.8670821091242,389.8670821091242,17.62399455053862
single-blocker,16,333,intersection,384,0.0,252.0,768.0,411.1549327107975,411.1549327107975,17.894286985571124
single-blocker,16,333,intersection,416,0.0,273.0,832.0,430.8554947351021,430.8554947351021,18.12227620048465
single-blocker,16,333,intersection,448,0.0,294.0,896.0,450.70885203872604,450.70885203872604,18.358941190887965
single-blocker,16,333,intersection,480,0.0,315.0,960.0,469.4088936355336,469.4088936355336,18.566799275359596
single-blocker,16,333,intersection,512,0.0,336.0,1024.0,486.8633995732905,486.8633995732905,18.74495475350863
single-blocker,16,333,completed,32,0.0,21.0,64.0,63.96821681185914,63.96821681185914,9.752035282021936
single-blocker,16,333,completed,64,0.0,42.0,128.0,119.02559570213982,119.02559570213982,12.438625405332214
single-blocker,16,333,completed,96,0.0,63.0,192.0,161.94934094883132,161.94934094883132,13.585441768585504
single-blocker,16,333,completed,128,0.0,84.0,256.0,199.9858639378938,199.9858639378938,14.494168863480873
single-blocker,16,333,completed,160,0.0,105.0,320.0,235.37901319205412,235.37901319205412,15.24603152558848
single-blocker,16,333,completed,192,0.0,126.0,384.0,266.052692237024,266.052692237024,15.799289023636948
single-blocker,16,333,completed,224,0.0,147.0,448.0,294.2023885539043,294.2023885539043,16.266211189047947
single-blocker,16,333,completed,256,0.0,168.0,512.0,320.36213518651164,320.36213518651164,16.670144543690782
single-blocker,16,333,completed,288,0.0,189.0,576.0,344.0411577870489,344.0411577870489,16.996360198831493
single-blocker,16,333,completed,320,0.0,210.0,640.0,367.8208707306935,367.8208707306935,17.335559737584365
single-blocker,16,333,completed,352,0.0,231.0,704.0,389.8670821091242,389.8670821091242,17.62399455053862
single-blocker,16,333,completed,384,0.0,252.0,768.0,411.1549327107975,411.1549327107975,17.894286985571124
single-blocker,16,333,completed,416,0.0,273.0,832.0,430.8554947351021,430.8554947351021,18.12227620048465
single-blocker,16,333,completed,448,0.0,294.0,896.0,450.70885203872604,450.70885203872604,18.358941190887965
single-blocker,16,333,completed,480,0.0,315.0,960.0,469.4088936355336,469.4088936355336,18.566799275359596
single-blocker,16,333,completed,512,0.0,336.0,1024.0,486.8633995732905,486.8633995732905,18.74495475350863
single-blocker,16,333,plugin,32,0.0,21.0,64.0,63.96821681185914,63.96821681185914,9.752035282021936
single-blocker,16,333,plugin,64,0.0,42.0,128.0,119.02559570213982,119.02559570213982,12.438625405332214
single-blocker,16,333,plugin,96,0.0,63.0,192.0,161.94934094883132,161.94934094883132,13.585441768585504
single-blocker,16,333,plugin,128,0.0,84.0,256.0,199.9858639378938,199.9858639378938,14.494168863480873
single-blocker,16,333,plugin,160,0.0,105.0,320.0,235.37901319205412,235.37901319205412,15.24603152558848
single-blocker,16,333,plugin,192,0.0,126.0,384.0,266.052692237024,266.052692237024,15.799289023636948
single-blocker,16,333,plugin,224,0.0,147.0,448.0,294.2023885539043,294.2023885539043,16.266211189047947
single-blocker,16,333,plugin,256,0.0,168.0,512.0,320.36213518651164,320.36213518651164,16.670144543690782
single-blocker,16,333,plugin,288,0.0,189.0,576.0,344.0411577870489,344.0411577870489,16.996360198831493
single-blocker,16,333,plugin,320,0.0,210.0,640.0,367.8208707306935,367.8208707306935,17.335559737584365
single-blocker,16,333,plugin,352,0.0,231.0,704.0,389.8670821091242,389.8670821091242,17.62399455053862
single-blocker,16,333,plugin,384,0.0,252.0,768.0,411.1549327107975,411.1549327107975,17.894286985571124
single-blocker,16,333,plugin,416,0.0,273.0,832.0,430.8554947351021,430.8554947351021,18.12227620048465
single-blocker,16,333,plugin,448,0.0,294.0,896.0,450.70885203872604,450.70885203872604,18.358941190887965
single-blocker,16,333,plugin,480,0.0,315.0,960.0,469.4088936355336,469.4088936355336,18.566799275359596
single-blocker,16,333,plugin,512,0.0,336.0,1024.0,486.8633995732905,486.8633995732905,18.74495475350863
single-blocker,16,333,safe,32,8.75,0.0,32.0,31.968216811859147,31.968216811859147,4.02724519543652
single-blocker,16,333,safe,64,17.5,0.0,64.0,57.42435623340214,57.42435623340214,4.7282659037057675
single-blocker,16,333,safe,96,26.25,0.0,96.0,76.78319682780861,76.78319682780861,5.136346480888775
single-blocker,16,333,safe,128,35.0,0.0,128.0,93.03345515740088,93.03345515740088,5.425334592589174
single-blocker,16,333,safe,160,43.75,0.0,160.0,107.31238195727079,107.31238195727079,5.649261224939744
single-blocker,16,333,safe,192,52.5,0.0,192.0,120.1978375468853,120.1978375468853,5.832104609707439
single-blocker,16,333,safe,224,61.25,0.0,224.0,132.0310352083931,132.0310352083931,5.986627913082163
single-blocker,16,333,safe,256,70.0,0.0,256.0,143.03333360981438,143.03333360981438,6.120438712817281
single-blocker,16,333,safe,288,78.75,0.0,288.0,153.35798108855585,153.35798108855585,6.238439029233648
single-blocker,16,333,safe,320,87.5,0.0,320.0,163.1162631808352,163.1162631808352,6.343973346894013
single-blocker,16,333,safe,352,96.25,0.0,352.0,172.39200998111025,172.39200998111025,6.43942571339101
single-blocker,16,333,safe,384,105.0,0.0,384.0,181.25023096678382,181.25023096678382,6.5265555690159704
single-blocker,16,333,safe,416,113.75,0.0,416.0,189.74254455085054,189.74254455085054,6.6066985205464555
single-blocker,16,333,safe,448,122.5,0.0,448.0,197.91074640079475,197.91074640079475,6.680892410683006
single-blocker,16,333,safe,480,131.25,0.0,480.0,205.78924141297622,205.78924141297622,6.7499597404471405
single-blocker,16,333,safe,512,140.0,0.0,512.0,213.40675252840046,213.40675252840046,6.81456340954972
single-blocker,16,333,known,32,0.0,21.0,64.0,63.96821681185914,63.96821681185914,9.752035282021936
single-blocker,16,333,known,64,0.0,42.0,128.0,119.02559570213982,119.02559570213982,12.438625405332214
single-blocker,16,333,known,96,0.0,63.0,192.0,161.94934094883132,161.94934094883132,13.585441768585504
single-blocker,16,333,known,128,0.0,84.0,256.0,199.9858639378938,199.9858639378938,14.494168863480873
single-blocker,16,333,known,160,0.0,105.0,320.0,235.37901319205412,235.37901319205412,15.24603152558848
single-blocker,16,333,known,192,0.0,126.0,384.0,266.052692237024,266.052692237024,15.799289023636948
single-blocker,16,333,known,224,0.0,147.0,448.0,294.2023885539043,294.2023885539043,16.266211189047947
single-blocker,16,333,known,256,0.0,168.0,512.0,320.36213518651164,320.36213518651164,16.670144543690782
single-blocker,16,333,known,288,0.0,189.0,576.0,344.0411577870489,344.0411577870489,16.996360198831493
single-blocker,16,333,known,320,0.0,210.0,640.0,367.8208707306935,367.8208707306935,17.335559737584365
single-blocker,16,333,known,352,0.0,231.0,704.0,389.8670821091242,389.8670821091242,17.62399455053862
single-blocker,16,333,known,384,0.0,252.0,768.0,411.1549327107975,411.1549327107975,17.894286985571124
single-blocker,16,333,known,416,0.0,273.0,832.0,430.8554947351021,430.8554947351021,18.12227620048465
single-blocker,16,333,known,448,0.0,294.0,896.0,450.70885203872604,450.70885203872604,18.358941190887965
single-blocker,16,333,known,480,0.0,315.0,960.0,469.4088936355336,469.4088936355336,18.566799275359596
single-blocker,16,333,known,512,0.0,336.0,1024.0,486.8633995732905,486.8633995732905,18.74495475350863
single-blocker,16,333,product,32,0.0,21.0,64.0,63.96821681185914,63.96821681185914,9.752035282021936
single-blocker,16,333,product,64,0.0,42.0,128.0,119.02559570213982,119.02559570213982,12.438625405332214
single-blocker,16,333,product,96,0.0,63.0,192.0,161.94934094883132,161.94934094883132,13.585441768585504
single-blocker,16,333,product,128,0.0,84.0,256.0,199.9858639378938,199.9858639378938,14.494168863480873
single-blocker,16,333,product,160,0.0,105.0,320.0,235.37901319205412,235.37901319205412,15.24603152558848
single-blocker,16,333,product,192,0.0,126.0,384.0,266.052692237024,266.052692237024,15.799289023636948
single-blocker,16,333,product,224,0.0,147.0,448.0,294.2023885539043,294.2023885539043,16.266211189047947
single-blocker,16,333,product,256,0.0,168.0,512.0,320.36213518651164,320.36213518651164,16.670144543690782
single-blocker,16,333,product,288,0.0,189.0,576.0,344.0411577870489,344.0411577870489,16.996360198831493
single-blocker,16,333,product,320,0.0,210.0,640.0,367.8208707306935,367.8208707306935,17.335559737584365
single-blocker,16,333,product,352,0.0,231.0,704.0,389.8670821091242,389.8670821091242,17.62399455053862
single-blocker,16,333,product,384,0.0,252.0,768.0,411.1549327107975,411.1549327107975,17.894286985571124
single-blocker,16,333,product,416,0.0,273.0,832.0,430.8554947351021,430.8554947351021,18.12227620048465
single-blocker,16,333,product,448,0.0,294.0,896.0,450.70885203872604,450.70885203872604,18.358941190887965
single-blocker,16,333,product,480,0.0,315.0,960.0,469.4088936355336,469.4088936355336,18.566799275359596
single-blocker,16,333,product,512,0.0,336.0,1024.0,486.8633995732905,486.8633995732905,18.74495475350863
outcome-lag-64,18,333,prefix,32,6.75,29.5,64.0,64.0,64.0,21.163909765203442
outcome-lag-64,18,333,prefix,64,13.5,59.0,128.0,126.53275634021918,126.53275634021918,44.077095746826195
outcome-lag-64,18,333,prefix,96,17.1328125,86.71875,191.84922883469406,185.2126349885276,185.2126349885276,63.095157993955084
outcome-lag-64,18,333,prefix,128,18.6328125,113.21875,245.00428638582406,237.2961097287498,236.76586259232644,79.12724368504777
outcome-lag-64,18,333,prefix,160,19.1484375,130.53125,281.7086454807477,275.60328728397656,273.1773072677514,89.7271820452178
outcome-lag-64,18,333,prefix,192,19.3359375,144.78125,313.25584488742925,306.9851397843998,302.8327778426468,96.7722270104754
outcome-lag-64,18,333,prefix,224,19.5234375,159.03125,345.4365865900666,339.564730223177,332.873834670991,103.9645522606956
outcome-lag-64,18,333,prefix,256,19.7109375,173.28125,372.4003852253762,369.2289398838589,358.98893403129404,111.82010030707619
outcome-lag-64,18,333,prefix,288,19.8984375,187.53125,394.9784803340523,394.78161476886885,381.5670291399701,118.20385900350458
outcome-lag-64,18,333,prefix,320,20.0859375,201.78125,416.60283307332605,418.8782242778205,403.1665881461279,123.44380040200154
outcome-lag-64,18,333,prefix,352,20.2734375,216.03125,434.17734592705176,438.6780908945145,420.73944279646605,127.58406246533204
outcome-lag-64,18,333,prefix,384,20.4609375,230.28125,451.96389023065063,458.20396458310233,438.52444156412554,130.96351982855575
outcome-lag-64,18,333,prefix,416,20.51953125,243.328125,466.2413192915235,474.27183937615797,452.8018706249984,133.91336703566685
outcome-lag-64,18,333,prefix,448,20.51953125,255.828125,481.12852012309935,490.57296631799267,467.67594662457975,136.447343314186
outcome-lag-64,18,333,prefix,480,20.51953125,268.328125,496.5167306794648,507.2328534882629,483.00701823035774,138.763340135495
outcome-lag-64,18,333,prefix,512,20.51953125,280.828125,511.7619708354394,524.0317830608712,498.0658994602201,141.39771510880357
outcome-lag-64,18,333,intersection,32,4.9453125,28.46875,64.0,64.0,64.0,21.958114506544607
outcome-lag-64,18,333,intersection,64,7.7578125,55.71875,128.0,128.0,128.0,45.204299587509865
outcome-lag-64,18,333,intersection,96,9.2578125,82.21875,191.87090661032306,190.15757970096536,190.15757970096536,63.37696633030075
outcome-lag-64,18,333,intersection,128,10.7578125,108.71875,247.60615236404848,242.25204604768265,241.7217989112593,76.73185764216778
outcome-lag-64,18,333,intersection,160,12.2578125,135.21875,292.66564203615565,286.3381487796597,283.91216876343447,86.89734517164827
outcome-lag-64,18,333,intersection,192,12.990234375,154.5546875,325.21971922067104,319.6761776358122,315.5238156940592,93.79958167541886
outcome-lag-64,18,333,intersection,224,12.990234375,167.0546875,350.55817894572743,347.0695739745236,340.3777524914301,100.02499562273276
outcome-lag-64,18,333,intersection,256,12.990234375,179.5546875,372.92585251895207,373.0028528786806,362.678089353904,106.82804684515591
outcome-lag-64,18,333,intersection,288,12.990234375,192.0546875,392.864100971404,396.0497123188458,382.61633780635594,112.39040685388795
outcome-lag-64,18,333,intersection,320,12.990234375,204.5546875,413.32998916321566,419.1970440906488,403.0822259981676,117.34437013172061
outcome-lag-64,18,333,intersection,352,12.990234375,217.0546875,429.41400327035115,437.57688959597766,419.1662401053031,121.27406235061002
outcome-lag-64,18,333,intersection,384,12.990234375,229.5546875,444.4631824778175,454.3401606874181,434.2154193127694,124.18928937459032
outcome-lag-64,18,333,intersection,416,12.990234375,242.0546875,458.4470819515693,470.0693305911906,448.1993187865213,126.97395308605306
outcome-lag-64,18,333,intersection,448,12.990234375,254.5546875,473.0746123413936,486.1170457829176,462.82100286993386,129.4498560215264
outcome-lag-64,18,333,intersection,480,12.990234375,267.0546875,488.20978242531777,502.54315486878164,477.9134345815879,131.74021977333138
outcome-lag-64,18,333,intersection,512,12.990234375,279.5546875,503.2100360279632,519.1268227701353,492.7570541401956,134.35358427695846
outcome-lag-64,18,333,completed,32,4.2890625,28.09375,64.0,64.0,64.0,21.958114506544607
outcome-lag-64,18,333,completed,64,5.88671875,50.453125,123.0,123.0,123.0,44.3032634281649
outcome-lag-64,18,333,completed,96,7.357421875,73.6484375,183.72821683549154,182.8329688829033,182.8329688829033,61.90618933239355
outcome-lag-64,18,333,completed,128,8.482421875,96.6484375,235.66162590609574,233.0386471878015,232.5084000513782,74.64167951014467
outcome-lag-64,18,333,completed,160,9.630859375,119.8671875,277.56788526132635,274.52071035368914,272.0868777868738,84.42202300028629
outcome-lag-64,18,333,completed,192,10.123046875,136.9609375,307.8547996853222,305.77944029041186,301.60821589640733,90.95630872888336
outcome-lag-64,18,333,completed,224,11.1484375,159.03125,338.6620940728322,338.47039599521867,331.7575629793963,97.52475260945818
outcome-lag-64,18,333,completed,256,12.4609375,183.78125,368.5066468436724,372.08499496430284,361.4704937182023,105.22686844127891
outcome-lag-64,18,333,completed,288,12.953125,200.875,392.7158864693262,399.74335317422276,385.6797333438561,111.57784285089365
outcome-lag-64,18,333,completed,320,14.265625,225.625,419.96673612487274,429.73032999633864,412.8746031461031,117.22106445227487
outcome-lag-64,18,333,completed,352,14.7578125,242.71875,440.25467990319197,452.26567923717244,433.1268161368346,121.39523536156089
outcome-lag-64,18,333,completed,384,15.16796875,259.046875,455.9212093001088,469.6373413075971,448.78893386042967,124.35151747944204
outcome-lag-64,18,333,completed,416,15.66015625,276.140625,472.8224829292316,488.29434249551116,465.68891471612426,127.22036851397719
outcome-lag-64,18,333,completed,448,15.66015625,288.640625,487.56769041636613,504.45229042934415,480.4252954731629,129.71140213045794
outcome-lag-64,18,333,completed,480,15.783203125,302.2890625,503.73182290655893,521.8982867452733,496.53996824538035,132.01416589127643
outcome-lag-64,18,333,completed,512,15.783203125,314.7890625,518.8513715278058,538.5870996716177,511.4887328289789,134.63772280078663
outcome-lag-64,18,333,plugin,32,0.982421875,10.7109375,46.0,46.0,46.0,22.157319777537808
outcome-lag-64,18,333,plugin,64,0.982421875,23.2109375,96.0,96.0,96.0,44.08239112656095
outcome-lag-64,18,333,plugin,96,0.982421875,35.7109375,143.78912836254125,142.70718831166124,142.70718831166124,59.474351674589755
outcome-lag-64,18,333,plugin,128,0.982421875,48.2109375,183.69253846402185,181.14262588906487,180.61237875264146,70.42482258738433
outcome-lag-64,18,333,plugin,160,0.982421875,60.7109375,213.59698427299506,211.7895728681179,209.3635928518926,78.72565130648239
outcome-lag-64,18,333,plugin,192,0.982421875,73.2109375,239.30370549529772,238.6140629807854,234.46170103903256,84.69338856444253
outcome-lag-64,18,333,plugin,224,0.982421875,85.7109375,264.579428075436,265.94786475575796,259.2569692035721,90.76196814649771
outcome-lag-64,18,333,plugin,256,0.982421875,98.2109375,287.00413389681785,291.91550302123466,281.5950989439602,97.52765418082672
outcome-lag-64,18,333,plugin,288,0.982421875,110.7109375,307.0237065068272,315.03924448959816,301.6146715539696,103.11165941925381
outcome-lag-64,18,333,plugin,320,0.982421875,123.2109375,327.57126479037356,338.2626474347848,322.16222983751595,108.08462955024903
outcome-lag-64,18,333,plugin,352,0.982421875,135.7109375,343.69968121440985,356.68318819646464,338.29064626155224,112.02334200449745
outcome-lag-64,18,333,plugin,384,0.982421875,148.2109375,358.7832066227812,373.4796030237297,353.3741716699236,114.9434102831244
outcome-lag-64,18,333,plugin,416,0.982421875,160.7109375,372.79551438054796,389.23659887663763,367.38647942769035,117.7322824443917
outcome-lag-64,18,333,plugin,448,0.982421875,173.2109375,387.455956686801,405.31520511097574,382.0403399850594,120.21240263410563
outcome-lag-64,18,333,plugin,480,0.982421875,185.7109375,402.6255978650462,421.7732970752385,397.165395092709,122.50622887133885
outcome-lag-64,18,333,plugin,512,0.982421875,198.2109375,417.659314834254,438.3865208585865,412.0385705333109,125.12244484128259
outcome-lag-64,18,333,safe,32,2.125,0.0,32.0,32.0,32.0,16.318647338865368
outcome-lag-64,18,333,safe,64,4.25,0.0,64.0,64.0,64.0,33.53483642433995
outcome-lag-64,18,333,safe,96,6.375,0.0,95.87090661032305,95.12656319980853,95.12656319980853,46.810453960812595
outcome-lag-64,18,333,safe,128,8.5,0.0,120.4285426940582,119.9282473537067,119.39800021728338,55.6508678968189
outcome-lag-64,18,333,safe,160,10.625,0.0,139.28063627679353,140.67607381624393,138.2500938000187,62.34369419183682
outcome-lag-64,18,333,safe,192,12.75,0.0,155.16394330243847,158.28576276741646,154.13340082566364,67.25077093816253
outcome-lag-64,18,333,safe,224,14.875,0.0,169.15304667744135,174.81339975285235,168.12250420066653,72.09973356546529
outcome-lag-64,18,333,safe,256,17.0,0.0,181.81099320551525,190.97396396237843,180.78045072874042,77.39181017330527
outcome-lag-64,18,333,safe,288,19.125,0.0,193.48090180822362,205.32439185457287,192.4503593314488,81.5355909031747
outcome-lag-64,18,333,safe,320,21.25,0.0,204.33218447093103,218.51223100034395,203.3016419941562,85.07068227432673
outcome-lag-64,18,333,safe,352,23.375,0.0,214.52460830009593,230.87605967235444,213.4940658233211,88.25421651255915
outcome-lag-64,18,333,safe,384,25.5,0.0,224.16288718255478,242.1303752481058,223.13234470577996,90.7374409582618
outcome-lag-64,18,333,safe,416,27.625,0.0,233.32906479649944,252.92424550270786,232.2985223197246,93.11914058032764
outcome-lag-64,18,333,safe,448,29.75,0.0,242.083851831796,263.06314963746854,241.05330935502118,95.16403675528039
outcome-lag-64,18,333,safe,480,31.875,0.0,250.48235710591007,272.78116468693656,249.45181462913524,97.07262412233123
outcome-lag-64,18,333,safe,512,34.0,0.0,258.5660991454541,282.6049550692268,257.53555666867913,99.34350705829975
outcome-lag-64,18,333,known,32,0.0,12.5,49.0,49.0,49.0,22.01646618668421
outcome-lag-64,18,333,known,64,0.0,25.0,99.0,99.0,99.0,43.65754125545742
outcome-lag-64,18,333,known,96,0.0,37.5,146.64683486434757,144.97438807909847,144.97438807909847,58.93178529026226
outcome-lag-64,18,333,known,128,0.0,50.0,185.41189698027893,182.72146131155415,182.19121417513085,69.70245273967973
outcome-lag-64,18,333,known,160,0.0,62.5,214.6527178078863,212.96746913875344,210.54148912252822,77.89253023080711
outcome-lag-64,18,333,known,192,0.0,75.0,239.9453317561825,239.49021470659466,235.3378527648419,83.79851888769706
outcome-lag-64,18,333,known,224,0.0,87.5,264.83790114828406,266.5267189855942,259.83539522066167,89.80749302126227
outcome-lag-64,18,333,known,256,0.0,100.0,286.9821092994923,292.2571271784953,281.92674410992237,96.51186476220951
outcome-lag-64,18,333,known,288,0.0,112.5,306.80271614060507,315.19215210873904,301.7473509510351,102.04295125355745
outcome-lag-64,18,333,known,320,0.0,125.0,327.1498859167084,338.2283963968201,322.09452072713844,106.96932942311695
outcome-lag-64,18,333,known,352,0.0,137.5,343.16912906499033,356.54864345135536,338.1137638754204,110.8858884002808
outcome-lag-64,18,333,known,384,0.0,150.0,358.1679887488697,373.2632662414613,353.1126235592997,113.79405154043249
outcome-lag-64,18,333,known,416,0.0,162.5,372.11019810760325,388.9515368175556,367.05483291803336,116.57256325349479
outcome-lag-64,18,333,known,448,0.0,175.0,386.68937700039857,404.95378409087306,381.62922078529493,119.04229141864636
outcome-lag-64,18,333,known,480,0.0,187.5,401.7738141235821,421.3327454041997,396.6735886999907,121.32757665211173
outcome-lag-64,18,333,known,512,0.0,200.0,416.72476714989733,437.87278231419896,411.4735772672439,123.93675121666126
outcome-lag-64,18,333,product,32,2.125,0.0,32.0,32.0,32.0,16.318647338865368
outcome-lag-64,18,333,product,64,4.25,0.0,64.0,64.0,64.0,33.53483642433995
outcome-lag-64,18,333,product,96,6.375,0.0,95.87090661032305,95.12656319980853,95.12656319980853,46.810453960812595
outcome-lag-64,18,333,product,128,8.5,0.0,120.4285426940582,119.9282473537067,119.39800021728338,55.6508678968189
outcome-lag-64,18,333,product,160,10.625,0.0,139.28063627679353,140.67607381624393,138.2500938000187,62.34369419183682
outcome-lag-64,18,333,product,192,12.75,0.0,155.16394330243847,158.28576276741646,154.13340082566364,67.25077093816253
outcome-lag-64,18,333,product,224,14.875,0.0,169.15304667744135,174.81339975285235,168.12250420066653,72.09973356546529
outcome-lag-64,18,333,product,256,17.0,0.0,181.81099320551525,190.97396396237843,180.78045072874042,77.39181017330527
outcome-lag-64,18,333,product,288,19.125,0.0,193.48090180822362,205.32439185457287,192.4503593314488,81.5355909031747
outcome-lag-64,18,333,product,320,21.25,0.0,204.33218447093103,218.51223100034395,203.3016419941562,85.07068227432673
outcome-lag-64,18,333,product,352,23.375,0.0,214.52460830009593,230.87605967235444,213.4940658233211,88.25421651255915
outcome-lag-64,18,333,product,384,25.5,0.0,224.16288718255478,242.1303752481058,223.13234470577996,90.7374409582618
outcome-lag-64,18,333,product,416,27.625,0.0,233.32906479649944,252.92424550270786,232.2985223197246,93.11914058032764
outcome-lag-64,18,333,product,448,29.75,0.0,242.083851831796,263.06314963746854,241.05330935502118,95.16403675528039
outcome-lag-64,18,333,product,480,31.875,0.0,250.48235710591007,272.78116468693656,249.45181462913524,97.07262412233123
outcome-lag-64,18,333,product,512,34.0,0.0,258.5660991454541,282.6049550692268,257.53555666867913,99.34350705829975
single-blocker,18,333,prefix,32,6.75,29.5,64.0,63.960661021301576,63.960661021301576,8.02223232635691
single-blocker,18,333,prefix,64,13.5,59.0,128.0,115.48769550758207,115.48769550758207,10.42452975928046
single-blocker,18,333,prefix,96,20.25,88.5,192.0,154.9089311179573,154.9089311179573,11.740775659943695
single-blocker,18,333,prefix,128,27.0,118.0,256.0,188.67746015462208,188.67746015462208,12.8939973973973
single-blocker,18,333,prefix,160,33.75,147.5,320.0,218.06675501665177,218.06675501665177,13.543512558554092
single-blocker,18,333,prefix,192,40.5,177.0,384.0,245.2836753446708,245.2836753446708,14.214393322372866
single-blocker,18,333,prefix,224,47.25,206.5,448.0,271.73202213899646,271.73202213899646,14.937946852811896
single-blocker,18,333,prefix,256,54.0,236.0,512.0,296.00185380226526,296.00185380226526,15.431937514199728
single-blocker,18,333,prefix,288,60.75,265.5,576.0,318.30781067646797,318.30781067646797,15.796656355097552
single-blocker,18,333,prefix,320,67.5,295.0,640.0,338.11332688659286,338.11332688659286,16.01399973783688
single-blocker,18,333,prefix,352,74.25,324.5,704.0,358.3307124679391,358.3307124679391,16.31838969346624
single-blocker,18,333,prefix,384,81.0,354.0,768.0,379.8937265367587,379.8937265367587,16.722777244562014
single-blocker,18,333,prefix,416,87.75,383.5,832.0,399.3426569432534,399.3426569432534,17.000627347532497
single-blocker,18,333,prefix,448,94.5,413.0,896.0,415.94998667244676,415.94998667244676,17.153972506856586
single-blocker,18,333,prefix,480,101.25,442.5,960.0,433.45042121226794,433.45042121226794,17.36470472666812
single-blocker,18,333,prefix,512,108.0,472.0,1024.0,449.679462335973,449.679462335973,17.530339282996287
single-blocker,18,333,intersection,32,4.125,28.0,64.0,63.96821681185914,63.96821681185914,10.435915588510936
single-blocker,18,333,intersection,64,5.625,54.5,128.0,121.14413264044192,121.14413264044192,12.766504075974707
single-blocker,18,333,intersection,96,7.125,81.0,192.0,168.35122932401327,168.35122932401327,14.008277712547297
single-blocker,18,333,intersection,128,8.625,107.5,256.0,207.87672855263057,207.87672855263057,14.88161838412769
single-blocker,18,333,intersection,160,10.125,134.0,320.0,242.48734944291172,242.48734944291172,15.553794830138708
single-blocker,18,333,intersection,192,11.296875,157.4375,381.0,272.1067686648427,272.1067686648427,16.07288026965113
single-blocker,18,333,intersection,224,11.296875,169.9375,431.0,293.5127479036687,293.5127479036687,16.405208992214927
single-blocker,18,333,intersection,256,11.296875,182.4375,480.0,312.84998559502367,312.84998559502367,16.68211978629525
single-blocker,18,333,intersection,288,11.296875,194.9375,528.0,330.51669781921004,330.51669781921004,16.91833823362141
single-blocker,18,333,intersection,320,11.296875,207.4375,580.0,348.8901367589966,348.8901367589966,17.154350041678093
single-blocker,18,333,intersection,352,11.296875,219.9375,625.0,363.4811363739823,363.4811363739823,17.326310073064263
single-blocker,18,333,intersection,384,11.296875,232.4375,670.0,377.45954153256093,377.45954153256093,17.484507899623228
single-blocker,18,333,intersection,416,11.296875,244.9375,714.0,390.5223370371706,390.5223370371706,17.6260510739348
single-blocker,18,333,intersection,448,11.296875,257.4375,761.0,404.21385463872093,404.21385463872093,17.77204599285359
single-blocker,18,333,intersection,480,11.296875,269.9375,811.0,418.4703926035125,418.4703926035125,17.920978231831462
single-blocker,18,333,intersection,512,11.296875,282.4375,862.0,432.5568328093651,432.5568328093651,18.063490026754334
single-blocker,18,333,completed,32,3.9609375,27.90625,64.0,63.96821681185914,63.96821681185914,10.435915588510936
single-blocker,18,333,completed,64,5.4609375,54.40625,128.0,121.14413264044192,121.14413264044192,12.766504075974707
single-blocker,18,333,completed,96,6.9609375,80.90625,192.0,168.35122932401327,168.35122932401327,14.008277712547297
single-blocker,18,333,completed,128,8.4609375,107.40625,256.0,207.87672855263057,207.87672855263057,14.88161838412769
single-blocker,18,333,completed,160,9.9609375,133.90625,320.0,242.48734944291172,242.48734944291172,15.553794830138708
single-blocker,18,333,completed,192,10.828125,154.5,379.0,271.0047971877962,271.0047971877962,16.051715655989316
single-blocker,18,333,completed,224,10.828125,167.0,429.0,292.4107764266222,292.4107764266222,16.384044378553114
single-blocker,18,333,completed,256,10.828125,179.5,478.0,311.74801411797716,311.74801411797716,16.660955172633436
single-blocker,18,333,completed,288,10.828125,192.0,526.0,329.41472634216353,329.41472634216353,16.897173619959595
single-blocker,18,333,completed,320,10.828125,204.5,578.0,347.7881652819501,347.7881652819501,17.13318542801628
single-blocker,18,333,completed,352,10.828125,217.0,623.0,362.3791648969358,362.3791648969358,17.30514545940245
single-blocker,18,333,completed,384,10.828125,229.5,668.0,376.35757005551443,376.35757005551443,17.463343285961415
single-blocker,18,333,completed,416,10.828125,242.0,712.0,389.4203655601241,389.4203655601241,17.604886460272986
single-blocker,18,333,completed,448,10.828125,254.5,759.0,403.1118831616744,403.1118831616744,17.750881379191778
single-blocker,18,333,completed,480,10.828125,267.0,809.0,417.368421126466,417.368421126466,17.89981361816965
single-blocker,18,333,completed,512,10.828125,279.5,860.0,431.4548613323186,431.4548613323186,18.04232541309252
single-blocker,18,333,plugin,32,0.740234375,14.0859375,50.0,49.96821681185914,49.96821681185914,8.778807521998845
single-blocker,18,333,plugin,64,0.740234375,26.5859375,100.0,93.35247815784554,93.35247815784554,10.28676109914229
single-blocker,18,333,plugin,96,0.740234375,39.0859375,148.0,126.38443629654631,126.38443629654631,11.095143655952894
single-blocker,18,333,plugin,128,0.740234375,51.5859375,196.0,154.13009471829488,154.13009471829488,11.66922549629494
single-blocker,18,333,plugin,160,0.740234375,64.0859375,241.0,176.70592728673628,176.70592728673628,12.076761763216638
single-blocker,18,333,plugin,192,0.740234375,76.5859375,287.0,197.76501136624586,197.76501136624586,12.425664223544954
single-blocker,18,333,plugin,224,0.740234375,89.0859375,337.0,219.21958084742505,219.21958084742505,12.759771602235219
single-blocker,18,333,plugin,256,0.740234375,101.5859375,386.0,238.59276271837743,238.59276271837743,13.03789928965841
single-blocker,18,333,plugin,288,0.740234375,114.0859375,434.0,256.2872077606728,256.2872077606728,13.274998745739605
single-blocker,18,333,plugin,320,0.740234375,126.5859375,486.0,274.6893373641993,274.6893373641993,13.511868591464147
single-blocker,18,333,plugin,352,0.740234375,139.0859375,531.0,289.2962778574915,289.2962778574915,13.684281773993648
single-blocker,18,333,plugin,384,0.740234375,151.5859375,576.0,303.28893477991164,303.28893477991164,13.842870413443423
single-blocker,18,333,plugin,416,0.740234375,164.0859375,620.0,316.36362822705314,316.36362822705314,13.984729468667897
single-blocker,18,333,plugin,448,0.740234375,176.5859375,667.0,330.06858866179266,330.06858866179266,14.131069882335176
single-blocker,18,333,plugin,480,0.740234375,189.0859375,717.0,344.3395054893129,344.3395054893129,14.280358246669175
single-blocker,18,333,plugin,512,0.740234375,201.5859375,768.0,358.4394133696832,358.4394133696832,14.423190976695576
single-blocker,18,333,safe,32,2.125,0.0,32.0,31.968216811859147,31.968216811859147,4.02724519543652
single-blocker,18,333,safe,64,4.25,0.0,64.0,57.42435623340214,57.42435623340214,4.7282659037057675
single-blocker,18,333,safe,96,6.375,0.0,96.0,76.78319682780861,76.78319682780861,5.136346480888775
single-blocker,18,333,safe,128,8.5,0.0,128.0,93.03345515740088,93.03345515740088,5.425334592589174
single-blocker,18,333,safe,160,10.625,0.0,160.0,107.31238195727079,107.31238195727079,5.649261224939744
single-blocker,18,333,safe,192,12.75,0.0,192.0,120.1978375468853,120.1978375468853,5.832104609707439
single-blocker,18,333,safe,224,14.875,0.0,224.0,132.0310352083931,132.0310352083931,5.986627913082163
single-blocker,18,333,safe,256,17.0,0.0,256.0,143.03333360981438,143.03333360981438,6.120438712817281
single-blocker,18,333,safe,288,19.125,0.0,288.0,153.35798108855585,153.35798108855585,6.238439029233648
single-blocker,18,333,safe,320,21.25,0.0,320.0,163.1162631808352,163.1162631808352,6.343973346894013
single-blocker,18,333,safe,352,23.375,0.0,352.0,172.39200998111025,172.39200998111025,6.43942571339101
single-blocker,18,333,safe,384,25.5,0.0,384.0,181.25023096678382,181.25023096678382,6.5265555690159704
single-blocker,18,333,safe,416,27.625,0.0,416.0,189.74254455085054,189.74254455085054,6.6066985205464555
single-blocker,18,333,safe,448,29.75,0.0,448.0,197.91074640079475,197.91074640079475,6.680892410683006
single-blocker,18,333,safe,480,31.875,0.0,480.0,205.78924141297622,205.78924141297622,6.7499597404471405
single-blocker,18,333,safe,512,34.0,0.0,512.0,213.40675252840046,213.40675252840046,6.81456340954972
single-blocker,18,333,known,32,0.0,12.5,49.0,48.96821681185914,48.96821681185914,7.40797418866551
single-blocker,18,333,known,64,0.0,25.0,99.0,92.22759708485823,92.22759708485823,8.846475894151201
single-blocker,18,333,known,96,0.0,37.5,147.0,124.9182352098697,124.9182352098697,9.635551819218199
single-blocker,18,333,known,128,0.0,50.0,195.0,152.45885080052074,152.45885080052074,10.199761626831068
single-blocker,18,333,known,160,0.0,62.5,240.0,174.91726001364674,174.91726001364674,10.60224050388525
single-blocker,18,333,known,192,0.0,75.0,286.0,195.8790628976473,195.8790628976473,10.94728647693439
single-blocker,18,333,known,224,0.0,87.5,336.0,217.2371780864822,217.2371780864822,11.27787152033514
single-blocker,18,333,known,256,0.0,100.0,385.0,236.53892882350743,236.53892882350743,11.553585805406446
single-blocker,18,333,known,288,0.0,112.5,433.0,254.17821765417403,254.17821765417403,11.788936197177058
single-blocker,18,333,known,320,0.0,125.0,485.0,272.52324869728346,272.52324869728346,12.024101121764907
single-blocker,18,333,known,352,0.0,137.5,530.0,287.0984489625795,287.0984489625795,12.195613309689582
single-blocker,18,333,known,384,0.0,150.0,575.0,301.06271987947304,301.06271987947304,12.353424576629154
single-blocker,18,333,known,416,0.0,162.5,619.0,314.11370925397154,314.11370925397154,12.4946550880955
single-blocker,18,333,known,448,0.0,175.0,666.0,327.7918810809373,327.7918810809373,12.640307806895672
single-blocker,18,333,known,480,0.0,187.5,716.0,342.0341364239944,342.0341364239944,12.788887070091612
single-blocker,18,333,known,512,0.0,200.0,767.0,356.1071922530921,356.1071922530921,12.931080553739546
single-blocker,18,333,product,32,2.125,0.0,32.0,31.968216811859147,31.968216811859147,4.02724519543652
single-blocker,18,333,product,64,4.25,0.0,64.0,57.42435623340214,57.42435623340214,4.7282659037057675
single-blocker,18,333,product,96,6.375,0.0,96.0,76.78319682780861,76.78319682780861,5.136346480888775
single-blocker,18,333,product,128,8.5,0.0,128.0,93.03345515740088,93.03345515740088,5.425334592589174
single-blocker,18,333,product,160,10.625,0.0,160.0,107.31238195727079,107.31238195727079,5.649261224939744
single-blocker,18,333,product,192,12.75,0.0,192.0,120.1978375468853,120.1978375468853,5.832104609707439
single-blocker,18,333,product,224,14.875,0.0,224.0,132.0310352083931,132.0310352083931,5.986627913082163
single-blocker,18,333,product,256,17.0,0.0,256.0,143.03333360981438,143.03333360981438,6.120438712817281
single-blocker,18,333,product,288,19.125,0.0,288.0,153.35798108855585,153.35798108855585,6.238439029233648
single-blocker,18,333,product,320,21.25,0.0,320.0,163.1162631808352,163.1162631808352,6.343973346894013
single-blocker,18,333,product,352,23.375,0.0,352.0,172.39200998111025,172.39200998111025,6.43942571339101
single-blocker,18,333,product,384,25.5,0.0,384.0,181.25023096678382,181.25023096678382,6.5265555690159704
single-blocker,18,333,product,416,27.625,0.0,416.0,189.74254455085054,189.74254455085054,6.6066985205464555
single-blocker,18,333,product,448,29.75,0.0,448.0,197.91074640079475,197.91074640079475,6.680892410683006
single-blocker,18,333,product,480,31.875,0.0,480.0,205.78924141297622,205.78924141297622,6.7499597404471405
single-blocker,18,333,product,512,34.0,0.0,512.0,213.40675252840046,213.40675252840046,6.81456340954972
outcome-lag-64,20,333,prefix,32,18.8125,29.0,64.0,64.0,64.0,26.402291079960833
outcome-lag-64,20,333,prefix,64,37.625,58.0,128.0,127.92635715427264,127.92635715427264,52.05427200504785
outcome-lag-64,20,333,prefix,96,45.5,80.75,191.73620309271607,187.70220034569613,187.70220034569613,76.0481106098223
outcome-lag-64,20,333,prefix,128,46.8125,99.75,245.93648583015855,241.89869565445966,240.6743014355414,101.95003284277628
outcome-lag-64,20,333,prefix,160,48.125,118.75,292.14017588608664,291.5553868892892,286.75320775467776,124.53838383055589
outcome-lag-64,20,333,prefix,192,49.4375,137.75,332.95488631213306,337.3414837583516,327.5664791991671,140.3879340567173
outcome-lag-64,20,333,prefix,224,50.75,156.75,367.6124067682351,377.63040796099966,362.2239996552691,152.24602943054845
outcome-lag-64,20,333,prefix,256,52.0625,175.75,398.2897651489774,413.7170197160764,392.9013580360114,162.07643024960026
outcome-lag-64,20,333,prefix,288,53.375,194.75,427.0235555770828,447.0983341935491,421.6351484641168,170.43544397267954
outcome-lag-64,20,333,prefix,320,54.6875,213.75,453.42696825339283,477.69736219394247,448.02174051014106,177.61074165925933
outcome-lag-64,20,333,prefix,352,56.0,232.75,478.2598109827511,506.90759403847846,472.85458323949933,184.50449015764823
outcome-lag-64,20,333,prefix,384,56.65625,245.625,498.7799298050349,531.238704483385,493.3747020617831,190.22221393091306
outcome-lag-64,20,333,prefix,416,56.65625,252.375,514.783127953969,550.926124470215,509.3779002107173,195.341307882786
outcome-lag-64,20,333,prefix,448,56.65625,259.125,530.7602103780364,570.0733808204037,525.3549826347846,199.7643708725019
outcome-lag-64,20,333,prefix,480,56.65625,265.875,546.068812827165,588.4787103431245,540.6635850839132,204.00543466819317
outcome-lag-64,20,333,prefix,512,56.65625,272.625,560.7904752153581,606.3372899887388,555.3852474721064,208.1999187455555
outcome-lag-64,20,333,intersection,32,18.8125,29.0,64.0,64.0,64.0,26.402291079960833
outcome-lag-64,20,333,intersection,64,23.953125,50.1875,128.0,128.0,128.0,60.754605668716955
outcome-lag-64,20,333,intersection,96,25.265625,69.1875,191.73620309271607,189.71889971633985,189.71889971633985,88.94604143613907
outcome-lag-64,20,333,intersection,128,26.578125,88.1875,246.33264423689178,244.7657343266332,243.54134010771497,113.32685913975396
outcome-lag-64,20,333,intersection,160,27.890625,107.1875,293.07672763848956,295.3354406114274,290.0609454225327,132.6092818422453
outcome-lag-64,20,333,intersection,192,29.203125,126.1875,331.9131478979473,340.4212206459596,328.8496981580819,146.99131879522045
outcome-lag-64,20,333,intersection,224,30.515625,145.1875,365.72911524159827,379.79078052544213,362.63011131396325,158.14552292921164
outcome-lag-64,20,333,intersection,256,31.828125,164.1875,396.2171751471042,415.56920119123106,393.11817121946916,167.68320525824097
outcome-lag-64,20,333,intersection,288,33.140625,183.1875,424.3808442573656,448.2208739075379,421.2818403297306,175.66564277146455
outcome-lag-64,20,333,intersection,320,34.453125,202.1875,450.5450745899335,478.4199600573902,447.4128344800072,182.55336202928603
outcome-lag-64,20,333,intersection,352,35.765625,221.1875,475.07994211831283,507.1618985827235,471.9460889387313,189.14545882577758
outcome-lag-64,20,333,intersection,384,36.873046875,238.2734375,497.064637434696,532.8284370498961,493.92976496643064,194.783489366477
outcome-lag-64,20,333,intersection,416,36.873046875,245.0234375,512.6939983566771,552.0239773005565,509.55912588841164,199.68810115031425
outcome-lag-64,20,333,intersection,448,36.873046875,251.7734375,528.3198141492944,570.7245526208974,525.184941681029,203.93983046623546
outcome-lag-64,20,333,intersection,480,36.873046875,258.5234375,543.3185937993726,588.7400083723438,540.1837213311072,208.03467041333445
outcome-lag-64,20,333,intersection,512,36.873046875,265.2734375,557.7645269097977,606.2347101374237,554.6296544415324,212.0828807841156
outcome-lag-64,20,333,completed,32,7.328125,22.4375,64.0,64.0,64.0,32.693792030775626
outcome-lag-64,20,333,completed,64,13.28125,34.90625,117.0,117.0,117.0,61.48901217924556
outcome-lag-64,20,333,completed,96,20.078125,46.1875,167.73620309271607,166.5409164228485,166.5409164228485,81.934998926285
outcome-lag-64,20,333,completed,128,21.390625,65.1875,223.94886460424874,223.0023011215663,221.77790690264803,102.17961935620475
outcome-lag-64,20,333,completed,160,22.703125,84.1875,272.87050921204985,275.699575378833,270.0546904339475,121.19707596982015
outcome-lag-64,20,333,completed,192,24.015625,103.1875,313.89845821814254,322.483720954084,310.5413485124716,135.89663721516047
outcome-lag-64,20,333,completed,224,25.328125,122.1875,349.7270349598711,363.4248373617963,346.02575225325484,147.40958319829758
outcome-lag-64,20,333,completed,256,26.640625,141.1875,381.9234415899293,400.79287871778155,378.22215888331306,157.46829076523753
outcome-lag-64,20,333,completed,288,27.953125,160.1875,410.9387286278067,434.198972074688,407.23744592119044,165.6753054493082
outcome-lag-64,20,333,completed,320,29.265625,179.1875,437.94250164882914,465.1028860284225,434.13980002776594,172.66529967857358
outcome-lag-64,20,333,completed,352,30.578125,198.1875,463.0348503405299,494.3203812979321,459.1962578329522,179.29669926698878
outcome-lag-64,20,333,completed,384,31.357421875,212.2109375,483.6372156890201,518.5600800044864,479.7921719388753,184.8033359430534
outcome-lag-64,20,333,completed,416,31.931640625,224.3203125,501.86799903274994,540.3697133768084,498.02209785857,189.8369686112408
outcome-lag-64,20,333,completed,448,32.30078125,234.515625,519.1444990921075,560.6915377618343,515.2839786806877,194.09391490691283
outcome-lag-64,20,333,completed,480,32.505859375,243.1796875,534.9236184027984,579.4807008956506,531.0630979913786,198.17872854310312
outcome-lag-64,20,333,completed,512,32.546875,250.3125,549.7358238462481,597.3279018363604,545.8753034348283,202.2045267384222
outcome-lag-64,20,333,plugin,32,2.556640625,9.9453125,53.0,53.0,53.0,28.532307681791277
outcome-lag-64,20,333,plugin,64,2.994140625,15.4453125,103.0,103.0,103.0,58.917197068587846
outcome-lag-64,20,333,plugin,96,3.828125,27.3125,159.73620309271607,158.5409164228485,158.5409164228485,84.57571525057932
outcome-lag-64,20,333,plugin,128,3.828125,34.0625,205.70719131995696,205.92423933867835,204.1727922858052,104.04510997992996
outcome-lag-64,20,333,plugin,160,4.56640625,47.703125,246.8636282738542,253.74584709763144,245.32922923970244,120.78212811745135
outcome-lag-64,20,333,plugin,192,4.56640625,54.453125,274.7682331277039,288.0240429946207,273.23383409355216,132.9627356514647
outcome-lag-64,20,333,plugin,224,4.6484375,61.96875,299.03891269979965,317.62955791650427,297.5045136656479,142.16388895271623
outcome-lag-64,20,333,plugin,256,4.6484375,68.71875,319.0430969967783,341.93679086527345,317.5086979626265,149.23518507525677
outcome-lag-64,20,333,plugin,288,4.6484375,75.46875,340.3168028964198,367.14029750477823,338.78240386226804,155.66303438449177
outcome-lag-64,20,333,plugin,320,4.6484375,82.21875,358.8638578344862,389.59722196790443,357.32945880033446,161.5953876120373
outcome-lag-64,20,333,plugin,352,4.6484375,88.96875,377.16519850215167,411.9617443474911,375.6307994679999,167.47828360880865
outcome-lag-64,20,333,plugin,384,4.6484375,95.71875,393.24786118023076,431.58791352690616,391.713462146079,172.45460382388836
outcome-lag-64,20,333,plugin,416,4.6484375,102.46875,408.5918347740317,450.4048063798248,407.05743573987996,177.19802377229163
outcome-lag-64,20,333,plugin,448,4.6484375,109.21875,423.94500420260147,468.7569735630157,422.4106051684497,181.3192992156717
outcome-lag-64,20,333,plugin,480,4.6484375,115.96875,438.7007685768087,486.46519091530007,437.1663695426569,185.30146886875517
outcome-lag-64,20,333,plugin,512,4.6484375,122.71875,452.9284647518488,503.67095966812803,451.39406571769706,189.23583301350192
outcome-lag-64,20,333,safe,32,14.8125,0.0,32.0,32.0,32.0,13.363906638390231
outcome-lag-64,20,333,safe,64,29.625,0.0,64.0,64.0,64.0,29.022056202608237
outcome-lag-64,20,333,safe,96,44.4375,0.0,95.73620309271611,94.54091642284853,94.54091642284853,41.645249817760345
outcome-lag-64,20,333,safe,128,59.25,0.0,120.23424415391199,119.92423933867836,118.69984511976011,51.06730251569828
outcome-lag-64,20,333,safe,160,74.0625,0.0,139.08167731354575,142.29743177601227,137.54727827939388,59.38549478551289
outcome-lag-64,20,333,safe,192,88.875,0.0,154.99228577903338,161.97631010174473,153.4578867448815,66.36176090639849
outcome-lag-64,20,333,safe,224,103.6875,0.0,169.02448361219575,179.2129184657043,167.49008457804388,71.91969491222491
outcome-lag-64,20,333,safe,256,118.5,0.0,181.69262732553128,194.42804071557669,180.1582282913794,76.2663295604111
outcome-lag-64,20,333,safe,288,133.3125,0.0,193.34255957562235,208.07614784985805,191.80816054147047,79.70778953236746
outcome-lag-64,20,333,safe,320,148.125,0.0,204.1758424535845,221.20040642192876,202.64144341943262,83.17930032981924
outcome-lag-64,20,333,safe,352,162.9375,0.0,214.36523394365625,233.57583233605342,212.83083490950438,86.37443181016583
outcome-lag-64,20,333,safe,384,177.75,0.0,223.99878529704398,245.19388208482331,222.4643862628921,89.22139042888708
outcome-lag-64,20,333,safe,416,192.5625,0.0,233.16830176972366,256.29275322592065,231.63390273557178,91.90809093744825
outcome-lag-64,20,333,safe,448,207.375,0.0,241.92755835969785,266.7045490277,240.39315932554598,94.22587877941993
outcome-lag-64,20,333,safe,480,222.1875,0.0,250.3279477602973,276.80981209076685,248.79354872614542,96.52171416006928
outcome-lag-64,20,333,safe,512,237.0,0.0,258.4160657716861,286.46543840123206,256.8816667375343,98.62443302421269
outcome-lag-64,20,333,known,32,0.0,6.75,49.0,49.0,49.0,27.788397425381017
outcome-lag-64,20,333,known,64,0.0,13.5,100.0,100.0,100.0,59.109763777571885
outcome-lag-64,20,333,known,96,0.0,20.25,149.73620309271607,148.5409164228485,148.5409164228485,82.96020307460233
outcome-lag-64,20,333,known,128,0.0,27.0,195.610596871463,195.92423933867835,194.07619783731124,102.28437005653295
outcome-lag-64,20,333,known,160,0.0,33.75,230.2138634763812,237.4226022136302,228.67946444222943,118.34567090751537
outcome-lag-64,20,333,known,192,0.0,40.5,257.836445446786,271.4140345448024,256.30204641263424,130.37586931887378
outcome-lag-64,20,333,known,224,0.0,47.25,280.94346376521264,299.83292166363185,279.4090647310609,139.48658168468404
outcome-lag-64,20,333,known,256,0.0,54.0,300.84034463726067,324.0096474052225,299.3059456031089,146.49782510201464
outcome-lag-64,20,333,known,288,0.0,60.75,321.99506574133466,349.07044629105934,320.4606667071829,152.86729746841533
outcome-lag-64,20,333,known,320,0.0,67.5,340.4571697328059,371.4241600277129,338.9227706986541,158.75670664362943
outcome-lag-64,20,333,known,352,0.0,74.25,358.6791947665235,393.6882128432332,357.14479573237173,164.59707766560223
outcome-lag-64,20,333,known,384,0.0,81.0,374.70560678725036,413.24086505256076,373.1712077530986,169.54256463858258
outcome-lag-64,20,333,known,416,0.0,87.75,390.0001673488062,431.99196058377754,388.46576831465444,174.25833554583625
outcome-lag-64,20,333,known,448,0.0,94.5,405.30574217504244,450.2831804429139,403.7713431408907,178.35708664574832
outcome-lag-64,20,333,known,480,0.0,101.25,420.0188619062667,467.93737205034984,418.48446287211493,182.31968417183353
outcome-lag-64,20,333,known,512,0.0,108.0,434.20808704954777,485.0921386273627,432.673688015396,186.23416991343652
outcome-lag-64,20,333,product,32,0.0,6.75,49.0,49.0,49.0,27.788397425381017
outcome-lag-64,20,333,product,64,0.0,13.5,100.0,100.0,100.0,59.109763777571885
outcome-lag-64,20,333,product,96,0.0,20.25,149.73620309271607,148.5409164228485,148.5409164228485,82.96020307460233
outcome-lag-64,20,333,product,128,0.0,27.0,195.610596871463,195.92423933867835,194.07619783731124,102.28437005653295
outcome-lag-64,20,333,product,160,0.0,33.75,230.2138634763812,237.4226022136302,228.67946444222943,118.34567090751537
outcome-lag-64,20,333,product,192,0.0,40.5,257.836445446786,271.4140345448024,256.30204641263424,130.37586931887378
outcome-lag-64,20,333,product,224,0.0,47.25,280.94346376521264,299.83292166363185,279.4090647310609,139.48658168468404
outcome-lag-64,20,333,product,256,0.0,54.0,300.84034463726067,324.0096474052225,299.3059456031089,146.49782510201464
outcome-lag-64,20,333,product,288,0.0,60.75,321.99506574133466,349.07044629105934,320.4606667071829,152.86729746841533
outcome-lag-64,20,333,product,320,0.0,67.5,340.4571697328059,371.4241600277129,338.9227706986541,158.75670664362943
outcome-lag-64,20,333,product,352,0.0,74.25,358.6791947665235,393.6882128432332,357.14479573237173,164.59707766560223
outcome-lag-64,20,333,product,384,0.0,81.0,374.70560678725036,413.24086505256076,373.1712077530986,169.54256463858258
outcome-lag-64,20,333,product,416,0.0,87.75,390.0001673488062,431.99196058377754,388.46576831465444,174.25833554583625
outcome-lag-64,20,333,product,448,0.0,94.5,405.30574217504244,450.2831804429139,403.7713431408907,178.35708664574832
outcome-lag-64,20,333,product,480,0.0,101.25,420.0188619062667,467.93737205034984,418.48446287211493,182.31968417183353
outcome-lag-64,20,333,product,512,0.0,108.0,434.20808704954777,485.0921386273627,432.673688015396,186.23416991343652
single-blocker,20,333,prefix,32,18.8125,29.0,64.0,63.96821681185914,63.96821681185914,9.454416234402885
single-blocker,20,333,prefix,64,37.625,58.0,128.0,116.10382972641379,116.10382972641379,11.224802983324174
single-blocker,20,333,prefix,96,56.4375,87.0,192.0,156.22383562847128,156.22383562847128,12.491139305959516
single-blocker,20,333,prefix,128,75.25,116.0,256.0,190.21993209379536,190.21993209379536,13.378726689466378
single-blocker,20,333,prefix,160,94.0625,145.0,320.0,219.76871520768447,219.76871520768447,13.958298956440764
single-blocker,20,333,prefix,192,112.875,174.0,384.0,247.09898859172455,247.09898859172455,14.534020585236691
single-blocker,20,333,prefix,224,131.6875,203.0,448.0,271.097534952872,271.097534952872,14.851754743034874
single-blocker,20,333,prefix,256,150.5,232.0,512.0,296.6585902333953,296.6585902333953,15.494437514199717
single-blocker,20,333,prefix,288,169.3125,261.0,576.0,318.9844033473947,318.9844033473947,15.851776180805603
single-blocker,20,333,prefix,320,188.125,290.0,640.0,340.88782903247727,340.88782903247727,16.217699069398517
single-blocker,20,333,prefix,352,206.9375,319.0,704.0,361.1627485722747,361.1627485722747,16.501991852550052
single-blocker,20,333,prefix,384,225.75,348.0,768.0,379.1733757757892,379.1733757757892,16.682076761470213
single-blocker,20,333,prefix,416,244.5625,377.0,832.0,398.6115788279925,398.6115788279925,16.96473650315834
single-blocker,20,333,prefix,448,263.375,406.0,896.0,418.1729090390977,418.1729090390977,17.254046656505146
single-blocker,20,333,prefix,480,282.1875,435.0,960.0,434.94285768476846,434.94285768476846,17.42807142490769
single-blocker,20,333,prefix,512,301.0,464.0,1024.0,451.88200030472166,451.88200030472166,17.620930662761157
single-blocker,20,333,intersection,32,8.96875,23.375,64.0,63.96821681185914,63.96821681185914,10.594862197457548
single-blocker,20,333,intersection,64,10.28125,42.375,128.0,121.34492236728798,121.34492236728798,12.78174823006268
single-blocker,20,333,intersection,96,11.59375,61.375,192.0,168.41905442106693,168.41905442106693,14.011830901938998
single-blocker,20,333,intersection,128,12.90625,80.375,256.0,207.61462795729727,207.61462795729727,14.869640705010472
single-blocker,20,333,intersection,160,14.21875,99.375,320.0,242.05174250574325,242.05174250574325,15.535890117517425
single-blocker,20,333,intersection,192,15.53125,118.375,384.0,273.26711165027217,273.26711165027217,16.08609406684298
single-blocker,20,333,intersection,224,16.84375,137.375,448.0,302.05099778112003,302.05099778112003,16.555428489525404
single-blocker,20,333,intersection,256,18.15625,156.375,512.0,328.87149997284075,328.87149997284075,16.96363688333071
single-blocker,20,333,intersection,288,19.46875,175.375,576.0,353.75305780902966,353.75305780902966,17.314558038586473
single-blocker,20,333,intersection,320,20.78125,194.375,640.0,377.39605096006284,377.39605096006284,17.632382130995634
single-blocker,20,333,intersection,352,22.09375,213.375,704.0,399.7794138728926,399.7794138728926,17.917348018845303
single-blocker,20,333,intersection,384,23.40625,232.375,768.0,421.27709767993787,421.27709767993787,18.180872129006232
single-blocker,20,333,intersection,416,24.71875,251.375,832.0,441.876275593765,441.876275593765,18.422974786975864
single-blocker,20,333,intersection,448,26.03125,270.375,896.0,461.61631505544926,461.61631505544926,18.645280649043684
single-blocker,20,333,intersection,480,26.359375,280.1875,949.0,476.6238936379468,476.6238936379468,18.800089777553385
single-blocker,20,333,intersection,512,26.359375,286.9375,999.0,490.04725990229906,490.04725990229906,18.93101601447065
single-blocker,20,333,completed,32,8.421875,23.0625,64.0,63.96821681185914,63.96821681185914,10.625563951843512
single-blocker,20,333,completed,64,9.734375,42.0625,128.0,121.36078985712048,121.36078985712048,12.782756294578812
single-blocker,20,333,completed,96,11.046875,61.0625,192.0,168.3936382072417,168.3936382072417,14.010499934769529
single-blocker,20,333,completed,128,12.359375,80.0625,256.0,207.532306088026,207.532306088026,14.865868069195594
single-blocker,20,333,completed,160,13.671875,99.0625,320.0,241.9616654568986,241.9616654568986,15.532173246153498
single-blocker,20,333,completed,192,14.984375,118.0625,384.0,273.1871362757148,273.1871362757148,16.08307325681837
single-blocker,20,333,completed,224,16.296875,137.0625,448.0,301.9880000857975,301.9880000857975,16.55322440789276
single-blocker,20,333,completed,256,17.609375,156.0625,512.0,328.82789622619674,328.82789622619674,16.962210438279854
single-blocker,20,333,completed,288,18.921875,175.0625,576.0,353.70381820322734,353.70381820322734,17.313034846762555
single-blocker,20,333,completed,320,20.234375,194.0625,640.0,377.351419418016,377.351419418016,17.631070942184436
single-blocker,20,333,completed,352,21.546875,213.0625,704.0,399.73372811534534,399.73372811534534,17.916065967563238
single-blocker,20,333,completed,384,22.859375,232.0625,768.0,421.23711502695585,421.23711502695585,18.179797512010737
single-blocker,20,333,completed,416,24.171875,251.0625,832.0,441.8408994375157,441.8408994375157,18.422060924383285
single-blocker,20,333,completed,448,25.40234375,269.296875,896.0,461.58144653680966,461.58144653680966,18.644411786647222
single-blocker,20,333,completed,480,25.40234375,276.046875,946.0,475.45893773135515,475.45893773135515,18.784235445933504
single-blocker,20,333,completed,512,25.40234375,282.796875,996.0,488.87151374939737,488.87151374939737,18.914918120343163
single-blocker,20,333,plugin,32,4.59375,20.875,64.0,63.96821681185914,63.96821681185914,10.663703181894505
single-blocker,20,333,plugin,64,5.044921875,31.8359375,120.0,113.22759708485825,113.22759708485825,12.444215551294885
single-blocker,20,333,plugin,96,5.044921875,38.5859375,170.0,147.42117529086144,147.42117529086144,13.272130088729908
single-blocker,20,333,plugin,128,5.044921875,45.3359375,224.0,178.57967096566148,178.57967096566148,13.91109654695257
single-blocker,20,333,plugin,160,5.044921875,52.0859375,276.0,204.54607868631135,204.54607868631135,14.372821047182725
single-blocker,20,333,plugin,192,5.044921875,58.8359375,326.0,226.90929603379809,226.90929603379809,14.730016445532673
single-blocker,20,333,plugin,224,5.044921875,65.5859375,374.0,246.536630422086,246.536630422086,15.01751466281501
single-blocker,20,333,plugin,256,5.044921875,72.3359375,420.0,263.9625602819313,263.9625602819313,15.254738086466926
single-blocker,20,333,plugin,288,5.044921875,79.0859375,472.0,282.93105527191983,282.93105527191983,15.504073930947474
single-blocker,20,333,plugin,320,5.044921875,85.8359375,521.0,299.62030329458184,299.62030329458184,15.709105170043147
single-blocker,20,333,plugin,352,5.044921875,92.5859375,572.0,316.2592122894741,316.2592122894741,15.905171193028009
single-blocker,20,333,plugin,384,5.044921875,99.3359375,620.0,331.04515225513853,331.04515225513853,16.06982153502113
single-blocker,20,333,plugin,416,5.044921875,106.0859375,668.0,345.2451910755291,345.2451910755291,16.221905489262017
single-blocker,20,333,plugin,448,5.044921875,112.8359375,718.0,359.5997729210073,359.5997729210073,16.371291253002237
single-blocker,20,333,plugin,480,5.044921875,119.5859375,768.0,373.4417831911668,373.4417831911668,16.510289892767428
single-blocker,20,333,plugin,512,5.044921875,126.3359375,818.0,386.8223446711723,386.8223446711723,16.640252499943237
single-blocker,20,333,safe,32,14.8125,0.0,32.0,31.968216811859147,31.968216811859147,4.02724519543652
single-blocker,20,333,safe,64,29.625,0.0,64.0,57.42435623340214,57.42435623340214,4.7282659037057675
single-blocker,20,333,safe,96,44.4375,0.0,96.0,76.78319682780861,76.78319682780861,5.136346480888775
single-blocker,20,333,safe,128,59.25,0.0,128.0,93.03345515740088,93.03345515740088,5.425334592589174
single-blocker,20,333,safe,160,74.0625,0.0,160.0,107.31238195727079,107.31238195727079,5.649261224939744
single-blocker,20,333,safe,192,88.875,0.0,192.0,120.1978375468853,120.1978375468853,5.832104609707439
single-blocker,20,333,safe,224,103.6875,0.0,224.0,132.0310352083931,132.0310352083931,5.986627913082163
single-blocker,20,333,safe,256,118.5,0.0,256.0,143.03333360981438,143.03333360981438,6.120438712817281
single-blocker,20,333,safe,288,133.3125,0.0,288.0,153.35798108855585,153.35798108855585,6.238439029233648
single-blocker,20,333,safe,320,148.125,0.0,320.0,163.1162631808352,163.1162631808352,6.343973346894013
single-blocker,20,333,safe,352,162.9375,0.0,352.0,172.39200998111025,172.39200998111025,6.43942571339101
single-blocker,20,333,safe,384,177.75,0.0,384.0,181.25023096678382,181.25023096678382,6.5265555690159704
single-blocker,20,333,safe,416,192.5625,0.0,416.0,189.74254455085054,189.74254455085054,6.6066985205464555
single-blocker,20,333,safe,448,207.375,0.0,448.0,197.91074640079475,197.91074640079475,6.680892410683006
single-blocker,20,333,safe,480,222.1875,0.0,480.0,205.78924141297622,205.78924141297622,6.7499597404471405
single-blocker,20,333,safe,512,237.0,0.0,512.0,213.40675252840046,213.40675252840046,6.81456340954972
single-blocker,20,333,known,32,0.0,6.75,49.0,48.96821681185914,48.96821681185914,7.407974188665511
single-blocker,20,333,known,64,0.0,13.5,100.0,93.14413264044191,93.14413264044191,8.87504732272263
single-blocker,20,333,known,96,0.0,20.25,150.0,127.16163488087686,127.16163488087686,9.69325835611453
single-blocker,20,333,known,128,0.0,27.0,204.0,158.19959927842368,158.19959927842368,10.326690223142226
single-blocker,20,333,known,160,0.0,33.75,256.0,184.09557878507934,184.09557878507934,10.785607705828522
single-blocker,20,333,known,192,0.0,40.5,306.0,206.4123313449757,206.4123313449757,11.141126345911125
single-blocker,20,333,known,224,0.0,47.25,354.0,226.00690669573964,226.00690669573964,11.427526943655838
single-blocker,20,333,known,256,0.0,54.0,400.0,243.40885351266004,243.40885351266004,11.663991436316262
single-blocker,20,333,known,288,0.0,60.75,452.0,262.34865783890876,262.34865783890876,11.912469243128953
single-blocker,20,333,known,320,0.0,67.5,501.0,279.0174142256744,279.0174142256744,12.116921068455033
single-blocker,20,333,known,352,0.0,74.25,552.0,295.63663161227936,295.63663161227936,12.312456661512478
single-blocker,20,333,known,384,0.0,81.0,600.0,310.4080732277819,310.4080732277819,12.476733040668163
single-blocker,20,333,known,416,0.0,87.75,648.0,324.5951596475244,324.5951596475244,12.628494836447356
single-blocker,20,333,known,448,0.0,94.5,698.0,338.936701230417,338.936701230417,12.7775676601156
single-blocker,20,333,known,480,0.0,101.25,748.0,352.76702320562765,352.76702320562765,12.916295553975822
single-blocker,20,333,known,512,0.0,108.0,798.0,366.137030101791,366.137030101791,13.046021614729394
single-blocker,20,333,product,32,0.0,6.75,49.0,48.96821681185914,48.96821681185914,7.407974188665511
single-blocker,20,333,product,64,0.0,13.5,100.0,93.14413264044191,93.14413264044191,8.87504732272263
single-blocker,20,333,product,96,0.0,20.25,150.0,127.16163488087686,127.16163488087686,9.69325835611453
single-blocker,20,333,product,128,0.0,27.0,204.0,158.19959927842368,158.19959927842368,10.326690223142226
single-blocker,20,333,product,160,0.0,33.75,256.0,184.09557878507934,184.09557878507934,10.785607705828522
single-blocker,20,333,product,192,0.0,40.5,306.0,206.4123313449757,206.4123313449757,11.141126345911125
single-blocker,20,333,product,224,0.0,47.25,354.0,226.00690669573964,226.00690669573964,11.427526943655838
single-blocker,20,333,product,256,0.0,54.0,400.0,243.40885351266004,243.40885351266004,11.663991436316262
single-blocker,20,333,product,288,0.0,60.75,452.0,262.34865783890876,262.34865783890876,11.912469243128953
single-blocker,20,333,product,320,0.0,67.5,501.0,279.0174142256744,279.0174142256744,12.116921068455033
single-blocker,20,333,product,352,0.0,74.25,552.0,295.63663161227936,295.63663161227936,12.312456661512478
single-blocker,20,333,product,384,0.0,81.0,600.0,310.4080732277819,310.4080732277819,12.476733040668163
single-blocker,20,333,product,416,0.0,87.75,648.0,324.5951596475244,324.5951596475244,12.628494836447356
single-blocker,20,333,product,448,0.0,94.5,698.0,338.936701230417,338.936701230417,12.7775676601156
single-blocker,20,333,product,480,0.0,101.25,748.0,352.76702320562765,352.76702320562765,12.916295553975822
single-blocker,20,333,product,512,0.0,108.0,798.0,366.137030101791,366.137030101791,13.046021614729394
outcome-lag-64,22,333,prefix,32,10.5,27.0,64.0,64.0,64.0,39.01476087593441
outcome-lag-64,22,333,prefix,64,21.0,54.0,128.0,128.0,128.0,73.18615039832417
outcome-lag-64,22,333,prefix,96,25.59375,77.625,191.76302452196194,189.44811106340197,189.44811106340197,97.58434325023507
outcome-lag-64,22,333,prefix,128,25.59375,98.625,245.03500296989716,242.5169213700819,241.72757101456193,114.23865787814097
outcome-lag-64,22,333,prefix,160,25.59375,119.625,290.0688455484111,290.57572903969105,286.7614135930759,129.1075564225226
outcome-lag-64,22,333,prefix,192,25.59375,140.625,332.1400795317012,335.260766284501,328.5938755795164,141.85974867112805
outcome-lag-64,22,333,prefix,224,25.59375,161.625,367.0041070939713,373.36450165532926,363.4386291294807,151.47925025990568
outcome-lag-64,22,333,prefix,256,25.59375,182.625,398.6522585998979,408.7800491910446,395.08284600785953,160.20020507146137
outcome-lag-64,22,333,prefix,288,25.59375,203.625,428.66874959664733,443.0571544304159,425.09933700460897,168.80462571151102
outcome-lag-64,22,333,prefix,320,25.59375,224.625,455.40956756725564,474.2072956502272,451.8401549752173,176.4460992624094
outcome-lag-64,22,333,prefix,352,25.59375,245.625,480.7538557967681,503.64733811273004,477.18444320472975,183.34641131233764
outcome-lag-64,22,333,prefix,384,25.59375,266.625,504.2081116348838,530.4039705702726,500.6386990428454,188.84614405652508
outcome-lag-64,22,333,prefix,416,25.59375,287.625,526.4060921904257,555.884165011639,522.8366795983873,193.98120060551054
outcome-lag-64,22,333,prefix,448,25.59375,308.625,547.671404769265,580.1067038417809,544.1019921772265,198.56404994960923
outcome-lag-64,22,333,prefix,480,25.59375,329.625,568.0572531480929,603.5536209076512,564.4878405560544,203.08929244156246
outcome-lag-64,22,333,prefix,512,25.59375,350.625,587.5095663307566,625.9965601659308,583.9401537387181,207.33038345642345
outcome-lag-64,22,333,intersection,32,10.5,27.0,64.0,64.0,64.0,39.01476087593441
outcome-lag-64,22,333,intersection,64,21.0,54.0,128.0,128.0,128.0,73.18615039832417
outcome-lag-64,22,333,intersection,96,21.984375,75.5625,191.76302452196194,189.57371281406736,189.57371281406736,98.90706322733543
outcome-lag-64,22,333,intersection,128,21.984375,96.5625,245.03500296989716,242.80632959626837,241.9157943712981,116.39446669532244
outcome-lag-64,22,333,intersection,160,21.984375,117.5625,290.2879813525541,291.1125103527225,287.16877275395495,131.12016122132206
outcome-lag-64,22,333,intersection,192,21.984375,138.5625,331.91343566689767,335.3817852419259,328.5673329349159,143.4909536543277
outcome-lag-64,22,333,intersection,224,21.984375,159.5625,366.33466700233123,373.22975662626993,362.98856427034946,152.98314884708375
outcome-lag-64,22,333,intersection,256,21.984375,180.5625,397.6540933753398,408.42394018234364,394.30799064335804,161.61442464721276
outcome-lag-64,22,333,intersection,288,21.984375,201.5625,427.2522807775659,442.31519517803684,423.9061780455841,170.05688291948525
outcome-lag-64,22,333,intersection,320,21.984375,222.5625,453.83710759063007,473.3013099589005,450.4910048586483,177.59745875960064
outcome-lag-64,22,333,intersection,352,21.984375,243.5625,478.9979751980915,502.53160206146924,475.65187246610975,184.39362876767993
outcome-lag-64,22,333,intersection,384,21.984375,264.5625,502.38768435737643,529.2153852338232,499.04158162539466,189.85081101086678
outcome-lag-64,22,333,intersection,416,21.984375,285.5625,524.5539449081502,554.6508111870237,521.2078421761686,194.95637906154838
outcome-lag-64,22,333,intersection,448,21.984375,306.5625,545.7705283628687,578.8040895539898,542.4244256308871,199.5062646274212
outcome-lag-64,22,333,intersection,480,21.984375,327.5625,566.113911863665,602.1957203493965,562.7678091316833,204.00569667757608
outcome-lag-64,22,333,intersection,512,21.984375,348.5625,585.5778778013124,624.6496381479643,582.2317750693308,208.2433460648073
outcome-lag-64,22,333,completed,32,8.53125,25.875,64.0,64.0,64.0,38.92732245228908
outcome-lag-64,22,333,completed,64,9.3984375,44.90625,125.0,125.0,125.0,75.27841960390518
outcome-lag-64,22,333,completed,96,9.6875,65.25,187.69094272165404,185.9761590795707,185.9178164647915,101.53500868837853
outcome-lag-64,22,333,completed,128,9.6875,86.25,242.56880076954778,240.89392619746386,239.80850559099358,118.53367842532
outcome-lag-64,22,333,completed,160,9.6875,107.25,289.0112999016754,289.45265678362557,285.287447119656,132.64257836157793
outcome-lag-64,22,333,completed,192,9.6875,128.25,328.2695668673576,332.22333563602524,324.53569287862,144.33613160443684
outcome-lag-64,22,333,completed,224,9.6875,149.25,362.23992490852544,369.91009305228016,358.5060509197879,153.68526977255092
outcome-lag-64,22,333,completed,256,9.6875,170.25,393.06752627645704,404.85619463666256,389.33365228771953,162.22491246372576
outcome-lag-64,22,333,completed,288,9.6875,191.25,421.5937600224355,437.7171834146319,417.859886033698,170.23347781211092
outcome-lag-64,22,333,completed,320,9.6875,212.25,447.9269461570627,468.3932883386779,444.19307216832516,177.5070710652326
outcome-lag-64,22,333,completed,352,9.6875,233.25,472.63620525139567,497.07065069492796,468.90233126265815,184.00148804660094
outcome-lag-64,22,333,completed,384,9.6875,254.25,495.974739635032,523.6713386332456,492.2408656462945,189.35818459500544
outcome-lag-64,22,333,completed,416,9.6875,275.25,518.1797432430332,549.0995311571046,514.4458692542958,194.40062798177541
outcome-lag-64,22,333,completed,448,9.6875,296.25,539.3381732451916,573.1230616341969,535.6042992564542,198.8658775323133
outcome-lag-64,22,333,completed,480,9.6875,317.25,559.6272623142107,596.4202496732202,555.8933883254733,203.30223335231554
outcome-lag-64,22,333,completed,512,9.6875,338.25,579.2370631088531,619.0293047219275,575.5031891201157,207.56020756330895
outcome-lag-64,22,333,plugin,32,5.4296875,11.34375,47.0,47.0,47.0,27.463772714796356
outcome-lag-64,22,333,plugin,64,6.4296875,20.34375,97.0,97.0,97.0,54.8925355559515
outcome-lag-64,22,333,plugin,96,6.96484375,34.921875,153.80391364585284,152.0402809658076,152.0402809658076,76.70724107799097
outcome-lag-64,22,333,plugin,128,7.96484375,43.921875,190.3471549530233,187.41872046493742,187.41439201946815,87.38179673005652
outcome-lag-64,22,333,plugin,160,8.2265625,61.78125,234.17333541603026,231.71262752797855,230.55248163767618,98.77367406344017
outcome-lag-64,22,333,plugin,192,8.92578125,74.390625,269.8529954350745,269.91468214824584,266.23214165672044,108.81099614842341
outcome-lag-64,22,333,plugin,224,9.203125,92.0625,306.35144803513117,309.42072524292547,302.7305942567771,118.93257311375743
outcome-lag-64,22,333,plugin,256,9.2109375,112.96875,343.0115996313255,349.9098520365731,339.39074585297146,129.23643247925568
outcome-lag-64,22,333,plugin,288,9.2109375,133.96875,374.2950076076899,385.37992336938584,370.67415382933586,138.14411065000203
outcome-lag-64,22,333,plugin,320,9.2109375,154.96875,404.07762683426205,419.2327717613792,400.35598438429315,146.15979054346582
outcome-lag-64,22,333,plugin,352,9.2109375,175.96875,430.75603053736654,449.8044308371885,427.0216037866852,153.10047448753363
outcome-lag-64,22,333,plugin,384,9.2109375,196.96875,456.46114389939095,478.74132999073294,452.7267171487096,159.02242556778654
outcome-lag-64,22,333,plugin,416,9.2109375,217.96875,480.8041354511867,506.2609892753091,477.0697087005054,164.56325896428342
outcome-lag-64,22,333,plugin,448,9.2109375,238.96875,503.53338822991566,531.7984646768401,499.7989614792343,169.38730420759228
outcome-lag-64,22,333,plugin,480,9.2109375,259.96875,525.1400522270726,556.4642592268896,521.4056254763912,174.1628202940623
outcome-lag-64,22,333,plugin,512,9.2109375,280.96875,546.3191459362581,580.812241519184,542.5847191855767,178.89045802203597
outcome-lag-64,22,333,safe,32,9.25,0.0,32.0,32.0,32.0,21.811391762415404
outcome-lag-64,22,333,safe,64,18.5,0.0,64.0,64.0,64.0,39.72291196477622
outcome-lag-64,22,333,safe,96,27.75,0.0,95.80391364585284,94.04028096580757,94.04028096580757,51.87309755681649
outcome-lag-64,22,333,safe,128,37.0,0.0,120.34715495302345,117.77224427687644,117.76791583140717,59.64379064999348
outcome-lag-64,22,333,safe,160,46.25,0.0,139.13073211058202,137.70893642954172,136.55149298896578,65.52548263513948
outcome-lag-64,22,333,safe,192,55.5,0.0,154.99261175112545,155.3727483226738,152.4133726295092,70.48668232342473
outcome-lag-64,22,333,safe,224,64.75,0.0,169.0030638689844,171.68980687951426,166.42382474736817,75.12506652213203
outcome-lag-64,22,333,safe,256,74.0,0.0,181.66596902871612,186.51931464609672,179.08672990709988,79.08608668702831
outcome-lag-64,22,333,safe,288,83.25,0.0,193.31425712672558,200.59929193589747,190.73501800510934,82.9594168145042
outcome-lag-64,22,333,safe,320,92.5,0.0,204.15340542503762,214.06718808303845,201.57416630342138,86.77456518702606
outcome-lag-64,22,333,safe,352,101.75,0.0,214.35271831027953,226.2559152666135,211.7734791886633,89.78299793682302
outcome-lag-64,22,333,safe,384,111.0,0.0,223.9905673061689,237.7676589027206,221.41132818455267,92.5236504428815
outcome-lag-64,22,333,safe,416,120.25,0.0,233.15964754869717,248.84590545570555,230.58040842708093,95.18972636333024
outcome-lag-64,22,333,safe,448,129.5,0.0,241.92148991388828,259.09806354340907,239.34225079227204,97.34787649122606
outcome-lag-64,22,333,safe,480,138.75,0.0,250.32467649307904,269.11878458804495,247.7454373714628,99.55916985344453
outcome-lag-64,22,333,safe,512,148.0,0.0,258.4103454128543,278.82804347772316,255.8311062912381,101.7155212968009
outcome-lag-64,22,333,known,32,0.0,21.0,64.0,64.0,64.0,31.60552148889807
outcome-lag-64,22,333,known,64,0.0,42.0,128.0,128.0,128.0,63.62204728317656
outcome-lag-64,22,333,known,96,0.0,63.0,191.80391364585284,190.04028096580763,190.04028096580763,88.83027450646537
outcome-lag-64,22,333,known,128,0.0,84.0,247.193215987017,243.72233437146096,243.71800592599172,106.41203812267071
outcome-lag-64,22,333,known,160,0.0,105.0,292.66742328267424,291.4841277537551,289.0029626093878,120.6438005694271
outcome-lag-64,22,333,known,192,0.0,126.0,330.95098314153097,333.50371091000306,327.2865224682445,132.07493180947571
outcome-lag-64,22,333,known,224,0.0,147.0,364.94498478872123,371.2124468177795,361.2805241154348,141.40800322415095
outcome-lag-64,22,333,known,256,0.0,168.0,395.54821626096964,406.0181355870983,391.88375558768314,149.92569956019938
outcome-lag-64,22,333,known,288,0.0,189.0,423.28873499707885,438.06395494436174,419.62427432379235,157.61270594539218
outcome-lag-64,22,333,known,320,0.0,210.0,449.42686206334287,468.4640375684431,445.76240139005637,164.6783632517651
outcome-lag-64,22,333,known,352,0.0,231.0,473.75492357789705,496.6562587780958,470.09046290461055,170.92811590722786
outcome-lag-64,22,333,known,384,0.0,252.0,497.0183408921159,523.1412763828753,493.3538802188294,176.19762963440235
outcome-lag-64,22,333,known,416,0.0,273.0,519.2142321760631,548.5118762299293,515.5497715027766,181.18093349954148
outcome-lag-64,22,333,known,448,0.0,294.0,540.2837904346057,572.3790201098365,536.6193297613192,185.56839704925503
outcome-lag-64,22,333,known,480,0.0,315.0,560.4864887102083,595.5484103551189,556.8220280369218,189.94346728361774
outcome-lag-64,22,333,known,512,0.0,336.0,580.169987563824,618.2300403057944,576.5055268905375,194.2068846576576
outcome-lag-64,22,333,product,32,10.5,27.0,64.0,64.0,64.0,39.01476087593441
outcome-lag-64,22,333,product,64,21.0,54.0,128.0,128.0,128.0,73.18615039832417
outcome-lag-64,22,333,product,96,31.5,81.0,191.68124627418013,188.44269208769336,188.44269208769336,97.14658531018415
outcome-lag-64,22,333,product,128,42.0,108.0,242.24358757789858,238.8849602347613,237.8171116047293,114.06742063127263
outcome-lag-64,22,333,product,160,52.5,135.0,282.15711458970964,283.55789852943235,277.7306386165403,128.66629613284329
outcome-lag-64,22,333,product,192,63.0,162.0,315.44023146016013,321.7983305517752,311.0137554869908,140.14842239767745
outcome-lag-64,22,333,product,224,73.5,189.0,344.47905505560334,355.31754935352694,340.052579082434,149.40006570934602
outcome-lag-64,22,333,product,256,84.0,216.0,371.4731481487071,387.08042408189397,367.04667217553776,157.8134479166824
outcome-lag-64,22,333,product,288,94.5,243.0,396.4495515824544,416.55580883993275,392.02307560928506,165.2939055322236
outcome-lag-64,22,333,product,320,105.0,270.0,419.8190450796176,443.8531924479848,415.39256910644826,171.7805650483992
outcome-lag-64,22,333,product,352,115.5,297.0,440.5551428574843,467.9825479771816,436.128666884315,177.2474154540648
outcome-lag-64,22,333,product,384,126.0,324.0,460.14831763222026,490.99167985873447,455.72184165905094,182.4522165343701
outcome-lag-64,22,333,product,416,136.5,351.0,478.7732651816584,512.7819430332793,474.3467892084891,187.18772811530366
outcome-lag-64,22,333,product,448,147.0,378.0,498.71543265507626,534.9780645714661,494.28895668190694,190.84462958589089
outcome-lag-64,22,333,product,480,157.5,405.0,516.4694416927442,555.5192669949757,512.0429657195749,194.8443936078089
outcome-lag-64,22,333,product,512,168.0,432.0,533.5943279635635,575.7969174307132,529.1678519903942,199.09634723242777
single-blocker,22,333,prefix,32,10.5,27.0,64.0,63.96821681185914,63.96821681185914,8.988898993023577
single-blocker,22,333,prefix,64,21.0,54.0,128.0,116.40296351353021,116.40296351353021,11.457853830781797
single-blocker,22,333,prefix,96,31.5,81.0,192.0,155.78868966208668,155.78868966208668,12.302250417070622
single-blocker,22,333,prefix,128,42.0,108.0,256.0,190.2199320937953,190.2199320937953,13.378726689466374
single-blocker,22,333,prefix,160,52.5,135.0,320.0,221.45747272509115,221.45747272509115,14.240184325641568
single-blocker,22,333,prefix,192,63.0,162.0,384.0,248.90427652835456,248.90427652835456,14.76842596113977
single-blocker,22,333,prefix,224,73.5,189.0,448.0,273.6302005329733,273.6302005329733,15.155345904246856
single-blocker,22,333,prefix,256,84.0,216.0,512.0,297.3146005635385,297.3146005635385,15.552753413781305
single-blocker,22,333,prefix,288,94.5,243.0,576.0,319.660388556497,319.660388556497,15.9036142642422
single-blocker,22,333,prefix,320,105.0,270.0,640.0,340.8878290324772,340.8878290324772,16.217699069398513
single-blocker,22,333,prefix,352,115.5,297.0,704.0,359.7476231627946,359.7476231627946,16.414988076184564
single-blocker,22,333,prefix,384,126.0,324.0,768.0,377.7315015702958,377.7315015702958,16.594535682438327
single-blocker,22,333,prefix,416,136.5,351.0,832.0,394.9509907320745,394.9509907320745,16.75927325060588
single-blocker,22,333,prefix,448,147.0,378.0,896.0,413.72427183453,413.72427183453,17.040953333080747
single-blocker,22,333,prefix,480,157.5,405.0,960.0,430.44708860146744,430.44708860146744,17.222331698426533
single-blocker,22,333,prefix,512,168.0,432.0,1024.0,446.6433704308662,446.6433704308662,17.39291671670669
single-blocker,22,333,intersection,32,5.25,24.0,64.0,63.96821681185914,63.96821681185914,10.253203373190026
single-blocker,22,333,intersection,64,5.25,45.0,128.0,121.14413264044192,121.14413264044192,12.766504075974712
single-blocker,22,333,intersection,96,5.25,66.0,192.0,168.2917546158205,168.2917546158205,14.005158282957284
single-blocker,22,333,intersection,128,5.25,87.0,256.0,207.74593015172326,207.74593015172326,14.875647476061038
single-blocker,22,333,intersection,160,5.25,108.0,320.0,242.46026965559648,242.46026965559648,15.552685128172953
single-blocker,22,333,intersection,192,5.25,129.0,384.0,273.7613070496361,273.7613070496361,16.10468792236217
single-blocker,22,333,intersection,224,5.25,150.0,448.0,302.42251407629766,302.42251407629766,16.568390956336856
single-blocker,22,333,intersection,256,5.25,171.0,512.0,329.0832673295128,329.0832673295128,16.970554119987884
single-blocker,22,333,intersection,288,5.25,192.0,576.0,354.0695920655602,354.0695920655602,17.324329704470987
single-blocker,22,333,intersection,320,5.25,213.0,640.0,377.69264861442696,377.69264861442696,17.64107972810654
single-blocker,22,333,intersection,352,5.25,234.0,704.0,400.0329375502289,400.0329375502289,17.924451622777593
single-blocker,22,333,intersection,384,5.25,255.0,768.0,421.4735389446021,421.4735389446021,18.18614577955041
single-blocker,22,333,intersection,416,5.25,276.0,832.0,442.0501368840823,442.0501368840823,18.427461666679843
single-blocker,22,333,intersection,448,5.25,297.0,896.0,461.76611215353597,461.76611215353597,18.64901019113115
single-blocker,22,333,intersection,480,5.25,318.0,960.0,480.77710895483136,480.77710895483136,18.85518593960744
single-blocker,22,333,intersection,512,5.25,339.0,1024.0,499.3046419979202,499.3046419979202,19.05151158723845
single-blocker,22,333,completed,32,4.921875,23.8125,64.0,63.96821681185914,63.96821681185914,10.253203373190026
single-blocker,22,333,completed,64,4.921875,44.8125,128.0,121.14413264044192,121.14413264044192,12.766504075974712
single-blocker,22,333,completed,96,4.921875,65.8125,192.0,168.2917546158205,168.2917546158205,14.005158282957284
single-blocker,22,333,completed,128,4.921875,86.8125,256.0,207.74593015172326,207.74593015172326,14.875647476061038
single-blocker,22,333,completed,160,4.921875,107.8125,320.0,242.46026965559648,242.46026965559648,15.552685128172953
single-blocker,22,333,completed,192,4.921875,128.8125,384.0,273.7613070496361,273.7613070496361,16.10468792236217
single-blocker,22,333,completed,224,4.921875,149.8125,448.0,302.42251407629766,302.42251407629766,16.568390956336856
single-blocker,22,333,completed,256,4.921875,170.8125,512.0,329.0832673295128,329.0832673295128,16.970554119987884
single-blocker,22,333,completed,288,4.921875,191.8125,576.0,354.0695920655602,354.0695920655602,17.324329704470987
single-blocker,22,333,completed,320,4.921875,212.8125,640.0,377.69264861442696,377.69264861442696,17.64107972810654
single-blocker,22,333,completed,352,4.921875,233.8125,704.0,400.0329375502289,400.0329375502289,17.924451622777593
single-blocker,22,333,completed,384,4.921875,254.8125,768.0,421.4735389446021,421.4735389446021,18.18614577955041
single-blocker,22,333,completed,416,4.921875,275.8125,832.0,442.0501368840823,442.0501368840823,18.427461666679843
single-blocker,22,333,completed,448,4.921875,296.8125,896.0,461.76611215353597,461.76611215353597,18.64901019113115
single-blocker,22,333,completed,480,4.921875,317.8125,960.0,480.77710895483136,480.77710895483136,18.85518593960744
single-blocker,22,333,completed,512,4.921875,338.8125,1024.0,499.3046419979202,499.3046419979202,19.05151158723845
single-blocker,22,333,plugin,32,3.359375,21.9375,63.0,62.96821681185914,62.96821681185914,10.503953106548458
single-blocker,22,333,plugin,64,3.37109375,42.796875,127.0,120.38501725470375,120.38501725470375,12.750498230062684
single-blocker,22,333,plugin,96,3.37109375,63.796875,191.0,167.63997736344754,167.63997736344754,13.99099756860567
single-blocker,22,333,plugin,128,3.37109375,84.796875,255.0,207.2044452251386,207.2044452251386,14.865993384127703
single-blocker,22,333,plugin,160,3.37109375,105.796875,319.0,241.91844117073197,241.91844117073197,15.542561554982683
single-blocker,22,333,plugin,192,3.37109375,126.796875,383.0,273.1793459759705,273.1793459759705,16.092940731083583
single-blocker,22,333,plugin,224,3.37109375,147.796875,447.0,301.9310393343378,301.9310393343378,16.559943780916807
single-blocker,22,333,plugin,256,3.37109375,168.796875,511.0,328.62242323715344,328.62242323715344,16.96310987431111
single-blocker,22,333,plugin,288,3.37109375,189.796875,575.0,353.5198848560735,353.5198848560735,17.31414056242274
single-blocker,22,333,plugin,320,3.37109375,210.796875,639.0,377.16945888860397,377.16945888860397,17.63184590146012
single-blocker,22,333,plugin,352,3.37109375,231.796875,703.0,399.47932903477573,399.47932903477573,17.91450223986211
single-blocker,22,333,plugin,384,3.37109375,252.796875,767.0,420.9468440109808,420.9468440109808,18.177105882069938
single-blocker,22,333,plugin,416,3.37109375,273.796875,831.0,441.55515642316175,441.55515642316175,18.41939656906138
single-blocker,22,333,plugin,448,3.37109375,294.796875,895.0,461.27591076105676,461.27591076105676,18.641182288387963
single-blocker,22,333,plugin,480,3.37109375,315.796875,959.0,480.29245175566973,480.29245175566973,18.847604563717322
single-blocker,22,333,plugin,512,3.37109375,336.796875,1023.0,498.86257878438704,498.86257878438704,19.045039262504645
single-blocker,22,333,safe,32,9.25,0.0,32.0,31.968216811859147,31.968216811859147,4.02724519543652
single-blocker,22,333,safe,64,18.5,0.0,64.0,57.42435623340214,57.42435623340214,4.7282659037057675
single-blocker,22,333,safe,96,27.75,0.0,96.0,76.78319682780861,76.78319682780861,5.136346480888775
single-blocker,22,333,safe,128,37.0,0.0,128.0,93.03345515740088,93.03345515740088,5.425334592589174
single-blocker,22,333,safe,160,46.25,0.0,160.0,107.31238195727079,107.31238195727079,5.649261224939744
single-blocker,22,333,safe,192,55.5,0.0,192.0,120.1978375468853,120.1978375468853,5.832104609707439
single-blocker,22,333,safe,224,64.75,0.0,224.0,132.0310352083931,132.0310352083931,5.986627913082163
single-blocker,22,333,safe,256,74.0,0.0,256.0,143.03333360981438,143.03333360981438,6.120438712817281
single-blocker,22,333,safe,288,83.25,0.0,288.0,153.35798108855585,153.35798108855585,6.238439029233648
single-blocker,22,333,safe,320,92.5,0.0,320.0,163.1162631808352,163.1162631808352,6.343973346894013
single-blocker,22,333,safe,352,101.75,0.0,352.0,172.39200998111025,172.39200998111025,6.43942571339101
single-blocker,22,333,safe,384,111.0,0.0,384.0,181.25023096678382,181.25023096678382,6.5265555690159704
single-blocker,22,333,safe,416,120.25,0.0,416.0,189.74254455085054,189.74254455085054,6.6066985205464555
single-blocker,22,333,safe,448,129.5,0.0,448.0,197.91074640079475,197.91074640079475,6.680892410683006
single-blocker,22,333,safe,480,138.75,0.0,480.0,205.78924141297622,205.78924141297622,6.7499597404471405
single-blocker,22,333,safe,512,148.0,0.0,512.0,213.40675252840046,213.40675252840046,6.81456340954972
single-blocker,22,333,known,32,0.0,21.0,64.0,63.96821681185914,63.96821681185914,10.625563951843512
single-blocker,22,333,known,64,0.0,42.0,128.0,120.68345867134033,120.68345867134033,12.716100453728986
single-blocker,22,333,known,96,0.0,63.0,192.0,167.8806670210237,167.8806670210237,13.983501731751243
single-blocker,22,333,known,128,0.0,84.0,256.0,207.6146279572972,207.6146279572972,14.869640705010482
single-blocker,22,333,known,160,0.0,105.0,320.0,242.27405909054926,242.27405909054926,15.54504238993766
single-blocker,22,333,known,192,0.0,126.0,384.0,273.4089105846779,273.4089105846779,16.09144196786705
single-blocker,22,333,known,224,0.0,147.0,448.0,302.25571173965494,302.25571173965494,16.56257862974282
single-blocker,22,333,known,256,0.0,168.0,512.0,328.9472383644467,328.9472383644467,16.966112821264332
single-blocker,22,333,known,288,0.0,189.0,576.0,353.65134934626775,353.65134934626775,17.31141083101454
single-blocker,22,333,known,320,0.0,210.0,640.0,377.3040422391393,377.3040422391393,17.629678406177444
single-blocker,22,333,known,352,0.0,231.0,704.0,399.5270921538645,399.5270921538645,17.910259766712638
single-blocker,22,333,known,384,0.0,252.0,768.0,421.0059114123715,421.0059114123715,18.173575147614844
single-blocker,22,333,known,416,0.0,273.0,832.0,441.6364045168804,441.6364045168804,18.416772270208913
single-blocker,22,333,known,448,0.0,294.0,896.0,461.3376414352199,461.3376414352199,18.638328858355134
single-blocker,22,333,known,480,0.0,315.0,960.0,480.3382363254691,480.3382363254691,18.844603737684448
single-blocker,22,333,known,512,0.0,336.0,1024.0,498.95520358880464,498.95520358880464,19.04335842438459
single-blocker,22,333,product,32,10.5,27.0,64.0,63.96821681185914,63.96821681185914,8.988898993023577
single-blocker,22,333,product,64,21.0,54.0,128.0,116.40296351353021,116.40296351353021,11.457853830781797
single-blocker,22,333,product,96,31.5,81.0,192.0,155.78868966208668,155.78868966208668,12.302250417070622
single-blocker,22,333,product,128,42.0,108.0,256.0,190.2199320937953,190.2199320937953,13.378726689466374
single-blocker,22,333,product,160,52.5,135.0,320.0,221.45747272509115,221.45747272509115,14.240184325641568
single-blocker,22,333,product,192,63.0,162.0,384.0,248.90427652835456,248.90427652835456,14.76842596113977
single-blocker,22,333,product,224,73.5,189.0,448.0,273.6302005329733,273.6302005329733,15.155345904246856
single-blocker,22,333,product,256,84.0,216.0,512.0,297.3146005635385,297.3146005635385,15.552753413781305
single-blocker,22,333,product,288,94.5,243.0,576.0,319.660388556497,319.660388556497,15.9036142642422
single-blocker,22,333,product,320,105.0,270.0,640.0,340.8878290324772,340.8878290324772,16.217699069398513
single-blocker,22,333,product,352,115.5,297.0,704.0,359.7476231627946,359.7476231627946,16.414988076184564
single-blocker,22,333,product,384,126.0,324.0,768.0,377.7315015702958,377.7315015702958,16.594535682438327
single-blocker,22,333,product,416,136.5,351.0,832.0,394.9509907320745,394.9509907320745,16.75927325060588
single-blocker,22,333,product,448,147.0,378.0,896.0,413.72427183453,413.72427183453,17.040953333080747
single-blocker,22,333,product,480,157.5,405.0,960.0,430.44708860146744,430.44708860146744,17.222331698426533
single-blocker,22,333,product,512,168.0,432.0,1024.0,446.6433704308662,446.6433704308662,17.39291671670669
outcome-lag-64,24,333,prefix,32,3.6875,25.0,64.0,64.0,64.0,39.00594438524794
outcome-lag-64,24,333,prefix,64,7.375,50.0,128.0,128.0,128.0,74.16453559573714
outcome-lag-64,24,333,prefix,96,8.546875,73.5625,191.52518878096984,189.81609030497734,189.65795871670838,99.09106207142105
outcome-lag-64,24,333,prefix,128,8.734375,96.5625,245.10509825844275,245.32936330686053,242.75310595858392,114.90584800396965
outcome-lag-64,24,333,prefix,160,8.921875,119.5625,289.53501710751476,293.51580148680597,287.1626407542761,128.08296302220938
outcome-lag-64,24,333,prefix,192,9.109375,142.5625,330.5854131884535,336.902674304411,326.5833435493124,139.40938560113588
outcome-lag-64,24,333,prefix,224,9.296875,165.5625,366.1570876460184,375.4215779420544,360.86143845650463,149.02570444459036
outcome-lag-64,24,333,prefix,256,9.484375,188.5625,398.2389520586452,411.0429014957153,392.3963328254053,157.67962068405592
outcome-lag-64,24,333,prefix,288,9.671875,211.5625,427.739803279468,444.115741385184,421.71902945443577,165.43785442596575
outcome-lag-64,24,333,prefix,320,9.859375,234.5625,454.64592438484857,474.3089757635307,448.3543648997955,171.94602207416014
outcome-lag-64,24,333,prefix,352,10.041015625,257.5078125,480.3473931475112,502.51343727901275,473.6155259042168,177.44303509135153
outcome-lag-64,24,333,prefix,384,10.041015625,278.7578125,502.1941525108754,528.1185408267946,495.462285267581,183.26576009974707
outcome-lag-64,24,333,prefix,416,10.041015625,300.0078125,523.8406940183489,553.4334798923644,517.1088267750547,188.610193080319
outcome-lag-64,24,333,prefix,448,10.041015625,321.2578125,544.6091357785951,577.0684836469417,537.8232193660673,192.9801362313596
outcome-lag-64,24,333,prefix,480,10.041015625,342.5078125,563.7749919622986,598.8182772531483,556.9137443617321,196.86410529243273
outcome-lag-64,24,333,prefix,512,10.041015625,363.7578125,582.2393899494238,619.7107798493417,575.3746021320236,200.41000562142017
outcome-lag-64,24,333,intersection,32,3.140625,24.6875,64.0,64.0,64.0,37.39949277234471
outcome-lag-64,24,333,intersection,64,3.328125,47.6875,128.0,128.0,128.0,68.2054855090048
outcome-lag-64,24,333,intersection,96,3.515625,70.6875,191.58709027103765,189.81609030497734,189.7198602067762,94.0543095002875
outcome-lag-64,24,333,intersection,128,3.703125,93.6875,246.25559556112117,244.7641069777567,242.67787955659773,109.84289458996952
outcome-lag-64,24,333,intersection,160,3.890625,116.6875,291.939331146115,291.78292994178275,285.8629020786463,122.63765620912095
outcome-lag-64,24,333,intersection,192,4.078125,139.6875,330.7594115116937,333.7423421041598,323.69454133318555,133.68032013349662
outcome-lag-64,24,333,intersection,224,4.265625,162.6875,364.7107618799842,371.7183935875923,357.2303970986603,143.35672912392167
outcome-lag-64,24,333,intersection,256,4.453125,185.6875,395.5574872304677,406.7648166706763,387.9309250791986,152.00859738179406
outcome-lag-64,24,333,intersection,288,4.611328125,208.4140625,424.00058322789585,439.207107664072,416.36770512322835,159.66878940422265
outcome-lag-64,24,333,intersection,320,4.611328125,229.6640625,449.8199563243563,468.6362705430427,442.0748281381325,166.1601946140982
outcome-lag-64,24,333,intersection,352,4.611328125,250.9140625,473.68327249149075,495.32555310307504,465.7298528026705,171.47107675453213
outcome-lag-64,24,333,intersection,384,4.611328125,272.1640625,495.21125766862053,520.7403475827281,487.2578379798003,177.2369294555137
outcome-lag-64,24,333,intersection,416,4.611328125,293.4140625,516.9665007745124,546.286698406213,509.0130810856922,182.68149421416243
outcome-lag-64,24,333,intersection,448,4.611328125,314.6640625,537.7917598455143,570.1001854031185,529.8043209344142,187.18448725394455
outcome-lag-64,24,333,intersection,480,4.611328125,335.9140625,557.0895044273058,592.0937099518749,549.0444106887122,191.21659738134878
outcome-lag-64,24,333,intersection,512,4.611328125,357.1640625,575.5991541933631,613.1143647846525,567.5522013337929,194.86121552218083
outcome-lag-64,24,333,completed,32,1.71875,23.875,64.0,64.0,64.0,33.12503279223277
outcome-lag-64,24,333,completed,64,4.71875,33.9375,110.0,110.0,110.0,52.04455862421933
outcome-lag-64,24,333,completed,96,9.90625,33.9375,141.6833203692388,139.81609030497728,139.81609030497728,63.437318959604525
outcome-lag-64,24,333,completed,128,13.375,41.84375,176.90803760803598,175.13779890582413,174.55604530817715,72.47655268440946
outcome-lag-64,24,333,completed,160,13.5625,64.84375,226.55047584782895,227.80307346520235,224.19848354797008,85.03786587504048
outcome-lag-64,24,333,completed,192,13.75,87.84375,273.15308376451014,277.5151514590955,270.396723771375,99.04495077571065
outcome-lag-64,24,333,completed,224,13.9375,110.84375,314.9298442057239,322.06559985328715,310.3022643877658,111.42393680893952
outcome-lag-64,24,333,completed,256,14.119140625,133.7890625,351.0900495450146,362.00894644511516,345.5294003075258,122.02873490486388
outcome-lag-64,24,333,completed,288,14.1484375,155.3125,380.6990838854091,395.5298652378107,374.82686148238673,130.50527181947314
outcome-lag-64,24,333,completed,320,14.1484375,176.5625,409.30996016076045,427.7987087931725,403.1163228113401,137.82831177344406
outcome-lag-64,24,333,completed,352,14.1484375,197.8125,435.25157394083203,456.41089952848336,428.65638507089307,143.51222229153902
outcome-lag-64,24,333,completed,384,14.1484375,219.0625,458.51496636713,483.65515677727575,451.91977749719103,149.81019020177723
outcome-lag-64,24,333,completed,416,14.1484375,240.3125,482.0089218039415,511.1875734004238,475.41373293400255,155.87563484850347
outcome-lag-64,24,333,completed,448,14.1484375,261.5625,504.33092441619755,536.6810531517276,497.6561239131256,160.88939648352508
outcome-lag-64,24,333,completed,480,14.1484375,282.8125,524.8938887105982,560.1276403493258,518.1234573947565,165.38208157793397
outcome-lag-64,24,333,completed,512,14.1484375,304.0625,544.4747732879787,582.3869841980979,537.6980474021739,169.38918766515528
outcome-lag-64,24,333,plugin,32,2.201171875,16.9609375,53.0,53.0,53.0,21.81309548166341
outcome-lag-64,24,333,plugin,64,5.263671875,29.4609375,101.0,101.0,101.0,38.416655104280785
outcome-lag-64,24,333,plugin,96,5.359375,50.4375,163.6833203692388,161.81609030497728,161.81609030497728,61.900705408681496
outcome-lag-64,24,333,plugin,128,5.359375,71.6875,217.57113934097816,214.21800513094314,213.67051210671136,79.64357924464849
outcome-lag-64,24,333,plugin,160,5.359375,92.9375,265.25775004143185,262.35858946404494,259.818502084036,94.93398328315017
outcome-lag-64,24,333,plugin,192,5.359375,114.1875,305.68731269869255,305.784692097546,299.67017484707293,107.31617927109671
outcome-lag-64,24,333,plugin,224,5.359375,135.4375,340.8994050543037,345.4124352837484,334.62000533614895,118.21524278577925
outcome-lag-64,24,333,plugin,256,5.359375,156.6875,372.67407462972216,381.7017882893611,366.2149885264394,127.50494925188656
outcome-lag-64,24,333,plugin,288,5.359375,177.9375,399.4194860026443,412.64556121466154,392.93199517951746,135.1085212495137
outcome-lag-64,24,333,plugin,320,5.359375,199.1875,426.2703189517639,443.36664795498785,419.67772750973535,141.98714370735632
outcome-lag-64,24,333,plugin,352,5.359375,220.4375,450.6219194438241,470.63187183169924,443.8386830740606,147.40495953417835
outcome-lag-64,24,333,plugin,384,5.359375,241.6875,472.87381410937974,496.87093571886834,466.09057773961626,153.4096453459699
outcome-lag-64,24,333,plugin,416,5.359375,262.9375,495.66381170372705,523.676464270363,488.8805753339636,159.27547563786507
outcome-lag-64,24,333,plugin,448,5.359375,284.1875,517.3383246552914,548.5378157428413,510.5160883151781,164.16580342698333
outcome-lag-64,24,333,plugin,480,5.359375,305.4375,537.4210697602955,571.5067565767336,530.5367216170202,168.56867584795827
outcome-lag-64,24,333,plugin,512,5.359375,326.6875,556.5387227516079,593.2915768077625,549.6520989400469,172.48875758825807
outcome-lag-64,24,333,safe,32,5.1875,0.0,32.0,32.0,32.0,13.061075279643216
outcome-lag-64,24,333,safe,64,10.375,0.0,64.0,64.0,64.0,25.734884144338817
outcome-lag-64,24,333,safe,96,15.5625,0.0,95.6833203692388,93.8160903049773,93.8160903049773,37.12764447972405
outcome-lag-64,24,333,safe,128,20.75,0.0,120.19341715769916,118.38891788207205,117.84142485784021,45.739201838926924
outcome-lag-64,24,333,safe,160,25.9375,0.0,138.97737359614436,139.15824275108486,136.6253812962854,52.453526540420405
outcome-lag-64,24,333,safe,192,31.125,0.0,154.88024912115785,157.28952209961813,152.5282568212989,57.882193684106795
outcome-lag-64,24,333,safe,224,36.3125,0.0,168.88597424746672,173.58390483183553,166.53398194760777,62.49790205819103
outcome-lag-64,24,333,safe,256,41.5,0.0,181.56036148033698,188.57357212395394,179.20836918047803,66.6190817486233
outcome-lag-64,24,333,safe,288,46.6875,0.0,193.21023374648271,202.72025943659636,190.85824144662377,70.55912189894079
outcome-lag-64,24,333,safe,320,51.875,0.0,204.0584085483172,215.93151777068525,201.70641624845825,74.11763245841057
outcome-lag-64,24,333,safe,352,57.0625,0.0,214.25248843794606,228.6724036582458,211.9004961380871,77.67822391219303
outcome-lag-64,24,333,safe,384,62.25,0.0,223.89369679081338,241.10639014203903,221.54170449095443,81.3411192659376
outcome-lag-64,24,333,safe,416,67.4375,0.0,233.07104019981605,252.53102824242353,230.7190478999571,84.35358673378586
outcome-lag-64,24,333,safe,448,72.625,0.0,241.83413908730637,262.9993323607428,239.48214678744742,86.72788289229729
outcome-lag-64,24,333,safe,480,77.8125,0.0,250.2359627014648,272.77907815831543,247.88397040160586,88.69820100745245
outcome-lag-64,24,333,safe,512,83.0,0.0,258.321147862044,282.1763603593946,255.9691555621851,90.54257576221
outcome-lag-64,24,333,known,32,0.0,21.25,64.0,64.0,64.0,28.209157099783855
outcome-lag-64,24,333,known,64,0.0,42.5,127.0,127.0,127.0,55.02210893155029
outcome-lag-64,24,333,known,96,0.0,63.75,189.6833203692388,187.81609030497734,187.81609030497734,80.33626826146414
outcome-lag-64,24,333,known,128,0.0,85.0,243.27024831852717,240.05738356523207,239.26856314001665,96.29185364525354
outcome-lag-64,24,333,known,160,0.0,106.25,287.47755627779,286.5397805911855,282.00788352052405,109.12082701096563
outcome-lag-64,24,333,known,192,0.0,127.5,324.57466019336306,327.2832312735281,318.55985953378564,119.98191525559098
outcome-lag-64,24,333,known,224,0.0,148.75,357.4263621835579,364.4333571978566,351.16480675802774,129.65434670678334
outcome-lag-64,24,333,known,256,0.0,170.0,387.74503801509945,399.0025356132619,381.312447129268,138.10305696667507
outcome-lag-64,24,333,known,288,0.0,191.25,413.56069901541736,428.8101121143548,407.10305258388246,145.20302261483937
outcome-lag-64,24,333,known,320,0.0,212.5,439.5897791685576,458.52350105161935,433.03071380144917,151.6656569479169
outcome-lag-64,24,333,known,352,0.0,233.75,463.59567865482956,485.3936796128077,456.8505795733099,156.95286199482194
outcome-lag-64,24,333,known,384,0.0,255.0,485.3845115831506,511.0968859232595,478.63941250163094,162.79991138971528
outcome-lag-64,24,333,known,416,0.0,276.25,507.4588577811687,537.0234616498838,500.713758699649,168.36483231152994
outcome-lag-64,24,333,known,448,0.0,297.5,528.5541787430394,561.1590466960167,521.7711084065284,172.97531735014954
outcome-lag-64,24,333,known,480,0.0,318.75,548.0944158340468,583.4462090956855,541.250150623886,177.10930706142528
outcome-lag-64,24,333,known,512,0.0,340.0,566.8014673120222,604.7071113941868,559.9550137502841,180.83203273714201
outcome-lag-64,24,333,product,32,3.5,23.25,64.0,64.0,64.0,39.00594438524794
outcome-lag-64,24,333,product,64,7.0,46.5,127.0,127.0,127.0,74.16453559573714
outcome-lag-64,24,333,product,96,10.5,69.75,189.51796285576017,187.81244158064436,187.6507327914987,103.82924992358201
outcome-lag-64,24,333,product,128,14.0,93.0,237.19228241754877,239.89101837060556,234.84029011768988,124.78025335403927
outcome-lag-64,24,333,product,160,17.5,116.25,274.4856132715468,284.120379409662,272.1336209716879,141.1201855037742
outcome-lag-64,24,333,product,192,21.0,139.5,305.5649291694679,322.4780876586699,303.212936869609,154.65837471358375
outcome-lag-64,24,333,product,224,24.5,162.75,332.9691052820136,357.16259369431333,330.61711298215465,166.498493592901
outcome-lag-64,24,333,product,256,28.0,186.0,358.13385488213845,389.84422825496915,355.78186258227953,177.5674443573256
outcome-lag-64,24,333,product,288,31.5,209.25,379.80473315094713,418.06132987480873,377.4527408510882,186.76150943668856
outcome-lag-64,24,333,product,320,35.0,232.5,401.3997912294489,446.034395165797,399.04779892959,195.48224891524066
outcome-lag-64,24,333,product,352,38.5,255.75,421.38952351273844,471.64746160559326,419.0375312128795,203.08185568886176
outcome-lag-64,24,333,product,384,42.0,279.0,439.68972889971,495.320436542796,437.3377365998511,210.09153873481324
outcome-lag-64,24,333,product,416,45.5,302.25,457.98408914601015,519.0129273438404,455.6320968461512,216.9828203746697
outcome-lag-64,24,333,product,448,49.0,325.5,475.47928779015774,541.1940980962517,473.1272954902988,223.00619025710725
outcome-lag-64,24,333,product,480,52.5,348.75,491.74005205743674,561.3166501150868,489.3880597575778,228.03900522305148
outcome-lag-64,24,333,product,512,56.0,372.0,507.3637208540678,580.4911162278293,505.0117285542089,232.61004155065748
single-blocker,24,333,prefix,32,3.6875,25.0,64.0,63.936433623718294,63.936433623718294,8.05449039087304
single-blocker,24,333,prefix,64,7.375,50.0,128.0,115.1709900677377,115.1709900677377,9.440658791538517
single-blocker,24,333,prefix,96,11.0625,75.0,192.0,154.46442217857063,154.46442217857063,11.251528348115734
single-blocker,24,333,prefix,128,14.75,100.0,256.0,188.15926133532363,188.15926133532363,12.652127478698104
single-blocker,24,333,prefix,160,18.4375,125.0,320.0,217.49656881099446,217.49656881099446,13.350006065047586
single-blocker,24,333,prefix,192,22.125,150.0,384.0,244.67638608060284,244.67638608060284,14.076970962124403
single-blocker,24,333,prefix,224,25.8125,175.0,448.0,269.8259564967482,269.8259564967482,14.650011364800772
single-blocker,24,333,prefix,256,29.5,200.0,512.0,292.70743808731766,292.70743808731766,15.029920270250212
single-blocker,24,333,prefix,288,33.1875,225.0,576.0,316.9528164808695,316.9528164808695,15.674856195919483
single-blocker,24,333,prefix,320,36.875,250.0,640.0,337.41841949858934,337.41841949858934,15.954800067869881
single-blocker,24,333,prefix,352,40.5625,275.0,704.0,357.6215927083966,357.6215927083966,16.26583714091369
single-blocker,24,333,prefix,384,44.25,300.0,768.0,378.45263357573015,378.45263357573015,16.63939229911817
single-blocker,24,333,prefix,416,47.9375,325.0,832.0,396.41626013569675,396.41626013569675,16.847264243351415
single-blocker,24,333,prefix,448,51.625,350.0,896.0,413.72427183453027,413.72427183453027,17.040953333080772
single-blocker,24,333,prefix,480,55.3125,375.0,960.0,431.94931043740985,431.94931043740985,17.29638308819753
single-blocker,24,333,prefix,512,59.0,400.0,1024.0,449.6794623359736,449.6794623359736,17.530339282996273
single-blocker,24,333,intersection,32,1.5,23.75,64.0,63.96821681185914,63.96821681185914,10.253203373190027
single-blocker,24,333,intersection,64,1.6875,46.75,128.0,120.68345867134036,120.68345867134036,12.716100453728988
single-blocker,24,333,intersection,96,1.875,69.75,192.0,167.38490272941013,167.38490272941013,13.957160271426114
single-blocker,24,333,intersection,128,2.0625,92.75,256.0,207.53230608802616,207.53230608802616,14.865868069195585
single-blocker,24,333,intersection,160,2.25,115.75,320.0,242.27405909054949,242.27405909054949,15.54504238993765
single-blocker,24,333,intersection,192,2.4375,138.75,384.0,273.6207060679475,273.6207060679475,16.099410575695916
single-blocker,24,333,intersection,224,2.625,161.75,448.0,302.3299224817423,302.3299224817423,16.565166057544403
single-blocker,24,333,intersection,256,2.8125,184.75,512.0,329.053071914404,329.053071914404,16.96956886792006
single-blocker,24,333,intersection,288,2.91796875,206.984375,576.0,354.107444326291,354.107444326291,17.325495913683028
single-blocker,24,333,intersection,320,2.91796875,228.234375,639.0,377.31542727031996,377.31542727031996,17.63612737467334
single-blocker,24,333,intersection,352,2.91796875,249.484375,701.0,398.8612352651807,398.8612352651807,17.908322279703274
single-blocker,24,333,intersection,384,2.91796875,270.734375,761.0,418.718843389522,418.718843389522,18.147906785016602
single-blocker,24,333,intersection,416,2.91796875,291.984375,824.0,439.09822435873394,439.09822435873394,18.388980601906063
single-blocker,24,333,intersection,448,2.91796875,313.234375,887.0,458.6435020546334,458.6435020546334,18.610707694549568
single-blocker,24,333,intersection,480,2.91796875,334.484375,948.0,476.8286267673289,476.8286267673289,18.809270023062027
single-blocker,24,333,intersection,512,2.91796875,355.734375,1009.0,494.39757817554187,494.39757817554187,18.99467818052045
single-blocker,24,333,completed,32,1.390625,23.6875,64.0,63.96821681185914,63.96821681185914,10.253203373190027
single-blocker,24,333,completed,64,1.578125,46.6875,128.0,120.68345867134036,120.68345867134036,12.716100453728988
single-blocker,24,333,completed,96,1.765625,69.6875,192.0,167.38490272941013,167.38490272941013,13.957160271426114
single-blocker,24,333,completed,128,1.953125,92.6875,256.0,207.53230608802616,207.53230608802616,14.865868069195585
single-blocker,24,333,completed,160,2.140625,115.6875,320.0,242.27405909054949,242.27405909054949,15.54504238993765
single-blocker,24,333,completed,192,2.328125,138.6875,384.0,273.6207060679475,273.6207060679475,16.099410575695916
single-blocker,24,333,completed,224,2.515625,161.6875,448.0,302.3299224817423,302.3299224817423,16.565166057544403
single-blocker,24,333,completed,256,2.685546875,184.5234375,512.0,329.053071914404,329.053071914404,16.96956886792006
single-blocker,24,333,completed,288,2.73828125,206.265625,573.0,352.75893575419286,352.75893575419286,17.304218604437484
single-blocker,24,333,completed,320,2.73828125,227.515625,636.0,376.04671306150715,376.04671306150715,17.6172589525732
single-blocker,24,333,completed,352,2.73828125,248.765625,698.0,397.6798348709085,397.6798348709085,17.89192851072576
single-blocker,24,333,completed,384,2.73828125,270.015625,758.0,417.59230031757,417.59230031757,18.132981165588994
single-blocker,24,333,completed,416,2.73828125,291.265625,821.0,438.00688184221485,438.00688184221485,18.374961706238356
single-blocker,24,333,completed,448,2.73828125,312.515625,884.0,457.5889595978545,457.5889595978545,18.597607091323262
single-blocker,24,333,completed,480,2.73828125,333.765625,945.0,475.8009961709002,475.8009961709002,18.796821747397047
single-blocker,24,333,completed,512,2.73828125,355.015625,1006.0,493.39889260513803,493.39889260513803,18.982913354018994
single-blocker,24,333,plugin,32,0.49609375,22.046875,64.0,63.96821681185914,63.96821681185914,10.59486219745755
single-blocker,24,333,plugin,64,0.49609375,43.296875,127.0,120.22759708485827,120.22759708485827,12.737932647403289
single-blocker,24,333,plugin,96,0.49609375,64.546875,190.0,166.4207373188151,166.4207373188151,13.946801395050912
single-blocker,24,333,plugin,128,0.49609375,85.796875,252.0,205.01707297912526,205.01707297912526,14.811230981614315
single-blocker,24,333,plugin,160,0.49609375,107.046875,315.0,239.36593959408506,239.36593959408506,15.486202569529159
single-blocker,24,333,plugin,192,0.49609375,128.296875,377.0,269.79779841649247,269.79779841649247,16.026542683057432
single-blocker,24,333,plugin,224,0.49609375,149.546875,439.0,297.73326444897,297.73326444897,16.483027166925474
single-blocker,24,333,plugin,256,0.49609375,170.796875,502.0,324.27121921335936,324.27121921335936,16.889430321810796
single-blocker,24,333,plugin,288,0.49609375,192.046875,561.0,347.3144324959431,347.3144324959431,17.21752212012207
single-blocker,24,333,plugin,320,0.49609375,213.296875,624.0,370.8957321085346,370.8957321085346,17.53953598810649
single-blocker,24,333,plugin,352,0.49609375,234.546875,686.0,392.7829354486418,392.7829354486418,17.82153940504302
single-blocker,24,333,plugin,384,0.49609375,255.796875,746.0,412.89191644409,412.89191644409,18.068021394278286
single-blocker,24,333,plugin,416,0.49609375,277.046875,809.0,433.49257501773303,433.49257501773303,18.315009307943114
single-blocker,24,333,plugin,448,0.49609375,298.296875,872.0,453.24169873995163,453.24169873995163,18.541963194999173
single-blocker,24,333,plugin,480,0.49609375,319.546875,933.0,471.592127723066,471.592127723066,18.744635163397266
single-blocker,24,333,plugin,512,0.49609375,340.796875,994.0,489.31781245572034,489.31781245572034,18.93381376416035
single-blocker,24,333,safe,32,5.1875,0.0,32.0,31.968216811859147,31.968216811859147,4.02724519543652
single-blocker,24,333,safe,64,10.375,0.0,64.0,57.42435623340214,57.42435623340214,4.7282659037057675
single-blocker,24,333,safe,96,15.5625,0.0,96.0,76.78319682780861,76.78319682780861,5.136346480888775
single-blocker,24,333,safe,128,20.75,0.0,128.0,93.03345515740088,93.03345515740088,5.425334592589174
single-blocker,24,333,safe,160,25.9375,0.0,160.0,107.31238195727079,107.31238195727079,5.649261224939744
single-blocker,24,333,safe,192,31.125,0.0,192.0,120.1978375468853,120.1978375468853,5.832104609707439
single-blocker,24,333,safe,224,36.3125,0.0,224.0,132.0310352083931,132.0310352083931,5.986627913082163
single-blocker,24,333,safe,256,41.5,0.0,256.0,143.03333360981438,143.03333360981438,6.120438712817281
single-blocker,24,333,safe,288,46.6875,0.0,288.0,153.35798108855585,153.35798108855585,6.238439029233648
single-blocker,24,333,safe,320,51.875,0.0,320.0,163.1162631808352,163.1162631808352,6.343973346894013
single-blocker,24,333,safe,352,57.0625,0.0,352.0,172.39200998111025,172.39200998111025,6.43942571339101
single-blocker,24,333,safe,384,62.25,0.0,384.0,181.25023096678382,181.25023096678382,6.5265555690159704
single-blocker,24,333,safe,416,67.4375,0.0,416.0,189.74254455085054,189.74254455085054,6.6066985205464555
single-blocker,24,333,safe,448,72.625,0.0,448.0,197.91074640079475,197.91074640079475,6.680892410683006
single-blocker,24,333,safe,480,77.8125,0.0,480.0,205.78924141297622,205.78924141297622,6.7499597404471405
single-blocker,24,333,safe,512,83.0,0.0,512.0,213.40675252840046,213.40675252840046,6.81456340954972
single-blocker,24,333,known,32,0.0,21.25,64.0,63.96821681185914,63.96821681185914,10.625563951843512
single-blocker,24,333,known,64,0.0,42.5,127.0,120.29725752745718,120.29725752745718,12.744235168411691
single-blocker,24,333,known,96,0.0,63.75,190.0,166.53589211255616,166.53589211255616,13.952933470522606
single-blocker,24,333,known,128,0.0,85.0,252.0,205.0686450647026,205.0686450647026,14.813623326111914
single-blocker,24,333,known,160,0.0,106.25,315.0,239.4066105196949,239.4066105196949,15.487896336466827
single-blocker,24,333,known,192,0.0,127.5,377.0,269.8288042785258,269.8288042785258,16.027727657580474
single-blocker,24,333,known,224,0.0,148.75,439.0,297.76284969358386,297.76284969358386,16.484078599502364
single-blocker,24,333,known,256,0.0,170.0,502.0,324.2892701319292,324.2892701319292,16.890030882333964
single-blocker,24,333,known,288,0.0,191.25,561.0,347.32469677503406,347.32469677503406,17.217846672510245
single-blocker,24,333,known,320,0.0,212.5,624.0,370.8971842640054,370.8971842640054,17.53957955729438
single-blocker,24,333,known,352,0.0,233.75,686.0,392.76150279782775,392.76150279782775,17.820924576833267
single-blocker,24,333,known,384,0.0,255.0,746.0,412.8639854970293,412.8639854970293,18.067250360476184
single-blocker,24,333,known,416,0.0,276.25,809.0,433.47287727415204,433.47287727415204,18.31448733278914
single-blocker,24,333,known,448,0.0,297.5,872.0,453.2250275357041,453.2250275357041,18.541537586827516
single-blocker,24,333,known,480,0.0,318.75,933.0,471.58102343611506,471.58102343611506,18.744360798845186
single-blocker,24,333,known,512,0.0,340.0,994.0,489.3084281029373,489.3084281029373,18.93358884288282
single-blocker,24,333,product,32,3.5,23.25,64.0,63.936433623718294,63.936433623718294,8.05449039087304
single-blocker,24,333,product,64,7.0,46.5,127.0,114.1709900677377,114.1709900677377,9.440658791538517
single-blocker,24,333,product,96,10.5,69.75,190.0,152.46442217857063,152.46442217857063,10.251528348115732
single-blocker,24,333,product,128,14.0,93.0,252.0,184.15926133532363,184.15926133532363,10.818794145364768
single-blocker,24,333,product,160,17.5,116.25,315.0,212.49656881099446,212.49656881099446,11.26667273171425
single-blocker,24,333,product,192,21.0,139.5,377.0,237.67638608060284,237.67638608060284,11.626970962124402
single-blocker,24,333,product,224,24.5,162.75,439.0,260.82595649674823,260.82595649674823,11.932154221943629
single-blocker,24,333,product,256,28.0,186.0,502.0,282.7074380873177,282.7074380873177,12.200952016281958
single-blocker,24,333,product,288,31.5,209.25,561.0,301.95281648086956,301.95281648086956,12.423293869357156
single-blocker,24,333,product,320,35.0,232.5,624.0,321.4184194985894,321.4184194985894,12.636571074640887
single-blocker,24,333,product,352,38.5,255.75,686.0,339.62159270839663,339.62159270839663,12.826284618272926
single-blocker,24,333,product,384,42.0,279.0,746.0,356.45263357573015,356.45263357573015,12.994033594355432
single-blocker,24,333,product,416,45.5,302.25,809.0,373.41626013569675,373.41626013569675,13.156450993134134
single-blocker,24,333,product,448,49.0,325.5,872.0,389.72427183453027,389.72427183453027,13.306661821993929
single-blocker,24,333,product,480,52.5,348.75,933.0,404.94931043740985,404.94931043740985,13.44196337198248
single-blocker,24,333,product,512,56.0,372.0,994.0,419.6794623359736,419.6794623359736,13.568685485409208
outcome-lag-64,26,333,prefix,32,15.75,24.5,64.0,64.0,64.0,32.760831247472225
outcome-lag-64,26,333,prefix,64,31.5,49.0,128.0,128.0,128.0,70.19531303476843
outcome-lag-64,26,333,prefix,96,36.9140625,67.59375,191.85531027211456,190.3585638565947,190.3585638565947,102.93417443830039
outcome-lag-64,26,333,prefix,128,36.9140625,83.09375,246.7042245962519,246.68025604247944,244.84288003798594,130.94362815151607
outcome-lag-64,26,333,prefix,160,36.9140625,98.59375,293.5086559591788,297.4415720574725,291.6473114009128,154.03741002527033
outcome-lag-64,26,333,prefix,192,36.9140625,114.09375,334.19328469569535,343.9136759130717,332.3319401374294,170.85596632795875
outcome-lag-64,26,333,prefix,224,36.9140625,129.59375,368.8491465650594,385.1896702396781,366.98780200679346,183.7184310237971
outcome-lag-64,26,333,prefix,256,36.9140625,145.09375,399.662146801511,421.49483708925044,397.8008022432451,193.68818397854034
outcome-lag-64,26,333,prefix,288,36.9140625,160.59375,427.8314325385978,454.6671303211595,425.97008798033187,202.1921670127402
outcome-lag-64,26,333,prefix,320,36.9140625,176.09375,453.9210899711896,485.38033913385766,452.05974541292363,209.66951176291943
outcome-lag-64,26,333,prefix,352,36.9140625,191.59375,478.7144033603549,515.0075524414365,476.8530588020889,216.92155341428932
outcome-lag-64,26,333,prefix,384,36.9140625,207.09375,502.136239021696,543.653145802724,500.27489446343003,224.30444374856293
outcome-lag-64,26,333,prefix,416,36.9140625,222.59375,524.5711132096618,571.1245898548036,522.709768651396,231.34840163424695
outcome-lag-64,26,333,prefix,448,36.9140625,238.09375,545.821202073086,596.8864397670599,543.9598575148202,237.53838301191905
outcome-lag-64,26,333,prefix,480,36.9140625,253.59375,566.1994269425153,621.820451487304,564.3380823842494,243.60644131317858
outcome-lag-64,26,333,prefix,512,36.9140625,269.09375,585.7653527328201,645.879384607694,583.9040081745543,249.4352333398633
outcome-lag-64,26,333,intersection,32,15.75,24.5,64.0,64.0,64.0,32.760831247472225
outcome-lag-64,26,333,intersection,64,22.1484375,43.65625,128.0,128.0,128.0,71.21377296088409
outcome-lag-64,26,333,intersection,96,22.1484375,59.15625,191.85531027211456,190.3585638565947,190.3585638565947,102.9335228350425
outcome-lag-64,26,333,intersection,128,22.1484375,74.65625,246.79037973106097,246.84552033471232,244.92903517279498,129.49059526358417
outcome-lag-64,26,333,intersection,160,22.1484375,90.15625,294.17781916042384,298.31745476750075,292.3164746021579,150.42269974112003
outcome-lag-64,26,333,intersection,192,22.1484375,105.65625,333.43818276840454,344.85887440416514,331.5768382101386,166.43271156939144
outcome-lag-64,26,333,intersection,224,22.1484375,121.15625,367.4514017834467,385.6414893753501,365.5900572251808,178.98414138395736
outcome-lag-64,26,333,intersection,256,22.1484375,136.65625,398.0649685549813,421.7962662468011,396.20362399671535,188.8823618639732
outcome-lag-64,26,333,intersection,288,22.1484375,152.15625,426.1620259343671,454.90599818049594,424.3006813761011,197.3442087967606
outcome-lag-64,26,333,intersection,320,22.1484375,167.65625,452.32940971782716,485.7276944102074,450.4680651595612,204.8840588395707
outcome-lag-64,26,333,intersection,352,22.1484375,183.15625,476.9193324402982,515.1037629523477,475.05798788203225,212.044807543976
outcome-lag-64,26,333,intersection,384,22.1484375,198.65625,500.21563429448594,543.5688018446381,498.35428973622,219.3215938881983
outcome-lag-64,26,333,intersection,416,22.1484375,214.15625,522.4289351140333,570.7415562061052,520.5675905557674,226.20976483920867
outcome-lag-64,26,333,intersection,448,22.1484375,229.65625,543.5838355864563,596.3698511385345,541.7224910281905,232.32282285347728
outcome-lag-64,26,333,intersection,480,22.1484375,245.15625,563.86420579197,621.1584738917029,562.0028612337042,238.30802645293576
outcome-lag-64,26,333,intersection,512,22.1484375,260.65625,583.3672964782768,645.1140915089404,581.505951920011,244.0688944139423
outcome-lag-64,26,333,completed,32,8.3671875,20.28125,64.0,64.0,64.0,34.78730649053668
outcome-lag-64,26,333,completed,64,16.1875,29.0,114.0,114.0,114.0,64.4236848266578
outcome-lag-64,26,333,completed,96,24.56640625,37.234375,162.85531027211456,161.3585638565947,161.3585638565947,85.84064723532033
outcome-lag-64,26,333,completed,128,24.56640625,52.734375,218.9596542633505,218.3398118663432,217.09830970508452,108.14622030641692
outcome-lag-64,26,333,completed,160,24.56640625,68.234375,268.70660672700916,271.87054086205694,266.84526216874315,130.0006506760818
outcome-lag-64,26,333,completed,192,24.56640625,83.734375,311.05061968668764,321.27603337217835,309.1892751284216,147.3248189450542
outcome-lag-64,26,333,completed,224,24.56640625,99.234375,347.2634585463136,364.38698459545253,345.4021139880476,160.90772438487932
outcome-lag-64,26,333,completed,256,24.56640625,114.734375,379.66410177252817,402.46229290450236,377.80275721426216,171.6462374849603
outcome-lag-64,26,333,completed,288,24.56640625,130.234375,409.15381544157765,437.1133556389427,407.29247088331164,180.7320076154414
outcome-lag-64,26,333,completed,320,24.56640625,145.734375,436.5668343072167,469.40061803882315,434.7054897489507,188.9141029883895
outcome-lag-64,26,333,completed,352,24.56640625,161.234375,461.8624904103883,499.643824507867,460.0011458521223,196.4525764993156
outcome-lag-64,26,333,completed,384,24.56640625,176.734375,485.79926757772296,528.893852158377,483.93792301945695,204.02832693666522
outcome-lag-64,26,333,completed,416,24.56640625,192.234375,508.43527059599853,556.5904072738102,506.5739260377325,211.1036170185839
outcome-lag-64,26,333,completed,448,24.56640625,207.734375,530.050809117163,582.7997947867791,528.1894645588968,217.42512589596788
outcome-lag-64,26,333,completed,480,24.56640625,223.234375,550.7164458034525,608.0758924184657,548.8551012451863,223.58064157570092
outcome-lag-64,26,333,completed,512,24.56640625,238.734375,570.5847794090965,632.4902063748254,568.7234348508304,229.49175101661686
outcome-lag-64,26,333,plugin,32,4.251953125,8.4140625,51.0,51.0,51.0,29.935578535828856
outcome-lag-64,26,333,plugin,64,7.6015625,14.34375,98.0,98.0,98.0,58.408710633019716
outcome-lag-64,26,333,plugin,96,10.376953125,21.9140625,147.85531027211456,146.3585638565947,146.3585638565947,80.60315128437948
outcome-lag-64,26,333,plugin,128,13.439453125,28.6640625,196.18732154458607,195.3398118663432,194.3259769863201,100.27807125109801
outcome-lag-64,26,333,plugin,160,15.353515625,38.6953125,237.06273847679333,241.8227281044024,235.20139391852737,117.38506901588865
outcome-lag-64,26,333,plugin,192,18.416015625,45.4453125,264.7277358326528,275.7478934291753,262.86639127438684,129.66900607664368
outcome-lag-64,26,333,plugin,224,20.04296875,56.296875,293.7333620760048,309.8880276288175,291.87201751773887,139.77307704245658
outcome-lag-64,26,333,plugin,256,23.10546875,63.046875,314.7743956778372,334.7898437059598,312.91305111957126,146.5285532488046
outcome-lag-64,26,333,plugin,288,23.87109375,76.359375,345.7182822573752,369.21516068855715,343.85693769910927,154.485308714489
outcome-lag-64,26,333,plugin,320,26.93359375,83.109375,362.4364140593503,388.558931940669,360.57506950108433,158.82619572545426
outcome-lag-64,26,333,plugin,352,27.603515625,96.6953125,390.13549794306385,419.675161495062,388.2741533847979,166.30447661102468
outcome-lag-64,26,333,plugin,384,27.603515625,112.1953125,421.1606363751834,454.6773493731028,419.29929181691745,175.79638680668168
outcome-lag-64,26,333,plugin,416,27.603515625,127.6953125,448.46893059425986,486.63791363159686,446.6075860359939,184.86341876659176
outcome-lag-64,26,333,plugin,448,27.603515625,143.1953125,475.0249397732781,518.3008723992143,473.16359521501215,193.49953304376237
outcome-lag-64,26,333,plugin,480,27.603515625,158.6953125,499.13793845140725,547.5376695003755,497.2765938931413,201.22481609245946
outcome-lag-64,26,333,plugin,512,27.603515625,174.1953125,521.9844160171039,575.4526112068614,520.1230714588379,208.39631428289883
outcome-lag-64,26,333,safe,32,17.875,0.0,32.0,32.0,32.0,13.824839275089587
outcome-lag-64,26,333,safe,64,35.75,0.0,64.0,64.0,64.0,28.907612886798237
outcome-lag-64,26,333,safe,96,53.625,0.0,95.85531027211454,94.35856385659471,94.35856385659471,41.054096810630064
outcome-lag-64,26,333,safe,128,71.5,0.0,120.28160724779262,119.33981186634315,118.42026268952658,50.074074602486604
outcome-lag-64,26,333,safe,160,89.375,0.0,139.14381629836598,141.08502360859796,137.28247174009994,57.764286177222026
outcome-lag-64,26,333,safe,192,107.25,0.0,155.0419337703357,160.5071724039127,153.18058921206966,64.48382276768992
outcome-lag-64,26,333,safe,224,125.125,0.0,169.05755393207076,177.65058645336538,167.19620937380472,69.9485624590095
outcome-lag-64,26,333,safe,256,143.0,0.0,181.71739089181713,192.77300685775145,179.8560463335511,74.20249526170943
outcome-lag-64,26,333,safe,288,160.875,0.0,193.37115078748928,206.5973790394776,191.50980622922324,77.82022028111058
outcome-lag-64,26,333,safe,320,178.75,0.0,204.21976677329533,219.03553951753713,202.3584222150293,80.60563298455108
outcome-lag-64,26,333,safe,352,196.625,0.0,214.39453530947387,230.88264396039642,212.53319075120783,83.2724429936322
outcome-lag-64,26,333,safe,384,214.5,0.0,224.01680703789495,242.56635961608714,222.1554624796289,86.18506751927433
outcome-lag-64,26,333,safe,416,232.375,0.0,233.18775077561705,253.67185486588633,231.326406217351,88.8783921365374
outcome-lag-64,26,333,safe,448,250.25,0.0,241.94759576226818,264.14208338894366,240.08625120400214,91.25461269978702
outcome-lag-64,26,333,safe,480,268.125,0.0,250.35385875082383,274.29927241626393,248.4925141925578,93.60237404468984
outcome-lag-64,26,333,safe,512,286.0,0.0,258.4353658808204,284.23096668142733,256.5740213225544,95.98116086353143
outcome-lag-64,26,333,known,32,0.0,15.5,64.0,64.0,64.0,41.30836367552574
outcome-lag-64,26,333,known,64,0.0,31.0,128.0,128.0,128.0,84.16219391288702
outcome-lag-64,26,333,known,96,0.0,46.5,191.85531027211456,190.3585638565947,190.3585638565947,116.20897216646159
outcome-lag-64,26,333,known,128,0.0,62.0,247.96572752423685,247.3398118663432,246.10438296597087,138.97956441434684
outcome-lag-64,26,333,known,160,0.0,77.5,293.3375813126571,299.871063645545,291.4762367543911,158.04692067235527
outcome-lag-64,26,333,known,192,0.0,93.0,331.88009021806084,346.1786308770257,330.01874565979483,173.5226699613861
outcome-lag-64,26,333,known,224,0.0,108.5,365.8331164156193,386.95725812032634,363.9717718573533,185.99375332046452
outcome-lag-64,26,333,known,256,0.0,124.0,396.6919637262915,423.38439866444236,394.83061916802546,196.03202080839662
outcome-lag-64,26,333,known,288,0.0,139.5,425.03896964986313,456.75337820417604,423.1776250915971,204.5953581246799
outcome-lag-64,26,333,known,320,0.0,155.0,451.5967363288268,488.03413435943025,449.7353917705608,212.3737104451538
outcome-lag-64,26,333,known,352,0.0,170.5,476.0352489359095,517.2084044132034,474.1739043776435,219.48616323883303
outcome-lag-64,26,333,known,384,0.0,186.0,499.2665903966104,545.5446168287602,497.40524583834446,226.66921774957223
outcome-lag-64,26,333,known,416,0.0,201.5,521.2232749945862,572.3557793611851,519.3619304363203,233.3633106405176
outcome-lag-64,26,333,known,448,0.0,217.0,542.3076026960522,597.8706621889497,540.4462581377863,239.398537592628
outcome-lag-64,26,333,known,480,0.0,232.5,562.495890850832,622.5074388598156,560.6345462925661,245.28746118436823
outcome-lag-64,26,333,known,512,0.0,248.0,581.9528565688622,646.3662664870008,580.0915120105964,250.96895372001134
outcome-lag-64,26,333,product,32,15.75,24.5,64.0,64.0,64.0,32.760831247472225
outcome-lag-64,26,333,product,64,31.5,49.0,128.0,128.0,128.0,70.19531303476843
outcome-lag-64,26,333,product,96,47.25,73.5,191.807195223014,190.3585638565947,190.31044880749414,100.7177333708846
outcome-lag-64,26,333,product,128,63.0,98.0,242.0722363097801,245.32138313156918,240.21089175151403,123.05699682209593
outcome-lag-64,26,333,product,160,78.75,122.5,280.99415331809956,293.08723821539246,279.1328087598335,141.9786410590045
outcome-lag-64,26,333,product,192,94.5,147.0,314.32818041331694,335.67819428542055,312.4668358550509,158.0261564848996
outcome-lag-64,26,333,product,224,110.25,171.5,343.35874856264786,372.81656452152805,341.4974040043818,171.0263285322194
outcome-lag-64,26,333,product,256,126.0,196.0,369.1009525397955,405.2258882363908,367.23960798152945,181.41504363416178
outcome-lag-64,26,333,product,288,141.75,220.5,394.6230030492914,436.4626244892461,392.76165849102534,190.0282470909157
outcome-lag-64,26,333,product,320,157.5,245.0,417.9378486200804,464.9456713240385,416.0765040618143,197.88159372856856
outcome-lag-64,26,333,product,352,173.25,269.5,439.92286693923637,491.9403143979478,438.0615223809703,205.25082287610743
outcome-lag-64,26,333,product,384,189.0,294.0,460.83072453644075,517.9616666764405,458.9693799781747,212.35279519911032
outcome-lag-64,26,333,product,416,204.75,318.5,480.85110501938544,542.8045338729308,478.9897604611194,218.90216052964098
outcome-lag-64,26,333,product,448,220.5,343.0,499.34405900900987,566.0169404686867,497.4827144507438,225.08720103803222
outcome-lag-64,26,333,product,480,236.25,367.5,519.3173894471204,590.2718878280197,517.4560448888543,230.85087174266934
outcome-lag-64,26,333,product,512,252.0,392.0,536.4589541998645,611.719287748626,534.5976096415984,236.315612120689
single-blocker,26,333,prefix,32,15.75,24.5,64.0,63.96821681185914,63.96821681185914,8.988898993023579
single-blocker,26,333,prefix,64,31.5,49.0,128.0,116.10382972641385,116.10382972641385,11.224802983324176
single-blocker,26,333,prefix,96,47.25,73.5,192.0,156.6557545253913,156.6557545253913,12.646570017570003
single-blocker,26,333,prefix,128,63.0,98.0,256.0,190.21993209379542,190.21993209379542,13.378726689466378
single-blocker,26,333,prefix,160,78.75,122.5,320.0,219.7687152076845,219.7687152076845,13.958298956440764
single-blocker,26,333,prefix,192,94.5,147.0,384.0,247.09898859172455,247.09898859172455,14.534020585236691
single-blocker,26,333,prefix,224,110.25,171.5,448.0,271.73202213899646,271.73202213899646,14.93794685281189
single-blocker,26,333,prefix,256,126.0,196.0,512.0,294.0273332669554,294.0273332669554,15.212649367850506
single-blocker,26,333,prefix,288,141.75,220.5,576.0,316.9528164808693,316.9528164808693,15.674856195919482
single-blocker,26,333,prefix,320,157.5,245.0,640.0,338.1133268865929,338.1133268865929,16.013999737836876
single-blocker,26,333,prefix,352,173.25,269.5,704.0,358.33071246793907,358.33071246793907,16.318389693466234
single-blocker,26,333,prefix,384,189.0,294.0,768.0,377.7315015702955,377.7315015702955,16.594535682438334
single-blocker,26,333,prefix,416,204.75,318.5,832.0,396.4162601356964,396.4162601356964,16.847264243351397
single-blocker,26,333,prefix,448,220.5,343.0,896.0,413.7242718345299,413.7242718345299,17.040953333080758
single-blocker,26,333,prefix,480,236.25,367.5,960.0,432.70000517120116,432.70000517120116,17.33120773585402
single-blocker,26,333,prefix,512,252.0,392.0,1024.0,448.9208167625347,448.9208167625347,17.497931213172237
single-blocker,26,333,intersection,32,7.875,20.0,64.0,63.96821681185914,63.96821681185914,10.553953106548459
single-blocker,26,333,intersection,64,7.875,35.5,128.0,120.9381135942649,120.9381135942649,12.745810305280946
single-blocker,26,333,intersection,96,7.875,51.0,192.0,168.29175461582054,168.29175461582054,14.005158282957288
single-blocker,26,333,intersection,128,7.875,66.5,256.0,207.79503833067974,207.79503833067974,14.877890746250479
single-blocker,26,333,intersection,160,7.875,82.0,320.0,242.20789027614524,242.20789027614524,15.542321519259048
single-blocker,26,333,intersection,192,7.875,97.5,384.0,273.47079573483575,273.47079573483575,16.093772711485258
single-blocker,26,333,intersection,224,7.875,113.0,448.0,302.16277564810105,302.16277564810105,16.559334902196568
single-blocker,26,333,intersection,256,7.875,128.5,512.0,328.87149997284075,328.87149997284075,16.963636883330707
single-blocker,26,333,intersection,288,7.875,144.0,576.0,353.9511222381693,353.9511222381693,17.32067651013513
single-blocker,26,333,intersection,320,7.875,159.5,640.0,377.6751678935914,377.6751678935914,17.640567876779663
single-blocker,26,333,intersection,352,7.875,175.0,704.0,400.05974182116677,400.05974182116677,17.925201590170325
single-blocker,26,333,intersection,384,7.875,190.5,768.0,421.47353894460247,421.47353894460247,18.18614577955042
single-blocker,26,333,intersection,416,7.875,206.0,832.0,441.87627559376523,441.87627559376523,18.42297478697588
single-blocker,26,333,intersection,448,7.875,221.5,896.0,461.5814465368103,461.5814465368103,18.644411786647268
single-blocker,26,333,intersection,480,7.875,237.0,960.0,480.54706782805187,480.54706782805187,18.849644248792742
single-blocker,26,333,intersection,512,7.875,252.5,1024.0,498.917371900959,498.917371900959,19.04247426480153
single-blocker,26,333,completed,32,6.890625,19.4375,64.0,63.96821681185914,63.96821681185914,10.553953106548459
single-blocker,26,333,completed,64,6.890625,34.9375,128.0,120.9381135942649,120.9381135942649,12.745810305280946
single-blocker,26,333,completed,96,6.890625,50.4375,192.0,168.29175461582054,168.29175461582054,14.005158282957288
single-blocker,26,333,completed,128,6.890625,65.9375,256.0,207.79503833067974,207.79503833067974,14.877890746250479
single-blocker,26,333,completed,160,6.890625,81.4375,320.0,242.20789027614524,242.20789027614524,15.542321519259048
single-blocker,26,333,completed,192,6.890625,96.9375,384.0,273.47079573483575,273.47079573483575,16.093772711485258
single-blocker,26,333,completed,224,6.890625,112.4375,448.0,302.16277564810105,302.16277564810105,16.559334902196568
single-blocker,26,333,completed,256,6.890625,127.9375,512.0,328.87149997284075,328.87149997284075,16.963636883330707
single-blocker,26,333,completed,288,6.890625,143.4375,576.0,353.9511222381693,353.9511222381693,17.32067651013513
single-blocker,26,333,completed,320,6.890625,158.9375,640.0,377.6751678935914,377.6751678935914,17.640567876779663
single-blocker,26,333,completed,352,6.890625,174.4375,704.0,400.05974182116677,400.05974182116677,17.925201590170325
single-blocker,26,333,completed,384,6.890625,189.9375,768.0,421.47353894460247,421.47353894460247,18.18614577955042
single-blocker,26,333,completed,416,6.890625,205.4375,832.0,441.87627559376523,441.87627559376523,18.42297478697588
single-blocker,26,333,completed,448,6.890625,220.9375,896.0,461.5814465368103,461.5814465368103,18.644411786647268
single-blocker,26,333,completed,480,6.890625,236.4375,960.0,480.54706782805187,480.54706782805187,18.849644248792742
single-blocker,26,333,completed,512,6.890625,251.9375,1024.0,498.917371900959,498.917371900959,19.04247426480153
single-blocker,26,333,plugin,32,4.251953125,8.4140625,51.0,50.96821681185914,50.96821681185914,8.845474188665515
single-blocker,26,333,plugin,64,7.314453125,15.1640625,98.0,91.41680044284459,91.41680044284459,10.223253034626168
single-blocker,26,333,plugin,96,10.376953125,21.9140625,148.0,126.3844362965463,126.3844362965463,11.095143655952901
single-blocker,26,333,plugin,128,13.439453125,28.6640625,204.0,159.3269306300275,159.3269306300275,11.786144746158394
single-blocker,26,333,plugin,160,16.501953125,35.4140625,257.0,185.99360730803284,185.99360730803284,12.264443092166712
single-blocker,26,333,plugin,192,19.564453125,42.1640625,306.0,207.89635341435238,207.89635341435238,12.61433920795142
single-blocker,26,333,plugin,224,22.626953125,48.9140625,355.0,228.06449036579411,228.06449036579411,12.911962505671344
single-blocker,26,333,plugin,256,25.689453125,55.6640625,403.0,246.40885351266033,246.40885351266033,13.163991436316268
single-blocker,26,333,plugin,288,28.751953125,62.4140625,450.0,263.24746259533663,263.24746259533663,13.381410945997308
single-blocker,26,333,plugin,320,31.814453125,69.1640625,495.0,278.4021603104041,278.4021603104041,13.565773695036425
single-blocker,26,333,plugin,352,34.876953125,75.9140625,547.0,295.58984752799574,295.58984752799574,13.77153032309847
single-blocker,26,333,plugin,384,37.939453125,82.6640625,597.0,311.21755703071483,311.21755703071483,13.948495922613581
single-blocker,26,333,plugin,416,41.001953125,89.4140625,651.0,327.5951596475248,327.5951596475248,14.128494836447357
single-blocker,26,333,plugin,448,44.064453125,96.1640625,702.0,342.2729469839199,342.2729469839199,14.281567660115607
single-blocker,26,333,plugin,480,47.126953125,102.9140625,754.0,356.7390710008893,356.7390710008893,14.427448073082067
single-blocker,26,333,plugin,512,50.189453125,109.6640625,805.0,370.3902334345119,370.3902334345119,14.559934868618075
single-blocker,26,333,safe,32,17.875,0.0,32.0,31.968216811859147,31.968216811859147,4.02724519543652
single-blocker,26,333,safe,64,35.75,0.0,64.0,57.42435623340214,57.42435623340214,4.7282659037057675
single-blocker,26,333,safe,96,53.625,0.0,96.0,76.78319682780861,76.78319682780861,5.136346480888775
single-blocker,26,333,safe,128,71.5,0.0,128.0,93.03345515740088,93.03345515740088,5.425334592589174
single-blocker,26,333,safe,160,89.375,0.0,160.0,107.31238195727079,107.31238195727079,5.649261224939744
single-blocker,26,333,safe,192,107.25,0.0,192.0,120.1978375468853,120.1978375468853,5.832104609707439
single-blocker,26,333,safe,224,125.125,0.0,224.0,132.0310352083931,132.0310352083931,5.986627913082163
single-blocker,26,333,safe,256,143.0,0.0,256.0,143.03333360981438,143.03333360981438,6.120438712817281
single-blocker,26,333,safe,288,160.875,0.0,288.0,153.35798108855585,153.35798108855585,6.238439029233648
single-blocker,26,333,safe,320,178.75,0.0,320.0,163.1162631808352,163.1162631808352,6.343973346894013
single-blocker,26,333,safe,352,196.625,0.0,352.0,172.39200998111025,172.39200998111025,6.43942571339101
single-blocker,26,333,safe,384,214.5,0.0,384.0,181.25023096678382,181.25023096678382,6.5265555690159704
single-blocker,26,333,safe,416,232.375,0.0,416.0,189.74254455085054,189.74254455085054,6.6066985205464555
single-blocker,26,333,safe,448,250.25,0.0,448.0,197.91074640079475,197.91074640079475,6.680892410683006
single-blocker,26,333,safe,480,268.125,0.0,480.0,205.78924141297622,205.78924141297622,6.7499597404471405
single-blocker,26,333,safe,512,286.0,0.0,512.0,213.40675252840046,213.40675252840046,6.81456340954972
single-blocker,26,333,known,32,0.0,15.5,64.0,63.96821681185914,63.96821681185914,10.646931473211032
single-blocker,26,333,known,64,0.0,31.0,128.0,121.34492236728798,121.34492236728798,12.781748230062679
single-blocker,26,333,known,96,0.0,46.5,192.0,168.3512293240132,168.3512293240132,14.008277712547297
single-blocker,26,333,known,128,0.0,62.0,256.0,207.21764942871434,207.21764942871434,14.851400840506335
single-blocker,26,333,known,160,0.0,77.5,320.0,241.5199350184815,241.5199350184815,15.513873609534286
single-blocker,26,333,known,192,0.0,93.0,384.0,272.91047719088334,272.91047719088334,16.072597839486406
single-blocker,26,333,known,224,0.0,108.5,448.0,301.68813204650183,301.68813204650183,16.542708810882782
single-blocker,26,333,known,256,0.0,124.0,512.0,328.485272413441,328.485272413441,16.9509761216379
single-blocker,26,333,known,288,0.0,139.5,576.0,353.65134934626803,353.65134934626803,17.311410831014523
single-blocker,26,333,known,320,0.0,155.0,640.0,377.477104065047,377.477104065047,17.634761715013134
single-blocker,26,333,known,352,0.0,170.5,704.0,399.8227224165495,399.8227224165495,17.918562806421626
single-blocker,26,333,known,384,0.0,186.0,768.0,421.2371150269562,421.2371150269562,18.179797512010747
single-blocker,26,333,known,416,0.0,201.5,832.0,441.58995676663284,441.58995676663284,18.415569610207925
single-blocker,26,333,known,448,0.0,217.0,896.0,461.29121193927404,461.29121193927404,18.63716890719514
single-blocker,26,333,known,480,0.0,232.5,960.0,480.2442277461953,480.2442277461953,18.842331634990924
single-blocker,26,333,known,512,0.0,248.0,1024.0,498.6146195355651,498.6146195355651,19.03538833281858
single-blocker,26,333,product,32,15.75,24.5,64.0,63.96821681185914,63.96821681185914,8.988898993023579
single-blocker,26,333,product,64,31.5,49.0,128.0,116.10382972641385,116.10382972641385,11.224802983324176
single-blocker,26,333,product,96,47.25,73.5,192.0,156.6557545253913,156.6557545253913,12.646570017570003
single-blocker,26,333,product,128,63.0,98.0,256.0,190.21993209379542,190.21993209379542,13.378726689466378
single-blocker,26,333,product,160,78.75,122.5,320.0,219.7687152076845,219.7687152076845,13.958298956440764
single-blocker,26,333,product,192,94.5,147.0,384.0,247.09898859172455,247.09898859172455,14.534020585236691
single-blocker,26,333,product,224,110.25,171.5,448.0,271.73202213899646,271.73202213899646,14.93794685281189
single-blocker,26,333,product,256,126.0,196.0,512.0,294.0273332669554,294.0273332669554,15.212649367850506
single-blocker,26,333,product,288,141.75,220.5,576.0,316.9528164808693,316.9528164808693,15.674856195919482
single-blocker,26,333,product,320,157.5,245.0,640.0,338.1133268865929,338.1133268865929,16.013999737836876
single-blocker,26,333,product,352,173.25,269.5,704.0,358.33071246793907,358.33071246793907,16.318389693466234
single-blocker,26,333,product,384,189.0,294.0,768.0,377.7315015702955,377.7315015702955,16.594535682438334
single-blocker,26,333,product,416,204.75,318.5,832.0,396.4162601356964,396.4162601356964,16.847264243351397
single-blocker,26,333,product,448,220.5,343.0,896.0,413.7242718345299,413.7242718345299,17.040953333080758
single-blocker,26,333,product,480,236.25,367.5,960.0,432.70000517120116,432.70000517120116,17.33120773585402
single-blocker,26,333,product,512,252.0,392.0,1024.0,448.9208167625347,448.9208167625347,17.497931213172237
